0,1,2,3,4,5,6,7,8,9,10,11,12,13,14,15,16,17,18,19,20,21,22,23,24,25,26,27,28,29,30,31,32,33,34,35,36,37,38,39,40,41,42,43,44,45,46,47,48,49,50,51,52,53,54,55,56,57,58,59,60,61,62,63,64,65,66,67,68,69,70,71,72,73,74,75,76,77,78,79,80,81,82,83,84,85,86,87,88,89,90,91,92,93,94,95,96,97,98,99,100,101,102,103,104,105,106,107,108,109,110,111,112,113,114,115
1.000760108575829,0.7095288079513921,0.8295858999929365,0.8199432794838193,0.3600824883409505,0.07006815474381906,0.1500260132919115,0.039943234424898694,0.11002914858652245,0.04004993364596624,0.35003929040541454,0.0699493304505977,0.04992638051402826,0.1201475919623336,0.0703766394179588,0.11965057168069773,0.019951885849125384,0.0802329902811253,0.09015139388136344,0.05983685818033278,0.02009725316515952,6.763596913901557e-05,0.010028356942974014,0.010155110252635682,5.001329744146591e-05,0.01998711118439,0.00973752759788176,0.1395181035649623,0.05956723288039994,0.050013545604694995,0.020061748660469607,0.15019825105386383,0.16971896985088059,0.27997758286168256,0.2201289916681029,0.5300090654980788,0.05996570859352071,0.029927202572940414,0.01913011750661452,0.5497697391943215,0.30019790583096684,0.06996775123476698,0.4499105570981212,0.030044160485588695,0.060070580250737436,0.23001471663319914,0.08994237764514852,0.040392703557344915,0.039813196394098124,0.31986833088315786,0.09013814668275194,0.050181276479041935,0.08002634008115415,0.03948138430608769,0.0598648582356222,0.009897326711411802,0.020208329303736245,0.020038286463252203,0.009906160743581097,0.030216391751613905,-0.029848408832387957,4.7705497044947754e-05,0.00992583169711595,-0.010130501429601946,-0.03015864499164326,0.019987382292439976,0.0593202751567588,0.029932873696434017,0.030607354151069476,0.019636599000990188,0.03013636415851264,0.06999532689171159,0.16005904472805582,0.10985324642499658,0.37014726951248655,0.11982222420216015,0.049960090696673926,0.020022175785094867,0.10955762599608723,0.08027912884143543,0.2006721428914665,0.12984311614329952,0.170035931049664,0.08977994915514032,0.0006766175738266604,0.019991138452776003,0.02013294653455547,0.019867466421998523,0.020014747060750803,0.060223826622914825,0.030565398681461197,0.031132830229048194,0.029449141566066935,0.03944599819388065,0.14885271367287053,0.10931813257107674,0.12128312299901485,0.08025339970835908,0.059661720249007504,0.050045227710741234,0.040109416199939095,0.03935479260149673,0.07014408111825633,0.05002421483018568,0.06996531113187625,0.050336525782332164,0.11000316121025577,0.07061541841595936,0.11008896334289749,0.13061982604125832,0.06970554165267341,0.040524184327824925,0.029705518684183266,0.04006577906975015,0.05988852569681369,0.07984677899343186
0.7095288079513921,1.0003549001915026,0.5602272514431526,0.42007169641557557,0.2899592849849036,0.14994623049917147,0.18995634375990614,0.11008324730801394,0.04000203121722064,0.0799561008462021,0.33004798406704094,0.039972652213765,0.020121889301923063,0.1498546729222535,0.029793422305395254,0.17027254069648262,0.040046043037384946,0.15984116381558042,0.13991169619517504,0.11010010598272553,0.03992766414123043,0.01994668402904787,0.019982214870070427,0.049884392936820315,0.10000579157426435,0.08998421878288987,0.13017186036309603,0.4103060552429261,0.020198136809613274,0.020022222852751934,0.11993542016491794,0.4398508933453646,0.42026282390723924,0.3900055803756721,0.5898980111106954,0.6099003933841181,0.03000214031409294,0.1900438850066411,0.0705583683296801,0.2101187291330451,0.11989575530463159,0.010030976457604096,0.3200330860913674,0.04996346683366859,0.019962068925158755,0.23994823887566366,0.19003331448700253,0.10974058126861963,0.09012337213142806,0.2900591491213225,0.05993768112042221,0.019827253433834846,0.1400258688896902,0.09034644347225275,0.10006054456323869,0.03006245638305093,0.049848584780323696,0.059941617893448935,0.020084259856345446,0.13986278892790624,-0.00010247870131493426,0.019980967338699078,0.010041324296618605,0.06002935295047281,0.030122197888108975,0.08004588976544144,0.06047498762297117,0.08009294143602572,0.05955773838510735,0.05024238148929154,0.03990101063203762,0.0299892047157283,0.03995133589444272,0.060237494494775945,0.489967502784257,0.09016906427731912,0.2500117435075219,0.07006825242180964,0.4404477957981163,0.03973941914920079,0.5793709696718522,0.03008880870872548,0.35997181034648507,0.3201809308565912,0.07948292526481271,0.09980914919797897,0.1999451945785424,0.08021795273605833,0.010017211423460529,0.23983702384561947,0.029685183898999483,0.019294973480315756,0.03034567105216336,0.020434210512654465,0.4506430974112988,0.12013407908271762,0.4492284771436119,0.1000150334871252,0.19019266513260488,0.05981517420876998,0.06989965455763149,0.020350019434169038,0.1798878398489689,0.04003346786369745,0.18011417552529493,0.07982940777866733,0.26002268073502616,0.06962191034120979,0.2298484800774462,0.2998172210611133,0.26010306096527636,0.1497011746752451,0.10022611423130758,0.08988229362311115,0.12005351314359268,0.1601060161101119
0.8295858999929365,0.5602272514431524,1.0002823998398933,0.7299637473011933,0.5899289403095891,0.08996454404796109,0.210016524401067,0.08001397880813778,0.11998611248485318,0.03995255989952349,0.40988925096612167,0.0699783354709489,0.05014486454711515,0.1298997350774548,0.06971710599473614,0.11023513924702812,0.010037406912401492,0.05982523511643709,0.08992773753670562,0.040104893776867656,0.009918622983534272,0.009992181777750266,0.019972241790331868,0.019971748697379825,-1.0308579807526184e-05,-0.010006864627591549,0.020009018621743445,0.12023260284436542,0.050218624816756846,0.05006719461201326,0.03992148078806655,0.18996813234899448,0.250103383205912,0.3100634951063699,0.21974275268468205,0.48005832031766754,0.04997658535481166,0.01010175111417162,0.0305813220331939,0.32016800894714725,0.13987666375752247,0.14003415447204254,0.16006161381446177,0.09998010370390766,0.06993517566629175,0.13999681793418856,1.1376893716732045e-05,-0.00011626647932829909,0.010049557523876736,0.3001231974813632,0.08997331637939494,0.049859610496177355,0.02995168727578136,0.010167211117786975,0.02011789179627403,-0.009938036245649822,0.009878360915385078,0.009998096320738847,0.010038366285459826,-0.010141685639514371,-0.030118301889542242,-3.415613861728244e-05,0.020057378158529926,-0.009858200640416542,-0.03988601182013448,0.019982174204429035,0.030373818935639986,0.009996959635745402,0.009747087106655731,0.00020308678987045965,0.0199275387342143,0.04004740029377303,0.06997806236353359,0.04010696703422906,0.23991585351774652,0.09005760011539905,-0.01000270994987446,0.009922381506806651,0.1503254840614504,0.02983925058636444,0.249675614876437,0.06002390949478097,0.17999407300099196,0.020022503078524483,0.01955980429589116,0.01026707682586838,0.04986808143553932,0.01991439378927201,0.010065263977617015,0.02992315210845931,0.029605868328559885,0.03919533837690935,0.030384870765718434,0.04039305770708511,0.07059280003631649,0.040431935298008356,0.07940824973267022,0.039912948447219834,0.050206765034237315,0.040012675471995225,0.0298862605463238,0.04052955514431286,0.039924556073323035,0.04974604427520592,0.019947833905508406,0.02999280639671939,0.07009615148052573,0.039589315336645205,0.029959487914279336,0.03955381829331987,0.03038431774310732,0.02951522736849236,0.020254236635610795,0.019921790257372562,0.020012714199754218,0.020107613301078714
0.8199432794838192,0.4200716964155755,0.7299637473011933,1.0000936784554049,0.20002462068951907,0.10999645816248692,0.08997500037187003,0.010010547376244109,0.06999260181488517,0.04002361330312983,0.3801149111056407,0.04003187062032677,0.029927596217902572,0.05999704431049001,0.030076323862341953,0.05000174004749797,0.019997647052079754,0.040015414567724526,0.029978178022649203,0.030004603379119095,0.020012268659597158,-3.8928681516308906e-05,0.010005756276800512,0.01992833208016935,-1.9421600732074632e-05,9.728992502293712e-06,0.010178861756469267,0.05006564200016987,0.030032963097029793,0.01991318396416047,0.020048596466919942,0.059911625637147296,0.13008490474705978,0.22994199896318895,0.1002018480280447,0.4898874319787803,0.04003761224360723,0.02994631015260445,0.019981153749725363,0.5499595953769323,0.24001886707273246,0.15998010019732856,0.5099819695665703,0.07999477474684209,0.12002663243519147,0.21998120338683833,0.05003416389732484,0.01983462551785506,0.02008859208483843,0.3799375610901246,0.06994758954351311,0.040008821310444385,0.04004452710802288,0.020215754832030846,0.029942205708219514,0.01000598702096905,0.020008650326664868,-3.8266878549915864e-05,0.02001273550961238,0.019990253194920374,-0.00998091518364519,1.655128384071867e-05,0.009984696116836674,-6.834220500400783e-05,-0.020004780580078946,0.02001275980444025,0.030057941354727363,0.010063186914618282,0.019822393020539467,0.020037885331433962,0.00998982668020393,0.0799499578559277,0.139988309644816,0.06998319015224473,0.36003525704602335,0.08007768656950129,0.0200459701681168,0.03005892611519589,0.05991296681618621,0.05998562528063788,0.11989715144056146,0.12006736536955108,0.05999432328106841,0.050123310292738706,0.009927498694002746,0.02965566288693629,0.02010163878338863,0.03024956910020805,0.029938763781603907,0.029919142511165,0.04004996085614128,0.04013338760731732,0.039933884759935666,0.04986930339987805,0.040088303491294414,0.04999175534871642,0.0397987035139586,0.03984348134610937,0.040005418880604354,0.050052730105793655,0.02007348062574155,0.03986347231855959,0.02995804850567484,0.04028772134658221,0.030121932397648998,0.0297402061538329,0.03988974641435108,0.04004468859469867,0.030006567489437197,0.05009631623910753,0.03976973853690072,0.030153211605655955,0.02993956401075616,0.03004355886109152,0.030068635371483503,0.02995581326641391
0.3600824883409505,0.2899592849849036,0.5899289403095891,0.20002462068951907,1.0000265444306111,0.07001079003546073,0.35998244459619294,0.31000068244698137,0.14000275328756573,0.06002330355541777,0.23004948030644637,0.1300256972070886,0.07993511787951059,0.1900387375764057,0.09007726668280461,0.14991304773418662,0.009986893309229925,0.07006548099719721,0.12001340836813992,0.039968407747852444,3.04036319732467e-05,0.01998951491967275,0.030009088828365987,0.009984832000396612,0.009987284464281584,1.105250171357339e-05,0.020057578650011905,0.1199580348141774,0.05997654040063617,0.06995196727141263,0.04003587385200919,0.19996426454181046,0.15000896969475674,0.1399550680787885,0.16016373064723635,0.20997088201300806,0.10000748887900414,-4.4849729646765415e-05,0.049824389891036054,0.12996265678595298,0.09001976443836357,0.20997515282950746,0.03998455839941808,0.2000077578043572,0.09003125892559535,0.05000328555979876,0.030003994811432434,0.01998813294126542,0.02000111368169466,0.07995467881187587,0.11997711383285295,0.07004102154644988,0.01001677280331322,3.6841118734204153e-06,0.009950543764365206,-1.6925966461456103e-05,0.010041364485446855,0.01000724907274598,0.009987717081522723,5.0648835206879243e-05,4.713355681358174e-05,0.010006931276103623,0.019980670619643863,0.009953077316093871,-0.010044241671549535,0.030006619525190254,0.019871934413956252,3.133761619436987e-06,-0.009973962488705447,-0.010041457478738637,0.010023106770240073,0.029964262432907226,0.03999710248133626,0.029954899722464037,0.03001681699341257,0.10002170269259834,-1.1234687261844166e-06,0.01004697552217262,0.10989873104457697,0.030059581924865617,0.16003941223931964,0.05001815157989739,0.30000183487080767,3.95316987011822e-05,0.030135878892465932,0.01987167806616816,0.030034383835178233,0.020048592599370803,0.009972777841928024,5.294581894278165e-07,0.010100302837877781,0.03025380981312337,0.009897382391223368,0.029851468151634832,0.07989493063189772,0.029921729074100435,0.08007601663375576,0.02997870640968208,0.03994797022835752,0.03002205133230739,0.020050601730115084,0.029840925628778645,0.0500218108407097,0.0401255755829401,0.040024227622500526,0.029907275937345514,0.07993326043496983,0.030135893816602727,0.039919013955300904,0.03016718592507111,0.029803057467861226,0.02020890848310192,0.019874812093848688,0.020025220512592503,0.030084600639067604,0.03000600761415433
0.07006815474381906,0.14994623049917147,0.08996454404796109,0.10999645816248692,0.07001079003546075,1.0000230500506377,0.030004692079282785,0.08998567923151314,0.07002238868296912,0.05001574599628452,0.11001002952729583,0.1500013615144989,0.15000109286520905,0.020022514708086154,0.12999835279222427,0.009945280453443308,0.06000094817579472,0.03002254649529674,0.020012857748103678,0.039991698949229104,0.1300057506999435,0.05000165855720308,0.07999309916843247,0.10999814270571062,0.04999189985343403,8.104488131292759e-07,0.1300273999141571,0.06992929492009785,0.11003638845137488,0.10993891832090436,0.2700457302100925,0.18002996591435688,0.649981844777483,0.519962292358287,0.2400792393834644,0.19000345213415307,0.23998644560443774,0.2399994441948745,0.36996044960388286,0.09997369344422254,0.18001902232451197,0.34997891265616865,0.1899965431338872,0.2100073789849615,0.23002052334905415,0.04999930991679626,0.10000366734564688,0.07998127032191811,0.09000999875215952,0.1599830563132123,0.07998901630756684,0.10999569636535364,7.3459287096225626e-06,0.05001187631504521,-0.010036472549631666,-8.383746590298125e-06,-0.009952471260721634,0.009996756518765913,-2.4316031167492245e-05,0.020012282383144356,0.01002261505055487,0.010012016188679689,0.059985653985204924,0.03997102436519583,0.019986484053990207,0.07000297844217321,0.04986533775628941,0.04001707898437431,0.04000895064774468,0.0399800936025936,0.07003061072545426,0.17997970670806887,0.1200107154449225,0.15995617812131663,0.28999997664601623,0.08003153601020596,0.08001003389671249,0.15999450957383732,0.40983886060109104,0.14005993501088063,0.48011626614912073,0.2399762709096716,0.030006482320035752,0.260028714597358,0.4099447763006762,0.21994723112049808,0.4200509791031859,0.2700452545623201,0.340039501574793,0.1699727160442592,0.0700387576918429,0.03013781418125332,0.059941463235632424,0.02986514105366537,0.019884101190489518,0.09000244956249524,0.04012108048284912,0.0499469589400661,0.03997047260408404,0.030107349144359762,0.050038171571595146,0.029958391660589355,0.04000398863042801,0.05001531949447166,0.07001055602928732,0.07996393879418545,0.009984239617676319,0.09009405043124717,0.06988944663156253,0.030124429630867585,0.05990373154711612,0.04007661479133175,0.02993726203848335,0.040065350970681236,0.059954607232569825,0.07008717817836141
0.1500260132919115,0.18995634375990617,0.21001652440106697,0.08997500037187003,0.359982444596193,0.030004692079282785,1.0000903574121673,0.7999162024584049,0.029979132657453434,0.269992180611639,0.3899657309012807,0.38992853308505876,0.14009714633606565,0.1399455723803862,0.039983365239714616,0.06013481014699034,0.010008864756874888,0.06990176631939696,0.019987580230383602,0.050039998066995696,-0.01004101691256447,0.030019882058104873,0.039990013326905334,0.030078221252540192,0.03997907350417852,0.029994582270736318,0.04989277706845337,0.08000745288309623,0.029907291582407926,0.040120568373615516,0.12994262107393684,0.11011321741323293,0.10992967973717885,0.010070671794546683,0.06981272012463761,0.3699241502181234,0.17996882085863206,0.03006168446258009,0.11012070431406744,0.1300353949278218,0.09996978824306893,0.23000523536136191,-2.1912810660299146e-05,0.1700168431507984,0.1599608971754665,0.20000188113816125,0.009981735742696037,0.020065080960396126,0.019991352448124708,0.09998638059835564,0.36008326989329953,0.1500036052170978,0.13998218923735464,0.019972815110994236,0.1199860366067853,0.05001328125813816,0.06006164605634027,0.05001397221720867,0.019938932315704212,0.05991448680919419,0.009944480922433423,-0.009979645894953669,-0.009983057139363137,0.0101062043877077,0.03005666960819365,0.00990030908053903,0.05012515192750834,0.029884493283281174,0.020128210755417954,0.019970709264093434,0.02999670612753816,0.08006658138165573,0.10999728803251382,0.09994084691798169,0.09014735743026489,0.3199203251005066,0.05005454761134095,0.019792052127353407,0.1399218008856398,0.09995410444255412,0.13012375832559217,0.1100416999150429,0.7100481024439428,0.039817767328578314,0.07981361497763521,0.020298799589185252,0.12006340531361283,0.01988083427357325,8.99968155574265e-05,0.05007306316090738,0.009846860192876717,0.009887008484990228,0.010105609612929478,0.009880757065344921,0.0899062178848283,0.07019023267634106,0.10014898963094337,0.059710950376341394,0.050035987204626375,0.02032953207532403,0.020021956364157826,0.010132982348069367,0.019927499324957923,0.009836039442856695,0.020026227020872443,0.010167538559938977,0.02004893677201227,0.049948957999398476,0.060382751715822025,0.08982530313131111,0.060271904086372625,0.029758617328711632,0.010001613454328396,0.00016823229293893432,0.019940086856748453,0.029543676699923246
0.03994323442489869,0.11008324730801394,0.08001397880813776,0.010010547376244136,0.31000068244698137,0.08998567923151315,0.7999162024584049,1.0001102456505517,0.030041792147841192,0.329978216862032,0.14001301037002617,0.40001356204077004,0.17000652491533808,0.19999171550027595,0.03995044296937349,0.09996485528158502,0.030011420302338464,0.10003571857461335,0.04000927742908875,0.07998363395028206,8.319126420884079e-06,0.03999305579626449,0.04999882711568854,0.03993507442137023,0.04006151356270224,0.019979269290755036,0.07003120768474237,0.1099938903289146,0.040074629396394085,0.049938394851089175,0.1600174199777312,0.14993981947370277,0.07007989968184493,0.02996736800215851,0.07999849998228342,0.1300786448702064,0.21001481872590358,0.019984810626062836,0.09002607262728023,0.039968806957550417,0.040034953784698256,0.14002306298669315,0.07002594433248967,0.1299726989669062,0.0800149225394875,0.05997636685229747,0.02000847959910023,0.01995748985935826,0.020003946045141472,0.010053216510220715,0.2899589800994714,0.14992632453246457,0.060021011150651706,0.030004870534818737,0.06005363278286635,0.04999692236005934,0.039892363539384884,0.03995873563806465,0.0300835141227378,0.050040285350364616,0.030013190171676443,0.009981978126289,-4.3027454622994095e-06,0.029894970027862847,0.039992874759906795,0.02012253824934591,0.04998487577099734,0.050140199649528754,0.039852854445001896,0.04005544575512455,0.019984281502821142,0.029960862763447456,0.07000609957422822,0.06018251230632259,-0.0001518683239137598,0.24007900252722877,0.029940627201685936,0.020195972919251053,0.150224387198772,0.05995052939687517,0.11979540852296473,0.04992156473728682,0.7599413127753326,0.010161795673060489,0.07001975235695439,0.019741528049380987,0.12992765567866219,0.010130223216250381,0.00995962648311818,0.03991459731326703,0.010107766894650776,0.029932615596415846,0.01996519745626658,0.020298418430358404,0.11008718307407757,0.06968342252967437,0.1298831905843218,0.060439185136131404,0.0899842446866279,0.03954275113332057,0.009909082124394291,0.029944098636678736,0.03005300167304016,0.030069329929791486,0.03998867580991797,0.02998788991551551,0.02004423358504632,0.05994852392805326,0.07963510053073129,0.0901516905564073,0.06987905014322994,0.0400710738616698,0.020133412309620406,0.01979666924262432,0.0398717207593355,0.050506266271080236
0.11002914858652246,0.04000203121722065,0.11998611248485319,0.06999260181488519,0.14000275328756576,0.07002238868296912,0.02997913265745345,0.030041792147841192,1.000094383571801,0.6099821007638104,0.08003894312409543,-1.02705464446535e-05,0.030048717190777757,0.23997387110141388,0.7898634505190264,0.25999412155029156,0.07002751789594035,0.08998606776329984,0.29000441575588487,0.030009833098426555,0.10998684306796867,-8.138843278098696e-06,0.019985845291995104,0.06995766481437184,1.06333201871821e-05,0.01997974098482254,0.0800531717437933,0.03992591046421613,0.5801554516893793,0.4998951608051158,0.1700627260943432,0.04006635320289397,0.020034891617155264,0.06994480522335869,0.0399833089923867,0.04000132593742593,0.019979249618544113,0.10002602530272113,0.7101510334945103,0.0999769183530336,0.1799915501808825,0.040006826807427114,0.010011444263109792,0.019981718301657136,0.040004586353563736,0.14996385771378698,0.14999408460910899,0.21994792947657638,0.1900419836472921,0.14000528710533236,-0.010023184864173624,0.00993532753749441,0.08005040001655857,0.17001895849274565,0.029963482972198467,0.009992774653587342,0.01001584692730565,0.03995355056538441,0.010002911692240019,0.019982289715448548,-0.010001956202380043,1.4380382332982087e-05,0.019984995724848877,-8.744293548530327e-05,-0.009961494536589297,0.04009228496791958,0.029916759865652537,0.12009712158637438,0.09996610596922892,0.07999706199027569,1.5217845217704003e-05,0.04997814291777371,0.01000526987402268,0.010081510988008012,0.13995749726309054,-0.009916880100304061,0.05000809388164372,0.20003230034296457,0.06987681490129591,-3.3805743083844435e-05,0.04004683593207547,0.02997322849009627,0.0799748890111052,0.28011418605472044,0.6396777814865836,0.22984236947763242,0.4100589156085321,0.22014803604241445,0.5001142726848389,0.21989049194364504,0.13997977348277865,0.049921630830202846,0.1100485511927224,0.04013062799218348,0.019905172789091145,0.02982197327641581,0.010125649734902627,0.0402229194199211,0.0499831125509111,0.04986609783992486,0.1299621157469542,0.050052781178582396,0.029989333694509363,0.03990401371733084,0.020047268786909128,0.02012973862508694,0.17005126241556204,0.06002595028282821,0.01974002419050953,0.03024809031916279,0.07990285541189303,0.03999432368784138,0.009996800071507448,0.01013184273872226,0.019687033684019854,0.02019884233453084
0.04004993364596624,0.07995610084620207,0.0399525598995235,0.04002361330312982,0.06002330355541776,0.0500157459962845,0.26999218061163893,0.329978216862032,0.6099821007638104,1.0000425158231745,0.25001887873316664,0.010038649253162366,0.009920905507010271,0.010059099082990474,0.38008574877148554,0.009894072122185227,0.019980540970884093,0.03006978877863444,0.0200088115993786,0.029974440322635763,0.04003001088079061,-5.624258370702083e-06,0.010000903337442217,0.06998469190900139,0.019974670974677096,2.146333400035107e-05,0.12008092173774637,0.05996407120788267,0.25000252418988345,0.21993033005037735,0.22004876274859111,0.07994879328952781,0.12999782407719562,0.02994479705376151,0.06022091185399711,0.20000231602015583,1.7573081788181617e-05,0.09995303023402544,0.6598170557733952,0.05996788511799212,0.0800312826805241,0.019954803991305295,0.02999229314886083,0.020017551637079873,0.030044410686012813,0.19002217860694248,0.12001669967522256,0.16995355451427965,0.1600111014808814,0.19996631253930836,0.009963049678292622,3.9212592493414015e-05,0.0899852246098395,0.13005877903334606,0.03997221381321227,0.019991049413133778,0.010039772240376091,0.04002103551246567,-0.010019099137450168,0.030045655403907804,5.326625646921605e-05,-0.019994022711639532,0.009981896794682426,0.009971767456065372,-5.8161583454072925e-05,0.0399739990790293,0.04984264129402275,0.10998761982107681,0.08998117823921045,0.08998284321399003,0.010035379350127372,0.029954521203687242,6.211332343251479e-06,0.009888206324810479,0.2099903573711482,2.63338832128553e-05,0.060007322896328534,0.15002713454091435,0.2198558285755292,0.00011293078355520113,0.19006775046483812,1.9806299137224985e-06,0.4200093260536611,0.2700472416970428,0.5901562392669185,0.16988418263835411,0.5100319297626994,0.16005086969329155,0.3099557264922247,0.21999508556751085,0.10010286816638572,0.04030329901788783,0.09986386688281956,0.03973812784891855,0.06995298822364276,0.04008824855497027,0.10999836969970762,0.05980483494023411,0.1499620546154276,0.050167057014076796,0.06008277085763823,0.03983837425667562,0.010025918655564476,0.030175602750496508,0.02000100559686091,0.019782431146529385,0.04990635119854404,0.060146487801811956,0.04987883319860796,0.09009950064102332,0.1397983877927185,0.07021910909168752,0.019876234591712994,0.01000104457353548,0.020146396929574054,0.030111341265957527
0.3500392904054145,0.33004798406704094,0.40988925096612167,0.3801149111056408,0.23004948030644637,0.11001002952729581,0.3899657309012807,0.14001301037002614,0.08003894312409544,0.25001887873316664,1.0002511971649264,0.02000464758903969,0.039951056125798155,0.009989359436347465,0.050097213758087504,0.009972707071750462,1.223739449458798e-05,0.030031909661938506,0.009996332704435815,0.029987013509749437,0.010019892696258114,0.009927098754717797,0.02002164525359754,0.03991467095809865,0.029948697240696653,0.020002472737489695,0.0602461122726637,0.040038451746819366,0.04001491199557967,0.039878950304215684,0.0800706139195332,0.05990959347989413,0.1801579671554668,0.04989621850701501,0.07030215516881325,0.8597130388390324,0.029981272134300234,0.059931086297601875,0.18996685226600432,0.16996347905921258,0.049971658498054385,0.1299824804182045,0.12994207973962468,0.10998816627034706,0.10002925602712845,0.6099279392898345,0.13001530658527807,0.08985685534519484,0.06009337973470726,0.7898294848325932,0.06994980332362846,0.020029496145875663,0.1801382674117423,0.07017096023215515,0.07979002177610575,0.009982423053339174,0.00011762110156195609,0.029949384780781345,-0.020030434168620943,0.02001711698587295,-0.019968553305869375,-0.0199640347997244,-3.787038041770847e-05,-0.010098327116182736,-0.009986764774088783,0.010040661089461791,0.019966890269031316,0.05008061848627718,0.029897574905657004,0.01997696270268999,0.0099959215337993,0.04993813952110501,0.13995991222846452,0.0700031294703958,0.6602107575811655,0.08013683567417372,0.040047279744812606,0.030093068181016352,0.14980733622000286,0.05996915137058062,0.19986407509876522,0.07012995861078526,0.3700225066721427,0.24013626154799494,0.18976628928183506,0.04950699746178796,0.22018245062358982,0.04033947936427468,0.07004253706828174,0.16991481146999987,0.030010178590566674,0.00014042872263349122,0.029997305374554094,-0.0001571725260086919,0.059884050219917016,0.04978360371701198,0.08000256056729321,0.029955080004904128,0.0699659218795132,7.975814773759914e-05,0.020097271514311055,-7.104549387383242e-05,0.009912127078669184,-0.009838914704043935,0.00023469963130553587,-0.010142539496780133,0.009858747520852033,0.030171567958777724,0.03995740816061404,0.0904345819257164,0.07957281339045368,0.020256022608625895,-0.00022599185227348246,-0.009822055281484126,0.0002042434841432582,0.00957946895926467
0.06994933045059772,0.03997265221376502,0.06997833547094888,0.04003187062032676,0.1300256972070886,0.1500013615144989,0.38992853308505876,0.40001356204077004,-1.0270546444657949e-05,0.010038649253162344,0.020004647589039675,1.0003528049847321,0.7894352907254655,0.16019736987477695,0.04000023455205318,0.049700237190058213,0.029926223635005262,0.05020018483077366,0.07995249284411725,0.039938910231089926,0.06012924349699118,0.09995416147512456,0.10004956785754185,0.06986834467185891,0.08986937420669058,0.06010196823362408,0.09029221609264941,0.03009953360411323,0.07033480431309092,0.07973199455498654,0.050159570580987314,0.019833655710788014,0.029928249131455444,0.06990091767685357,0.02042724243335041,0.030207040710443476,0.7602067098545215,0.039821006179737294,-0.0003061144742814828,0.14999930987154145,0.16991997195396571,0.2299759055788108,0.01006755847620043,0.12997886523899496,0.21002726782031841,0.03010826465965234,0.05002128868630193,0.05988762331535783,0.09006982889876242,-7.434480447859209e-06,0.8297807825230313,0.7303048117091365,0.11997442910284746,0.020048451179798494,0.19003782281199705,0.11997458226419475,0.10996905869849145,0.08006066342908025,0.05003326281030291,0.09011803174711598,0.04011606836896548,0.019953533842512684,0.039978352308540764,0.04991598419151133,0.07986469115853329,0.0500815244701766,0.10990509624006846,0.04997615306607206,0.03009156028882906,0.029904962888527245,0.08000125814766819,0.14993136854583036,0.14998670858907442,0.1796475731383599,-0.0002973076141723718,0.7798887914086895,0.04002973677195892,0.1000527888127004,0.01957023369246087,0.19017931358366147,0.020319617409142766,0.2002082798199676,0.3499158278804181,0.02018667453723083,0.0006241080862002873,0.09989301892218456,-9.96433442647893e-05,0.09993644133608844,0.019703951668601803,0.019960759474826863,0.04011015931180178,0.020235220309813756,0.029901044765261547,0.020039894024355083,0.07041571060954321,0.14040864383967505,0.06957740917890215,0.10993138548966347,0.08998396914648843,0.04974924636470252,0.010069957939757332,0.01972143882673349,0.04013675525946523,0.0403020600031361,0.059833115011731906,0.05972679600324542,0.009746670519372851,0.11008881612799849,0.11006327705685617,0.11974968324230793,0.08966651494479126,0.07045051872510354,0.049674695054662626,0.050260742426535485,0.07001469599170312,0.09006006361478348
0.049926380514028264,0.020121889301923077,0.05014486454711513,0.029927596217902572,0.0799351178795106,0.15000109286520902,0.14009714633606565,0.17000652491533808,0.030048717190777778,0.009920905507010282,0.03995105612579817,0.7894352907254655,1.0010293977437512,0.21964112995210602,0.009790387958536888,0.06055595161768966,0.060140708884602316,0.04962687553350412,0.07004497644859761,0.05013235551133528,0.16976697514310232,0.13005218745119104,0.1299107674483558,0.0801829690616691,0.10022114893116338,0.06983070242659706,0.08956027983963828,0.019889915567088468,0.039636863193570925,0.04043060766560617,0.01974387627494495,0.01025241576959546,0.04018370202266651,0.06014515642931242,0.019298248553001336,0.029720330862141715,0.9095694249649912,0.11035358750077616,0.030724601383725555,0.12007261289943934,0.16004629859532252,0.18002302873633638,0.009928746448376886,0.08003893011888534,0.15994409772367577,0.029822900512132926,0.08998127670796979,0.1200514588719304,0.12991001226634544,0.06007677230339306,0.5602786418684338,0.8693898125127989,0.020058076279553534,0.03003739813999585,0.07989000723245007,0.1100550492340018,0.06007183034765186,0.029895706001044728,0.04993451086210663,0.06978262797716092,0.06980202782410598,0.04005186009863278,0.0400554905788392,0.07017169464897864,0.10023254693553983,0.06990043321037918,0.09016849870811515,0.030083570030189098,0.019669360973509763,0.03027155649568928,0.05998341389618697,0.12008207990998962,0.109990438583168,0.14072025673974126,0.06037680297530607,0.6403572215324781,0.029921122554425313,0.1399236989442556,0.020725160359369874,0.16962464816347694,0.029379855653113653,0.17970815966093706,0.15012545252927054,0.09979723989017744,0.048792794199277276,0.16041092355424896,0.020121196024247362,0.15993230784563295,0.050549091465036694,0.009949203398236076,0.039607350750204676,0.019376909244024236,0.04034862610065683,0.020022139984244805,0.059591057304964036,0.11941534723394637,0.0504309688361328,0.1002302594286259,0.08010510292643087,0.050344741208374476,0.009868927024292342,0.010638279317958932,0.029757837794706844,0.039525712209646846,0.060240174414852514,0.06032060336128285,0.00043174054947662274,0.08969667014028837,0.09965192654123349,0.10035412126612948,0.08056965664005365,0.0892124648756822,0.06047581614691009,0.059642415747805606,0.06998191925864466,0.08013469617238257
0.12014759196233359,0.1498546729222535,0.12989973507745478,0.059997044310489994,0.19003873757640571,0.020022514708086164,0.1399455723803862,0.19999171550027597,0.23997387110141385,0.010059099082990474,0.009989359436347447,0.16019736987477695,0.21964112995210605,1.000209676579724,0.15016326524779594,0.8696377748669216,0.33993866965219355,0.5202201123011597,0.36003593966376946,0.20990787709797676,0.25010795611749337,0.019998638733441612,0.02002791847298725,-4.4464564812236504e-05,-6.045465299601395e-05,0.0300591183148547,-0.009870792385113802,0.19991209719399722,0.11008805524592914,0.03978262079917435,0.07013492711984745,0.19990039327427234,0.06989512875862465,0.04990757655907434,0.15039393116263583,0.030172569326365122,0.2501206017234067,0.03985785724851521,0.05953892868442266,0.07993256408386387,0.1800576661684275,0.04996408842209238,-0.009977059116515193,0.03000176785111059,0.0700645229135984,0.030072344520405723,0.06001480220852152,0.1500330230546882,0.13997843965070886,0.049966875151317085,0.07989461987491746,0.1702103770792801,0.039960159891558315,0.09990625315826897,0.020023803531312747,0.029961448218514757,0.05000782107419115,0.04005678767518035,0.06001161934043773,0.010163431198679396,0.010123900659825089,0.029979177143047406,0.00996001214697402,0.009914871210292699,0.009849908899651044,0.010030403298799942,0.009644322623361576,0.050008354162098714,0.05012211722283385,0.02988856845671399,-0.009943709159925134,0.04993810805483415,0.010034345735870974,0.019689653673789848,0.009831368383121087,0.11990280569078046,0.009976990413568377,0.15012071995082757,0.06967607312623654,0.030297779377419558,0.07032538467384868,0.04997058707852932,0.16996907404274494,0.08009015040801705,0.0806116382105137,0.15977895987860716,0.009937850095113667,0.14001899906632204,0.19979930696091533,0.06003623878863109,0.020308150048177553,0.020489049003727017,0.00969054560675727,0.019794474037163674,0.16995650066569976,0.04015565294702587,0.1500330168134667,0.029950780962908905,0.03989496233584973,0.029960876978350884,0.060087714614228634,0.01970052952687284,0.10014713834136257,0.03017983077476207,0.07985477748050634,0.0497615338336558,0.12983108234034124,0.020268921906697792,0.08983420659761407,0.09003892960526676,0.019643123606878227,0.03044417506258796,0.03981938966725271,0.04994931279267257,0.060186953366775535,0.07029013830349275
0.07037663941795881,0.02979342230539525,0.06971710599473616,0.030076323862341967,0.09007726668280462,0.12999835279222427,0.03998336523971466,0.03995044296937346,0.7898634505190263,0.38008574877148554,0.05009721375808748,0.040000234552053184,0.009790387958536862,0.15016326524779597,1.0006160998603637,0.24970689591852568,0.05992993715398977,0.1302194283471595,0.48010302771497837,0.0698703872423263,0.09009512004212118,0.06002816317702235,0.13003645724077495,0.22006465066356865,0.07002600918852521,0.030015723452318947,0.21995142044737356,0.03984512396448625,0.8994999679584608,0.8399985160870245,0.4100162010380843,0.02989572089952548,0.059882676495243176,0.019989283495432567,0.030333496588597558,0.03991561131599662,0.00010112973761933792,0.08982954294298802,0.7191826218333818,0.07980502553929517,0.19024944402951607,0.029973988314102598,-9.236174330017512e-05,2.764724582753724e-05,0.04008670572303008,0.0900198848874747,0.0900160826751209,0.17019335239117336,0.13990207882887162,0.07984590206898874,0.020090256569754866,-0.009797481773117445,0.06997444736026252,0.16983239145000584,0.02999272843570778,0.009953951272954505,0.020022346539421705,0.050029681419224856,0.010012110376500216,0.03018391018141421,0.010113722325756502,0.010027660057485472,0.05994578179044842,0.03991880308607983,0.009839990396764938,0.0899044025619973,0.0297016911186061,0.13997506676295438,0.12017199382660775,0.10983325501542464,0.010057095893454132,0.05997452713275442,0.0200596087358471,0.019754422085515432,0.10017003099110676,-0.00019296781310252034,0.059980766039353005,0.1901682671892522,0.13996723006339268,0.010293852421244297,0.0801447748244078,0.059846925201366266,0.08004215750980119,0.23986953323468016,0.6608370702553694,0.2194928149191057,0.4900662099730677,0.23021708030832083,0.6297352407589155,0.26022322609398046,0.23062083759487684,0.07094894196119121,0.16937250048005653,0.05943181294554546,0.039444515142070834,0.029719635647233816,0.030433914750797736,0.039775794069404534,0.08978815623633002,0.0601772644068207,0.22015840722637084,0.05938993312286462,0.10009516341654644,0.0403843180259316,0.07003222346565963,0.0397368731772085,0.20983984781358472,0.04044302546730269,0.030243246532432128,0.030214855135031485,0.09964937438187654,0.06047901810088633,0.01998540936390533,0.029584486588690066,0.030520624856648616,0.03988099266386288
0.11965057168069773,0.17027254069648262,0.11023513924702812,0.05000174004749797,0.14991304773418662,0.009945280453443308,0.06013481014699035,0.09996485528158502,0.2599941215502915,0.00989407212218522,0.009972707071750436,0.04970023719005821,0.060555951617689674,0.8696377748669215,0.24970689591852568,1.0006950732935789,0.35009310707088814,0.7595745424069995,0.6099026612937144,0.37018681034396855,0.23980770489452868,0.04000168360432905,0.03995984691306382,0.010095711332722402,6.644813868710586e-05,0.02991995116633566,-0.010235125697557445,0.23025895808868094,0.22985578012388722,0.10043174347218543,0.04973433485690054,0.22017044257334678,0.08012908354970026,0.07021663881682881,0.1892461018257968,0.0397153604656115,0.08982674086424104,0.04025087740761281,0.07087106534735126,0.05016837838682334,0.13985151982178232,7.354115775755763e-05,-2.8240805495290372e-05,-7.035973197832159e-07,0.019852019975658115,0.029907720024318803,0.039977734620452496,0.11993803883645883,0.1000503643498304,0.04007156811874951,0.04018097303408568,0.059701057898063285,0.06003604430692164,0.11019589533089423,0.03999345310924884,0.020084201023761093,0.05997611904131741,0.06992588781088627,0.06996853679150214,0.01967011079093045,0.009753428857210774,0.030024675772794544,0.010091470793674166,0.010238820647889621,0.000273885513399952,0.009884457419004221,0.010800692698341174,0.07990317542096963,0.06981907983414265,0.050203858294149716,-0.010127989010346358,0.030148900296158535,-6.887764094790838e-05,0.010437540789577154,0.010298369656722813,0.04008037200057545,0.020076731134807138,0.11966961644974214,0.0705293446903555,0.019461269980024416,0.08950095006471002,0.020135457201140548,0.1000632026029346,0.059754023144341244,0.08899824911589123,0.12061319220119363,0.02008230877830358,0.10983122886218052,0.24028609869877804,0.08998296461179786,0.039344008708376406,0.018990533253384352,0.020624730502867564,0.020359494384628724,0.20028273891345197,0.04004433440135077,0.16975117262314535,0.02985213804255622,0.040248688150828306,0.030196727160684226,0.0898642188389296,0.020609859291548172,0.14971960866941145,0.029677011514264266,0.110209256582564,0.05039417898322104,0.19026659508310634,0.019409614638934983,0.09065282305470387,0.07957209710877981,0.01081828932275676,0.019086705027894783,0.040319016273105565,0.060172937250359826,0.06972886670662416,0.07919654281173537
0.019951885849125377,0.040046043037384946,0.010037406912401492,0.01999764705207976,0.009986893309229942,0.06000094817579471,0.010008864756874895,0.03001142030233846,0.07002751789594032,0.019980540970884093,1.2237394494602878e-05,0.02992622363500526,0.06014070888460232,0.33993866965219355,0.059929937153989775,0.35009310707088814,1.0000312076093474,0.3699270198221031,0.059999604295578615,0.20003333006886956,0.5199574589997353,0.06000071921658466,0.029982548060705626,0.08000041077923652,0.030026504428269603,0.12997114164192455,0.029980415460374554,0.039999095342331495,0.03001883164594299,0.030011892349875616,0.03998626047052525,0.05004571476109435,0.040043736510750785,0.04000833343815829,0.0498839425623947,0.009951259265438073,0.1399555226099283,0.08005417110604565,0.0702098066918964,0.07000968322967233,0.16000335657611242,0.030016173818576318,-3.4909322121696385e-06,0.019991611023812812,0.039985727886380995,-0.010039956530084012,0.010001405156928857,0.049970073618782314,0.05002062834739977,0.010010812948889416,0.03002950714154086,0.04990071789210998,0.03002364004085659,0.06004702008739816,0.04999077369761201,0.07001355976623481,0.07999286045925563,0.049961728602062286,0.10000333665359691,0.01994467341542169,0.03995544792631999,0.060012065566607584,0.0400057904198118,0.050002094612367,0.030061295396445406,0.04001322950609965,0.06006412839390944,0.0400549770160445,0.0399048326645627,0.030054708684314695,0.059989775132937344,0.06001317935446125,0.030003953166683216,0.0901042727284297,4.3736033289599805e-05,0.04005912383246222,0.030005199453735917,0.08999560866924915,0.040072056585290144,0.07993075324856108,0.03990651131683805,0.09995127708731076,0.06000822427826861,0.040013113034426,0.09967479978786796,0.09994950149597658,0.060038628162335864,0.12009709915898444,0.21009627642340828,0.08995047429299124,0.029922743751764225,0.01979881185118249,0.030079902586465868,0.03008565825288278,0.17998056363328413,0.14992894996001402,0.1400184720258611,0.10005498046490272,0.140031616472332,0.05002024489604347,0.00996592042809211,0.0301560059067208,0.10994759900468637,0.08988990668246585,0.1800587316614605,0.15007052864135162,0.030071934480646274,0.07992730130753245,0.21992979524867787,0.18005682560708738,0.08007850524765532,0.10982884134855025,0.16011962148624373,0.1899758496296573,0.19990195855736292,0.2100446470872186
0.08023299028112528,0.15984116381558042,0.05982523511643707,0.04001541456772453,0.0700654809971972,0.030022546495296745,0.06990176631939697,0.10003571857461335,0.08998606776329986,0.030069788778634456,0.030031909661938506,0.05020018483077367,0.0496268755335041,0.5202201123011597,0.1302194283471595,0.7595745424069994,0.369927019822103,1.00029801700555,0.5400513587033304,0.7498623997619667,0.15014183110077592,0.13998859228996988,0.15004181070543315,0.03994477444428813,0.029960218162850886,0.020061605382073886,0.01013702087535984,0.2298683930260509,0.1500135067687947,0.04980635881081115,0.07012739108956598,0.16983786227546452,0.06994600871135856,0.039872080330473465,0.17052253883471086,0.06015423364276038,0.040094854773112025,0.0498188303616357,0.04930786455563333,0.029902623317601146,0.08006263060871398,-6.219501347967598e-05,0.010007655831608696,1.3443163966453194e-05,9.835141664620066e-05,0.02007314799981844,0.010007126585775347,0.06004993236309621,0.039941945986063494,0.03994573235084178,0.04987505692686731,0.05021401583009455,0.029980664770494467,0.07985766194373733,0.039975428477900574,0.029937763123108165,0.0600302665413299,0.06007281325189664,0.08001458059105503,0.02024154048841755,0.0201828756091756,0.03997379859792008,0.009947088173878734,0.0298581145441502,-0.00020959163410912794,0.02006336621853898,0.019515120134668225,0.07000217945103902,0.06016163944630794,0.049851475318548666,7.252092806374069e-05,-0.00010978573774140622,0.010011294147500724,0.009778348825872954,0.029821305435045832,0.02996590271308073,0.02993147551026757,0.050222651669794914,0.0897593725935751,0.020291642374794226,0.10022013635405658,0.010002625108980704,0.11995768274142983,0.03014053887525103,0.050862820797844877,0.04973212549025978,0.029915628211874733,0.03996254386955319,0.15977351083693253,0.060047274533677836,0.05041065581835766,0.02077121443863516,0.039618286056953354,0.019741633021759547,0.24985211323658502,0.039873964765270824,0.23011222091099615,0.030142905563199558,0.07982803286296423,0.0297795699800046,0.09009497119007923,0.019474719227392537,0.20019541997234092,0.0303440786573126,0.1698673298044598,0.06971279926383706,0.16979250852495495,0.020384450137976823,0.12963079619324566,0.10029541055903901,0.019430549750508824,0.020718396532963538,0.05966341968039722,0.08991363837771536,0.10028750663328026,0.11038927456313184
0.09015139388136342,0.13991169619517502,0.08992773753670563,0.02997817802264921,0.12001340836813995,0.020012857748103692,0.019987580230383616,0.04000927742908878,0.29000441575588487,0.020008811599378597,0.009996332704435815,0.07995249284411729,0.07004497644859761,0.3600359396637695,0.4801030277149784,0.6099026612937144,0.05999960429557863,0.5400513587033304,1.0000566790759269,0.34996272304247433,0.0500090139784655,0.10002521127720475,0.17999570468893092,0.1500330073820709,0.05004323373410741,0.03997921079100774,0.06991927966023817,0.21986872322475506,0.5598878717635807,0.4299825892760124,0.050013399289090765,0.18003472847386434,0.04995855020126201,0.05999167272691437,0.16000514747401032,0.03002565913640909,0.04998217636327551,0.02999531650421039,0.11984522704259866,0.00993749026581182,0.06009217721619362,-0.019996124547564886,-0.010016903937691515,-0.019997424754233682,-0.01997521466240085,0.029984594226520472,0.01999424845959118,0.07010032633201287,0.039944624818457695,0.02998855545870528,0.050046943152536806,0.039983457633616507,0.03999869160536216,0.09987353739441651,0.020005405695252384,-1.7980609193428606e-05,0.020003003906381694,0.059992403909349,0.040007062703573,0.02005707995859835,2.3113795427995145e-05,0.020009233987275034,0.01998155072490935,0.019957015683918118,-0.010027284355744012,0.04001264823212538,0.049809026937067395,0.09004915374844054,0.08005094710429775,0.05996090655326851,0.010033150616552864,-2.871800558196807e-06,0.010034972993794355,0.010011122139580116,0.02001670849760336,0.03998150700251494,0.029961303547167632,0.05008281586835747,0.020021975673789077,0.010091079956851608,0.05006513866062033,0.009853750858833865,0.05000774787379772,0.049976919042983896,0.1200916299938651,0.04986196077772779,0.04000478002274571,0.050069038948054374,0.24001389452771008,0.08003752623644224,0.15018707210828838,0.050192547647156034,0.0998295192523089,0.0499325082997802,0.14971801495513043,0.039779920945718875,0.11029358971343269,0.04014353566843593,0.019922234291028112,0.04997188815364793,0.19999522141021903,0.04992258217667956,0.20004070369191135,0.04994523772848588,0.11998636181222644,0.05005331687265804,0.26004208742044904,0.04012963886150632,0.05984578632723762,0.04018876968641227,0.01993278467216088,0.0200621291446462,0.030081807793253718,0.0498184502104751,0.050022324571646064,0.06021074602879778
0.05983685818033279,0.11010010598272552,0.04010489377686765,0.030004603379119102,0.039968407747852444,0.03999169894922912,0.05003999806699569,0.07998363395028206,0.030009833098426583,0.029974440322635788,0.029987013509749433,0.03993891023108993,0.05013235551133527,0.20990787709797673,0.06987038724232632,0.37018681034396855,0.20003333006886956,0.7498623997619667,0.34996272304247433,1.0000749186535238,0.05993542559510074,0.17999746765953292,0.2799762728294092,0.07999602067903111,0.04000139174236368,0.03998028341778247,0.020003393397581188,0.2200874842802564,0.09007703892991473,0.04003383340038179,0.03996986135364174,0.10005470668448857,0.04003936676962108,0.03003647022559277,0.11981265437952617,0.049944856824944574,0.029981039803341717,0.07007423298515388,0.03037071442663345,0.030049405652207848,0.05996478856750586,2.163629883974601e-05,0.0200087226202464,-0.010010411168080487,-0.010039444120937237,0.01997224351536029,8.51562182197259e-06,0.009913778414147447,0.010062105702243716,0.0300310097576959,0.03002545770812105,0.04990319488835181,3.4484884073165e-06,0.04014106864243658,0.010024103702884028,0.020035919538701707,0.029972567652343213,0.03996131816641696,0.0600003127750587,0.029875557960390323,0.02991647152457687,0.04001149294225233,0.04002316787882347,0.0400534079706796,0.010099455014761168,0.04997821691364833,0.03023723825673628,0.060017240623039265,0.04986157242395922,0.050092660483625866,-3.369959847319942e-05,-0.009962826741806874,0.019997417177622205,0.010062627248058191,0.030042968780747952,0.020031878830539498,0.03004820539261309,0.009897898827740776,0.06005498438082894,0.009881298213008555,0.05990277774716179,0.010009866407212254,0.10001089430286117,0.009988467544296472,0.02954521769039252,5.263679051206523e-05,0.02004673066820983,8.252214700020021e-05,0.10009049957392331,0.029937801260194206,0.08979496160529198,0.04961458683879985,0.08018196678085054,0.05011494346660249,0.25016610255047905,0.04016802434962702,0.24983002975940957,0.03985514249649599,0.10009965577363866,0.05013499678043794,0.1599681465012927,0.040257090304062,0.2999059026337229,0.04988190738434245,0.2100624755554375,0.08005045361033565,0.17006876661892859,0.029809391883269528,0.13012341208399636,0.08982920362827182,0.010225746667724234,0.019675431285266724,0.050156890799631586,0.09006722902267073,0.10984247160761541,0.11990130244692998
0.020097253165159524,0.039927664141230425,0.00991862298353427,0.020012268659597137,3.040363197324328e-05,0.13000575069994347,-0.010041016912564456,8.319126420884123e-06,0.10998684306796867,0.040030010880790626,0.010019892696258088,0.06012924349699116,0.16976697514310232,0.25010795611749337,0.0900951200421212,0.23980770489452868,0.5199574589997352,0.15014183110077592,0.050009013978465494,0.059935425595100754,1.0000781215297008,0.06998613885874531,0.020030382371957773,0.019970316078304937,0.04996001247807737,0.0500419348741002,0.02008027401741884,0.11997547974367569,0.040021532181273606,-8.009181880535916e-05,0.05005656610588518,0.12991460781375247,0.09996199084242788,0.10994951277586393,0.12025146252880414,0.020068180672470272,0.300060798123347,0.48990210876766405,0.1496607603120474,0.10996942038303152,0.2599953217673737,0.07997367667247077,0.010006238795994443,0.030005342923660885,0.09003431817145086,0.02004691498912903,0.02999996709121851,0.1000211059479809,0.09997910616954735,0.039967239845627174,0.0399262201553352,0.1501474017555371,0.03999462208002416,0.08993165755589612,0.03997837996832912,0.03996921884032557,0.05002416976651546,0.030044770377494638,0.05000018632972465,0.050111652963645385,0.030087967830685177,0.04998229808769977,0.049979087021958434,0.02994851442040493,0.05989691360141484,0.04002527080422644,0.2198249371638335,0.03996793388545024,0.04011996531124891,0.029910909678992462,0.16002254131543178,0.1499551630070251,0.07999184961307336,0.2398649769635361,0.04991526349411807,0.10995655852614701,0.07998059357910185,0.2000703953162908,0.1598435222731535,0.24011797067727444,0.12013812975644793,0.24006961662180332,0.029976299426973472,0.14004943645388693,0.21047100043948042,0.23995302311967787,0.17995394514488833,0.28991677500977886,0.3298644489088222,0.14003547591502757,0.09015246499682698,0.10034295177205434,0.11985989945310276,0.11989693694931451,0.07999528510338359,0.320000171158464,0.04999881725912238,0.28004140689889123,0.04993006167934201,0.1898775620588501,0.09005186465526333,0.1197411082166375,0.050090353247452375,0.21018230365952412,0.12992823081915952,0.23987886927841182,0.06987567663563346,0.23015787076405408,0.2499611960190736,0.22005675684553808,0.0797515025128812,0.14035115854451208,0.21977787447222213,0.23004797978936548,0.2301377203345926,0.2400197225586694
6.763596913898315e-05,0.01994668402904788,0.00999218177775026,-3.892868151632708e-05,0.019989514919672737,0.05000165855720308,0.03001988205810486,0.03999305579626449,-8.138843278094569e-06,-5.624258370702725e-06,0.009927098754717764,0.09995416147512459,0.1300521874511911,0.01999863873344162,0.06002816317702235,0.04000168360432903,0.06000071921658466,0.1399885922899699,0.10002521127720476,0.17999746765953292,0.0699861388587453,1.0000419680854058,0.7899858819007484,0.2500492576219593,0.6800412430956314,0.20998260621843828,0.499870995557341,0.18992393795464635,0.11991674197490272,0.08004301167229019,0.1299766186610809,0.16007435559586752,0.07992184158785746,0.050041106590990314,0.1498509808197207,0.010075880345999511,0.08001311791871943,0.13002672196069376,0.049973989962484464,0.059968573060326,0.08006761587261643,0.07001540374144069,2.5964685778386692e-06,0.04000198798864373,0.06999614107551515,0.010007722557685473,-9.84497994081317e-06,0.020097766873395553,0.029956780519353063,0.010043966264260556,0.07006523676792752,0.10997832388627816,-4.4513373977730727e-05,0.029896924165474972,0.030084231784025257,0.07000183246678766,0.039953949444415215,0.01999897872159256,0.060015576476697266,0.1599931925833937,0.209983685944964,0.13000404208527444,0.11000355967088071,0.26000549678130463,0.2300059748091086,0.12998574106192776,0.07997527130095647,0.03999478302990568,0.020067546920841443,0.029980671017226568,0.06001377382720594,0.05003233833046793,0.060035794745561644,0.10000266370833001,0.00997167974045071,0.07992025089295644,0.1699890462925202,0.05997809984571427,0.19007022904737497,0.08003068930770961,0.1300824571062852,0.0998833150663828,0.03999840562227407,0.04992370783240989,0.08003732174537022,0.07004975540480016,0.12997669161457395,0.10998815158957229,0.15000558293468144,0.13004893491313377,0.06009067758903845,0.0500318897278182,0.08991619747292139,0.080023959037571,0.03986094240667024,0.11995146378640076,0.11017985583477102,0.1000364939283912,0.08997459040381965,0.06999163761441622,0.12996177466820427,0.07997799382738345,0.05002817449415898,0.13991024578402853,0.01994921332323341,0.12012449873292998,0.10008341512036578,0.11999980679527918,0.05002794116349916,0.03994150117243165,0.06015168042013881,0.0498875061804056,0.050156180897539565,0.08987977332043026,0.07985220260353117,0.06016933046786574
0.010028356942974036,0.019982214870070424,0.019972241790331843,0.0100057562768005,0.030009088828365987,0.07999309916843246,0.03999001332690534,0.04999882711568854,0.019985845291995107,0.010000903337442194,0.02002164525359752,0.10004956785754185,0.1299107674483558,0.020027918472987256,0.13003645724077495,0.039959846913063805,0.029982548060705615,0.15004181070543318,0.17999570468893086,0.2799762728294092,0.020030382371957735,0.7899858819007484,1.0000244820387678,0.4499990664641459,0.5699761734538018,0.15001859403110743,0.5600128920175897,0.12002967555075926,0.23997440549477664,0.1800190444937508,0.2299931463060047,0.1599596614954215,0.11999118235570448,0.08000444768307784,0.13006194035921387,0.01998866653492973,0.1000084623069507,0.06996447008626162,0.09987628365554269,0.0700133587566942,0.09996106349541058,0.07000058539630591,-0.010004415225165934,0.03000146843965503,0.06999458340926974,0.020015155216674383,-8.430960874063718e-06,0.02003210646666161,0.019980311480207204,0.019973222891545617,0.06997750183512917,0.09007854597106393,1.3668014702750258e-05,0.04994509875953231,0.01996425130871859,0.02998634889696683,0.030026438540866368,0.040025168485236226,0.049990629083491764,0.11004082156136498,0.14002468630946108,0.09998792226623925,0.13999906594817516,0.24001176065942195,0.1799668382021727,0.1900004026428929,0.039998554436376905,0.07995688046760334,0.06008836752950462,0.05995502304367861,0.03999056005289876,0.059998435622833565,0.05997810078793279,0.069968296343775,0.010011795333489917,0.07997024614277104,0.12999012439932647,0.07000560226594328,0.22997524169013392,0.05000055658439144,0.15002278647014922,0.1000825600416982,0.04999805249103997,0.05997698594060522,0.12021428323340502,0.09008417164255786,0.17997044564201356,0.11988299510079126,0.20994496353650724,0.16004195914974656,0.059997367235275316,0.030059381500812193,0.050012918123366196,0.04000434167298768,0.03002841369205538,0.06998770118111945,0.07998171585654386,0.05004764400129409,0.09998607715837374,0.04992325805922361,0.04001393840071289,0.039940060112155625,0.020019975758046347,0.08003832089719054,0.03997862326533435,0.09000661370905996,0.029948813665668726,0.07002255179809369,0.05011843826810867,0.03997259828376698,0.10995053867023406,0.09010968255703718,0.03987403017493811,0.06005930513532318,0.06012135330802944,0.05978602026476439
0.010155110252635687,0.04988439293682031,0.01997174869737983,0.019928332080169354,0.009984832000396623,0.10999814270571062,0.030078221252540224,0.039935074421370204,0.06995766481437184,0.06998469190900136,0.039914670958098655,0.06986834467185894,0.0801829690616691,-4.446456481221409e-05,0.22006465066356867,0.010095711332722445,0.08000041077923654,0.03994477444428815,0.1500330073820709,0.07999602067903112,0.019970316078304937,0.2500492576219593,0.44999906646414595,1.0001506214092313,0.44003832504491935,0.14997704408626136,0.7197104170934703,0.03992106109423445,0.42970573260048633,0.41024777189699546,0.3698736746333691,0.060125167120996886,0.14989018866143883,0.07011736830920133,0.08972492543525896,0.049971113537773476,0.089908773687721,0.020074618784322422,0.19991065094161137,0.07002200020918696,0.12000882769957433,0.060011684798126956,-3.618493986196043e-05,0.0200322597000975,0.04996473338675132,0.02000618023676594,-4.1907608104025526e-05,0.050234103042954295,0.0398740909097475,0.04000764551899425,0.0501440367773746,0.049986906781574365,0.00996355150889001,0.10975788412692068,0.00999633459667739,-6.938524466628492e-06,6.0778806724233124e-05,0.060044968753547034,-5.880281863234561e-05,0.03998848036824296,0.07996593602380407,0.06000588886716883,0.19002060771336815,0.22013054239976107,0.12001117105759986,0.28989000844595486,0.030005897421598152,0.15985050402059045,0.12025701187296986,0.1299306485504477,0.01000876374627887,0.07008121146703841,0.04000033605914516,0.020046031042772645,0.05015923747431196,0.059893229535389225,0.07997327419405814,0.10985481067652744,0.23014123883669704,0.019967342127609127,0.1900826404361579,0.07995932422426906,0.0900580483173274,0.1097153296188092,0.2301205664838772,0.1304858072125481,0.2999752568008004,0.15966787579772576,0.26008297991561036,0.250178135888841,0.45995187069548277,0.07003222235189666,0.40002934262879514,0.06989202948261093,0.07970424012651603,0.009917913779120109,0.17039442318597475,0.03997100620412879,0.4999736659946749,0.09017645775021929,0.12998119457591661,0.05005221626646158,0.019987837137386767,0.04977733408053201,0.03995659487040066,0.030285094688341112,0.02011462754489472,0.009994632605581436,0.04031802441932081,0.08990543697332917,0.3103269451372454,0.33981264764161545,0.20002331046984076,0.0999611493855691,0.07008002792303063,0.049627727176163254
5.001329744148589e-05,0.1000057915742644,-1.0308579807525129e-05,-1.9421600732057424e-05,0.00998728446428159,0.04999189985343401,0.03997907350417852,0.04006151356270226,1.0633320187182201e-05,0.01997467097467711,0.029948697240696643,0.08986937420669057,0.10022114893116338,-6.0454652996004316e-05,0.07002600918852522,6.644813868710797e-05,0.030026504428269596,0.02996021816285088,0.050043233734107434,0.04000139174236369,0.04996001247807739,0.6800412430956314,0.5699761734538019,0.4400383250449193,1.000136257872673,0.5599378085708083,0.7798203312503905,0.3098906863431576,0.1398541157517411,0.12007187316356649,0.1999555601632018,0.20007348830612903,0.10998439012016524,0.07004790850157591,0.28976407453747305,0.050065639686981925,0.06994796210840476,0.24006605668849007,0.08004749848054746,0.04992317677172855,0.05013523462632806,0.09003314902501847,0.009997766376699545,0.049993906793303025,0.06000112505685685,0.03996028574001546,0.03000778102504226,0.05004908736283634,0.019953169024696085,0.020077237760836763,0.07008299137967486,0.07983199814395536,0.06999391224851889,0.06994554488271641,0.09007392788130113,0.11000693205525533,0.08990849427104591,0.06993592168933886,0.09006063394318632,0.36999120908739364,0.32996987601275274,0.18000555099258417,0.08000618061641909,0.44994874042154515,0.49002405573676966,0.23004523304391591,0.06999453632617009,0.07013204123911973,0.03986757774277851,0.02006988377541373,0.07999810812040702,0.06001236303129127,0.060043167194374095,0.09025551215373305,0.04994043298379586,0.09004491820199058,0.43994525834170123,0.08011172119135697,0.31029169189919237,0.10993727551897362,0.22988505862082811,0.1097784302757006,0.099981166275977,0.15999978861510813,0.1099046192401041,0.12990234441209242,0.20999184705351268,0.17008366427905916,0.12002626178270456,0.2499754135547495,0.0501576035658821,0.049995922744818976,0.049872674637960995,0.0701325879758734,0.27981878704352803,0.03958913199065196,0.44018273213879294,0.0503498085118631,0.38996891271985495,0.04975399227516649,0.129916246932412,0.05995705183954268,0.2500164005448655,0.0500167229391387,0.11000564436802403,0.020077030848728576,0.20016110646806373,0.059925597911918184,0.039827704553481856,0.08008023056069234,0.2701364579381495,0.22984692981603141,0.11032797184972279,0.059669370761873355,0.049777671537396435,0.04051285994059698
0.019987111184389998,0.08998421878288988,-0.010006864627591556,9.728992502294284e-06,1.1052501713561626e-05,8.104488131149182e-07,0.029994582270736307,0.019979269290755053,0.019979740984822535,2.1463334000371435e-05,0.020002472737489695,0.06010196823362408,0.06983070242659706,0.030059118314854708,0.030015723452318954,0.029919951166335647,0.12997114164192458,0.020061605382073903,0.039979210791007726,0.039980283417782515,0.050041934874100205,0.20998260621843828,0.15001859403110743,0.14997704408626136,0.5599378085708083,1.0000431652432562,0.2600873833312547,0.23004993100165624,0.030064114191888782,0.03996267964322038,0.05002612931491191,0.07993199261842877,0.019987802641652508,0.009973271741704967,0.16016829300610758,0.040025498922694594,0.060045875911403375,0.2099427568848315,0.019860401308042216,0.03002553010889968,0.039944688330804855,0.029974042055641897,0.04001013879495577,0.05000785678853415,0.01001088225643353,0.050043767629155904,0.05000035672416801,0.019978808930632908,8.390524248720384e-06,0.019978657009730328,0.049937307171937645,0.040111974611208565,0.06998341281674546,0.030011792797752283,0.05998565542817115,0.13999114263792684,0.04002771016908117,0.03004732571713495,0.019982014700787417,0.5200387773719345,0.12004206109351034,0.039985828607642646,0.09999648594918548,0.1200140256101284,0.40994812738905906,0.01998242523938364,0.059966094813525356,0.029924593415309335,0.030076869502151958,0.03995673347376653,0.040005235103030876,0.009979086347290993,0.029979255848409048,0.03985931235757846,0.03996290202308185,0.06996560453601249,0.420011594675242,0.009973514079307166,0.09986665207453964,0.05005863111279728,0.060077353680127385,0.020115304569898088,0.05999483420945419,0.07001471263441308,0.010249804612800567,0.010077568953380347,0.029966372546779696,0.019895418403329146,0.029920862727694876,0.05002434440055763,0.03998385381144552,0.08012216892421513,0.05000284575355414,0.08991201936938364,0.38012763020171053,0.030201275685242834,0.41986656705486014,0.029854251743207157,0.22999896500598974,0.05004572728193257,0.20004846093682113,0.05990961106986464,0.3700327614485292,0.020097648881477522,0.25995200346978425,0.04989183369182912,0.25989332587874414,0.030053949114493304,0.15006334412831887,0.1399219596083449,0.1498933481248841,0.13017570028511666,0.12980410886303761,0.14012710708044213,0.14013630359396634,0.13985852468309043
0.00973752759788171,0.13017186036309603,0.02000901862174343,0.010178861756469256,0.020057578650011895,0.1300273999141571,0.04989277706845337,0.07003120768474237,0.08005317174379328,0.12008092173774639,0.060246112272663695,0.09029221609264944,0.08956027983963828,-0.009870792385113791,0.2199514204473736,-0.010235125697557445,0.029980415460374554,0.010137020875359835,0.06991927966023817,0.020003393397581188,0.02008027401741884,0.49987099555734094,0.5600128920175897,0.7197104170934703,0.7798203312503905,0.2600873833312547,1.0007067311449367,0.1901856158581945,0.35057320463802333,0.3294840074005219,0.4102819395966114,0.18970775512050245,0.2302351176134086,0.09971534053014686,0.26082286107123887,0.08990106511162861,0.07015851222406176,0.1398124246009235,0.28004893866685454,0.08998935098805556,0.14991585248089148,0.12991203512166008,3.419797023140692e-05,0.05996981500400833,0.110095426175761,0.05000580166855841,0.030087533052116647,0.0994809861762331,0.08028096326661988,0.05986781970579165,0.0696832743275616,0.06012237675724439,0.06008737905225247,0.17057711000405884,0.06986390984411421,0.040005505063787444,0.060043883454390184,0.08996346852515923,0.06001554001925222,0.18002984864134783,0.2401059376289901,0.18000891652746884,0.2399437841547277,0.4798012371817381,0.30994558352671214,0.4401100655495131,0.019887015309227866,0.2101679986317041,0.14956966537051034,0.14008335100241917,0.04001465191356496,0.12981318355405136,0.05996644320883418,0.05968833903270208,0.09986470077363907,0.0802361392881874,0.3101106507953223,0.22016882765416163,0.45940436338328067,0.07015807665271566,0.3799468514033473,0.1602358117317114,0.17994904151686583,0.2605194299372427,0.3397841860634107,0.27910028943276927,0.4801537114349741,0.3306192558852363,0.32986840900574466,0.46968372913296325,0.1700005629689903,0.05017813605347514,0.13995739773015836,0.049767427889541284,0.23053491759243214,0.01047722114869641,0.41922739503929934,0.029544650806666406,0.6100490392691695,0.07016679814661297,0.020193869237498916,0.039865251896651056,0.11997040817391465,0.030524657092067253,0.09015597040112601,0.029238181849848423,0.039612372472450356,0.010187234027033493,0.05950658604899794,0.13026852088739438,0.4691630762773411,0.42056381014942856,0.19961725572835787,0.1003384259895631,0.08019500654976094,0.0702281865041976
0.1395181035649623,0.4103060552429261,0.1202326028443654,0.05006564200016988,0.11995803481417738,0.06992929492009785,0.08000745288309624,0.1099938903289146,0.03992591046421613,0.059964071207882705,0.04003845174681937,0.030099533604113216,0.01988991556708849,0.1999120971939972,0.039845123964486265,0.23025895808868088,0.03999909534233149,0.2298683930260509,0.21986872322475504,0.2200874842802564,0.11997547974367567,0.18992393795464638,0.12002967555075925,0.03992106109423444,0.3098906863431576,0.23004993100165624,0.1901856158581945,1.0004534739339472,0.05016015747778166,0.040117008219192014,0.18989246624485256,0.7997995651057311,0.30017896356561463,0.28006430624653117,0.8299616694726505,0.12986481836770633,0.020048167793316543,0.4599875117127531,0.05039737101526617,0.030213555464361073,0.019752249135441175,0.08002815689342031,0.05002802978554243,0.04997865237640084,0.05991792637002754,0.030016570021717405,0.010010398684391353,-0.0001777182655630753,-0.009903660958831927,0.03000136110951653,0.01990837409124886,0.010062587420267742,0.02000717725581991,0.010258239505315394,0.0200116041260105,0.03005285735615468,0.029932028575714018,0.020035896106195522,0.05001962774364151,0.2398812885793135,0.06991097575619022,0.06995620357584206,0.020058955688075294,0.11017274285364519,0.11007961723301912,0.05994502187496372,0.18061522575643177,0.019869687083691478,0.019834990602450128,0.03013584450906725,0.1198704533029125,0.05003675819375148,0.08989908381974888,0.12999592416713476,0.08005453956394439,0.020001453960093125,0.3300489561280363,0.019886377413060336,0.5602774936893504,0.1597533409002938,0.509547306195469,0.1003494028098571,0.2000005954049873,0.12000177703106076,0.05989440943355672,0.050265863376129316,0.16988597605997238,0.07983909125621842,0.029902032737193357,0.0699897143339588,0.2695125967895696,0.12927127276083816,0.24048509753969302,0.14034245283469973,0.46083844697794923,0.09054478076714609,0.5990856579519159,0.139709538017276,0.13023074604214355,0.13998747345466436,0.5299670407187476,0.14036721225068086,0.39988623965699144,0.14000812069869764,0.1500349956774228,0.05986387716163341,0.7298896112580855,0.15959519937589517,0.06046365611395255,0.07942965106164741,0.10021974920715648,0.06975469344026443,0.059924574830824646,0.05016987085328992,0.05036704420828851,0.05925990610160013
0.059567232880399924,0.020198136809613257,0.050218624816756846,0.03003296309702982,0.05997654040063617,0.11003638845137488,0.029907291582407954,0.04007462939639408,0.5801554516893793,0.25000252418988345,0.04001491199557965,0.07033480431309093,0.03963686319357092,0.11008805524592917,0.8994999679584608,0.22985578012388727,0.030018831645942982,0.15001350676879474,0.5598878717635807,0.09007703892991473,0.04002153218127359,0.11991674197490272,0.2399744054947766,0.42970573260048633,0.1398541157517411,0.030064114191888786,0.35057320463802333,0.050160157477781644,1.0009707113360782,0.929419595195876,0.4503100580541247,0.02991069637567511,0.05011235968405281,0.019774299403186504,0.030367678946822036,0.030244011477978568,0.020170011678710475,0.02995073726011379,0.5805997131630145,0.09006793747260707,0.20984892095074487,0.029982192505543796,-0.00985014218930665,-7.128733169708345e-05,0.030016983156848576,0.06002998676660432,0.05006892732043704,0.13949370643133954,0.11029458651762018,0.06008957941915664,0.04965678697633601,0.010014592297230193,0.050028000769530394,0.18048526166559314,0.020052137866097428,3.4195596411464696e-05,0.009910889088115103,0.059933089265476185,0.010064820247941466,0.029921387022430725,0.020015120205363682,0.019973270405310408,0.10998345400084408,0.06983117699423189,0.020044874998243225,0.1402263118904306,0.05000495583776733,0.18025114330835687,0.15956079478954283,0.16015947211716952,0.009992311718967879,0.05988394942031863,0.020006533653388465,0.01977939800650253,0.06952336280043901,0.03019073812076326,0.05009974690415558,0.18005478574133066,0.1293743080496854,0.0100741673267861,0.07019341101787019,0.06012603298824535,0.07987188017816808,0.18055723230665444,0.5593497766702622,0.19951402357770262,0.45001373428733726,0.2204339298238662,0.6099848544766711,0.27956189145216476,0.36975698770083654,0.0894577794920321,0.2702317840450545,0.08038064770471885,0.04083222470721331,0.0307048954723565,0.03913248472710235,0.049930765557626315,0.17016176222514542,0.07982642376141458,0.27999452801633085,0.07030429651365044,0.10000715607252121,0.05006027711145807,0.06994225833383359,0.03963603553642079,0.22985248279392764,0.04983081017195016,0.039368562365159586,0.03985810436756216,0.13965710426300162,0.11004306110023167,0.039930204382836856,0.03045855873763688,0.03943298744635412,0.040799863492232136
0.050013545604694995,0.020022222852751924,0.05006719461201327,0.01991318396416049,0.06995196727141265,0.10993891832090436,0.04012056837361552,0.04993839485108917,0.4998951608051158,0.21993033005037735,0.03987895030421568,0.0797319945549866,0.040430607665606175,0.039782620799174356,0.8399985160870246,0.10043174347218548,0.030011892349875627,0.04980635881081117,0.42998258927601235,0.04003383340038178,-8.009181880532723e-05,0.08004301167229019,0.1800190444937508,0.41024777189699546,0.12007187316356649,0.0399626796432204,0.32948400740052186,0.04011700821919202,0.929419595195876,1.0006852340133108,0.5496147163985456,0.020085856911446893,0.059993622589388056,0.010275491084169544,0.02939187019207346,0.03981762099811926,0.029770614214766716,0.020160633791630158,0.530011259504453,0.05017277786999614,0.12984760443857976,0.020027507155180237,-6.691029726165027e-05,6.176026990253132e-05,0.01989003116909826,0.05000153377615058,0.04991237515968765,0.11034690053912098,0.07977351937635588,0.04003862086914366,0.05023703579551637,0.009910948240473014,0.039960243936749525,0.12966865519167095,0.019962211378450015,0.01001112507527489,0.01007180780894122,0.05010518718836431,0.00991057230491201,0.029927886654742348,0.019894070850697162,0.009977260419895,0.08008498053931191,0.06033318775004548,0.03005942889925308,0.11978830016476519,0.050404301917885065,0.12962736611660336,0.1203665557217933,0.11997392830460284,0.009927440867072814,0.030150247788548853,0.01989894425577919,0.010355347244646087,0.06034456521025161,0.03991413772631918,0.049920691696938,0.11972817039996252,0.14073283244141577,0.00963930235077335,0.07960562969824568,0.04017194465295468,0.1001007900554856,0.14947934283718808,0.47024359431383217,0.13120352849958875,0.39984719977656263,0.14913205130841137,0.45013765735313527,0.2003288971339138,0.35959286238687105,0.07970343012576399,0.26040836688977526,0.07008117576967011,0.029900514400502315,0.02978172386159192,0.0502269543140549,0.0600700553077654,0.20006756458486216,0.08006483271207078,0.25989444780274723,0.07019122414563593,0.0699168625811157,0.049706079341510126,0.04997918671094366,0.040501793406801295,0.2001989336740709,0.04971490096886807,0.03070138166131517,0.049687426624362756,0.15071508413307944,0.1295975451782399,0.05992863484844506,0.03996864861738341,0.04038518750185244,0.03893880038957513
0.02006174866046961,0.11993542016491794,0.039921480788066545,0.02004859646691996,0.0400358738520092,0.2700457302100925,0.12994262107393684,0.1600174199777312,0.17006272609434317,0.22004876274859114,0.0800706139195332,0.05015957058098732,0.019743876274944946,0.07013492711984746,0.41001620103808434,0.04973433485690054,0.039986260470525246,0.07012739108956595,0.05001339928909074,0.03996986135364174,0.05005656610588519,0.1299766186610809,0.22999314630600473,0.3698736746333691,0.1999555601632018,0.05002612931491192,0.4102819395966114,0.18989246624485254,0.4503100580541248,0.5496147163985456,1.0002328842266868,0.3299765768727503,0.45996726026941614,0.2298385334689094,0.2703803736010931,0.13010357121274052,0.020115415221146134,0.16990665908427052,0.5199110235269757,0.06988313766503665,0.12008917972009266,0.09996939525470519,0.020031350566947104,0.04997628870422403,0.06006848592622572,0.05000936856029039,0.03004902477586011,0.059806009782078666,0.05012301027504434,0.059965277760014334,0.029862174216282504,0.010070778432437028,0.020028428373378357,0.07017635843691353,0.019982534940308095,0.029984321810314893,0.010007118657618276,0.029946328610690402,0.010025014101996224,0.07005386926220027,0.050081106283911075,0.02001791281908359,0.08994656874474656,0.09980667757622026,0.06994469535898737,0.13010930279472085,0.019707217221751342,0.07019131180237018,0.06984233268099439,0.06998356056656434,0.03005600066054422,0.06990741287310034,0.04005467965798232,0.059778254812016714,0.1098106753375241,0.030053706526450157,0.12005381127515884,0.11012294374250238,0.6594666593654555,0.03022121816911834,0.5103346176601102,0.10992809275151104,0.22994786368369674,0.18027811299628735,0.49992405364402925,0.13939418602938164,0.6301205237399782,0.18042694278549737,0.3999239840384819,0.20981942515092036,0.1402489177132076,0.05031313932305819,0.11973114635663075,0.03983566669140463,0.06997605665286759,0.030107726428998192,0.1799670029390781,0.019926906487104823,0.19993753939127734,0.04001608473237903,0.07009589989637441,0.039806020286746645,0.02005259341985998,0.040232126772888864,0.030010768338046136,0.04970069445417713,0.009867407941263494,0.030213703173477626,0.029654837246676443,0.05020590135617075,0.16956255122419966,0.12030245538956554,0.049947868215537365,0.040108687083332595,0.039753141528867816,0.030545059805128505
0.15019825105386383,0.4398508933453647,0.18996813234899448,0.05991162563714733,0.1999642645418105,0.1800299659143569,0.11011321741323292,0.1499398194737028,0.040066353202893965,0.07994879328952784,0.0599095934798941,0.019833655710788017,0.010252415769595468,0.19990039327427234,0.029895720899525465,0.22017044257334675,0.05004571476109436,0.16983786227546455,0.18003472847386434,0.1000547066844886,0.12991460781375247,0.16007435559586755,0.1599596614954215,0.06012516712099685,0.20007348830612898,0.0799319926184288,0.18970775512050242,0.7997995651057311,0.029910696375675106,0.020085856911446914,0.3299765768727502,1.0003589741597778,0.5697933438291263,0.5001101078551875,0.8794656916525645,0.1600235918027296,0.029955027141543224,0.36015110321977445,0.11029539334289447,0.03993766911931739,0.040084670011450295,0.12006570951457243,0.03998732532104982,0.05999173725277582,0.08993293047114392,0.029958719033453554,0.019964858058251867,0.01016666115678555,0.009978236888785595,0.04005121796886265,0.020180715419789372,0.01990393999761611,0.019999898862703595,0.02982520835536288,0.010046995815756124,0.020008306568865316,0.0200240007745406,0.029927504399505367,0.03996356525812672,0.10986164703187029,0.03989496634361973,0.06004871311869354,0.06000878893945014,0.09002332526119725,0.05012992550073363,0.06998491955795556,0.14006638740503577,0.020023030374841905,0.030191356412022422,0.02993517481227922,0.1400164459522265,0.10012081011661017,0.11006654175451576,0.17006339489068747,0.09008560696342434,0.019864335946579496,0.19006572116080234,0.059764883786749164,0.7498232090880202,0.1599254148739939,0.7204095116044174,0.15982553607284264,0.20001936209005464,0.12978130345963038,0.139446368756735,0.09023614812207482,0.30014336908283745,0.13002050474531204,0.09021599488421747,0.11002533878935557,0.12996314463748024,0.0797834848136742,0.10002174376763785,0.0900871479174382,0.22953862380356996,0.10985780425389567,0.3506374160382672,0.12007317551884168,0.06998350339362311,0.09014127128069917,0.22992589775215863,0.1001882079337074,0.1099299548208315,0.1295875138059267,0.0400219684093667,0.08056432140498955,0.45026167775158193,0.1599197025117875,0.03038620360168396,0.039907386649561886,0.07050028409610751,0.049472322024835855,0.05030514643522214,0.050167555027833016,0.04926703896847407,0.039861835473154306
0.1697189698508806,0.42026282390723924,0.25010338320591197,0.13008490474705978,0.15000896969475674,0.649981844777483,0.10992967973717885,0.07007989968184494,0.020034891617155236,0.12999782407719562,0.18015796715546684,0.029928249131455423,0.040183702022666495,0.06989512875862466,0.05988267649524319,0.08012908354970028,0.0400437365107508,0.06994600871135857,0.049958550201262004,0.04003936676962108,0.09996199084242789,0.07992184158785745,0.11999118235570448,0.1498901886614388,0.10998439012016523,0.019987802641652484,0.23023511761340856,0.30017896356561463,0.050112359684052823,0.059993622589388035,0.4599672602694162,0.5697933438291263,1.0003581363159537,0.709902298948062,0.5702203796033307,0.3297603746835534,0.07988550811764444,0.2600101649149433,0.34027048540108656,0.0601007004963417,0.10988323104345958,0.19995940221910324,0.07998284705207614,0.09999767931092476,0.150030409266846,0.04992219427094513,0.04002083211480244,0.0397630090992365,0.06007581282454685,0.12994693836462165,0.019917986254250446,0.029814546462993915,0.010085021067641428,0.04029229854090365,0.009867845835814267,0.01002157112769112,1.9404431409909362e-05,0.01997904604323385,6.29813984332699e-06,0.04997452910841148,0.01998725608977266,0.01999808560897394,0.09000406993414306,0.059987483391548,0.03004974527388008,0.08003601464427688,0.05008978539729945,0.040068156228027806,0.03963245554363204,0.05017564837032356,0.0799674664343719,0.14991101177743443,0.09991972617969543,0.13025056038271524,0.2501196344652407,0.020328256696828074,0.10996155953785944,0.12016655663453656,0.7703387834681005,0.10983880643459647,0.8793137112987223,0.19011132047965887,0.14002051244073607,0.2302282654435758,0.38958324389035615,0.16970782053547698,0.5600057227148915,0.23020067151696388,0.2701294910219088,0.1998495956346558,0.05975618953752471,0.01973339699816541,0.060264822133817474,0.020074385215959927,0.0802991962950577,0.05987717115755256,0.1695352169172676,0.040038962316965444,0.09008750496678199,0.019992800275373954,0.02999370434592651,0.030209394744711862,0.00990099761332853,0.05008639907314666,0.020192025357213116,0.059715653465831825,0.05993409070049116,0.06993841032929893,0.02941490517708188,0.03040449488031626,0.09967745988590906,0.06010691743974287,0.019881242377740825,0.019919427040702264,0.030440937282750248,0.030060265774017197
0.27997758286168256,0.3900055803756721,0.31006349510636994,0.22994199896318898,0.1399550680787885,0.519962292358287,0.010070671794546711,0.029967368002158518,0.0699448052233587,0.029944797053761477,0.049896218507014985,0.06990091767685357,0.060145156429312424,0.049907576559074344,0.01998928349543256,0.07021663881682878,0.040008333438158274,0.039872080330473465,0.059991672726914365,0.03003647022559276,0.10994951277586391,0.050041106590990335,0.08000444768307784,0.07011736830920132,0.0700479085015759,0.00997327174170494,0.09971534053014686,0.28006430624653117,0.019774299403186514,0.010275491084169525,0.2298385334689094,0.5001101078551875,0.709902298948062,1.0001780519519943,0.5995377752863887,0.1600013479573204,0.11997036331926814,0.26008626168682397,0.07014106938711115,0.07005791149924792,0.0799757191456124,0.18006861742340766,0.17999177697692803,0.1299999480285163,0.14991250765062425,0.030002383156843,0.029964379710181867,0.010192282816963338,0.029915426427665953,0.0500600476238652,0.05013645453619379,0.049988341805514674,0.009962545184136017,0.009816202215510567,0.010084240339430478,1.8756431963373526e-05,-5.2710209784031484e-05,0.010012357497060653,3.0939523238789228e-06,0.05992097164229506,0.009903110516053625,0.02998835332356878,0.060046933765790504,0.040150785274222625,0.010069795888137969,0.03992509036991778,0.09032244094300898,0.009885682381271717,0.010166239876681766,0.009992238043377876,0.10994147909344519,0.15012314800718496,0.1499951667014452,0.2101090099332578,0.1400904123476899,0.039834282953089994,0.10999304062357665,0.0798412356252966,0.5103057385333375,0.1798380042568104,0.6099682288687406,0.21000007539160942,2.159763801729339e-05,0.11972371080651256,0.10002402401655239,0.10049586755710224,0.19992236767051758,0.1496959445121564,0.11001055416934222,0.08015157253279974,0.03985156920180786,0.01963915836149621,0.04016190289479943,0.030238334442240087,0.0400096692282521,0.12999206161592566,0.08009004543040303,0.09007423854590099,0.020058471771651144,0.03993640059319369,0.029900314930477002,0.030188543311905406,0.009961713782590859,0.06974531169911757,0.039945936823171706,0.09036230364537488,0.18015683750985081,0.15975059841645978,0.050572660373074334,0.01958284073859848,0.02054543293268676,0.019572395007506193,0.020214564442448006,0.039936357186835705,0.04991865282371232,0.05954696193610909
0.2201289916681029,0.5898980111106954,0.21974275268468202,0.10020184802804472,0.16016373064723635,0.2400792393834644,0.06981272012463759,0.07999849998228342,0.0399833089923867,0.06022091185399716,0.07030215516881326,0.020427242433350416,0.019298248553001333,0.15039393116263586,0.030333496588597575,0.18924610182579676,0.049883942562394715,0.17052253883471089,0.16000514747401035,0.11981265437952618,0.12025146252880414,0.14985098081972073,0.1300619403592139,0.08972492543525896,0.28976407453747305,0.16016829300610758,0.26082286107123887,0.8299616694726505,0.03036767894682211,0.029391870192073514,0.2703803736010931,0.8794656916525646,0.5702203796033307,0.5995377752863887,1.0016779953945776,0.20994433601548612,0.040096616287921466,0.46961905536683884,0.09896012238904377,0.03989828464645753,0.03997579380100358,0.17973847200600881,0.08998684179009338,0.12005911615984476,0.14026564022331045,0.05010150002354235,0.040100219418411576,0.029544659322385404,0.020139160693479253,0.05972879222481733,0.019554439526999184,0.020316488882943965,0.03006144367385897,0.03043495690827704,0.01965476043443809,0.009916695856741726,0.030275825992322144,0.020121232652692764,0.04991483091846975,0.21037515562014455,0.07038470286496723,0.08998962204292413,0.059875741138580185,0.1597298725740244,0.1096191364029611,0.12003994070900674,0.10904710805657197,0.03003691517285513,0.029776987408781007,0.029913440973778023,0.11015813598777903,0.1296319372460007,0.1299394738684659,0.15943903517185584,0.16984964906012118,0.020359737042622283,0.3599902515613738,0.09039677652559955,0.7590962781008204,0.18057422610405274,0.7701282007530441,0.18028467974775247,0.16999211522879995,0.24059494214900148,0.1309826115619366,0.14907831497679458,0.30010734336139183,0.200307465963336,0.0796920176903591,0.17981241786557653,0.11044056862682493,0.05154580935692216,0.08945509083159107,0.058847703785731724,0.4101372317970623,0.07034379090709268,0.5395298699285764,0.07937603505734783,0.1598046176488263,0.06041475994378702,0.25045957244901684,0.059132929095421366,0.22017497657240243,0.0711091125503209,0.11004597341905284,0.048602554647901114,0.5792777579621099,0.11084409081548897,0.06889767750758949,0.0908833789983584,0.1683062390685275,0.11168304735712174,0.068889670674243,0.050229555055268924,0.05112255592873897,0.06051684235146224
0.5300090654980788,0.6099003933841181,0.48005832031766754,0.4898874319787804,0.20997088201300806,0.19000345213415307,0.3699241502181234,0.13007864487020637,0.04000132593742589,0.20000231602015583,0.8597130388390325,0.030207040710443483,0.029720330862141705,0.03017256932636509,0.03991561131599662,0.039715360465611485,0.00995125926543805,0.06015423364276037,0.030025659136409092,0.04994485682494456,0.020068180672470258,0.010075880345999525,0.019988666534929738,0.049971113537773455,0.050065639686981904,0.04002549892269457,0.08990106511162858,0.12986481836770628,0.030244011477978554,0.039817620998119266,0.1301035712127405,0.16002359180272957,0.32976037468355335,0.1600013479573204,0.2099443360154861,1.0005903579575355,0.030177780078122374,0.1299551980780032,0.18979104183192302,0.22992181073227996,0.1001320602654772,0.040021982676514814,0.30012811548058516,0.019976429598222982,0.05002505814780917,0.5901227688356728,0.2200177414249529,0.12007034168098789,0.06994169190726232,0.7002390465378471,0.09990811418803686,0.030071737670800146,0.2298363346712303,0.09981863453399054,0.13032939957358733,0.02999315193549035,0.02975513837883059,0.05002563443190103,-0.009866292153987403,0.080108127295132,-0.01993284033646861,-0.010065189861537729,3.2912011535611574e-06,0.00989839467309076,-0.00012214697899616756,0.030127916257094524,0.04977921836664386,0.08010532042916561,0.05002362414404531,0.03999596704301327,0.030034317100079443,0.059983630402896594,0.1300989269754817,0.07988201649744088,0.7893993588060294,0.1298290511637533,0.13992103253869034,0.040133647849717895,0.28997468148748595,0.07022320953701446,0.3703945923950781,0.06975346957560698,0.4298672054723527,0.35012525002342487,0.1906267074279389,0.06006443755771885,0.26973780806684033,0.04985497864287435,0.04973835114898515,0.2399708839824095,0.03034855657427264,0.00014405384852622262,0.03969574789569334,0.00032020495588881226,0.17022349071587523,0.09014528397007981,0.1898825961059028,0.07039122795890324,0.1099524294979175,0.019429576971826536,0.01988322623450305,-0.0002396043262722476,0.030258073291341885,9.145230337452784e-05,0.03961215088864729,0.00995118356032003,0.030070360940883983,0.04993336654986423,0.10966008061791123,0.189586818649652,0.1601145762226592,0.07007567514478956,0.02028682125794766,0.01969779644417401,0.029489942985813148,0.051288632347876666
0.05996570859352071,0.030002140314092964,0.04997658535481162,0.04003761224360719,0.10000748887900414,0.23998644560443774,0.17996882085863208,0.21001481872590358,0.01997924961854411,1.7573081788203268e-05,0.029981272134300234,0.7602067098545214,0.9095694249649912,0.2501206017234067,0.00010112973761934734,0.08982674086424106,0.1399555226099283,0.04009485477311204,0.04998217636327552,0.029981039803341727,0.300060798123347,0.08001311791871941,0.10000846230695071,0.089908773687721,0.0699479621084048,0.06004587591140338,0.0701585122240618,0.020048167793316543,0.0201700116787105,0.02977061421476671,0.020115415221146158,0.029955027141543238,0.07988550811764444,0.11997036331926814,0.04009661628792144,0.030177780078122385,1.0002947904240194,0.20986401273633912,0.03987878866568001,0.16991482713433312,0.23008623429910205,0.2500379665556177,0.020045317668539803,0.1199522712609345,0.23001107693723552,0.020059922669936343,0.0700189577352521,0.09997544572692182,0.1300850500035033,0.040024002041368356,0.5799435265458696,0.8302169403258792,0.03993080393086484,0.020031680961868005,0.11022218870697789,0.09000521350849099,0.07981356369834774,0.04998526817680016,0.05010675313970192,0.04001143578168604,0.050019536327860346,0.029995051338660254,0.029980033639486436,0.05987665833976659,0.07997202135048959,0.07006603360155043,0.17010130834036666,0.04004871246312284,0.020046618338330914,0.029922289938020808,0.11999136307006557,0.1900060209370488,0.17006500989169102,0.25967709847139125,0.04977610413113376,0.7097354419580266,0.020076521277892556,0.16003152345440957,0.03980287710678476,0.28015155804351427,0.050253823769502916,0.2799688741151652,0.19991586149842025,0.0900974301239859,0.07027927994575786,0.18951376811791767,0.039966204027039154,0.20035577743367533,0.08973625047220472,0.009994366686271534,0.06028109528003541,0.030084385324690894,0.05976585161736386,0.03019375644940297,0.08018953205632387,0.23027613106730413,0.05978387863767878,0.19986409182067713,0.11997680520616746,0.09978810272532941,0.019981245953754855,0.02976412679993626,0.04009291844403087,0.08013002903280395,0.09991244457125939,0.11996635216909597,0.009912463544362107,0.18003478927949396,0.18022217599145732,0.1796954868460735,0.10994444118192177,0.12006316435217369,0.10017861564357508,0.09998008467439749,0.12963987384080358,0.15023151291095913
0.029927202572940396,0.1900438850066411,0.010101751114171621,0.02994631015260442,-4.484972964679249e-05,0.2399994441948745,0.03006168446258008,0.01998481062606286,0.1000260253027211,0.09995303023402545,0.059931086297601875,0.03982100617973728,0.11035358750077613,0.039857857248515274,0.089829542942988,0.040250877407612816,0.08005417110604568,0.04981883036163569,0.029995316504210372,0.07007423298515386,0.48990210876766405,0.1300267219606938,0.06996447008626162,0.02007461878432244,0.24006605668849001,0.20994275688483147,0.13981242460092347,0.4599875117127531,0.029950737260113824,0.020160633791630148,0.16990665908427052,0.3601511032197745,0.2600101649149433,0.26008626168682397,0.46961905536683884,0.1299551980780032,0.2098640127363391,1.0001581339703625,0.22040190527534226,0.050054974958173,0.0699813924852192,0.20002878859273582,0.07999703873003264,0.13000585780554838,0.1499463993761061,0.07995083079582395,0.14998753291307035,0.1300227778514925,0.07998224472415753,0.07006575528720949,0.04010031516268842,0.12979603246429425,0.08000570135337154,0.06000391280982163,0.049997653770303574,0.07002997402967405,0.06001052162105024,0.019961002789842468,0.04997360880506483,0.3898742800659793,0.049896460796378696,0.0300131097680096,0.030034011435996353,0.0700977990626055,0.09011576125631708,0.019963589266501536,0.16016156499224485,0.010009805520698557,0.01992034614141108,0.020098658535132315,0.10997890043316658,0.1100646575171729,0.1000002421151123,0.1902276294024627,0.2000897302835625,0.05007444378243109,0.5099973473393152,0.15987976803336065,0.460190202732568,0.25983192178297,0.3798940919932738,0.2099213643706798,0.050034976488807566,0.4098892254638276,0.25946861128596205,0.2603194176193906,0.3100310602412469,0.3198968231681522,0.18020882064232333,0.199975585435099,0.159757783289129,0.08958076197312577,0.1702184788472274,0.09012050100850258,0.17995356226883136,0.10994532557775122,0.2701101778491128,0.13005791977907455,0.0400803580420383,0.10012233347983132,0.2399252290663016,0.0803425257904023,0.11990131724121503,0.07972317396721032,0.04004285047000214,0.040226046608489774,0.3201930519356076,0.13978399591351431,0.030046414021684564,0.029919384310329086,0.05038404844717817,0.029552331694702963,0.04021562217427027,0.029987644073073767,0.019810169955858214,0.019965718222132705
0.019130117506614523,0.07055836832968011,0.030581322033193935,0.01998115374972537,0.04982438989103606,0.36996044960388286,0.11012070431406745,0.09002607262728023,0.7101510334945103,0.6598170557733953,0.18996685226600435,-0.0003061144742814527,0.030724601383725535,0.05953892868442264,0.7191826218333818,0.07087106534735127,0.07020980669189639,0.04930786455563331,0.11984522704259862,0.030370714426633444,0.1496607603120474,0.04997398996248447,0.09987628365554267,0.19991065094161134,0.08004749848054747,0.019860401308042216,0.28004893866685454,0.05039737101526617,0.5805997131630145,0.530011259504453,0.5199110235269757,0.11029539334289448,0.34027048540108656,0.07014106938711112,0.09896012238904381,0.18979104183192305,0.03987878866568002,0.22040190527534226,1.0021426455936728,0.1302582945852713,0.2498183195301489,0.15017997831558388,8.070328216940873e-05,0.05988974421621273,0.11978251887245131,0.14978901383883902,0.1400344271412324,0.21958022783748615,0.21031777716653363,0.20019017028935035,9.226064581283341e-05,0.01942332518237737,0.07009237190948782,0.19061285609057524,0.02012951289328132,0.020172603353594474,0.009788945055426943,0.03973711993935668,7.092047082247586e-05,0.039398570976735006,0.019550332256279983,4.218897533001044e-05,0.080105510220744,0.05017520563386036,0.020558828748091933,0.11006723876792246,0.02111769149827985,0.15031096471026106,0.12918870682451863,0.12051535853782903,0.009810782665752107,0.12018557341124847,0.030008504028260795,0.04047918728057537,0.2701132539346601,-0.009761542932774099,0.10017361206876359,0.27968847945749986,0.43038323970888703,0.029379888707930096,0.36941395479180045,0.12989971656212745,0.20000766171184295,0.42010370790556717,0.9573649451992976,0.34995464286859473,0.8501696985844991,0.38062395157418316,0.7205496337635106,0.3795677728633452,0.18896873257244362,0.057601827010841294,0.15101238772755252,0.04109684143391212,0.030847937774664484,0.020540354292565018,0.07918150409979581,0.02991120775473947,0.14050695245205838,0.05021344910932002,0.12969456682047784,0.041616717462974025,0.029545692584100468,0.029045806772581045,0.03029904693694885,0.030487465175150993,0.07046758256248657,0.02895781493815859,0.02017349958440646,0.04936035233979816,0.1610761468453429,0.08822245201453568,0.021020230830529944,0.010173865250618957,0.019028261500839305,0.01990953571822739
0.5497697391943215,0.2101187291330451,0.3201680089471472,0.5499595953769323,0.12996265678595298,0.09997369344422255,0.13003539492782176,0.039968806957550396,0.09997691835303359,0.05996788511799212,0.1699634790592126,0.14999930987154145,0.12007261289943934,0.07993256408386387,0.07980502553929515,0.050168378386823316,0.07000968322967231,0.029902623317601112,0.0099374902658118,0.03004940565220783,0.10996942038303152,0.05996857306032599,0.07001335875669419,0.07002200020918693,0.04992317677172854,0.03002553010889964,0.08998935098805556,0.030213555464361035,0.09006793747260704,0.05017277786999611,0.06988313766503663,0.03993766911931738,0.060100700496341704,0.07005791149924795,0.03989828464645752,0.22992181073227996,0.16991482713433315,0.05005497495817297,0.13025829458527127,1.0002068348472792,0.7897717773652013,0.3699994293685004,0.4000138620098679,0.1100111286788557,0.3899392348499382,0.2500135089297182,0.06996845874603831,0.01001595590834496,0.009973868704945637,0.13001131703439797,0.19997790132263418,0.1600005863470402,0.08999396206971104,0.009989741152296098,0.07995142640210648,0.05001973685741261,0.03004916250387397,7.905945275531957e-05,0.02994457349189701,0.039945022632250644,0.009944382763440023,0.039964903843901105,0.11004564036384265,0.04019654483400631,0.010048978896257615,0.059926703877590616,0.11023400094991433,0.009818049417369834,0.010070036787127238,0.03004860365159054,0.15994695397707412,0.42004296041105416,0.49991549943458263,0.4100347776566747,0.14010212948600473,0.2600313207113536,0.02998038285950469,0.12985749159717078,0.07020309670339114,0.3498530059525324,0.05974586529339249,0.5902209238669948,0.0800401409696781,0.009893422139910542,0.14991163313303846,0.14056397999505502,0.11987107042768327,0.2296031938728635,0.26009135552845053,0.010059591159073787,0.03954774809651777,0.029484119440732516,0.020442794105386377,0.030174473389909043,0.05037897896536284,0.20034068818580694,0.029666024866135624,0.11988446327947201,0.050136159994581264,0.04011640256931758,0.01995713810672755,0.030399756794330136,0.039935222309132795,0.04972207838993292,0.0499614537830743,0.08010562883245381,0.02999659139027712,0.1397818880945073,0.1301400901704701,0.10975620329314364,0.030227567119027434,0.029804812549280246,0.019819981250760416,0.040170553251880736,0.06035893677819044,0.08942397980497971
0.30019790583096684,0.1198957553046316,0.13987666375752247,0.24001886707273243,0.09001976443836357,0.18001902232451197,0.09996978824306897,0.040034953784698256,0.17999155018088248,0.08003128268052409,0.049971658498054385,0.16991997195396571,0.1600462985953225,0.1800576661684275,0.1902494440295161,0.13985151982178234,0.16000335657611242,0.08006263060871396,0.06009217721619361,0.05996478856750585,0.2599953217673738,0.08006761587261643,0.09996106349541058,0.12000882769957431,0.050135234626328046,0.03994468833080483,0.14991585248089148,0.01975224913544115,0.20984892095074487,0.1298476044385797,0.12008917972009264,0.04008467001145029,0.1098832310434596,0.07997571914561241,0.03997579380100357,0.10013206026547726,0.2300862342991021,0.06998139248521917,0.24981831953014888,0.7897717773652013,1.000330229669866,0.3100192952908737,0.19998913965662007,0.07998546803582708,0.38006567707457845,0.11997191045007312,0.04004414043833328,0.04002536999433398,0.10000008976908707,0.01003787485383008,0.19008642481108948,0.2099081891375514,0.0899577112865739,0.0499995115809516,0.11015372092840567,0.10999957095137672,0.05986318339005448,0.009900103209393723,0.030096679806175922,0.07003336732865563,0.020017377088934873,0.0600383439820227,0.21996112623406847,0.04981776968021037,0.029975442427651638,0.08004985127314532,0.13977434915448037,0.030241720180639767,0.05981611173799926,0.08002080444284564,0.26005641871940866,0.5899805162365432,0.4101324797114304,0.4900002134576571,0.029882136317121784,0.2999441714746304,0.02999465124232128,0.3301917856937006,0.11000243761178304,0.4301910665023946,0.0901688739860485,0.6995834256894425,0.06996878842363728,0.030075863988681232,0.3299993518311689,0.3293136166812592,0.2600980619529043,0.44052515983248336,0.549911807638243,0.08995580256540218,0.07054812312614252,0.02042792773901639,0.04945972550117501,0.019854874962729023,0.08957517088432573,0.27965710037835817,0.030357323584199385,0.1500977134838368,0.049874080111548924,0.029939947597153738,0.040002915705669356,0.029692654424279357,0.06006798034931116,0.06019195924265153,0.10001556740455626,0.13987049888474437,0.04009172603596004,0.17017007681007332,0.2197495645339199,0.17017436844377326,0.02991141955849915,0.030005820456653346,0.030484477698388742,0.06950631822732062,0.10965689296821785,0.1509252349931596
0.06996775123476699,0.010030976457604066,0.1400341544720425,0.15998010019732856,0.20997515282950746,0.34997891265616865,0.23000523536136191,0.14002306298669315,0.04000682680742711,0.01995480399130531,0.12998248041820448,0.22997590557881076,0.18002302873633638,0.04996408842209238,0.029973988314102615,7.354115775756475e-05,0.030016173818576332,-6.219501347970578e-05,-0.01999612454756489,2.163629883974106e-05,0.07997367667247075,0.07001540374144068,0.07000058539630591,0.06001168479812696,0.09003314902501847,0.029974042055641897,0.1299120351216601,0.0800281568934203,0.029982192505543823,0.020027507155180226,0.09996939525470518,0.12006570951457243,0.19995940221910327,0.18006861742340766,0.1797384720060088,0.040021982676514814,0.25003796655561766,0.20002878859273582,0.15017997831558386,0.36999942936850033,0.31001929529087363,1.0000752454680575,9.105210865909356e-06,0.7699654752298724,0.7499486936492219,0.05997304914136518,0.09998771081223078,0.14007742388631939,0.1599953945861778,0.040031829276897024,0.2300558130559469,0.18999567993564612,-0.019990059514946697,0.0699127255361268,-0.009921743977431076,1.0561676353387096e-05,-8.805722297928689e-05,0.009958251255427096,0.02004979252869614,0.039953238612316186,0.019933806023912044,0.03999742267212755,0.07001294781724236,0.08000476204546923,0.030067597966505745,0.10004024845796662,0.020190242028017585,0.04005625970351433,0.06002115602238867,0.060003662576234,0.01995698484347304,0.340066145222485,0.25002235312642995,0.16005841462277154,0.009996399555848405,0.18989501828730548,0.11000426906371998,0.2999961243672388,0.2101330263102979,0.17992395505482137,0.20999723014182745,0.3899340554997385,0.06997999797639137,0.2199417997304253,0.18985602252758135,0.37995942677972955,0.1999723076160884,0.4200727482231246,0.18999359507428654,0.1200184447456181,0.019991220782138462,0.039660307902446186,0.02005735137289812,0.04033396048904879,0.030017300255982506,0.039909798753764804,0.07003109357208638,0.0202176343997691,0.050027963395908294,0.02978187226762972,0.0099016008237701,0.03016408631627401,-1.704328422902004e-05,0.029785821032594282,-9.041593113814248e-06,0.020260001224375428,0.040107732869962075,0.02984907069166125,0.010228267068110107,0.019824049735277856,0.08024126207471266,0.05971446312106981,0.030260229772157095,0.019914126087385933,0.019783564745553397,0.019913035034725652
0.4499105570981212,0.3200330860913674,0.16006161381446177,0.5099819695665703,0.0399845583994181,0.1899965431338872,-2.191281066032741e-05,0.0700259443324897,0.010011444263109796,0.029992293148860826,0.12994207973962477,0.010067558476200424,0.009928746448376883,-0.009977059116515185,-9.236174330015681e-05,-2.8240805495298345e-05,-3.4909322121637135e-06,0.010007655831608698,-0.010016903937691501,0.020008722620246423,0.010006238795994441,2.5964685778493698e-06,-0.010004415225165944,-3.618493986196343e-05,0.009997766376699514,0.04001013879495578,3.419797023143215e-05,0.05002802978554243,-0.00985014218930663,-6.69102972616401e-05,0.020031350566947118,0.03998732532104983,0.07998284705207617,0.17999177697692806,0.08998684179009339,0.30012811548058516,0.020045317668539803,0.07999703873003265,8.070328216938004e-05,0.40001386200986794,0.19998913965662005,9.10521086589964e-06,1.0000437755491018,0.09998601430703924,0.009995045220011912,0.2700240576849402,0.33000950536346346,0.12995430408346326,0.10002138040757512,0.2600638570266853,0.0199486023227984,0.010002978690526784,0.10997165640002245,0.06002854527389692,0.06007439487528937,0.030008573569375804,0.019932365915843037,0.019998172587972787,0.010036194587613519,0.08999616630713349,-9.736960792538282e-07,-1.9636269778676462e-05,0.020007235649197878,-1.6059957632458876e-05,0.019995595553070965,4.384664969348928e-05,0.050025181302253335,0.030037619178183667,0.02994014507689913,0.030035316426611485,0.04999165356611554,0.06999349718410273,0.16001108686228652,0.09998257322882141,0.4698420480896411,0.03999120585487711,0.11999406533679031,0.020020610530955857,0.0599916086743439,0.07001276343221993,0.09003654357825043,0.09998503398885977,0.009961922662456912,0.19007276552251837,1.9370297107468496e-05,0.020010326969569472,0.009935557318766634,0.00998984097873497,-4.816263411219987e-05,0.07994940952947759,0.009988085490793686,0.019874860616147547,0.010021856378122855,0.020156387055209217,0.07019718054643201,0.08012299338158131,0.05981869394689547,0.060073291094465256,0.020031733344982365,0.029854714794171955,0.019961892706193782,0.030038712303732708,0.03003714796717135,0.04000250326417205,0.03992200696371285,0.049966011554026975,0.04000845375359059,0.059914419808456194,0.06990557469307393,0.0998520316880856,0.06003848012951027,0.019964131872523765,0.030066527757039812,0.03998611430335881,0.04986078931304076,0.05027930761934754
0.03004416048558873,0.049963466833668604,0.09998010370390766,0.07999477474684208,0.20000775780435717,0.2100073789849615,0.1700168431507984,0.1299726989669062,0.019981718301657122,0.02001755163707988,0.10998816627034709,0.12997886523899496,0.08003893011888533,0.030001767851110597,2.7647245827517716e-05,-7.035973197823712e-07,0.01999161102381282,1.3443163966450226e-05,-0.01999742475423367,-0.010010411168080479,0.030005342923660885,0.04000198798864375,0.03000146843965504,0.020032259700097515,0.04999390679330303,0.05000785678853416,0.059969815004008345,0.04997865237640083,-7.128733169707459e-05,6.176026990252999e-05,0.049976288704224034,0.059991737252775824,0.0999976793109248,0.12999994802851633,0.12005911615984476,0.01997642959822299,0.1199522712609345,0.13000585780554838,0.05988974421621274,0.11001112867885568,0.0799854680358271,0.7699654752298724,0.09998601430703925,1.0000276438255062,0.4800141632313655,0.020015737887477788,0.26999659199073794,0.22001394831643128,0.18997023070973243,0.029986778191757196,0.12000576898551626,0.07999694212602217,-1.211972790073506e-05,0.10999065767030829,-4.5914533145328376e-05,-6.066841369319466e-06,0.010061295649169891,0.05003321521277308,0.0099594143406891,0.08001914930832615,0.01002362908884483,0.010000680703853378,0.020001365112328254,0.050037563257911845,0.04996821499842451,0.04994919361237517,0.039924605196588324,0.06992978440243734,0.09004591756738439,0.06998701710903643,0.04001904751707695,0.09998726201098274,0.05998373903388218,0.03999532447255262,0.030044033995469396,0.060032684931431886,0.1399897664849911,0.18996361641308238,0.1099841241855038,0.040016072258086205,0.12000454740289532,0.1100365231769751,0.05002521679199463,0.23995484190845576,0.0701138762255054,0.24016976061340026,0.08000454232807654,0.21985666514741065,0.0500188934367032,0.10003614444384099,0.009977272914362414,0.04016898385503704,0.009991722092472384,0.039806823179071825,0.05994014480180872,0.040024555419966086,0.0600577000851279,0.03988534997658555,0.019985381676469342,0.040146504221818785,4.589438683737296e-05,0.04993147242368143,2.040314886622244e-06,0.050068902109349736,0.02999510678665508,0.05992921605338638,0.02997150559797818,0.050058849936243835,0.04998631265183332,0.07004646931640486,0.08996922422959933,0.050095529968207354,0.03986637323314768,0.04003650558665721,0.050148037912599135,0.049924793755113814
0.06007058025073746,0.019962068925158758,0.06993517566629173,0.12002663243519146,0.09003125892559534,0.23002052334905418,0.15996089717546647,0.08001492253948748,0.04000458635356375,0.030044410686012817,0.10002925602712842,0.21002726782031841,0.15994409772367577,0.07006452291359841,0.040086705723030074,0.019852019975658098,0.03998572788638101,9.835141664618756e-05,-0.01997521466240087,-0.01003944412093724,0.09003431817145086,0.06999614107551516,0.06999458340926976,0.049964733386751316,0.06000112505685684,0.010010882256433526,0.11009542617576096,0.05991792637002751,0.030016983156848538,0.019890031169098262,0.06006848592622574,0.08993293047114392,0.150030409266846,0.14991250765062428,0.1402656402233104,0.05002505814780917,0.23001107693723555,0.14994639937610607,0.1197825188724513,0.3899392348499382,0.38006567707457833,0.749948693649222,0.009995045220011932,0.4800141632313655,1.0000682522773914,0.13001026182472544,0.030020696244263963,0.15993967105852555,0.26000779476051,0.03997622546912604,0.269952967153336,0.1999969975780759,0.01999148260987012,0.10005922536890455,0.009979500778933531,-1.4569193830456992e-05,-0.009981471906120368,-0.009992965528401176,0.010002187903366008,7.301670938649691e-05,-0.009928217827787323,0.030006748420827824,0.1099720576865308,0.05991659398105586,-0.010070988296165298,0.11001503969610564,0.019752848956418143,0.05004510975349592,0.08992738422543414,0.09999558139475252,0.030049128046378482,0.6399264344817216,0.36001529259366377,0.1899468492337408,0.009946316468728691,0.250076891884235,0.04998173524020189,0.49011296332049786,0.15990721663247087,0.25013005158421886,0.18000803257940245,0.529942426899764,0.0399948637871555,0.18011841564587006,0.1701528804434635,0.5197370104145753,0.19002531044962048,0.5601354352646463,0.21996466152546743,0.13995947332660452,0.030184223998518344,0.06038107938450266,0.02980289667930561,0.0597628538156875,0.019897536157935755,0.03993849274656202,0.0400350874392773,0.029940410543408832,0.04993314984393846,0.04005956450292621,0.020066215772357777,0.05977944662712655,5.10953317562353e-05,0.04021361472322977,0.010007407429279564,0.029751026349515094,0.03991923737228562,0.030193066212554527,0.019640218399906494,0.02025926940018587,0.05969041031445559,0.04029874690953708,0.019905565062737957,0.019909955035831532,0.020113100838004914,0.02038120174646943
0.23001471663319914,0.23994823887566366,0.13999681793418856,0.2199812033868383,0.05000328555979875,0.049999309916796256,0.20000188113816125,0.05997636685229747,0.14996385771378698,0.19002217860694248,0.6099279392898345,0.030108264659652325,0.02982290051213292,0.03007234452040572,0.0900198848874747,0.02990772002431883,-0.010039956530084031,0.02007314799981842,0.029984594226520476,0.01997224351536028,0.020046914989129024,0.010007722557685462,0.020015155216674383,0.020006180236765942,0.039960285740015436,0.05004376762915588,0.05000580166855845,0.0300165700217174,0.06002998676660434,0.050001533776150575,0.05000936856029038,0.02995871903345352,0.049922194270945165,0.030002383156842977,0.05010150002354236,0.5901227688356728,0.02005992266993634,0.07995083079582392,0.14978901383883902,0.2500135089297182,0.1199719104500731,0.05997304914136518,0.2700240576849402,0.020015737887477757,0.13001026182472544,1.000074311226539,0.4699971662639305,0.26002726182507985,0.09997447929602606,0.660027812919309,0.14995245612201463,0.020117988483310104,0.5699387539418242,0.19995130811623488,0.31004823127631914,0.049991014463766956,0.09999534225116596,0.18006396559514382,0.01999204929761219,0.09004933176878496,-0.00995133376862478,0.009976282851262896,0.020004013996612866,0.010026882615410675,0.009924681338798633,0.009970687898774708,0.10994772837717871,0.1698966664432822,0.08012737800769172,0.049946081491023545,0.11001305609122629,0.17999014138743072,0.32999379138874635,0.22985438558092564,0.6898858316715849,0.16991622806459739,0.12999737627749686,0.03995275286499869,0.069902411426893,0.19007946251971944,0.09015325003956141,0.19007735032266995,0.26998333742686237,0.39997305708170516,0.14041138214877455,0.060219062093278763,0.13991915858665033,0.039782170106103125,0.059881414337579264,0.26005808753933324,0.030034329507136335,0.00019566940135143065,0.01994881002661583,-8.895353539353178e-05,0.08012068970133278,0.15022103380116156,0.0799045282632991,0.10987395911600693,0.059987404513015784,0.019999658072708298,0.02003215514453141,-0.00016460980939465248,0.01007469487762879,0.00012423333156389623,0.01987761491184618,0.01991243591390775,0.02992321852701876,0.12003553860979915,0.10009429119334332,0.16980816990520606,0.11999055724371567,0.030162649464060942,-0.00015363806843344394,7.601574592980147e-05,0.02005385309243676,0.05001128098664607
0.08994237764514852,0.19003331448700256,1.137689371676168e-05,0.050034163897324846,0.03000399481143244,0.10000366734564685,0.009981735742696047,0.020008479599100255,0.14999408460910899,0.12001669967522258,0.13001530658527813,0.05002128868630192,0.08998127670796979,0.06001480220852151,0.09001608267512087,0.03997773462045248,0.010001405156928852,0.01000712658577536,0.019994248459591163,8.515621821997157e-06,0.029999967091218473,-9.844979940810024e-06,-8.430960874087307e-06,-4.1907608104049216e-05,0.030007781025042236,0.05000035672416799,0.030087533052116637,0.010010398684391334,0.050068927320437,0.04991237515968762,0.03004902477586007,0.01996485805825186,0.040020832114802424,0.02996437971018186,0.04010021941841155,0.2200177414249529,0.07001895773525209,0.14998753291307035,0.14003442714123238,0.06996845874603834,0.04004414043833327,0.09998771081223076,0.3300095053634636,0.2699965919907379,0.030020696244263928,0.4699971662639305,1.0000342722764854,0.6698823605710709,0.4300519779157719,0.3100059673295275,0.029958791662350066,0.06996690766259454,0.3600020887716873,0.36014501562656376,0.18000515308784584,0.04001048907655324,0.08997808125260487,0.2299696515413088,0.030020442415165022,0.11999201283162512,-0.009991457299537794,0.010003868314774952,0.009993601605847769,0.01995884058663429,0.01999249778133811,0.03001410895362854,0.13998776414008998,0.23008128469092332,0.16982153812541875,0.09006352979597232,0.17000273726895562,0.039967050750688723,0.15001584851777444,0.15998900593160476,0.5299403008920955,0.02006170319884301,0.21001548565358186,0.19005260890071493,0.06993734104666208,0.09003296458964838,0.07999034860097043,0.04996178046139731,0.04998860805375617,0.6400990510753035,0.14992729550864367,0.2598026294273298,0.1300407494184087,0.16015282663786895,0.06995854562278686,0.29992192017449,0.01005521277634997,0.030049313157764164,0.009920110262183052,0.01992279481752906,0.100090794543033,0.1700608006944157,0.06984888541993435,0.13991526857190012,0.040014469872815206,0.06004202492345775,0.010037143666907639,0.029960939664164465,0.019992479450796144,0.05016562582202147,0.06002485206348774,0.08978290714374786,0.009961457708958628,0.1599943866649419,0.14989776684279207,0.20998819705590313,0.14990534500601146,0.06003815569731334,0.03005890926101081,0.04994141603357692,0.07999100644031334,0.11024725433700068
0.040392703557344936,0.10974058126861964,-0.00011626647932827472,0.01983462551785507,0.019988132941265446,0.07998127032191807,0.02006508096039614,0.01995748985935826,0.21994792947657638,0.16995355451427963,0.08985685534519484,0.059887623315357845,0.12005145887193039,0.15003302305468824,0.17019335239117336,0.1199380388364588,0.04997007361878231,0.06004993236309622,0.07010032633201287,0.009913778414147461,0.1000211059479809,0.020097766873395546,0.02003210646666159,0.0502341030429543,0.05004908736283635,0.019978808930632908,0.0994809861762331,-0.00017771826556307524,0.13949370643133951,0.11034690053912095,0.059806009782078666,0.010166661156785547,0.03976300909923655,0.010192282816963336,0.029544659322385425,0.1200703416809879,0.09997544572692181,0.1300227778514925,0.21958022783748612,0.010015955908344969,0.040025369994334,0.14007742388631939,0.12995430408346328,0.2200139483164313,0.15993967105852552,0.26002726182507985,0.6698823605710709,1.0006324439681122,0.7997034449336488,0.23000511805471752,0.05024518836539655,0.1401607275809712,0.18992702174262927,0.759250748475144,0.06010221173254864,0.009949027011647701,0.039999834939825694,0.28011347164352457,0.029972789326250197,0.030109333122185934,-1.607684776253219e-05,0.009981989365508662,0.030013745493612184,0.05014206839851712,0.019968131700910316,0.11991851351557577,0.11989669961041823,0.4797468766812047,0.46073383573359783,0.2897232195229695,0.0800136901106436,0.05015921339985068,0.040020887422144845,0.05997132013230651,0.35018024981199686,0.03960653065564245,0.1298895454406414,0.639902289575661,0.0803510347089237,0.020050941254286272,0.09020079851039123,0.019879286889895847,0.06004549921908271,0.6995091765109007,0.2606667902839971,0.6506145576738596,0.22979002131714296,0.4894663195177574,0.2300214958382228,0.5504185482883818,0.07014939960687623,0.07007028721709868,0.059951393766993,0.050210576031903154,0.049383804525001816,0.10963623725986768,0.04085463362193836,0.12040938052670526,0.07985748145119764,0.09979563676497492,0.039851117204887675,0.06999929979243627,0.00011683480823714106,0.07937137206276076,0.039798786030735896,0.0708161198708011,0.010205174725468545,0.160110134644841,0.09046916470535751,0.12993124518933094,0.18045507613785178,0.08983263817744513,0.05007750178321165,0.04977962774264971,0.06011489900791679,0.07940339755630385
0.039813196394098145,0.09012337213142807,0.010049557523876755,0.02008859208483843,0.020001113681694677,0.09000999875215952,0.01999135244812472,0.02000394604514147,0.19004198364729208,0.16001110148088143,0.06009337973470727,0.09006982889876242,0.12991001226634544,0.13997843965070886,0.13990207882887162,0.10005036434983039,0.05002062834739977,0.039941945986063515,0.03994462481845772,0.010062105702243737,0.09997910616954733,0.029956780519353077,0.019980311480207225,0.0398740909097475,0.019953169024696092,8.390524248719134e-06,0.08028096326661988,-0.009903660958831953,0.11029458651762017,0.07977351937635582,0.05012301027504437,0.009978236888785592,0.06007581282454686,0.029915426427665953,0.020139160693479236,0.0699416919072623,0.1300850500035033,0.07998224472415753,0.2103177771665336,0.009973868704945646,0.10000008976908707,0.1599953945861778,0.10002138040757513,0.1899702307097324,0.26000779476051,0.09997447929602603,0.4300519779157719,0.7997034449336488,1.000190303545596,0.21997937424961986,0.09990599191569556,0.16997021638677143,0.010043393526012348,0.5203681377010615,-0.010010186012302056,0.020031425669021403,-2.8289878720293814e-05,0.05991571542567351,2.5775900992348793e-05,-0.00010423947013991607,-2.7784573308320028e-05,0.01002628425731958,0.049987961589717675,0.019908403208790833,6.680973952787075e-05,0.07005260357302645,0.040153035077776414,0.28014094386053273,0.3396917504171676,0.24009766451338443,0.009982832811264155,0.17995825428392362,0.030011569439426216,0.019921381422374627,0.2599422640442287,0.0900918377388962,0.030110844440634492,0.7399867483847024,0.07971192208457377,0.019974488988876292,0.10001843920672635,0.06005210840726598,0.02996992656014335,0.48021934896111895,0.26949108868994137,0.6695463386132009,0.24015731880641275,0.5204390419632468,0.2699959547888218,0.3997917917635925,0.06993379288230905,0.03983376821032051,0.07003070091266385,0.029998102261458236,0.020267683346941647,0.0502528873196382,0.01963547527952926,0.04972722582927885,0.07007787861876977,0.050127771200400593,0.03005503664310588,0.030061667970364348,-8.59551071897378e-05,0.04018634975949416,0.03013191509585176,0.039752288533587074,-8.029452483622968e-05,0.09993140602813065,0.03997826349286425,0.04995882386127289,0.09985771825542829,0.04993976199861044,0.020062472026039013,0.030201541313178343,0.03972000037012301,0.0401213133244553
0.31986833088315786,0.2900591491213226,0.3001231974813632,0.3799375610901246,0.07995467881187586,0.1599830563132123,0.09998638059835566,0.010053216510220711,0.1400052871053324,0.1999663125393084,0.7898294848325932,-7.434480447873433e-06,0.06007677230339304,0.049966875151317085,0.07984590206898874,0.04007156811874952,0.0100108129488894,0.03994573235084177,0.02998855545870528,0.030031009757695896,0.03996723984562716,0.01004396626426056,0.019973222891545614,0.04000764551899426,0.020077237760836728,0.019978657009730318,0.059867819705791664,0.030001361109516525,0.06008957941915663,0.04003862086914366,0.059965277760014334,0.04005121796886262,0.12994693836462162,0.050060047623865185,0.05972879222481733,0.7002390465378471,0.040024002041368356,0.0700657552872095,0.20019017028935035,0.13001131703439794,0.01003787485383009,0.04003182927689704,0.2600638570266853,0.029986778191757203,0.039976225469126075,0.660027812919309,0.3100059673295275,0.23000511805471752,0.21997937424961986,1.0001704597796974,0.010007697342797387,0.029892847980834848,0.15991914752184172,0.13997851923289456,0.030190076948177668,-0.009973620298007342,-0.020162349959582836,0.029984238514783358,-0.02992339262256749,0.01995749474917794,-0.020043089058894806,-0.010029662783265055,3.15816280353434e-05,-0.019991117993613923,-0.00997687405516605,4.581719543314769e-05,0.03011258704566553,0.09005492627853434,0.059892870325178774,0.04009548746909296,0.009980542289310852,0.020026042186102586,0.15003428990184162,0.060133864376330746,0.8297492331790729,0.00997643204651859,0.03996046379788896,0.10001437744676192,0.12024910870669046,0.0399429543384848,0.1699610173482941,0.03986751077632252,0.18994473605364434,0.3500244440473294,0.21998225822079126,0.12017822450150789,0.22986569707304086,0.08990125448883288,0.11996670863737488,0.22995801200681043,0.04999258299521606,0.00973973302131382,0.0500301705996253,0.010318217742778966,0.050219849288546455,0.05003120119969373,0.06983179260481416,0.04022774382287424,0.08005478455600899,0.009711240286726671,0.02987454028952072,0.020079081087551007,0.020056159833098962,0.009948553803584273,0.009859157854338689,6.880277170307568e-05,0.010143917544920722,0.04976794119566973,0.039862744123446495,0.07970568201871232,0.07029857566257167,0.01975058944123025,0.00030386306364738204,-0.0001988681884992961,0.009655626327218008,0.02061971468019832
0.09013814668275195,0.059937681120422234,0.08997331637939492,0.0699475895435131,0.11997711383285296,0.07998901630756682,0.3600832698932995,0.28995898009947135,-0.010023184864173607,0.00996304967829262,0.06994980332362845,0.8297807825230313,0.5602786418684339,0.07989461987491746,0.020090256569754904,0.040180973034085694,0.03002950714154086,0.04987505692686733,0.05004694315253682,0.030025457708121053,0.039926220155335174,0.0700652367679275,0.06997750183512917,0.0501440367773746,0.07008299137967484,0.04993730717193764,0.06968327432756158,0.019908374091248834,0.049656786976336055,0.05023703579551639,0.02986217421628252,0.020180715419789372,0.01991798625425043,0.05013645453619377,0.019554439526999166,0.09990811418803686,0.5799435265458696,0.040100315162688416,9.226064581284888e-05,0.19997790132263416,0.19008642481108942,0.23005581305594688,0.01994860232279839,0.12000576898551626,0.26995296715333594,0.14995245612201463,0.02995879166235007,0.05024518836539654,0.09990599191569557,0.010007697342797366,1.0002213351932931,0.6999125055887074,0.3399773532553615,0.03978330092697516,0.44006416172226354,0.1700098634612625,0.2599783656192402,0.17997918390378412,0.10998943220059205,0.07992243526969758,0.039904691558247204,0.030032402943001097,0.030017424678391552,0.05008189035786954,0.060092499183961125,0.05991720065478568,0.1401342721032743,0.09994057849669563,0.03017494984466715,0.029958318941463846,0.11999296653667355,0.22011322213303497,0.22003535298868881,0.23011620103320993,0.010220538600764852,0.8898572866293463,0.05999895510578223,0.10988352829350502,0.010281014669947892,0.2599143627686076,0.019973482543126354,0.25983651300821997,0.31005330141454296,0.019718544761953057,-0.00020822657140522616,0.09016078386199053,3.408306677127804e-05,0.08998713817278957,0.010131774503568078,0.060153213997670395,0.04001823285348632,0.019857396545377822,0.029999404836133683,0.020056217470565716,0.04959295710992078,0.15975677141792044,0.040480351481613996,0.14003106281017247,0.05997747637429592,0.060127497560321916,0.019918689779681215,0.020132433011702585,0.01994116295906493,0.029657838965959457,0.04004797454711804,0.04043300716288657,0.030209527034174958,0.12995062907707192,0.10033535529995291,0.11997048627943262,0.09042118893812859,0.05959140215398205,0.030308747673861946,0.029820549561146853,0.04985915247194093,0.06970687242023652
0.050181276479041935,0.01982725343383484,0.04985961049617733,0.040008821310444385,0.0700410215464499,0.10999569636535363,0.15000360521709782,0.14992632453246452,0.009935327537494393,3.921259249340629e-05,0.02002949614587563,0.7303048117091365,0.8693898125127989,0.17021037707928013,-0.009797481773117466,0.05970105789806329,0.04990071789210998,0.05021401583009458,0.0399834576336165,0.04990319488835181,0.1501474017555371,0.10997832388627815,0.09007854597106393,0.04998690678157438,0.07983199814395538,0.04011197461120858,0.060122376757244404,0.01006258742026773,0.010014592297230188,0.009910948240472997,0.010070778432437012,0.019903939997616107,0.029814546462993925,0.049988341805514654,0.020316488882943958,0.03007173767080017,0.8302169403258792,0.12979603246429428,0.019423325182377355,0.16000058634704023,0.2099081891375514,0.18999567993564612,0.010002978690526784,0.07999694212602217,0.19999699757807587,0.020117988483310114,0.06996690766259457,0.1401607275809712,0.1699702163867714,0.029892847980834848,0.6999125055887074,1.0004730540966464,0.07996948246415277,0.03976836300121093,0.21999858305906642,0.19994841121191165,0.18005778905775763,0.06012169173158511,0.11996794191406814,0.050143120212439524,0.09011015165191474,0.05997153179623308,0.03997538113714527,0.09000895318618328,0.09985669998798025,0.07997016366578555,0.12992795412838296,0.039775555557306094,0.020512607705631885,0.01971582799084806,0.1100059763608771,0.19001509488673468,0.14997674542657666,0.20949815069584496,0.01996744794913912,0.7996584939977996,0.030050041289091476,0.19990145658155462,0.019543682390521643,0.25020626718206784,0.020484869575884634,0.2502780358725152,0.14997675202352656,0.07988483248867062,0.030918661973191944,0.20013751951117337,0.00991940282341667,0.19974771629421262,0.04970522004806599,0.010202260193132608,0.04014589537177552,0.020406537172760777,0.029873827983020223,0.019893217228526175,0.04005099959630209,0.15036551156418357,0.030016595707098342,0.12977605053663388,0.04991251502939079,0.05995029287662478,0.010097108869710684,0.019650487791902965,0.020126276685812357,0.04009439172171873,0.049842485189401695,0.05006215556938115,0.009745288299025538,0.11022886338104122,0.10063632265988186,0.1097163859353032,0.0798189639278586,0.0804316689782066,0.049549924440247244,0.05035981976809963,0.06019984824993286,0.07921444055296392
0.08002634008115415,0.14002586888969024,0.02995168727578136,0.04004452710802287,0.010016772803313204,7.345928709585483e-06,0.13998218923735462,0.060021011150651706,0.08005040001655854,0.08998522460983949,0.18013826741174233,0.11997442910284743,0.020058076279553493,0.039960159891558315,0.06997444736026251,0.06003604430692162,0.03002364004085659,0.029980664770494467,0.03999869160536215,3.448488407325652e-06,0.03999462208002414,-4.451337397772972e-05,1.3668014702766137e-05,0.009963551508889995,0.06999391224851888,0.06998341281674546,0.060087379052252456,0.020007177255819887,0.05002800076953038,0.03996024393674948,0.020028428373378333,0.01999989886270357,0.0100850210676414,0.009962545184135996,0.030061443673858955,0.22983633467123027,0.039930803930864844,0.08000570135337151,0.07009237190948778,0.08999396206971104,0.08995771128657391,-0.01999005951494672,0.10997165640002246,-1.2119727900742436e-05,0.019991482609870118,0.5699387539418241,0.36000208877168727,0.18992702174262924,0.010043393526012355,0.15991914752184172,0.3399773532553615,0.0799694824641528,1.0001136633247212,0.23006353235444907,0.8698388587235433,0.19998817244187458,0.6000909210795862,0.6199506361709756,0.2699738446175167,0.1799941431529297,0.03999797240945076,0.04001693851412842,0.019986214534940736,0.07995605905167957,0.0700337054198131,0.09005194456760872,0.22000429776103397,0.3100799784085901,0.08993496590499185,0.050003410585927825,0.24998433940337667,0.15997991135728076,0.15996811260937274,0.23010972778787253,0.2701212176015427,0.36012108461679,0.25001287589975657,4.41006712030554e-05,0.03989692855608464,0.20991202843344847,0.039938223389590015,0.13007601760085613,0.20001078038999343,0.3200667786165631,0.06973491974595035,0.029851978716249953,0.07010893256910698,0.010105224477574476,0.030083622441035573,0.30992529103272926,0.019923210490795686,0.039928613260562476,0.020086986692071228,0.020018727504464588,0.08991895132442573,0.21976533424348615,0.07006132261683162,0.20016345746959993,0.04999590037346559,0.0899455525389715,0.02002372791766206,0.030067693144328566,-7.00534430538877e-05,0.04000285846356455,0.030136308311698713,0.060028089358199074,0.02997749651840722,0.17002100073123327,0.15999624423729525,0.230248313557435,0.1998408236623726,0.09004832940869906,0.02988857531098351,0.030151747559952004,0.06002512688652722,0.09971718062234351
0.039481384306087684,0.09034644347225275,0.01016721111778698,0.020215754832030843,3.6841118734048455e-06,0.0500118763150452,0.01997281511099423,0.03000487053481873,0.17001895849274565,0.1300587790333461,0.07017096023215513,0.020048451179798473,0.030037398139995824,0.09990625315826897,0.16983239145000587,0.11019589533089419,0.06004702008739816,0.07985766194373735,0.09987353739441651,0.040141068642436585,0.0899316575558961,0.029896924165474976,0.04994509875953232,0.10975788412692065,0.0699455448827164,0.03001179279775229,0.1705771100040588,0.010258239505315358,0.18048526166559314,0.12966865519167095,0.07017635843691354,0.02982520835536281,0.04029229854090363,0.00981620221551053,0.030434956908276994,0.09981863453399054,0.020031680961867967,0.0600039128098216,0.19061285609057524,0.009989741152296129,0.04999951158095156,0.06991272553612678,0.060028545273896915,0.10999065767030826,0.10005922536890452,0.19995130811623488,0.36014501562656376,0.759250748475144,0.5203681377010615,0.13997851923289456,0.03978330092697515,0.03976836300121091,0.23006353235444907,1.00096376043453,0.09991093341874097,0.04008539345095536,0.049984672729550095,0.49985514507180834,0.040024226760436495,0.019793751582371902,0.019964291324393205,0.04004266310883662,0.15999515137045697,0.10989068030389089,0.030091810578521266,0.24001341310142116,0.18027859244311847,0.8402595656059362,0.8190802376913096,0.600365199595796,0.0899717318019803,0.039848236463704306,0.019985418435044422,0.05001277355394058,0.20991665093379924,0.03042783789627607,0.09017176723181072,0.6100321698287943,0.08968299573132775,0.01990753809018664,0.08966722905851886,0.010114205328263223,0.09998389090450689,0.5204898260699767,0.2290206477196152,0.5892426780414024,0.2303026828555519,0.46073827492786434,0.24000580821207854,0.7095419311387271,0.11977658170493467,0.17982635273966358,0.11007357676960239,0.1296532472793119,0.04071367998578411,0.12055731764222895,0.04896377760497484,0.1692198517736005,0.13020850766377015,0.18051318202476657,0.06019254961137943,0.1500849773104393,0.009791330981340926,0.12070921296552269,0.040308824938802945,0.08902248721650852,0.019783117742823167,0.1998210717588228,0.08964492748931346,0.1299741205559505,0.2396170411468248,0.15000133897180015,0.07004400308484343,0.05019513439873823,0.06992209904325482,0.08051531879618648
0.0598648582356222,0.10006054456323872,0.020117891796274018,0.02994220570821952,0.009950543764365197,-0.010036472549631678,0.11998603660678529,0.060053632782866344,0.029963482972198453,0.039972213813212275,0.0797900217761058,0.19003782281199702,0.07989000723245007,0.02002380353131273,0.029992728435707803,0.039993453109248844,0.04999077369761201,0.03997542847790058,0.020005405695252377,0.010024103702884044,0.039978379968329134,0.03008423178402526,0.0199642513087186,0.00999633459667739,0.09007392788130114,0.05998565542817116,0.0698639098441142,0.020011604126010506,0.020052137866097438,0.01996221137845004,0.0199825349403081,0.010046995815756169,0.009867845835814279,0.010084240339430468,0.019654760434438104,0.13032939957358733,0.1102221887069779,0.049997653770303574,0.020129512893281323,0.07995142640210649,0.11015372092840568,-0.009921743977431093,0.06007439487528937,-4.591453314532794e-05,0.009979500778933552,0.31004823127631914,0.18000515308784584,0.06010221173254864,-0.010010186012302025,0.03019007694817769,0.4400641617222636,0.2199985830590664,0.8698388587235433,0.09991093341874097,1.0004133158077644,0.350038961450894,0.8396608729084002,0.5599766322773355,0.4601655477709688,0.2099479062415328,0.08993082254892096,0.07997684932766475,0.020022869955960677,0.13995965314024633,0.11003696265213177,0.13004752496495547,0.23021455188815718,0.22006907415743102,0.019959082198636163,0.01004456163951197,0.24997586579336095,0.140070849407193,0.09010397284339984,0.19992916431387145,0.10968794621212284,0.499726306272457,0.26999460112337725,3.99612845573724e-05,0.0203380971256876,0.2000601606500139,0.020021049471582484,0.11972424050287377,0.16991364259081476,0.16999079981915058,0.02012137767543515,-0.00021418398714033367,0.029816700774077456,-0.009777543523879408,0.009823719256690016,0.21003329289751374,0.01023794159415164,0.049724876995447705,0.0098348654365294,0.030484126546626283,0.10020880773720948,0.23016435642909105,0.0698215170227978,0.22010293774753284,0.04003057942093331,0.10964768432865352,0.00981742072351354,0.04000242851163223,0.010109453980176635,0.05986073451510637,0.04980815419307656,0.08016919358630524,0.020163914091203716,0.1497948637997756,0.18001952236546168,0.2495101721160125,0.2203962206253733,0.11963178794412949,0.060622532630164996,0.05956160667509138,0.08948588316140807,0.12078635210410917
0.009897326711411802,0.030062456383050926,-0.009938036245649831,0.010005987020969026,-1.692596646145491e-05,-8.383746590299299e-06,0.05001328125813814,0.04999692236005934,0.009992774653587359,0.019991049413133784,0.00998242305333916,0.11997458226419472,0.11005504923400183,0.029961448218514757,0.00995395127295451,0.020084201023761093,0.0700135597662348,0.029937763123108155,-1.7980609193415233e-05,0.020035919538701707,0.03996921884032558,0.07000183246678766,0.029986348896966837,-6.938524466638415e-06,0.11000693205525529,0.1399911426379269,0.04000550506378742,0.030052857356154667,3.419559641148412e-05,0.010011125075274886,0.029984321810314882,0.020008306568865323,0.010021571127691118,1.8756431963359364e-05,0.009916695856741736,0.02999315193549034,0.09000521350849099,0.07002997402967405,0.020172603353594488,0.0500197368574126,0.10999957095137675,1.0561676353377978e-05,0.03000857356937581,-6.066841369314162e-06,-1.4569193830447788e-05,0.04999101446376696,0.04001048907655324,0.009949027011647701,0.02003142566902141,-0.009973620298007349,0.17000986346126254,0.19994841121191165,0.19998817244187458,0.04008539345095537,0.350038961450894,1.00002269185578,0.3899602032846332,0.039980741015848,0.32001455382894767,0.5799416408239152,0.28995931200110486,0.060002447019401044,0.08001263654872677,0.1700234971309194,0.3400430850664647,0.04998745529488287,0.05012585753858787,0.030018142807069752,0.09989720930330216,0.1100618410869065,0.059981755637647405,0.05001503868915232,0.010005321987583625,0.05002565822486873,0.019996974173040204,0.25001045912857967,0.39001925858491804,0.04997018934213983,0.020068255787650594,0.039954656115042154,0.00992402146062031,0.03998260002473695,0.07000092381486935,0.05000569856270466,0.019812845072351724,0.019985898619490974,0.02000726939191962,0.020065529909897455,0.04001682897258192,0.019968717471302928,0.019928095485369963,0.019817099471417868,0.020060781718888802,0.030060784990412197,0.1201188125551617,0.10010423416426928,0.08986335478932622,0.07991254100726032,0.0200528255514538,0.040055523719174806,0.02998180647892303,0.03011173009759422,0.03996273686598242,0.04997433118750384,0.08001965269381296,0.08997704559689156,0.020030484846501297,0.039896151247923985,0.15003678969986112,0.17988234803020095,0.1401116086800917,0.0898404744104521,0.060119804568288034,0.07996813148993683,0.09994420282568144,0.12003968723455612
0.02020832930373624,0.049848584780323696,0.009878360915385073,0.02000865032666485,0.010041364485446833,-0.009952471260721641,0.06006164605634025,0.03989236353938489,0.010015846927305685,0.010039772240376105,0.00011762110156195246,0.10996905869849144,0.06007183034765182,0.05000782107419112,0.02002234653942171,0.0599761190413174,0.07999286045925563,0.06003026654132992,0.02000300390638171,0.0299725676523432,0.05002416976651547,0.0399539494444152,0.03002643854086639,6.077880672421046e-05,0.08990849427104586,0.04002771016908115,0.060043883454390164,0.029932028575713993,0.009910889088115105,0.010071807808941225,0.01000711865761827,0.020024000774540605,1.940443140989636e-05,-5.2710209784008357e-05,0.030275825992322147,0.0297551383788306,0.07981356369834773,0.060010521621050236,0.009788945055426948,0.030049162503873957,0.05986318339005448,-8.805722297929901e-05,0.01993236591584306,0.010061295649169886,-0.009981471906120356,0.09999534225116598,0.08997808125260486,0.03999983493982569,-2.828987872028435e-05,-0.020162349959582826,0.25997836561924026,0.1800577890577576,0.6000909210795862,0.0499846727295501,0.8396608729084003,0.3899602032846332,1.0003408837338301,0.4900666262384706,0.7698105511455406,0.1900462375754721,0.15006962581532826,0.1700253446188645,0.02998080895032769,0.22008765618253115,0.12994838983077506,0.18989225547314256,0.16973227122534676,0.13982984675488908,-0.009785739380749427,-0.01010847556186524,0.17005227450629556,0.03996301898706559,0.009920239298409302,0.08992839398155317,0.020294039449491104,0.33014834892618894,0.27002165135879397,-0.0001564655531251542,0.019572742585129966,0.08002312801064197,0.010186024983036264,0.03024403805590931,0.08009812310605961,0.10989411399047586,0.010008167659627046,0.0004150711649534908,0.010157231604293056,-0.00033986373136932175,0.010174390456095242,0.15004975772609974,0.019789386110881144,0.07037428289537066,0.020115056443182497,0.059412430435561187,0.08969716152682441,0.16003213796620652,0.050333318550522844,0.1797038248328468,0.019951479728642803,0.13052777790001482,0.020189992738613615,0.05996440882334428,0.009924206646818907,0.08003929518005304,0.0601054797843637,0.08993103164499597,0.03985902989290905,0.10025185188662523,0.1501086028820235,0.200348359588825,0.20974943546187533,0.13031363510234562,0.06937917394314959,0.07048084454802349,0.09042793492799636,0.11919166426642902
0.02003828646325223,0.05994161789344897,0.00999809632073885,-3.826687854990332e-05,0.010007249072746003,0.009996756518765894,0.05001397221720866,0.03995873563806463,0.039953550565384396,0.04002103551246568,0.02994938478078135,0.08006066342908025,0.02989570600104472,0.040056787675180346,0.05002968141922485,0.06992588781088627,0.049961728602062314,0.06007281325189666,0.05999240390934897,0.03996131816641696,0.03004477037749462,0.01999897872159256,0.04002516848523622,0.06004496875354702,0.06993592168933885,0.030047325717134945,0.08996346852515923,0.020035896106195508,0.05993308926547619,0.0501051871883643,0.029946328610690395,0.02992750439950539,0.01997904604323387,0.01001235749706065,0.020121232652692767,0.05002563443190103,0.04998526817680016,0.019961002789842454,0.03973711993935666,7.905945275532575e-05,0.009900103209393718,0.009958251255427103,0.019998172587972814,0.050033215212773076,-0.009992965528401145,0.18006396559514382,0.2299696515413088,0.28011347164352457,0.05991571542567355,0.029984238514783372,0.17997918390378415,0.060121691731585124,0.6199506361709757,0.4998551450718084,0.5599766322773355,0.039980741015848,0.4900666262384705,1.0001145393223692,0.299945420761626,0.05007551060312346,0.04005176815799811,0.07997176055358374,0.11000870889308538,0.13009995815618342,0.05992027809355293,0.20992294431654074,0.30990561128957994,0.679796924604815,0.3602434429631612,0.24991610187438995,0.27001606434717457,0.009998356886148021,0.019956055283242718,0.12987769245909833,0.08002616799471497,0.1999389221281442,0.12996167447000917,0.07993317634628594,0.03001964477074811,0.11006115375817994,0.03001783373730944,0.010139216930736527,0.10002606979612269,0.2598885934883691,0.04046856821579992,0.12040700977292268,0.04987927330418527,0.07961468320189101,0.03995732823719521,0.41013790338133105,0.06992479482605722,0.18017087060537768,0.07006410700885432,0.11986030394694148,0.05005031975309217,0.20019157727994208,0.039988469377163695,0.2598635063584721,0.05998371633242795,0.21010349128773045,0.04003383867749956,0.1299312504139792,-0.009941354062185805,0.11997632266278647,0.02988994709226112,0.09999365872640882,0.0199163137349147,0.20008302218964313,0.1400551129088145,0.18993493015203586,0.22997462781260553,0.14020122979267738,0.0696983920459922,0.06008535124015156,0.08036636029611471,0.10969984591056209
0.0099061607435811,0.02008425985634547,0.010038366285459798,0.020012735509612373,0.00998771708152273,-2.43160311675047e-05,0.019938932315704212,0.030083514122737794,0.010002911692240032,-0.01001909913745016,-0.020030434168620926,0.05003326281030291,0.04993451086210664,0.060011619340437715,0.010012110376500225,0.06996853679150213,0.1000033366535969,0.08001458059105503,0.040007062703573,0.06000031277505871,0.05000018632972465,0.06001557647669727,0.04999062908349178,-5.880281863237386e-05,0.09006063394318631,0.019982014700787424,0.06001554001925222,0.050019627743641513,0.010064820247941475,0.009910572304912008,0.010025014101996212,0.039963565258126735,6.298139843308319e-06,3.09395232386721e-06,0.04991483091846975,-0.009866292153987394,0.05010675313970192,0.04997360880506484,7.09204708224649e-05,0.02994457349189701,0.030096679806175922,0.020049792528696143,0.010036194587613524,0.0099594143406891,0.01000218790336602,0.019992049297612207,0.030020442415165004,0.029972789326250193,2.5775900992365547e-05,-0.029923392622567473,0.10998943220059207,0.11996794191406814,0.2699738446175168,0.04002422676043652,0.4601655477709688,0.3200145538289477,0.7698105511455406,0.299945420761626,1.0001199959457978,0.15000131529033234,0.30998049851225234,0.4599862615528975,0.09000033055962314,0.40990422338400895,0.1700133995226327,0.3300962284317042,0.09009849721922429,0.08015028875320221,0.009835911617859553,0.02006197069658094,0.059973031339609455,0.009998362788947598,0.020046909414413533,0.040063793055054364,-0.010185403518177821,0.15995083965261211,0.27997877740558336,0.010155802604440774,0.02021341034938101,0.03999967511588488,0.009888832969499056,0.01985025722135989,0.029933312279757388,0.080118107889847,2.0713726793004736e-05,0.029631702909453758,-7.271605648106265e-05,0.030260469760339387,0.009880799219906353,0.11994097155269375,0.020183036376951013,0.07985893929079776,0.01988173748615723,0.08033392205413072,0.09014454504262494,0.09987277441874837,0.05981833601559762,0.13026695260017906,0.02000523446160059,0.14961259628292672,0.029901204484375724,0.06996133057415765,0.030053842629088494,0.10004863646262649,0.0799590092920212,0.10998673619156388,0.06005882679047472,0.059895321917334564,0.11985544921669031,0.15989902570054948,0.2200285417603403,0.17991240325400448,0.12033763791246695,0.11970289462096798,0.11976350595052214,0.12054410893568197
0.030216391751613926,0.13986278892790624,-0.010141685639514389,0.019990253194920378,5.06488352068794e-05,0.020012282383144363,0.05991448680919417,0.050040285350364616,0.01998228971544854,0.0300456554039078,0.020017116985872954,0.090118031747116,0.06978262797716092,0.010163431198679412,0.03018391018141422,0.019670110790930437,0.019944673415421686,0.020241540488417534,0.020057079958598376,0.029875557960390334,0.05011165296364539,0.15999319258339367,0.11004082156136498,0.03998848036824295,0.3699912090873936,0.5200387773719345,0.1800298486413478,0.2398812885793135,0.02992138702243073,0.02992788665474234,0.07005386926220025,0.10986164703187029,0.04997452910841148,0.05992097164229507,0.21037515562014453,0.08010812729513199,0.04001143578168602,0.3898742800659793,0.03939857097673503,0.03994502263225068,0.07003336732865562,0.03995323861231617,0.08999616630713349,0.08001914930832615,7.301670938649729e-05,0.09004933176878498,0.11999201283162512,0.030109333122185916,-0.00010423947013991919,0.01995749474917793,0.07992243526969758,0.05014312021243952,0.17999414315292972,0.01979375158237192,0.20994790624153284,0.5799416408239152,0.1900462375754721,0.05007551060312347,0.1500013152903323,1.0002251051843152,0.3001491191064641,0.05996868356375463,0.10996403431187811,0.2599205139288762,0.5898210602663664,0.07004397979560888,0.02957555952529284,0.019980965519917977,0.04017063552835442,0.069880477858967,0.030054562137007107,-8.146581232337655e-05,0.0199932651590775,0.01991427576196144,0.08989729857573453,0.11000073931468954,0.8298968710259674,0.00020983205882460965,0.1599491300993891,0.04020517612347003,0.1100863372638153,0.009993721424268635,0.10998052474451032,0.20006402672519208,0.030778386257405248,0.01992988945592635,0.059885150774449454,0.029825111148230835,0.019847187979042114,0.08008123242470498,0.07030375766957275,0.020600755910841883,0.07973256169300526,0.019821131218038777,0.389823496401961,0.03976062083365959,0.37016728051750514,0.020266579865432423,0.09985153029584563,0.01975645141877046,0.15005349219590708,0.009618419786845633,0.20016489312352792,0.020210071746861243,0.1998773577645564,0.09982829790412019,0.23986542881720987,0.020300473248279785,0.19965295175585185,0.23029740687452052,0.2495700061039283,0.170582967291281,0.13970597045674799,0.1498497333482543,0.16038269730811844,0.17026209209633547
-0.029848408832387954,-0.00010247870131489802,-0.030118301889542242,-0.009980915183645188,4.7133556813556354e-05,0.010022615050554871,0.009944480922433403,0.030013190171676446,-0.010001956202380043,5.3266256469222644e-05,-0.01996855330586937,0.04011606836896545,0.06980202782410597,0.01012390065982508,0.01011372232575649,0.009753428857210781,0.03995544792631999,0.020182875609175605,2.311379542800976e-05,0.029916471524576882,0.030087967830685194,0.209983685944964,0.14002468630946108,0.07996593602380413,0.3299698760127527,0.12004206109351036,0.2401059376289901,0.06991097575619024,0.0200151202053637,0.01989407085069717,0.05008110628391105,0.039894966343619734,0.019987256089772667,0.009903110516053654,0.07038470286496724,-0.019932840336468614,0.05001953632786032,0.0498964607963787,0.019550332256279983,0.009944382763440025,0.020017377088934866,0.019933806023912044,-9.736960792525602e-07,0.010023629088844821,-0.009928217827787331,-0.009951333768624802,-0.009991457299537803,-1.6076847762528943e-05,-2.7784573308317917e-05,-0.020043089058894802,0.0399046915582472,0.09011015165191474,0.03999797240945073,0.019964291324393243,0.08993082254892096,0.28995931200110486,0.15006962581532826,0.04005176815799813,0.3099804985122524,0.3001491191064641,1.0001307701775064,0.5899874323558374,0.049966604608008,0.7599167971647183,0.7598575810856386,0.3800248344651385,0.039659799704767504,0.019980587239523492,0.02007984128796722,0.02991649047696212,0.040055645675863054,-9.040759049841863e-05,0.0199896659504997,0.03988810965543587,-0.020096110943061636,0.07004601264505493,0.3399619321168232,0.010115865920252846,0.059793362358550366,0.07016431505792013,0.04013238568501751,0.030050280185788474,0.029983255707813017,0.04010411470353494,0.020518306729601393,0.01991400083854869,0.03997915364678188,0.02991540680763411,0.02988876169887088,0.08000684751916741,0.020209918573814135,0.040575096963404764,0.01978332626544903,0.03971607276985873,0.12990294602226152,0.00992318460154403,0.14006446008410275,0.02002581504806718,0.09989314975010122,0.02994384082111876,0.04009587379246344,0.03962698279121064,0.09010834231444387,0.030305610719392,0.0999409558940885,0.05974342569501603,0.08984438515586435,0.030263946980946102,0.06972220702408428,0.08024989305883151,0.23958729011575688,0.30052290492716,0.2496754813188741,0.16003516607127916,0.11021079030926684,0.09022046839033072
4.77054970449335e-05,0.01998096733869908,-3.4156138617284964e-05,1.655128384070379e-05,0.010006931276103624,0.010012016188679699,-0.009979645894953692,0.00998197812628899,1.4380382332991543e-05,-0.0199940227116395,-0.01996403479972443,0.019953533842512673,0.04005186009863277,0.0299791771430474,0.01002766005748547,0.030024675772794576,0.060012065566607584,0.03997379859792009,0.02000923398727504,0.040011492942252334,0.04998229808769975,0.13000404208527444,0.09998792226623925,0.06000588886716883,0.18000555099258414,0.039985828607642646,0.18000891652746884,0.06995620357584205,0.01997327040531039,0.00997726041989498,0.02001791281908361,0.060048713118693545,0.019998085608973964,0.029988353323568785,0.08998962204292411,-0.010065189861537725,0.029995051338660254,0.030013109768009607,4.2188975330007537e-05,0.03996490384390111,0.060038343982022686,0.03999742267212754,-1.963626977867024e-05,0.01000068070385337,0.030006748420827796,0.009976282851262891,0.010003868314774967,0.009981989365508646,0.010026284257319579,-0.010029662783265036,0.030032402943001107,0.059971531796233046,0.04001693851412842,0.04004266310883661,0.07997684932766475,0.06000244701940104,0.1700253446188645,0.07997176055358374,0.4599862615528975,0.059968683563754614,0.5899874323558373,1.0000264836599877,0.3799898644701992,0.7199755289396803,0.260027933262419,0.5599891413572827,0.0699854936268416,0.07002574267717722,0.029979838384770557,0.019993439757398777,0.1300132971401171,0.07000250211915425,0.07001471318852978,0.11998968597875223,-0.009929096798958356,0.050009439281583926,0.1600329366052081,0.05997340521006253,0.059915219647922,0.15000543971104774,0.050043342797700945,0.10996409368825613,1.4927100074912808e-05,0.029995593766945102,0.009808854611226788,0.06986521462757783,0.030089998870806135,0.0901481540073746,0.04005426845373564,0.12998011534427323,0.020029150761624304,0.04005301280653035,0.029956543674355064,0.04990183520992152,0.07985767008551826,0.049958959441848895,0.09012824345978017,0.049902759046635596,0.07998518578530704,0.08013691501801638,0.030024890927835113,0.039991454193104584,0.07996238169050876,0.05999365965159405,0.0900712279241397,0.07001838819040153,0.09001350981399542,0.07005223379584044,0.05002200344756838,0.060101725856489006,0.19998139334907497,0.2699604845831746,0.22003652968600465,0.1500366827031716,0.09990715126370855,0.06996078370172032
0.009925831697115951,0.010041324296618612,0.020057378158529912,0.00998469611683668,0.019980670619643884,0.05998565398520492,-0.009983057139363151,-4.302745462300745e-06,0.0199849957248489,0.009981896794682445,-3.787038041772255e-05,0.03997835230854077,0.0400554905788392,0.009960012146974038,0.059945781790448446,0.010091470793674171,0.0400057904198118,0.009947088173878738,0.019981550724909355,0.040023167878823464,0.049979087021958454,0.11000355967088071,0.13999906594817516,0.19002060771336815,0.08000618061641906,0.09999648594918548,0.2399437841547277,0.020058955688075284,0.1099834540008441,0.0800849805393119,0.08994656874474655,0.06000878893945014,0.09000406993414306,0.06004693376579049,0.059875741138580185,3.2912011535551663e-06,0.02998003363948643,0.030034011435996325,0.08010551022074401,0.11004564036384265,0.2199611262340685,0.07001294781724236,0.020007235649197843,0.02000136511232828,0.10997205768653082,0.020004013996612842,0.009993601605847774,0.030013745493612198,0.049987961589717696,3.1581628035330645e-05,0.030017424678391566,0.039975381137145265,0.019986214534940764,0.15999515137045697,0.020022869955960677,0.08001263654872676,0.029980808950327707,0.11000870889308538,0.09000033055962314,0.10996403431187811,0.049966604608007996,0.3799898644701992,1.0000219066883207,0.2700601428525018,0.040026047762590944,0.529977445107707,0.050129745984279106,0.2899601316277972,0.22999882655599285,0.2500308783358589,0.07997531695209192,0.22002801466553162,0.0999859211952788,0.10005354755603432,6.4784835091614395e-06,0.029989241250684615,0.009995776856201264,0.20994851599579054,0.11012072223458441,0.0899262372675349,0.10992589484420455,0.2100313019638113,0.010004400592728188,0.04994579572416963,0.10996491983190869,0.20019512330022607,0.14995965366712966,0.2498785473379673,0.20001152612699546,0.29002038734049856,0.1498865247172752,0.24981900889807243,0.1601115509725433,0.2300942091810197,0.020113767764352187,0.040062931550780154,0.03990583114007437,0.059998977158141176,0.14004680788766066,0.21998559475487797,0.05996712773640542,0.15010318401020364,0.029979949335926095,0.10993888068953225,0.03998110218736553,0.060057798988278524,0.010037991421595205,0.0398803511399952,0.040115861744804006,0.039845583501946724,0.1601647910702574,0.1898624040326174,0.11004128603609996,0.07000064863412245,0.06000738936421202,0.03989394131916816
-0.010130501429601951,0.06002935295047287,-0.00985820064041655,-6.834220500401342e-05,0.009953077316093874,0.03997102436519583,0.010106204387707707,0.02989497002786286,-8.7442935485317e-05,0.009971767456065388,-0.010098327116182701,0.04991598419151131,0.07017169464897864,0.009914871210292685,0.03991880308607985,0.010238820647889628,0.050002094612366994,0.029858114544150216,0.019957015683918125,0.04005340797067959,0.029948514420404915,0.26000549678130463,0.24001176065942198,0.2201305423997611,0.4499487404215451,0.12001402561012839,0.4798012371817381,0.11017274285364517,0.06983117699423194,0.06033318775004551,0.09980667757622026,0.09002332526119723,0.059987483391548024,0.04015078527422261,0.1597298725740244,0.00989839467309075,0.05987665833976655,0.0700977990626055,0.05017520563386036,0.04019654483400631,0.04981776968021033,0.08000476204546922,-1.6059957632449813e-05,0.050037563257911824,0.05991659398105584,0.010026882615410657,0.01995884058663427,0.05014206839851711,0.01990840320879081,-0.019991117993613902,0.050081890357869537,0.09000895318618324,0.07995605905167959,0.10989068030389089,0.1399596531402463,0.17002349713091938,0.22008765618253112,0.13009995815618342,0.40990422338400895,0.2599205139288762,0.7599167971647182,0.7199755289396804,0.2700601428525018,1.0002975678684953,0.620051289572372,0.78981535192029,0.030278391543508944,0.1397220136694333,0.06019265394609086,0.02001787441291823,0.049950724122273346,0.07010377139282759,0.059930830807234485,0.06000457490865535,0.01021969418097455,0.09993143726596826,0.4499903602449551,0.10973139523161905,0.16023289057520967,0.09986091954625115,0.12986918221047059,0.10017877382574536,0.06008786477348399,0.15967820586938083,0.07001807574150729,0.15085600987609657,0.12989444610940024,0.18942429964040722,0.08009463815054152,0.32018522228907836,0.05955714762514767,0.06957127103418498,0.0703866497246025,0.089977865627778,0.24019787790884511,0.050395026770007324,0.26988606385729846,0.0796888789059426,0.28012761120310153,0.1603659518635798,0.019989344675707444,0.05039192598373039,0.1199116843689081,0.1096775809031265,0.18994214881915175,0.16018287037317822,0.10004597655715196,0.029770801871628803,0.16051816885864925,0.21956403921153525,0.5404823072260033,0.589651706156165,0.42988478123587986,0.3001201519367586,0.240437883233302,0.1991385775726996
-0.03015864499164326,0.030122197888108986,-0.03988601182013449,-0.020004780580078946,-0.010044241671549554,0.01998648405399022,0.030056669608193646,0.039992874759906795,-0.009961494536589299,-5.8161583454065255e-05,-0.00998676477408877,0.0798646911585333,0.10023254693553982,0.00984990889965105,0.009839990396764947,0.00027388551339996536,0.030061295396445406,-0.0002095916341091377,-0.010027284355744012,0.010099455014761196,0.05989691360141484,0.23000597480910862,0.1799668382021727,0.12001117105759984,0.49002405573676966,0.409948127389059,0.30994558352671214,0.11007961723301914,0.020044874998243235,0.030059428899253084,0.06994469535898734,0.05012992550073362,0.030049745273880105,0.01006979588813797,0.1096191364029611,-0.00012214697899615734,0.07997202135048956,0.09011576125631708,0.020558828748091947,0.01004897889625761,0.029975442427651624,0.030067597966505745,0.019995595553070972,0.04996821499842452,-0.010070988296165293,0.009924681338798638,0.019992497781338117,0.019968131700910306,6.680973952785844e-05,-0.009976874055166035,0.06009249918396112,0.09985669998798022,0.0700337054198131,0.030091810578521276,0.11003696265213177,0.3400430850664647,0.12994838983077509,0.05992027809355295,0.17001339952263267,0.5898210602663664,0.7598575810856386,0.2600279332624191,0.040026047762591,0.620051289572372,1.0001780988105393,0.2599992486196158,0.040345376024673286,0.030058888676350582,0.01987827739697939,0.030091147693898344,0.039946864226151374,-0.01991689570979882,0.0100094406244148,0.020133575273617893,0.0001303454555576779,0.10999744130063059,0.5400613535037923,0.009879460636768523,0.09013921133875351,0.049808891563138884,0.059855912663116066,0.009953849595655625,0.060017355552787005,0.07994261903031064,0.029248318270230333,0.019961167956733236,0.050081765911222764,0.02021385946922045,0.030176976198989913,0.08993940735240086,0.019754699862687304,0.03936468377301457,0.020255258128390817,0.04030230863865287,0.2800582736396064,0.040035269323821836,0.27996642392285237,0.03997619940263757,0.1801117384367326,0.04008615900165845,0.06990385801316662,0.030423845809957793,0.1798565582396845,0.039655186725588924,0.210122818277404,0.11029199805560058,0.14016536522228606,0.0197482108234755,0.17021199885268376,0.19986851986133097,0.3403638076629627,0.37944715334092194,0.3303248179104376,0.26004593680204313,0.2096827524369875,0.18976230974902875
0.01998738229243994,0.08004588976544146,0.019982174204428993,0.020012759804440197,0.030006619525190258,0.0700029784421732,0.009900309080539033,0.020122538249345897,0.04009228496791954,0.039973999079029314,0.010040661089461795,0.050081524470176615,0.0699004332103792,0.010030403298799928,0.0899044025619973,0.009884457419004209,0.04001322950609966,0.02006336621853899,0.040012648232125324,0.04997821691364829,0.04002527080422642,0.12998574106192776,0.19000040264289283,0.28989000844595486,0.23004523304391586,0.01998242523938361,0.44011006554951304,0.05994502187496368,0.1402263118904306,0.11978830016476515,0.13010930279472083,0.06998491955795555,0.08003601464427691,0.039925090369917766,0.12003994070900673,0.030127916257094496,0.07006603360155039,0.01996358926650155,0.1100672387679224,0.05992670387759063,0.0800498512731453,0.10004024845796662,4.384664969346783e-05,0.04994919361237516,0.11001503969610563,0.009970687898774701,0.030014108953628518,0.11991851351557577,0.07005260357302645,4.581719543312507e-05,0.05991720065478572,0.07997016366578552,0.09005194456760873,0.24001341310142113,0.13004752496495545,0.04998745529488286,0.18989225547314256,0.20992294431654074,0.3300962284317042,0.07004397979560888,0.3800248344651385,0.5599891413572827,0.529977445107707,0.78981535192029,0.2599992486196158,1.0001970421053703,0.11992187328709152,0.3302267503062548,0.18985784539860415,0.14002116141691362,0.019993061806026745,0.12995174614746208,0.06002816170039094,0.030114992821523016,0.0397711339847504,0.10006019859932247,0.24997053121451146,0.23021377819563266,0.1599776139313987,0.049995054867225205,0.15000158422854556,0.11990594897613387,0.07990952968190802,0.220246490382528,0.13990968932800277,0.2695555705893657,0.19997803956452537,0.3002771680760864,0.1399539031375625,0.47984339509092944,0.22016720326488023,0.3199214088963451,0.24991922299154906,0.3503796609301937,0.19005343430746421,0.13967226000521588,0.19994531891646136,0.24054226576553955,0.3499633570051082,0.46943988407724163,0.06990835898472687,0.24993423175967114,0.06006674030010498,0.31004267118109774,0.18998717448165864,0.28004252013925607,0.030035265124465117,0.09998535860833294,0.22961494151771086,0.32019345627076573,0.6897948441041419,0.7200955880446145,0.5201420233184166,0.3799228638547707,0.3296113476902435,0.28060207223212014
0.0593202751567588,0.06047498762297119,0.03037381893563997,0.03005794135472735,0.019871934413956252,0.04986533775628941,0.050125151927508334,0.04998487577099735,0.029916759865652547,0.04984264129402275,0.01996689026903129,0.10990509624006843,0.09016849870811514,0.009644322623361587,0.029701691118606117,0.010800692698341175,0.060064128393909455,0.019515120134668232,0.04980902693706739,0.030237238256736285,0.21982493716383347,0.07997527130095645,0.03999855443637693,0.03000589742159815,0.06999453632617009,0.059966094813525356,0.019887015309227866,0.18061522575643177,0.050004955837767366,0.05040430191788506,0.019707217221751346,0.14006638740503574,0.05008978539729944,0.09032244094300897,0.10904710805657197,0.04977921836664387,0.17010130834036669,0.16016156499224488,0.021117691498279852,0.11023400094991431,0.13977434915448034,0.020190242028017603,0.05002518130225332,0.039924605196588324,0.019752848956418153,0.10994772837717871,0.13998776414008998,0.11989669961041823,0.040153035077776414,0.030112587045665523,0.14013427210327434,0.12992795412838296,0.220004297761034,0.18027859244311847,0.2302145518881572,0.05012585753858787,0.1697322712253467,0.30990561128957994,0.09009849721922428,0.02957555952529282,0.03965979970476749,0.06998549362684162,0.050129745984279106,0.030278391543508993,0.04034537602467326,0.11992187328709152,1.0014636084563269,0.32988777189721014,0.2198016591393399,0.2602208497338012,0.74973512949569,0.09024379293999926,0.17992742174718637,0.600258451912764,0.0601725156027121,0.2397718206310092,0.020165001240847573,0.029606130972805546,0.06067303497111607,0.5393322350491364,0.049438213765224996,0.23030827178448296,0.08998500127503545,0.07973356638027132,0.029145938186162186,0.03048841082221651,0.02995760125221518,0.01995693598649864,0.039978740964680556,0.10001890573947847,0.22924561790910652,0.5983427766592591,0.2307929398351109,0.500988524873687,0.06096799908447423,0.8004813641811153,0.03904962815534255,0.8797856102913642,0.08039658501719085,0.6398017403810158,0.2697565742707567,0.6107567458387098,0.04970552357026546,0.5796559616011575,0.10014713384330191,0.41050520930587786,0.1902139228575895,0.8790281367779617,0.39147531638202415,0.43875080899771257,0.2311639200336232,0.1687483647610728,0.14060012646900907,0.18020380026244923,0.25954527132631194,0.33869162178043183
0.02993287369643399,0.08009294143602567,0.009996959635745383,0.010063186914618267,3.1337616194522353e-06,0.0400170789843743,0.029884493283281157,0.050140199649528726,0.12009712158637438,0.10998761982107684,0.050080618486277165,0.049976153066072046,0.030083570030189088,0.05000835416209872,0.1399750667629544,0.07990317542096961,0.040054977016044505,0.07000217945103902,0.09004915374844054,0.06001724062303926,0.03996793388545023,0.03999478302990571,0.07995688046760335,0.15985050402059045,0.07013204123911973,0.02992459341530933,0.2101679986317041,0.019869687083691506,0.18025114330835684,0.12962736611660336,0.0701913118023702,0.020023030374841898,0.04006815622802781,0.009885682381271686,0.03003691517285512,0.08010532042916561,0.040048712463122804,0.010009805520698559,0.15031096471026104,0.009818049417369842,0.03024172018063976,0.040056259703514334,0.030037619178183667,0.06992978440243734,0.05004510975349594,0.1698966664432822,0.2300812846909233,0.47974687668120475,0.28014094386053273,0.09005492627853434,0.09994057849669562,0.039775555557306067,0.31007997840859014,0.8402595656059362,0.22006907415743102,0.03001814280706976,0.13982984675488908,0.6797969246048151,0.08015028875320224,0.019980965519917966,0.019980587239523485,0.07002574267717723,0.28996013162779716,0.13972201366943332,0.030058888676350565,0.33022675030625487,0.32988777189721014,1.0005026826350778,0.8394193239118825,0.7101886797700027,0.16000291290868424,0.00992668095618225,0.01010720868134932,0.08019979020216483,0.14976003871572638,0.10019324565664971,0.06999438346285417,0.3803517121461833,0.07995983980208746,0.050052830009420166,0.07995169080247437,-0.0003792294195530533,0.1299139094990469,0.3803921058685221,0.17938529634484796,0.3889629141147813,0.1901321485845071,0.30080581855481464,0.18999026127103458,0.6996786336084341,0.1703421312968411,0.31986317175260154,0.16970230407062567,0.22027178986208698,0.05996475017517084,0.19957932145539986,0.05992064061249639,0.2904806421592726,0.17998062963872383,0.3095990891978422,0.08993970793230234,0.24003692452081646,0.009997497811272458,0.19015189408069239,0.060110173234263944,0.129762434701679,0.030097343385458584,0.2799588518143238,0.1293593177648708,0.19029232655129366,0.30973986554404204,0.20990182805970475,0.10056799860037134,0.07958997483987007,0.0994887348923855,0.12122069123402342
0.030607354151069507,0.05955773838510735,0.009747087106655731,0.019822393020539477,-0.009973962488705471,0.04000895064774468,0.02012821075541794,0.03985285444500189,0.09996610596922889,0.08998117823921045,0.02989757490565702,0.030091560288829065,0.019669360973509745,0.050122117222833856,0.12017199382660772,0.06981907983414262,0.03990483266456269,0.06016163944630791,0.08005094710429773,0.04986157242395921,0.04011996531124894,0.02006754692084144,0.06008836752950462,0.12025701187296987,0.03986757774277853,0.03007686950215197,0.1495696653705103,0.019834990602450135,0.1595607947895428,0.12036655572179329,0.0698423326809944,0.030191356412022394,0.03963245554363208,0.010166239876681768,0.029776987408781007,0.05002362414404533,0.020046618338330904,0.019920346141411086,0.12918870682451863,0.01007003678712725,0.05981611173799926,0.0600211560223887,0.029940145076899127,0.09004591756738439,0.08992738422543414,0.08012737800769175,0.16982153812541878,0.4607338357335979,0.3396917504171676,0.059892870325178774,0.030174949844667162,0.020512607705631902,0.08993496590499186,0.8190802376913096,0.019959082198636176,0.09989720930330219,-0.00978573938074939,0.3602434429631612,0.009835911617859551,0.040170635528354426,0.020079841287967214,0.029979838384770585,0.2299988265559929,0.060192653946090885,0.01987827739697938,0.1898578453986042,0.2198016591393399,0.8394193239118825,1.001323783934283,0.9094297939552413,0.10004619258466108,0.06016352323356421,0.00994195373915673,0.05961522290688152,0.10025784265013098,0.029425385071981836,0.01997405529247211,0.4796156799251648,0.06975540156102218,0.04010154902679711,0.07069279119144109,0.02030602564263706,0.0800566082266049,0.28936496469975576,0.1511772523764009,0.4211537735754966,0.1698193485743841,0.3390069426736823,0.1799814466267268,0.540562337865957,0.14000133221448896,0.25047721271233114,0.13007557791562865,0.16994499552232206,0.029305753008324577,0.10994817568163195,0.03106211805560402,0.17009486317390984,0.1397907322192929,0.19997635933218602,0.07997145242825392,0.20970866466920424,0.020160265876046593,0.1494063132370081,0.03973479484293098,0.08103084041759503,0.030000646832497504,0.22034369909693238,0.07101529232669514,0.08989005749717521,0.17031753124313936,0.12023448667119102,0.05934093659497404,0.04056854748008327,0.06009327171473545,0.06836805438126262
0.019636599000990202,0.05024238148929151,0.000203086789870469,0.020037885331433945,-0.010041457478738665,0.039980093602593594,0.019970709264093417,0.04005544575512453,0.07999706199027569,0.08998284321399004,0.019976962702689987,0.02990496288852724,0.030271556495689245,0.029888568456713983,0.10983325501542465,0.050203858294149674,0.030054708684314684,0.04985147531854865,0.0599609065532685,0.05009266048362586,0.029910909678992455,0.029980671017226585,0.059955023043678585,0.1299306485504477,0.020069883775413733,0.03995673347376653,0.14008335100241917,0.03013584450906723,0.1601594721171695,0.11997392830460284,0.06998356056656435,0.0299351748122792,0.05017564837032357,0.009992238043377859,0.029913440973778013,0.03999596704301326,0.029922289938020787,0.0200986585351323,0.12051535853782903,0.030048603651590528,0.08002080444284562,0.06000366257623398,0.030035316426611468,0.06998701710903642,0.09999558139475251,0.049946081491023586,0.0900635297959723,0.28972321952296953,0.2400976645133844,0.040095487469092944,0.029958318941463835,0.019715827990848044,0.0500034105859278,0.600365199595796,0.010044561639511989,0.11006184108690653,-0.010108475561865239,0.24991610187438995,0.020061970696580927,0.06988047785896696,0.029916490476962106,0.019993439757398777,0.25003087833585896,0.020017874412918232,0.030091147693898326,0.14002116141691365,0.2602208497338012,0.7101886797700027,0.9094297939552413,1.0002993820679018,0.12995394907475194,0.08996885973864292,0.020005621067496933,0.07025716398206716,0.06991241541436453,0.030254197157688997,0.009987994746308128,0.3800987080378943,0.07031206045763846,0.05986520459721013,0.07956858601037052,0.03988400234583087,0.07999272728910753,0.19018759196325966,0.14940884308838323,0.3198156639559074,0.17000589399066388,0.27023025345107604,0.18006400123917357,0.41979266249492264,0.16981948348939574,0.2995165648893801,0.16014255536386515,0.20014319367164848,0.020427891279842795,0.12010877993307975,0.02944870403539013,0.17996806047418443,0.13015623261098092,0.20003243859441486,0.09995919685383749,0.2503275546102939,0.019903032776308206,0.16010148066070642,0.030078516216753826,0.06965031403993692,0.04007258352339667,0.24969394438199266,0.05962601440767823,0.0698779253250472,0.1201012369364188,0.07968803722868237,0.030346973778947756,0.02971644874535359,0.04002815504125475,0.05060472836536795
0.030136364158512622,0.039901010632037624,0.01992753873421427,0.009989826680203926,0.010023106770240063,0.07003061072545427,0.029996706127538162,0.01998428150282115,1.5217845217689873e-05,0.010035379350127382,0.009995921533799289,0.08000125814766818,0.05998341389618694,-0.009943709159925113,0.010057095893454146,-0.010127989010346342,0.059989775132937344,7.25209280637614e-05,0.010033150616552872,-3.369959847319029e-05,0.16002254131543178,0.06001377382720597,0.039990560052898784,0.010008763746278843,0.07999810812040702,0.04000523510303088,0.040014651913564965,0.11987045330291249,0.00999231171896788,0.009927440867072812,0.030056000660544223,0.14001644595222654,0.07996746643437189,0.10994147909344518,0.11015813598777903,0.030034317100079443,0.11999136307006557,0.10997890043316659,0.009810782665752084,0.15994695397707412,0.26005641871940866,0.019956984843473066,0.04999165356611555,0.04001904751707697,0.03004912804637849,0.11001305609122632,0.17000273726895562,0.08001369011064359,0.009982832811264133,0.00998054228931083,0.11999296653667356,0.11000597636087708,0.24998433940337664,0.08997173180198033,0.24997586579336092,0.05998175563764742,0.17005227450629556,0.27001606434717457,0.05997303133960945,0.030054562137007117,0.040055645675863026,0.1300132971401171,0.07997531695209192,0.04995072412227335,0.039946864226151346,0.01999306180602674,0.74973512949569,0.16000291290868424,0.10004619258466108,0.12995394907475194,1.0000598289459415,0.2599599632066404,0.2900221008385277,0.7399207657925899,0.039982856604204975,0.21002647366530666,0.01999155082881792,0.03002809999411624,0.08983387839391865,0.7201327235752585,0.08014364532466905,0.4199323751182991,0.03000926511944226,0.030031768519773575,0.03009501581472815,0.019905046092184117,0.040038184583571224,0.0600452577576207,0.07002321206920037,0.019997811109584044,0.04014212067855833,0.20034433448546812,0.0398362657752408,0.1297511495733586,0.019781004710018656,0.5799657555852175,0.020214977993721062,0.5399235872440086,0.00992633132345009,0.22014142576383883,0.11005749469723446,0.23984195177605497,0.04004317237750374,0.23006679762160293,0.039985745586248865,0.17991158447866532,0.12996721222088714,0.6301965001854153,0.22975678167901176,0.2302236452186165,0.03981461821958842,0.02020005449181939,0.019902721237679263,0.03999564510941899,0.09001392426192319,0.15024306334422236
0.06999532689171159,0.02998920471572831,0.04004740029377303,0.0799499578559277,0.02996426243290723,0.17997970670806887,0.08006658138165573,0.029960862763447456,0.0499781429177737,0.029954521203687228,0.04993813952110501,0.14993136854583033,0.12008207990998965,0.04993810805483416,0.05997452713275442,0.03014890029615855,0.060013179354461266,-0.00010978573774141675,-2.8718005581978464e-06,-0.00996282674180689,0.1499551630070251,0.05003233833046793,0.05999843562283355,0.07008121146703841,0.06001236303129126,0.009979086347290977,0.12981318355405136,0.05003675819375147,0.05988394942031866,0.030150247788548818,0.06990741287310037,0.10012081011661016,0.14991101177743446,0.15012314800718496,0.12963193724600067,0.059983630402896594,0.19000602093704883,0.1100646575171729,0.12018557341124847,0.42004296041105416,0.5899805162365432,0.340066145222485,0.06999349718410271,0.09998726201098271,0.6399264344817216,0.17999014138743075,0.03996705075068873,0.05015921339985068,0.17995825428392362,0.020026042186102617,0.22011322213303494,0.19001509488673465,0.1599799113572807,0.03984823646370435,0.14007084940719297,0.0500150386891523,0.03996301898706559,0.009998356886148037,0.009998362788947623,-8.146581232337329e-05,-9.040759049843473e-05,0.07000250211915424,0.22002801466553165,0.0701037713928276,-0.019916895709798835,0.12995174614746208,0.09024379293999923,0.009926680956182224,0.060163523233564206,0.08996885973864295,0.2599599632066404,1.0001108665443583,0.5800103502783515,0.48000783314105355,0.030098936928864003,0.2998313314764341,0.010021642692351332,0.4998499552639013,0.1601295902970234,0.5599064815127558,0.1700571675935315,0.8299821233219099,0.0300195987990191,0.06978719309408865,0.18986605124200287,0.47027307551779685,0.2099729807435055,0.579883728032308,0.30004499202004714,0.13010802511765202,0.02987822182802979,0.05963579379413043,0.030137998234495367,0.060221044545794716,0.009958515656831576,0.1300609046973632,0.030134994688779178,0.06000822869901645,0.07004560390964099,0.03001729992311732,0.019918125012276397,0.05023087438750383,0.01995397814644083,0.029670442016812702,0.019975652095862256,0.03036942260567169,0.04012959034525301,0.0798337409170389,0.04046703230213609,0.039700236793718535,0.04042517063390754,0.039601950983858276,0.020200635208550175,0.02001059135577794,0.019850948234877944,0.029575435411186617
0.16005904472805585,0.039951335894442774,0.0699780623635336,0.139988309644816,0.039997102481336255,0.12001071544492255,0.10999728803251384,0.07000609957422822,0.010005269874022704,6.211332343262749e-06,0.13995991222846452,0.1499867085890744,0.10999043858316798,0.010034345735870982,0.02005960873584713,-6.887764094790534e-05,0.030003953166683243,0.010011294147500696,0.010034972993794352,0.01999741717762222,0.07999184961307337,0.06003579474556165,0.059978100787932795,0.04000033605914516,0.06004316719437411,0.029979255848409058,0.05996644320883418,0.08989908381974888,0.02000653365338852,0.01989894425577919,0.040054679657982345,0.11006654175451577,0.09991972617969548,0.1499951667014452,0.1299394738684659,0.1300989269754817,0.17006500989169107,0.1000002421151123,0.030008504028260802,0.49991549943458263,0.4101324797114304,0.25002235312642995,0.16001108686228652,0.05998373903388217,0.3600152925936637,0.32999379138874635,0.15001584851777444,0.040020887422144824,0.030011569439426195,0.15003428990184162,0.22003535298868884,0.1499767454265766,0.15996811260937274,0.01998541843504445,0.09010397284339984,0.010005321987583643,0.00992023929840931,0.019956055283242718,0.020046909414413564,0.01999326515907752,0.019989665950499724,0.07001471318852982,0.0999859211952788,0.05993083080723454,0.01000944062441482,0.060028161700390964,0.1799274217471864,0.010107208681349305,0.009941953739156692,0.02000562106749693,0.2900221008385277,0.5800103502783515,1.0000706489976408,0.6899441656831782,0.11991772343379929,0.2499315124675427,0.030011497047602982,0.09004814136275721,0.09994743264956836,0.6701010270227753,0.09014874826098093,0.7898041944077522,0.08997995366378217,2.6452749424088904e-05,0.03992180545408699,0.10971603976641439,0.05002952088632166,0.2102471155913982,0.08997128976822841,-2.4891359793377684e-05,0.03020551232249364,0.030058360142033183,0.01979983871312423,0.040016569397947815,0.009861277374435654,0.21996919671367368,0.02013832555683336,0.1200179010986448,0.01996491145981556,0.0199882856377082,0.049980744150254684,0.029959522441884878,0.020029959270343938,0.019971998732084405,0.009975830258067567,0.020011854990428703,0.1200601612773262,0.22003810618133487,0.04992578557557113,0.0499834855950988,3.620334452737459e-05,0.009906695825470916,0.0002648383781629734,-0.0001813069458419311,0.009756375810798126,0.020411140509892622
0.10985324642499654,0.06023749449477595,0.040106967034229016,0.06998319015224472,0.029954899722464037,0.1599561781213166,0.09994084691798168,0.0601825123063226,0.010081510988008005,0.009888206324810472,0.0700031294703958,0.17964757313835988,0.14072025673974123,0.019689653673789866,0.01975442208551543,0.01043754078957715,0.09010427272842969,0.009778348825872944,0.010011122139580114,0.01006262724805819,0.2398649769635361,0.10000266370833001,0.06996829634377501,0.020046031042772652,0.09025551215373302,0.039859312357578454,0.0596883390327021,0.12999592416713476,0.019779398006502556,0.010355347244646077,0.05977825481201673,0.17006339489068747,0.13025056038271526,0.2101090099332578,0.15943903517185581,0.07988201649744091,0.25967709847139125,0.19022762940246274,0.04047918728057538,0.4100347776566747,0.4900002134576571,0.1600584146227715,0.0999825732288214,0.039995324472552586,0.18994684923374083,0.22985438558092566,0.15998900593160476,0.05997132013230651,0.01992138142237465,0.06013386437633073,0.23011620103320993,0.20949815069584493,0.23010972778787253,0.05001277355394059,0.19992916431387145,0.05002565822486873,0.08992839398155315,0.12987769245909833,0.04006379305505437,0.019914275761961444,0.03988810965543588,0.11998968597875224,0.10005354755603434,0.06000457490865537,0.020133575273617903,0.030114992821523034,0.600258451912764,0.08019979020216483,0.059615222906881496,0.07025716398206718,0.7399207657925899,0.4800078331410535,0.6899441656831782,1.0009154445007646,0.0800475063987438,0.34038800945143194,0.029846532023860655,0.09019679450266055,0.1409170436015497,0.9195003237030364,0.11920383127967535,0.7698628132171103,0.09998936028793827,0.010044954242164892,0.06940258600332506,0.09024899007463034,0.07995231509599038,0.18983724670723584,0.16026755760353278,0.009867260170234229,0.04976717530888185,0.0694574549838241,0.04031733791067012,0.05053351200369256,0.02996574401771575,0.638977074674402,0.020030848355633166,0.48098381639379045,0.020068725113659727,0.1393381194093605,0.0997689940807975,0.10026162778079183,0.039900031751283885,0.15993655925330047,0.06015381067670999,0.18024736952395043,0.15034544057454466,0.639595003153252,0.26952801408081145,0.25034228259286806,0.03029531025987647,0.00961362605173105,0.020355101596182666,0.04961153864390267,0.10982065367131387,0.18046780479327015
0.37014726951248655,0.489967502784257,0.23991585351774652,0.36003525704602335,0.03001681699341257,0.28999997664601623,0.09014735743026492,-0.00015186832391376096,0.13995749726309054,0.2099903573711482,0.6602107575811655,-0.0002973076141723698,0.06037680297530605,0.009831368383121106,0.10017003099110676,0.010298369656722853,4.373603328959868e-05,0.02982130543504585,0.020016708497603387,0.030042968780747973,0.04991526349411805,0.009971679740450719,0.010011795333489941,0.05015923747431194,0.04994043298379585,0.039962902023081844,0.09986470077363908,0.08005453956394441,0.06952336280043901,0.060344565210251604,0.10981067533752417,0.09008560696342437,0.25011963446524077,0.1400904123476899,0.1698496490601212,0.7893993588060293,0.04977610413113376,0.2000897302835625,0.2701132539346601,0.14010212948600473,0.029882136317121784,0.009996399555848443,0.4698420480896411,0.030044033995469396,0.009946316468728724,0.6898858316715849,0.5299403008920955,0.35018024981199686,0.2599422640442287,0.8297492331790729,0.010220538600764835,0.01996744794913912,0.2701212176015427,0.20991665093379924,0.10968794621212281,0.01999697417304021,0.02029403944949107,0.08002616799471496,-0.010185403518177838,0.08989729857573454,-0.020096110943061667,-0.00992909679895838,6.478483509162297e-06,0.010219694180974561,0.00013034545555767717,0.03977113398475042,0.06017251560271212,0.1497600387157264,0.10025784265013095,0.06991241541436455,0.03998285660420497,0.030098936928864003,0.11991772343379929,0.08004750639874382,1.0007552750008326,0.03001631415738957,0.1900583142033389,0.14974213830113406,0.25008704470794557,0.04982837005116286,0.31975004408829977,0.03017598399280237,0.2101901852500497,0.6096098706776562,0.28949420237255297,0.20027759672484247,0.33022595814147576,0.14991599350117413,0.12032918608540169,0.370212872210773,0.04964343288278586,0.009853698501666883,0.050302115242358524,0.009593593505398484,0.14948286797971322,0.09988329704950595,0.1605091125378847,0.07952997039566495,0.12001477246893463,0.03078992850335794,0.020101193239800547,0.010350522945165638,0.029744080651593403,0.019587857253875646,0.04032416346129178,0.030338134675704596,0.02001867271606701,0.08011277513416594,0.11061294472569642,0.19032313678138602,0.19015467079901988,0.07974682517676095,0.029759838191581196,0.030238663760678956,0.04063911587677917,0.06835210387335884
0.11982222420216014,0.09016906427731915,0.09005760011539905,0.0800776865695013,0.10002170269259834,0.08003153601020598,0.3199203251005066,0.24007900252722875,-0.009916880100304093,2.6333883212850088e-05,0.08013683567417372,0.7798887914086894,0.6403572215324782,0.11990280569078045,-0.00019296781310253758,0.04008037200057546,0.04005912383246222,0.029965902713080732,0.03998150700251491,0.020031878830539484,0.10995655852614704,0.07992025089295643,0.07997024614277104,0.059893229535389204,0.09004491820199059,0.06996560453601247,0.0802361392881874,0.0200014539600931,0.03019073812076327,0.03991413772631916,0.030053706526450154,0.01986433594657951,0.020328256696828098,0.03983428295309,0.02035973704262225,0.1298290511637533,0.7097354419580267,0.05007444378243109,-0.009761542932774127,0.2600313207113536,0.29994417147463037,0.1898950182873055,0.03999120585487708,0.060032684931431914,0.250076891884235,0.1699162280645974,0.02006170319884302,0.039606530655642444,0.09009183773889617,0.009976432046518591,0.8898572866293463,0.7996584939977996,0.36012108461679,0.030427837896276098,0.499726306272457,0.25001045912857967,0.33014834892618894,0.19993892212814418,0.15995083965261211,0.11000073931468952,0.07004601264505494,0.05000943928158393,0.02998924125068461,0.0999314372659683,0.10999744130063062,0.10006019859932248,0.23977182063100924,0.10019324565664973,0.029425385071981818,0.030254197157689,0.21002647366530663,0.2998313314764341,0.24993151246754272,0.340388009451432,0.030016314157389583,1.000585517436266,0.08994055154889694,0.13020713721439092,0.020049941085395772,0.3698849207970243,0.019512511105166937,0.3500324187385049,0.32002544990572745,0.010354773317725835,-0.0005637248745806136,0.09980954098819815,0.00012499850240494913,0.12011494251222965,0.02022112254708418,0.05969533702741316,0.039794697667599375,0.040067433145279115,0.030137889137992833,0.02970602122936006,0.1001437945516334,0.2897333665704145,0.07968844929027137,0.250101746871909,0.10005198451943101,0.11012758404972127,0.0100954336245506,0.03008888264563581,0.029902233452554258,0.060364423295133786,0.08020342527127163,0.09941635119824833,0.009933766517222508,0.20001753304187303,0.2090381317587415,0.2506333325318903,0.17949886837362555,0.12028156620109806,0.0797586151672263,0.07999524751182925,0.11033061772278183,0.15059888637721097
0.04996009069667391,0.2500117435075219,-0.010002709949874481,0.020045970168116798,-1.1234687262128113e-06,0.08001003389671248,0.05005454761134095,0.029940627201685957,0.05000809388164372,0.06000732289632854,0.040047279744812606,0.04002973677195893,0.029921122554425326,0.00997699041356838,0.05998076603935303,0.02007673113480713,0.03000519945373591,0.029931475510267556,0.029961303547167625,0.030048205392613082,0.07998059357910182,0.16998904629252024,0.12999012439932647,0.07997327419405813,0.4399452583417012,0.420011594675242,0.3101106507953223,0.3300489561280363,0.050099746904155584,0.049920691696937976,0.12005381127515884,0.19006572116080234,0.10996155953785944,0.10999304062357664,0.3599902515613738,0.13992103253869034,0.02007652127789252,0.5099973473393152,0.10017361206876359,0.029980382859504707,0.029994651242321296,0.11000426906371996,0.11999406533679033,0.13998976648499106,0.049981735240201886,0.12999737627749683,0.21001548565358186,0.1298895454406414,0.03011084444063449,0.03996046379788898,0.059998955105782244,0.03005004128909147,0.2500128758997566,0.09017176723181074,0.26999460112337725,0.390019258584918,0.27002165135879397,0.12996167447000917,0.27997877740558336,0.8298968710259674,0.33996193211682313,0.1600329366052081,0.009995776856201259,0.4499903602449551,0.5400613535037923,0.24997053121451146,0.020165001240847556,0.06999438346285418,0.019974055292472127,0.009987994746308154,0.019991550828817893,0.010021642692351325,0.030011497047602927,0.029846532023860648,0.1900583142033389,0.08994055154889695,1.0001205097259238,0.06984575354634671,0.29969556665386327,0.06998326586138855,0.24018532580161334,0.04007736260492086,0.1300049394415379,0.43999937615166684,0.10968342588791231,0.15986918621695037,0.17014981601180934,0.1702131069698316,0.04001058368545507,0.2899469957554169,0.04992936404631263,0.019931976495367442,0.05002607560418306,0.029901503685434858,0.5100480084071174,0.06027024327216927,0.5099361629951857,0.04962639841282796,0.1900423312640205,0.05026659607185214,0.14006008549793372,0.020023184337154002,0.23991888942247597,0.050043083208002166,0.2700917237605184,0.14999128439316367,0.29995708016199196,0.019976843168946382,0.2603488495767195,0.3298497937799799,0.45006061571693223,0.3198674378648021,0.23000694140932604,0.2202790869400717,0.23973623544381834,0.23969085070730173
0.020022175785094864,0.07006825242180963,0.009922381506806658,0.03005892611519589,0.010046975522172619,0.15999450957383732,0.019792052127353372,0.02019597291925102,0.20003230034296457,0.15002713454091435,0.03009306818101633,0.10005278881270038,0.13992369894425558,0.15012071995082757,0.1901682671892522,0.11966961644974212,0.08999560866924913,0.05022265166979492,0.05008281586835748,0.009897898827740784,0.20007039531629078,0.059978099845714256,0.07000560226594328,0.10985481067652744,0.08011172119135693,0.009973514079307143,0.22016882765416163,0.019886377413060354,0.1800547857413307,0.11972817039996252,0.1101229437425024,0.059764883786749136,0.1201665566345366,0.0798412356252966,0.09039677652559952,0.040133647849717874,0.16003152345440957,0.15987976803336065,0.2796884794574998,0.12985749159717078,0.33019178569370056,0.2999961243672388,0.020020610530955826,0.18996361641308235,0.49011296332049786,0.03995275286499865,0.190052608900715,0.639902289575661,0.7399867483847024,0.10001437744676192,0.10988352829350502,0.1999014565815546,4.410067120302971e-05,0.6100321698287943,3.99612845573861e-05,0.04997018934213981,-0.00015646555312515397,0.07993317634628594,0.010155802604440777,0.0002098320588245787,0.010115865920252824,0.05997340521006253,0.20994851599579054,0.10973139523161905,0.009879460636768513,0.23021377819563266,0.029606130972805497,0.3803517121461833,0.4796156799251648,0.38009870803789425,0.030028099994116222,0.4998499552639013,0.0900481413627572,0.09019679450266053,0.14974213830113406,0.1302071372143909,0.06984575354634669,1.0005717860243877,0.1803065182461112,0.15016552160553046,0.19964509855589618,0.3397091604344003,0.03991664236053623,0.5003958681307669,0.3803294905126416,0.9490680727032934,0.3798965641266808,0.8904652590362009,0.44983257733168464,0.58984782206467,0.10051447753956286,0.11035213924087924,0.09959372877893695,0.10017147531003329,0.029961591793408786,0.039358831621060485,0.0598718514339381,0.04070270588526533,0.14987392238941327,0.09933378470661682,0.03995155863098557,0.08970574900117705,0.010155685111120279,0.07033452201450097,0.029989279701783115,0.04958449806571786,-5.044094937897754e-05,0.060193213712218446,0.038967631245738266,0.050574155128151325,0.17935434469706535,0.1304973339059298,0.0602058683591082,0.03931748423050584,0.04023713860773605,0.04127922313243307
0.10955762599608723,0.4404477957981163,0.1503254840614504,0.059912966816186214,0.10989873104457697,0.40983886060109104,0.1399218008856398,0.15022438719877204,0.06987681490129591,0.21985582857552924,0.14980733622000286,0.019570233692460883,0.0207251603593699,0.06967607312623655,0.1399672300633927,0.07052934469035547,0.04007205658529015,0.0897593725935751,0.020021975673789112,0.06005498438082893,0.1598435222731535,0.19007022904737497,0.22997524169013395,0.23014123883669707,0.3102916918991923,0.09986665207453962,0.45940436338328067,0.5602774936893504,0.12937430804968542,0.14073283244141577,0.6594666593654555,0.7498232090880202,0.7703387834681005,0.5103057385333375,0.7590962781008204,0.289974681487486,0.03980287710678477,0.46019020273256805,0.4303832397088871,0.07020309670339112,0.11000243761178306,0.21013302631029793,0.059991608674343916,0.1099841241855038,0.1599072166324709,0.06990241142689306,0.0699373410466621,0.08035103470892371,0.07971192208457378,0.12024910870669048,0.010281014669947958,0.01954368239052164,0.03989692855608466,0.0896829957313278,0.020338097125687602,0.0200682557876506,0.01957274258512998,0.030019644770748127,0.02021341034938103,0.15994913009938913,0.05979336235855035,0.059915219647921986,0.11012072223458441,0.1602328905752097,0.09013921133875351,0.15997761393139873,0.060673034971116084,0.07995983980208748,0.06975540156102222,0.07031206045763849,0.08983387839391867,0.1601295902970234,0.09994743264956832,0.1409170436015497,0.25008704470794557,0.020049941085395782,0.2996955666538633,0.18030651824611127,1.0021634984408885,0.1394839140216394,0.9384156125596529,0.2197155288695717,0.2800070040475118,0.3597533752871155,0.48011248368031667,0.26041997508345816,0.7094693171866859,0.3296336738646145,0.3300509544392532,0.3302366097047495,0.04980285317485918,0.04894903672871131,0.050413633531021185,0.051092122403991864,0.24035812197526454,0.05917434293472342,0.41958838669985965,0.05099043737102405,0.23015192322198774,0.04907930067766881,0.05952587937836008,0.05050446153583933,0.060000813851421905,0.05952737457141604,0.029936835215420742,0.0404469122017972,0.18046307347632096,0.06934074770825016,0.03962022116203405,0.07980730745724353,0.22079679344167494,0.13926148543361716,0.060865559414080755,0.038685827446511487,0.030588158820497702,0.030464134463922488
0.08027912884143543,0.039739419149200796,0.02983925058636445,0.059985625280637875,0.030059581924865585,0.14005993501088063,0.09995410444255413,0.059950529396875146,-3.380574308386441e-05,0.00011293078355520782,0.05996915137058062,0.19017931358366147,0.16962464816347694,0.030297779377419575,0.010293852421244304,0.019461269980024405,0.07993075324856108,0.02029164237479422,0.010091079956851578,0.009881298213008554,0.24011797067727442,0.08003068930770961,0.05000055658439144,0.019967342127609092,0.10993727551897359,0.05005863111279727,0.07015807665271562,0.15975334090029378,0.010074167326786109,0.009639302350773328,0.030221218169118335,0.15992541487399392,0.10983880643459647,0.1798380042568104,0.18057422610405274,0.07022320953701446,0.28015155804351427,0.25983192178297,0.02937988870793008,0.34985300595253244,0.4301910665023946,0.1799239550548214,0.07001276343221995,0.04001607225808619,0.25013005158421886,0.19007946251971944,0.09003296458964842,0.0200509412542863,0.01997448898887629,0.0399429543384848,0.2599143627686076,0.25020626718206784,0.2099120284334485,0.019907538090186673,0.2000601606500139,0.03995465611504218,0.08002312801064199,0.11006115375817996,0.039999675115884904,0.04020517612347004,0.07016431505792012,0.15000543971104774,0.08992623726753492,0.09986091954625115,0.04980889156313887,0.04999505486722519,0.5393322350491365,0.050052830009420166,0.04010154902679711,0.05986520459721015,0.7201327235752585,0.5599064815127557,0.6701010270227753,0.9195003237030364,0.04982837005116282,0.3698849207970243,0.06998326586138855,0.15016552160553048,0.1394839140216394,1.000540999799776,0.12051055191715038,0.7997726933288257,0.07999305577484478,0.010119912925675519,0.06061015905259461,0.15946031858473736,0.07999819022783865,0.27026914466302737,0.12981666633492056,0.020037688058925068,0.0605471195108207,0.05083323449211636,0.04941217981062096,0.029461934621044076,0.019681716488514217,0.4702609886257666,0.040271799862704905,0.36968965501439843,0.01981998031905197,0.09029463636350522,0.1201625039622649,0.05960559208718865,0.050185669115018476,0.08018032182945867,0.01984083828675251,0.06959955663247026,0.19980555698081995,0.48051135076035206,0.13953174322581852,0.14023602367755397,0.009465331175690095,0.000559874964292443,-0.00010631839987705308,0.009781916699847164,0.030244850917029793,0.07070922809244234
0.2006721428914665,0.5793709696718522,0.249675614876437,0.11989715144056146,0.16003941223931964,0.48011626614912073,0.13012375832559214,0.11979540852296475,0.04004683593207544,0.19006775046483815,0.19986407509876525,0.020319617409142777,0.029379855653113626,0.07032538467384869,0.08014477482440778,0.08950095006471002,0.03990651131683804,0.10022013635405659,0.05006513866062035,0.05990277774716179,0.12013812975644791,0.1300824571062852,0.1500227864701492,0.19008264043615788,0.2298850586208281,0.06007735368012737,0.3799468514033472,0.509547306195469,0.07019341101787017,0.07960562969824564,0.5103346176601102,0.7204095116044175,0.8793137112987223,0.6099682288687405,0.7701282007530441,0.3703945923950781,0.05025382376950288,0.3798940919932738,0.36941395479180045,0.059745865293392514,0.09016887398604849,0.20999723014182745,0.09003654357825043,0.12000454740289529,0.18000803257940245,0.09015325003956141,0.07999034860097042,0.0902007985103912,0.1000184392067263,0.16996101734829408,0.01997348254312636,0.020484869575884627,0.03993822338959003,0.08966722905851889,0.02002104947158247,0.009924021460620304,0.01018602498303628,0.030017833737309436,0.009888832969499061,0.11008633726381531,0.04013238568501748,0.05004334279770093,0.10992589484420454,0.12986918221047059,0.05985591266311606,0.15000158422854554,0.049438213765224975,0.07995169080247436,0.07069279119144105,0.07956858601037052,0.08014364532466904,0.1700571675935315,0.09014874826098092,0.11920383127967535,0.3197500440882997,0.0195125111051669,0.24018532580161336,0.19964509855589616,0.9384156125596528,0.12051055191715038,1.0018160294440441,0.19994256430444718,0.25995553920527303,0.36982328770307976,0.43052169020582076,0.2701782509245383,0.6602388216597689,0.32990328818940595,0.2798260395898172,0.34008477360701034,0.06047885854393978,0.04090524527638135,0.05940757436989478,0.0394252426666406,0.24930988325252632,0.04048519700062898,0.3909871905479437,0.039614478346099845,0.22977139591607731,0.04036630895612559,0.040215155642863584,0.03946320249409705,0.060168360015085756,0.04001786126804894,0.03973320813454514,0.03027938009720713,0.1698946487575376,0.05045685763786522,0.040870460397561044,0.08963442546315412,0.22002224787412367,0.14024208019684348,0.05973765790657894,0.030768132018764615,0.02899115572250129,0.029815583120333673
0.12984311614329952,0.030088808708725497,0.06002390949478097,0.12006736536955107,0.050018151579897384,0.2399762709096716,0.11004169991504291,0.049921564737286823,0.029973228490096242,1.980629913734617e-06,0.07012995861078523,0.2002082798199676,0.17970815966093703,0.049970587078529326,0.05984692520136628,0.02013545720114055,0.09995127708731076,0.010002625108980697,0.009853750858833853,0.010009866407212256,0.24006961662180334,0.09988331506638283,0.10008256004169822,0.07995932422426903,0.10977843027570058,0.020115304569898063,0.16023581173171142,0.1003494028098571,0.06012603298824539,0.04017194465295464,0.10992809275151105,0.15982553607284264,0.1901113204796589,0.21000007539160942,0.18028467974775245,0.06975346957560702,0.2799688741151652,0.2099213643706798,0.12989971656212745,0.5902209238669948,0.6995834256894425,0.38993405549973853,0.09998503398885976,0.1100365231769751,0.529942426899764,0.19007735032266995,0.049961780461397313,0.01987928688989581,0.060052108407266006,0.03986751077632252,0.2598365130082201,0.25027803587251524,0.13007601760085613,0.010114205328263211,0.11972424050287374,0.039982600024736956,0.030244038055909327,0.010139216930736534,0.01985025722135989,0.009993721424268642,0.030050280185788474,0.10996409368825613,0.21003130196381134,0.10017877382574542,0.009953849595655612,0.11990594897613385,0.23030827178448296,-0.00037922941955304386,0.020306025642637036,0.03988400234583085,0.4199323751182991,0.8299821233219099,0.7898041944077522,0.7698628132171103,0.030175983992802347,0.3500324187385049,0.04007736260492086,0.3397091604344003,0.2197155288695717,0.7997726933288258,0.1999425643044472,1.0007287280179626,0.060030813601315444,0.04991952329182346,0.1903665018507684,0.3608056964453925,0.20998245928064885,0.5193255415781708,0.3199491292198893,0.0900743581470945,0.019418203668015013,0.01994535813135168,0.010535825763774669,0.01986746375383476,0.01053482548496545,0.30046516490615216,0.03948731189739372,0.16961288349003423,0.05010803979250012,0.020143643036953898,0.030131611614587994,0.019959211347043402,0.029921125980751532,0.03022103328279536,0.020043591160162008,0.04993862959527948,0.07969859710206338,0.23992324986745886,0.10068562856625335,0.07975685714691441,0.019885091897169395,0.02034452152894256,0.009081350478007235,0.010890394870837379,0.030463324070335366,0.05845325711541407
0.170035931049664,0.35997181034648507,0.179994073000992,0.05999432328106841,0.30000183487080767,0.030006482320035718,0.7100481024439427,0.7599413127753327,0.07997488901110518,0.4200093260536611,0.3700225066721427,0.3499158278804181,0.15012545252927056,0.16996907404274494,0.08004215750980119,0.10006320260293462,0.06000822427826863,0.11995768274142986,0.05000774787379772,0.10001089430286117,0.029976299426973472,0.03999840562227411,0.04999805249104,0.09005804831732739,0.09998116627597697,0.05999483420945418,0.17994904151686583,0.2000005954049873,0.0798718801781681,0.10010079005548557,0.2299478636836967,0.2000193620900546,0.14002051244073607,2.159763801723037e-05,0.1699921152287999,0.4298672054723527,0.19991586149842028,0.05003497648880756,0.20000766171184295,0.0800401409696781,0.06996878842363725,0.06997999797639137,0.00996192266245692,0.050025216791994634,0.03999486378715551,0.26998333742686237,0.04998860805375617,0.06004549921908269,0.029969926560143315,0.18994473605364437,0.31005330141454296,0.14997675202352656,0.20001078038999343,0.09998389090450688,0.16991364259081476,0.07000092381486937,0.08009812310605963,0.10002606979612265,0.029933312279757384,0.10998052474451032,0.02998325570781301,1.4927100074909212e-05,0.010004400592728167,0.06008786477348396,0.06001735555278702,0.07990952968190801,0.08998500127503542,0.12991390949904688,0.08005660822660489,0.07999272728910753,0.030009265119442245,0.030019598799019092,0.08997995366378217,0.09998936028793827,0.2101901852500497,0.32002544990572745,0.13000493944153788,0.03991664236053623,0.2800070040475117,0.07999305577484475,0.25995553920527303,0.06003081360131546,1.0000645462548512,0.15988314672115198,0.1799029266004764,0.04016852181528619,0.2800461012839561,0.02990531454151861,0.0500969772719177,0.190064209395438,0.03988977753587762,0.03000714489588271,0.05006981924707538,0.019790130376928197,0.3198718305918398,0.16006036313402996,0.35012680174289706,0.12978790560072126,0.2700090976203525,0.06032189642773259,0.020049667309552217,0.020109274058474288,0.11993910052562474,0.029899041165041298,0.15005606960666634,0.07001458946887391,0.03999702482955382,0.11004335078865572,0.23009962938261222,0.29006214933266933,0.26004697493230194,0.15994750171829844,0.08991012515521897,0.080039220924603,0.11026039339927263,0.15963662032495177
0.08977994915514033,0.3201809308565913,0.02002250307852453,0.05012331029273869,3.953169870119248e-05,0.260028714597358,0.03981776732857833,0.010161795673060496,0.28011418605472044,0.27004724169704286,0.24013626154799497,0.020186674537230873,0.09979723989017746,0.08009015040801708,0.2398695332346802,0.05975402314434124,0.04001311303442602,0.030140538875251057,0.04997691904298392,0.009988467544296479,0.1400494364538869,0.04992370783240991,0.05997698594060525,0.10971532961880925,0.15999978861510813,0.07001471263441311,0.26051942993724275,0.12000177703106076,0.18055723230665444,0.1494793428371881,0.18027811299628735,0.1297813034596304,0.23022826544357586,0.11972371080651258,0.24059494214900148,0.35012525002342487,0.09009743012398591,0.4098892254638276,0.4201037079055672,0.00989342213991057,0.030075863988681246,0.21994179973042532,0.1900727655225184,0.23995484190845576,0.18011841564587008,0.39997305708170516,0.6400990510753035,0.6995091765109008,0.48021934896111895,0.35002444404732946,0.0197185447619531,0.07988483248867065,0.3200667786165631,0.5204898260699767,0.16999079981915058,0.05000569856270466,0.10989411399047587,0.2598885934883691,0.08011810788984701,0.2000640267251921,0.040104114703534935,0.0299955937669451,0.04994579572416964,0.15967820586938086,0.07994261903031066,0.22024649038252805,0.07973356638027133,0.3803921058685221,0.28936496469975576,0.19018759196325966,0.03003176851977358,0.06978719309408865,2.6452749424117155e-05,0.010044954242164885,0.6096098706776562,0.010354773317725847,0.4399993761516669,0.500395868130767,0.3597533752871155,0.010119912925675508,0.3698232877030798,0.049919523291823524,0.15988314672115203,1.0006476680639562,0.4797202000593852,0.638957046859738,0.5100699562654214,0.5606949016566879,0.3099009301939107,0.7195811805806277,0.07023165640446193,0.0801855001096652,0.06978995209223551,0.07005885952105426,0.22038796673778022,0.08991860131728839,0.2494001343565541,0.11021274160690607,0.19999624548721998,0.11963877131449537,0.030047685025307146,0.07978831979149853,0.040060631382998785,0.08054887014080894,0.09008030983328157,0.08930524124273628,0.049825459142113546,0.10010464597254987,0.15891145740455898,0.25046216205552835,0.3992231236212254,0.2204843284920746,0.11000337275878605,0.08990196886494556,0.10979216458206383,0.1313395196500795
0.0006766175738266918,0.0794829252648127,0.019559804295891197,0.009927498694002746,0.030135878892465964,0.4099447763006763,0.07981361497763523,0.0700197523569544,0.6396777814865836,0.5901562392669185,0.18976628928183506,0.0006241080862002907,0.048792794199277255,0.08061163821051369,0.6608370702553694,0.08899824911589123,0.09967479978786796,0.05086282079784491,0.12009162999386506,0.029545217690392526,0.21047100043948044,0.08003732174537025,0.12021428323340504,0.2301205664838772,0.10990461924010408,0.010249804612800567,0.3397841860634107,0.05989440943355672,0.5593497766702622,0.4702435943138321,0.4999240536440293,0.139446368756735,0.38958324389035615,0.10002402401655239,0.13098261156193658,0.1906267074279389,0.07027927994575787,0.25946861128596205,0.9573649451992976,0.14991163313303846,0.3299993518311689,0.18985602252758138,1.9370297107497864e-05,0.07011387622550541,0.17015288044346352,0.14041138214877455,0.1499272955086437,0.2606667902839971,0.26949108868994137,0.21998225822079126,-0.0002082265714052394,0.030918661973191944,0.06973491974595038,0.2290206477196152,0.02012137767543512,0.019812845072351714,0.01000816765962704,0.04046856821579996,2.0713726793002236e-05,0.03077838625740527,0.020518306729601376,0.009808854611226766,0.10996491983190866,0.07001807574150729,0.02924831827023032,0.1399096893280028,0.029145938186162155,0.17938529634484798,0.1511772523764009,0.14940884308838323,0.03009501581472816,0.1898660512420029,0.03992180545408701,0.06940258600332506,0.28949420237255297,-0.0005637248745805851,0.10968342588791229,0.3803294905126416,0.48011248368031667,0.06061015905259464,0.4305216902058208,0.1903665018507684,0.17990292660047644,0.47972020005938515,1.0041973985329251,0.4610015618310758,0.919278903288729,0.5083871053761467,0.8289569845641082,0.47072047137626083,0.1809835972922048,0.062282394911902766,0.15911564862250813,0.049413635086219425,0.0299471665094383,0.029847581246312576,0.09013417734423444,0.03041238667244445,0.16955290449448884,0.049024893226073916,0.11017575538425244,0.04818948161127254,0.020709753171110963,0.03109109226952807,0.02922056773112702,0.02951530342278495,0.04942576320406589,0.030737055429280565,0.020334797088606478,0.039669441010273886,0.1692590505508212,0.09197536628903712,0.028796273709254777,0.019638894200366554,0.02144167753419257,0.019918110381608078
0.019991138452776006,0.09980914919797898,0.010267076825868367,0.029655662886936253,0.019871678066168155,0.21994723112049805,0.020298799589185214,0.019741528049380976,0.2298423694776324,0.16988418263835411,0.04950699746178792,0.09989301892218455,0.16041092355424894,0.15977895987860716,0.21949281491910566,0.12061319220119361,0.09994950149597656,0.04973212549025978,0.04986196077772781,5.263679051206929e-05,0.23995302311967784,0.07004975540480016,0.09008417164255784,0.13048580721254807,0.12990234441209236,0.01007756895338032,0.2791002894327692,0.05026586337612927,0.1995140235777026,0.1312035284995887,0.1393941860293816,0.09023614812207478,0.169707820535477,0.10049586755710223,0.14907831497679455,0.060064437557718835,0.18951376811791767,0.26031941761939054,0.3499546428685947,0.14056397999505504,0.3293136166812592,0.37995942677972955,0.020010326969569437,0.24016976061340023,0.5197370104145753,0.06021906209327874,0.2598026294273298,0.6506145576738595,0.6695463386132009,0.12017822450150788,0.09016078386199054,0.20013751951117334,0.02985197871624995,0.5892426780414024,-0.00021418398714035533,0.019985898619490954,0.00041507116495345843,0.12040700977292268,0.029631702909453758,0.019929889455926355,0.019914000838548673,0.06986521462757782,0.20019512330022607,0.15085600987609657,0.019961167956733233,0.2695555705893657,0.03048841082221648,0.3889629141147813,0.4211537735754966,0.3198156639559074,0.019905046092184093,0.47027307551779685,0.10971603976641436,0.0902489900746303,0.20027759672484244,0.09980954098819812,0.15986918621695034,0.9490680727032934,0.2604199750834581,0.1594603185847373,0.2701782509245383,0.36080569644539245,0.04016852181528621,0.638957046859738,0.4610015618310758,1.003809261091642,0.46952531969026623,0.9571505814848481,0.5002458746722174,0.6706186885634687,0.0986569059474147,0.11937841613794813,0.09120150216774807,0.09996717139391466,0.06039336983707663,0.03067921891944104,0.10015950637322546,0.03986495094233578,0.17022900196362392,0.10035566270410468,0.029924207124558098,0.10054238147689151,0.009964088868687404,0.06932592886309828,0.03951933955292794,0.050917956935008266,0.010184916793721457,0.04937015722723341,0.04158890255904821,0.06872647282352856,0.23149318666711136,0.159482051433979,0.07896959772336543,0.05097519512633292,0.05068051625924526,0.04755733271617575
0.020132946534555468,0.19994519457854237,0.049868081435539356,0.020101638783388623,0.030034383835178233,0.4200509791031859,0.12006340531361281,0.12992765567866216,0.4100589156085321,0.5100319297626994,0.22018245062358982,-9.96433442647646e-05,0.020121196024247348,0.00993785009511367,0.49006620997306766,0.020082308778303574,0.06003862816233586,0.02991562821187472,0.040004780022745705,0.020046730668209826,0.17995394514488833,0.12997669161457395,0.17997044564201356,0.2999752568008004,0.20999184705351265,0.029966372546779693,0.4801537114349741,0.1698859760599724,0.4500137342873373,0.3998471997765627,0.6301205237399782,0.30014336908283745,0.5600057227148915,0.1999223676705176,0.3001073433613918,0.26973780806684033,0.03996620402703914,0.3100310602412469,0.8501696985844991,0.11987107042768329,0.2600980619529043,0.19997230761608842,0.009935557318766644,0.08000454232807652,0.1900253104496205,0.13991915858665033,0.1300407494184087,0.229790021317143,0.24015731880641275,0.22986569707304086,3.408306677131478e-05,0.009919402823416665,0.07010893256910698,0.2303026828555519,0.02981670077407743,0.02000726939191963,0.01015723160429306,0.04987927330418527,-7.271605648108515e-05,0.059885150774449426,0.039979153646781874,0.030089998870806135,0.14995965366712966,0.12989444610940024,0.05008176591122276,0.19997803956452537,0.029957601252215162,0.19013214858450708,0.16981934857438408,0.17000589399066388,0.04003818458357124,0.20997298074350554,0.05002952088632167,0.07995231509599038,0.33022595814147576,0.00012499850240494084,0.17014981601180934,0.3798965641266808,0.7094693171866859,0.07999819022783866,0.6602388216597689,0.20998245928064888,0.28004610128395613,0.5100699562654214,0.919278903288729,0.4695253196902663,1.0003945444454811,0.5305104437632109,0.7301602675810113,0.5398433979267412,0.16003960729490294,0.060238069604880325,0.14986843805274644,0.049536574953711526,0.08962727774823535,0.019931866797078143,0.21029408835912028,0.029588022249901112,0.2699716555890053,0.05052286858994336,0.060163476066692305,0.04992736729499797,0.009836379190090916,0.030187642299036317,0.01029314426148385,0.019867191586906204,0.009958527077279813,0.030167051116486047,0.020159686893611955,0.06032559047775118,0.24981022067143027,0.14996967597161948,0.049976006455103764,0.02032208835346058,0.01968160923562503,0.01975741039383021
0.019867466421998523,0.08021795273605835,0.019914393789272046,0.030249569100208026,0.020048592599370803,0.2700452545623201,0.019880834273573247,0.010130223216250378,0.22014803604241445,0.16005086969329158,0.040339479364274684,0.09993644133608841,0.1599323078456329,0.14001899906632204,0.23021708030832086,0.1098312288621805,0.12009709915898441,0.039962543869553176,0.05006903894805437,8.252214700018323e-05,0.28991677500977886,0.10998815158957229,0.11988299510079126,0.15966787579772573,0.17008366427905913,0.019895418403329142,0.3306192558852363,0.07983909125621842,0.2204339298238662,0.14913205130841134,0.18042694278549737,0.13002050474531204,0.23020067151696394,0.14969594451215643,0.20030746596333596,0.04985497864287442,0.2003557774336753,0.3198968231681522,0.3806239515741832,0.2296031938728635,0.44052515983248336,0.4200727482231246,0.009989840978734968,0.21985666514741065,0.5601354352646464,0.03978217010610313,0.16015282663786898,0.4894663195177574,0.5204390419632468,0.08990125448883289,0.08998713817278958,0.1997477162942126,0.010105224477574457,0.46073827492786434,-0.009777543523879446,0.02006552990989745,-0.0003398637313693033,0.07961468320189104,0.03026046976033938,0.02982511114823085,0.02991540680763409,0.0901481540073746,0.2498785473379673,0.18942429964040722,0.02021385946922043,0.30027716807608645,0.019956935986498652,0.30080581855481464,0.3390069426736823,0.27023025345107604,0.06004525775762069,0.579883728032308,0.2102471155913982,0.18983724670723587,0.14991599350117413,0.12011494251222964,0.1702131069698316,0.8904652590362009,0.3296336738646145,0.2702691446630273,0.329903288189406,0.5193255415781707,0.02990531454151862,0.5606949016566878,0.5083871053761467,0.9571505814848481,0.5305104437632109,1.002390618617747,0.5700146984085455,0.629462431207752,0.09076381633730173,0.09994121053206348,0.08929418548181083,0.09011244935559894,0.05971755234534986,0.039746403249713354,0.11989600930412388,0.029763163974154454,0.179947734596391,0.0801092193605191,0.030016781820788974,0.07998058671016604,0.019864126578157133,0.060212307290756564,0.030483218959565923,0.039532564544974516,0.03002092235583777,0.030250897075774715,0.029107138828928764,0.040729803730789195,0.21931119993143444,0.15977815341535484,0.07110861238484749,0.03941393519909689,0.03902931195440383,0.03164566569434602
0.020014747060750834,0.010017211423460544,0.010065263977617043,0.029938763781603907,0.009972777841928035,0.340039501574793,8.999681555742763e-05,0.009959626483118194,0.5001142726848389,0.3099557264922247,0.07004253706828174,0.019703951668601834,0.05054909146503669,0.19979930696091536,0.6297352407589155,0.24028609869877804,0.21009627642340825,0.15977351083693256,0.24001389452771008,0.1000904995739233,0.3298644489088222,0.15000558293468144,0.20994496353650724,0.26008297991561036,0.12002626178270456,0.02992086272769489,0.32986840900574466,0.029902032737193364,0.6099848544766711,0.4501376573531352,0.3999239840384819,0.0902159948842175,0.27012949102190886,0.11001055416934226,0.0796920176903591,0.04973835114898516,0.08973625047220472,0.18020882064232333,0.7205496337635106,0.26009135552845053,0.549911807638243,0.18999359507428654,-4.8162634112197833e-05,0.0500188934367032,0.21996466152546745,0.05988141433757927,0.0699585456227869,0.23002149583822282,0.2699959547888218,0.11996670863737488,0.010131774503568121,0.04970522004806602,0.030083622441035587,0.24000580821207854,0.009823719256690027,0.04001682897258194,0.010174390456095236,0.039957328237195215,0.009880799219906351,0.019847187979042134,0.029888761698870895,0.04005426845373564,0.20001152612699546,0.08009463815054155,0.03017697619898993,0.13995390313756254,0.039978740964680556,0.18999026127103455,0.1799814466267268,0.18006400123917357,0.07002321206920036,0.30004499202004714,0.0899712897682284,0.16026755760353278,0.12032918608540169,0.020221122547084212,0.040010583685455056,0.44983257733168464,0.3300509544392532,0.12981666633492053,0.2798260395898173,0.3199491292198893,0.05009697727191775,0.3099009301939107,0.8289569845641082,0.5002458746722175,0.7301602675810113,0.5700146984085454,1.000497778608782,0.42993503805773614,0.18959445012840268,0.04955177315262745,0.15037391993095914,0.03996225300276062,0.03964116043000983,0.09982149425661477,0.02043510608924399,0.04999291271032533,0.09005617484652301,0.030439786248367188,0.13995560193555903,0.04054040339895356,0.08981225428259004,0.059445043090863216,0.12019622222788147,0.11038626710981454,0.09021458409183854,0.05995654384019547,0.1097249039431045,0.040445904458702955,0.0802037756925635,0.049572323401675215,0.030015193383509952,0.06020653026915256,0.08988524251423205,0.0996993730208507
0.060223826622914804,0.23983702384561947,0.029923152108459295,0.02991914251116499,5.294581894253844e-07,0.16997271604425918,0.050073063160907386,0.03991459731326703,0.21989049194364502,0.21999508556751085,0.16991481146999987,0.019960759474826856,0.009949203398236057,0.06003623878863109,0.2602232260939804,0.08998296461179786,0.08995047429299122,0.06004727453367782,0.08003752623644221,0.0299378012601942,0.14003547591502755,0.13004893491313377,0.16004195914974656,0.250178135888841,0.24997541355474945,0.05002434440055761,0.4696837291329632,0.0699897143339588,0.27956189145216476,0.20032889713391377,0.20981942515092034,0.11002533878935551,0.1998495956346558,0.0801515725327997,0.1798124178655765,0.2399708839824095,0.009994366686271494,0.19997558543509894,0.37956777286334514,0.010059591159073763,0.08995580256540217,0.1200184447456181,0.07994940952947759,0.10003614444384096,0.13995947332660452,0.26005808753933324,0.29992192017449,0.5504185482883818,0.39979179176359253,0.22995801200681046,0.0601532139976704,0.010202260193132598,0.30992529103272926,0.7095419311387271,0.21003329289751377,0.01996871747130292,0.15004975772609974,0.41013790338133105,0.11994097155269373,0.08008123242470498,0.08000684751916738,0.12998011534427326,0.29002038734049856,0.3201852222890784,0.08993940735240084,0.4798433950909295,0.10001890573947847,0.6996786336084341,0.540562337865957,0.4197926624949226,0.019997811109584023,0.130108025117652,-2.489135979339936e-05,0.009867260170234161,0.370212872210773,0.05969533702741315,0.2899469957554169,0.58984782206467,0.33023660970474944,0.020037688058925057,0.34008477360701034,0.09007435814709447,0.19006420939543803,0.7195811805806277,0.47072047137626083,0.6706186885634687,0.5398433979267412,0.629462431207752,0.42993503805773614,1.0003710610779024,0.1500215549800123,0.18017555680255817,0.1500041253499193,0.14992381007901043,0.15971731629630365,0.07999971672279561,0.21040251687833145,0.13993318130925683,0.3199289110103769,0.2100902003765795,0.049978673915151185,0.12991740793453085,0.03006234469151784,0.10972777645081373,0.07986537439169966,0.08039018354457701,0.020023376620226855,0.10008967878025656,0.11059369634208902,0.20978859636464384,0.49030138653286587,0.3399960984366076,0.15985375223040577,0.09993642176709033,0.10041792928134502,0.1091697193670573
0.030565398681461194,0.029685183898999472,0.02960586832855987,0.04004996085614125,0.01010030283787778,0.07003875769184288,0.009846860192876733,0.01010776689465077,0.13997977348277868,0.10010286816638571,0.03001017859056667,0.040110159311801764,0.03960735075020469,0.020308150048177584,0.23062083759487687,0.03934400870837642,0.02992274375176422,0.050410655818357665,0.15018707210828838,0.08979496160529198,0.09015246499682701,0.06009067758903847,0.05999736723527535,0.4599518706954827,0.05015760356588208,0.03998385381144553,0.1700005629689903,0.2695125967895697,0.3697569877008366,0.35959286238687105,0.1402489177132076,0.12996314463748027,0.05975618953752474,0.039851569201807865,0.11044056862682494,0.030348556574272652,0.06028109528003542,0.15975778328912907,0.18896873257244362,0.03954774809651778,0.07054812312614252,0.019991220782138462,0.009988085490793662,0.009977272914362394,0.030184223998518323,0.030034329507136342,0.010055212776350006,0.07014939960687623,0.06993379288230907,0.04999258299521604,0.040018232853486345,0.04014589537177554,0.019923210490795727,0.11977658170493467,0.010237941594151638,0.01992809548536998,0.019789386110881168,0.06992479482605725,0.020183036376951007,0.07030375766957277,0.020209918573814135,0.020029150761624325,0.14988652471727523,0.05955714762514768,0.01975469986268728,0.22016720326488026,0.22924561790910652,0.1703421312968411,0.140001332214489,0.1698194834893957,0.040142120678558345,0.029878221828029784,0.030205512322493643,0.049767175308881854,0.04964343288278583,0.03979469766759939,0.049929364046312645,0.10051447753956286,0.04980285317485917,0.06054711951082072,0.060478858543939806,0.019418203668015,0.03988977753587766,0.07023165640446191,0.1809835972922048,0.09865690594741472,0.16003960729490294,0.09076381633730174,0.18959445012840268,0.15002155498001232,1.0012807056382242,0.2814138904599205,0.9588065357580204,0.2896697532595419,0.04919048226498565,0.15925716244037277,0.050692379762824966,0.27040774971711273,0.2796152559095888,0.349504388045795,0.7600606668858602,0.2389330861331193,0.10031927191736051,0.25060748526175103,0.04988740725056303,0.12966958782142304,0.4199325557227374,0.21064589065086456,0.07939414658511888,0.13054775673862729,0.23930950416346738,0.31075072416207705,0.28038489071620654,0.1892098783057126,0.13967011593847672,0.11162614431201846
0.031132830229048176,0.019294973480315704,0.03919533837690931,0.04013338760731729,0.03025380981312336,0.03013781418125331,0.009887008484990223,0.029932615596415853,0.049921630830202846,0.04030329901788784,0.00014042872263345763,0.020235220309813753,0.019376909244024205,0.020489049003727035,0.07094894196119124,0.01899053325338436,0.01979881185118248,0.020771214438635173,0.05019254764715605,0.04961458683879984,0.10034295177205434,0.05003188972781821,0.0300593815008122,0.07003222235189667,0.04999592274481897,0.0801221689242151,0.05017813605347512,0.12927127276083816,0.08945777949203211,0.07970343012576396,0.05031313932305816,0.07978348481367419,0.019733396998165415,0.019639158361496187,0.05154580935692214,0.00014405384852622807,0.0300843853246909,0.08958076197312578,0.05760182701084128,0.029484119440732523,0.020427927739016406,0.039660307902446214,0.019874860616147544,0.04016898385503706,0.060381079384502656,0.00019566940135145715,0.030049313157764206,0.07007028721709874,0.03983376821032049,0.009739733021313816,0.01985739654537783,0.02040653717276077,0.0399286132605625,0.17982635273966355,0.04972487699544772,0.01981709947141786,0.07037428289537066,0.18017087060537768,0.07985893929079776,0.02060075591084187,0.04057509696340474,0.04005301280653035,0.24981900889807243,0.06957127103418495,0.03936468377301455,0.3199214088963452,0.5983427766592591,0.3198631717526015,0.2504772127123311,0.2995165648893801,0.20034433448546815,0.05963579379413042,0.030058360142033197,0.06945745498382411,0.009853698501666872,0.04006743314527907,0.019931976495367442,0.11035213924087922,0.04894903672871131,0.05083323449211638,0.04090524527638129,0.01994535813135169,0.030007144895882715,0.08018550010966517,0.06228239491190278,0.11937841613794814,0.06023806960488032,0.09994121053206347,0.04955177315262747,0.18017555680255817,0.2814138904599205,1.0035112751112505,0.3184560971648798,0.9579114760159333,0.05862050039961898,0.4193037011860631,0.041179051778594024,0.639537444022712,0.10934197576176903,0.8704104496444363,0.29058120109556174,0.9577425509472534,0.060429797786201236,0.7817018171115206,0.09992535440556002,0.43886033051879425,0.10939776131692847,0.4915168453195624,0.2591924718442116,0.30135202666838035,0.30828454385542076,0.272305504035967,0.21878095059234867,0.240003503498129,0.2805995433702632,0.29098497419785824
0.02944914156606693,0.030345671052163365,0.03038487076571844,0.03993388475993567,0.009897382391223354,0.05994146323563242,0.010105609612929473,0.01996519745626656,0.1100485511927224,0.09986386688281956,0.029997305374554074,0.02990104476526155,0.0403486261006568,0.009690545606757285,0.16937250048005653,0.020624730502867557,0.030079902586465826,0.03961828605695334,0.09982951925230889,0.08018196678085053,0.11985989945310274,0.0899161974729214,0.05001291812336618,0.40002934262879514,0.049872674637960954,0.05000284575355413,0.13995739773015836,0.240485097539693,0.27023178404505455,0.2604083668897752,0.11973114635663074,0.10002174376763782,0.06026482213381748,0.04016190289479942,0.08945509083159107,0.03969574789569336,0.059765851617363856,0.1702184788472274,0.15101238772755252,0.020442794105386394,0.04945972550117499,0.02005735137289811,0.010021856378122874,0.009991722092472384,0.029802896679305597,0.019948810026615856,0.009920110262183066,0.05995139376699303,0.07003070091266385,0.05003017059962528,0.029999404836133673,0.02987382798302023,0.020086986692071245,0.11007357676960237,0.009834865436529389,0.020060781718888806,0.020115056443182525,0.07006410700885433,0.019881737486157208,0.07973256169300526,0.019783326265449038,0.02995654367435509,0.16011155097254326,0.07038664972460251,0.02025525812839081,0.2499192229915491,0.23079293983511087,0.16970230407062564,0.13007557791562868,0.16014255536386515,0.03983626577524077,0.03013799823449536,0.01979983871312422,0.0403173379106701,0.0503021152423585,0.030137889137992827,0.05002607560418309,0.09959372877893695,0.050413633531021185,0.04941217981062095,0.05940757436989478,0.010535825763774669,0.05006981924707538,0.06978995209223551,0.15911564862250815,0.09120150216774808,0.14986843805274644,0.08929418548181083,0.1503739199309591,0.15000412534991933,0.9588065357580204,0.3184560971648798,1.0012018387178458,0.3406860228412575,0.04078589521659665,0.18047502013638358,0.04936036788795975,0.2999856317081515,0.27035410283242906,0.4100864917934855,0.7398260581605118,0.27106348969505795,0.0897320571475932,0.2992519449712927,0.050081291080122464,0.16056297894196075,0.3601320563142689,0.21932743824917542,0.10051811792051663,0.14952739735784337,0.27069937641634184,0.35923333120899653,0.34973402769232087,0.24065434895091706,0.17021218151168968,0.13847883608657974
0.03944599819388065,0.020434210512654448,0.040393057707085074,0.049869303399878044,0.029851468151634846,0.029865141053665365,0.009880757065344907,0.0202984184303584,0.04013062799218346,0.03973812784891856,-0.00015717252600870664,0.02003989402435511,0.020022139984244826,0.019794474037163667,0.05943181294554549,0.020359494384628724,0.030085658252882765,0.019741633021759537,0.0499325082997802,0.05011494346660248,0.1198969369493145,0.08002395903757104,0.040004341672987706,0.0698920294826109,0.0701325879758734,0.08991201936938363,0.04976742788954128,0.14034245283469973,0.08038064770471887,0.0700811757696701,0.039835666691404606,0.09008714791743815,0.020074385215959938,0.030238334442240073,0.05884770378573172,0.0003202049558887972,0.030193756449402965,0.09012050100850257,0.04109684143391212,0.03017447338990904,0.01985487496272902,0.04033396048904882,0.020156387055209203,0.03980682317907182,0.059762853815687494,-8.895353539352666e-05,0.019922794817529052,0.05021057603190317,0.02999810226145825,0.010318217742778954,0.02005621747056574,0.01989321722852619,0.020018727504464612,0.1296532472793119,0.030484126546626304,0.030060784990412197,0.05941243043556118,0.1198603039469415,0.08033392205413073,0.019821131218038756,0.03971607276985873,0.04990183520992152,0.2300942091810197,0.08997786562777803,0.04030230863865286,0.35037966093019374,0.500988524873687,0.22027178986208695,0.16994499552232203,0.20014319367164848,0.1297511495733586,0.060221044545794716,0.0400165693979478,0.05053351200369256,0.009593593505398455,0.029706021229360086,0.029901503685434868,0.1001714753100333,0.05109212240399185,0.02946193462104402,0.039425242666640554,0.01986746375383475,0.01979013037692818,0.07005885952105424,0.04941363508621942,0.09996717139391469,0.04953657495371153,0.09011244935559894,0.03996225300276062,0.14992381007901043,0.289669753259542,0.9579114760159333,0.34068602284125754,1.0022944759004577,0.07083226106188528,0.4095743421848314,0.04939782593816748,0.6216171990040905,0.11023956357710016,0.9081945101240033,0.3093283459218241,0.9409158040192878,0.0600319736779055,0.8489589508738026,0.12980184082279878,0.5112080397682479,0.11051026289332454,0.4490372109881608,0.3002075642872999,0.329238381229878,0.3409775003344836,0.3288248751527534,0.30106613471270655,0.32960438333680986,0.35891813516653565,0.35030719108464187
0.14885271367287056,0.4506430974112989,0.07059280003631647,0.040088303491294414,0.07989493063189775,0.019884101190489525,0.08990621788482832,0.11008718307407758,0.019905172789091163,0.06995298822364275,0.05988405021991704,0.07041571060954326,0.059591057304964036,0.16995650066569978,0.03944451514207086,0.200282738913452,0.17998056363328413,0.24985211323658504,0.14971801495513049,0.25016610255047905,0.07999528510338362,0.03986094240667026,0.03002841369205537,0.07970424012651603,0.279818787043528,0.38012763020171053,0.2305349175924321,0.46083844697794923,0.04083222470721334,0.029900514400502315,0.06997605665286757,0.22953862380356996,0.08029919629505772,0.04000966922825212,0.41013723179706235,0.17022349071587525,0.08018953205632388,0.17995356226883139,0.030847937774664526,0.050378978965362885,0.08957517088432573,0.03001730025598253,0.07019718054643202,0.059940144801808724,0.01989753615793574,0.08012068970133279,0.10009079454303302,0.0493838045250018,0.02026768334694166,0.05021984928854647,0.049592957109920795,0.040050999596302095,0.08991895132442573,0.04071367998578414,0.10020880773720948,0.1201188125551617,0.08969716152682444,0.050050319753092175,0.09014454504262492,0.38982349640196107,0.12990294602226152,0.07985767008551826,0.020113767764352183,0.24019787790884514,0.2800582736396064,0.19005343430746424,0.06096799908447424,0.05996475017517086,0.029305753008324616,0.020427891279842812,0.01978100471001866,0.009958515656831589,0.009861277374435639,0.02996574401771574,0.14948286797971325,0.10014379455163343,0.5100480084071174,0.029961591793408817,0.24035812197526457,0.019681716488514234,0.24930988325252634,0.010534825484965456,0.3198718305918399,0.2203879667377802,0.029947166509438287,0.06039336983707665,0.08962727774823538,0.05971755234534988,0.03964116043000984,0.15971731629630367,0.04919048226498565,0.05862050039961901,0.04078589521659668,0.0708322610618853,1.0021598697218244,0.2113583256918131,0.9076821182072217,0.15964879610565655,0.5004906020880973,0.1395928971813369,0.1899047707718935,0.06060043659302047,0.7099454747102312,0.1503501170847212,0.7698137099371534,0.38926213697882184,0.4197538230661831,0.0990950115274222,0.6301556914382439,0.6186613505245677,0.5402584224250793,0.4397016692931539,0.40998307819970886,0.4801953367446629,0.5603077775255028,0.6000696768246309
0.10931813257107674,0.12013407908271762,0.04043193529800834,0.049991755348716416,0.029921729074100435,0.09000244956249523,0.07019023267634106,0.06968342252967438,0.02982197327641581,0.04008824855497027,0.04978360371701196,0.14040864383967505,0.11941534723394635,0.040155652947025874,0.029719635647233865,0.04004433440135076,0.14992894996001402,0.039873964765270845,0.03977992094571886,0.04016802434962702,0.32000017115846396,0.11995146378640077,0.0699877011811195,0.009917913779120106,0.039589131990651956,0.030201275685242838,0.010477221148696411,0.09054478076714609,0.030704895472356525,0.029781723861591884,0.03010772642899822,0.10985780425389569,0.059877171157552554,0.12999206161592566,0.07034379090709268,0.09014528397007983,0.23027613106730416,0.10994532557775123,0.020540354292565025,0.20034068818580694,0.27965710037835817,0.03990979875376485,0.08012299338158131,0.040024555419966086,0.03993849274656198,0.15022103380116156,0.1700608006944157,0.10963623725986768,0.05025288731963821,0.050031201199693724,0.15975677141792047,0.15036551156418357,0.21976533424348615,0.12055731764222898,0.23016435642909108,0.10010423416426929,0.16003213796620652,0.20019157727994213,0.09987277441874837,0.039760620833659596,0.00992318460154403,0.049958959441848916,0.040062931550780174,0.050395026770007345,0.040035269323821836,0.1396722600052159,0.8004813641811153,0.19957932145539986,0.10994817568163194,0.12010877993307977,0.5799657555852175,0.1300609046973632,0.21996919671367365,0.638977074674402,0.09988329704950592,0.28973336657041454,0.06027024327216929,0.03935883162106051,0.05917434293472341,0.4702609886257666,0.04048519700062897,0.30046516490615216,0.16006036313403,0.08991860131728835,0.02984758124631258,0.030679218919441024,0.019931866797078163,0.03974640324971337,0.09982149425661477,0.07999971672279564,0.15925716244037277,0.4193037011860631,0.1804750201363836,0.4095743421848314,0.2113583256918131,1.0025474562432117,0.08861583032756858,0.927977001504099,0.140388770909768,0.6114180938257893,0.14024693768442661,0.4806418011611762,0.06988342383678951,0.6698997129983686,0.33976605615947764,0.6993533455169713,0.08961800522842682,0.8996845907095737,0.7408588063150439,0.7385020192883516,0.3804062463285103,0.3196156285558313,0.3396832514995343,0.44074467717179244,0.570434903569848,0.669124434636482
0.12128312299901485,0.4492284771436119,0.0794082497326702,0.0397987035139586,0.08007601663375576,0.04012108048284911,0.10014898963094336,0.1298831905843218,0.010125649734902577,0.1099983696997076,0.0800025605672932,0.06957740917890215,0.05043096883613278,0.1500330168134667,0.030433914750797732,0.16975117262314535,0.14001847202586107,0.23011222091099612,0.11029358971343269,0.24983002975940954,0.04999881725912234,0.11017985583477102,0.07998171585654386,0.17039442318597475,0.44018273213879294,0.41986656705486014,0.41922739503929934,0.5990856579519159,0.03913248472710238,0.05022695431405489,0.17996700293907805,0.3506374160382672,0.1695352169172676,0.08009004543040303,0.5395298699285764,0.1898825961059028,0.05978387863767875,0.2701101778491128,0.07918150409979581,0.029666024866135635,0.03035732358419939,0.07003109357208637,0.059818693946895485,0.06005770008512789,0.04003508743927727,0.07990452826329907,0.06984888541993432,0.04085463362193832,0.019635475279529187,0.06983179260481416,0.04048035148161397,0.03001659570709831,0.07006132261683164,0.048963777604974834,0.06982151702279776,0.08986335478932622,0.050333318550522865,0.03998846937716368,0.05981833601559762,0.37016728051750514,0.14006446008410273,0.09012824345978016,0.03990583114007436,0.2698860638572985,0.2799664239228524,0.19994531891646136,0.039049628155342485,0.05992064061249635,0.03106211805560397,0.02944870403539012,0.020214977993721066,0.03013499468877916,0.02013832555683332,0.020030848355633145,0.16050911253788466,0.07968844929027136,0.5099361629951857,0.059871851433938056,0.41958838669985965,0.040271799862704884,0.3909871905479437,0.03948731189739369,0.35012680174289706,0.249400134356554,0.0901341773442344,0.10015950637322546,0.2102940883591203,0.11989600930412389,0.02043510608924393,0.21040251687833142,0.05069237976282494,0.04117905177859401,0.049360367887959763,0.049397825938167404,0.9076821182072214,0.08861583032756853,1.0026782343250369,0.0705979315581809,0.609495760437487,0.08026959550965486,0.2000028032615113,0.03954032080932065,0.6800875367833659,0.0692569263879296,0.5800525908893421,0.1912498698401902,0.4203830142824367,0.030828247503441562,0.40016989463221736,0.43114595089613,0.5001036678186465,0.40007453282909106,0.3199990413950459,0.319999371453555,0.3594060598208872,0.3795959797581814
0.08025339970835904,0.10001503348712518,0.03991294844721984,0.03984348134610936,0.02997870640968208,0.049946958940066094,0.05971095037634139,0.06043918513613139,0.04022291941992108,0.0598048349402341,0.029955080004904107,0.10993138548966346,0.10023025942862589,0.02995078096290891,0.03977579406940457,0.029852138042556212,0.1000549804649027,0.03014290556319956,0.040143535668435926,0.039855142496495986,0.28004140689889123,0.10003649392839122,0.05004764400129413,0.03997100620412877,0.050349808511863055,0.029854251743207147,0.029544650806666385,0.13970953801727604,0.04993076555762635,0.060070055307765394,0.01992690648710481,0.12007317551884165,0.04003896231696545,0.09007423854590096,0.07937603505734782,0.07039122795890328,0.19986409182067716,0.13005791977907455,0.029911207754739457,0.11988446327947201,0.1500977134838368,0.020217634399769136,0.06007329109446525,0.039885349976585535,0.02994041054340886,0.10987395911600693,0.13991526857190015,0.12040938052670526,0.04972722582927884,0.040227743822874217,0.1400310628101725,0.12977605053663388,0.20016345746959996,0.1692198517736005,0.2201029377475328,0.07991254100726035,0.1797038248328468,0.25986350635847216,0.13026695260017906,0.020266579865432423,0.020025815048067185,0.04990275904663559,0.05999897715814117,0.07968887890594263,0.039976199402637566,0.24054226576553955,0.8797856102913639,0.29048064215927255,0.17009486317390982,0.17996806047418443,0.5399235872440086,0.060008228699016446,0.12001790109864481,0.4809838163937905,0.07952997039566491,0.250101746871909,0.04962639841282796,0.04070270588526537,0.050990437371024044,0.3696896550143984,0.03961447834609982,0.16961288349003423,0.12978790560072126,0.11021274160690606,0.030412386672444464,0.039864950942335796,0.029588022249901112,0.029763163974154506,0.049992912710325334,0.13993318130925686,0.27040774971711273,0.639537444022712,0.2999856317081515,0.6216171990040905,0.15964879610565652,0.9279770015040989,0.07059793155818093,1.0027943674082107,0.15980389009193766,0.8176175772454729,0.24945873179653646,0.6699697900461773,0.050281827589209294,0.7895568535212021,0.25977929860424964,0.6809700224395132,0.13047825668625562,0.8897567851068782,0.639075440637364,0.6806245397311275,0.4400256032149048,0.3900155839330878,0.3705275067379465,0.4292545056020575,0.5292790659351816,0.6013118664935936
0.0596617202490075,0.1901926651326049,0.0502067650342373,0.04000541888060434,0.03994797022835753,0.039970472604084054,0.05003598720462638,0.08998424468662791,0.049983112550911084,0.1499620546154276,0.06996592187951321,0.08998396914648846,0.08010510292643087,0.039894962335849715,0.08978815623633003,0.040248688150828306,0.140031616472332,0.07982803286296423,0.019922234291028133,0.10009965577363868,0.04993006167934201,0.08997459040381968,0.09998607715837378,0.49997366599467497,0.38996891271985495,0.22999896500598974,0.6100490392691695,0.13023074604214357,0.17016176222514545,0.20006756458486216,0.19993753939127737,0.06998350339362311,0.09008750496678203,0.020058471771651154,0.15980461764882634,0.10995242949791752,0.11997680520616746,0.04008035804203834,0.1405069524520584,0.0501361599945813,0.04987408011154893,0.05002796339590832,0.020031733344982358,0.019985381676469318,0.04993314984393848,0.05998740451301577,0.040014469872815206,0.07985748145119764,0.07007787861876978,0.080054784556009,0.05997747637429593,0.049912515029390786,0.04999590037346559,0.13020850766377015,0.04003057942093328,0.020052825551453806,0.01995147972864282,0.05998371633242795,0.020005234461600567,0.09985153029584559,0.09989314975010122,0.07998518578530706,0.14004680788766066,0.2801276112031016,0.18011173843673262,0.3499633570051083,0.08039658501719084,0.17998062963872385,0.13979073221929292,0.13015623261098094,0.009926331323450067,0.07004560390964101,0.019964911459815545,0.020068725113659716,0.12001477246893465,0.10005198451943101,0.1900423312640205,0.14987392238941327,0.23015192322198774,0.019819980319051984,0.22977139591607737,0.05010803979250013,0.2700090976203526,0.19999624548721998,0.16955290449448882,0.17022900196362395,0.2699716555890053,0.17994773459639105,0.09005617484652302,0.31992891101037696,0.2796152559095888,0.10934197576176906,0.27035410283242906,0.11023956357710017,0.5004906020880973,0.14038877090976803,0.609495760437487,0.1598038900919377,1.0001858132954924,0.19011315081033736,0.019952303136760795,0.09042344454919915,0.37988573480465004,0.13986266312725384,0.45002780946826415,0.23997395554911444,0.030038849076111793,0.09965281430857187,0.3602033311580566,0.41959961062643136,0.6203142734754232,0.6295926418185945,0.5001314488494576,0.4300898479724217,0.4100095322226882,0.3897637381351131
0.05004522771074123,0.05981517420876995,0.0400126754719952,0.05005273010579365,0.030022051332307384,0.03010734914435972,0.020329532075323994,0.039542751133320536,0.04986609783992483,0.05016705701407678,7.97581477375638e-05,0.049749246364702515,0.05034474120837444,0.029960876978350887,0.06017726440682071,0.03019672716068423,0.05002024489604347,0.0297795699800046,0.04997188815364792,0.05013499678043794,0.18987756205885006,0.06999163761441622,0.04992325805922362,0.09017645775021929,0.049753992275166435,0.050045727281932566,0.07016679814661292,0.1399874734546644,0.07982642376141459,0.08006483271207074,0.04001608473237902,0.0901412712806991,0.01999280027537393,0.03993640059319366,0.06041475994378699,0.019429576971826543,0.09978810272532936,0.1001223334798313,0.050213449109320005,0.040116402569317575,0.029939947597153696,0.02978187226762973,0.029854714794171948,0.04014650422181878,0.040059564502926207,0.019999658072708298,0.06004202492345773,0.09979563676497491,0.05012777120040056,0.00971124028672664,0.06012749756032191,0.059950292876624726,0.0899455525389715,0.18051318202476657,0.1096476843286535,0.04005552371917479,0.13052777790001482,0.21010349128773045,0.14961259628292672,0.019756451418770457,0.029943840821118763,0.08013691501801638,0.21998559475487794,0.1603659518635798,0.040086159001658433,0.46943988407724163,0.6398017403810158,0.3095990891978422,0.19997635933218597,0.20003243859441483,0.2201414257638388,0.03001729992311731,0.019988285637708193,0.13933811940936047,0.030789928503357898,0.11012758404972126,0.05026659607185213,0.09933378470661682,0.049079300677668775,0.09029463636350521,0.04036630895612559,0.020143643036953877,0.060321896427732564,0.11963877131449535,0.049024893226073896,0.10035566270410466,0.05052286858994332,0.0801092193605191,0.030439786248367167,0.2100902003765795,0.349504388045795,0.8704104496444363,0.41008649179348544,0.9081945101240033,0.13959289718133694,0.6114180938257893,0.08026959550965487,0.8176175772454729,0.19011315081033733,1.0026412501594797,0.3105221512676298,0.8504057031735284,0.059634309657504,0.8899098115719745,0.22032803457284394,0.6493826671934333,0.10975174136955781,0.600397622847962,0.4804668263310866,0.5400517449793012,0.5200096412596382,0.5098040735080418,0.45949815951928946,0.4706131591723077,0.5109128726149565,0.5186533876366587
0.040109416199939095,0.06989965455763149,0.029886260546323814,0.020073480625741554,0.020050601730115105,0.05003817157159515,0.020021956364157822,0.00990908212439428,0.1299621157469542,0.060082770857638246,0.020097271514311045,0.01006995793975731,0.009868927024292326,0.06008771461422864,0.22015840722637084,0.08986421883892962,0.009965920428092112,0.09009497119007923,0.19999522141021903,0.1599681465012927,0.09005186465526333,0.1299617746682043,0.04001393840071291,0.1299811945759166,0.129916246932412,0.2000484609368211,0.020193869237498933,0.5299670407187476,0.2799945280163309,0.25989444780274723,0.07009589989637442,0.22992589775215863,0.029993704345926495,0.029900314930477,0.25045957244901684,0.01988322623450309,0.019981245953754872,0.23992522906630162,0.12969456682047786,0.019957138106727577,0.0400029157056694,0.009901600823770113,0.01996189270619378,4.589438683735927e-05,0.02006621577235781,0.02003215514453142,0.010037143666907675,0.03985111720488767,0.03005503664310589,0.029874540289520708,0.019918689779681212,0.010097108869710688,0.02002372791766206,0.060192549611379445,0.009817420723513553,0.02998180647892304,0.02018999273861363,0.04003383867749957,0.029901204484375707,0.15005349219590705,0.04009587379246344,0.030024890927835134,0.05996712773640545,0.019989344675707447,0.06990385801316663,0.06990835898472689,0.2697565742707567,0.08993970793230233,0.07997145242825393,0.0999591968538375,0.11005749469723446,0.019918125012276404,0.049980744150254684,0.09976899408079751,0.020101193239800537,0.010095433624550605,0.14006008549793375,0.03995155863098558,0.05952587937836006,0.12016250396226491,0.040215155642863626,0.03013161161458801,0.02004966730955224,0.03004768502530714,0.11017575538425244,0.029924207124558108,0.06016347606669232,0.03001678182078897,0.13995560193555903,0.049978673915151234,0.7600606668858602,0.29058120109556174,0.7398260581605118,0.3093283459218241,0.1899047707718935,0.14024693768442661,0.20000280326151132,0.24945873179653646,0.01995230313676082,0.3105221512676298,1.00023615320618,0.2697289661946666,0.40997699899006323,0.2303972940988031,0.11007792568828122,0.06954024301193294,0.7397673932498186,0.2202713508437298,0.0300377100159563,0.04015880457648772,0.049614285119283195,0.08041626672291824,0.08959601275122883,0.06024387278495049,0.04035012771436832,0.03976300382677816
0.03935479260149675,0.020350019434169055,0.04052955514431287,0.0398634723185596,0.029840925628778638,0.029958391660589372,0.010132982348069355,0.02994409863667873,0.05005278117858237,0.03983837425667562,-7.10454938738295e-05,0.019721438826733495,0.010638279317958927,0.01970052952687285,0.05938993312286461,0.02060985929154816,0.03015600590672079,0.019474719227392533,0.049922582176679546,0.040257090304062,0.1197411082166375,0.07997799382738346,0.039940060112155666,0.050052216266461565,0.05995705183954267,0.05990961106986463,0.03986525189665103,0.1403672122506809,0.07030429651365044,0.07019122414563592,0.039806020286746645,0.1001882079337074,0.030209394744711852,0.03018854331190541,0.05913292909542139,-0.00023960432627222967,0.02976412679993626,0.0803425257904023,0.041616717462974004,0.030399756794330178,0.029692654424279333,0.030164086316274038,0.030038712303732718,0.04993147242368145,0.05977944662712655,-0.0001646098093946149,0.02996093966416449,0.06999929979243628,0.030061667970364338,0.020079081087551,0.0201324330117026,0.019650487791902996,0.03006769314432858,0.15008497731043927,0.04000242851163224,0.03011173009759423,0.05996440882334427,0.12993125041397927,0.06996133057415764,0.009618419786845587,0.03962698279121063,0.039991454193104584,0.15010318401020364,0.050391925983730386,0.03042384580995777,0.24993423175967117,0.6107567458387098,0.24003692452081646,0.20970866466920424,0.2503275546102939,0.23984195177605497,0.05023087438750382,0.029959522441884903,0.10026162778079184,0.010350522945165613,0.03008888264563584,0.02002318433715402,0.08970574900117705,0.0505044615358393,0.059605592087188644,0.039463202494097065,0.019959211347043402,0.020109274058474333,0.07978831979149852,0.04818948161127251,0.10054238147689153,0.04992736729499793,0.07998058671016603,0.04054040339895356,0.12991740793453085,0.23893308613311934,0.9577425509472532,0.271063489695058,0.9409158040192878,0.060600436593020515,0.4806418011611762,0.03954032080932071,0.6699697900461773,0.09042344454919914,0.8504057031735285,0.2697289661946666,1.001796307058034,0.05964487795740401,0.8685790047089139,0.13009929272625603,0.5306699076572908,0.10038608452816306,0.5591991696187525,0.3202378888514373,0.339423290809801,0.2910247700555005,0.2584718332829631,0.23064416477532354,0.2800051182939712,0.340107021755594,0.359164074010387
0.07014408111825635,0.17988783984896892,0.03992455607332304,0.029958048505674847,0.050021810840709696,0.04000398863042805,0.019927499324957937,0.03005300167304017,0.029989333694509377,0.010025918655564485,0.009912127078669212,0.04013675525946523,0.02975783779470681,0.10014713834136259,0.10009516341654645,0.14971960866941142,0.10994759900468634,0.2001954199723409,0.20004070369191138,0.2999059026337229,0.05009035324745237,0.050028174494159,0.020019975758046326,0.019987837137386777,0.2500164005448655,0.3700327614485292,0.11997040817391463,0.3998862396569915,0.10000715607252122,0.06991686258111568,0.02005259341985998,0.1099299548208315,0.00990099761332854,0.009961713782590847,0.22017497657240243,0.03025807329134191,0.04009291844403085,0.11990131724121506,0.0295456925841005,0.03993522230913285,0.06006798034931121,-1.7043284229024376e-05,0.03003714796717136,2.040314886620526e-06,5.109533175621292e-05,0.010074694877628796,0.01999247945079615,0.00011683480823713042,-8.595510718973591e-05,0.020056159833098972,0.019941162959064927,0.020126276685812343,-7.005344305389238e-05,0.009791330981340938,0.010109453980176618,0.03996273686598241,0.009924206646818912,-0.009941354062185786,0.030053842629088487,0.2001648931235279,0.09010834231444387,0.07996238169050877,0.029979949335926095,0.11991168436890814,0.1798565582396845,0.06006674030010503,0.04970552357026544,0.009997497811272436,0.02016026587604659,0.019903032776308213,0.04004317237750374,0.019953978146440832,0.02002995927034391,0.03990003175128387,0.02974408065159339,0.029902233452554258,0.23991888942247597,0.01015568511112029,0.06000081385142192,0.050185669115018476,0.06016836001508578,0.02992112598075153,0.11993910052562476,0.04006063138299877,0.020709753171110963,0.009964088868687396,0.009836379190090953,0.01986412657815714,0.08981225428259004,0.030062344691517855,0.10031927191736048,0.060429797786201236,0.08973205714759323,0.06003197367790549,0.7099454747102312,0.0698834238367895,0.680087536783366,0.05028182758920927,0.3798857348046501,0.059634309657504,0.40997699899006323,0.059644877957403995,1.0001929346064833,0.060148340050787966,0.7397992241339669,0.2099424599833198,0.4899512080775955,0.05016729454627773,0.33971972057802086,0.2400411267765437,0.18980269665774685,0.18037155974888197,0.20992958301348996,0.28981442524119627,0.34000174347291,0.3505528531097741
0.05002421483018567,0.04003346786369744,0.049746044275205875,0.0402877213465822,0.04012557558294009,0.050015319494471654,0.009836039442856697,0.030069329929791475,0.03990401371733082,0.03017560275049652,-0.009838914704043975,0.04030206000313606,0.03952571220964682,0.030179830774762068,0.04038431802593163,0.029677011514264266,0.08988990668246584,0.030344078657312607,0.049945237728485865,0.04988190738434246,0.2101823036595241,0.13991024578402855,0.08003832089719055,0.04977733408053202,0.05001672293913867,0.020097648881477536,0.03052465709206722,0.1400081206986976,0.05006027711145812,0.0497060793415101,0.04023212677288884,0.12958751380592667,0.05008639907314668,0.06974531169911755,0.07110911255032086,9.14523033745553e-05,0.08013002903280393,0.07972317396721032,0.02904580677258102,0.04972207838993292,0.060191959242651506,0.029785821032594282,0.040002503264172026,0.05006890210934974,0.04021361472322976,0.00012423333156391618,0.05016562582202147,0.07937137206276078,0.04018634975949417,0.009948553803584262,0.02965783896595946,0.040094391721718706,0.04000285846356457,0.12070921296552267,0.059860734515106324,0.04997433118750383,0.08003929518005302,0.11997632266278646,0.10004863646262648,0.020210071746861236,0.030305610719391987,0.059993659651594027,0.10993888068953224,0.1096775809031265,0.039655186725588897,0.31004267118109774,0.5796559616011574,0.19015189408069236,0.14940631323700806,0.1601014806607064,0.2300667976216029,0.02967044201681269,0.019971998732084408,0.15993655925330047,0.019587857253875626,0.060364423295133765,0.05004308320800218,0.07033452201450097,0.059527374571416,0.08018032182945867,0.0400178612680489,0.030221033282795306,0.029899041165041294,0.08054887014080891,0.0310910922695281,0.0693259288630983,0.030187642299036303,0.06021230729075657,0.059445043090863216,0.10972777645081376,0.250607485261751,0.7817018171115206,0.2992519449712927,0.8489589508738026,0.15035011708472112,0.6698997129983685,0.0692569263879296,0.7895568535212021,0.13986266312725384,0.8899098115719745,0.23039729409880308,0.8685790047089138,0.060148340050787945,1.0019570853733906,0.3100890420164597,0.8184291869868542,0.08945612753704087,0.6503709745023449,0.5796026046947129,0.5602356401667054,0.4288802341455046,0.4413609524662814,0.47939086771867473,0.5700373905405393,0.6402551277849204,0.6410434810755532
0.06996531113187623,0.18011417552529493,0.019947833905508396,0.030121932397648994,0.04002422762250054,0.07001055602928732,0.020026227020872464,0.039988675809917974,0.02004726878690911,0.020001005596860914,0.00023469963130554283,0.05983311501173192,0.06024017441485249,0.07985477748050636,0.07003222346565964,0.11020925658256396,0.1800587316614605,0.16986732980445982,0.11998636181222641,0.21006247555543753,0.12992823081915952,0.019949213323233413,0.039978623265334357,0.039956594870400625,0.11000564436802401,0.2599520034697842,0.090155970401126,0.1500349956774228,0.06994225833383362,0.049979186710943646,0.030010768338046095,0.04002196840936666,0.020192025357213088,0.03994593682317169,0.11004597341905281,0.039612150888647286,0.09991244457125938,0.04004285047000216,0.030299046936948838,0.049961453783074324,0.10001556740455625,-9.04159311381004e-06,0.039922006963712856,0.029995106786655054,0.010007407429279533,0.019877614911846163,0.06002485206348774,0.03979878603073589,0.030131915095851725,0.009859157854338683,0.040047974547118045,0.04984248518940169,0.030136308311698716,0.04030882493880295,0.04980815419307656,0.08001965269381296,0.060105479784363744,0.029889947092261115,0.07995900929202118,0.1998773577645564,0.09994095589408845,0.09007122792413971,0.039981102187365496,0.18994214881915178,0.210122818277404,0.18998717448165864,0.10014713384330189,0.06011017323426394,0.03973479484293094,0.03007851621675381,0.03998574558624885,0.01997565209586225,0.00997583025806755,0.06015381067670998,0.040324163461291765,0.08020342527127163,0.2700917237605184,0.029989279701783087,0.029936835215420707,0.019840838286752475,0.03973320813454511,0.020043591160161963,0.15005606960666634,0.09008030983328154,0.029220567731127002,0.039519339552927926,0.010293144261483846,0.030483218959565888,0.12019622222788144,0.07986537439169966,0.049887407250563016,0.09992535440556004,0.050081291080122464,0.12980184082279878,0.7698137099371534,0.33976605615947764,0.5800525908893421,0.2597792986042497,0.4500278094682641,0.22032803457284394,0.11007792568828123,0.13009929272625595,0.7397992241339669,0.3100890420164597,1.000354466442934,0.6599157463935945,0.22998579519454762,0.21004039279887354,0.7600185733871946,0.6204144350759585,0.46982277146553303,0.47990532982439205,0.5600088075075167,0.7201456077263076,0.7999940057274195,0.8096024704525042
0.05033652578233216,0.07982940777866734,0.02999280639671937,0.029740206153832896,0.02990727593734552,0.07996393879418544,0.01016753855993897,0.029987889915515504,0.020129738625086928,0.019782431146529392,-0.010142539496780139,0.05972679600324542,0.06032060336128284,0.04976153383365581,0.03973687317720853,0.050394178983221016,0.15007052864135162,0.06971279926383707,0.050053316872658016,0.08005045361033564,0.2398788692784118,0.12012449873292995,0.09000661370905996,0.030285094688341098,0.020077030848728555,0.04989183369182911,0.029238181849848433,0.059863877161633404,0.03963603553642083,0.04050179340680128,0.049700694454177116,0.08056432140498956,0.05971565346583186,0.09036230364537488,0.04860255464790112,0.009951183560320069,0.11996635216909594,0.04022604660848977,0.030487465175151007,0.08010562883245381,0.13987049888474434,0.020260001224375466,0.049966011554026975,0.059929216053386386,0.029751026349515094,0.019912435913907754,0.08978290714374786,0.07081611987080108,0.03975228853358707,6.880277170307283e-05,0.040433007162886586,0.050062155569381143,0.06002808935819907,0.08902248721650853,0.08016919358630521,0.08997704559689156,0.08993103164499598,0.0999936587264088,0.10998673619156388,0.09982829790412016,0.05974342569501602,0.07001838819040153,0.0600577989882785,0.16018287037317822,0.11029199805560057,0.28004252013925607,0.41050520930587786,0.129762434701679,0.08103084041759502,0.06965031403993692,0.1799115844786653,0.030369422605671683,0.020011854990428683,0.18024736952395043,0.030338134675704613,0.09941635119824833,0.14999128439316367,0.049584498065717866,0.040446912201797164,0.06959955663247024,0.030279380097207133,0.049938629595279456,0.07001458946887391,0.08930524124273624,0.029515303422784963,0.050917956935008286,0.019867191586906204,0.039532564544974544,0.1103862671098145,0.08039018354457703,0.12966958782142302,0.4388603305187943,0.16056297894196078,0.5112080397682479,0.3892621369788218,0.6993533455169711,0.19124986984019024,0.6809700224395132,0.2399739555491144,0.6493826671934332,0.06954024301193293,0.5306699076572908,0.2099424599833198,0.8184291869868542,0.6599157463935945,1.002049622970214,0.040604929431672036,0.5696726125629465,0.8611163017846291,0.7597561994619061,0.5212482846897443,0.5488616157758515,0.6504572234892452,0.8202879216648088,0.9189508813285102,0.9285752494764904
0.11000316121025577,0.26002268073502616,0.07009615148052571,0.03988974641435107,0.07993326043496982,0.009984239617676308,0.020048936772012256,0.020044233585046325,0.17005126241556204,0.04990635119854406,0.009858747520852012,0.009746670519372832,0.00043174054947659645,0.12983108234034127,0.20983984781358472,0.1902665950831063,0.030071934480646274,0.16979250852495495,0.26004208742044904,0.17006876661892859,0.06987567663563345,0.1000834151203658,0.02994881366566877,0.020114627544894705,0.20016110646806373,0.2598933258787441,0.03961237247245037,0.7298896112580855,0.22985248279392764,0.20019893367407093,0.009867407941263538,0.45026167775158177,0.059934090700491105,0.1801568375098508,0.5792777579621099,0.03007036094088401,0.009912463544362085,0.3201930519356076,0.07046758256248656,0.029996591390277133,0.04009172603596004,0.04010773286996207,0.040008453753590585,0.029971505597978166,0.039919237372285615,0.02992321852701877,0.009961457708958637,0.010205174725468535,-8.029452483622381e-05,0.010143917544920717,0.030209527034174944,0.009745288299025516,0.029977496518407233,0.019783117742823195,0.020163914091203702,0.020030484846501294,0.039859029892909056,0.019916313734914707,0.060058826790474716,0.23986542881720987,0.08984438515586433,0.09001350981399542,0.010037991421595211,0.10004597655715196,0.14016536522228604,0.030035265124465103,0.19021392285758953,0.030097343385458573,0.030000646832497507,0.04007258352339669,0.12996721222088714,0.040129590345253006,0.12006016127732619,0.15034544057454463,0.02001867271606697,0.009933766517222498,0.299957080161992,-5.044094937895342e-05,0.18046307347632098,0.19980555698081998,0.1698946487575376,0.0796985971020634,0.039997024829553786,0.04982545914211352,0.04942576320406587,0.010184916793721459,0.009958527077279804,0.03002092235583776,0.09021458409183854,0.020023376620226876,0.41993255572273736,0.10939776131692845,0.3601320563142689,0.11051026289332452,0.4197538230661831,0.08961800522842679,0.4203830142824367,0.13047825668625562,0.030038849076111783,0.1097517413695578,0.7397673932498184,0.10038608452816304,0.4899512080775955,0.08945612753704085,0.2299857951945476,0.04060492943167203,1.000388342807419,0.16971159729340407,0.07003241420094602,0.049898147519928215,0.030629559689816642,0.029291821777703078,0.030612309819754956,0.04970226179451535,0.05943571169445411,0.06029232854232425
0.07061541841595935,0.06962191034120979,0.03958931533664521,0.04004468859469865,0.03013589381660273,0.09009405043124717,0.049948957999398476,0.05994852392805326,0.0600259502828282,0.060146487801811956,0.030171567958777717,0.11008881612799845,0.08969667014028836,0.02026892190669781,0.040443025467302725,0.019409614638934976,0.07992730130753246,0.02038445013797681,0.04012963886150631,0.02980939188326952,0.23015787076405408,0.11999980679527918,0.07002255179809369,0.009994632605581418,0.059925597911918135,0.03005394911449328,0.010187234027033473,0.15959519937589517,0.049830810171950166,0.04971490096886805,0.03021370317347764,0.15991970251178747,0.06993841032929893,0.15975059841645978,0.11084409081548899,0.04993336654986425,0.18003478927949396,0.13978399591351431,0.028957814938158605,0.1397818880945073,0.1701700768100733,0.02984907069166127,0.059914419808456194,0.05005884993624382,0.0301930662125545,0.12003553860979915,0.1599943866649419,0.16011013464484097,0.09993140602813066,0.049767941195669727,0.1299506290770719,0.11022886338104118,0.17002100073123327,0.1998210717588228,0.14979486379977558,0.039896151247923964,0.1002518518866252,0.20008302218964316,0.05989532191733454,0.02030047324827978,0.030263946980946078,0.07005223379584043,0.03988035113999518,0.02977080187162875,0.01974821082347546,0.09998535860833292,0.8790281367779615,0.2799588518143238,0.22034369909693236,0.24969394438199266,0.6301965001854153,0.07983374091703889,0.22003810618133487,0.639595003153252,0.08011277513416593,0.200017533041873,0.01997684316894635,0.060193213712218446,0.0693407477082501,0.48051135076035206,0.050456857637865185,0.23992324986745886,0.11004335078865574,0.10010464597254984,0.030737055429280548,0.049370157227233424,0.03016705111648604,0.030250897075774705,0.05995654384019548,0.10008967878025656,0.21064589065086453,0.4915168453195624,0.21932743824917544,0.44903721098816074,0.09909501152742213,0.8996845907095737,0.030828247503441576,0.8897567851068783,0.0996528143085718,0.600397622847962,0.22027135084372979,0.5591991696187524,0.05016729454627773,0.650370974502345,0.2100403927988735,0.5696726125629465,0.1697115972934041,1.0009138381781038,0.5393689830459742,0.521019164583802,0.2589972700495187,0.20107888375140454,0.2093802007291457,0.2900577347486979,0.40042236082611754,0.49023425065225046
0.11008896334289749,0.22984848007744627,0.029959487914279336,0.030006567489437214,0.03991901395530093,0.06988944663156253,0.060382751715822046,0.07963510053073128,0.019740024190509558,0.04987883319860799,0.039957408160614064,0.11006327705685619,0.09965192654123349,0.08983420659761408,0.030243246532432183,0.09065282305470387,0.21992979524867787,0.12963079619324566,0.05984578632723763,0.13012341208399636,0.2499611960190736,0.05002794116349918,0.050118438268108696,0.04031802441932081,0.039827704553481856,0.15006334412831887,0.05950658604899792,0.06046365611395257,0.03936856236515964,0.030701381661315166,0.029654837246676446,0.03038620360168394,0.029414905177081906,0.05057266037307434,0.06889767750758949,0.10966008061791127,0.18022217599145735,0.03004641402168458,0.0201734995844065,0.13014009017047015,0.2197495645339199,0.010228267068110157,0.06990557469307396,0.04998631265183331,0.019640218399906484,0.10009429119334333,0.1498977668427921,0.09046916470535755,0.039978263492864256,0.0398627441234465,0.10033535529995292,0.10063632265988184,0.1599962442372953,0.08964492748931349,0.1800195223654617,0.15003678969986112,0.15010860288202352,0.14005511290881453,0.11985544921669032,0.19965295175585188,0.06972220702408426,0.050022003447568394,0.040115861744803985,0.16051816885864928,0.17021199885268376,0.22961494151771092,0.39147531638202415,0.1293593177648708,0.07101529232669514,0.05962601440767825,0.22975678167901176,0.040467032302136066,0.049925785575571126,0.2695280140808115,0.11061294472569645,0.20903813175874153,0.2603488495767195,0.03896763124573829,0.03962022116203404,0.13953174322581852,0.04087046039756107,0.10068562856625334,0.23009962938261225,0.158911457404559,0.02033479708860654,0.04158890255904825,0.020159686893612038,0.029107138828928843,0.10972490394310454,0.11059369634208903,0.07939414658511888,0.2591924718442117,0.10051811792051664,0.3002075642872999,0.6301556914382438,0.7408588063150439,0.40016989463221747,0.639075440637364,0.3602033311580566,0.4804668263310866,0.0300377100159563,0.3202378888514372,0.33971972057802086,0.579602604694713,0.7600185733871946,0.8611163017846291,0.07003241420094605,0.5393689830459742,1.0038633439624989,0.9379889648032058,0.6216454173833974,0.558859928831114,0.5999783229211229,0.7510786104360871,0.8895913484405004,0.9661763443196575
0.1306198260412583,0.2998172210611133,0.03955381829331984,0.050096316239107506,0.03016718592507111,0.0301244296308676,0.08982530313131111,0.0901516905564073,0.030248090319162802,0.09009950064102332,0.0904345819257164,0.11974968324230793,0.10035412126612946,0.09003892960526674,0.03021485513503155,0.0795720971087798,0.18005682560708738,0.10029541055903901,0.04018876968641228,0.0898292036282718,0.22005675684553808,0.03994150117243166,0.039972598283766994,0.08990543697332916,0.08008023056069231,0.13992195960834486,0.13026852088739435,0.0794296510616474,0.039858104367562194,0.04968742662436276,0.05020590135617073,0.03990738664956189,0.03040449488031627,0.019582840738598502,0.09088337899835837,0.189586818649652,0.1796954868460735,0.02991938431032911,0.04936035233979817,0.10975620329314366,0.17017436844377323,0.01982404973527789,0.09985203168808561,0.07004646931640486,0.02025926940018587,0.16980816990520606,0.20998819705590313,0.1299312451893309,0.049958823861272886,0.07970568201871232,0.11997048627943263,0.10971638593530318,0.23024831355743502,0.1299741205559505,0.2495101721160125,0.17988234803020095,0.200348359588825,0.18993493015203586,0.15989902570054945,0.23029740687452052,0.08024989305883151,0.060101725856489006,0.03984558350194669,0.21956403921153525,0.19986851986133092,0.32019345627076573,0.43875080899771257,0.1902923265512937,0.0898900574971752,0.0698779253250472,0.2302236452186165,0.03970023679371853,0.04998348559509878,0.250342282592868,0.19032313678138602,0.2506333325318903,0.3298497937799799,0.05057415512815136,0.07980730745724353,0.14023602367755394,0.08963442546315412,0.0797568571469144,0.29006214933266933,0.2504621620555283,0.039669441010273865,0.06872647282352859,0.06032559047775118,0.04072980373078919,0.040445904458702935,0.20978859636464386,0.13054775673862726,0.30135202666838035,0.14952739735784337,0.329238381229878,0.6186613505245676,0.7385020192883515,0.43114595089613,0.6806245397311275,0.4195996106264313,0.5400517449793012,0.040158804576487704,0.33942329080980094,0.2400411267765437,0.5602356401667054,0.6204144350759584,0.7597561994619061,0.04989814751992822,0.521019164583802,0.9379889648032057,1.0023803153466926,0.7584636667830664,0.651190082268956,0.6194017162058897,0.6998475821379363,0.8104140457983356,0.8809064827295741
0.06970554165267338,0.26010306096527636,0.030384317743107295,0.0397697385369007,0.029803057467861226,0.059903731547116104,0.06027190408637262,0.06987905014322994,0.07990285541189301,0.1397983877927185,0.07957281339045369,0.08966651494479128,0.08056965664005364,0.01964312360687823,0.09964937438187657,0.01081828932275678,0.08007850524765532,0.019430549750508824,0.019932784672160874,0.010225746667724227,0.07975150251288118,0.060151680420138826,0.10995053867023408,0.3103269451372454,0.27013645793814944,0.1498933481248841,0.46916307627734105,0.1002197492071565,0.13965710426300165,0.1507150841330794,0.1695625512241996,0.0705002840961075,0.09967745988590906,0.020545432932686777,0.16830623906852749,0.1601145762226592,0.10994444118192175,0.050384048447178136,0.16107614684534288,0.030227567119027444,0.029911419558499137,0.08024126207471267,0.060038480129510276,0.0899692242295993,0.05969041031445559,0.11999055724371567,0.14990534500601146,0.18045507613785178,0.09985771825542827,0.07029857566257165,0.09042118893812859,0.07981896392785857,0.19984082366237263,0.23961704114682483,0.22039622062537328,0.1401116086800917,0.20974943546187533,0.22997462781260553,0.22002854176034028,0.2495700061039283,0.23958729011575686,0.19998139334907497,0.16016479107025744,0.5404823072260033,0.3403638076629627,0.6897948441041419,0.23116392003362315,0.30973986554404204,0.17031753124313934,0.12010123693641879,0.039814618219588406,0.040425170633907534,3.620334452735375e-05,0.030295310259876435,0.19015467079901988,0.17949886837362555,0.45006061571693223,0.17935434469706538,0.22079679344167488,0.009465331175690088,0.22002224787412367,0.019885091897169374,0.26004697493230194,0.39922312362122536,0.1692590505508212,0.23149318666711136,0.24981022067143024,0.21931119993143444,0.08020377569256347,0.49030138653286587,0.23930950416346736,0.30828454385542076,0.27069937641634184,0.3409775003344836,0.5402584224250793,0.3804062463285103,0.5001036678186465,0.44002560321490486,0.6203142734754231,0.5200096412596382,0.049614285119283175,0.2910247700555005,0.18980269665774688,0.4288802341455046,0.46982277146553303,0.5212482846897443,0.030629559689816656,0.2589972700495187,0.6216454173833974,0.7584636667830664,1.0020076086767482,0.9081562902681558,0.720995398093927,0.6399333751432601,0.6491717292219442,0.6389834588793224
0.04052418432782494,0.14970117467524513,0.02951522736849235,0.03015321160565595,0.020208908483101917,0.04007661479133176,0.029758617328711642,0.040071073861669804,0.039994323687841414,0.07021910909168753,0.02025602260862592,0.07045051872510358,0.0892124648756822,0.030444175062587977,0.06047901810088639,0.019086705027894803,0.10982884134855025,0.020718396532963552,0.020062129144646192,0.01967543128526673,0.14035115854451205,0.04988750618040567,0.09010968255703722,0.33981264764161545,0.22984692981603144,0.13017570028511669,0.42056381014942856,0.06975469344026447,0.11004306110023172,0.12959754517823993,0.12030245538956555,0.04947232202483587,0.0601069174397429,0.019572395007506207,0.11168304735712177,0.07007567514478956,0.12006316435217369,0.02955233169470301,0.08822245201453573,0.029804812549280277,0.03000582045665336,0.05971446312106984,0.019964131872523775,0.050095529968207354,0.0402987469095371,0.030162649464060963,0.06003815569731337,0.08983263817744515,0.04993976199861045,0.019750589441230263,0.059591402153982086,0.08043166897820661,0.0900483294086991,0.15000133897180018,0.1196317879441295,0.0898404744104521,0.13031363510234564,0.14020122979267738,0.17991240325400448,0.17058296729128106,0.30052290492716,0.2699604845831746,0.18986240403261737,0.5896517061561651,0.37944715334092194,0.7200955880446146,0.16874836476107283,0.2099018280597048,0.12023448667119102,0.0796880372286824,0.020200054491819365,0.03960195098385829,0.009906695825470914,0.009613626051731071,0.07974682517676096,0.12028156620109808,0.31986743786480215,0.13049733390592985,0.1392614854336172,0.000559874964292489,0.1402420801968435,0.020344521528942568,0.15994750171829847,0.2204843284920746,0.09197536628903713,0.15948205143397903,0.14996967597161953,0.1597781534153549,0.04957232340167523,0.33999609843660766,0.31075072416207705,0.27230550403596704,0.35923333120899653,0.3288248751527533,0.4397016692931539,0.3196156285558313,0.4000745328290911,0.3900155839330878,0.6295926418185945,0.5098040735080418,0.08041626672291823,0.2584718332829631,0.18037155974888197,0.4413609524662814,0.47990532982439205,0.5488616157758515,0.029291821777703134,0.20107888375140454,0.5588599288311141,0.651190082268956,0.9081562902681558,1.002222195621569,0.8985456279341003,0.7702240008141799,0.701050944640481,0.6305842427139583
0.029705518684183245,0.10022611423130759,0.020254236635610795,0.029939564010756148,0.01987481209384871,0.029937262038483382,0.010001613454328399,0.020133412309620406,0.009996800071507446,0.01987623459171301,-0.00022599185227346479,0.04967469505466263,0.06047581614691008,0.03981938966725272,0.01998540936390535,0.04031901627310557,0.16011962148624373,0.059663419680397234,0.030081807793253708,0.05015689079963157,0.21977787447222213,0.0501561808975396,0.039874030174938145,0.2000233104698408,0.1103279718497228,0.12980410886303761,0.1996172557283579,0.05992457483082465,0.03993020438283691,0.059928634848445066,0.049947868215537365,0.050305146435222145,0.019881242377740846,0.020214564442448013,0.068889670674243,0.02028682125794768,0.10017861564357507,0.04021562217427028,0.02102023083052995,0.019819981250760434,0.030484477698388746,0.03026022977215714,0.03006652775703981,0.03986637323314768,0.01990556506273794,-0.0001536380684334318,0.030058909261010822,0.05007750178321166,0.020062472026039044,0.0003038630636473887,0.030308747673861977,0.04954992444024726,0.0298885753109835,0.07004400308484346,0.060622532630164996,0.060119804568288034,0.06937917394314959,0.0696983920459922,0.12033763791246693,0.13970597045674799,0.2496754813188741,0.22003652968600465,0.11004128603609994,0.4298847812358799,0.3303248179104376,0.5201420233184167,0.140600126469009,0.10056799860037138,0.05934093659497404,0.030346973778947767,0.01990272123767929,0.020200635208550182,0.0002648383781629671,0.02035510159618265,0.029759838191581203,0.0797586151672263,0.23000694140932607,0.06020586835910825,0.06086555941408074,-0.0001063183998770167,0.059737657906578964,0.009081350478007233,0.089910125155219,0.11000337275878604,0.02879627370925481,0.07896959772336544,0.04997600645510378,0.07110861238484753,0.030015193383509983,0.1598537522304058,0.2803848907162065,0.2187809505923487,0.34973402769232087,0.30106613471270655,0.4099830781997088,0.3396832514995343,0.319999041395046,0.3705275067379465,0.5001314488494575,0.45949815951928946,0.08959601275122883,0.23064416477532354,0.20992958301348996,0.4793908677186748,0.5600088075075168,0.6504572234892452,0.030612309819755,0.20938020072914573,0.5999783229211229,0.6194017162058898,0.720995398093927,0.8985456279341003,1.0019228209411735,0.9287664671648903,0.8188415651419441,0.7115806003385664
0.040065779069750146,0.08988229362311115,0.019921790257372538,0.030043558861091512,0.020025220512592503,0.04006535097068122,0.00016823229293892568,0.019796669242624295,0.010131842738722243,0.010001044573535454,-0.009822055281484134,0.05026074242653549,0.05964241574780559,0.04994931279267256,0.02958448658869007,0.0601729372503598,0.1899758496296573,0.08991363837771536,0.049818450210475096,0.09006722902267073,0.23004797978936548,0.08987977332043026,0.060059305135323184,0.09996114938556909,0.059669370761873335,0.14012710708044213,0.10033842598956305,0.05016987085328991,0.030458558737636882,0.03996864861738339,0.04010868708333255,0.050167555027832995,0.019919427040702237,0.0399363571868357,0.050229555055268896,0.01969779644417399,0.09998008467439747,0.02998764407307376,0.01017386525061894,0.040170553251880764,0.0695063182273206,0.019914126087385936,0.03998611430335881,0.04003650558665721,0.019909955035831498,7.601574592979814e-05,0.049941416033576914,0.049779627742649706,0.030201541313178332,-0.00019886818849930237,0.029820549561146843,0.050359819768099626,0.030151747559952008,0.050195134398738205,0.05956160667509136,0.07996813148993681,0.07048084454802349,0.060085351240151554,0.11970289462096796,0.1498497333482543,0.16003516607127916,0.15003668270317158,0.07000064863412243,0.3001201519367586,0.2600459368020431,0.3799228638547707,0.1802038002624492,0.07958997483987006,0.04056854748008325,0.029716448745353587,0.039995645109419,0.020010591355777926,-0.00018130694584195153,0.04961153864390266,0.030238663760678942,0.07999524751182925,0.2202790869400717,0.03931748423050584,0.038685827446511445,0.009781916699847154,0.030768132018764584,0.010890394870837386,0.08003922092460299,0.08990196886494552,0.019638894200366533,0.050975195126332896,0.02032208835346057,0.03941393519909688,0.06020653026915251,0.0999364217670903,0.18920987830571256,0.240003503498129,0.24065434895091709,0.3296043833368098,0.4801953367446629,0.4407446771717924,0.319999371453555,0.4292545056020576,0.43008984797242167,0.4706131591723077,0.06024387278495048,0.2800051182939711,0.28981442524119627,0.5700373905405394,0.7201456077263076,0.8202879216648088,0.04970226179451532,0.2900577347486979,0.751078610436087,0.6998475821379363,0.6399333751432601,0.7702240008141797,0.9287664671648903,1.0018585134087403,0.9495560156347439,0.8679148043263066
0.059888525696813674,0.12005351314359271,0.0200127141997542,0.030068635371483503,0.030084600639067614,0.059954607232569804,0.019940086856748467,0.039871720759335476,0.019687033684019847,0.020146396929574043,0.00020424348414323194,0.07001469599170314,0.06998191925864465,0.06018695336677553,0.030520624856648634,0.06972886670662416,0.1999019585573629,0.10028750663328025,0.05002232457164605,0.1098424716076154,0.2301377203345926,0.0798522026035312,0.06012135330802946,0.07008002792303063,0.04977767153739643,0.14013630359396634,0.08019500654976094,0.05036704420828851,0.03943298744635417,0.04038518750185246,0.03975314152886779,0.0492670389684741,0.030440937282750265,0.049918652823712335,0.05112255592873896,0.02948994298581317,0.12963987384080358,0.01981016995585822,0.019028261500839305,0.060358936778190465,0.10965689296821783,0.019783564745553414,0.04986078931304077,0.050148037912599135,0.020113100838004893,0.02005385309243677,0.07999100644031336,0.06011489900791679,0.039720000370123014,0.009655626327218012,0.049859152471940935,0.06019984824993286,0.06002512688652723,0.06992209904325483,0.08948588316140806,0.09994420282568144,0.09042793492799639,0.08036636029611471,0.11976350595052214,0.16038269730811847,0.11021079030926685,0.09990715126370855,0.06000738936421202,0.24043788323330204,0.2096827524369875,0.32961134769024353,0.25954527132631194,0.09948873489238551,0.06009327171473544,0.04002815504125476,0.09001392426192317,0.019850948234877975,0.009756375810798116,0.10982065367131387,0.04063911587677917,0.11033061772278184,0.23973623544381836,0.04023713860773604,0.03058815882049768,0.030244850917029827,0.02899115572250128,0.03046332407033533,0.11026039339927263,0.1097921645820638,0.02144167753419257,0.05068051625924524,0.019681609235625043,0.03902931195440378,0.08988524251423202,0.10041792928134502,0.1396701159384767,0.28059954337026327,0.1702121815116897,0.35891813516653565,0.5603077775255028,0.570434903569848,0.35940605982088725,0.5292790659351817,0.4100095322226882,0.5109128726149567,0.040350127714368314,0.340107021755594,0.34000174347291007,0.6402551277849204,0.7999940057274195,0.9189508813285103,0.059435711694454135,0.4004223608261176,0.8895913484405004,0.8104140457983358,0.6491717292219442,0.701050944640481,0.8188415651419441,0.949556015634744,1.0032440342560467,0.9686136543229953
0.07984677899343184,0.16010601611011194,0.020107613301078693,0.029955813266413906,0.03000600761415432,0.0700871781783614,0.02954367669992327,0.05050626627108023,0.020198842334530825,0.030111341265957537,0.009579468959264639,0.0900600636147835,0.08013469617238254,0.07029013830349275,0.03988099266386291,0.07919654281173537,0.21004464708721862,0.11038927456313186,0.060210746028797786,0.11990130244692997,0.2400197225586694,0.060169330467865746,0.0597860202647644,0.04962772717616321,0.04051285994059696,0.13985852468309043,0.07022818650419754,0.05925990610160016,0.04079986349223218,0.03893880038957511,0.030545059805128495,0.0398618354731543,0.030060265774017207,0.05954696193610908,0.06051684235146223,0.05128863234787665,0.15023151291095913,0.019965718222132705,0.019909535718227407,0.08942397980497972,0.15092523499315957,0.019913035034725662,0.050279307619347534,0.04992479375511381,0.020381201746469405,0.050011280986646076,0.1102472543370007,0.07940339755630385,0.04012131332445527,0.020619714680198315,0.06970687242023654,0.07921444055296394,0.09971718062234353,0.08051531879618648,0.12078635210410918,0.12003968723455612,0.11919166426642905,0.10969984591056209,0.12054410893568199,0.17026209209633547,0.09022046839033071,0.06996078370172033,0.039893941319168146,0.19913857757269962,0.18976230974902872,0.2806020722321202,0.33869162178043183,0.12122069123402342,0.06836805438126262,0.05060472836536795,0.15024306334422236,0.029575435411186582,0.020411140509892605,0.18046780479327015,0.06835210387335884,0.15059888637721097,0.23969085070730176,0.041279223132433075,0.030464134463922456,0.07070922809244234,0.02981558312033368,0.05845325711541405,0.1596366203249518,0.13133951965007945,0.019918110381608064,0.04755733271617575,0.019757410393830215,0.03164566569434608,0.09969937302085069,0.10916971936705729,0.11162614431201845,0.29098497419785824,0.13847883608657974,0.3503071910846419,0.6000696768246307,0.669124434636482,0.37959597975818143,0.6013118664935936,0.38976373813511306,0.5186533876366587,0.039763003826778144,0.359164074010387,0.3505528531097741,0.6410434810755532,0.8096024704525042,0.9285752494764904,0.06029232854232428,0.4902342506522505,0.9661763443196574,0.8809064827295741,0.6389834588793224,0.6305842427139583,0.7115806003385664,0.8679148043263066,0.9686136543229953,1.0066709797261577
