0,1,2,3,4,5,6,7,8,9,10,11,12,13,14,15,16,17,18,19,20,21,22,23,24,25,26,27,28,29,30,31,32,33,34,35,36,37,38,39,40,41,42,43,44,45,46,47,48,49,50,51,52,53,54,55,56,57,58,59,60,61,62,63,64,65,66,67,68,69,70,71,72,73,74,75,76,77,78,79,80,81,82,83,84,85,86,87,88,89,90,91,92,93,94,95,96,97,98,99,100,101,102,103,104,105,106,107,108,109,110,111,112,113,114,115
1.0108059490409624,0.9892257607074728,0.9710725117828938,0.9487403242228023,0.9493819275411977,0.9095070754091975,0.3610189402838155,0.26921464667362105,0.02971514691008702,0.07867717463130194,0.7712341310691314,0.25995288389490595,0.5323907508364608,0.39818280689458263,0.31075480523616444,0.4706797378182197,0.8375898131502388,0.7308132205353166,0.9279657575389246,0.8913444038866499,0.8923766843904463,0.6595860526520441,0.7204848865183326,0.708137949622745,0.4009042721284798,0.6294251148345222,0.5897882772522735,0.500176937028559,0.7911586651989835,0.8392304993463119,0.8504571280941547,0.4910648970416197,0.6194797335110441,0.7997779435565953,0.38947270629221764,0.8711145134075554,0.5205232413461591,0.9216045638862413,0.029815873319560246,0.9771400298790864,0.9656783275062357,0.9483576769443272,0.9273224610489726,0.4618886298274023,0.02800610027953061,0.5372656429511543,0.5921195334036412,0.5184653193932574,0.6088701252312777,0.8014734186557612,0.04019156654152391,0.338568219892969,0.17235722207155993,0.22857283115423188,0.07069581262162816,0.19859575888744274,0.03935147400533199,0.09213651209527991,0.02945715702018932,0.8792498914608534,0.3816369261885571,0.03956936983216386,0.019428535369999656,0.2085839565853847,0.5198518127245736,0.051037964078278486,0.05205736890539952,0.08792342611018225,0.1004784292180545,0.061104149006342236,0.028429470887815167,0.03295691256875449,0.15038947442203174,0.20210554874622616,0.890561271748043,0.07022138025732275,0.9695697235796228,0.4202177309871367,0.20879376873820446,0.02864123348244896,0.6400201805231133,0.16925578811915107,0.38048503295426456,0.9181715288902549,0.10319218018069044,0.6101270322825756,0.38771969829980735,0.6797837139781311,0.42058153330667186,0.2388716685910767,0.42096547770059295,0.04110809136065405,0.16130851104351757,0.05023320809359304,0.03107503230048017,0.20764960337829835,0.24878159680355116,0.0989664779966261,0.4110766010013309,0.05029672264990358,0.07977634848939288,0.059485669797000595,0.02787845230175408,0.09914155471013476,0.059416731042350845,0.14181282403560094,0.24195525097901643,0.2686068550354508,0.10007327048099754,0.039652019627140725,0.16029228118918729,0.11847900233575064,0.050120282352291885,0.019186433451858685,0.030731393071652194,0.06149404761207163
0.9892257607074728,1.009527433851146,0.9606878335970259,0.9185832903800129,0.9414068341740643,0.9388229302499972,0.30904803721798024,0.21952049731637097,0.04152796632586669,0.060285543018729584,0.7116055835674066,0.2989586107063512,0.5684838443927487,0.4103533982107892,0.300859515080313,0.47883706292073885,0.8410914101184136,0.7307300386311676,0.9221560547294155,0.8875181498592071,0.9001629705777131,0.6297382804742936,0.7000510664158254,0.6730111965779448,0.37024905946894865,0.6000837202625997,0.5482241461666848,0.43993938854181774,0.777231053453495,0.8202093591607811,0.830259970216092,0.4310217879995884,0.6890396156060172,0.857476262767355,0.45975244092358614,0.8282864789230094,0.552712242382561,0.9084681082321084,0.03908575302228817,0.9573874531369354,0.9464379386980832,0.9092472232445921,0.8901005316447113,0.438655158507453,0.02859413631281299,0.47131332286053373,0.5289468781931571,0.45995520689670893,0.5522615606573703,0.7409141666286888,0.06101090162752093,0.3794028913180954,0.13975768664485577,0.18854369842565546,0.058639919856529645,0.24006343697685875,0.03932406288533101,0.07175910952601643,0.02958803726360654,0.9094841502293041,0.4396130485282373,0.06053393980829525,0.031413804125117156,0.24095593783959024,0.5593869789233415,0.07874707073650608,0.0676875815529105,0.06906739715282093,0.08007184294512576,0.05007626305319491,0.03037650725776983,0.03134508729399029,0.15115363312991775,0.20938936313423662,0.8395655449898117,0.10002032983765116,0.9799120869791037,0.39032724313359923,0.16172252454948818,0.030817052178749135,0.7106281565240448,0.16878291378735014,0.3425544321085051,0.8708888247856419,0.14963294486576606,0.581132834630708,0.45142589157252927,0.6585792718124338,0.3699242866106147,0.22986325605235286,0.3673235729107825,0.05962298201272458,0.12180854477749928,0.06960138182833976,0.051450910145240836,0.2413925334623181,0.19732780695070584,0.13087498182495963,0.3512572107591141,0.07116400050071206,0.05119616100703002,0.07941732105427003,0.027442403560600032,0.12968201576090718,0.09003856419323822,0.18011254867612383,0.29100394017351333,0.2902910871522077,0.13903379730533316,0.03221835795171567,0.12797355281879,0.09076582478555802,0.031043923064217008,0.01843825685854927,0.049810841796849685,0.09844041663678267
0.9710725117828938,0.9606878335970259,1.009144248463118,0.9876049012366017,0.9904383036584801,0.9273398716460739,0.34971055542307095,0.2505647075866911,0.02890294274721288,0.04980613524011,0.747877391046667,0.20796021183297578,0.4623303139913157,0.2978610613656687,0.42880166391879027,0.36134353362444693,0.7500260276312549,0.6182549702262314,0.8621066681980726,0.8018653284020633,0.8101988662087615,0.5373617012171384,0.6091721603535644,0.6104246391123943,0.30101450665758506,0.510595223067293,0.49131042651924106,0.5118387486949025,0.8708035349788285,0.8978319434178809,0.8794093891666662,0.5280054922434183,0.5906963346197998,0.7274501320591784,0.31987346804305866,0.8197549765959313,0.43078789421062386,0.8403152123380873,0.031209352789847558,0.9194777283089641,0.8990162598891628,0.9662117375914113,0.9667503327334029,0.589466439478988,0.05087172699859489,0.5784545584356586,0.6502246389078719,0.5897250018877696,0.6907229426585418,0.8116567257635663,0.029950765958993857,0.2910994494046814,0.20952510938356672,0.29114334154746246,0.09094670369158792,0.1781979808109605,0.057146546729986605,0.12019950779086276,0.04211658622554182,0.8385554427069863,0.41914073060699647,0.022281962630636493,0.01066040123110535,0.28078123924473486,0.6004147909221932,0.09956901364535466,0.021224793759072734,0.11975994533655811,0.14806606930247795,0.10254910606302436,0.0391466049120131,0.070213990019434,0.07847869341209111,0.11168725300706689,0.8714712185502638,0.04989289181388803,0.9584075966345906,0.5313337874397244,0.24097052337279115,0.029585580637452574,0.6012522144442648,0.08949743895834675,0.29019913877853376,0.901789603234188,0.1306467436889923,0.7211421978911063,0.419875211533083,0.7912088452400938,0.4998218665778071,0.348754242110468,0.38024991491430393,0.01867104376160505,0.14864107972685647,0.018594078586285062,0.02811387805072018,0.12205445051578828,0.25017633616131807,0.05182693663199845,0.3797834175207776,0.028503312333191564,0.080232236709947,0.021186252915559676,0.03040650463177992,0.04821560274621168,0.03127851975874182,0.08043377649176482,0.15935729177850858,0.160237174307096,0.06011775099079225,0.03992767822658201,0.11903649615550176,0.08050004230627832,0.04045140926883318,0.01923030851365631,0.02050915505798429,0.03899102198362386
0.9487403242228023,0.9185832903800129,0.9876049012366017,1.0099402028040165,0.9760354248655511,0.862402756430585,0.42162512093859805,0.3082815554298136,0.030420060460586876,0.07029389566114903,0.8004958490282316,0.14066244331147992,0.39063962384120765,0.24930840110265723,0.4790624727215713,0.3199292837132865,0.710045383925644,0.5808273911582461,0.8411434134720749,0.7797967437562945,0.7683666684103151,0.529962713246941,0.5996196062224483,0.6216018829378585,0.3100753625730119,0.5091528483263152,0.510234768684293,0.5903763266417359,0.8997231334262841,0.9189686169621619,0.9006591023448034,0.6106680722874374,0.48940236462052844,0.6298253827033347,0.23019541901910082,0.8492016161701744,0.3599298718049704,0.8204304743789058,0.03980153598194294,0.9022372229079212,0.8812690355212868,0.9881808056433046,0.9969309229897011,0.6498382771887171,0.062280296090789215,0.6698084012417789,0.7406917295085682,0.6800848843161027,0.7799307701325464,0.8792766124334269,0.009345209358942425,0.22067621097328396,0.2788397285903896,0.37054581706812995,0.1408350676471413,0.12017404240768512,0.08884850915015967,0.1726260072834343,0.0682204429722878,0.7789364079708399,0.3587420385698906,0.001570173869914376,0.009107349378360935,0.25160994560882005,0.5606030761784733,0.07755854834479362,0.019541952398405255,0.17068873716908106,0.20131318947800544,0.14628629809002247,0.051674952778071916,0.08862383280654965,0.05977067613879162,0.08874379326189342,0.9097522618659613,0.019032691958685108,0.921578055642825,0.6008976397600113,0.32024829382521436,0.03880515692469517,0.5001649044559652,0.07147122841850596,0.3107228292873007,0.9373467004875933,0.08078767052988335,0.7793620086814006,0.3400464431910074,0.8312645370679793,0.5898490183251366,0.3897760752719713,0.43922755761811444,0.010816552171828057,0.192785724940935,0.010553962019856209,0.01982321552942683,0.07924289978604501,0.3185839934341734,0.019071781985657763,0.43903292717761794,0.009284017871584114,0.1278490685832155,0.011027960354464031,0.05129528481560296,0.02011045527359022,0.008304865966499599,0.04074881305752658,0.09862329941479844,0.12001013303365902,0.02102368161177111,0.060547010304374066,0.15049977746488366,0.10830735304933695,0.060792144444821415,0.029472508736354226,0.010529027304052096,0.011936150361641935
0.9493819275411977,0.9414068341740642,0.9904383036584801,0.9760354248655512,1.0089873293232405,0.9452009394197415,0.30916846160341804,0.2104662870249421,0.029632377552488265,0.040709070944677024,0.7011703449017682,0.21946586893116507,0.46966805233629283,0.2803672628892227,0.4593474007000632,0.33087969619648216,0.72871063730896,0.5800499275189369,0.8285881726039723,0.7614634523842432,0.7824656421764988,0.4820731231008734,0.5496917379570244,0.5506967189485045,0.257420863808106,0.4587500288537885,0.43938128060885967,0.46785516480902944,0.869325292942566,0.8896830454523664,0.8595975077883486,0.49026464972170986,0.620673251919298,0.720639419724091,0.3208481739902485,0.7784402451144552,0.42871545260587596,0.7986324534613412,0.02954203685210617,0.8806082287173942,0.8581197493675125,0.9397497614485598,0.9499884340942456,0.6016273416101211,0.05911070182315751,0.5409896894839797,0.6207082365569697,0.5623227033178119,0.6772299671475237,0.7787650921107679,0.030981816686250333,0.3099121062307632,0.1893091458352277,0.278067174640025,0.08112445513031478,0.1902169596261709,0.05020111195583891,0.11035167576805172,0.03917338567507972,0.830751138464766,0.4507481382115322,0.02886765157156487,0.010699012062523869,0.3297556568210997,0.639467332064893,0.13114478856216266,0.020979720480958725,0.11142800276474885,0.13843994277277796,0.10186079416522012,0.039280542148269613,0.07892123026517776,0.0606762293112519,0.09056846324698928,0.8307916494727716,0.06020580627419368,0.9476931782106013,0.5389569015577732,0.22093094967312224,0.031451577029950654,0.6209853480294644,0.07020138432155293,0.25092456945691866,0.8622126032811329,0.16955951922532278,0.722024467873934,0.4688985084051364,0.7986404024787264,0.48037231816685555,0.3704827153752666,0.33081121871947816,0.018652497622316806,0.1201449374383944,0.019379189296569635,0.02912919277522592,0.11156378568651261,0.21931432546370758,0.04968153705299945,0.3319081728530854,0.02981714809507226,0.07032022358900235,0.019608360882747863,0.02885050103335942,0.041030260940306124,0.031654026402994764,0.07792226672336636,0.14949167099650226,0.13892328054042982,0.06048162005136123,0.03933740506097951,0.09712747004908716,0.06177571947270163,0.030046588269366056,0.01984743613477801,0.021220350921418295,0.039792465893554445
0.9095070754091976,0.9388229302499972,0.9273398716460739,0.862402756430585,0.9452009394197415,1.0075506573699475,0.1812607483242894,0.1194940164995135,0.06016958306550779,0.029830336447528537,0.5500128759513129,0.3503821595240376,0.580040773560868,0.35126094745137537,0.3599692440857043,0.3791018151450245,0.7491432379989417,0.5989616520903793,0.7997535714812108,0.7408859230473713,0.7996409813095386,0.44065209894032553,0.5102265557287405,0.4794563341222409,0.21066806919486733,0.41035133054424416,0.35830146041742,0.30144192439540196,0.7594493032561598,0.790671763484313,0.7602963829893553,0.3193744515019572,0.818670131081177,0.868305606323736,0.5216123369998856,0.6606511850009719,0.5412192714796005,0.7614199571069393,0.06985541590382731,0.8206114580247511,0.8019349653166474,0.8113061342652806,0.8186056397523838,0.4596786003981203,0.041216849511922726,0.36064205780354625,0.4280250768586449,0.3793046767098133,0.482761032416675,0.6001293034115404,0.11024782489545837,0.44867754274129973,0.08972718164742383,0.1507973330775048,0.0386837343784319,0.3206647154142285,0.030887661864454966,0.0486188121841949,0.031104967894975306,0.8887946524916026,0.5703372849400405,0.11116634588238719,0.058287110992226755,0.3995536604725057,0.7004570816293906,0.1991002866184688,0.05103711867845761,0.04892166707445107,0.06309513003918595,0.04746453539079659,0.029084538375938905,0.050451967675913,0.08924789358240041,0.12949943731766342,0.6890005935038455,0.15907517864144707,0.9401688198191539,0.391435722114878,0.10847288370402217,0.028180390041548195,0.8190844400506575,0.09039358101670285,0.18991446973508191,0.7299993118747509,0.30980216982325964,0.5787630944404194,0.6406879885585929,0.6689759608377303,0.3102145270587344,0.2805679594432271,0.21006979348299212,0.05150829945291594,0.05027748621872328,0.06076705036815463,0.09176833988282865,0.21901677299004915,0.11119690169957842,0.1399218087579572,0.207397916120905,0.10126593274238005,0.0304468193780986,0.05986753035434188,0.04119365016017811,0.10997325447318357,0.12767104627686807,0.18022532725391818,0.2991537166842509,0.21061914649993801,0.179957797065795,0.04933168851076801,0.0512321976700198,0.03032156672656649,0.019819340467104554,0.04933653493502212,0.0897414244784808,0.13972854330079906
0.36101894028381554,0.3090480372179803,0.34971055542307106,0.4216251209385981,0.3091684616034181,0.1812607483242894,1.006723123468197,0.9746017273743144,0.16027854226728616,0.6703485965831858,0.7816062145907834,0.030544674794370147,0.05163766405455425,0.08951022006788782,0.1387258631798706,0.22105487302329743,0.3290636564663732,0.37869962159581105,0.46226277323155357,0.4700381174682924,0.3303215165363949,0.5410074405734179,0.5586389987684932,0.6407657843686656,0.571586938140284,0.5585075116145457,0.6981883136641316,0.8277189193730535,0.38004674135376626,0.3992357095173625,0.4605844088075531,0.7117109604632671,0.04012502357848018,0.11785722838530494,0.021371379719986434,0.6599469767122922,0.05770124315335571,0.4708647267318879,0.4102720422854885,0.4416702382652179,0.45932495891027525,0.4813860451648591,0.4682614026320026,0.27054467516724906,0.01946579858677518,0.8198254254055958,0.7481519170170781,0.6588970576572718,0.5808008463294785,0.7274577189359831,0.2590405659487682,0.030518007434077093,0.6591583095867848,0.5098189109453638,0.5307863283402251,0.0899926244701456,0.43968905646542206,0.4808920904146513,0.3889374018543537,0.2002256967900972,0.06887690467634724,0.22947431641540028,0.23198012076675734,0.10099452460467931,0.07075561630388132,0.2199495878769404,0.009058048442513246,0.40002288834550265,0.36089798056478417,0.21908701907861675,0.030936155651471498,0.019930526977405816,0.07869666711668424,0.07190762340755433,0.6498585609830506,0.17012443248044729,0.2985660831893852,0.3105474365484556,0.6891408517163604,0.009193763094815543,0.04110536114342986,0.12171288147795686,0.6806592843262244,0.5993154595301928,0.2610644113262265,0.35073517437104096,0.07856284635221368,0.31932297421640093,0.5917112006034623,0.12993721762596813,0.8091683104612487,0.05942343729334553,0.7004874455528582,0.06002965690728995,0.34976239648818863,-0.0004021836468584057,0.8509811541461199,0.05838618478353051,0.8615349541513657,0.1692546135820442,0.5702416602673197,0.021312623329917818,0.4193257040843042,0.010767948085485028,0.1683183118242186,0.021454120209055117,0.00930233504475272,0.028653259822583675,0.13116038297108543,0.6196005182871119,0.7093135242526245,0.6487924319713632,0.6101426223044839,0.46922613156318765,0.31149425838114936,0.19001690734864848
0.2692146466736211,0.21952049731637105,0.25056470758669114,0.30828155542981367,0.21046628702494213,0.1194940164995135,0.9746017273743144,1.0064143334877775,0.1596055955327092,0.7785814422998559,0.67796308561471,0.0489727514600827,0.029301637130863128,0.07023019705901945,0.08160330142921719,0.1987631929415693,0.25042611731578707,0.32140890579163334,0.36713505941600777,0.3793343087661333,0.24984920362812293,0.4901048619306416,0.49299488879768655,0.5686592317011592,0.5692234983842216,0.509708665905688,0.6509490166564256,0.7419445059078068,0.27070659634840133,0.29053808004478676,0.34956246792589935,0.6184125432583676,0.04169782091700501,0.07138584884949994,0.03827220012741889,0.5519024795620104,0.03217194274003462,0.37868960542438274,0.4394299690945854,0.34020578531286905,0.36050221300354707,0.3683739380873804,0.3518733610520153,0.1803799414264886,0.03174339009997616,0.7189014558559832,0.6309048920564724,0.5415831418935274,0.46118783969996213,0.6007706662047356,0.29036812416504526,0.049020545616589827,0.6099873851793419,0.4310645275189719,0.5099676868865965,0.1299123170208449,0.4299561555773793,0.4486222004674128,0.38098717804435644,0.1399883785287822,0.10124146391832838,0.2706461424797166,0.2478140555050338,0.15837704588735776,0.0698692695824525,0.3108961141057644,0.001789546531708131,0.36071507098717737,0.3091072656727727,0.18079198160483118,0.019239614257196398,0.018725619875420887,0.09050541060707597,0.0791916424580541,0.5318171473823682,0.20092643874579327,0.21064598909173263,0.21865556607232778,0.6399450002812461,0.009821004211375441,0.0388166350884872,0.1388809733423437,0.6888534356305586,0.48010839139489964,0.3690801941353664,0.24786803751595582,0.13007899119612032,0.22010429110446383,0.48872047880557523,0.08020279453202932,0.7718071621119595,0.05153060225519334,0.7187911453460311,0.05867665669839127,0.38028452072137453,-0.000403158001128938,0.8394646919273429,0.061884113199505666,0.8273194941451542,0.1906068884522235,0.5796914796319397,0.01909344297242567,0.4413347613676276,0.009005693345388508,0.19066225446555837,0.029239860319810212,0.01140813419919702,0.02074289409672192,0.15911086688543558,0.6699826218592665,0.7612049510731641,0.7107228197152162,0.6802234454556972,0.5109746453565126,0.34951953792862794,0.21930382216898467
0.029715146910087052,0.04152796632586677,0.028902942747212917,0.030420060460586852,0.029632377552488227,0.060169583065507785,0.16027854226728613,0.1596055955327092,1.003275325847362,0.01016363701489204,0.030565773590146863,0.7198252203296276,0.4592387262594397,0.4988194592413332,0.35072138528774816,0.32948637153109156,0.14106057032268846,0.15137416928739553,0.040796101857723165,0.04858264982819069,0.10913451391932506,0.04001146577548699,0.030898781540735838,0.019880044628367243,0.020947836875343448,0.03882557074639001,0.009889665208943082,0.24005809876646722,0.10947895906329477,0.08008353063700552,0.07993405609207238,0.3406829645983067,0.23030036228952633,0.18949114445250423,0.4990601239595914,0.019285208829443273,0.48107329639981306,0.049006228331480134,0.83765719761962,0.02964910197985001,0.03030323519887849,0.04042243333311625,0.04109580881896415,0.3088935784907952,0.459806397608062,0.27960196882247834,0.2597567696366758,0.3605662186215633,0.28091494233508635,0.06883587121303357,0.7893600207534779,0.5792996525750177,0.6412828688060642,0.6687617642452559,0.7391247993072496,0.5510818159659354,0.7694420211449418,0.7602405908452952,0.7805201486422797,0.12032574718223853,0.11017062696208292,0.6486378672523375,0.7520147509735793,0.010029594450924516,0.02017755149681344,0.009153114408185583,0.8090312804024443,0.8197336577540596,0.8111429061858001,0.858643715322391,0.7792884140486821,0.541253568444745,0.4103732149056267,0.4407444528013968,0.03047672633606514,0.7907132235567474,0.03952013268898884,0.4006621066954703,0.5892987023057488,0.6192748669198809,0.24009144110705455,0.34936695389779227,0.010128725173145415,0.0405309651353356,0.20030332304329593,0.24065374727186128,0.14024856335809427,0.16881583818080495,0.4595101249552577,0.40980201763302115,0.10906332659388956,0.8594720949166973,0.18981635308120254,0.8282493290012414,0.6907222379304124,0.7191300481104151,0.3102684083116029,0.8204552220439826,0.12013589918213523,0.8000393558463627,0.44117764443142177,0.7912114862410543,0.6095148373484444,0.7713117748413156,0.7396756388699126,0.7497515891230577,0.6610226992443192,0.5304287614718787,0.7496169699347257,0.4214589051367982,0.020031595727421293,0.009922777352266475,0.10991415837424039,0.46949982341619323,0.6589912543529378,0.740279507757486
0.07867717463130196,0.0602855430187296,0.049806135240110044,0.07029389566114905,0.040709070944677024,0.02983033644752853,0.6703485965831858,0.7785814422998559,0.010163637014892037,1.0020942685449907,0.3601130011046701,0.010597976942860353,0.008831706672786736,0.13068805690969518,0.07893178520815167,0.2596094526588889,0.13934688539804793,0.2605000431537323,0.16124083039784293,0.21053133148806255,0.11964168442740408,0.4299672800722639,0.388996623190048,0.41038226134304767,0.6401240610750079,0.4608628028104853,0.559933301122984,0.37060621192428717,0.04032913599541533,0.049284771233188716,0.07912033586344683,0.2293303492518993,0.07922658725832624,0.02021641971271161,0.040776131399743835,0.2894472816764433,0.019840369421844608,0.2002053569039828,0.23996046156757708,0.13971385648797666,0.1599483376585985,0.10035212673237559,0.08959588399062363,0.038632384823436554,0.24933411000064967,0.2901561979600348,0.21094646965785213,0.1399577841009162,0.09933759721528135,0.25008461994874265,0.1605419040764547,0.0306817230727639,0.2393974035591108,0.08901748163363976,0.21991943228622557,0.11015408786616437,0.1803146386833618,0.1402995677341716,0.14993583717811096,0.04065402529768905,0.2193638734363336,0.180144601926405,0.10016803805956326,0.4305974593263772,0.1798274831302793,0.6299016730482934,0.020451630095306216,0.0794368605252777,0.041184974271540664,-0.00026464724998656364,0.03973742095374939,0.1699358064728089,0.3006297221560701,0.258704487171341,0.22905505257369008,0.10892442874280463,0.050159675269670134,0.020764688584604014,0.27043327853721494,0.1405420459346192,0.06009160433166663,0.3704570100235721,0.7592088757484019,0.1810056158529053,0.5687822917800982,0.030818588548143715,0.29105798322299425,0.030658948599562717,0.11053799655857609,0.060899908146492335,0.5596125667374843,-0.011266450859925602,0.6005278218278619,-0.008207961269747596,0.24020140878800167,0.0013145175763227262,0.5496149809201907,3.245758947676696e-05,0.5906033166191514,0.06988329694258762,0.390260955972891,-0.001027219033374647,0.27005671024435673,-0.010095666460998678,0.09067475412077038,-0.0012497610395803037,0.008729274273365142,0.12046409318035571,0.08040629851288897,0.5498671172780094,0.8688102185547982,0.8500301509832954,0.7498599752814344,0.41033949994079627,0.2294359376426019,0.11952694483350304
0.7712341310691315,0.7116055835674066,0.747877391046667,0.8004958490282316,0.7011703449017682,0.5500128759513129,0.7816062145907833,0.67796308561471,0.030565773590146856,0.3601130011046701,1.007136482129033,0.05159312573135245,0.27962168845435587,0.29805497086480215,0.2302322856247021,0.4423734161625268,0.7003666109494322,0.6893556580074746,0.8298761986024009,0.8206218663878375,0.7195182022862233,0.7514808923132331,0.789054383802287,0.8303907002046299,0.6118491100295117,0.7482171682177895,0.8093422756132862,0.7980602000783353,0.6706027463100288,0.7008020747750489,0.7595080355938,0.7123730271921144,0.21915683696912522,0.4306935863657573,0.09106045296645485,0.9682208355144101,0.2892702389354191,0.8485375669390671,0.12030642975304737,0.841564483009925,0.8485513366294604,0.8505979148706179,0.8294317392189074,0.41088920404107937,0.01822416193674043,0.8299356658241617,0.8292334731850245,0.7103641849054982,0.729121913743572,0.968520061076688,0.02872058644035317,0.09016862181539173,0.42911177337220674,0.40849381987094124,0.26087999249322597,0.020328631493090773,0.18169574624468138,0.26933862195736147,0.14861368446481332,0.570319406076968,0.10014883649700569,0.019940116102829836,0.04067586151643788,0.040441810913094456,0.21025030827990301,0.02966911402754024,0.008613117764505884,0.22099333827597167,0.22167565970848693,0.1277401621336609,0.020874836505796145,0.02267931097180001,0.15869645238449342,0.18117507897654125,0.9667810666597682,0.00911856319361604,0.6994275196310857,0.4102287179154398,0.48117533456710987,0.019562525789264394,0.2397163910113912,0.200236691868164,0.6594414004609894,0.9299914263843914,0.02061830683643859,0.5498764384502758,0.0789817838240295,0.5588865868077247,0.6003696215002957,0.1890973155060844,0.739057891227663,0.0009700199369898959,0.471195010187306,-3.3212058976346254e-05,0.09050403266618778,0.05021652036798971,0.6088051388669763,-0.0009197596252919836,0.760119912639843,0.010739090676471686,0.3113502332788515,0.0008337527271909256,0.16811518414224752,0.00870493776788542,0.01852986770733041,0.010172915427335973,0.049383387260864775,0.15990401407362753,0.0028852969309640956,0.2597298270990999,0.48036418701006595,0.4102367430035772,0.308977938965862,0.16044287177664449,0.0695439866852511,0.018813152853925028
0.259952883894906,0.29895861070635127,0.2079602118329758,0.1406624433114799,0.21946586893116504,0.3503821595240376,0.030544674794370116,0.048972751460082696,0.7198252203296276,0.010597976942860354,0.05159312573135245,1.0076451770150885,0.8768866794037237,0.6893240526705081,0.051255519097853294,0.5202940679808673,0.4716839694095639,0.40066609709753304,0.23964577681007926,0.25059028600369504,0.43718542355293544,0.15074738311586344,0.14826489585425623,0.07075001088496749,0.06154615583908637,0.14003910142303283,0.05930496806130286,0.040759553795486535,0.040701856740285466,0.051406716571330904,0.04935855138704589,0.06926880948443014,0.5862821486080857,0.5215546128733742,0.7601778900281797,0.12006605733310306,0.8584617647562495,0.27101194216205887,0.649459134189606,0.247240048926829,0.24096660841889236,0.12204309595857932,0.11065579512633286,0.02913212604958195,0.18865839721409355,0.03937565404984996,0.030740374377748122,0.059716224540107804,0.029677398110657345,0.03933442813342525,0.8193734418946376,0.9695714717184434,0.32687855113620085,0.26046154872177113,0.49120006237625335,0.8888410524335187,0.5709348996458739,0.4606077537198331,0.6098102805278195,0.5229332010364321,0.4712490323266138,0.7395532441416353,0.7012030673187325,0.14830370717659655,0.23048547652079984,0.12043752674349781,0.6083629038500891,0.4707878781119302,0.4317350376828372,0.46685262180075,0.45183221835827064,0.2214163371039538,0.3412131508774274,0.40926753034698105,0.08862628692246576,0.8875541294316321,0.3297184131494016,0.05902282337564875,0.261284051838171,0.3395363772198555,0.6105827843081184,0.30032662019209955,0.04822444265710847,0.0910025579180005,0.3998673104261178,0.02027358640493264,0.45150191886884194,0.029014301567608824,0.10951405923317599,0.07024043531060689,0.019579742782611213,0.6901311661409384,0.10034578256845207,0.6927594023114007,0.612366422998793,0.759134595334696,0.1303402016671244,0.7896043459233666,0.019760720276882453,0.7683157507739702,0.29024184644295475,0.6492322260065144,0.47020612673770906,0.709771605162909,0.7083746861678847,0.7686902715684862,0.7519082595978049,0.5702834228156883,0.7705343910332486,0.3507278384597602,0.0015605814155347398,0.009142648415027446,0.11846143855342821,0.43961310359329,0.6194150517156148,0.7291278534232859
0.5323907508364608,0.5684838443927487,0.46233031399131574,0.39063962384120765,0.46966805233629283,0.5800407735608679,0.05163766405455415,0.029301637130863055,0.4592387262594397,0.008831706672786703,0.27962168845435587,0.8768866794037237,1.00655991484123,0.8187603273432331,0.03839000170267806,0.7207812189965038,0.7787436234616018,0.6887179060235243,0.5292165584141822,0.542127938286829,0.7433189531186187,0.3788139478002919,0.3814826754273168,0.27028457577426473,0.22001584050346631,0.3595425083541047,0.24857408317564358,0.04984376420509554,0.18945922545292712,0.21974200757818785,0.21886986998261584,0.04074259832389381,0.6714631160424771,0.7188547422724828,0.739206308105962,0.3892478800832257,0.9777789242265812,0.578975917717429,0.35088923854422915,0.5324124662903877,0.5296353823127239,0.36794123283933655,0.3481246854022599,0.060953458086274497,0.14982582018860383,0.07074476495042993,0.08904827807180327,0.058920680238107,0.09020497939860299,0.2494294082683816,0.5287750637459416,0.9090739220907421,0.11176650409709286,0.09014519825834093,0.21964457530203413,0.7396806598231959,0.28006918403848674,0.20018542446349147,0.3192164015512345,0.7962042308259224,0.5092810720863115,0.48102121244884677,0.43073349341684897,0.16068316421434375,0.3399002815382127,0.08027671188801203,0.47120058589622393,0.21921107221787517,0.1986354281626485,0.2410584397748516,0.3106410824408284,0.15948748684666203,0.3986447198654984,0.4716622641150944,0.3406613001445382,0.6223628307596019,0.6096045105693766,0.04201817502517212,0.08926060957935725,0.2695109841703041,0.7106079414741534,0.3810088308106566,0.2019576872489292,0.3302958361464011,0.28073671606214623,0.08954017724799972,0.45936621407582684,0.1318442076340919,0.05037462536864885,0.029222784716778576,0.05054617579127289,0.48975290206903327,0.019979011476341815,0.5001384466341717,0.35865221449370044,0.6801801498713119,0.031358711902083905,0.6085354730774574,0.0489076033670309,0.5189459768559929,0.1089666044492669,0.49127056520301254,0.24020169125143373,0.5692555909739211,0.488268820656205,0.6313945687152557,0.6808444363335332,0.6081318303912381,0.5603728139906743,0.14886949745988898,0.019355724319344222,0.009787174776099783,0.021182542861842638,0.2191444435800143,0.3715077763118346,0.4921252844948849
0.3981828068945827,0.41035339821078926,0.2978610613656687,0.24930840110265726,0.2803672628892227,0.3512609474513753,0.08951022006788778,0.07023019705901941,0.4988194592413332,0.13068805690969515,0.29805497086480215,0.6893240526705082,0.8187603273432331,1.006462032050865,0.10988133722022275,0.9562751673109451,0.7378287082772889,0.8003482907135345,0.500890470096965,0.5603091211953353,0.6701476015615953,0.5611219017121282,0.5300397811164245,0.3888459319532064,0.4784318844608941,0.5513367462725175,0.4200414388219585,0.06169405001380201,0.0993162316482328,0.12926397939532294,0.15031688019629336,0.03905547801693428,0.40882041877422615,0.5693137749194973,0.5608852103533916,0.39928637227619285,0.8887339908279833,0.560568093335718,0.2500983663741905,0.4598563898300885,0.47067816087804903,0.2518664930964572,0.22056233188092517,0.06001196449631415,0.4604789292669832,0.06168219365506389,0.06978494402798974,0.049356449185641256,0.05869371722155205,0.22082391583774266,0.34043621702428,0.6398039811971205,0.0796330369159092,0.11121282412873734,0.14864787279665925,0.43107639712392426,0.1921619360832555,0.16931873558151414,0.22972612649656057,0.5608791222100674,0.1691869143122377,0.27959587429268695,0.3185505671320125,0.020278482066217757,0.08935378542667312,0.010676954042283325,0.6614745353792655,0.2199525472320543,0.22877214497435228,0.3299725415356643,0.5411932390003857,0.4469486917218256,0.7507323283894982,0.8085279718473649,0.3018243442496287,0.43072748768063696,0.4113880223118321,0.07031319392084932,0.060179666110665844,0.5709782011736482,0.4415881858263739,0.7491540037402905,0.45118783531275186,0.27851128015882826,0.048698866219516315,0.050902084663049074,0.15074612276567093,0.0592881325091991,0.051139945722229393,0.14126969645837156,0.11913781827087812,0.5686781468683757,0.0211330878724802,0.5511875956445709,0.22065902059331796,0.7499621052892662,0.019553349134694975,0.5902187569571087,0.109769185580892,0.4110155515846758,0.03956982106506111,0.6086763586933578,0.13972722257511774,0.6500996029289292,0.3803576677270362,0.6298474657056025,0.6787980798860166,0.8406558525413192,0.43866876182529535,0.029632746779300924,0.1582482941087303,0.13119680905689118,0.019737472747064614,0.07095877560840678,0.22000393819046737,0.36053385387147424
0.3107548052361645,0.30085951508031306,0.42880166391879027,0.4790624727215713,0.4593474007000632,0.3599692440857043,0.1387258631798706,0.08160330142921719,0.35072138528774816,0.07893178520815168,0.23023228562470208,0.0512555190978533,0.038390001702678075,0.10988133722022277,1.0029057881580103,0.08943551134122624,0.09078622672908666,0.06071008021996609,0.20000685580925326,0.14750610884839413,0.11981457445077008,0.06009516325081503,0.0817083719015393,0.11952804360339017,0.05124685010237332,0.05846566669339461,0.07007246019889117,0.3297643240944186,0.7000290940495354,0.6305383198489898,0.5402611081733368,0.48072964819036706,0.1501964408236117,0.12100168557509326,0.008861828528919494,0.2108831539244284,0.04086880309718833,0.15012860077664741,0.16925524453284807,0.22876621825549398,0.20911459546524802,0.4309250418390132,0.4912204070147946,0.9094872249798859,0.6605798785693037,0.43961655066811417,0.5204356294818792,0.6299555791173325,0.6807349727097354,0.3601020006700349,0.10970951255487656,0.02955742317256679,0.3898669401417017,0.6302028474963223,0.3097359039405405,0.02053647356804929,0.2700463732000527,0.3998915360487403,0.2612993816130582,0.17040046383942004,0.19096802275094243,0.06913788624427265,0.16913064091889296,0.4289549972336349,0.49046252354542635,0.26002451843082175,0.40887675778828925,0.48037787587218783,0.5698989643359171,0.6198648307695767,0.6002844794667859,0.7203037030535568,0.2918967893651457,0.2394026324978909,0.31067892797332586,0.09968317385606563,0.3006396144507477,0.9184784120743475,0.37019866875087754,0.5988193300334275,0.12893305218568918,0.26826011488349166,0.05952536541533748,0.35967663839542824,0.09058137814285946,0.8500363269894828,0.22957054301570143,0.818620514775382,0.6686111542833147,0.9296009933293091,0.12986513069636071,0.33105471276602294,0.06019535268244925,0.2890038154482727,0.0908551872252357,0.1385115720291547,0.16975208281483858,0.1705706977186294,0.13934350085226935,0.14046274466526235,0.12058984210352895,0.32045869459796,0.12904544274624521,0.2294066223328826,0.10064061292628414,0.13034152826389434,0.06191883164671776,0.16124241869018044,0.07904294228883992,0.05109579203503644,0.0413004480641561,0.04944056044031771,0.01989894817351833,0.049371369478379376,0.07991348327473971,0.08972745293628262
0.47067973781821976,0.47883706292073885,0.361343533624447,0.31992928371328655,0.33087969619648216,0.3791018151450245,0.22105487302329743,0.1987631929415693,0.32948637153109156,0.2596094526588889,0.44237341616252684,0.5202940679808673,0.7207812189965038,0.956275167310945,0.08943551134122624,1.0056404993167591,0.8007201085308405,0.9065379025784326,0.6192229549478494,0.680971852725494,0.7400645470335664,0.7189420891066078,0.6892532942483692,0.5499582857255056,0.6401115549290511,0.7108826271908256,0.5908005814854664,0.14802295813710226,0.15054992732075456,0.19131898709126086,0.2302581812655364,0.08142289004753889,0.360602106362372,0.5800542532478391,0.47109240983194345,0.540523721552877,0.8095046639114389,0.6802714068164861,0.12114503926865462,0.5609379710827131,0.5805371258113324,0.33875896044869835,0.29969156234596067,0.06143282306508297,0.4304590718268127,0.1395544460390327,0.13981374394960533,0.07970064241285353,0.10002627979908828,0.33918368628482976,0.18083017324733291,0.4899959483773419,0.04064567357669271,0.060710219317733634,0.06174052185807783,0.2898195729100847,0.08772085713937969,0.07886485432766457,0.11070594647505164,0.5803924580314014,0.13032326509749173,0.1503180219109997,0.18050171140255244,0.031151670306453536,0.08971522147230102,0.04895322463163431,0.5393779385334033,0.11019513335456878,0.11955626351198533,0.21023595158895123,0.431088419574886,0.39124384194189643,0.7584308879843988,0.8111181096677256,0.4276575376621728,0.2587160312583294,0.46863313053699357,0.05998336045539677,0.04023805133526555,0.5087304094621988,0.3992025030326955,0.7801411146248103,0.6285748659431516,0.390674289101501,0.020651722780429874,0.06916851287839301,0.10928373964138544,0.08953834188852446,0.05902465343203353,0.10899742663373863,0.23969896099061694,0.41975994078289175,0.08982213964493235,0.4091916762361838,0.11796640733138462,0.6298944365377759,0.07982011509079784,0.4401139831036864,0.2311546118416582,0.2603729630207889,0.02010715454357686,0.48133459663552064,0.06058900492889119,0.5200332966027184,0.2501602617411202,0.5004267238779333,0.569315521853798,0.7995714702416628,0.3004693493899765,0.010271296341653665,0.2913998705402824,0.26016987109961415,0.08947369884131882,0.01899484996584227,0.11048953495999517,0.22979732780248235
0.8375898131502388,0.8410914101184137,0.750026027631255,0.7100453839256441,0.7287106373089601,0.7491432379989417,0.3290636564663732,0.2504261173157871,0.14106057032268848,0.13934688539804796,0.7003666109494323,0.471683969409564,0.7787436234616016,0.7378287082772887,0.09078622672908666,0.8007201085308405,1.0085247392388388,0.9483902060725956,0.8998695879771521,0.9180565407212898,0.9859533376534431,0.7402099682526734,0.769556911856256,0.6708773982067224,0.5195809885618358,0.7185419340930153,0.6226913073433213,0.31063586297373036,0.470212670387954,0.5309959288284812,0.5605440737564044,0.24985988698543918,0.5986975552413598,0.8112290988261914,0.5277394360190715,0.8084914607231546,0.80069943124883,0.9377168179769165,0.07108419346777346,0.8786355148769127,0.8818851927947301,0.7116822183192943,0.6813370111475815,0.19893913285750395,0.09919481840786075,0.35084807964672116,0.37983966074034226,0.2791131132189209,0.3407600293113562,0.6476789783758037,0.12851991509054486,0.5288504757287801,0.07190720943877361,0.07826685626405062,0.03909757778329444,0.33085436355736497,0.04026477596218608,0.040503328967535814,0.049306930903031905,0.8996707327484432,0.3412904449778896,0.12052237035540113,0.10067818870462546,0.09944257279430878,0.33955724284079275,0.01925616116182507,0.23762699764141557,0.040174921596070695,0.040235552539366615,0.05059375104250957,0.12928504265588023,0.08142939266289446,0.37901528549460184,0.4598979707701659,0.7510523177728542,0.19977851133118693,0.8511449607308136,0.15981677755014437,0.08939242256690377,0.15133128149471478,0.6404020259568401,0.40169284461643157,0.509789214342712,0.731094741185097,0.08029143768954791,0.2985858930377729,0.3110352616886982,0.3512082579781334,0.18964490148011418,0.06920117409262506,0.3184763595429882,0.19863333498956892,0.10807085704617314,0.20898033919596168,0.08823075749650179,0.43916686560701956,0.1501627366088324,0.28055523004529276,0.3204997706957434,0.16954370703101204,0.032410382271660515,0.23304224058602918,0.03983005080297025,0.30047576395954384,0.17987915017006043,0.34798786293825573,0.4525639024762566,0.530612848267581,0.2310273755344987,0.030933448380428528,0.2017282860275463,0.15079769484349112,0.04846286222728523,0.029669384357513984,0.08900281593367987,0.17084930270431647
0.7308132205353166,0.7307300386311677,0.6182549702262315,0.5808273911582462,0.580049927518937,0.5989616520903793,0.378699621595811,0.32140890579163334,0.1513741692873955,0.2605000431537323,0.6893556580074747,0.40066609709753304,0.6887179060235242,0.8003482907135345,0.06071008021996609,0.9065379025784326,0.9483902060725956,1.0075321038598317,0.868486973775242,0.9091183703902198,0.9192794321293555,0.8491291389686224,0.8605797935655151,0.7511285962344594,0.6813326778166311,0.8289685935810062,0.7391516839410462,0.3300945868232839,0.3713304031481616,0.43834248584676505,0.48965687248507794,0.24018989516936323,0.47032016361919565,0.7306846554043105,0.4680589164447601,0.7901278535023208,0.7504896132965616,0.9089698375229565,0.057971047219908756,0.8096396261270987,0.8291468655437938,0.6097427269902895,0.5613226331700083,0.12839846462514432,0.20890980674966164,0.32884052535570907,0.33170676600079946,0.23204061280736285,0.2707702264020217,0.5902157168959549,0.08911990530027301,0.4206584905764481,0.06938235136589624,0.06906324837860797,0.03128659536327469,0.2309007744477776,0.031156795295624002,0.039482230194064584,0.03837227694181639,0.7594825947422407,0.1994369384954522,0.07873173471938898,0.08077602720042176,0.03949793044936914,0.2001245082019205,0.02038079594406735,0.300397743839779,0.04068829893259101,0.04116979609624776,0.06959192743281659,0.19935748198465897,0.1709693328949148,0.5305630231777296,0.5990051298235745,0.6999080503712929,0.1500755016173838,0.7124764229888122,0.10884387973708927,0.0899991965905462,0.2607624619097129,0.5104526631759423,0.5700059804835746,0.6699789424306895,0.6693567334013049,0.029067693245887222,0.2097893740201166,0.18087327025890068,0.2506155222799347,0.1589449515705395,0.05047082338301983,0.39039411341044744,0.22096534986231345,0.16136685535517878,0.22981278120022483,0.06243418430707852,0.46077313861113695,0.18820510306477092,0.2799534324647629,0.39000004453710213,0.14858559681467515,0.03909003682181566,0.2773553756467103,0.030789528383296478,0.33010799393982937,0.1594084562710138,0.3508140163602418,0.45966366652216517,0.6207657445118608,0.20127243436835546,0.030173891983101463,0.32904036592377817,0.2792505140994805,0.11059190394388646,0.011470729853024471,0.058736907669476646,0.13974474417958524
0.9279657575389246,0.9221560547294155,0.8621066681980726,0.841143413472075,0.8285881726039724,0.7997535714812108,0.4622627732315535,0.3671350594160077,0.04079610185772315,0.16124083039784293,0.8298761986024009,0.2396457768100793,0.5292165584141822,0.500890470096965,0.20000685580925326,0.6192229549478494,0.899869587977152,0.8684869737752419,1.0092998259243284,0.9868434738009345,0.928059633081475,0.7911205974983779,0.8573161486600981,0.8204515286671239,0.5421295273841824,0.7587751322539701,0.7193018008573565,0.5205137508059964,0.6976892201146868,0.7600146295994646,0.8092175425540695,0.46043565862514213,0.5498407211836472,0.7977306070072404,0.3910769134217637,0.9187640253968258,0.5501056778268988,0.9715101111523538,0.029299494428372253,0.9499408965910975,0.9597027915441659,0.8590037517598624,0.8280412588308504,0.338817397482348,0.04102701321654971,0.5493248384701004,0.5793848733093467,0.47944343732964195,0.5398824645312787,0.8012695307925031,0.02148990407076951,0.2924060767709162,0.18038869358841614,0.2010251934007084,0.08021305994060302,0.14913497958495534,0.047036239042250814,0.09117953782999155,0.0308846529588585,0.8201853160362219,0.26808551254010743,0.019330597376468868,0.01231840994253371,0.10023069775519416,0.3622473540787525,0.009920306652679366,0.08751033764905597,0.07837546584430469,0.08079401390157764,0.049787636586459634,0.04068033299035301,0.03914599447369399,0.23974382354237495,0.3002457988115476,0.8903980661741844,0.04941879482287526,0.8893416729269579,0.31978264445179033,0.2005786091237931,0.059547600397027604,0.5806959950052187,0.26991342654186185,0.5304862272839825,0.8904068419097646,0.04023571274252781,0.4829871848927975,0.2697336659939412,0.5404858658598404,0.36962867108088054,0.15929523200345372,0.479714697945934,0.05796220614455752,0.20159261992935276,0.060823267861307276,0.029999309715065838,0.23991381959586722,0.28897684342884095,0.11052568858144428,0.4801390428303528,0.048160342389397,0.08107902754421935,0.08172806689793996,0.02823641842082402,0.1296802431487567,0.06145381197932622,0.17139111446749025,0.28818153689009224,0.3420413597706445,0.0993148800093864,0.052267875788167314,0.25937691013743874,0.20916914595352415,0.09865010823040492,0.018355628518115008,0.020855073702956934,0.059530303012549995
0.89134440388665,0.8875181498592072,0.8018653284020633,0.7797967437562945,0.7614634523842432,0.7408859230473712,0.4700381174682923,0.3793343087661332,0.048582649828190605,0.21053133148806252,0.8206218663878375,0.25059028600369504,0.542127938286829,0.5603091211953354,0.14750610884839407,0.680971852725494,0.9180565407212898,0.9091183703902198,0.9868434738009346,1.008915482604173,0.9314430318959537,0.8493113605324039,0.9080194376722992,0.8589779893681895,0.6195027902741783,0.8209553697220338,0.7706449051495553,0.5020224450116858,0.6200765729129453,0.6893660529997445,0.74882782762872,0.42813267341519995,0.5180857729945895,0.788137590433351,0.40184584897460673,0.917244663170882,0.5775806877299503,0.9798839665810911,0.029596919773366787,0.9394086527272724,0.9510660883101083,0.8097112994950969,0.7681440699930475,0.27120812504629216,0.06915265262245526,0.5116147270346948,0.529650353727409,0.4288212836783077,0.47693149042939587,0.7694844928751322,0.02918776352175233,0.29968508229188123,0.16018826041274126,0.1702341581629175,0.0698653815990445,0.14906839148933426,0.041599169813430315,0.07917126177371504,0.02936894944335091,0.7990299359509692,0.23013183209257926,0.021941363302663275,0.019027061938863155,0.07118293634061998,0.30851236530963544,0.009118672816301516,0.1223699649465793,0.060629035877398645,0.06935494615444314,0.03957454056305317,0.05983793409880702,0.050608866045757116,0.30965945656968263,0.38048191068941434,0.8700695815068317,0.06042600429931837,0.8491334423601433,0.252734042969209,0.1806296980440874,0.09047287484947598,0.5521957270613144,0.3492887842496979,0.6005535085265846,0.8616033044327129,0.030004658744143545,0.41085968438268766,0.23075843170375349,0.46144098721344545,0.32137788455393274,0.10936397239707664,0.5014665563379438,0.08129269089435946,0.21902713767096538,0.09025649628558177,0.030837930784658747,0.29111234207746334,0.2814800848231896,0.14054052033413236,0.4984874899959389,0.058597309733774784,0.0793445198562134,0.11800298997672092,0.02195769024100743,0.17014170469907236,0.07750261456132938,0.2092961745311621,0.3281809621083263,0.41957997962253757,0.11287726640904645,0.05754907951931586,0.30810928164625206,0.25222799357335157,0.12016218721195658,0.020094414583533903,0.020631728101016832,0.06891921060084834
0.8923766843904463,0.9001629705777132,0.8101988662087616,0.7683666684103151,0.7824656421764988,0.7996409813095386,0.3303215165363949,0.2498492036281229,0.109134513919325,0.11964168442740408,0.7195182022862234,0.4371854235529354,0.7433189531186187,0.6701476015615953,0.11981457445077007,0.7400645470335664,0.985953337653443,0.9192794321293554,0.9280596330814751,0.9314430318959537,1.0094860551538665,0.7492861642026226,0.7817195546890833,0.6993462012614757,0.5076129082462336,0.7208076505493171,0.6293836789414144,0.34759950156371916,0.539275782972242,0.5987957248524766,0.6301769978271714,0.2906805588386949,0.6212761726895129,0.8401455420477036,0.5305709168656938,0.8316095324148858,0.7579126785268846,0.9584916872659723,0.060434453942304775,0.9200917659059629,0.9264928682743176,0.7713555116737084,0.7388072235563924,0.24064450920670452,0.07042434029218986,0.38118731711111314,0.41956060303754705,0.3184915878711532,0.38919198068384153,0.6797296692770357,0.11155886247488041,0.5019272489881611,0.08053310826751955,0.09001978193323056,0.03956533461611594,0.3184486891248228,0.03183821097026429,0.03940908986557175,0.039412425069998994,0.936351396429422,0.3706653539243201,0.1111471400693633,0.08835448608173115,0.1200850118073542,0.38948807182921824,0.02082059253914501,0.1995033599698054,0.03975607168742737,0.039908421221117776,0.04023147972044489,0.100452495292242,0.05815315940833168,0.33289359149432224,0.4114588653220419,0.7896464437493921,0.17953004295215133,0.9081140306688277,0.19968336102636036,0.09998020668236866,0.11908085808936944,0.6693743185315685,0.3586550322563293,0.4914950940032586,0.7816683230582261,0.08998228434503261,0.35194193700738463,0.33910520049653703,0.41953164535872023,0.22146722437253727,0.08085542824097477,0.3407662776339195,0.1710284821180642,0.11065853785085109,0.18082753901673562,0.08079068037900937,0.409523775635607,0.16187039656350455,0.2584473212273953,0.34022912156327995,0.15108044336262544,0.03874911029222628,0.20928741987066254,0.039095798797872755,0.2714317863951892,0.16115980370588512,0.32053991508189206,0.430859885234762,0.4975812017536742,0.2189611929075462,0.028514164545045035,0.18837514152413126,0.14037950234169053,0.04152831181617785,0.028722176741533587,0.08005388637727957,0.15996776647698138
0.6595860526520441,0.6297382804742936,0.5373617012171386,0.5299627132469411,0.4820731231008734,0.44065209894032553,0.5410074405734179,0.4901048619306416,0.040011465775487,0.42996728007226387,0.7514808923132331,0.15074738311586347,0.3788139478002919,0.5611219017121281,0.06009516325081503,0.718942089106608,0.7402099682526734,0.8491291389686224,0.7911205974983779,0.849311360532404,0.7492861642026226,1.0092416420858,0.9805649099706034,0.9474929995268793,0.9097563777193594,0.9946981548006067,0.9569579964537663,0.5302088520307318,0.3783740317026895,0.4413318531507925,0.5301192362007557,0.38969592032532496,0.26945965049292103,0.5408526554802789,0.25094745009276814,0.8207917376391661,0.43976830934373623,0.8481036962507242,0.01930053887851574,0.7700812519222485,0.8011107361545431,0.5911063445712008,0.5308030960432888,0.12191325690122552,0.21006869648847568,0.45011036058198545,0.4282404805191165,0.32206744783437813,0.32822853747784764,0.640407143328268,5.403478537065189e-06,0.16068254541933402,0.16848621111238565,0.12770381500459108,0.08083966901177275,0.047972259768872434,0.04938016411227556,0.07217240231887687,0.029275614588114122,0.5415532350683571,0.07080840686415116,0.0012976213872400886,0.008135514225739313,0.047430542041288846,0.10184563289200499,0.11228094532434318,0.1904050094143984,0.04928323995605676,0.04237053081461236,0.02914826033590779,0.1294507894429919,0.1580536577579885,0.5390986877582502,0.5799478242679258,0.7301870196898093,0.01131311525432296,0.5776651165588161,0.12877101445848504,0.18910665121752362,0.22085351714323287,0.30084465522603,0.5924222000961671,0.8599127511189731,0.7093532809906864,0.030134487923788235,0.22072315771680903,0.06803369079027326,0.24753654425569463,0.2424180673754007,0.05110030140214994,0.6823923716875098,0.10149244909957475,0.4206867871758669,0.10079738340862317,0.019899958470530617,0.30811811322124705,0.38964313037751447,0.1300818069596924,0.6583797618134218,0.03040271923504828,0.17022564106654073,0.15894020366912678,0.04948491426786866,0.1904850002326782,0.03910079821016953,0.18876162264756513,0.27025874140977635,0.5399333421890258,0.06942987998056992,0.13090652573161107,0.5892464000147636,0.5410497700248525,0.3381486189733719,0.06964838438902651,0.010808448692397783,0.03142434380114784
0.7204848865183326,0.7000510664158254,0.6091721603535644,0.5996196062224483,0.5496917379570244,0.5102265557287405,0.5586389987684932,0.4929948887976865,0.030898781540735828,0.38899662319004796,0.789054383802287,0.14826489585425626,0.3814826754273168,0.5300397811164246,0.08170837190153935,0.6892532942483693,0.769556911856256,0.8605797935655151,0.8573161486600981,0.9080194376722992,0.7817195546890833,0.9805649099706035,1.0086297975622187,0.9677160388871037,0.8513305570589212,0.9673982629342008,0.9384589787713173,0.5693026182732689,0.4607928471236768,0.5290487397616795,0.6195693136644511,0.4416653344200259,0.312522262756437,0.6007309757295243,0.27827621944364545,0.8626146580067726,0.4410447388996015,0.8873928757941872,0.028442910740745293,0.8203953974183097,0.8490816131424851,0.659147524022201,0.6023879670163471,0.16891603304741065,0.15160977844236925,0.49943941118320273,0.47981133361756384,0.37932467041245144,0.3833905283256616,0.6893750266867154,0.009109378676843525,0.1668080713038163,0.19026997381073785,0.1593201853487065,0.09831284780522279,0.051785776519330654,0.061130176129639634,0.08993255089116847,0.03934357705578298,0.5891157169771999,0.08965316913029249,0.001493129512913839,0.0077012904628577,0.0301147956750441,0.13992809280369112,0.07025901459144145,0.1517001026463118,0.060740123442425624,0.06000912449693676,0.030210656268171956,0.09065635643440596,0.10900456920374756,0.45176458746720694,0.5092027108964445,0.781995061360189,0.012740666426569788,0.641518643818304,0.1702448192011896,0.2095215354455359,0.16708406814686602,0.34903324930314333,0.5086541461577382,0.8086055228548178,0.7694615427627264,0.01896617539391965,0.28790426302013306,0.0898495542999823,0.3190321812086823,0.28957168649186643,0.06058807945461418,0.6796279424613885,0.08060619863003061,0.3904437904587908,0.08090121255191268,0.020530427955860745,0.27977060110626195,0.39160059019778115,0.1130740305188381,0.6575663573043992,0.029836011794600284,0.15882110450491024,0.12915117393283582,0.04132038843121313,0.1678945468721265,0.03874641646177126,0.1788033644289762,0.2720921767392536,0.48985916438103994,0.06785270825909084,0.12006122284576858,0.5304170246266923,0.4804064164033044,0.2907226901470881,0.06056268551040295,0.009365225874731185,0.03160712216670289
0.708137949622745,0.6730111965779448,0.6104246391123943,0.6216018829378585,0.5506967189485045,0.47945633412224087,0.6407657843686656,0.5686592317011593,0.019880044628367236,0.41038226134304767,0.8303907002046299,0.07075001088496749,0.27028457577426473,0.3888459319532064,0.11952804360339013,0.5499582857255056,0.6708773982067224,0.7511285962344594,0.8204515286671239,0.8589779893681895,0.6993462012614757,0.9474929995268793,0.9677160388871038,1.0060830269937482,0.8303879257762252,0.9303231467609415,0.958298727410108,0.6992618616617504,0.5191886389671554,0.5797273383717446,0.6798586417449831,0.5697918507170873,0.24983671477264882,0.5194519250277109,0.18009413845552505,0.8781591684280453,0.31048721318767547,0.840023223960964,0.061034105506674534,0.8008226829507281,0.8292992487081225,0.6888755375285885,0.6386175254624634,0.2188206941694395,0.09950785609379309,0.6013884433410696,0.5796108783818066,0.48065358589920254,0.47190707380691754,0.7495956317500253,0.019597987202629744,0.09029027547563946,0.2980837259619165,0.2591820368803066,0.1809645009745527,0.020369819234102804,0.1294986944622665,0.17210121673634207,0.09886842665242646,0.508870124483517,0.059731816776559504,0.01919831747612932,0.02200672897072952,0.031033811869813938,0.12925887664465063,0.08873864257011128,0.07880646001360318,0.13145004407195082,0.12803440697586607,0.060411614546471884,0.050158181608519675,0.07017738933623445,0.35009318101901205,0.3893586207717653,0.8191258108183832,0.008710946438451297,0.60126321321599,0.2398682138288737,0.32117267405237326,0.10090317940318051,0.2788129606669246,0.4011773939004025,0.7919873965943731,0.810530948701917,0.029920708837731534,0.35076192020962493,0.06126996941037009,0.37051974708342433,0.3994451210380089,0.09024225358563344,0.7979789523283454,0.029492189563174218,0.5105038178113602,0.030052196088539335,0.039436681310527695,0.1713424258923468,0.5184162205978651,0.04882176469077762,0.7722119143193451,0.00973718797607052,0.2599677062127691,0.060312793691400066,0.09896968306185312,0.08072234171376072,0.010987409291887972,0.08899712617747343,0.16050144343225717,0.3595669230337015,0.020092663632814763,0.19999808969773175,0.5891428653652342,0.538621032290605,0.37210308960248606,0.12956934964078867,0.031068136230837564,0.009557291794504484
0.4009042721284798,0.37024905946894865,0.30101450665758506,0.3100753625730119,0.257420863808106,0.21066806919486725,0.571586938140284,0.5692234983842216,0.020947836875343438,0.6401240610750079,0.6118491100295117,0.06154615583908636,0.2200158405034663,0.4784318844608941,0.05124685010237329,0.6401115549290511,0.5195809885618358,0.6813326778166311,0.5421295273841824,0.6195027902741784,0.5076129082462336,0.9097563777193594,0.8513305570589214,0.8303879257762251,1.0075015351705021,0.936049533495215,0.9372348712594888,0.4900194119774045,0.19071694416610313,0.23950841430127265,0.3183768199942059,0.32118584121399346,0.1003561289372434,0.2991323815918395,0.10936907851561259,0.6405519471044414,0.28021115519051365,0.6193725284974653,0.03837900697795922,0.5299272453282531,0.5608162693956114,0.36972761014338557,0.3194804228360876,0.05842632750775532,0.3499457111565794,0.36958136713124506,0.3193203330936803,0.2283581482563149,0.20164925002402567,0.4803852654997841,0.008707636818574864,0.060006454960457103,0.16844791697164424,0.09078632808179621,0.10165918606689468,0.009634000923022357,0.06875271995702327,0.07929419834850433,0.05095696655500069,0.3002992065772941,0.039325631797333595,0.020205172393899715,0.010066340647643892,0.16132187468987233,0.05027595891601065,0.31859984139826325,0.1905313724159119,0.04073006821130575,0.03020768232063323,0.02007106810458083,0.16075393602980817,0.2615834433746417,0.6308605191877568,0.6289838174748934,0.5395292371896281,0.00028558009497935117,0.32161563876209637,0.06055070673682205,0.1994556969647354,0.30703427049721793,0.11993790127718287,0.699073803866975,0.9577999491047063,0.4993806804469475,0.1407344039225607,0.10010955464057748,0.0394392967654174,0.11030871206298411,0.16985956789127107,0.06926199403411944,0.7299133823456017,0.07094779586974913,0.5695731323921182,0.06938782729602913,0.04077275680681761,0.22006027982223586,0.46081245421717293,0.07142661549668929,0.7086389320144535,0.009303346339440709,0.26038458035524276,0.12895948635141485,0.09993901439243738,0.13846115194467593,0.010280759954584237,0.11049380614577761,0.16037009700890137,0.4919585526731828,0.02008552236377116,0.2403501093995502,0.8008327660515312,0.7778794806388037,0.550788815443681,0.1613900981404035,0.038752575806224786,0.0092480453918877
0.6294251148345221,0.6000837202625997,0.510595223067293,0.5091528483263152,0.4587500288537885,0.4103513305442441,0.5585075116145457,0.509708665905688,0.03882557074638999,0.46086280281048536,0.7482171682177895,0.1400391014230328,0.3595425083541046,0.5513367462725174,0.05846566669339459,0.7108826271908256,0.7185419340930153,0.828968593581006,0.7587751322539701,0.8209553697220338,0.7208076505493171,0.9946981548006069,0.9673982629342008,0.9303231467609415,0.936049533495215,1.0100670040889896,0.9612634757550418,0.531847901241387,0.35003838677374066,0.41093756572186874,0.5006204898009862,0.38863599852251934,0.2382755063619943,0.5007574071371982,0.22086518562559743,0.8098456503082021,0.420296255631747,0.8227354446414127,0.021765873339503958,0.7492293368781581,0.7798223854421001,0.5702472875720876,0.5110323755460303,0.12046557143460039,0.22876322094886203,0.4501034669366353,0.42112078655794655,0.319239350386843,0.3195830077917671,0.6314482280431165,0.0006586185521187572,0.14944054186694877,0.17077304610402516,0.12245410555570586,0.08892419774633492,0.04074482030104451,0.05135508893837105,0.07774398444088264,0.030668660898434834,0.511242869598084,0.05905272292090458,-0.00043336466312299867,0.0012804111903766192,0.0518596256431502,0.08853207179672491,0.13904135994382,0.19055125253789376,0.04816397915291577,0.0404652405477294,0.029378745001146372,0.13096061484627086,0.170859563254137,0.5599104744315578,0.5904284682959513,0.7187476197851622,0.008839896938998467,0.549122789798742,0.11998566806889585,0.20073442237263694,0.23141179612158108,0.2696221579195591,0.6180908306751388,0.880205681605857,0.6897453719280642,0.03878413201799829,0.2089572791434243,0.052797993505081124,0.23122696370324794,0.23903088514198995,0.050622818508945726,0.698947071168505,0.09716576532820626,0.44924181284041537,0.09130062005040283,0.01983655294685237,0.2916785213678354,0.40944412811745406,0.11879554045202662,0.6715160165941332,0.02159778640183332,0.18903841660400955,0.14982069789491273,0.051701257598978596,0.18054441194477927,0.029465502491632475,0.17137386805459986,0.24872395692798052,0.5384234442186249,0.059339952653506355,0.14976887155558313,0.621074511955624,0.5802779026564925,0.37016670133801916,0.07983797085346617,0.010259264940608423,0.02811347337669015
0.5897882772522736,0.5482241461666848,0.4913104265192411,0.5102347686842931,0.43938128060885967,0.35830146041742,0.6981883136641315,0.6509490166564257,0.0098896652089431,0.5599333011229841,0.8093422756132862,0.05930496806130288,0.2485740831756436,0.42004143882195855,0.07007246019889118,0.5908005814854664,0.6226913073433213,0.7391516839410462,0.7193018008573565,0.7706449051495554,0.6293836789414144,0.9569579964537662,0.9384589787713173,0.9582987274101081,0.9372348712594889,0.9612634757550419,1.009421031508897,0.680257325981923,0.38195616879469696,0.4387899123511375,0.531633247204758,0.5197653541425937,0.1607268256186507,0.39910474922103323,0.11918007835332764,0.8301905396030935,0.29033070400496663,0.7701898298001622,0.07094646935168943,0.7105289321609453,0.739178441772487,0.5812240577725594,0.5294820000483776,0.14852176841526613,0.17078821271684455,0.5684117785859534,0.5231393833599183,0.4186387978498276,0.39832088090252177,0.6984610326905377,0.022308826178717184,0.07058909217361092,0.28227102240777463,0.21100964181489798,0.17928610597897404,0.010025909501068487,0.1294139442393842,0.15895416617414382,0.10042957233018905,0.42052867758384227,0.041420273708416666,0.02955452775139376,0.029527617297359122,0.07960155575634732,0.07863757061664425,0.19064607073415862,0.09791553112588457,0.11077101582303334,0.0986537189047183,0.04030411188087524,0.06970871642059678,0.12004259828228245,0.448657314917204,0.4607448435534196,0.7501725604646546,0.008428595690921437,0.49122854548936246,0.16058005144928741,0.32026461134510603,0.1514088785206449,0.18136675802547744,0.5099156968663597,0.918625168230101,0.7191039264481043,0.0896696882608826,0.2508643760664339,0.03945438624264378,0.261262324144992,0.33956209797461745,0.058985498094031835,0.8379399114526026,0.02925906332760903,0.599993053351717,0.029284759606425237,0.05976199607544256,0.15971163378046632,0.570132142102546,0.039845772495562926,0.8205120159605793,0.009611020982409598,0.3113221544657808,0.06277717157726233,0.1391250797894816,0.07931454666488387,0.011648233961708311,0.07022888490586493,0.12939858214746808,0.38092293239657127,0.011373773151754325,0.2696459534447807,0.7403787781952333,0.6912563241587826,0.49839394857201474,0.1810975552724393,0.05699360376148817,0.011085173898391852
0.500176937028559,0.4399393885418178,0.5118387486949025,0.5903763266417359,0.46785516480902944,0.3014419243954019,0.8277189193730534,0.7419445059078067,0.24005809876646714,0.37060621192428717,0.7980602000783352,0.04075955379548651,0.04984376420509553,0.061694050013801995,0.3297643240944185,0.14802295813710217,0.3106358629737303,0.33009458682328385,0.5205137508059964,0.5020224450116858,0.3475995015637191,0.5302088520307318,0.5693026182732689,0.6992618616617503,0.4900194119774045,0.531847901241387,0.680257325981923,1.0079514068540947,0.6104683947731777,0.6198043321952912,0.688205866476174,0.956017791198069,0.057926057400608806,0.17959060299900567,0.019058664824163702,0.7180314560869795,0.050887713311546005,0.5102853998768355,0.41963812338536394,0.5593231250317078,0.5609047718182937,0.6491424824034191,0.6389157147910085,0.4595676321191389,0.04019255838054239,0.919631165874368,0.8804917988408939,0.849740133948099,0.7800418497225247,0.8113358005032144,0.2686379342213296,0.02868880852134894,0.7609425654847213,0.7194423845998998,0.6196906733912455,0.08022347802243121,0.5382244702756886,0.6307878491898586,0.49166456986893425,0.23993593991714074,0.030039659855877674,0.26150279372358776,0.31872710762577344,0.030219348805253555,0.09956391730670519,0.08953474219052988,0.07319213948237133,0.5688660526498099,0.5509992739440426,0.39947379284610823,0.1291521552828547,0.07855188244663458,0.039520336249349815,0.03987636410542268,0.7526806797549761,0.2006059804234609,0.39021748376216325,0.5310552544768955,0.8201177121837482,0.05146437494365149,0.06135716694451348,0.06876994757349661,0.5200593979861449,0.7492819489535467,0.10964943137922276,0.5805625654853518,0.02131668087094397,0.5404305549595171,0.8197833426883716,0.2803463989213829,0.899654115763798,0.14888822373677135,0.7498877760721376,0.1399413264132415,0.34922454837751593,0.019324866000944317,0.8879802535032236,0.10128556162315841,0.9176420151209842,0.2201527097349938,0.6703114384625333,0.08985485745085604,0.49155031789770454,0.0678878623895699,0.20848627909683143,0.05969949950149362,0.02092509064303097,0.021141390026432505,0.1399645956304787,0.5407348323712832,0.5600498272382064,0.5102621514718126,0.5195835794135222,0.46930672522869615,0.3315688944949428,0.2103279205723903
0.7911586651989834,0.7772310534534949,0.8708035349788285,0.8997231334262841,0.869325292942566,0.7594493032561598,0.3800467413537662,0.2707065963484013,0.10947895906329479,0.04032913599541531,0.6706027463100287,0.04070185674028549,0.18945922545292712,0.09931623164823278,0.7000290940495354,0.1505499273207545,0.47021267038795395,0.3713304031481615,0.6976892201146867,0.6200765729129453,0.5392757829722419,0.37837403170268946,0.46079284712367674,0.5191886389671553,0.19071694416610308,0.35003838677374066,0.3819561687946969,0.6104683947731776,1.0084299987690315,0.987522948817119,0.9571444043224294,0.6890362456177296,0.40981894347204934,0.502710601694137,0.13061972874763225,0.6808639668007823,0.16824849807020278,0.6196913730884938,0.08119441986083405,0.7131320034098688,0.6987457451904638,0.8790062134935178,0.9093977991221983,0.8098215718162016,0.18987552310620187,0.7084643652538795,0.7812208705402319,0.789743346964417,0.861183944388226,0.7785735185401714,0.02844162115340856,0.08158654429297826,0.39872336088685634,0.5486622787401109,0.2505507364351204,0.03171927997403504,0.18972305374470783,0.3091902421690216,0.1608259698348902,0.559797525290051,0.28937910149279533,0.009730116785343555,0.04959077452210652,0.30009324772944984,0.5702320839177858,0.10121122422519133,0.07176153059365548,0.32373502605535576,0.3696050412078642,0.31950887862980637,0.1791369593604182,0.23909538081085224,0.029137774482402918,0.03048423438334311,0.7804142495919811,0.018292913838073983,0.7508606849634004,0.8005579924605051,0.40179951958485877,0.14213432518815555,0.3993677425558382,0.029257375759459196,0.1886406118515084,0.8311912160383234,0.06975697903172794,0.9280337886827041,0.31891218413520306,0.9493787240387536,0.729392779107092,0.6097053766613356,0.3995038744328101,0.06229142170001074,0.18014417227465285,0.04901324117139269,0.03818996520567316,0.019581297558350842,0.3290164054716946,0.010072272172357066,0.40043608188168445,0.02100983528588793,0.14926037906589804,0.04812145660618181,0.08136414527704414,0.01773081082096607,0.009789372818926794,0.01023775167573623,0.029874543248610833,0.031126384118132434,0.0010117541324521633,0.07922512253650249,0.10100684350222978,0.06861423361687033,0.04938363209955375,0.042310053686782735,0.028482018451331647,0.009997578573046626
0.839230499346312,0.8202093591607811,0.8978319434178809,0.9189686169621619,0.8896830454523664,0.790671763484313,0.3992357095173625,0.2905380800447867,0.08008353063700552,0.04928477123318872,0.7008020747750489,0.05140671657133096,0.21974200757818785,0.12926397939532291,0.6305383198489897,0.19131898709126086,0.5309959288284811,0.438342485846765,0.7600146295994646,0.6893660529997445,0.5987957248524766,0.4413318531507925,0.5290487397616795,0.5797273383717446,0.23950841430127262,0.4109375657218688,0.4387899123511375,0.6198043321952913,0.987522948817119,1.006189383686336,0.9781988387506427,0.6806468182604647,0.44869211840319306,0.5604472508399132,0.16981785552696838,0.7312705003306466,0.19976306599157578,0.6799585293839542,0.069520233336248,0.7683926071557974,0.7523033831446295,0.9010406760081384,0.9217082215380012,0.7411192511326697,0.1390487379385799,0.7001522709405871,0.7687751538396053,0.7607119856450577,0.8292059992395481,0.8008201466919255,0.02063838113056024,0.09879712419067373,0.37111802220695583,0.5010411105082584,0.22814443113924934,0.039021012703997916,0.1699770920561948,0.2793581567160261,0.14031371293963277,0.6021115277756972,0.28101506294432516,0.0075982357290335445,0.04218022197528616,0.2690730541323121,0.5498409544793262,0.08050241041391917,0.04789588011235929,0.28961962610576747,0.32950179467565766,0.2692695534994719,0.1320657069058298,0.18054430406077068,0.029021489295163357,0.03975279445026928,0.8188256653668251,0.012053858078525895,0.7892003176096598,0.7395345989535163,0.38011989732997614,0.10048105012579511,0.44031956158182817,0.031006844562760455,0.23003380378498767,0.8694601467548351,0.06985922478967119,0.8789176629087955,0.32036660105147174,0.9094056516915945,0.6894039360618709,0.5398158531055242,0.42206231846925385,0.04098943692518792,0.18852442437368352,0.030726727511157553,0.030567320576861914,0.028946295765624054,0.33041414221319176,0.009158623036366085,0.42847166295172895,0.020064969297265464,0.14034039714235344,0.02875725164770242,0.06977968981947584,0.010205782853990153,0.00862752615868734,0.012047142860749222,0.051599383450068745,0.04994160217380803,0.008873126916050111,0.07155130822869574,0.12012473485386368,0.08072531091143416,0.05045579220456712,0.03892025299940452,0.021039107947492752,0.009154748562929237
0.8504571280941549,0.830259970216092,0.8794093891666663,0.9006591023448034,0.8595975077883486,0.7602963829893552,0.460584408807553,0.34956246792589935,0.07993405609207237,0.07912033586344681,0.7595080355938,0.04935855138704587,0.21886986998261584,0.15031688019629333,0.5402611081733367,0.23025818126553643,0.5605440737564042,0.4896568724850779,0.8092175425540695,0.74882782762872,0.6301769978271714,0.5301192362007557,0.6195693136644511,0.6798586417449831,0.3183768199942059,0.5006204898009862,0.531633247204758,0.688205866476174,0.9571444043224294,0.9781988387506427,1.0057654354191996,0.7209723895341006,0.4115332098775036,0.5787897011536526,0.16960139548572822,0.7907230241603203,0.21214928554784082,0.7310218095301154,0.08077796620670663,0.809067032735957,0.8002183881618465,0.9012131773457214,0.9105607106886973,0.6606219662399517,0.09069090881962745,0.7300541541622363,0.7798583119567413,0.7601496688683643,0.810122590581515,0.8304339627131503,0.0311027882187548,0.08933813726722595,0.40013315486388035,0.5013483519075186,0.25164331795330896,0.029801379968507038,0.1900382310504442,0.2998473018002306,0.15939272526881576,0.5904477117809038,0.22080239587250375,0.011118094943378285,0.04843358274141049,0.1897421773609661,0.45980341329999297,0.039308560268902226,0.03941691133519019,0.2976647679834557,0.32093067938571973,0.2504498424819838,0.10917995523248913,0.13102438922733353,0.03957899862484769,0.06064277966949176,0.8588782119905227,0.018761015611304086,0.7800093999351119,0.6786186825767113,0.40777463749754067,0.06862198837506674,0.4194099910818602,0.05063256085001124,0.2998267463981142,0.9076148590420857,0.030887080024281133,0.8203168366126642,0.24950912320703791,0.8494919342710516,0.680558914672611,0.46027798287399185,0.5182985018504812,0.03803855705984283,0.25034855948320467,0.02909518766356751,0.04029761178962512,0.03990708366856697,0.39015704699556747,0.009837594618953045,0.5120723370207423,0.020979509471331974,0.18090465917197315,0.023194663848207994,0.08910881236616662,0.012146726732756671,0.011093225288244437,0.019134990391050637,0.06906575803982222,0.07854628328270925,0.010146874841067006,0.09943641056775505,0.17166211053821948,0.1300110926553154,0.08930706145260568,0.05954136320098604,0.02966830435550541,0.010753552930065653
0.4910648970416197,0.4310217879995884,0.5280054922434183,0.6106680722874374,0.4902646497217098,0.31937445150195715,0.711710960463267,0.6184125432583676,0.34068296459830666,0.2293303492518993,0.7123730271921143,0.06926880948443011,0.04074259832389384,0.03905547801693425,0.480729648190367,0.08142289004753879,0.24985988698543904,0.24018989516936318,0.46043565862514213,0.4281326734151999,0.29068055883869487,0.3896959203253249,0.44166533442002587,0.5697918507170872,0.3211858412139934,0.38863599852251934,0.5197653541425937,0.956017791198069,0.6890362456177296,0.6806468182604647,0.7209723895341006,1.0047844277507763,0.06115127931592951,0.15909694666081456,0.02002069430074078,0.6310916093293162,0.039673745088840376,0.4393786424086251,0.4590866138614398,0.5105272228402239,0.5084272779469106,0.6605728764629039,0.6607063039239082,0.6103167463555517,0.10981628674440902,0.9201587092025201,0.9099890709180795,0.9288726726488281,0.8701389085117432,0.7790800492672783,0.2913045531984272,0.03861317434256751,0.8013111314690332,0.8307275248844394,0.6602584085828025,0.08091913313793554,0.5799535082940225,0.6988944956820968,0.5386000109055006,0.22031847540394342,0.019397915596871405,0.2692547426095367,0.36066504052177145,0.02176344592454349,0.13975018500161543,0.0188172360815946,0.15795920572076766,0.6693530350527254,0.6706697891656058,0.5399733516454805,0.24169423795429065,0.17160683027118837,0.010325004838776804,0.010024332335065876,0.7085974786453871,0.23058797003451223,0.38067085752659086,0.689614649647158,0.8589648858705373,0.13784621735095667,0.06037444887064965,0.019633564282654028,0.33984043457983426,0.7184882740720222,0.05051748113424133,0.7187407552529465,0.018790584771979233,0.6603008973926431,0.9194827606386893,0.4291597412760378,0.7692504299263939,0.24032478909514557,0.6218280607635102,0.22043418237706836,0.3606619435844985,0.04986232173908826,0.8003046888305757,0.1591249091608427,0.7796997578344953,0.26987776278113634,0.6303111753248928,0.1703444747090213,0.49884973871608196,0.12990102717124813,0.2492451115254089,0.1014590021491184,0.04960074155294499,0.010216855624384496,0.1708924065805457,0.47092235316006037,0.3802044698876068,0.3299814216389239,0.3701100206207825,0.41920969223904186,0.3393299091236163,0.24073335037750626
0.6194797335110441,0.6890396156060173,0.5906963346197998,0.48940236462052844,0.620673251919298,0.818670131081177,0.04012502357848011,0.04169782091700501,0.23030036228952636,0.07922658725832625,0.21915683696912525,0.5862821486080856,0.6714631160424771,0.40882041877422615,0.15019644082361172,0.360602106362372,0.5986975552413599,0.47032016361919565,0.5498407211836474,0.5180857729945895,0.6212761726895129,0.26945965049292103,0.3125222627564371,0.24983671477264885,0.10035612893724341,0.23827550636199432,0.16072682561865068,0.05792605740060884,0.40981894347204934,0.44869211840319306,0.4115332098775036,0.06115127931592955,1.0068705495733856,0.8890002041891836,0.8296186214080262,0.33228148215513725,0.6416276966750306,0.5098218356677473,0.30999434645651797,0.5236014125834233,0.5186577295888443,0.4383510118182307,0.43178135585958377,0.16993315506810108,0.02109539532698617,0.0798398684603573,0.10951652346844054,0.08096811729736919,0.1416428951457617,0.23863743300865123,0.3604593645998466,0.6592062963486092,0.050403281683671204,0.02102171321853,0.11055577272069003,0.5713460978534545,0.1486537588361983,0.08008966706155528,0.1604629659729232,0.7599058822216375,0.6995373550143434,0.3696789660657635,0.26940210073694126,0.4595653655567261,0.6504860876965183,0.3216024184655167,0.16037109975900693,0.06881758701557573,0.048824663855205126,0.052373228788371785,0.05880171787094042,0.019365083441067816,0.1098821393932162,0.17031551950470242,0.33031910483589205,0.41134758222048784,0.6901650810313146,0.1192536742879715,0.058699881254099195,0.039720548236002066,0.9863443333580065,0.09976761290558081,0.07902633170709594,0.36853339635461047,0.5892004287574711,0.23843063650714685,0.8481004104664828,0.321521167487111,0.05928323809135622,0.09992485007954792,0.040762624592537086,0.21035287039874648,0.0493310054975824,0.2382077901832615,0.36922752545420007,0.4300490825458178,0.049748148610893606,0.38115424240095086,0.03987481221184242,0.36012841955652874,0.13127983440369229,0.2112508849600779,0.24947590491050298,0.3000966672557524,0.4206935169128105,0.42974542564083795,0.5794319998809534,0.30991149459877537,0.49099328440612844,0.22946921739554224,0.041510362167022016,0.04817993717900929,0.12087176150560947,0.26965036326540315,0.3617898232798962,0.43871735970216463
0.7997779435565953,0.857476262767355,0.7274501320591784,0.6298253827033348,0.720639419724091,0.868305606323736,0.11785722838530487,0.07138584884949996,0.18949114445250423,0.020216419712711594,0.4306935863657573,0.5215546128733743,0.7188547422724828,0.5693137749194974,0.12100168557509329,0.5800542532478391,0.8112290988261915,0.7306846554043105,0.7977306070072404,0.788137590433351,0.8401455420477038,0.5408526554802789,0.6007309757295243,0.5194519250277109,0.2991323815918395,0.5007574071371982,0.39910474922103323,0.1795906029990057,0.502710601694137,0.5604472508399132,0.5787897011536527,0.15909694666081461,0.8890002041891837,1.007006919097314,0.7786988907155824,0.5798939606246105,0.7289668537295535,0.769571573167725,0.17180932233050267,0.7600908605809797,0.760818917031552,0.6106011148265005,0.5822198176202573,0.18078449808469152,0.03939266378955241,0.1897660014904078,0.22116753837751274,0.1715757825740631,0.23779404564566908,0.420924714289229,0.22751180670488547,0.5818929491362774,0.03906201904394225,0.048198647488783934,0.05012847317505787,0.43065046250069833,0.072875465088305,0.05019832398942249,0.0894465034759218,0.8700965992438817,0.5102566468173628,0.22938333385580795,0.17855211890168052,0.2387664122703228,0.5006996227872295,0.11108958535463627,0.21044062442616654,0.041925232377830746,0.03982093295720222,0.05019599385097274,0.09915687050465935,0.03931041748834583,0.24184735588803427,0.32852614395952595,0.5495170164642086,0.2889885751936149,0.8305639715471917,0.14779401255594518,0.040441232892279244,0.09183011567148935,0.9175211051116247,0.24977283743407208,0.2490963053990243,0.5807856211475156,0.2901012938247324,0.28905866821447557,0.5901546988522686,0.37017131260368574,0.11958050926019263,0.08061737313949845,0.16099644371536215,0.22029531431856614,0.02880828596683714,0.24058395831302526,0.2282327023215257,0.4896855602592797,0.05024218187649739,0.3686484117607829,0.15149996500849036,0.27156250030235646,0.038748465933925315,0.24957307773803714,0.1207384690228816,0.33981914031315724,0.3216330694627306,0.43859399958991896,0.6012772108418022,0.4699488380571095,0.39921438518406827,0.07931323888824943,0.051529993672598536,0.03881926361129331,0.019628519543570595,0.11159365935696292,0.21964976832266664,0.3208336072960776
0.3894727062922177,0.4597524409235862,0.31987346804305866,0.23019541901910082,0.32084817399024845,0.5216123369998856,0.0213713797199864,0.038272200127418866,0.4990601239595914,0.04077613139974383,0.09106045296645483,0.7601778900281797,0.7392063081059619,0.5608852103533916,0.008861828528919482,0.4710924098319434,0.5277394360190715,0.46805891644476005,0.39107691342176365,0.40184584897460673,0.5305709168656938,0.2509474500927681,0.2782762194436454,0.18009413845552502,0.10936907851561259,0.2208651856255974,0.11918007835332756,0.01905866482416378,0.13061972874763228,0.16981785552696835,0.16960139548572822,0.02002069430074087,0.8296186214080262,0.7786988907155824,1.0048654195472033,0.18989178632666298,0.7496507495594152,0.39108808180759236,0.5301469124294285,0.3519528448564977,0.3592365246219577,0.2095569960300149,0.18918581680903707,0.01044040522634463,0.07993345973199982,0.011448045850191624,0.009789814089723597,0.009240047195133109,0.00906412294242421,0.08013159178282364,0.5712328288217215,0.7804783245115706,0.16806088081895373,0.10005809626290957,0.29032798277171046,0.7201192180240171,0.35929220659512634,0.26033706125803713,0.39086165530146477,0.6210836595484828,0.5790767215598723,0.610425388422226,0.559757038921803,0.25105376802550666,0.3802023213765398,0.1997732935859419,0.4500431216812163,0.2503406196722606,0.2199979298537758,0.24947151578187043,0.27025006005783114,0.09046356175675224,0.2498612858997868,0.35032839397573395,0.15864592605813221,0.6288386206335759,0.46820305070651924,0.0007390343984888642,0.17141172236080457,0.19991964543520022,0.8687479916033347,0.23879265368924044,0.07027389386307915,0.18018841073391764,0.48930616415394307,0.031186818789522334,0.6398781481869737,0.07908503827603834,0.03040650166791417,-8.003858478289518e-05,0.01051633953822947,0.5413921338779667,0.09093441810494077,0.581052636967071,0.6401518785595854,0.7597370700130714,0.09960969178764545,0.7306572127468699,0.019486708989879458,0.6805029735709937,0.2796286927797545,0.5477863873985386,0.4805300613386269,0.6508526597732,0.7499482626523394,0.7893537187629003,0.8971693819536294,0.5609393644773882,0.8096349719448559,0.3604831775435236,0.029496681144866786,0.030967695176047503,0.13934364092931342,0.4493513437057419,0.6296261117537075,0.7488067790559192
0.8711145134075554,0.8282864789230093,0.8197549765959313,0.8492016161701744,0.7784402451144552,0.6606511850009718,0.6599469767122921,0.5519024795620104,0.019285208829443245,0.2894472816764433,0.9682208355144101,0.12006605733310304,0.3892478800832257,0.39928637227619285,0.21088315392442838,0.540523721552877,0.8084914607231546,0.7901278535023207,0.9187640253968258,0.9172446631708819,0.8316095324148858,0.820791737639166,0.8626146580067726,0.8781591684280452,0.6405519471044413,0.8098456503082021,0.8301905396030934,0.7180314560869795,0.6808639668007823,0.7312705003306466,0.7907230241603203,0.6310916093293162,0.3322814821551372,0.5798939606246105,0.18989178632666298,1.008587439289389,0.4015268228133248,0.9385090967331632,0.06010153472761651,0.9385232674672713,0.9399374748100499,0.8913965057879429,0.8612838481727835,0.3796651797636564,0.03172592662982849,0.7277124426050849,0.7403147728140341,0.6203381323025197,0.6620458363262193,0.9392318181726875,0.002946309897782038,0.16931463460453813,0.318147408877304,0.3133758587050876,0.17129046166527834,0.058190704197406365,0.10926590552762573,0.1788198910914215,0.08054352261706908,0.6927882803126402,0.1510994352364614,0.00041096710506759973,0.008934317349718463,0.0492340811491935,0.25973981765519305,0.01147018528909944,0.039222507858693106,0.14830092571339779,0.15046573878273767,0.07947926852282652,0.021965583898578,0.028336213370814108,0.22041920876651108,0.2591845685046954,0.9787638266054184,0.009573650027679818,0.7993438098753315,0.36872529678442945,0.3678969011506858,0.0378212477027132,0.35877733221726865,0.26110325088754555,0.6574936563763535,0.9587840884743581,0.008785209678530888,0.5274820292431377,0.12899687732389065,0.558576749845336,0.5109247128794566,0.16173156671611813,0.6815237023947655,0.011523876450524587,0.39030343050937627,0.012106419202459412,0.04157626007996811,0.12826892132436504,0.49053295828355387,0.03045573599655028,0.6882148814280172,0.0014015756321252193,0.21984625123744647,0.028265502881673052,0.09066126587566768,0.04941181109454696,0.010285854956455827,0.0604181613512398,0.13156265625940095,0.25979690848297093,0.018526154433447968,0.1612870913239044,0.42137546651415897,0.35802211726037453,0.23092969717665243,0.08968567999053204,0.02730433494302369,0.009631512795530789
0.5205232413461591,0.552712242382561,0.4307878942106239,0.35992987180497044,0.42871545260587596,0.5412192714796005,0.05770124315335562,0.03217194274003461,0.48107329639981306,0.01984036942184464,0.2892702389354191,0.8584617647562495,0.9777789242265812,0.8887339908279833,0.04086880309718832,0.8095046639114389,0.80069943124883,0.7504896132965616,0.5501056778268988,0.5775806877299504,0.7579126785268847,0.43976830934373623,0.4410447388996015,0.31048721318767547,0.28021115519051365,0.42029625563174705,0.2903307040049666,0.05088771331154604,0.16824849807020284,0.19976306599157578,0.2121492855478408,0.03967374508884042,0.6416276966750306,0.7289668537295535,0.7496507495594154,0.40152682281332486,1.0070396352556112,0.6009135085276144,0.339554430860601,0.5387699046727487,0.5389137936110587,0.34816284306365247,0.3199080978714666,0.04938895600565446,0.21034406164305275,0.0684551627035642,0.08136059899219769,0.050805988197937614,0.07251926863120932,0.24180559203044838,0.49158549642950683,0.8671100197051488,0.10978716540854994,0.09976545433041262,0.20990293154572703,0.6805806942886717,0.2679578279435093,0.2018553917030039,0.31061130826282957,0.7605253921757689,0.4209466749932734,0.45059133560599796,0.42875184918115017,0.09957026826507703,0.2697860675448286,0.039231669872672834,0.5406980434444679,0.22761637713337793,0.21180794833314642,0.2709192335598722,0.3767496763957218,0.21178773591996586,0.48025927686706876,0.568513213515273,0.33938504252924034,0.5897742647244298,0.5806067106993132,0.03905826988616666,0.08891527832536315,0.33992649465723707,0.6877760220890341,0.4699087638970274,0.25899077655917535,0.3289073938766333,0.2102215778698023,0.06945643310934743,0.3898495980343715,0.10968484686263177,0.04910292721104508,0.04038322834224742,0.060275970514336065,0.5398752138091312,0.010277486710894195,0.5487896648638426,0.3506166903413269,0.7411002139010747,0.028485524884684282,0.640724413739309,0.05907669268282276,0.5218144288149426,0.10082340399846548,0.5511911467629539,0.22951183455857513,0.6294649928696412,0.5005005126686319,0.6791688611597626,0.7393164901691834,0.700573255163799,0.5698966474114702,0.12061973092006241,0.03213079929638435,0.01905403808400834,0.009838329265235014,0.19034510379259872,0.35976474778638323,0.4993444249355032
0.9216045638862413,0.9084681082321084,0.8403152123380873,0.8204304743789058,0.7986324534613412,0.7614199571069392,0.47086472673188784,0.3786896054243827,0.04900622833148003,0.20020535690398278,0.8485375669390671,0.27101194216205887,0.578975917717429,0.560568093335718,0.15012860077664736,0.6802714068164861,0.9377168179769164,0.9089698375229563,0.9715101111523538,0.979883966581091,0.9584916872659722,0.8481036962507242,0.8873928757941872,0.8400232239609638,0.6193725284974653,0.8227354446414128,0.770189829800162,0.5102853998768356,0.6196913730884938,0.6799585293839541,0.7310218095301154,0.4393786424086252,0.5098218356677473,0.769571573167725,0.39108808180759236,0.9385090967331632,0.6009135085276144,1.0089463220505122,0.03001895650612882,0.9699776612747831,0.9781730449735799,0.848291729259121,0.8086813482606237,0.2909524860886226,0.05957161127679369,0.5289876926329713,0.5511116243824409,0.4403025481486465,0.4996401249085036,0.8024541704258318,0.03118151686324351,0.33002436730179496,0.16044894620678835,0.16988834379642181,0.06849315106214811,0.16956885483108203,0.03780338789245535,0.07122275514123878,0.023945983306072866,0.8420546545733588,0.2594937392846754,0.028488152132284703,0.020169607750983577,0.07890005798517193,0.32191011472186926,0.009719737074909442,0.12117309521034972,0.057563304742670754,0.06147823772220665,0.030875389842718145,0.05720653344393327,0.042406418376434,0.3112988945596272,0.37923994006542433,0.8992516387649445,0.06868044362842618,0.8881754530526765,0.26070558600492283,0.19082895717772008,0.08945964647782725,0.5485379779293863,0.3493072494634697,0.5998070150465492,0.8899476168032238,0.03211501907164013,0.4285270616630996,0.23921684171856877,0.4813177766206801,0.33824418987052257,0.10887056217165653,0.5113475776044272,0.08180359328561429,0.22975445282134646,0.08988811953316808,0.030194395514014292,0.2911749709352576,0.2906163447252978,0.14767311663022525,0.5005908888091802,0.05960415487957129,0.08987253713596015,0.12048938681210883,0.028396051707243814,0.16892496489379763,0.07084281214999363,0.20133841490246462,0.3088272877397101,0.41955144811322204,0.11061851918626542,0.058850221186355356,0.3013561688558846,0.24831000020880642,0.12053164586688388,0.01909382953630352,0.023134154191696732,0.0686668507182883
0.029815873319560263,0.03908575302228819,0.031209352789847586,0.03980153598194291,0.029542036852106174,0.0698554159038273,0.41027204228548847,0.4394299690945854,0.8376571976196201,0.23996046156757708,0.12030642975304731,0.649459134189606,0.35088923854422915,0.25009836637419053,0.16925524453284807,0.12114503926865461,0.07108419346777338,0.05797104721990874,0.029299494428372257,0.0295969197733668,0.060434453942304775,0.019300538878515728,0.028442910740745297,0.06103410550667447,0.03837900697795923,0.021765873339503975,0.07094646935168934,0.419638123385364,0.08119441986083407,0.06952023333624793,0.08077796620670664,0.45908661386143984,0.30999434645651797,0.17180932233050264,0.5301469124294285,0.06010153472761647,0.339554430860601,0.030018956506128854,1.004827810174788,0.03144571148373012,0.030220786304630664,0.059357209976108015,0.05935443136981112,0.19014442755751673,0.1498418314503174,0.40043485333578144,0.34053536398045753,0.40026656473360567,0.28935733114350354,0.140303881307881,0.8890735774888743,0.561151909767439,0.7691434044122848,0.6504751397786395,0.8607212417068049,0.6404107996055304,0.8714616083608631,0.8199017573171057,0.8699289956347602,0.10867058746558003,0.2600177421027274,0.8010562549047017,0.8292566980164047,0.1098042290765542,0.08010581900961425,0.18054574999833434,0.5005252339656169,0.7994159687024028,0.7386176822032988,0.671752503833356,0.44026848336497837,0.21904186073982201,0.11852530279978232,0.1488966059096299,0.07901423816451966,0.8475139929562091,0.040348113618691825,0.26983379370015786,0.7696409245715987,0.27168387577230607,0.3083632506694102,0.08185372033890961,0.07012314707241381,0.07996721988446225,0.49969047492728447,0.16934758813320158,0.32033763263471315,0.11082931210387191,0.4802386397372131,0.19022016510806514,0.3193614223873443,0.6582368630677733,0.4899513703909405,0.6603987248700651,0.8975244806677005,0.5203586150490036,0.6091000920812062,0.709080035480257,0.35133562702901266,0.8315671879984724,0.7404755249232169,0.5612066662118829,0.8594978307571368,0.5795074291891895,0.8211279041336599,0.6297328991172171,0.5695030211144381,0.259954677460493,0.8000859386438711,0.7690473315177565,0.24071877449345286,0.2301364112719453,0.42936071103392753,0.780058782071932,0.8606437335422411,0.8402545037285709
0.9771400298790865,0.9573874531369354,0.9194777283089641,0.9022372229079212,0.8806082287173942,0.8206114580247511,0.44167023826521784,0.34020578531286905,0.02964910197984999,0.13971385648797668,0.841564483009925,0.24724004892682896,0.5324124662903877,0.4598563898300885,0.22876621825549398,0.5609379710827131,0.8786355148769127,0.8096396261270987,0.9499408965910974,0.9394086527272724,0.9200917659059629,0.7700812519222485,0.8203953974183097,0.800822682950728,0.5299272453282531,0.7492293368781581,0.7105289321609451,0.5593231250317078,0.7131320034098689,0.7683926071557974,0.809067032735957,0.510527222840224,0.5236014125834233,0.7600908605809796,0.3519528448564977,0.9385232674672713,0.5387699046727487,0.9699776612747831,0.03144571148373011,1.0117358463342032,0.9991461542680125,0.9272531782515712,0.8896663234210908,0.3805924586714651,0.030277691630330273,0.5611311152975337,0.6007075472531401,0.5098410605230221,0.5810319022647341,0.8376200470125598,0.028929260573705203,0.31039142944335235,0.18902723697654658,0.2191784705107537,0.08130228095880941,0.16225627542169002,0.047662075301846386,0.0987732634598557,0.03142005588641799,0.8483962673638384,0.2885437209714347,0.020283370003298867,0.009992679509750947,0.11113178111562029,0.3910843742037832,0.010457738948621675,0.07188611964489106,0.0819331148434499,0.09070710479131697,0.0498874812043301,0.03028816637339494,0.02799866068903233,0.2272033971304897,0.2803741664809318,0.92936990473837,0.05981067017384502,0.9285775417332716,0.35044467551169317,0.23022094399775264,0.042053984475827734,0.5584725711589826,0.2510481684409687,0.5092391752160479,0.9386082906415201,0.04891620149611747,0.5303233070310337,0.2781765168765189,0.5902990446024728,0.4088221428705815,0.16907079129143154,0.5194356093100754,0.050765253217805235,0.23999631106937788,0.057454873818816914,0.02735151427256606,0.23107733652080142,0.30890668887438594,0.10838036319142312,0.5088074379014502,0.0411843652514179,0.10959103234354776,0.0707764022930154,0.03175943439375853,0.11864336864808983,0.04959285972219115,0.15184392785921563,0.2467715513892604,0.33023808100948365,0.09016914379539033,0.05918013548718839,0.251122891051356,0.20034221818877734,0.09968725542453584,0.021432054417090163,0.01985561444717024,0.05122724761236531
0.9656783275062357,0.9464379386980832,0.8990162598891629,0.8812690355212869,0.8581197493675125,0.8019349653166474,0.45932495891027525,0.36050221300354707,0.030303235198878453,0.1599483376585985,0.8485513366294604,0.2409666084188924,0.5296353823127239,0.47067816087804903,0.20911459546524805,0.5805371258113325,0.8818851927947301,0.8291468655437938,0.959702791544166,0.9510660883101083,0.9264928682743176,0.8011107361545431,0.8490816131424852,0.8292992487081225,0.5608162693956114,0.7798223854421003,0.7391784417724871,0.5609047718182937,0.698745745190464,0.7523033831446296,0.8002183881618466,0.5084272779469107,0.5186577295888443,0.760818917031552,0.35923652462195776,0.93993747481005,0.5389137936110587,0.97817304497358,0.0302207863046307,0.9991461542680126,1.0098483873827742,0.9110971745807804,0.8708186586493817,0.3603946352167377,0.03110161283144261,0.5614341212418047,0.597785473411562,0.500971557977879,0.569266415486189,0.8315396296644342,0.028103372680928208,0.30000668068710895,0.18984015645697877,0.21217378683789065,0.08095618959194352,0.15051718414566465,0.050206507289266955,0.09733711306466206,0.030685095770986485,0.8398691378561014,0.27028695365118194,0.019213352887103564,0.010572043441551089,0.09987732368617162,0.3697006404845108,0.008991186712258709,0.08047363773839614,0.08079994714157561,0.088814280143772,0.04853027174963299,0.03215901786970874,0.028545002383222794,0.2467907317472427,0.2995102222671737,0.9284251512203558,0.05131086952903404,0.912380306246581,0.3308485417290753,0.2290524120987535,0.04954432866295276,0.5510783251825537,0.27265567946411706,0.5391392736213003,0.9297224814035753,0.03962088399905367,0.5101800216188209,0.2614651220676541,0.5685215029600518,0.40022931319956706,0.15088368365369903,0.5302186345616106,0.05746083409408413,0.24769886844786107,0.05847082450493444,0.028198315041426433,0.23974673178059527,0.3114779969057398,0.11074365677320754,0.5200247424340898,0.0406292468549302,0.10999745448912186,0.0810036004399225,0.03213776532142397,0.12270517481346964,0.050410646702711705,0.1594472023253011,0.258978477044794,0.3501471603291463,0.08880216008483399,0.05999910828770862,0.2712055015491203,0.2208450087058415,0.10919033240672954,0.021425094886275874,0.019016982098461345,0.05138075650283475
0.9483576769443272,0.9092472232445922,0.9662117375914114,0.9881808056433047,0.9397497614485598,0.8113061342652805,0.48138604516485906,0.36837393808738034,0.040422433333116216,0.10035212673237555,0.850597914870618,0.12204309595857929,0.36794123283933655,0.2518664930964572,0.4309250418390132,0.33875896044869835,0.7116822183192943,0.6097427269902895,0.8590037517598624,0.8097112994950969,0.7713555116737083,0.5911063445712008,0.659147524022201,0.6888755375285885,0.36972761014338557,0.5702472875720876,0.5812240577725594,0.6491424824034191,0.8790062134935178,0.9010406760081384,0.9012131773457214,0.6605728764629039,0.4383510118182307,0.6106011148265005,0.2095569960300149,0.891396505787943,0.34816284306365247,0.848291729259121,0.059357209976107994,0.927253178251571,0.9110971745807803,1.0094799540156267,0.9914652871170127,0.628695308575256,0.04880402703135994,0.7128342303260417,0.7776740901182096,0.7091061245560942,0.7982480816752742,0.9172541833964616,0.009773634449291028,0.19030712879407113,0.31035446226199404,0.3899389008790525,0.15884505807183866,0.08962151441789619,0.10338615833875094,0.1977929509322109,0.07983930885585212,0.7518034331087151,0.30135351877244815,-0.0008998965623992779,0.009159667676380502,0.1908472359011992,0.49812513122945395,0.039938450234493446,0.017734234695906008,0.19008185687782314,0.21130789266091352,0.14890399346654304,0.050020062523928474,0.07074102424967724,0.07101709294915759,0.1016851143726814,0.9499243626532996,0.010445979528008362,0.8998477157825742,0.589372811865575,0.35878735574635706,0.02965485242994901,0.45168279349879276,0.08941722216193917,0.369793199462053,0.9686775271158686,0.049767139544939804,0.7612338101742212,0.2797562306384244,0.8087447602307803,0.6116892759059146,0.3515074381150849,0.5094427606312925,0.010045223983252399,0.2484092740231519,0.011377876344276068,0.03111131104365156,0.07833620576773342,0.3729941672597339,0.019850919837573106,0.5099610473594124,0.009749552023967671,0.16097183977996224,0.01058598574555328,0.06950406612828562,0.02084386938382106,0.009977502855706286,0.03925329298755449,0.0918570360170177,0.12906272323909748,0.02052132412586349,0.08915199787466935,0.20016966571411327,0.14938233896600503,0.090131346262042,0.04134655795156632,0.01758387958895206,0.0102890420410004
0.9273224610489726,0.8901005316447113,0.9667503327334029,0.9969309229897011,0.9499884340942456,0.8186056397523838,0.4682614026320026,0.3518733610520153,0.04109580881896414,0.08959588399062361,0.8294317392189074,0.11065579512633285,0.3481246854022599,0.22056233188092514,0.4912204070147945,0.2996915623459607,0.6813370111475815,0.5613226331700083,0.8280412588308504,0.7681440699930475,0.7388072235563923,0.5308030960432888,0.6023879670163471,0.6386175254624634,0.3194804228360876,0.5110323755460304,0.5294820000483776,0.6389157147910085,0.9093977991221983,0.9217082215380014,0.9105607106886974,0.6607063039239082,0.43178135585958377,0.5822198176202573,0.18918581680903707,0.8612838481727835,0.3199080978714666,0.8086813482606237,0.05935443136981111,0.8896663234210909,0.8708186586493817,0.9914652871170127,1.0093889584163633,0.6790025511391762,0.06918603971737951,0.7206751960693363,0.7898032105684234,0.730929474221625,0.8208592770910331,0.9078425139130927,0.008938328865498057,0.1794190520797817,0.3208011507448403,0.4199128100751109,0.16931536904729894,0.09126604705270118,0.1123773321237219,0.2086214148740391,0.08952158556143046,0.7328460662769477,0.3194482767075692,-0.001276317344119452,0.011532754293602619,0.22924981783004736,0.5299419010839771,0.06116611600519696,0.017975250808378723,0.20882229407247901,0.23879514394449267,0.17089820030347033,0.061525552836443606,0.10064917527924233,0.05125297625295442,0.07867698585520186,0.9295503939267987,0.011377152998158302,0.8899453996678715,0.6385159315022028,0.36974105406548285,0.040513783704572086,0.44768239800093135,0.06859982166240311,0.32856885351415155,0.9506157795906099,0.057366098278926414,0.8076809480026402,0.2924791646249986,0.8499729556569119,0.6391193194031385,0.4106713409885044,0.48012452916137266,0.010951213975587027,0.22923110584543996,0.010522000621031903,0.030881316541116963,0.0588219240014971,0.36067691179124883,0.011522528153471556,0.4795736800973478,0.009487235183760986,0.15973675739420184,0.008472718053339146,0.07141151657883153,0.01144269583854883,0.009422823097632012,0.02854755789931983,0.07163364674648727,0.10071615843673327,0.008767564096906919,0.08168228950413822,0.17153292450057822,0.12123194140873718,0.07837642424879844,0.040805488364610495,0.018212323684111156,0.009182212500319272
0.46188862982740236,0.438655158507453,0.589466439478988,0.6498382771887171,0.6016273416101211,0.4596786003981203,0.27054467516724906,0.18037994142648867,0.3088935784907952,0.03863238482343653,0.41088920404107937,0.029132126049581958,0.06095345808627457,0.06001196449631419,0.9094872249798858,0.06143282306508298,0.19893913285750395,0.1283984646251443,0.338817397482348,0.27120812504629216,0.24064450920670455,0.12191325690122554,0.16891603304741068,0.21882069416943956,0.058426327507755435,0.12046557143460045,0.1485217684152661,0.4595676321191389,0.8098215718162017,0.7411192511326697,0.6606219662399518,0.6103167463555518,0.16993315506810108,0.18078449808469152,0.0104404052263447,0.37966517976365644,0.04938895600565447,0.2909524860886227,0.19014442755751676,0.3805924586714651,0.36039463521673765,0.628695308575256,0.6790025511391762,1.0050366535004789,0.5103234303415551,0.6094164194520496,0.6985949203084894,0.7706001214639175,0.8486562060371897,0.5607937553346971,0.07982728337865007,0.02992338109189446,0.44056856308008996,0.6609837732219426,0.31108330690343355,0.009595873713080872,0.2594326211597429,0.3998444453954685,0.23870733278211836,0.30009004493107677,0.2502386634305137,0.0397798400189579,0.1191149488401276,0.3995998211746613,0.5604080641910856,0.2004556849200387,0.2812995826541395,0.46071975186097464,0.5399368162906258,0.54977253337756,0.4696808120172807,0.5785842730893436,0.15915955426433143,0.12141835928640012,0.5005032144591566,0.06128266247452686,0.4586043038068737,0.9681899148154169,0.44960250833731746,0.44104506329903315,0.16064898429105204,0.14011524675906015,0.07107050040065518,0.5392742157420555,0.05194911090814689,0.9586377231106138,0.21774557589732896,0.929342157364892,0.750664337525992,0.8795073738761856,0.22192612651990537,0.23086828605881482,0.10942436421556886,0.19764963703308716,0.09866148964006119,0.0696383588857196,0.2591066614074851,0.10790149516100682,0.23089366588731877,0.10186539248574006,0.1592137066627594,0.21066551807601644,0.1403830838037608,0.14094476647137708,0.07890804924995196,0.07174159516089841,0.029173363172806947,0.07822723831317556,0.051202095785091134,0.07908520666602724,0.04083320633610664,0.029649655714649333,0.02001537965909723,0.05956193079887694,0.07314800924444742,0.06945901575690236
0.028006100279530637,0.02859413631281305,0.050871726998594956,0.06228029609078927,0.05911070182315756,0.04121684951192273,0.019465798586775176,0.03174339009997617,0.459806397608062,0.24933411000064967,0.01822416193674042,0.18865839721409358,0.14982582018860383,0.4604789292669832,0.6605798785693037,0.4304590718268127,0.09919481840786075,0.20890980674966167,0.04102701321654973,0.06915265262245529,0.07042434029218987,0.21006869648847568,0.15160977844236925,0.09950785609379313,0.34994571115657946,0.22876322094886206,0.17078821271684455,0.0401925583805424,0.1898755231062019,0.13904873793857994,0.09069090881962748,0.10981628674440905,0.021095395326986177,0.03939266378955241,0.07993345973199986,0.03172592662982849,0.21034406164305275,0.05957161127679372,0.14984183145031746,0.030277691630330325,0.031101612831442638,0.04880402703135997,0.06918603971737954,0.5103234303415551,1.005321126610278,0.0781096180954649,0.10952378722137486,0.19128042773220172,0.21130808532488396,0.029519543381131812,0.13141054570582683,0.10133653285317121,0.15933764765379033,0.3229528138486459,0.16145600207445718,0.05000413337089321,0.16887682015357658,0.22892650413945442,0.17998703096292795,0.019743367581683106,0.07960571805276884,0.07098788206463673,0.15834646447557119,0.3808789221510473,0.24038511711722416,0.3587035188963955,0.6903323531056227,0.32191231180393537,0.39796496651258584,0.5498274664012194,0.8206174346477486,0.9764562015877465,0.8103571788350773,0.7398292436582137,0.02254548191159738,0.1487694041702798,0.020194516506899872,0.5089831875114221,0.12868159774927707,0.9370635128123983,0.019910988609888193,0.7889475936369464,0.31971938950739737,0.02997937222532385,0.08005360818720238,0.35951630714943533,0.08934403150545135,0.3191826193163415,0.239788553913446,0.7501841109993489,0.04968558745716667,0.47997887787532606,0.05098522892921641,0.42917593929990727,0.0794734897436055,0.4084828224103626,0.02063071189284382,0.33193631614756114,0.04898123901509872,0.1999364406462031,0.029019825095885948,0.5212938830239864,0.061299290415100634,0.4403159703753639,0.1513465415065724,0.3193311366761838,0.2597507488646287,0.5715718104184249,0.15872622113624554,0.010491909020790635,0.23951192947334918,0.2604240642087643,0.1304543019620624,0.01919985276890332,0.0702153875994642,0.13044104484931676
0.5372656429511543,0.4713133228605338,0.5784545584356586,0.6698084012417789,0.5409896894839797,0.3606420578035462,0.8198254254055958,0.7189014558559832,0.27960196882247834,0.2901561979600348,0.8299356658241617,0.03937565404984997,0.07074476495042996,0.06168219365506385,0.43961655066811417,0.13955444603903264,0.3508480796467211,0.32884052535570896,0.5493248384701004,0.5116147270346948,0.3811873171111131,0.4501103605819854,0.4994394111832028,0.6013884433410696,0.36958136713124506,0.4501034669366353,0.5684117785859534,0.9196311658743681,0.7084643652538796,0.7001522709405871,0.7300541541622363,0.9201587092025201,0.0798398684603573,0.1897660014904078,0.01144804585019158,0.7277124426050849,0.06845516270356422,0.5289876926329713,0.4004348533357815,0.5611311152975337,0.5614341212418047,0.7128342303260418,0.7206751960693363,0.6094164194520496,0.07810961809546489,1.0077622223447968,0.9865179895511069,0.9487278841406629,0.9081768331840717,0.8798738423357312,0.23884965094014693,0.029264653973099682,0.78080841096456,0.7791506378915292,0.6079293153040604,0.051428524488979034,0.5111148663610251,0.6302811905391085,0.4607396841925514,0.29873841980671645,0.03960373283648683,0.2010716104309582,0.27896528331137554,0.04139171689613748,0.16882810748337343,0.029074036248492086,0.10020725402513203,0.5891475393734741,0.5894122622508993,0.4504726413927789,0.17984768704118534,0.13070279549701788,0.011224126497090819,0.018883999227585605,0.7891877669762916,0.17080650630831704,0.4600546735884311,0.6618863146598001,0.8005822198352736,0.09163177335624921,0.07939624658620939,0.028835348011165732,0.4121183664909061,0.7794059697886331,0.059286906821400406,0.7107826309413195,0.031049743400738388,0.6607537709962241,0.8994461657915407,0.3900522315887348,0.7296457358969819,0.16048495961162174,0.5592858855089524,0.1498900675558864,0.3083713842027374,0.02021766620034462,0.7801122786247863,0.10064777891885479,0.7697847075783201,0.20026599631849085,0.530654474630707,0.1090709442413219,0.4106340500699474,0.07092714936255945,0.17968001830934416,0.05894791893199951,0.019253613525386265,0.010144433508191239,0.12991354896030494,0.4498537986661038,0.4005895283499744,0.34978389295769113,0.35066451558616507,0.3594571984568319,0.279741300529353,0.18104221502894433
0.5921195334036412,0.5289468781931571,0.650224638907872,0.7406917295085683,0.6207082365569697,0.4280250768586448,0.7481519170170781,0.6309048920564724,0.2597567696366758,0.21094646965785213,0.8292334731850244,0.030740374377748108,0.08904827807180325,0.06978494402798974,0.5204356294818792,0.13981374394960525,0.3798396607403422,0.33170676600079946,0.5793848733093467,0.529650353727409,0.41956060303754705,0.4282404805191165,0.47981133361756384,0.5796108783818066,0.3193203330936803,0.42112078655794655,0.5231393833599183,0.880491798840894,0.7812208705402319,0.7687751538396053,0.7798583119567413,0.9099890709180795,0.10951652346844051,0.22116753837751268,0.009789814089723535,0.7403147728140341,0.08136059899219768,0.5511116243824409,0.34053536398045753,0.6007075472531401,0.5977854734115619,0.7776740901182096,0.7898032105684234,0.6985949203084895,0.10952378722137482,0.9865179895511068,1.0085799298457565,0.968450911880265,0.9583787177128154,0.9089956052408615,0.18123364729356967,0.02913604314655657,0.729191498923416,0.7691322071651013,0.5419847436767817,0.030163557299653036,0.4490483817678109,0.5807409143322303,0.401674995920889,0.35039544305765297,0.07081373423709258,0.14929860908897025,0.22938366853474587,0.07024715331125467,0.23944970519116143,0.009284992548428083,0.11054641952217502,0.5582434842960856,0.5703483456935683,0.45117460432225576,0.20127221565383327,0.1703661459415744,0.011879128913810844,0.01693430428711212,0.8196530214426162,0.12788393552626517,0.5209420752201661,0.7396033639661613,0.750701493796737,0.1192106892323687,0.10953872641649516,0.020462528230736788,0.3580675529440357,0.8109288638614314,0.019532971904770935,0.7908100418841029,0.0508675743410115,0.7511245676864267,0.9092760480565976,0.46997795674645926,0.6602569963080079,0.15860197912775398,0.47196673818461504,0.14034960675308644,0.250591625010546,0.020423661834579727,0.6982605962088464,0.08757381287546807,0.6993812288564468,0.16104067124683025,0.4590802331954293,0.11008973628960829,0.3490544199301374,0.07000519201496104,0.14240904174643168,0.049578103076363636,0.009919797893403512,0.01110677876999508,0.09964558996575884,0.3609633802638572,0.31956246783789,0.26100250751979853,0.25905076588427794,0.2806157093956924,0.21816361267155848,0.14068340007914035
0.5184653193932574,0.45995520689670893,0.5897250018877697,0.6800848843161027,0.5623227033178119,0.3793046767098132,0.6588970576572718,0.5415831418935274,0.36056621862156324,0.1399577841009162,0.7103641849054982,0.05971622454010778,0.058920680238107044,0.04935644918564119,0.6299555791173325,0.07970064241285345,0.2791131132189208,0.2320406128073627,0.47944343732964195,0.42882128367830763,0.3184915878711532,0.3220674478343781,0.37932467041245144,0.48065358589920254,0.2283581482563149,0.319239350386843,0.41863879784982755,0.849740133948099,0.789743346964417,0.7607119856450577,0.7601496688683643,0.9288726726488282,0.08096811729736916,0.17157578257406308,0.009240047195133093,0.6203381323025197,0.05080598819793753,0.4403025481486465,0.40026656473360567,0.5098410605230221,0.5009715579778788,0.7091061245560942,0.730929474221625,0.7706001214639175,0.1912804277322017,0.9487278841406628,0.968450911880265,1.007051245857507,0.9695805869133931,0.8099676583673374,0.24892135772506097,0.03126620401810287,0.7885547638125957,0.8698320873180974,0.6205532823364512,0.050513017987902746,0.5309969264284484,0.6797302095976654,0.4903427659561962,0.2714986714650662,0.04963638653176537,0.19898283252357632,0.30124534723048685,0.07811471166820311,0.23175759433599424,0.001243032870744131,0.20049534317289883,0.6704285929965232,0.6993654562891788,0.5899172667332039,0.31796304097834016,0.26994257975453645,0.028111383992147618,0.02039838148122629,0.7201612972855599,0.1895863690898986,0.4481553490924494,0.8292104362528007,0.799579294913299,0.2107285277789764,0.07894232008363783,0.021095425562879917,0.25101797582138,0.7307689642133833,0.009637596011920886,0.8485694816276363,0.03977120628529548,0.7886330823308824,0.968812048804039,0.5704143230514133,0.6015368069287462,0.2505006036473665,0.44014814555941545,0.22938743437643522,0.28980689518118335,0.060178052247042556,0.6689584616448883,0.15082097524568136,0.6302290485341234,0.22908643239918197,0.4803002137867756,0.19063129671189752,0.39031722036463673,0.13936538504692034,0.199661140387293,0.0991630983986668,0.039861041472511384,0.020493341287629193,0.14102554457626193,0.36037986032669783,0.24910597393767764,0.1997873439882093,0.22029397517701885,0.29929489555138133,0.2611821415800783,0.18945275083946947
0.6088701252312777,0.5522615606573703,0.6907229426585418,0.7799307701325464,0.6772299671475237,0.48276103241667495,0.5808008463294784,0.461187839699962,0.2809149423350863,0.09933759721528132,0.7291219137435719,0.029677398110657303,0.09020497939860295,0.05869371722155201,0.6807349727097354,0.10002627979908824,0.3407600293113561,0.2707702264020216,0.5398824645312787,0.4769314904293958,0.3891919806838414,0.3282285374778476,0.3833905283256616,0.4719070738069175,0.20164925002402564,0.31958300779176707,0.3983208809025217,0.7800418497225247,0.861183944388226,0.829205999239548,0.810122590581515,0.8701389085117432,0.14164289514576167,0.23779404564566903,0.009064122942424176,0.6620458363262193,0.07251926863120928,0.4996401249085036,0.28935733114350354,0.5810319022647341,0.5692664154861888,0.7982480816752741,0.8208592770910331,0.8486562060371896,0.21130808532488393,0.9081768331840717,0.9583787177128154,0.9695805869133931,1.0083936929741073,0.8485799342660566,0.14054814277497826,0.02818083328149628,0.6595008381357609,0.7800701538004542,0.48007164495161536,0.010993706615101457,0.3984151918422087,0.549694619699948,0.35946484853612726,0.36845529358481566,0.11980156058821104,0.10063295553053,0.19102398134593299,0.14913372537205896,0.3504590705403997,0.020314098888971815,0.15990793748603613,0.5503302490181994,0.5914422312993161,0.5088760891216104,0.28987695564085686,0.2897476650808485,0.028736729484735858,0.0205458389002358,0.7695372472303037,0.09997819187284308,0.5513705103560053,0.8697477126492694,0.6804713183596597,0.2085839091483055,0.13887565300911123,0.021023766256110816,0.22905262017971098,0.7816501335936086,-0.0011902099208622498,0.917483818979153,0.09111007837046459,0.8785063307021508,0.9188471257622618,0.6207446824258903,0.5280733023019536,0.18057512918335789,0.34081159305825687,0.1598269598393501,0.19089498492003482,0.030657486205333897,0.5592365216173056,0.09124037030640202,0.5496284166507295,0.1397690846173138,0.35989638373670535,0.1406929319237746,0.2809242309765833,0.08883477485170817,0.11837354680865823,0.05003145673854373,0.011185483072250212,0.019151325936910334,0.07933985487704127,0.2501140581782596,0.18180357178090856,0.1390341007394228,0.14009740646089489,0.19029278553793139,0.1600685796251844,0.10919678950349826
0.801473418655761,0.7409141666286888,0.8116567257635663,0.8792766124334269,0.7787650921107679,0.6001293034115404,0.7274577189359831,0.6007706662047355,0.06883587121303353,0.25008461994874265,0.968520061076688,0.03933442813342527,0.24942940826838159,0.22082391583774263,0.36010200067003484,0.3391836862848297,0.6476789783758036,0.5902157168959548,0.8012695307925031,0.7694844928751322,0.6797296692770357,0.640407143328268,0.6893750266867152,0.7495956317500253,0.48038526549978405,0.6314482280431165,0.6984610326905376,0.8113358005032144,0.7785735185401715,0.8008201466919256,0.8304339627131503,0.7790800492672783,0.2386374330086512,0.42092471428922895,0.08013159178282361,0.9392318181726875,0.24180559203044835,0.8024541704258318,0.14030388130788096,0.8376200470125597,0.8315396296644341,0.9172541833964615,0.9078425139130926,0.5607937553346971,0.029519543381131778,0.8798738423357311,0.9089956052408615,0.8099676583673374,0.8485799342660566,1.0100447751736061,0.031645871169612955,0.08109619006349579,0.47989315957051304,0.500694072494006,0.2993270027496664,0.018443863695671997,0.21798465922492752,0.32080756704333463,0.18037879680705274,0.5791601481958275,0.13949150485187786,0.020654200364768012,0.05792956315493081,0.07906480443898412,0.2908567873965578,0.010504569815432567,0.011080386038115063,0.29026952104049136,0.30033429095567216,0.20123824544323443,0.04814031013705523,0.05055786896407274,0.07962779113353032,0.09898223568369441,0.977331287415641,0.01013966961876883,0.7318277846198779,0.559236906828885,0.5302192885480698,0.02171893299184924,0.24992247963411782,0.10930485971942125,0.5201349531868753,0.9574823510888907,0.0011539167579769766,0.6922639503313589,0.10951087258833272,0.6999853571388236,0.7094913644475765,0.2995214194808028,0.679898028825425,0.019311317737460504,0.41966142004003426,0.011495551057672831,0.09972049088049227,0.02202105324935024,0.5802076160316001,0.00021848756481095363,0.7013458112770341,0.021232215415194208,0.3092550951274836,0.0076264373525578785,0.17963863385256498,-0.0008689359908321408,0.02162463432576977,0.001536889873182284,0.027720206911355908,0.09070013335358619,0.00689789137875986,0.22973691296493481,0.36992655266250685,0.2999361268414881,0.23065458132510372,0.14970818507166236,0.07123978401516198,0.021419728028247004
0.04019156654152387,0.06101090162752095,0.02995076595899383,0.009345209358942388,0.03098181668625034,0.11024782489545835,0.2590405659487681,0.29036812416504526,0.7893600207534779,0.1605419040764547,0.028720586440353163,0.8193734418946376,0.5287750637459416,0.34043621702428,0.10970951255487654,0.1808301732473329,0.12851991509054483,0.08911990530027306,0.02148990407076951,0.029187763521752397,0.11155886247488041,5.403478537054492e-06,0.009109378676843527,0.01959798720262968,0.008707636818574864,0.00065861855211877,0.022308826178717156,0.26863793422132964,0.028441621153408536,0.020638381130560178,0.03110278821875481,0.2913045531984272,0.3604593645998466,0.22751180670488547,0.5712328288217215,0.0029463098977820542,0.49158549642950683,0.031181516863243542,0.8890735774888743,0.028929260573705214,0.028103372680928176,0.009773634449291047,0.008938328865498063,0.07982728337865004,0.13141054570582683,0.23884965094014693,0.18123364729356967,0.248921357725061,0.1405481427749783,0.03164587116961293,1.006937454854226,0.7699659516410851,0.6710108672180525,0.5322954197989919,0.8307839975223263,0.8578085475796784,0.8866725838708687,0.7795786835612596,0.8995447094326773,0.20117815874356976,0.40102187577242476,0.9202321387786215,0.899620443983611,0.16974317630022417,0.14932693451081658,0.2205274696897165,0.5287639464184408,0.7483359694919616,0.68094515320159,0.6305162512589227,0.4395016198274856,0.18934539767546443,0.15052574510600594,0.18899425541668732,0.008075690459552245,0.9777573013837332,0.07943961865168879,0.1593755174788331,0.5886328645120434,0.2695150479463581,0.37091350086192026,0.11041329660164777,0.018840924614651144,0.010155703907171493,0.5193457865125466,0.07060176307531817,0.3892674072215573,0.030194822375055993,0.3298869598297369,0.12032885190867706,0.20967443265540323,0.6901072361533019,0.38229853836303207,0.6928354191964311,0.8317415414871594,0.5799484014481792,0.4500871239925537,0.7494102316664669,0.22982795033848258,0.8699909187229268,0.6101156399204755,0.5991047136589618,0.7491450800422743,0.6202271111189575,0.8016026652465279,0.670048368864014,0.5888705270696334,0.3205734767614479,0.8086233620733005,0.6807463798538123,0.16962187709048682,0.1801024939141444,0.3796206901302105,0.7390935908341155,0.8380590897409601,0.8312968665546008
0.338568219892969,0.37940289131809546,0.2910994494046814,0.220676210973284,0.3099121062307632,0.4486775427412997,0.030518007434077038,0.04902054561658979,0.5792996525750176,0.030681723072763862,0.0901686218153917,0.9695714717184433,0.9090739220907421,0.6398039811971205,0.029557423172566794,0.4899959483773419,0.5288504757287801,0.4206584905764481,0.2924060767709162,0.2996850822918813,0.5019272489881611,0.16068254541933402,0.16680807130381628,0.09029027547563943,0.06000645496045709,0.14944054186694877,0.07058909217361087,0.028688808521348936,0.08158654429297826,0.09879712419067363,0.08933813726722593,0.03861317434256757,0.6592062963486092,0.5818929491362774,0.7804783245115706,0.16931463460453816,0.8671100197051488,0.330024367301795,0.5611519097674389,0.31039142944335235,0.3000066806871089,0.19030712879407116,0.1794190520797817,0.029923381091894373,0.10133653285317117,0.029264653973099644,0.029136043146556555,0.031266204018102865,0.028180833281496294,0.08109619006349579,0.7699659516410851,1.0076874369898736,0.25909618522581845,0.17953686491410287,0.4212701872891262,0.9372125685453316,0.5003413102099187,0.37914507431084477,0.5401670939878016,0.6289510545210617,0.6190993565603493,0.740213797074066,0.6598977735981272,0.24959259257870373,0.3615219379004925,0.2004378627461199,0.48828408550761,0.37275168658810864,0.3289232053302752,0.35004420969249694,0.33005517442272037,0.12829457525924687,0.26004098718264307,0.3309888393461206,0.13949014665969345,0.8475994645593224,0.4290177664614871,0.028901961260444357,0.20127200643425627,0.23069327944416917,0.6900524009606809,0.2300640864796449,0.050316499043266356,0.14142444539456445,0.47036870156310373,0.032094129352877816,0.5596003868990768,0.059980289167864555,0.06115568196337103,0.029822189241609114,0.020559324245764843,0.581746228005013,0.10929956186431158,0.5994622418246423,0.5793341425436673,0.6895664184469964,0.1203894177282488,0.7101486576032198,0.0225963802833588,0.7093886619725384,0.27873942262735396,0.5485663126199669,0.4399236042806726,0.6212988096500358,0.6635941687556727,0.7009048945565606,0.7088267306543038,0.5004129346214318,0.7289897039365734,0.3593709891808624,0.017958303104627222,0.030304147439932084,0.15035155989372018,0.45107476483901676,0.5988631370510842,0.6889651337293037
0.17235722207155998,0.13975768664485574,0.2095251093835667,0.27883972859038963,0.18930914583522773,0.08972718164742383,0.6591583095867848,0.6099873851793418,0.6412828688060643,0.23939740355911082,0.42911177337220674,0.32687855113620085,0.11176650409709293,0.07963303691590916,0.3898669401417017,0.04064567357669265,0.07190720943877353,0.06938235136589624,0.18038869358841614,0.1601882604127413,0.08053310826751957,0.1684862111123856,0.19026997381073782,0.2980837259619165,0.16844791697164427,0.1707730461040252,0.2822710224077746,0.7609425654847213,0.39872336088685634,0.37111802220695583,0.40013315486388035,0.8013111314690333,0.05040328168367115,0.03906201904394219,0.1680608808189537,0.318147408877304,0.10978716540854988,0.16044894620678835,0.7691434044122848,0.1890272369765466,0.18984015645697874,0.3103544622619941,0.3208011507448403,0.44056856308009,0.15933764765379038,0.78080841096456,0.729191498923416,0.7885547638125957,0.6595008381357609,0.47989315957051304,0.6710108672180525,0.25909618522581845,1.008941995178255,0.9279756114527535,0.9575457847916825,0.37127745361825437,0.9085405063260109,0.958740412133538,0.8793215299913608,0.058009217998054786,0.08035127434039534,0.6185611445434056,0.7013634763387323,0.030910451928929984,0.039355484109082475,0.08864655105619822,0.3705907564968834,0.9173712324200562,0.8808101691531988,0.7523332069978729,0.4180571359811967,0.2413657525435323,0.04871990390532517,0.05165335464150915,0.3716834504306445,0.5915775249148812,0.12081894144577246,0.5612673903135035,0.9475136225225398,0.25034143684550414,0.05126929588104837,0.03003275443677559,0.2006096159868229,0.36917839628401156,0.2214025137642121,0.4796757985203751,0.06949939419970703,0.39160874912366017,0.8389100584706732,0.37857715269392433,0.5801703774397742,0.509476974110921,0.6095514881127946,0.4990950608350346,0.6688598711993137,0.2582917744418704,0.8099062023015736,0.44168696359488924,0.6205643234955986,0.5982365216747246,0.7513129377906292,0.41052532578179507,0.7296816487735942,0.37012322813861503,0.5399273011570687,0.3518517579181493,0.24030202116777954,0.09980458645291143,0.4800783601661009,0.6997613574515631,0.33985603101420914,0.3114890311373096,0.4495348061983326,0.6691138843065699,0.6508956109881475,0.5521999718524699
0.2285728311542319,0.18854369842565552,0.29114334154746246,0.37054581706813,0.278067174640025,0.1507973330775048,0.5098189109453637,0.4310645275189719,0.6687617642452559,0.08901748163363979,0.40849381987094124,0.26046154872177113,0.09014519825834094,0.11121282412873736,0.6302028474963222,0.060710219317733634,0.07826685626405054,0.06906324837860796,0.20102519340070843,0.17023415816291754,0.09001978193323062,0.12770381500459113,0.15932018534870646,0.2591820368803066,0.09078632808179622,0.12245410555570589,0.21100964181489798,0.7194423845998998,0.548662278740111,0.5010411105082584,0.5013483519075186,0.8307275248844395,0.021021713218529997,0.04819864748878393,0.10005809626290953,0.3133758587050876,0.09976545433041256,0.16988834379642184,0.6504751397786395,0.2191784705107538,0.21217378683789062,0.3899389008790525,0.4199128100751109,0.6609837732219426,0.3229528138486459,0.7791506378915292,0.7691322071651013,0.8698320873180974,0.7800701538004543,0.5006940724940061,0.5322954197989919,0.17953686491410292,0.9279756114527535,1.0087841090310743,0.8518509951308656,0.23979640626227627,0.8005307365857377,0.9166874954991862,0.7790784000906431,0.07139136839374742,0.01940544132898604,0.46028705715945006,0.6004091150146315,0.030686163992196102,0.0995150293497635,8.513900219584444e-05,0.4690232891271277,0.9297962990307265,0.9476729554793603,0.8691446119653995,0.5728325142614618,0.42809228643396563,0.12001433589101103,0.11906556673766523,0.40005598156176664,0.47870632242768624,0.17034125470446784,0.7784684789016305,0.8882167439240384,0.4084412350581621,0.02067928251617354,0.08837578976953499,0.10922333563748092,0.41874288794298997,0.059132272319988494,0.6784234775635484,0.010221887691639104,0.5811292671731341,0.9289934246219893,0.6097850471993415,0.4702055719548037,0.5577176169796225,0.44057676737354967,0.5300632707902548,0.5211070604063979,0.26943108536503135,0.6508287735272261,0.429941135886137,0.4983837609773187,0.5203904783669716,0.5999159822835711,0.4715867288193727,0.591388796671375,0.4009649214333453,0.4589297027090745,0.34172467769600395,0.2189377470514819,0.14142014445856319,0.3901809162922426,0.4808883201338805,0.17198063169078806,0.1486938283541825,0.23966224570185324,0.4689699596994129,0.5000463726259735,0.44854356502929493
0.07069581262162818,0.05863991985652972,0.09094670369158794,0.14083506764714132,0.08112445513031478,0.03868373437843189,0.5307863283402251,0.5099676868865965,0.7391247993072496,0.21991943228622557,0.26087999249322597,0.49120006237625335,0.21964457530203418,0.1486478727966593,0.3097359039405405,0.061740521858077824,0.03909757778329441,0.03128659536327466,0.08021305994060302,0.06986538159904451,0.03956533461611594,0.08083966901177274,0.09831284780522279,0.1809645009745527,0.10165918606689471,0.08892419774633493,0.17928610597897401,0.6196906733912455,0.2505507364351204,0.22814443113924934,0.251643317953309,0.6602584085828025,0.11055577272069002,0.050128473175057905,0.29032798277171046,0.17129046166527834,0.20990293154572703,0.06849315106214815,0.8607212417068049,0.08130228095880943,0.08095618959194355,0.15884505807183869,0.16931536904729896,0.3110833069034335,0.16145600207445718,0.6079293153040604,0.5419847436767816,0.6205532823364512,0.4800716449516154,0.2993270027496664,0.8307839975223263,0.42127018728912624,0.9575457847916824,0.8518509951308655,1.006982023328029,0.5492580645304767,0.9872586665213874,0.9785570012133961,0.9692847528694143,0.04960797315520977,0.17016311347882462,0.7809750450045325,0.8492914012289612,0.061070355877442105,0.03996326894546349,0.1392221512212661,0.4604569370832516,0.9402428370666559,0.8900193788513966,0.7803379940271715,0.4616396649588452,0.23868597572910566,0.0786915298651994,0.09051570782905045,0.20872441879169282,0.7672722596927146,0.05035033984709049,0.4372815203509888,0.8887331221905238,0.2786492725173929,0.12016959721205402,0.05081858313269314,0.12849285977634964,0.20950747758001337,0.32016171908659147,0.3313259843531758,0.14923315541845977,0.24896971410464686,0.7001979744713195,0.3004236222247285,0.47933470526701716,0.6283478298566361,0.5821254317278994,0.6190932609286363,0.7792865608775643,0.3794079353395869,0.737933335666189,0.5892725147707969,0.5110786403264898,0.750596029978498,0.7790050988196423,0.5209814870963383,0.8110667468773596,0.4912695842170458,0.6814655479835074,0.48967476740425897,0.3686694439976055,0.17031052284067302,0.6305909736471638,0.7506354529125933,0.30094885698567436,0.2893221063869871,0.46862007990594295,0.7603507019784319,0.7789897734419303,0.7006779588553084
0.19859575888744277,0.24006343697685878,0.1781979808109605,0.12017404240768513,0.19021695962617094,0.3206647154142285,0.08999262447014557,0.12991231702084488,0.5510818159659354,0.11015408786616439,0.020328631493090818,0.8888410524335186,0.7396806598231959,0.43107639712392426,0.020536473568049277,0.28981957291008464,0.3308543635573649,0.2309007744477776,0.14913497958495534,0.14906839148933426,0.3184486891248229,0.04797225976887236,0.05178577651933065,0.020369819234102794,0.009634000923022353,0.04074482030104451,0.010025909501068455,0.08022347802243128,0.03171927997403507,0.0390210127039979,0.029801379968507097,0.08091913313793556,0.5713460978534545,0.43065046250069833,0.7201192180240171,0.058190704197406316,0.6805806942886717,0.16956885483108208,0.6404107996055303,0.16225627542169002,0.15051718414566462,0.0896215144178962,0.09126604705270124,0.0095958737130808,0.0500041333708932,0.05142852448897902,0.03016355729965304,0.05051301798790276,0.010993706615101484,0.018443863695672018,0.8578085475796784,0.9372125685453317,0.37127745361825437,0.23979640626227625,0.5492580645304767,1.005930377323992,0.6311748222849656,0.4887828402259987,0.6697166246160914,0.4787985588739368,0.6986217442848018,0.888579055965074,0.7802872863377001,0.3515836192514948,0.38969424722993984,0.34905493091375905,0.4111634637830511,0.45058652563387397,0.3893597746907842,0.3708900328149035,0.26931722553255316,0.0700274569964493,0.12973959950278513,0.18890734338095969,0.041204781314860425,0.9000613533435218,0.2923320963911086,0.020014883458251035,0.30960215476596104,0.15120611628724034,0.608317108043014,0.10838581534764569,0.010531334245549672,0.049661911822577086,0.599072748145978,0.008989835328990696,0.6005135481342646,0.029899407864961865,0.09758072297787206,0.01960906253303704,0.07857273053723816,0.5679792126971356,0.25095719361958063,0.5981052737178375,0.7085770395791897,0.590236582555127,0.24838621990922372,0.6911467302164749,0.0901947522414849,0.7809201447301376,0.4411007189344231,0.5111030224023662,0.5910673544830517,0.5796630329299941,0.7383766518865659,0.6698252967801595,0.6384855472094713,0.3520592864255917,0.7714388971420363,0.5403538397129926,0.11100910532388547,0.14017040616265444,0.3292450139010798,0.6492839017069642,0.7417185436747742,0.7698908811350045
0.03935147400533198,0.03932406288533106,0.057146546729986605,0.08884850915015967,0.050201111955838824,0.03088766186445492,0.439689056465422,0.42995615557737926,0.7694420211449416,0.18031463868336178,0.18169574624468135,0.5709348996458739,0.28006918403848674,0.1921619360832555,0.27004637320005265,0.0877208571393796,0.040264775962186077,0.03115679529562395,0.04703623904225079,0.041599169813430356,0.03183821097026431,0.04938016411227552,0.06113017612963961,0.12949869446226644,0.06875271995702324,0.051355088938371034,0.12941394423938415,0.5382244702756886,0.1897230537447078,0.16997709205619468,0.19003823105044418,0.5799535082940225,0.14865375883619827,0.07287546508830495,0.3592922065951263,0.10926590552762572,0.2679578279435093,0.037803387892455353,0.8714616083608631,0.04766207530184637,0.05020650728926694,0.10338615833875098,0.11237733212372193,0.25943262115974286,0.16887682015357655,0.511114866361025,0.4490483817678109,0.5309969264284483,0.3984151918422087,0.21798465922492746,0.8866725838708687,0.5003413102099188,0.9085405063260108,0.8005307365857376,0.9872586665213874,0.6311748222849656,1.010247208254844,0.9681930116070041,0.9962913194982537,0.05964820858501064,0.21976951602882025,0.850115275720102,0.9093793312948483,0.07861763240646187,0.04947721524488964,0.1515466328765938,0.5094620974856922,0.931280407986738,0.8789293868055461,0.788958032375379,0.4904491314799585,0.2411811288831989,0.10186751098138436,0.12919358095682013,0.14060494563404716,0.8304993436113339,0.031140210200270906,0.37973290357847167,0.8302114868851561,0.29945701131781866,0.1590492175018739,0.06937344613323593,0.08080755932576303,0.1415474599790706,0.3481429437107871,0.26786981543479116,0.18257403274903572,0.19192042435590842,0.6215058470341628,0.2710796597518997,0.41047809696245124,0.6888404166030493,0.5484080287017511,0.6822041966684184,0.822080335109414,0.4508750873011362,0.6720310689477157,0.6597604874010262,0.44021902901945803,0.8199058253967186,0.7604344726081118,0.5801960164347976,0.8300714421099468,0.561071485289007,0.7488254701882477,0.5676831590193202,0.44078654520565924,0.21935881901082865,0.7020650078179904,0.7477866429023996,0.2588683857077356,0.2514419510582133,0.4499442518569714,0.7813374824237054,0.8292380340611546,0.7674653282529528
0.09213651209527987,0.07175910952601644,0.12019950779086272,0.17262600728343427,0.11035167576805172,0.04861881218419481,0.48089209041465125,0.4486222004674128,0.7602405908452952,0.1402995677341716,0.2693386219573614,0.46060775371983304,0.20018542446349144,0.1693187355815141,0.3998915360487403,0.07886485432766456,0.04050332896753571,0.03948223019406455,0.09117953782999154,0.0791712617737151,0.039409089865571734,0.07217240231887678,0.0899325508911684,0.17210121673634207,0.07929419834850432,0.07774398444088264,0.15895416617414374,0.6307878491898588,0.3091902421690216,0.27935815671602604,0.2998473018002306,0.6988944956820968,0.08008966706155525,0.05019832398942246,0.2603370612580371,0.17881989109142143,0.2018553917030039,0.0712227551412388,0.8199017573171057,0.09877326345985564,0.097337113064662,0.1977929509322109,0.20862141487403907,0.39984444539546843,0.2289265041394544,0.6302811905391084,0.5807409143322303,0.6797302095976654,0.549694619699948,0.32080756704333463,0.7795786835612596,0.37914507431084477,0.958740412133538,0.9166874954991862,0.9785570012133962,0.4887828402259987,0.9681930116070043,1.0082576390450408,0.9586568539828422,0.040476008597037205,0.11044450448188728,0.7299710957783364,0.8302971288272475,0.028359344454690776,0.03034941429671236,0.07131026138216864,0.5197789269556318,0.9794613027858041,0.9488661698444179,0.8600714791849746,0.5482634389908408,0.31945756269434233,0.1118471380602676,0.12905236728874536,0.23110667242737756,0.7210812027900269,0.06001731414384453,0.5304906183086259,0.8920266169129685,0.35220682944991905,0.08868157197410147,0.08105508859413464,0.09196331651682232,0.23919297412860582,0.22137203983508774,0.4112508016011107,0.08935908873408575,0.3202003563613975,0.7608371622177195,0.39038851716720524,0.4502465332594104,0.6712115182455517,0.5314429345674578,0.6609867258163841,0.7391529175627211,0.3991683155890886,0.6983398044627229,0.5990571335988463,0.4809296011091607,0.7393874375982521,0.7389981490105328,0.5701697003976044,0.7775600180357042,0.5300911578118516,0.669864241798026,0.5082212099158785,0.3719588628875771,0.19883322774059062,0.6091723176493139,0.6706375881696107,0.2300035080723784,0.2172809022210356,0.3805271106424767,0.6895215745281869,0.7327523534288043,0.671737909360304
0.029457157020189244,0.029588037263606527,0.042116586225541756,0.06822044297228773,0.03917338567507963,0.0311049678949752,0.38893740185435366,0.38098717804435644,0.7805201486422797,0.14993583717811096,0.14861368446481327,0.6098102805278195,0.3192164015512345,0.22972612649656055,0.2612993816130582,0.11070594647505157,0.049306930903031836,0.03837227694181634,0.030884652958858408,0.029368949443350882,0.03941242506999896,0.029275614588114077,0.03934357705578289,0.09886842665242641,0.05095696655500061,0.030668660898434816,0.10042957233018894,0.49166456986893425,0.16082596983489017,0.14031371293963268,0.15939272526881568,0.5386000109055006,0.16046296597292317,0.08944650347592169,0.3908616553014647,0.080543522617069,0.3106113082628295,0.023945983306072862,0.8699289956347601,0.03142005588641791,0.03068509577098641,0.07983930885585205,0.08952158556143042,0.2387073327821183,0.17998703096292795,0.46073968419255135,0.401674995920889,0.49034276595619614,0.35946484853612726,0.1803787968070527,0.8995447094326774,0.5401670939878017,0.8793215299913607,0.7790784000906431,0.9692847528694143,0.6697166246160915,0.9962913194982537,0.9586568539828422,1.0096408975686093,0.07159087382908233,0.23060436674704396,0.8795794435523264,0.939273459711739,0.08007593099735548,0.051226134518628126,0.14835665718057192,0.5411911100765108,0.9268805669283626,0.8712038343345847,0.7904706796892583,0.5100053226526973,0.2513735272180739,0.1208266300488313,0.1492351341882057,0.1090279622758353,0.8590810501216432,0.026762337366556917,0.35280283461335704,0.8009390814893432,0.3178859541658653,0.1783790992117087,0.08884972831156336,0.05914438577070129,0.11140896896714389,0.3409173227912604,0.2399794041285938,0.18963529072995308,0.1679816877559762,0.5885113034940734,0.25938089954799337,0.3709329228513724,0.7219160348120315,0.5183672541775509,0.7270274894552526,0.8389191575426366,0.4896590038385117,0.6305157504141324,0.6995198684554634,0.3979847989590589,0.8522907619889364,0.7516824047941882,0.6202130235436646,0.8386265385831435,0.6087963947866283,0.7825980691462527,0.6106311045607132,0.4808691680681767,0.25121828095692383,0.7384460713342227,0.7313972533395671,0.23078115339250124,0.23002616092816502,0.43111608681623304,0.7883672935992649,0.8492322683161561,0.7988325305187134
0.8792498914608535,0.9094841502293041,0.8385554427069865,0.7789364079708399,0.8307511384647661,0.8887946524916026,0.20022569679009716,0.1399883785287823,0.12032574718223854,0.040654025297689064,0.570319406076968,0.5229332010364321,0.7962042308259224,0.5608791222100674,0.17040046383942004,0.5803924580314014,0.8996707327484432,0.7594825947422407,0.8201853160362219,0.7990299359509693,0.936351396429422,0.5415532350683571,0.5891157169771999,0.508870124483517,0.30029920657729414,0.511242869598084,0.4205286775838423,0.2399359399171408,0.5597975252900511,0.6021115277756973,0.5904477117809039,0.22031847540394353,0.7599058822216375,0.8700965992438817,0.6210836595484828,0.6927882803126403,0.760525392175769,0.8420546545733588,0.10867058746558006,0.8483962673638384,0.8398691378561014,0.7518034331087151,0.7328460662769478,0.30009004493107677,0.019743367581683047,0.29873841980671645,0.350395443057653,0.2714986714650663,0.36845529358481577,0.5791601481958275,0.20117815874356978,0.6289510545210617,0.058009217998054856,0.07139136839374743,0.049607973155209796,0.4787985588739368,0.059648208585010694,0.0404760085970373,0.07159087382908245,1.0078805480252522,0.6001945773745864,0.21831612408316348,0.15126197914170325,0.29020495753514197,0.5996338814204754,0.1302406535398148,0.15979468874154318,0.03907788972463125,0.039607295316928866,0.039182729896540654,0.06097514785462045,0.02088215678080189,0.2007948527865228,0.27942011362230224,0.6801992058094527,0.2703825509003736,0.947508933729477,0.22994517218154065,0.06961553095905783,0.05889861476976236,0.7999973275754814,0.20932762184082493,0.28806370255437547,0.6978916788771854,0.2496244013834304,0.39799830607830566,0.5497175574376902,0.4791883002070774,0.19075784762151451,0.1206412124706485,0.20051918500596944,0.17064897027003295,0.04889696438221844,0.19143560561407993,0.1510987598971957,0.398951928374621,0.09034251714504338,0.29083810830371926,0.19962708130983553,0.22017466938743416,0.030973749922824825,0.19846976261721783,0.07934013233118785,0.26977868231082813,0.23021245542857116,0.348769410641482,0.45113235907211524,0.4004155075835573,0.29930714338847036,0.06159664018950061,0.07006952564166853,0.04909754564780073,0.02062062292481026,0.09018583385290177,0.15920042393483758,0.23834686567268304
0.38163692618855705,0.4396130485282373,0.41914073060699647,0.3587420385698906,0.4507481382115322,0.5703372849400405,0.0688769046763472,0.10124146391832836,0.11017062696208291,0.2193638734363336,0.10014883649700568,0.47124903232661375,0.5092810720863115,0.1691869143122377,0.1909680227509424,0.13032326509749173,0.3412904449778896,0.19943693849545216,0.2680855125401074,0.23013183209257926,0.37066535392432004,0.07080840686415113,0.08965316913029248,0.05973181677655948,0.03932563179733361,0.05905272292090458,0.04142027370841663,0.030039659855877678,0.28937910149279533,0.28101506294432516,0.22080239587250375,0.019397915596871415,0.6995373550143434,0.5102566468173627,0.5790767215598722,0.1510994352364614,0.4209466749932733,0.2594937392846754,0.2600177421027274,0.28854372097143466,0.2702869536511819,0.30135351877244815,0.3194482767075692,0.2502386634305137,0.07960571805276881,0.039603732836486806,0.07081373423709258,0.04963638653176537,0.11980156058821105,0.13949150485187786,0.40102187577242476,0.6190993565603493,0.08035127434039535,0.019405441328986018,0.17016311347882462,0.6986217442848018,0.21976951602882025,0.11044450448188728,0.23060436674704396,0.6001945773745863,1.0030229143066764,0.5195121277280794,0.3492814627787785,0.8078860218811154,0.8692561175292259,0.6908158658901676,0.04984727589466952,0.06965954338266213,0.04045174952495046,0.029591094721027448,-0.0005160856929455227,0.060180377377944044,0.010235106565141682,0.02027579729209071,0.16979457256126063,0.4394080875084002,0.5196768607175885,0.1495643524943966,0.07915010725535866,0.009783675686236542,0.7199832985939014,0.0111775062363166,0.05936098265089434,0.2003085124920888,0.7306989207566642,0.24070744726754625,0.8794419254438156,0.31874129322482986,0.03060812632460329,0.18045940931017532,0.050118140593574056,0.1400718322951312,0.19904570650116257,0.16943459651285803,0.39070485454565557,0.22884094018696835,0.13029819343807217,0.26906040746465487,0.06035458619448652,0.3511076734896132,0.2511520349701696,0.12101208426449078,0.318699894393088,0.18090725321783274,0.381037055825121,0.28917350011422394,0.3320699124469998,0.09902728949931383,0.4093999764841887,0.38960760084554646,0.19074294662585997,0.23006241506443634,0.37977048149936016,0.4501817746128225,0.4290646680062805,0.41056665556116817
0.03956936983216381,0.06053393980829526,0.02228196263063646,0.0015701738699143862,0.02886765157156481,0.11116634588238716,0.22947431641540023,0.2706461424797165,0.6486378672523376,0.180144601926405,0.019940116102829766,0.7395532441416353,0.48102121244884677,0.27959587429268695,0.06913788624427264,0.15031802191099963,0.1205223703554011,0.07873173471938895,0.01933059737646886,0.02194136330266328,0.11114714006936328,0.0012976213872400704,0.001493129512913777,0.01919831747612931,0.02020517239389971,-0.0004333646631230492,0.02955452775139367,0.26150279372358776,0.009730116785343575,0.007598235729033474,0.011118094943378233,0.2692547426095367,0.3696789660657635,0.22938333385580792,0.610425388422226,0.00041096710506755094,0.45059133560599796,0.028488152132284728,0.8010562549047017,0.02028337000329887,0.019213352887103526,-0.0008998965623992676,-0.0012763173441194566,0.03977984001895789,0.0709878820646367,0.20107161043095814,0.1492986090889702,0.1989828325235763,0.10063295553053003,0.02065420036476803,0.9202321387786214,0.7402137970740661,0.6185611445434055,0.46028705715945006,0.7809750450045325,0.8885790559650741,0.850115275720102,0.7299710957783364,0.8795794435523264,0.2183161240831634,0.5195121277280794,1.0057531735787855,0.9559714459995154,0.2606068859992751,0.2202311808809576,0.3293163488734451,0.4613626270017317,0.6787424953537889,0.6024306156422861,0.5495762092637277,0.34977365001625177,0.10960245856906217,0.09048183324445427,0.1389913189211041,-0.0005694696891045147,0.9187019322615525,0.08908265186537544,0.10056967383133976,0.5694546696080235,0.18915002154576802,0.4003367419968659,0.06987923115562102,0.02937923457306117,0.00046214616570289854,0.5591765881968798,0.03936693765799709,0.44072370931731775,0.01126088215348636,0.2810538796516634,0.07017372659690445,0.22955927663007664,0.6702992254897788,0.46065366208525244,0.7017369376113309,0.8899815561665347,0.5612743113642398,0.4900694039399129,0.7412996930652771,0.25826115791429755,0.9002274724814996,0.6996166883921491,0.5898366467469,0.832208387462253,0.628324845697467,0.8688747654174268,0.6984746622564596,0.6089777061718926,0.2900136186587145,0.8507301677689476,0.7595077327152961,0.23032013563786907,0.25091070363161816,0.48965233012954296,0.8590327766265585,0.9288610741707485,0.890458522656947
0.019428535369999653,0.03141380412511716,0.01066040123110536,0.009107349378360937,0.010699012062523857,0.058287110992226776,0.23198012076675728,0.24781405550503377,0.7520147509735793,0.10016803805956324,0.04067586151643786,0.7012030673187325,0.43073349341684897,0.3185505671320125,0.16913064091889296,0.18050171140255242,0.1006781887046254,0.08077602720042172,0.012318409942533692,0.01902706193886315,0.08835448608173117,0.008135514225739285,0.007701290462857684,0.022006728970729555,0.01006634064764388,0.0012804111903766163,0.029527617297359077,0.31872710762577344,0.049590774522106536,0.042180221975286133,0.048433582741410484,0.36066504052177145,0.26940210073694126,0.1785521189016805,0.5597570389218028,0.00893431734971846,0.42875184918115017,0.020169607750983646,0.8292566980164047,0.009992679509750938,0.010572043441551037,0.009159667676380559,0.01153275429360266,0.11911494884012758,0.15834646447557116,0.2789652833113755,0.22938366853474584,0.30124534723048685,0.191023981345933,0.057929563154930815,0.899620443983611,0.6598977735981272,0.7013634763387323,0.6004091150146315,0.8492914012289612,0.7802872863377001,0.9093793312948482,0.8302971288272474,0.939273459711739,0.1512619791417032,0.3492814627787785,0.9559714459995154,1.008178899570565,0.1200231087061068,0.10047351512156566,0.18005457935331745,0.6075472540491152,0.8095143634541638,0.7584725576428379,0.7191407639865759,0.511297691687867,0.2216218154260013,0.15761053178540735,0.21211196335337665,0.019836978240429286,0.8904008268337861,0.048546635481277134,0.21145389598490022,0.6606746705109007,0.32084249560833,0.3012362242327293,0.12158062648866368,0.01114527442645027,0.021705697052665708,0.3901392588133455,0.11030823723807903,0.28112426234978316,0.05937629337434402,0.40885450812233204,0.16927247382155672,0.2297472142452754,0.8085842753950355,0.42025473062241414,0.8296714453349022,0.9004395974781734,0.6391933816674841,0.5002698490175584,0.8297170922248092,0.26072948945010765,0.9570596480743834,0.7004773337920766,0.7307030815313447,0.8585286240159444,0.7415887135040657,0.9086672229121727,0.7714026583067538,0.651296479118925,0.36929266229405566,0.8796867121935893,0.7116066794555848,0.15962397507468398,0.16973487532334483,0.3891676888695654,0.8100190765353589,0.9300275612704011,0.9197113945992853
0.20858395658538473,0.24095593783959024,0.28078123924473486,0.25160994560882005,0.3297556568210997,0.3995536604725057,0.1009945246046793,0.15837704588735776,0.010029594450924483,0.4305974593263772,0.04044181091309443,0.14830370717659652,0.16068316421434375,0.020278482066217757,0.4289549972336349,0.0311516703064535,0.09944257279430876,0.039497930449369126,0.10023069775519415,0.07118293634061995,0.1200850118073542,0.04743054204128881,0.030114795675044072,0.031033811869813906,0.16132187468987236,0.051859625643150206,0.07960155575634728,0.030219348805253565,0.3000932477294499,0.2690730541323121,0.1897421773609661,0.021763445924543504,0.4595653655567261,0.23876641227032278,0.25105376802550666,0.049234081149193504,0.099570268265077,0.07890005798517191,0.10980422907655418,0.1111317811156203,0.09987732368617161,0.1908472359011992,0.22924981783004736,0.3995998211746613,0.38087892215104724,0.041391716896137444,0.07024715331125467,0.07811471166820311,0.149133725372059,0.07906480443898413,0.16974317630022417,0.24959259257870375,0.03091045192892995,0.030686163992196095,0.06107035587744208,0.35158361925149473,0.07861763240646187,0.028359344454690755,0.08007593099735548,0.2902049575351419,0.8078860218811154,0.2606068859992751,0.12002310870610682,1.0068303028370953,0.8677819030094971,0.9248173257128607,0.02097075180266951,0.010514214737684062,0.009016299407518004,0.021208288423152585,0.09157111798216572,0.32972905224296495,0.16033901320859142,0.08998980193733441,0.08107660772798239,0.17009161388646504,0.30066916134236266,0.29117590398148796,0.03907330691628726,0.19838499993582182,0.4414472641375437,0.1779710352939153,0.1902822380322238,0.10781529239871322,0.730564628006329,0.33044335634578137,0.7897944625093756,0.3904999786034604,0.06033985579705608,0.4296036807357336,0.09866480160456322,-0.0005391700865860244,0.2505906996116865,-0.0007151531696073293,0.19838336295248502,0.010262977312800955,0.1304062668856777,0.031705702018586863,0.109236821060126,0.1002570808542456,0.19882208034634946,-0.0014640697785607748,0.1812510480042196,-0.0003744541337118929,0.14015161143100036,0.040745546600790127,0.06851363496746399,0.010913856032179247,0.13996706532626008,0.32026202272384824,0.3885320352850186,0.44047962963600973,0.4920258488842489,0.33038854907743354,0.21967364080810461,0.16020985560782847
0.5198518127245736,0.5593869789233417,0.6004147909221933,0.5606030761784733,0.639467332064893,0.7004570816293906,0.07075561630388127,0.06986926958245247,0.02017755149681344,0.17982748313027933,0.21025030827990301,0.23048547652079984,0.3399002815382127,0.08935378542667313,0.49046252354542635,0.08971522147230104,0.33955724284079275,0.20012450820192051,0.3622473540787526,0.30851236530963544,0.38948807182921824,0.10184563289200499,0.13992809280369106,0.12925887664465063,0.05027595891601066,0.088532071796725,0.07863757061664424,0.09956391730670522,0.5702320839177858,0.5498409544793263,0.45980341329999297,0.13975018500161546,0.6504860876965183,0.5006996227872295,0.38020232137653986,0.25973981765519305,0.2697860675448286,0.3219101147218693,0.08010581900961425,0.3910843742037832,0.3697006404845108,0.498125131229454,0.5299419010839771,0.5604080641910856,0.24038511711722407,0.16882810748337343,0.23944970519116146,0.2317575943359943,0.3504590705403997,0.29085678739655785,0.14932693451081658,0.3615219379004925,0.03935548410908242,0.09951502934976351,0.0399632689454635,0.38969424722993984,0.04947721524488967,0.030349414296712382,0.05122613451862816,0.5996338814204754,0.8692561175292258,0.22023118088095764,0.10047351512156569,0.8677819030094971,1.0030318738481567,0.6612363833936669,0.009509928924311016,0.029266406513161286,0.04185106513047308,0.04938429781885115,0.059232442829720997,0.230192651238663,0.03966586638375241,0.020059777541845177,0.3195030649248453,0.16926529282827757,0.6283292604872474,0.4395272019551547,0.05042644446613468,0.10998239901320193,0.6488997244022477,0.040691212097544095,0.06988134661537448,0.37133413324844244,0.5803720033223908,0.549628017828193,0.81948063766758,0.6297409031964818,0.18912886088700157,0.46931860397518443,0.05139437095969914,0.011061933176540778,0.09032578759549632,0.019901572881239796,0.15032828120518074,0.07008301118871438,0.05991476628165805,0.0697429684786982,0.059477709033029715,0.1091146487497059,0.09034794020323578,0.010485531652375505,0.10981445968103605,0.029280714485654332,0.13956318979293844,0.09075266721363891,0.1493599172984224,0.03046293563489382,0.16040852242644432,0.18041225951047565,0.1406662388008981,0.16986881141322124,0.23892816421127402,0.20863934501693257,0.17122479366076226,0.1592847543906775
0.05103796407827847,0.0787470707365061,0.09956901364535467,0.07755854834479363,0.13114478856216266,0.1991002866184688,0.21994958787694038,0.3108961141057644,0.009153114408185585,0.6299016730482934,0.029669114027540244,0.12043752674349781,0.08027671188801203,0.010676954042283332,0.26002451843082175,0.048953224631634304,0.019256161161825037,0.020380795944067373,0.009920306652679373,0.009118672816301528,0.020820592539145016,0.1122809453243432,0.07025901459144146,0.08873864257011128,0.31859984139826325,0.13904135994382,0.1906460707341586,0.0895347421905299,0.10121122422519135,0.08050241041391916,0.03930856026890224,0.018817236081594593,0.3216024184655167,0.11108958535463627,0.1997732935859419,0.011470185289099426,0.03923166987267281,0.009719737074909463,0.18054574999833434,0.010457738948621688,0.00899118671225873,0.03993845023449346,0.061166116005196954,0.20045568492003868,0.3587035188963955,0.02907403624849206,0.009284992548428093,0.0012430328707441457,0.020314098888971812,0.010504569815432584,0.22052746968971648,0.2004378627461199,0.08864655105619819,8.513900219581892e-05,0.1392221512212661,0.34905493091375905,0.15154663287659384,0.07131026138216864,0.14835665718057192,0.1302406535398148,0.6908158658901676,0.32931634887344513,0.18005457935331745,0.9248173257128606,0.6612363833936669,1.0062393135961667,0.009121591282064799,0.020688039120342193,-0.0003868774424652572,-0.010270571686952737,0.05903322046678024,0.27902392312900237,0.2190654890507927,0.14077902569276884,0.009355142517715414,0.2010566738740691,0.11979584534937102,0.11846635703256798,0.10115137901935467,0.17330050595722496,0.30904594317535994,0.2511362273981708,0.3498077666841657,0.01077172409128208,0.7983104344213806,0.12991753230900727,0.6895154676684819,0.17023706256089913,0.00026572784244606034,0.2707323440651309,0.25087093232759855,1.7041895959015985e-05,0.459798105218618,0.001924172134278817,0.28092273332916434,0.0002189502277122134,0.2895565339149528,0.03859143271354157,0.26098677829568473,0.13951830625140013,0.35035225167253436,-0.009665026613260604,0.2895229840718556,-0.0006211606520674007,0.1790748329366595,0.03983691745479726,0.050560223980739456,0.029137748080581043,0.1702793402477218,0.4894978823241995,0.6207684828243828,0.6788787579062231,0.7281805230032767,0.48056683555152124,0.3103849011031328,0.21000963608661963
0.05205736890539949,0.06768758155291055,0.021224793759072772,0.019541952398405282,0.02097972048095874,0.0510371186784576,0.009058048442513225,0.0017895465317081271,0.8090312804024443,0.02045163009530622,0.008613117764505891,0.6083629038500891,0.47120058589622393,0.6614745353792655,0.40887675778828925,0.5393779385334033,0.23762699764141557,0.300397743839779,0.08751033764905597,0.12236996494657933,0.19950335996980545,0.1904050094143984,0.15170010264631179,0.07880646001360318,0.19053137241591192,0.1905512525378938,0.09791553112588453,0.07319213948237137,0.0717615305936555,0.04789588011235929,0.03941691133519026,0.15795920572076774,0.16037109975900693,0.2104406244261665,0.4500431216812163,0.03922250785869308,0.5406980434444679,0.12117309521034982,0.5005252339656169,0.07188611964489107,0.08047363773839612,0.01773423469590609,0.017975250808378737,0.2812995826541395,0.6903323531056227,0.10020725402513203,0.1105464195221751,0.2004953431728989,0.15990793748603618,0.011080386038115097,0.5287639464184407,0.48828408550761004,0.37059075649688344,0.46902328912712776,0.4604569370832515,0.41116346378305113,0.5094620974856922,0.5197789269556319,0.5411911100765108,0.15979468874154315,0.049847275894669536,0.4613626270017317,0.6075472540491152,0.020970751802669513,0.009509928924311043,0.00912159128206477,1.0075471934530997,0.6191198528690856,0.6506773943121552,0.7918171381157927,0.9473315694585751,0.749338321099539,0.7296023343941938,0.769222308756218,0.012686895118573134,0.5603345666697225,0.059796092774969056,0.3515065328473141,0.32832107006820327,0.8791407460062075,0.18991472676115673,0.6699777526615367,0.14908534121791545,0.01878597152921056,0.03055143986589598,0.1883184215422704,0.03930512211948616,0.1306908723290304,0.29023814996416564,0.49062894816736746,0.0114073021421815,0.9386562277422432,0.02907856116554296,0.9088219575139996,0.47777762692132725,0.8704283148719629,0.09910546387042014,0.8517526470347322,0.009237945884575457,0.7010983609032777,0.19963904734272458,0.9586680690732734,0.37148744576065035,0.919100521973488,0.6303201998576546,0.8288514569954953,0.7190282679870635,0.8296058557153866,0.6595449560537073,0.1878825370873912,0.019852752773985714,0.019894492812465622,0.0008950865431268841,0.24153372689037528,0.4620996717100947,0.610684070318479
0.08792342611018222,0.06906739715282084,0.11975994533655802,0.17068873716908098,0.1114280027647488,0.048921667074450954,0.4000228883455026,0.3607150709871773,0.8197336577540596,0.0794368605252777,0.22099333827597156,0.4707878781119301,0.2192110722178751,0.21995254723205426,0.4803778758721878,0.11019513335456872,0.040174921596070556,0.04068829893259094,0.07837546584430463,0.0606290358773986,0.039756071687427265,0.049283239956056706,0.06074012344242552,0.1314500440719507,0.04073006821130571,0.04816397915291574,0.11077101582303321,0.5688660526498099,0.3237350260553557,0.28961962610576736,0.29766476798345565,0.6693530350527254,0.06881758701557568,0.04192523237783062,0.25034061967226057,0.14830092571339776,0.22761637713337787,0.05756330474267074,0.7994159687024028,0.08193311484344985,0.08079994714157546,0.19008185687782306,0.20882229407247896,0.4607197518609745,0.32191231180393537,0.5891475393734741,0.5582434842960856,0.6704285929965231,0.5503302490181994,0.2902695210404913,0.7483359694919616,0.37275168658810864,0.9173712324200561,0.9297962990307264,0.9402428370666559,0.45058652563387397,0.931280407986738,0.9794613027858041,0.9268805669283626,0.03907788972463112,0.06965954338266209,0.6787424953537888,0.8095143634541638,0.010514214737684014,0.02926640651316119,0.02068803912034214,0.6191198528690856,1.0102535192811304,0.9855982020298356,0.929143993760655,0.6604751696874136,0.4271857763530058,0.17924703309288,0.192227499257207,0.20274753305034396,0.700934268229463,0.05210877938999777,0.5978288156218331,0.8521607111379261,0.46167576325547544,0.0714553494243849,0.13818461177826488,0.05063323903563062,0.21936880826772856,0.16011760069548844,0.45247159531458675,0.05880429310447452,0.35824421093295655,0.7605642339974499,0.4894309593857122,0.36817552433826317,0.7413529966541591,0.4281518873369171,0.7184766226362184,0.699497239240954,0.45064438619153907,0.601505315938016,0.6412842235251449,0.3925559048881437,0.7395274634841617,0.6574834051732529,0.6485035915781399,0.7223232222772958,0.5897922692475865,0.6606620040044752,0.5404642289027088,0.39947633552526135,0.26060540242183566,0.608476401771205,0.5785382549534233,0.14775397986929908,0.1309441099794702,0.27118759621792404,0.6030974616029287,0.6892530423244019,0.6600569585716286
0.10047842921805454,0.0800718429451258,0.14806606930247795,0.20131318947800544,0.13843994277277794,0.0630951300391859,0.36089798056478417,0.3091072656727727,0.8111429061858002,0.04118497427154067,0.2216756597084869,0.4317350376828373,0.1986354281626486,0.22877214497435236,0.5698989643359171,0.11955626351198533,0.0402355525393666,0.04116979609624776,0.08079401390157767,0.06935494615444317,0.03990842122111774,0.04237053081461231,0.060009124496936725,0.12803440697586602,0.03020768232063325,0.04046524054772944,0.09865371890471829,0.5509992739440426,0.36960504120786425,0.32950179467565766,0.32093067938571973,0.6706697891656059,0.04882466385520513,0.03982093295720227,0.21999792985377584,0.15046573878273767,0.21180794833314642,0.0614782377222067,0.7386176822032988,0.09070710479131701,0.08881428014377199,0.21130789266091357,0.23879514394449267,0.5399368162906258,0.39796496651258584,0.5894122622508992,0.5703483456935683,0.6993654562891788,0.5914422312993161,0.30033429095567216,0.6809451532015901,0.32892320533027525,0.8808101691531989,0.9476729554793604,0.8900193788513966,0.38935977469078425,0.8789293868055462,0.9488661698444179,0.8712038343345848,0.039607295316928866,0.04045174952495048,0.6024306156422861,0.758472557642838,0.009016299407518014,0.04185106513047308,-0.0003868774424652551,0.6506773943121553,0.9855982020298358,1.0099308432962057,0.9667935357591331,0.7180505117120778,0.502577862969988,0.21994517958794274,0.22986414846044378,0.21662052266803253,0.6385503367333403,0.06787181737574456,0.6699520059920223,0.8288636940048877,0.5296106977614179,0.05051946690592194,0.171774066184267,0.03769122770741022,0.23092282279181223,0.09996844385232409,0.5190823402241063,0.02981241096703481,0.42001536483416857,0.7899008989346098,0.5705100735828901,0.33113363277930535,0.7505824178100974,0.3707439626858223,0.7214951014637856,0.632132333635597,0.45161736442626793,0.5496376205572737,0.6283038558379216,0.35780290539560694,0.7004018190795523,0.5915237385999145,0.6700925563386234,0.6606529582262536,0.5985347781735936,0.617261926410217,0.5309103906133488,0.3884194215236217,0.2887650235147383,0.5627160917865356,0.49955407029309845,0.10218600908102621,0.08993929711401692,0.2083289537405736,0.5288472589150968,0.61966492539435,0.6092431510943275
0.061104149006342263,0.05007626305319499,0.1025491060630244,0.14628629809002244,0.10186079416522013,0.04746453539079653,0.21908701907861672,0.18079198160483118,0.858643715322391,-0.00026464724998656114,0.12774016213366085,0.46685262180074993,0.24105843977485167,0.32997254153566435,0.6198648307695767,0.21023595158895125,0.05059375104250955,0.06959192743281657,0.04978763658645965,0.03957454056305319,0.0402314797204449,0.029148260335907786,0.03021065626817191,0.06041161454647189,0.020071068104580838,0.02937874500114645,0.04030411188087521,0.39947379284610823,0.31950887862980637,0.2692695534994719,0.2504498424819839,0.5399733516454805,0.052373228788371785,0.05019599385097273,0.24947151578187043,0.07947926852282654,0.2709192335598722,0.030875389842718187,0.671752503833356,0.049887481204330175,0.04853027174963296,0.14890399346654307,0.17089820030347042,0.54977253337756,0.5498274664012194,0.4504726413927789,0.45117460432225576,0.5899172667332039,0.5088760891216105,0.2012382454432345,0.6305162512589227,0.35004420969249694,0.7523332069978728,0.8691446119653995,0.7803379940271715,0.3708900328149035,0.788958032375379,0.8600714791849746,0.7904706796892583,0.03918272989654064,0.029591094721027465,0.5495762092637277,0.7191407639865759,0.021208288423152588,0.04938429781885114,-0.01027057168695274,0.7918171381157927,0.9291439937606549,0.966793535759133,1.0069403560000936,0.857196549005914,0.6504925555628833,0.37039207174522915,0.3789487382800619,0.13239216691277872,0.6102196302827013,0.04082418711613086,0.6692591804146102,0.6979332834874943,0.6908108641050149,0.05857563442625472,0.3094992141249702,0.02013417759486752,0.14924910888742246,0.050440921241739545,0.4901250178114344,0.019071032001682142,0.39257644488125887,0.6895785883049154,0.6492254207177155,0.19103388573479946,0.8390672154573946,0.2286084953872566,0.7992397488140748,0.5777091629044692,0.560322532638272,0.39043636884736427,0.6917695424079998,0.21126668684584413,0.6993949539267007,0.46044664949461556,0.7790059355771342,0.5694813902543393,0.6999403597534471,0.612938185314457,0.6093963052752962,0.459711364770921,0.42140258148317816,0.5790647784553886,0.37917307068475653,0.02874688419457633,0.020670711208379083,0.10085844028650327,0.42011514782282017,0.5617211483116313,0.6003596591083892
0.02842947088781513,0.03037650725776985,0.039146604912013126,0.051674952778071874,0.03928054214826962,0.02908453837593884,0.030936155651471474,0.019239614257196388,0.7792884140486821,0.039737420953749374,0.020874836505796142,0.45183221835827064,0.31064108244082833,0.5411932390003859,0.6002844794667859,0.43108841957488603,0.1292850426558802,0.19935748198465894,0.040680332990353014,0.059837934098807034,0.100452495292242,0.12945078944299185,0.09065635643440591,0.050158181608519675,0.16075393602980814,0.1309606148462709,0.06970871642059676,0.12915215528285473,0.17913695936041824,0.13206570690582978,0.10917995523248915,0.2416942379542907,0.058801717870940386,0.09915687050465934,0.27025006005783114,0.021965583898577962,0.37674967639572177,0.05720653344393336,0.44026848336497837,0.030288166373394897,0.03215901786970872,0.050020062523928495,0.06152555283644361,0.4696808120172807,0.8206174346477487,0.17984768704118534,0.20127221565383333,0.3179630409783402,0.28987695564085697,0.048140310137055255,0.4395016198274856,0.3300551744227204,0.41805713598119676,0.5728325142614618,0.4616396649588452,0.26931722553255316,0.49044913147995856,0.5482634389908408,0.5100053226526973,0.06097514785462043,-0.0005160856929455664,0.3497736500162517,0.5112976916878671,0.09157111798216569,0.059232442829720934,0.05903322046678024,0.9473315694585752,0.6604751696874136,0.7180505117120778,0.8571965490059141,1.008667615277401,0.8873418695567838,0.7096723915937362,0.7092544015116121,0.028689894188003953,0.4507526054337672,0.021006731422762714,0.5401506088899368,0.36186525167662215,0.9476848100263318,0.07178471373668166,0.6505561851449233,0.1296425281770857,0.03926929844600538,-0.001630349883421121,0.35040550602884996,0.0018789490702803445,0.27827664359679855,0.40072723431135404,0.6905171545342472,0.02842337979969013,0.848939576018489,0.031632669096264915,0.8009283319227782,0.37087059357454427,0.6992836006856233,0.11880829360451726,0.699348179221773,0.029177292205546393,0.5706679107062512,0.17873830957903436,0.8590317952957992,0.3104351498316454,0.7805120204481506,0.48947059264776843,0.6519801847335487,0.5307571306041703,0.6997910697397299,0.49843505688046896,0.142506931352249,0.028908067429009934,0.03166543346091469,0.00010610758517403173,0.1792274797104404,0.35825685041721994,0.469554472792748
0.03295691256875453,0.031345087293990326,0.07021399001943404,0.08862383280654966,0.07892123026517778,0.05045196767591301,0.01993052697740579,0.018725619875420874,0.5412535684447449,0.1699358064728089,0.0226793109718,0.2214163371039538,0.159487486846662,0.4469486917218256,0.7203037030535568,0.3912438419418965,0.08142939266289445,0.17096933289491478,0.039145994473693956,0.050608866045757116,0.0581531594083317,0.1580536577579885,0.10900456920374753,0.07017738933623445,0.2615834433746417,0.170859563254137,0.12004259828228242,0.0785518824466346,0.23909538081085227,0.18054430406077068,0.1310243892273336,0.1716068302711884,0.019365083441067778,0.039310417488345815,0.09046356175675223,0.02833621337081411,0.21178773591996583,0.042406418376434024,0.219041860739822,0.0279986606890323,0.02854500238322277,0.07074102424967728,0.10064917527924236,0.5785842730893436,0.9764562015877465,0.13070279549701785,0.1703661459415744,0.26994257975453645,0.28974766508084854,0.05055786896407275,0.1893453976754644,0.12829457525924687,0.24136575254353226,0.42809228643396563,0.23868597572910563,0.0700274569964493,0.2411811288831989,0.31945756269434233,0.2513735272180739,0.020882156780801898,0.06018037737794403,0.10960245856906221,0.2216218154260013,0.329729052242965,0.23019265123866306,0.27902392312900237,0.7493383210995389,0.42718577635300586,0.502577862969988,0.6504925555628833,0.8873418695567838,1.0084166786983417,0.7697431525893189,0.7013083566334992,0.03731804083834877,0.19992387214109428,0.029137597269458346,0.5916648128017686,0.20047256710982955,0.957850554908003,0.018759054014388297,0.7289625085323788,0.2392995188767132,0.0500683775348591,0.040938394860517265,0.42830828937939097,0.06095493262571585,0.3720319602353724,0.32837452777120113,0.8184240449810247,0.03060503281434582,0.5607919890721,0.029074973773402728,0.5004584526722105,0.1313554210406719,0.4508586084562761,0.04083105278862557,0.40035985536515284,0.029570403025143497,0.26817994318735183,0.051590879446528355,0.5903171534242632,0.10870301969028272,0.50000475437435,0.20930752990616733,0.3694985418405532,0.2899839703754921,0.5698118665045273,0.2121270917834188,0.019989329484099497,0.15156086693339862,0.1701143751797067,0.06924992679615798,0.030122008440281477,0.11867310714658862,0.18857972034507925
0.15038947442203177,0.15115363312991778,0.07847869341209116,0.05977067613879163,0.06067622931125188,0.08924789358240039,0.07869666711668423,0.09050541060707595,0.4103732149056267,0.3006297221560701,0.15869645238449345,0.3412131508774274,0.3986447198654983,0.7507323283894982,0.2918967893651457,0.7584308879843988,0.37901528549460184,0.5305630231777296,0.23974382354237492,0.30965945656968263,0.33289359149432224,0.5390986877582502,0.45176458746720694,0.35009318101901205,0.6308605191877568,0.5599104744315577,0.448657314917204,0.039520336249349836,0.029137774482402946,0.029021489295163384,0.039578998624847705,0.010325004838776831,0.10988213939321613,0.24184735588803424,0.24986128589978682,0.22041920876651108,0.48025927686706876,0.3112988945596272,0.11852530279978236,0.2272033971304897,0.24679073174724267,0.07101709294915766,0.051252976252954455,0.15915955426433143,0.8103571788350773,0.011224126497090817,0.011879128913810856,0.02811138399214764,0.02873672948473589,0.07962779113353033,0.15052574510600594,0.26004098718264307,0.048719903905325226,0.12001433589101103,0.0786915298651994,0.12973959950278513,0.10186751098138438,0.11184713806026761,0.1208266300488313,0.20079485278652276,0.010235106565141637,0.09048183324445427,0.15761053178540735,0.16033901320859142,0.03966586638375241,0.21906548905079265,0.7296023343941938,0.17924703309288006,0.2199451795879427,0.37039207174522915,0.7096723915937362,0.7697431525893188,1.0075813009744863,0.976529830675762,0.13153239538047695,0.18904113082999416,0.12954008235402703,0.16908235451849138,0.030372065742668906,0.8481924144701873,0.1279189517391776,0.9863193585789626,0.569937053570195,0.11180235584500492,0.030051005754056608,0.06959436288811938,0.02080672063291016,0.05167759879542853,0.05004565651697599,0.3805237392368081,0.17099606434473297,0.5114781414394266,0.11008145783790134,0.4708061570677145,0.09155630364226375,0.6196760705393408,0.031182625289068285,0.4489888818772587,0.1493609137330474,0.2411391292042955,0.00956586540681537,0.5887600377584103,0.039151897619306715,0.5610931233964878,0.2017848347528132,0.46782789170241523,0.4520689371026865,0.8508593916020436,0.24949864196641477,0.01039089725339204,0.3499556776504853,0.35847962106815323,0.16168383646213966,0.008649992884293849,0.0803411494113167,0.1882388329125165
0.20210554874622616,0.20938936313423662,0.11168725300706692,0.08874379326189342,0.09056846324698929,0.1294994373176634,0.07190762340755426,0.07919164245805406,0.44074445280139674,0.2587044871713409,0.1811750789765412,0.4092675303469811,0.4716622641150944,0.8085279718473649,0.23940263249789087,0.8111181096677255,0.4598979707701659,0.5990051298235745,0.30024579881154756,0.38048191068941434,0.4114588653220419,0.5799478242679257,0.5092027108964445,0.3893586207717653,0.6289838174748934,0.5904284682959513,0.4607448435534196,0.03987636410542268,0.030484234383343117,0.039752794450269316,0.060642779669491755,0.010024332335065883,0.1703155195047024,0.32852614395952595,0.350328393975734,0.25918456850469535,0.568513213515273,0.37923994006542433,0.14889660590962986,0.2803741664809318,0.2995102222671737,0.1016851143726814,0.07867698585520187,0.12141835928640007,0.7398292436582137,0.018883999227585525,0.01693430428711211,0.020398381481226344,0.02054583890023581,0.09898223568369441,0.1889942554166873,0.3309888393461206,0.05165335464150912,0.11906556673766522,0.09051570782905044,0.18890734338095969,0.12919358095682018,0.12905236728874533,0.14923513418820566,0.27942011362230224,0.020275797292090707,0.13899131892110414,0.21211196335337668,0.08998980193733443,0.020059777541845188,0.14077902569276884,0.769222308756218,0.192227499257207,0.22986414846044373,0.3789487382800618,0.7092544015116121,0.7013083566334992,0.976529830675762,1.0076467580813948,0.16177043098027374,0.23215525277120944,0.18808729589051298,0.13964985655873963,0.030411420310064167,0.8191957522177229,0.2016445678162783,0.9691393533296067,0.5512302245905011,0.14857965746921498,0.01169400778326515,0.051702330800278036,0.028041998047079734,0.03825583245642394,0.041039042054387326,0.31938974324909053,0.16925884536623217,0.5798686160499402,0.0885183087094536,0.5485249275450735,0.1396118056242289,0.7184591097964025,0.021263055129174317,0.5312724747520444,0.1415162680874133,0.3180170131955377,0.009866048032745536,0.6618810255684849,0.06979148598750663,0.650861157918056,0.27924263770639296,0.5712528024290044,0.5608036128012613,0.927162376811263,0.33016548880381175,0.009205559223630389,0.2997956864882334,0.300398046469849,0.11946318409779973,0.02073993987084987,0.13041676093702276,0.25987992928185266
0.8905612717480431,0.8395655449898118,0.8714712185502639,0.9097522618659614,0.8307916494727717,0.6890005935038456,0.6498585609830506,0.5318171473823682,0.0304767263360651,0.22905505257369008,0.9667810666597683,0.08862628692246571,0.34066130014453827,0.3018243442496287,0.3106789279733259,0.42765753766217285,0.7510523177728542,0.6999080503712929,0.8903980661741845,0.8700695815068318,0.7896464437493921,0.7301870196898094,0.781995061360189,0.8191258108183832,0.5395292371896281,0.7187476197851623,0.7501725604646547,0.7526806797549762,0.7804142495919812,0.8188256653668252,0.8588782119905228,0.7085974786453872,0.3303191048358921,0.5495170164642086,0.15864592605813224,0.9787638266054185,0.3393850425292404,0.8992516387649446,0.07901423816451963,0.9293699047383701,0.9284251512203558,0.9499243626532997,0.9295503939267988,0.5005032144591566,0.022545481911597373,0.7891877669762917,0.8196530214426162,0.72016129728556,0.7695372472303038,0.9773312874156411,0.00807569045955227,0.13949014665969345,0.3716834504306445,0.40005598156176664,0.2087244187916928,0.04120478131486045,0.1406049456340472,0.23110667242737762,0.10902796227583537,0.6801992058094527,0.16979457256126065,-0.0005694696891044821,0.019836978240429275,0.0810766077279824,0.3195030649248453,0.009355142517715418,0.012686895118573144,0.20274753305034404,0.21662052266803258,0.13239216691277872,0.02868989418800397,0.03731804083834876,0.13153239538047695,0.16177043098027374,1.009949383234498,0.00216258566269373,0.8193625839406973,0.48913507642016874,0.42812955200099495,0.018976250559731962,0.3514969152734954,0.16712773790035781,0.5516512559607119,0.9885316298350891,0.0010076356234902406,0.6498289707918362,0.14898749583727633,0.6713520913767865,0.6107106820197098,0.2495739928072338,0.6609193765377995,0.008801812034315877,0.37811790791395883,0.007456505941510475,0.04900967111943238,0.0774419234336746,0.5008579064398593,0.01348723073832688,0.6694003798081349,0.00815623844961032,0.23959601012570345,0.010165751806397054,0.11121699468115626,0.020846744161777266,0.010075822199970693,0.029596165395020014,0.082347670926743,0.17093445285894712,0.008796921973481083,0.1600167992944301,0.35773673948806795,0.29103641294339244,0.2008671902110947,0.09004369850037133,0.032837281197786665,0.009339142799689866
0.07022138025732277,0.10002032983765118,0.04989289181388805,0.019032691958685066,0.06020580627419368,0.15907517864144705,0.17012443248044726,0.20092643874579325,0.7907132235567474,0.10892442874280463,0.00911856319361603,0.8875541294316321,0.6223628307596019,0.43072748768063696,0.09968317385606562,0.2587160312583294,0.1997785113311869,0.1500755016173838,0.04941879482287521,0.06042600429931843,0.17953004295215136,0.011313115254322948,0.012740666426569788,0.00871094643845129,0.0002855800949793506,0.00883989693899848,0.008428595690921352,0.2006059804234609,0.018292913838073955,0.012053858078525886,0.018761015611304097,0.23058797003451226,0.41134758222048784,0.28898857519361487,0.6288386206335759,0.009573650027679776,0.5897742647244298,0.06868044362842628,0.8475139929562091,0.05981067017384503,0.05131086952903406,0.01044597952800838,0.011377152998158361,0.06128266247452679,0.14876940417027976,0.170806506308317,0.1278839355262652,0.18958636908989862,0.09997819187284313,0.010139669618768854,0.9777573013837332,0.8475994645593224,0.5915775249148812,0.47870632242768624,0.7672722596927146,0.9000613533435218,0.8304993436113339,0.7210812027900269,0.8590810501216432,0.27038255090037355,0.43940808750840027,0.9187019322615525,0.8904008268337861,0.17009161388646507,0.16926529282827757,0.2010566738740691,0.5603345666697225,0.700934268229463,0.6385503367333403,0.6102196302827013,0.4507526054337672,0.1999238721410943,0.18904113082999413,0.2321552527712094,0.0021625856626937595,1.0072284383921881,0.12088533151619385,0.13054713223797576,0.5111462247035208,0.29031521484951667,0.4315641693240087,0.14970199001315057,0.0014001708777202652,0.007681121164424835,0.5002286365115558,0.049291230870986205,0.4092563045640159,0.020315182694736204,0.27104885461912204,0.11007255494365503,0.15153944783733644,0.7110314302896559,0.32770586642809435,0.7187738404020806,0.799562016404691,0.63060494534171,0.3709237292319295,0.7801928931268215,0.16876690908727485,0.8691715727976883,0.5589029484528892,0.6294758433094705,0.7103843732480706,0.6596428970279908,0.8080235139687325,0.7115046565329594,0.6410838165733892,0.37798191433513356,0.8199430649501875,0.6098037321388305,0.1190030190300832,0.13023429152293312,0.3214979323223742,0.6913433884033547,0.811762196025334,0.8300761459737501
0.9695697235796228,0.9799120869791037,0.9584075966345906,0.9215780556428251,0.9476931782106013,0.9401688198191538,0.29856608318938516,0.2106459890917326,0.03952013268898882,0.050159675269670155,0.6994275196310857,0.32971841314940153,0.6096045105693766,0.4113880223118321,0.3006396144507477,0.46863313053699357,0.8511449607308136,0.7124764229888121,0.8893416729269579,0.8491334423601432,0.9081140306688277,0.5776651165588161,0.641518643818304,0.60126321321599,0.32161563876209637,0.549122789798742,0.49122854548936246,0.39021748376216325,0.7508606849634005,0.7892003176096598,0.7800093999351119,0.3806708575265909,0.6901650810313145,0.8305639715471917,0.4682030507065193,0.7993438098753315,0.5806067106993132,0.8881754530526765,0.04034811361869182,0.9285775417332716,0.9123803062465808,0.8998477157825742,0.8899453996678715,0.45860430380687367,0.02019451650689985,0.46005467358843116,0.5209420752201661,0.4481553490924494,0.5513705103560053,0.731827784619878,0.07943961865168878,0.4290177664614871,0.12081894144577245,0.17034125470446784,0.05035033984709048,0.2923320963911086,0.03114021020027093,0.06001731414384454,0.02676233736655695,0.947508933729477,0.5196768607175886,0.08908265186537544,0.04854663548127714,0.30066916134236266,0.6283292604872474,0.11979584534937102,0.059796092774969035,0.052108779389997875,0.06787181737574453,0.040824187116130846,0.02100673142276276,0.029137597269458318,0.129540082354027,0.18808729589051298,0.8193625839406973,0.12088533151619384,1.0075186581713613,0.38925752332061075,0.14073840747720978,0.020763285091573328,0.7198756176254485,0.14044857373653116,0.30960556033767966,0.8480447931735815,0.17927835235000877,0.5800070267730159,0.49094667178479595,0.6612043417112021,0.34939389286256306,0.23044967561090152,0.307916452403153,0.05852471341035171,0.09136773883805861,0.07062040337891146,0.059731265507841975,0.24078817591166696,0.16854997014090872,0.14076811977718934,0.30120698824114367,0.08993717806737395,0.0392517704102316,0.07954883337287061,0.029917851589611476,0.12964167542151384,0.10047898251768983,0.1898909098904469,0.2892050586510118,0.27117390163205235,0.15048465860707538,0.03909392069937277,0.10040416851308769,0.06926860523935022,0.02993995615817484,0.03229708564943878,0.060118289776950155,0.11128846993529175
0.4202177309871367,0.39032724313359923,0.5313337874397244,0.6008976397600114,0.5389569015577732,0.3914357221148779,0.3105474365484557,0.21865556607232778,0.4006621066954703,0.020764688584604073,0.4102287179154398,0.05902282337564876,0.04201817502517213,0.07031319392084934,0.9184784120743475,0.05998336045539677,0.1598167775501443,0.10884387973708926,0.31978264445179033,0.252734042969209,0.1996833610263604,0.1287710144584851,0.1702448192011896,0.23986821382887377,0.06055070673682211,0.11998566806889592,0.16058005144928741,0.5310552544768956,0.8005579924605052,0.7395345989535163,0.6786186825767113,0.689614649647158,0.11925367428797148,0.14779401255594518,0.0007390343984888195,0.3687252967844295,0.03905826988616667,0.2607055860049229,0.26983379370015786,0.35044467551169317,0.3308485417290753,0.589372811865575,0.6385159315022028,0.9681899148154169,0.508983187511422,0.6618863146598001,0.7396033639661614,0.8292104362528007,0.8697477126492694,0.5592369068288852,0.15937551747883313,0.028901961260444444,0.5612673903135035,0.7784684789016304,0.4372815203509888,0.02001488345825105,0.3797329035784717,0.5304906183086259,0.3528028346133571,0.22994517218154062,0.14956435249439665,0.10056967383133977,0.21145389598490022,0.29117590398148796,0.43952720195515466,0.118466357032568,0.3515065328473141,0.5978288156218332,0.6699520059920223,0.6692591804146102,0.5401506088899368,0.5916648128017685,0.16908235451849138,0.13964985655873965,0.48913507642016874,0.13054713223797576,0.38925752332061075,1.0058289706015073,0.5506538969462578,0.47890029509677545,0.11086856212780093,0.14102522902692208,0.07072278533186152,0.5311418910365144,0.010196333319000703,0.9491733548283606,0.1409243937430027,0.9001667732352415,0.8305077695223941,0.8896015852969477,0.2793547170786151,0.3208308944276106,0.1600561589005243,0.28057858325221846,0.15968426204204128,0.1102165309169049,0.33109443156061436,0.17073428134834967,0.28837300539340266,0.17950071164514392,0.2309566041776743,0.2893786419838369,0.21877784639205267,0.198831236798029,0.13936278161310212,0.11912260693716872,0.05045574980656957,0.09982494732824876,0.10010807398385049,0.12976548922628237,0.048708528642951776,0.030526274392177286,0.031039296462860605,0.1099323256542658,0.13849211301693326,0.12112416287180328
0.20879376873820443,0.1617225245494882,0.2409705233727911,0.3202482938252143,0.2209309496731222,0.10847288370402206,0.6891408517163603,0.6399450002812461,0.5892987023057488,0.27043327853721494,0.4811753345671098,0.261284051838171,0.08926060957935726,0.060179666110665817,0.3701986687508775,0.0402380513352655,0.0893924225669037,0.08999919659054613,0.20057860912379308,0.18062969804408738,0.09998020668236862,0.18910665121752357,0.20952153544553587,0.3211726740523732,0.19945569696473536,0.20073442237263692,0.320264611345106,0.8201177121837482,0.4017995195848587,0.3801198973299761,0.4077746374975406,0.8589648858705373,0.0586998812540992,0.04044123289227924,0.17141172236080454,0.36789690115068574,0.08891527832536311,0.19082895717772008,0.7696409245715987,0.23022094399775261,0.2290524120987534,0.358787355746357,0.3697410540654828,0.4496025083373174,0.12868159774927704,0.8005822198352734,0.7507014937967369,0.7995792949132989,0.6804713183596597,0.5302192885480698,0.5886328645120434,0.20127200643425636,0.9475136225225397,0.8882167439240384,0.8887331221905237,0.30960215476596104,0.8302114868851561,0.8920266169129685,0.8009390814893431,0.06961553095905781,0.07915010725535865,0.5694546696080235,0.6606746705109007,0.0390733069162873,0.05042644446613467,0.10115137901935464,0.32832107006820327,0.8521607111379261,0.8288636940048876,0.6979332834874943,0.3618652516766221,0.20047256710982955,0.030372065742668874,0.030411420310064212,0.42812955200099484,0.5111462247035208,0.14073840747720975,0.5506538969462577,1.0068971352373735,0.21121919365305533,0.05990387585736039,0.019067170700694903,0.24087330320692302,0.4120557331965038,0.23927891821998576,0.49036041936819996,0.08126157290033617,0.4091433747940474,0.8489244883326758,0.3498970173467375,0.6502172509603524,0.4722886388175343,0.6910631387031457,0.46988563538356987,0.6995339896220095,0.2315748474558311,0.877995412924043,0.4190828480779793,0.6898163947913593,0.5792990202209207,0.8479948928256713,0.37919450344910655,0.79913019406645,0.3489051641125883,0.5698553196282338,0.34039550904319027,0.24977251690038157,0.07916938341995634,0.4807167047754887,0.74029979009443,0.38990273306566514,0.35985361326964693,0.49956518455764964,0.7112481066658222,0.6707740105896386,0.568221763385054
0.02864123348244902,0.030817052178749145,0.029585580637452587,0.03880515692469515,0.03145157702995063,0.02818039004154815,0.009193763094815541,0.009821004211375425,0.619274866919881,0.1405420459346192,0.019562525789264384,0.33953637721985547,0.26951098417030406,0.5709782011736482,0.5988193300334274,0.5087304094621989,0.15133128149471475,0.2607624619097129,0.059547600397027604,0.09047287484947598,0.11908085808936947,0.2208535171432329,0.16708406814686602,0.10090317940318053,0.307034270497218,0.23141179612158114,0.15140887852064494,0.051464374943651525,0.14213432518815558,0.1004810501257951,0.06862198837506674,0.1378462173509567,0.039720548236001976,0.0918301156714893,0.1999196454352002,0.03782124770271321,0.339926494657237,0.0894596464778273,0.271683875772306,0.042053984475827734,0.049544328662952754,0.029654852429949016,0.04051378370457214,0.44104506329903315,0.9370635128123983,0.09163177335624922,0.11921068923236873,0.21072852777897644,0.2085839091483055,0.021718932991849252,0.26951504794635806,0.23069327944416915,0.25034143684550414,0.4084412350581621,0.2786492725173929,0.15120611628724034,0.29945701131781866,0.35220682944991905,0.31788595416586535,0.05889861476976231,0.009783675686236462,0.189150021545768,0.32084249560833,0.1983849999358218,0.10998239901320188,0.17330050595722493,0.8791407460062075,0.46167576325547544,0.5296106977614178,0.6908108641050149,0.9476848100263318,0.957850554908003,0.8481924144701873,0.819195752217723,0.018976250559731993,0.2903152148495166,0.020763285091573325,0.4789002950967754,0.21121919365305533,1.0094009510592363,0.05033958953104326,0.8013473511110731,0.2617900764479254,0.0201502692777578,0.009186055276382766,0.3020807756251433,0.019499682249910517,0.25012042281388397,0.2795856307072551,0.6997686756765541,0.02980300111475371,0.700462417699478,0.019634080358474255,0.6498265376958017,0.2088602146462109,0.6217006096952883,0.03809074591409016,0.5580954003993828,0.022167009570778266,0.3907585805759105,0.06997037718838593,0.7488891908831546,0.16074960372038413,0.6685638822079722,0.32785734455744536,0.5316194031656971,0.44843712531488616,0.7301366250160994,0.34099053609055935,0.03926143005387361,0.1304384207156389,0.14898665775811726,0.038979636092196374,0.06072496225041198,0.19136727324547334,0.3011112945124324
0.6400201805231133,0.7106281565240448,0.6012522144442648,0.5001649044559652,0.6209853480294644,0.8190844400506574,0.04110536114342984,0.0388166350884872,0.24009144110705458,0.06009160433166664,0.2397163910113912,0.6105827843081184,0.7106079414741534,0.44158818582637394,0.12893305218568918,0.3992025030326955,0.6404020259568403,0.5104526631759424,0.5806959950052187,0.5521957270613144,0.6693743185315686,0.30084465522603004,0.3490332493031434,0.2788129606669246,0.11993790127718292,0.2696221579195592,0.18136675802547744,0.061357166944513465,0.39936774255583823,0.44031956158182817,0.4194099910818603,0.060374448870649695,0.9863443333580064,0.9175211051116247,0.8687479916033348,0.35877733221726865,0.6877760220890341,0.5485379779293863,0.30836325066941017,0.5584725711589826,0.5510783251825536,0.4516827934987928,0.44768239800093135,0.16064898429105204,0.019910988609888186,0.07939624658620945,0.10953872641649519,0.07894232008363786,0.13887565300911126,0.24992247963411787,0.37091350086192026,0.6900524009606809,0.05126929588104838,0.02067928251617355,0.12016959721205403,0.6083171080430139,0.15904921750187395,0.0886815719741015,0.17837909921170872,0.7999973275754814,0.7199832985939014,0.4003367419968659,0.30123622423272933,0.44144726413754365,0.6488997244022477,0.30904594317535994,0.18991472676115673,0.07145534942438496,0.050519466905921934,0.05857563442625467,0.07178471373668173,0.01875905401438831,0.12791895173917764,0.20164456781627832,0.3514969152734954,0.4315641693240087,0.7198756176254485,0.11086856212780093,0.05990387585736044,0.05033958953104333,1.0071024754588442,0.12114336101666111,0.09081321660950162,0.3893884284762079,0.5507508673660051,0.23184379704384844,0.8196490025448457,0.3190081421769165,0.051312251261148516,0.08971254934683946,0.04908335041548884,0.24879143092737444,0.050673630392371556,0.2800809553846529,0.3905061840273654,0.4808012060537649,0.05086100917519815,0.4293289186403666,0.04945339170188126,0.39821681612600224,0.1387504439399258,0.2500434796222542,0.26078610882909714,0.34918101339697866,0.4583704768224608,0.48241297058814747,0.6297357509845635,0.3590720632679816,0.5301440416134771,0.23001140197844763,0.03731353044406042,0.04198726412780968,0.11962096202208913,0.28116763109018783,0.38850113612466675,0.4724071405953212
0.16925578811915107,0.1687829137873501,0.08949743895834672,0.07147122841850596,0.07020138432155289,0.09039358101670279,0.12171288147795685,0.1388809733423437,0.3493669538977922,0.3704570100235721,0.20023669186816398,0.30032662019209955,0.38100883081065656,0.7491540037402904,0.26826011488349166,0.7801411146248104,0.40169284461643157,0.5700059804835746,0.2699134265418618,0.3492887842496979,0.3586550322563293,0.592422200096167,0.5086541461577381,0.4011773939004025,0.699073803866975,0.6180908306751389,0.5099156968663597,0.06876994757349661,0.0292573757594592,0.03100684456276043,0.050632560850011256,0.01963356428265403,0.09976761290558078,0.24977283743407203,0.23879265368924044,0.2611032508875455,0.4699087638970274,0.3493072494634697,0.0818537203389096,0.2510481684409687,0.272655679464117,0.08941722216193917,0.06859982166240305,0.14011524675906015,0.7889475936369464,0.028835348011165704,0.020462528230736774,0.021095425562879966,0.021023766256110823,0.10930485971942125,0.11041329660164773,0.23006408647964485,0.030032754436775565,0.08837578976953497,0.05081858313269312,0.10838581534764567,0.0693734461332359,0.08105508859413464,0.08884972831156336,0.2093276218408249,0.011177506236316597,0.06987923115562097,0.12158062648866366,0.1779710352939153,0.04069121209754408,0.25113622739817076,0.6699777526615367,0.13818461177826488,0.17177406618426697,0.3094992141249702,0.6505561851449233,0.7289625085323788,0.9863193585789626,0.9691393533296067,0.1671277379003578,0.14970199001315054,0.14044857373653113,0.14102522902692205,0.019067170700694854,0.8013473511110731,0.1211433610166611,1.0072599300960898,0.6394354455990443,0.14074152489101896,0.03998025950514674,0.05956562903673132,0.01985278365219063,0.049410952520555315,0.03156853070331458,0.3410638035101206,0.2204972658442613,0.4590812745372436,0.15008216336063554,0.4212210210960294,0.06948285121749415,0.5809862034826412,0.05953588638757613,0.3977944184385195,0.20081627214088021,0.1997161759369087,0.020622695923613595,0.5408763494929167,0.0287714651630787,0.5200249406111297,0.16995095037917668,0.42997240922386576,0.43001173023374845,0.837668710937384,0.21053608076026617,0.018841903904406817,0.4195928168164452,0.42007120791197916,0.2097340543273428,0.010888201453678895,0.05971903151632123,0.15201319188224743
0.3804850329542646,0.3425544321085051,0.2901991387785338,0.3107228292873007,0.25092456945691866,0.18991446973508191,0.6806592843262244,0.6888534356305586,0.010128725173145354,0.7592088757484019,0.6594414004609894,0.04822444265710847,0.2019576872489292,0.45118783531275186,0.059525365415337476,0.6285748659431516,0.509789214342712,0.6699789424306895,0.5304862272839825,0.6005535085265846,0.4914950940032586,0.859912751118973,0.8086055228548178,0.7919873965943731,0.9577999491047063,0.8802056816058571,0.918625168230101,0.520059397986145,0.18864061185150846,0.2300338037849877,0.2998267463981142,0.3398404345798343,0.07902633170709593,0.2490963053990243,0.07027389386307918,0.6574936563763536,0.25899077655917535,0.5998070150465492,0.07012314707241381,0.5092391752160479,0.5391392736213003,0.3697931994620531,0.32856885351415155,0.07107050040065511,0.3197193895073973,0.41211836649090616,0.35806755294403575,0.25101797582138,0.229052620179711,0.5201349531868753,0.018840924614651148,0.05031649904326638,0.2006096159868229,0.1092233356374809,0.1284928597763496,0.010531334245549681,0.08080755932576306,0.09196331651682234,0.05914438577070132,0.28806370255437547,0.05936098265089435,0.02937923457306118,0.011145274426450287,0.19028223803222383,0.06988134661537447,0.3498077666841657,0.1490853412179154,0.050633239035630655,0.03769122770741021,0.020134177594867516,0.1296425281770857,0.2392995188767132,0.5699370535701949,0.5512302245905011,0.5516512559607119,0.0014001708777203257,0.30960556033767966,0.07072278533186145,0.24087330320692305,0.26179007644792535,0.09081321660950162,0.6394354455990444,1.0047407691267471,0.5002729452627956,0.1910788873158957,0.11103479598563791,0.06001743437819774,0.1194604055794938,0.19020396169005002,0.06953681041071216,0.7295772554322373,0.04054724710536024,0.5807595234957288,0.03898677566117626,0.06951270917166458,0.15951836948993747,0.5192604194205768,0.038884107712826785,0.7311035366002896,-2.913516588500935e-05,0.2894704742073944,0.09056984298393739,0.12900232409887658,0.09089581402859402,0.009025617632764278,0.07073539362622996,0.11065524322291578,0.4093815621643153,0.00998882130082453,0.3104383649804348,0.8480748615259791,0.810033300610115,0.5912649745517826,0.20826510058314315,0.061829554361288834,0.010829334526514276
0.9181715288902549,0.8708888247856419,0.901789603234188,0.9373467004875933,0.8622126032811329,0.7299993118747509,0.5993154595301927,0.4801083913948996,0.04053096513533555,0.18100561585290528,0.9299914263843913,0.09100255791800041,0.33029583614640107,0.2785112801588282,0.35967663839542824,0.3906742891015009,0.7310947411850969,0.6693567334013047,0.8904068419097646,0.8616033044327129,0.781668323058226,0.7093532809906863,0.7694615427627264,0.8105309487019169,0.49938068044694744,0.6897453719280642,0.7191039264481043,0.7492819489535467,0.8311912160383235,0.8694601467548351,0.9076148590420856,0.7184882740720222,0.3685333963546104,0.5807856211475155,0.18018841073391761,0.9587840884743581,0.32890739387663326,0.8899476168032238,0.0799672198844622,0.9386082906415201,0.9297224814035752,0.9686775271158686,0.9506157795906098,0.5392742157420555,0.02997937222532378,0.779405969788633,0.8109288638614314,0.7307689642133832,0.7816501335936086,0.9574823510888907,0.010155703907171455,0.1414244453945644,0.3691783962840115,0.4187428879429899,0.2095074775800133,0.04966191182257706,0.14154745997907053,0.2391929741286058,0.11140896896714389,0.6978916788771854,0.20030851249208878,0.0004621461657028713,0.021705697052665635,0.10781529239871321,0.3713341332484424,0.010771724091282058,0.01878597152921046,0.21936880826772864,0.23092282279181217,0.1492491088874224,0.039269298446005345,0.05006837753485905,0.11180235584500486,0.14857965746921498,0.988531629835089,0.007681121164424745,0.8480447931735814,0.5311418910365143,0.4120557331965038,0.02015026927775778,0.38938842847620786,0.14074152489101896,0.5002729452627956,1.0090519821039012,0.008824592658152903,0.699230719657406,0.18238172873503858,0.7296494806113527,0.6293278342235827,0.2901919137437149,0.641107039132764,0.010784831665101064,0.35015944282285566,0.010247609059514095,0.04093060482487855,0.08150532888129025,0.47100028005583366,0.018408564005855325,0.6397712392092588,0.009583329078793746,0.22052425325249317,0.010833017685185135,0.09979911494211904,0.02056182817694118,0.010192751966366905,0.03753580462320405,0.0909349477332371,0.1602165870583725,0.011500361724331503,0.1397551321204024,0.30948833134462145,0.2510756116724882,0.16871458453083235,0.07876608363407361,0.029151098128611375,0.008136060815302942
0.10319218018069042,0.1496329448657661,0.13064674368899226,0.08078767052988332,0.16955951922532275,0.3098021698232596,0.2610644113262265,0.3690801941353664,0.20030332304329593,0.5687822917800982,0.02061830683643858,0.39986731042611773,0.28073671606214623,0.04869886621951634,0.09058137814285938,0.020651722780429864,0.0802914376895479,0.02906769324588723,0.0402357127425278,0.030004658744143545,0.08998228434503261,0.030134487923788193,0.01896617539391967,0.029920708837731524,0.14073440392256076,0.03878413201799832,0.08966968826088259,0.10964943137922276,0.06975697903172792,0.06985922478967115,0.030887080024281133,0.05051748113424134,0.5892004287574711,0.2901012938247324,0.489306164153943,0.008785209678530862,0.2102215778698023,0.032115019071640175,0.49969047492728447,0.04891620149611747,0.03962088399905364,0.04976713954493981,0.05736609827892641,0.05194911090814685,0.08005360818720235,0.05928690682140039,0.019532971904770935,0.009637596011920862,-0.0011902099208622346,0.0011539167579769848,0.5193457865125466,0.4703687015631038,0.22140251376421208,0.05913227231998845,0.32016171908659147,0.599072748145978,0.3481429437107871,0.22137203983508774,0.3409173227912604,0.2496244013834304,0.7306989207566642,0.5591765881968798,0.39013925881334555,0.7305646280063289,0.5803720033223908,0.7983104344213806,0.030551439865896025,0.16011760069548842,0.09996844385232406,0.05044092124173956,-0.001630349883421073,0.04093839486051726,0.03005100575405663,0.011694007783265126,0.0010076356234902174,0.5002286365115558,0.17927835235000875,0.010196333319000663,0.23927891821998576,0.00918605527638282,0.5507508673660051,0.03998025950514675,0.19107888731589573,0.008824592658152972,1.003864585705933,0.040560583032669566,0.8574729833720877,0.08915578396851649,0.02034205427935679,0.06873154880576085,0.21058324456133048,0.12121236991021339,0.44935345548589534,0.14756032318457718,0.5589819797212884,0.15875191305836522,0.36085486252321414,0.24905709267618625,0.23094333930448088,0.3902910553652222,0.4798595744653932,0.08136175977603857,0.5081148537688462,0.13024614790460315,0.44071639280405883,0.23131040089958052,0.271033601494746,0.02889452638665191,0.44999204522496833,0.669209611926857,0.4705372190400966,0.5086371088772592,0.6509807130794855,0.6499335430463846,0.5616937610032403,0.4809730741028952
0.6101270322825757,0.5811328346307081,0.7211421978911065,0.7793620086814007,0.722024467873934,0.5787630944404194,0.35073517437104096,0.24786803751595582,0.2406537472718613,0.03081858854814373,0.5498764384502758,0.020273586404932663,0.08954017724799976,0.0509020846630491,0.8500363269894828,0.06916851287839303,0.2985858930377729,0.20978937402011658,0.48298718489279757,0.4108596843826877,0.35194193700738463,0.22072315771680906,0.2879042630201331,0.350761920209625,0.10010955464057757,0.20895727914342432,0.25086437606643397,0.5805625654853519,0.9280337886827041,0.8789176629087955,0.8203168366126642,0.7187407552529466,0.23843063650714688,0.28905866821447557,0.031186818789522366,0.5274820292431377,0.06945643310934745,0.4285270616630997,0.1693475881332016,0.5303233070310337,0.5101800216188209,0.7612338101742212,0.8076809480026402,0.9586377231106138,0.3595163071494354,0.7107826309413195,0.7908100418841029,0.8485694816276363,0.9174838189791531,0.692263950331359,0.07060176307531825,0.032094129352877865,0.4796757985203752,0.6784234775635484,0.33132598435317584,0.008989835328990727,0.2678698154347912,0.41125080160111077,0.23997940412859387,0.39799830607830566,0.24070744726754628,0.03936693765799713,0.11030823723807909,0.33044335634578137,0.549628017828193,0.1299175323090073,0.1883184215422704,0.4524715953145868,0.5190823402241064,0.4901250178114344,0.35040550602884996,0.428308289379391,0.06959436288811942,0.05170233080027813,0.6498289707918362,0.04929123087098624,0.580007026773016,0.9491733548283606,0.4903604193682,0.3020807756251433,0.2318437970438485,0.05956562903673139,0.11103479598563792,0.699230719657406,0.04056058303266965,1.0097944702857495,0.22943539744902414,0.9865652881821984,0.8109051424148324,0.7897395704252153,0.3375501098661071,0.1678243372827659,0.17025564579228178,0.14027990442894184,0.08099778421302373,0.030187463017825274,0.3307551732268025,0.06100594312371401,0.34285201120151515,0.0792108588176536,0.1892587267913911,0.14002359729069694,0.13980579161887347,0.08058485264536588,0.05229091006091646,0.030733378790357497,0.008347235297747087,0.030397853063310564,0.0261821012661248,0.10019411452831313,0.06753732799021002,0.04149019284294883,0.03951812609084394,0.0702740670040417,0.06788074807583142,0.0429792110976923
0.3877196982998073,0.45142589157252927,0.41987521153308305,0.3400464431910074,0.4688985084051364,0.6406879885585929,0.0785628463522136,0.1300789911961203,0.1402485633580943,0.29105798322299425,0.07898178382402943,0.45150191886884194,0.4593662140758268,0.15074612276567093,0.2295705430157014,0.10928373964138541,0.3110352616886982,0.18087327025890065,0.26973366599394116,0.23075843170375346,0.33910520049653703,0.06803369079027322,0.08984955429998229,0.061269969410370065,0.03943929676541738,0.05279799350508111,0.03945438624264374,0.021316680870943964,0.31891218413520306,0.3203666010514717,0.2495091232070379,0.01879058477197923,0.8481004104664828,0.5901546988522685,0.6398781481869736,0.12899687732389062,0.38984959803437147,0.23921684171856877,0.3203376326347131,0.2781765168765189,0.2614651220676541,0.2797562306384244,0.2924791646249986,0.21774557589732893,0.08934403150545131,0.031049743400738353,0.05086757434101148,0.039771206285295464,0.09111007837046459,0.10951087258833272,0.3892674072215573,0.5596003868990768,0.06949939419970703,0.010221887691639073,0.14923315541845972,0.6005135481342645,0.18257403274903572,0.08935908873408571,0.18963529072995308,0.5497175574376902,0.8794419254438156,0.44072370931731775,0.28112426234978316,0.7897944625093756,0.81948063766758,0.6895154676684819,0.03930512211948614,0.05880429310447453,0.029812410967034776,0.019071032001682062,0.00187894907028038,0.060954932625715844,0.02080672063291017,0.028041998047079672,0.1489874958372763,0.40925630456401585,0.49094667178479595,0.14092439374300267,0.08126157290033614,0.019499682249910534,0.8196490025448457,0.019852783652190654,0.06001743437819769,0.1823817287350386,0.8574729833720877,0.22943539744902408,1.0044998005062904,0.31100709041307295,0.029288003979445375,0.1808231620486064,0.0488616927139536,0.10816756756216926,0.19034904441373832,0.13200776341463177,0.41106742376591027,0.2210327176052209,0.12940287482448457,0.2506186426315826,0.05986476492269565,0.31931129659288326,0.24971861350376268,0.08942385082022701,0.32143161529044256,0.15100320994168573,0.3796483294027774,0.26826726228646774,0.3602573110655868,0.09049707767665083,0.4193630791426478,0.40106652807281934,0.20960992864665876,0.24166920407536463,0.3692618816731098,0.4296365262700509,0.418322410561405,0.4092345382285328
0.6797837139781311,0.6585792718124338,0.7912088452400939,0.8312645370679793,0.7986404024787264,0.6689759608377301,0.31932297421640093,0.2201042911044638,0.16881583818080492,0.030658948599562683,0.5588865868077247,0.02901430156760881,0.1318442076340919,0.0592881325091991,0.818620514775382,0.08953834188852444,0.3512082579781333,0.25061552227993467,0.5404858658598405,0.4614409872134454,0.4195316453587201,0.2475365442556946,0.3190321812086824,0.37051974708342433,0.11030871206298412,0.23122696370324794,0.26126232414499195,0.5404305549595171,0.9493787240387536,0.9094056516915944,0.8494919342710516,0.6603008973926431,0.321521167487111,0.37017131260368574,0.07908503827603834,0.558576749845336,0.10968484686263176,0.4813177766206801,0.11082931210387191,0.5902990446024728,0.5685215029600517,0.8087447602307803,0.8499729556569119,0.929342157364892,0.31918261931634156,0.6607537709962241,0.7511245676864267,0.7886330823308824,0.8785063307021508,0.6999853571388236,0.030194822375055986,0.05998028916786457,0.39160874912366017,0.5811292671731341,0.24896971410464686,0.029899407864961862,0.19192042435590845,0.3202003563613975,0.16798168775597622,0.47918830020707737,0.3187412932248298,0.011260882153486414,0.059376293374344025,0.39049997860346036,0.6297409031964818,0.17023706256089913,0.13069087232903034,0.35824421093295666,0.42001536483416857,0.39257644488125887,0.27827664359679855,0.3720319602353724,0.05167759879542851,0.038255832456423944,0.6713520913767865,0.020315182694736197,0.661204341711202,0.9001667732352414,0.40914337479404744,0.25012042281388397,0.3190081421769164,0.04941095252055532,0.11946040557949379,0.7296494806113526,0.08915578396851649,0.9865652881821982,0.31100709041307295,1.0078360481065471,0.7395285550348734,0.7491892719187498,0.3119178751247282,0.10917137069068152,0.13891168534045645,0.08151002537980626,0.04945415520982932,0.011600975806436365,0.2804694590631591,0.029221818300178528,0.3187192168295919,0.037849564998671696,0.14049451660848813,0.09004231545137477,0.09051991101925934,0.04022002798234533,0.019775866899355697,0.009393127418330786,0.009150129897747078,0.02066058793955804,0.0034743509954246314,0.06872741023602076,0.06038746591446189,0.039317186105887254,0.03023073091713923,0.0399779240310351,0.03193180335161908,0.018083599573626295
0.4205815333066719,0.36992428661061477,0.49982186657780714,0.5898490183251367,0.48037231816685555,0.3102145270587344,0.5917112006034623,0.48872047880557523,0.4595101249552577,0.11053799655857609,0.6003696215002957,0.10951405923317598,0.05037462536864891,0.051139945722229393,0.6686111542833147,0.05902465343203352,0.1896449014801141,0.15894495157053948,0.3696286710808806,0.3213778845539328,0.22146722437253727,0.24241806737540067,0.28957168649186643,0.3994451210380089,0.16985956789127107,0.23903088514198997,0.33956209797461745,0.8197833426883717,0.729392779107092,0.6894039360618709,0.680558914672611,0.9194827606386893,0.05928323809135621,0.11958050926019262,0.03040650166791412,0.5109247128794566,0.049102927211045075,0.3382441898705226,0.4802386397372131,0.4088221428705815,0.40022931319956706,0.6116892759059147,0.6391193194031385,0.750664337525992,0.239788553913446,0.8994461657915407,0.9092760480565976,0.9688120488040389,0.9188471257622618,0.7094913644475765,0.3298869598297369,0.06115568196337106,0.8389100584706731,0.9289934246219893,0.7001979744713195,0.09758072297787206,0.6215058470341628,0.7608371622177195,0.5885113034940734,0.19075784762151443,0.030608126324603305,0.2810538796516634,0.40885450812233204,0.06033985579705608,0.18912886088700157,0.00026572784244605367,0.2902381499641656,0.76056423399745,0.7899008989346098,0.6895785883049153,0.40072723431135404,0.32837452777120113,0.050045656516975984,0.04103904205438735,0.6107106820197098,0.27104885461912204,0.34939389286256306,0.8305077695223942,0.8489244883326759,0.2795856307072551,0.0513122512611485,0.0315685307033146,0.19020396169005002,0.6293278342235828,0.020342054279356796,0.8109051424148324,0.0292880039794454,0.7395285550348734,1.0045184552664335,0.591347258735384,0.5696576770413688,0.34997375923386825,0.4586567490106083,0.33088352777909225,0.37058117413401753,0.1198818899107664,0.6715625468518739,0.2393930812879489,0.591157839715023,0.3214124382060141,0.5400872039877341,0.28905877210153924,0.47904770696079685,0.22134737274938446,0.2909371396495855,0.17870397144896308,0.0906691776664754,0.04807152451307001,0.2196337419154941,0.3987158974725613,0.2176496920111511,0.18072054869602766,0.23106437485697215,0.3611834951127337,0.34892402325269617,0.27961961914100614
0.23887166859107672,0.22986325605235286,0.348754242110468,0.3897760752719713,0.37048271537526667,0.2805679594432271,0.12993721762596808,0.08020279453202929,0.40980201763302115,0.0608999081464923,0.18909731550608436,0.07024043531060688,0.029222784716778572,0.14126969645837154,0.9296009933293092,0.10899742663373858,0.06920117409262502,0.0504708233830198,0.15929523200345366,0.10936397239707661,0.08085542824097476,0.051100301402149925,0.06058807945461412,0.0902422535856334,0.06926199403411944,0.050622818508945726,0.05898549809403183,0.2803463989213829,0.6097053766613356,0.5398158531055243,0.46027798287399185,0.42915974127603784,0.09992485007954786,0.08061737313949846,-8.0038584782901e-05,0.16173156671611813,0.04038322834224738,0.10887056217165658,0.19022016510806514,0.16907079129143152,0.15088368365369897,0.35150743811508495,0.41067134098850444,0.8795073738761857,0.7501841109993489,0.39005223158873475,0.46997795674645926,0.5704143230514133,0.6207446824258903,0.29952141948080285,0.12032885190867705,0.029822189241609124,0.37857715269392433,0.6097850471993415,0.3004236222247285,0.019609062533037038,0.2710796597518997,0.39038851716720524,0.25938089954799337,0.12064121247064848,0.1804594093101753,0.07017372659690442,0.16927247382155672,0.4296036807357335,0.46931860397518443,0.27073234406513086,0.4906289481673675,0.4894309593857123,0.5705100735828902,0.6492254207177155,0.6905171545342472,0.8184240449810248,0.38052373923680816,0.31938974324909053,0.24957399280723377,0.11007255494365503,0.23044967561090154,0.8896015852969477,0.34989701734673756,0.6997686756765541,0.08971254934683943,0.34106380351012056,0.06953681041071212,0.29019191374371495,0.06873154880576084,0.7897395704252154,0.1808231620486064,0.7491892719187498,0.591347258735384,1.0022181805107326,0.09985587598708891,0.38895991541599356,0.050309975911756205,0.3312848360596976,0.11005809803877858,0.19011588511398766,0.14973738850765883,0.21946536791691584,0.1102424385481657,0.17111987228716127,0.09961815893628262,0.3796643368194814,0.12000627281084661,0.2809399743573661,0.12065029701676501,0.16835896183675103,0.09056384093138245,0.2288956412764307,0.09942838384678371,0.049768926646835646,0.0497621440028372,0.05950224939120881,0.03014198938453285,0.04089383006099661,0.08951861759486401,0.10999593077815106
0.420965477700593,0.36732357291078255,0.380249914914304,0.43922755761811455,0.3308112187194782,0.2100697934829922,0.8091683104612487,0.7718071621119595,0.10906332659388958,0.5596125667374843,0.739057891227663,0.019579742782611233,0.05054617579127293,0.11913781827087815,0.1298651306963608,0.2396989609906169,0.31847635954298814,0.39039411341044744,0.4797146979459341,0.5014665563379438,0.3407662776339195,0.6823923716875099,0.6796279424613885,0.7979789523283454,0.7299133823456017,0.698947071168505,0.8379399114526026,0.899654115763798,0.39950387443281016,0.4220623184692539,0.5182985018504813,0.7692504299263939,0.0407626245925371,0.16099644371536218,0.010516339538229443,0.6815237023947655,0.06027597051433609,0.5113475776044273,0.31936142238734433,0.5194356093100755,0.5302186345616106,0.5094427606312925,0.4801245291613727,0.22192612651990543,0.04968558745716667,0.7296457358969818,0.660256996308008,0.6015368069287462,0.5280733023019537,0.6798980288254252,0.20967443265540325,0.020559324245764836,0.5801703774397742,0.4702055719548037,0.47933470526701716,0.07857273053723814,0.4104780969624513,0.45024653325941044,0.37093292285137247,0.20051918500596938,0.05011814059357406,0.2295592766300767,0.2297472142452754,0.09866480160456324,0.05139437095969915,0.25087093232759855,0.011407302142181514,0.3681755243382633,0.3311336327793054,0.19103388573479949,0.02842337979969015,0.030605032814345873,0.17099606434473297,0.16925884536623223,0.6609193765377995,0.1515394478373365,0.3079164524031531,0.2793547170786151,0.6502172509603525,0.029803001114753706,0.04908335041548885,0.2204972658442613,0.7295772554322372,0.6411070391327641,0.21058324456133048,0.3375501098661071,0.048861692713953644,0.3119178751247283,0.5696576770413688,0.09985587598708899,1.0067311659755411,0.04326589647920663,0.8785021819913755,0.04914986135760839,0.2800249878323454,0.009430541863785094,0.8704688426855379,0.02964096071818612,0.9864342426277493,0.13874516753996827,0.6691403681933877,0.017842308165901325,0.4405752718924021,0.010472703106359756,0.13921970901896272,0.011133705199497,0.009727785161254362,0.09985842342181794,0.08187882761404547,0.559365163073765,0.7905884517995005,0.7594738425770355,0.7101378151422254,0.48011166577810716,0.2826669606642521,0.14736431218727708
0.041108091360654075,0.059622982012724667,0.018671043761605142,0.010816552171828083,0.01865249762231682,0.05150829945291593,0.0594234372933455,0.051530602255193333,0.8594720949166973,-0.011266450859925628,0.0009700199369898979,0.6901311661409384,0.48975290206903327,0.5686781468683757,0.33105471276602294,0.4197599407828918,0.19863333498956892,0.22096534986231348,0.05796220614455753,0.08129269089435948,0.17102848211806426,0.10149244909957475,0.08060619863003057,0.02949218956317422,0.07094779586974913,0.09716576532820627,0.029259063327609008,0.14888822373677138,0.06229142170001073,0.04098943692518792,0.0380385570598429,0.24032478909514562,0.21035287039874648,0.22029531431856614,0.5413921338779667,0.011523876450524611,0.5398752138091312,0.08180359328561433,0.6582368630677733,0.050765253217805305,0.057460834094084166,0.010045223983252426,0.010951213975587095,0.23086828605881485,0.479978877875326,0.16048495961162174,0.15860197912775398,0.2505006036473665,0.1805751291833579,0.01931131773746054,0.6901072361533019,0.581746228005013,0.509476974110921,0.5577176169796225,0.6283478298566361,0.5679792126971356,0.6888404166030493,0.6712115182455517,0.7219160348120315,0.17064897027003295,0.14007183229513123,0.6702992254897788,0.8085842753950355,-0.0005391700865860203,0.011061933176540773,1.704189595904134e-05,0.9386562277422432,0.7413529966541591,0.7505824178100973,0.8390672154573945,0.8489395760184889,0.5607919890721,0.5114781414394266,0.5798686160499402,0.008801812034315917,0.7110314302896559,0.05852471341035178,0.3208308944276106,0.4722886388175343,0.700462417699478,0.24879143092737446,0.4590812745372436,0.04054724710536024,0.01078483166510111,0.1212123699102134,0.16782433728276588,0.10816756756216929,0.10917137069068156,0.34997375923386825,0.3889599154159936,0.04326589647920661,1.0099771055195321,0.1199077325956345,0.989603726949976,0.6817207659541662,0.8789727509752889,0.22078242959389152,0.9496619909809796,0.056840712467652856,0.8793324222533847,0.37817979843221183,0.985514474753183,0.5801791962429136,0.9674468324370682,0.8085778331450385,0.9115018435927168,0.7809079810579114,0.7202633287376821,0.8213660906568281,0.3695445605686035,-0.00985598474221174,-0.011034595442624794,0.0719255310613425,0.45044933516542635,0.6792297215406611,0.7986611846897078
0.16130851104351757,0.12180854477749929,0.14864107972685647,0.19278572494093502,0.1201449374383944,0.05027748621872326,0.7004874455528584,0.7187911453460311,0.18981635308120254,0.6005278218278619,0.4711950101873059,0.10034578256845203,0.01997901147634181,0.021133087872480142,0.06019535268244924,0.08982213964493226,0.10807085704617304,0.16136685535517872,0.20159261992935276,0.2190271376709654,0.11065853785085107,0.4206867871758668,0.3904437904587908,0.5105038178113602,0.5695731323921182,0.4492418128404153,0.5999930533517169,0.7498877760721376,0.18014417227465288,0.18852442437368352,0.2503485594832047,0.6218280607635102,0.04933100549758239,0.02880828596683717,0.09093441810494074,0.39030343050937627,0.010277486710894125,0.22975445282134643,0.48995137039094044,0.23999631106937785,0.247698868447861,0.24840927402315197,0.22923110584544,0.10942436421556888,0.05098522892921639,0.5592858855089523,0.47196673818461504,0.4401481455594154,0.34081159305825687,0.41966142004003426,0.38229853836303207,0.10929956186431158,0.6095514881127946,0.44057676737354967,0.5821254317278994,0.2509571936195806,0.5484080287017511,0.5314429345674578,0.5183672541775509,0.04889696438221835,0.19904570650116257,0.46065366208525244,0.42025473062241414,0.2505906996116865,0.09032578759549634,0.459798105218618,0.029078561165542947,0.42815188733691717,0.3707439626858223,0.22860849538725664,0.0316326690962649,0.029074973773402756,0.11008145783790131,0.0885183087094536,0.37811790791395883,0.32770586642809435,0.09136773883805861,0.16005615890052427,0.6910631387031458,0.019634080358474255,0.050673630392371535,0.1500821633606355,0.5807595234957288,0.3501594428228557,0.4493534554858953,0.17025564579228178,0.19034904441373834,0.13891168534045645,0.4586567490106083,0.05030997591175626,0.8785021819913756,0.11990773259563452,1.0067879442776657,0.1323644787900483,0.5106759892235282,0.029080853077168504,0.9066562324273949,0.12896814092471873,0.8887292688424205,0.309415312533428,0.8685748051553056,0.07032904818960783,0.6790006903504698,0.06878272002850812,0.33862289169241605,0.10019080907774919,0.06899300397361946,0.021276112157876278,0.2508672467657476,0.7820346036351077,0.83012590582937,0.8293828336427918,0.9078903823071348,0.7487106769302231,0.5295390438783737,0.342642592232861
0.050233208093593,0.06960138182833972,0.01859407858628509,0.010553962019856228,0.019379189296569586,0.06076705036815456,0.06002965690728992,0.058676656698391255,0.8282493290012415,-0.008207961269747597,-3.321205897640664e-05,0.6927594023114007,0.5001384466341718,0.551187595644571,0.2890038154482727,0.4091916762361838,0.20898033919596165,0.2298127812002248,0.06082326786130723,0.09025649628558179,0.18082753901673562,0.1007973834086231,0.08090121255191263,0.030052196088539276,0.06938782729602913,0.09130062005040285,0.029284759606425157,0.13994132641324153,0.04901324117139267,0.03072672751115749,0.029095187663567525,0.22043418237706838,0.23820779018326144,0.2405839583130252,0.581052636967071,0.012106419202459374,0.5487896648638425,0.08988811953316811,0.6603987248700651,0.05745487381881687,0.05847082450493441,0.011377876344276033,0.010522000621031908,0.19764963703308716,0.42917593929990727,0.14989006755588632,0.14034960675308647,0.22938743437643525,0.15982695983935014,0.01149555105767286,0.6928354191964311,0.5994622418246424,0.49909506083503463,0.5300632707902548,0.6190932609286363,0.5981052737178376,0.6822041966684185,0.6609867258163841,0.7270274894552528,0.1914356056140799,0.16943459651285805,0.7017369376113309,0.8296714453349022,-0.0007151531696073278,0.01990157288123979,0.00192417213427884,0.9088219575139996,0.7184766226362184,0.7214951014637856,0.7992397488140748,0.8009283319227782,0.5004584526722105,0.4708061570677145,0.5485249275450734,0.0074565059415104525,0.7187738404020806,0.07062040337891141,0.28057858325221846,0.46988563538356987,0.6498265376958018,0.2800809553846529,0.4212210210960294,0.038986775661176254,0.010247609059514133,0.14756032318457718,0.14027990442894178,0.13200776341463175,0.08151002537980627,0.33088352777909225,0.3312848360596976,0.049149861357608314,0.9896037269499761,0.13236447879004834,1.0093529647116224,0.7130715362298556,0.8906555238272936,0.231360223754939,0.9609803464535939,0.059238493665168375,0.9069629334042005,0.39910553392836084,0.9770768771806643,0.610461270441067,0.9771914875094583,0.8486131712917907,0.9376370683038029,0.8103451092567948,0.7100025974854592,0.8589218073258761,0.39992611518883414,-0.0012465819515628319,-8.524437934665866e-05,0.08959720450520063,0.48930387248584933,0.7178022401191728,0.8320964119168796
0.031075032300480202,0.05145091014524087,0.02811387805072022,0.01982321552942681,0.029129192775225885,0.09176833988282865,0.34976239648818863,0.38028452072137453,0.6907222379304124,0.24020140878800167,0.0905040326661878,0.612366422998793,0.3586522144937005,0.22065902059331796,0.09085518722523572,0.1179664073313846,0.08823075749650178,0.06243418430707851,0.0299993097150658,0.030837930784658775,0.08079068037900938,0.019899958470530565,0.020530427955860707,0.03943668131052765,0.04077275680681762,0.019836552946852395,0.05976199607544249,0.34922454837751593,0.038189965205673145,0.03056732057686192,0.04029761178962515,0.36066194358449855,0.36922752545420007,0.22823270232152568,0.6401518785595853,0.04157626007996814,0.3506166903413269,0.03019439551401434,0.8975244806677005,0.027351514272566085,0.028198315041426416,0.0311113110436516,0.03088131654111698,0.09866148964006119,0.0794734897436055,0.30837138420273735,0.25059162501054605,0.2898068951811834,0.19089498492003487,0.09972049088049233,0.8317415414871594,0.5793341425436673,0.6688598711993137,0.5211070604063979,0.7792865608775643,0.7085770395791898,0.822080335109414,0.7391529175627212,0.8389191575426366,0.1510987598971957,0.3907048545456556,0.8899815561665347,0.9004395974781735,0.19838336295248504,0.15032828120518074,0.28092273332916434,0.4777776269213273,0.699497239240954,0.632132333635597,0.5777091629044693,0.37087059357454427,0.13135542104067194,0.09155630364226379,0.13961180562422892,0.04900967111943237,0.799562016404691,0.05973126550784194,0.15968426204204128,0.6995339896220096,0.20886021464621093,0.3905061840273654,0.06948285121749416,0.06951270917166458,0.04093060482487855,0.5589819797212884,0.0809977842130237,0.41106742376591027,0.04945415520982934,0.37058117413401753,0.11005809803877863,0.2800249878323454,0.6817207659541662,0.5106759892235282,0.7130715362298558,1.006206114580187,0.5804252320106384,0.5914687211486791,0.7705233362686043,0.3189421169769059,0.9084541478768566,0.7903091342058062,0.6078612568463023,0.9399946727630278,0.6493635542921231,0.9479344945912748,0.7302978133141954,0.6703744098657706,0.29023111811001606,0.9102477073570571,0.850040201104763,0.2689128672787081,0.2707424113046014,0.5001842581379419,0.8992432457465314,0.9877229106358503,0.958232643662755
0.20764960337829835,0.2413925334623181,0.12205445051578832,0.07924289978604498,0.11156378568651257,0.2190167729900491,-0.0004021836468584306,-0.0004031580011289435,0.7191300481104151,0.0013145175763227298,0.05021652036798965,0.759134595334696,0.6801801498713118,0.7499621052892662,0.1385115720291547,0.6298944365377759,0.4391668656070195,0.460773138611137,0.2399138195958672,0.29111234207746334,0.409523775635607,0.30811811322124705,0.27977060110626195,0.1713424258923468,0.22006027982223586,0.2916785213678354,0.15971163378046627,0.01932486600094435,0.01958129755835083,0.028946295765624058,0.03990708366856699,0.0498623217390883,0.4300490825458178,0.4896855602592796,0.7597370700130716,0.12826892132436504,0.7411002139010747,0.2911749709352577,0.5203586150490037,0.23107733652080145,0.23974673178059525,0.07833620576773345,0.05882192400149711,0.0696383588857196,0.40848282241036254,0.02021766620034462,0.020423661834579748,0.060178052247042584,0.030657486205333945,0.02202105324935022,0.5799484014481792,0.6895664184469964,0.2582917744418704,0.26943108536503135,0.37940793533958694,0.5902365825551271,0.45087508730113623,0.39916831558908866,0.4896590038385118,0.398951928374621,0.22884094018696838,0.5612743113642399,0.6391933816674841,0.01026297731280096,0.07008301118871435,0.00021895022771218408,0.870428314871963,0.4506443861915391,0.4516173644262679,0.560322532638272,0.6992836006856232,0.4508586084562762,0.6196760705393408,0.7184591097964025,0.0774419234336746,0.6306049453417101,0.24078817591166693,0.1102165309169049,0.23157484745583112,0.6217006096952883,0.48080120605376486,0.5809862034826412,0.15951836948993747,0.08150532888129029,0.15875191305836522,0.030187463017825256,0.22103271760522092,0.011600975806436382,0.11988188991076647,0.19011588511398766,0.009430541863785077,0.8789727509752889,0.029080853077168577,0.8906555238272936,0.5804252320106383,1.0061664523412686,0.0703499244892978,0.9381768699187523,0.000984694004725877,0.7803057770704845,0.20965554325993582,0.9099887424040347,0.42092397559320566,0.9578820581820149,0.7597587337500157,0.9603371672988859,0.9368543462392213,0.8890362617731026,0.8219915108244115,0.24798320847415212,0.009043587731564485,0.0007176416308125248,0.020771034385953374,0.32124492408457045,0.5698794340305532,0.7486060457541649
0.24878159680355114,0.19732780695070581,0.25017633616131807,0.3185839934341734,0.21931432546370755,0.11119690169957837,0.8509811541461197,0.8394646919273429,0.31026840831160285,0.5496149809201906,0.6088051388669762,0.13034020166712432,0.03135871190208388,0.019553349134694895,0.1697520828148386,0.07982011509079769,0.15016273660883225,0.1882051030647708,0.2889768434288409,0.28148008482318954,0.16187039656350447,0.3896431303775144,0.3916005901977811,0.518416220597865,0.4608124542171729,0.409444128117454,0.5701321421025459,0.8879802535032236,0.32901640547169464,0.3304141422131917,0.39015704699556747,0.8003046888305757,0.04974814861089351,0.05024218187649734,0.09960969178764537,0.4905329582835538,0.028485524884684185,0.2906163447252978,0.6091000920812062,0.3089066888743859,0.3114779969057397,0.3729941672597339,0.3606769117912488,0.2591066614074851,0.020630711892843785,0.7801122786247862,0.6982605962088464,0.6689584616448883,0.5592365216173056,0.5802076160316001,0.4500871239925537,0.12038941772824885,0.8099062023015736,0.6508287735272261,0.7379333356661889,0.24838621990922366,0.6720310689477157,0.6983398044627229,0.6305157504141324,0.09034251714504325,0.13029819343807217,0.4900694039399129,0.5002698490175584,0.13040626688567766,0.059914766281658045,0.28955653391495273,0.0991054638704201,0.601505315938016,0.5496376205572737,0.39043636884736427,0.11880829360451724,0.04083105278862558,0.031182625289068202,0.021263055129174254,0.5008579064398592,0.37092372923192946,0.1685499701409087,0.3310944315606143,0.877995412924043,0.038090745914090146,0.050861009175198056,0.05953588638757609,0.5192604194205768,0.47100028005583366,0.3608548625232141,0.3307551732268024,0.12940287482448454,0.2804694590631591,0.6715625468518739,0.14973738850765883,0.8704688426855378,0.22078242959389147,0.9066562324273949,0.23136022375493898,0.5914687211486791,0.07034992448929771,1.0074182468784545,0.21040609910891722,0.9091417614927774,0.3983421424317038,0.8795466914469857,0.15004976140917753,0.7303835929794026,0.14055147899910594,0.4102355083718091,0.15897999683056718,0.10131327463630707,0.00907025978253391,0.32851149084824854,0.8278070611306435,0.7094287260729819,0.6807163543281154,0.7710077454946976,0.7512572976294336,0.5881630672708885,0.4206538423539087
0.09896647799662613,0.13087498182495966,0.051826936631998485,0.019071781985657735,0.04968153705299941,0.13992180875795715,0.05838618478353043,0.06188411319950566,0.8204552220439826,3.245758947676893e-05,-0.0009197596252920384,0.7896043459233666,0.6085354730774574,0.5902187569571087,0.17057069771862937,0.4401139831036864,0.2805552300452927,0.2799534324647629,0.11052568858144428,0.14054052033413245,0.2584473212273953,0.13008180695969238,0.11307403051883806,0.04882176469077762,0.0714266154966893,0.11879554045202663,0.03984577249556284,0.10128556162315844,0.010072272172357104,0.009158623036366028,0.009837594618953007,0.15912490916084276,0.3811542424009508,0.36864841176078283,0.7306572127468699,0.030455735996550305,0.640724413739309,0.1476731166302253,0.709080035480257,0.10838036319142308,0.11074365677320752,0.01985091983757313,0.011522528153471568,0.10790149516100678,0.33193631614756114,0.10064777891885479,0.08757381287546809,0.1508209752456814,0.09124037030640206,0.0002184875648109883,0.7494102316664669,0.7101486576032198,0.44168696359488924,0.4299411358861371,0.5892725147707969,0.6911467302164749,0.6597604874010263,0.5990571335988464,0.6995198684554634,0.29083810830371926,0.2690604074646549,0.7412996930652771,0.8297170922248092,0.0317057020185869,0.0697429684786982,0.03859143271354156,0.8517526470347323,0.641284223525145,0.6283038558379215,0.6917695424079998,0.6993481792217728,0.4003598553651529,0.4489888818772587,0.5312724747520444,0.013487230738326863,0.7801928931268215,0.14076811977718928,0.1707342813483497,0.41908284807797935,0.5580954003993828,0.4293289186403666,0.39779441843851954,0.03888410771282679,0.01840856400585537,0.24905709267618625,0.06100594312371399,0.2506186426315827,0.029221818300178542,0.23939308128794892,0.21946536791691584,0.0296409607181861,0.9496619909809797,0.12896814092471878,0.9609803464535939,0.7705233362686043,0.9381768699187523,0.2104060991089173,1.0096333824620567,0.03950143587429902,0.936403295816798,0.39056392281848407,0.9368138978104336,0.6223075805346275,0.968924364530972,0.8999087201971827,0.9782505147378254,0.8996390960539006,0.7223167180863449,0.937490780522571,0.44033643040386883,-0.001185015149265103,0.001940370494915285,0.11011777864702509,0.5200284070160304,0.7598216403034599,0.8992633427797649
0.4110766010013309,0.3512572107591141,0.3797834175207776,0.43903292717761794,0.3319081728530853,0.2073979161209049,0.8615349541513656,0.8273194941451542,0.12013589918213519,0.5906033166191514,0.760119912639843,0.01976072027688242,0.04890760336703087,0.10976918558089203,0.13934350085226932,0.23115461184165814,0.3204997706957433,0.390000044537102,0.4801390428303528,0.4984874899959389,0.3402291215632799,0.6583797618134217,0.6575663573043992,0.7722119143193451,0.7086389320144535,0.6715160165941331,0.8205120159605793,0.9176420151209842,0.4004360818816845,0.42847166295172884,0.5120723370207422,0.7796997578344953,0.03987481221184244,0.1514999650084903,0.01948670898987949,0.6882148814280172,0.05907669268282272,0.5005908888091802,0.35133562702901266,0.5088074379014502,0.5200247424340897,0.5099610473594123,0.47957368009734774,0.23089366588731874,0.04898123901509868,0.76978470757832,0.6993812288564467,0.6302290485341233,0.5496284166507295,0.7013458112770341,0.22982795033848255,0.022596380283358797,0.6205643234955986,0.4983837609773186,0.5110786403264898,0.09019475224148489,0.44021902901945803,0.4809296011091607,0.3979847989590589,0.19962708130983545,0.060354586194486505,0.25826115791429755,0.26072948945010765,0.10923682106012599,0.05947770903302969,0.26098677829568473,0.00923794588457542,0.39255590488814374,0.35780290539560694,0.21126668684584413,0.02917729220554642,0.02957040302514351,0.14936091373304738,0.1415162680874133,0.6694003798081348,0.16876690908727485,0.30120698824114367,0.2883730053934026,0.6898163947913593,0.022167009570778225,0.04945339170188121,0.20081627214088021,0.7311035366002896,0.6397712392092588,0.23094333930448085,0.3428520112015151,0.05986476492269568,0.31871921682959187,0.5911578397150229,0.11024243854816569,0.9864342426277493,0.056840712467652876,0.8887292688424205,0.05923849366516834,0.3189421169769059,0.0009846940047258384,0.9091417614927773,0.03950143587429898,1.0085491635761359,0.16142063919191912,0.690275856298323,0.021145537985425258,0.4690303662074329,0.012431211585441408,0.16335880480332024,0.019446472351128515,0.009412845311748902,0.07809721708593663,0.10801138110919467,0.6087843030782478,0.8087920194040104,0.7692322727444607,0.7307624235393121,0.5206878990257722,0.31999830845728533,0.17078009045252437
0.050296722649903515,0.07116400050071206,0.02850331233319157,0.009284017871584055,0.029817148095072188,0.10126593274237995,0.1692546135820441,0.19060688845222348,0.8000393558463628,0.0698832969425876,0.010739090676471654,0.7683157507739702,0.5189459768559929,0.4110155515846758,0.14046274466526232,0.26037296302078883,0.169543707031012,0.14858559681467512,0.048160342389396926,0.05859730973377477,0.1510804433626254,0.030402719235048194,0.029836011794600263,0.009737187976070495,0.009303346339440693,0.021597786401833314,0.009611020982409494,0.2201527097349938,0.02100983528588794,0.020064969297265377,0.020979509471331908,0.26987776278113634,0.36012841955652874,0.2715625003023564,0.6805029735709937,0.0014015756321251569,0.5218144288149426,0.0596041548795713,0.8315671879984724,0.04118436525141789,0.04062924685493014,0.009749552023967668,0.009487235183760967,0.10186539248574003,0.1999364406462031,0.2002659963184908,0.16104067124683022,0.22908643239918194,0.13976908461731383,0.021232215415194156,0.8699909187229268,0.7093886619725384,0.5982365216747246,0.5203904783669716,0.750596029978498,0.7809201447301376,0.8199058253967186,0.7393874375982521,0.8522907619889364,0.2201746693874341,0.3511076734896132,0.9002274724814996,0.9570596480743835,0.1002570808542456,0.10911464874970586,0.1395183062514001,0.7010983609032777,0.7395274634841617,0.7004018190795522,0.6993949539267007,0.5706679107062512,0.26817994318735183,0.24113912920429548,0.3180170131955377,0.008156238449610324,0.8691715727976883,0.08993717806737393,0.1795007116451439,0.5792990202209207,0.3907585805759105,0.3982168161260022,0.19971617593690874,-2.9135165885029598e-05,0.00958332907879376,0.39029105536522213,0.07921085881765351,0.31931129659288326,0.03784956499867168,0.3214124382060141,0.17111987228716127,0.13874516753996818,0.8793324222533847,0.309415312533428,0.9069629334042005,0.9084541478768565,0.7803057770704845,0.3983421424317038,0.936403295816798,0.16142063919191912,1.0075189925797232,0.6012015901902832,0.8208598370281125,0.8088514002164946,0.851405281619917,0.9620130692959795,0.890058201229134,0.7898438815248905,0.49978872309453015,0.9590611291009693,0.6504420644770215,0.09098640786499726,0.09951122176939681,0.29101287035479245,0.7396943567588886,0.9193708741225969,0.9692143271991538
0.0797763484893929,0.05119616100703005,0.08023223670994703,0.12784906858321554,0.07032022358900236,0.030446819378098587,0.5702416602673197,0.5796914796319397,0.4411776444314218,0.39026095597289095,0.3113502332788515,0.2902418464429547,0.10896660444926695,0.039569821065061114,0.12058984210352898,0.0201071545435768,0.03241038227166044,0.039090036821815645,0.08107902754421935,0.07934451985621341,0.03874911029222629,0.1702256410665407,0.15882110450491024,0.25996770621276905,0.26038458035524276,0.18903841660400955,0.31132215446578076,0.6703114384625334,0.14926037906589806,0.14034039714235344,0.1809046591719732,0.6303111753248928,0.13127983440369229,0.0387484659339253,0.27962869277975444,0.21984625123744644,0.10082340399846548,0.08987253713596018,0.7404755249232169,0.10959103234354778,0.10999745448912183,0.16097183977996224,0.15973675739420184,0.1592137066627594,0.029019825095885934,0.530654474630707,0.45908023319542934,0.4803002137867757,0.3598963837367054,0.30925509512748367,0.6101156399204755,0.27873942262735396,0.7513129377906292,0.5999159822835711,0.7790050988196423,0.4411007189344231,0.7604344726081118,0.7389981490105328,0.7516824047941884,0.03097374992282475,0.25115203497016964,0.6996166883921491,0.7004773337920766,0.19882208034634946,0.09034794020323579,0.3503522516725343,0.19963904734272458,0.6574834051732529,0.5915237385999145,0.46044664949461556,0.1787383095790344,0.051590879446528355,0.009565865406815312,0.009866048032745498,0.23959601012570345,0.5589029484528892,0.03925177041023161,0.23095660417767427,0.8479948928256714,0.06997037718838589,0.1387504439399258,0.020622695923613585,0.2894704742073944,0.22052425325249322,0.4798595744653932,0.18925872679139114,0.2497186135037627,0.14049451660848813,0.5400872039877342,0.09961815893628262,0.6691403681933877,0.37817979843221183,0.8685748051553056,0.3991055339283608,0.7903091342058062,0.20965554325993582,0.8795466914469858,0.390563922818484,0.690275856298323,0.6012015901902832,1.0052672604137654,0.2918540971429642,0.9276093752577944,0.30030567047657913,0.6502279693158635,0.3487328132839445,0.2905452373775695,0.041216568913054655,0.541934662959309,0.8903828095877118,0.5604074235963722,0.5603656378302804,0.7597322195842203,0.9173827418290826,0.8008242556701851,0.6479026375193758
0.05948566979700063,0.07941732105427007,0.02118625291555972,0.011027960354464067,0.019608360882747883,0.05986753035434188,0.021312623329917804,0.01909344297242567,0.7912114862410543,-0.0010272190333746117,0.0008337527271909389,0.6492322260065144,0.49127056520301254,0.6086763586933578,0.32045869459796,0.4813345966355207,0.23304224058602918,0.27735537564671037,0.08172806689793992,0.118002989976721,0.2092874198706626,0.15894020366912676,0.12915117393283582,0.06031279369140008,0.12895948635141485,0.14982069789491279,0.06277717157726226,0.08985485745085608,0.048121456606181855,0.02875725164770243,0.023194663848208022,0.1703444747090214,0.2112508849600779,0.24957307773803714,0.5477863873985386,0.02826550288167303,0.5511911467629539,0.12048938681210888,0.5612066662118829,0.07077640229301543,0.08100360043992255,0.010585985745553316,0.008472718053339169,0.21066551807601644,0.5212938830239864,0.10907094424132195,0.11008973628960832,0.19063129671189757,0.14069293192377466,0.007626437352557923,0.5991047136589618,0.5485663126199669,0.41052532578179507,0.47158672881937275,0.5209814870963383,0.5111030224023662,0.5801960164347976,0.5701697003976044,0.6202130235436647,0.19846976261721785,0.12101208426449081,0.5898366467469,0.7307030815313447,-0.0014640697785607663,0.010485531652375507,-0.009665026613260574,0.9586680690732734,0.6485035915781399,0.6700925563386234,0.779005935577134,0.8590317952957991,0.5903171534242632,0.5887600377584103,0.6618810255684849,0.010165751806397108,0.6294758433094705,0.07954883337287069,0.28937864198383695,0.3791945034491066,0.7488891908831546,0.2500434796222542,0.5408763494929167,0.09056984298393746,0.010833017685185246,0.08136175977603857,0.1400235972906969,0.08942385082022704,0.09004231545137478,0.28905877210153924,0.3796643368194814,0.017842308165901374,0.985514474753183,0.07032904818960786,0.9770768771806643,0.6078612568463022,0.9099887424040346,0.15004976140917756,0.9368138978104336,0.021145537985425303,0.8208598370281125,0.2918540971429643,1.0094803262438024,0.4979524015487893,0.9810466661742069,0.7604775601898848,0.9191291478251903,0.8009106561145336,0.7985580115979787,0.7821517102748544,0.28987955496085216,-0.006923256061837799,-0.0014664842092733256,0.03788776662323009,0.3692806932966748,0.6009732275901608,0.7415336026217512
0.02787845230175412,0.02744240356060013,0.03040650463177997,0.051295284815603,0.028850501033359444,0.04119365016017811,0.4193257040843042,0.4413347613676276,0.6095148373484444,0.27005671024435673,0.16811518414224755,0.47020612673770906,0.24020169125143379,0.13972722257511777,0.12904544274624524,0.060589004928891195,0.039830050802970245,0.030789528383296474,0.028236418420824045,0.02195769024100752,0.03909579879787277,0.04948491426786867,0.04132038843121315,0.09896968306185315,0.0999390143924374,0.051701257598978624,0.13912507978948155,0.4915503178977046,0.08136414527704418,0.06977968981947584,0.0891088123661667,0.498849738716082,0.24947590491050295,0.1207384690228816,0.48053006133862686,0.09066126587566772,0.22951183455857513,0.02839605170724387,0.8594978307571368,0.03175943439375862,0.03213776532142396,0.06950406612828572,0.07141151657883162,0.1403830838037608,0.0612992904151006,0.41063405006994746,0.34905441993013747,0.39031722036463673,0.28092423097658337,0.179638633852565,0.7491450800422743,0.43992360428067273,0.7296816487735942,0.591388796671375,0.8110667468773597,0.5910673544830517,0.8300714421099468,0.7775600180357042,0.8386265385831435,0.07934013233118783,0.318699894393088,0.8322083874622529,0.8585286240159445,0.1812510480042196,0.10981445968103608,0.2895229840718556,0.37148744576065035,0.7223232222772958,0.6606529582262536,0.5694813902543393,0.3104351498316454,0.10870301969028275,0.03915189761930672,0.06979148598750666,0.11121699468115631,0.7103843732480706,0.0299178515896115,0.2187778463920527,0.7991301940664501,0.16074960372038413,0.2607861088290972,0.0287714651630787,0.1290023240988766,0.09979911494211915,0.5081148537688462,0.1398057916188735,0.3214316152904426,0.09051991101925937,0.47904770696079685,0.12000627281084666,0.4405752718924021,0.5801791962429136,0.6790006903504698,0.610461270441067,0.9399946727630278,0.4209239755932056,0.7303835929794026,0.6223075805346275,0.46903036620743294,0.8088514002164946,0.9276093752577944,0.4979524015487893,1.006488177419644,0.5193104829431083,0.85763096168467,0.5807016174837962,0.5177143205746507,0.1709377403294929,0.7694441556194807,0.8800679873480407,0.37043601690603745,0.37129263265409024,0.6095586887749602,0.940472651220665,0.9484989295006875,0.850506312634746
0.09914155471013472,0.1296820157609072,0.048215602746211644,0.020110455273590237,0.04103026094030607,0.10997325447318351,0.010767948085484992,0.009005693345388439,0.7713117748413156,-0.01009566646099868,0.008704937767885355,0.709771605162909,0.5692555909739211,0.6500996029289292,0.2294066223328826,0.5200332966027184,0.30047576395954384,0.33010799393982937,0.12968024314875665,0.17014170469907236,0.2714317863951892,0.1904850002326782,0.16789454687212646,0.08072234171376072,0.1384611519446759,0.18054441194477927,0.07931454666488384,0.06788786238956991,0.01773081082096604,0.010205782853990089,0.01214672673275668,0.12990102717124816,0.3000966672557524,0.33981914031315724,0.6508526597732,0.04941181109454691,0.6294649928696412,0.16892496489379766,0.5795074291891895,0.11864336864808984,0.1227051748134696,0.020843869383821077,0.011442695838548832,0.14094476647137705,0.4403159703753639,0.07092714936255944,0.07000519201496104,0.13936538504692028,0.08883477485170821,-0.0008689359908321726,0.6202271111189575,0.6212988096500358,0.37012322813861503,0.4009649214333452,0.4912695842170458,0.5796630329299941,0.561071485289007,0.5300911578118516,0.6087963947866283,0.2697786823108281,0.18090725321783274,0.628324845697467,0.7415887135040657,-0.0003744541337118652,0.029280714485654325,-0.0006211606520673789,0.919100521973488,0.5897922692475865,0.5985347781735936,0.6999403597534471,0.7805120204481506,0.50000475437435,0.5610931233964879,0.650861157918056,0.020846744161777293,0.6596428970279908,0.12964167542151378,0.198831236798029,0.3489051641125883,0.6685638822079722,0.34918101339697866,0.5200249406111297,0.09089581402859404,0.020561828176941212,0.1302461479046032,0.0805848526453658,0.15100320994168576,0.040220027982345335,0.22134737274938446,0.2809399743573661,0.010472703106359728,0.9674468324370683,0.06878272002850812,0.9771914875094583,0.6493635542921231,0.9578820581820148,0.14055147899910597,0.968924364530972,0.012431211585441434,0.851405281619917,0.30030567047657913,0.9810466661742069,0.5193104829431083,1.0079633674193582,0.8125069138844042,0.9684019589949273,0.8801659146065782,0.8188957537892319,0.8487463591551013,0.3106382287706883,-0.010035568572162323,-0.009029874062819784,0.049267947504381876,0.3998961718591037,0.6403915109048748,0.7987349292099063
0.05941673104235086,0.09003856419323825,0.03127851975874184,0.008304865966499559,0.03165402640299471,0.127671046276868,0.16831831182421855,0.19066225446555832,0.7396756388699126,0.09067475412077039,0.0185298677073304,0.7083746861678847,0.488268820656205,0.3803576677270363,0.10064061292628412,0.2501602617411202,0.17987915017006037,0.1594084562710138,0.06145381197932616,0.0775026145613294,0.16115980370588515,0.03910079821016951,0.03874641646177125,0.010987409291887964,0.010280759954584233,0.029465502491632482,0.011648233961708223,0.20848627909683146,0.009789372818926766,0.008627526158687273,0.011093225288244388,0.24924511152540893,0.4206935169128105,0.3216330694627306,0.7499482626523394,0.010285854956455839,0.5005005126686319,0.07084281214999366,0.8211279041336599,0.04959285972219116,0.05041064670271167,0.009977502855706246,0.009422823097632012,0.0789080492499519,0.1513465415065724,0.17968001830934413,0.14240904174643168,0.19966114038729302,0.11837354680865828,0.02162463432576979,0.8016026652465279,0.6635941687556727,0.5399273011570687,0.4589297027090745,0.6814655479835074,0.7383766518865659,0.7488254701882477,0.669864241798026,0.7825980691462527,0.23021245542857113,0.381037055825121,0.8688747654174268,0.9086672229121727,0.14015161143100036,0.1395631897929384,0.1790748329366595,0.6303201998576548,0.6606620040044752,0.617261926410217,0.612938185314457,0.4894705926477684,0.20930752990616736,0.20178483475281317,0.27924263770639296,0.010075822199970663,0.8080235139687326,0.10047898251768984,0.1393627816131021,0.5698553196282338,0.3278573445574454,0.4583704768224608,0.1699509503791767,0.009025617632764271,0.010192751966366938,0.44071639280405883,0.05229091006091643,0.3796483294027774,0.019775866899355704,0.2909371396495855,0.12065029701676504,0.13921970901896266,0.8085778331450385,0.33862289169241605,0.8486131712917907,0.9479344945912748,0.7597587337500157,0.41023550837180917,0.8999087201971828,0.16335880480332024,0.9620130692959795,0.6502279693158636,0.7604775601898849,0.8576309616846701,0.8125069138844042,1.0080835616578823,0.8879200303461199,0.830148434661478,0.4703334937297872,0.9764730682995862,0.6798084425456741,0.11862697336090897,0.12028909708835755,0.32116519776413766,0.7717282978434342,0.9475615066414607,0.9905280153417726
0.14181282403560092,0.18011254867612383,0.0804337764917648,0.040748813057526596,0.07792226672336629,0.18022532725391813,0.02145412020905508,0.029239860319810195,0.7497515891230577,-0.0012497610395803072,0.010172915427335907,0.7686902715684861,0.6313945687152557,0.6298474657056025,0.1303415282638943,0.5004267238779333,0.34798786293825573,0.3508140163602418,0.17139111446749022,0.2092961745311621,0.3205399150818921,0.18876162264756507,0.17880336442897618,0.08899712617747342,0.11049380614577761,0.17137386805459986,0.0702288849058649,0.05969949950149364,0.010237751675736201,0.012047142860749156,0.019134990391050644,0.10145900214911842,0.42974542564083795,0.4385939995899189,0.7893537187629003,0.06041816135123981,0.6791688611597626,0.20133841490246465,0.6297328991172171,0.15184392785921563,0.15944720232530105,0.039253292987554506,0.028547557899319887,0.07174159516089837,0.3193311366761838,0.05894791893199949,0.04957810307636364,0.09916309839866687,0.050031456738543756,0.001536889873182306,0.670048368864014,0.7009048945565606,0.3518517579181493,0.34172467769600395,0.48967476740425897,0.6698252967801595,0.5676831590193202,0.5082212099158785,0.6106311045607132,0.3487694106414819,0.28917350011422394,0.6984746622564596,0.7714026583067539,0.040745546600790127,0.0907526672136389,0.039836917454797255,0.8288514569954953,0.5404642289027088,0.5309103906133487,0.6093963052752962,0.6519801847335487,0.36949854184055325,0.46782789170241523,0.5712528024290044,0.029596165395019983,0.7115046565329595,0.18989090989044688,0.11912260693716872,0.34039550904319027,0.5316194031656971,0.48241297058814747,0.4299724092238658,0.07073539362622998,0.03753580462320408,0.23131040089958055,0.030733378790357407,0.2682672622864678,0.009393127418330791,0.17870397144896305,0.16835896183675103,0.01113370519949697,0.9115018435927168,0.1001908090777492,0.9376370683038029,0.7302978133141954,0.9603371672988859,0.1589799968305672,0.9782505147378254,0.019446472351128487,0.890058201229134,0.3487328132839445,0.9191291478251903,0.5807016174837962,0.9684019589949273,0.8879200303461198,1.0072419490920281,0.9484288979322903,0.7697606392291552,0.9200437346168534,0.3805394890046475,0.00011660751253179846,-0.00013093077288801883,0.09053186317619967,0.47975157097972565,0.7213435293057721,0.8696417395966577
0.2419552509790164,0.29100394017351333,0.15935729177850858,0.09862329941479844,0.14949167099650224,0.2991537166842508,0.009302335044752674,0.011408134199196996,0.6610226992443191,0.008729274273365135,0.049383387260864706,0.7519082595978049,0.6808444363335332,0.6787980798860165,0.06191883164671774,0.569315521853798,0.45256390247625655,0.45966366652216517,0.2881815368900922,0.32818096210832626,0.430859885234762,0.2702587414097763,0.2720921767392536,0.16050144343225714,0.16037009700890137,0.2487239569279805,0.12939858214746802,0.02092509064303098,0.029874543248610795,0.05159938345006867,0.06906575803982215,0.049600741552945006,0.5794319998809533,0.6012772108418021,0.8971693819536294,0.1315626562594009,0.7393164901691834,0.3088272877397101,0.5695030211144381,0.2467715513892604,0.25897847704479393,0.0918570360170177,0.07163364674648727,0.02917336317280687,0.2597507488646286,0.019253613525386296,0.009919797893403508,0.039861041472511384,0.011185483072250237,0.027720206911355922,0.5888705270696335,0.7088267306543038,0.24030202116777952,0.2189377470514819,0.36866944399760543,0.6384855472094713,0.44078654520565924,0.3719588628875771,0.48086916806817676,0.4511323590721152,0.3320699124469998,0.6089777061718926,0.651296479118925,0.06851363496746399,0.14935991729842238,0.05056022398073945,0.7190282679870635,0.3994763355252614,0.38841942152362163,0.459711364770921,0.5307571306041703,0.2899839703754922,0.4520689371026865,0.5608036128012615,0.0823476709267429,0.6410838165733892,0.28920505865101176,0.05045574980656955,0.2497725169003816,0.4484371253148862,0.6297357509845634,0.43001173023374845,0.11065524322291578,0.09093494773323707,0.271033601494746,0.008347235297746992,0.3602573110655868,0.009150129897747074,0.09066917766647539,0.09056384093138248,0.009727785161254323,0.7809079810579115,0.0689930039736195,0.8103451092567948,0.6703744098657705,0.9368543462392213,0.10131327463630714,0.8996390960539005,0.009412845311748918,0.7898438815248905,0.2905452373775695,0.8009106561145336,0.5177143205746507,0.8801659146065782,0.830148434661478,0.9484288979322903,1.0068629987447892,0.768596255227203,0.8782853979143446,0.3209932701341102,0.010316217365153224,0.008488304106068557,0.07134262677762034,0.41930564135341464,0.6500766861405592,0.8106758575642844
0.2686068550354508,0.2902910871522077,0.16023717430709605,0.12001013303365901,0.1389232805404298,0.210619146499938,0.02865325982258359,0.020742894096721906,0.5304287614718787,0.1204640931803557,0.15990401407362753,0.5702834228156883,0.608131830391238,0.8406558525413191,0.16124241869018044,0.7995714702416628,0.530612848267581,0.6207657445118608,0.3420413597706445,0.41957997962253757,0.4975812017536742,0.5399333421890258,0.48985916438103994,0.3595669230337016,0.4919585526731828,0.5384234442186249,0.38092293239657127,0.021141390026432526,0.031126384118132518,0.04994160217380797,0.07854628328270927,0.010216855624384525,0.30991149459877537,0.46994883805710946,0.5609393644773882,0.25979690848297093,0.700573255163799,0.41955144811322204,0.259954677460493,0.3302380810094837,0.3501471603291462,0.12906272323909743,0.10071615843673329,0.07822723831317552,0.5715718104184249,0.010144433508191284,0.011106778769995143,0.02049334128762921,0.01915132593691037,0.09070013335358627,0.3205734767614479,0.5004129346214318,0.09980458645291142,0.14142014445856324,0.17031052284067297,0.35205928642559176,0.21935881901082863,0.19883322774059065,0.2512182809569239,0.4004155075835573,0.09902728949931384,0.2900136186587145,0.36929266229405566,0.010913856032179247,0.030462935634893783,0.02913774808058104,0.8296058557153866,0.2606054024218357,0.28876502351473826,0.4214025814831781,0.6997910697397299,0.5698118665045273,0.8508593916020436,0.927162376811263,0.1709344528589471,0.37798191433513356,0.27117390163205235,0.09982494732824876,0.07916938341995637,0.7301366250160993,0.3590720632679815,0.837668710937384,0.4093815621643153,0.1602165870583725,0.028894526386651912,0.03039785306331048,0.09049707767665084,0.020660587939558106,0.04807152451307001,0.22889564127643072,0.09985842342181794,0.7202633287376821,0.021276112157876285,0.7100025974854591,0.29023111811001606,0.8890362617731026,0.009070259782533995,0.7223167180863449,0.07809721708593666,0.49978872309453015,0.041216568913054655,0.7985580115979787,0.17093774032949288,0.8188957537892319,0.4703334937297872,0.7697606392291552,0.768596255227203,1.0053771326426546,0.5399072270047705,0.05217973432294536,0.14953321776973555,0.1410025910664056,0.029080266443329093,0.0984276349453158,0.2791183075445798,0.44971294022147207
0.10007327048099757,0.1390337973053332,0.06011775099079224,0.021023681611771084,0.06048162005136125,0.179957797065795,0.1311603829710854,0.15911086688543558,0.7496169699347257,0.08040629851288901,0.0028852969309641043,0.7705343910332486,0.5603728139906743,0.43866876182529535,0.07904294228883992,0.3004693493899765,0.23102737553449867,0.20127243436835543,0.09931488000938642,0.11287726640904647,0.21896119290754623,0.06942987998056992,0.0678527082590908,0.020092663632814773,0.02008552236377117,0.05933995265350638,0.011373773151754309,0.13996459563047872,0.0010117541324522077,0.008873126916050062,0.010146874841067032,0.17089240658054572,0.49099328440612844,0.39921438518406827,0.8096349719448559,0.018526154433448,0.5698966474114702,0.11061851918626547,0.8000859386438711,0.09016914379539036,0.08880216008483398,0.020521324125863525,0.00876756409690694,0.051202095785091134,0.15872622113624552,0.12991354896030488,0.09964558996575892,0.14102554457626196,0.07933985487704133,0.006897891378759903,0.8086233620733005,0.7289897039365734,0.48007836016610095,0.3901809162922426,0.6305909736471638,0.7714388971420364,0.7020650078179905,0.6091723176493139,0.7384460713342227,0.29930714338847036,0.4093999764841887,0.8507301677689477,0.8796867121935893,0.13996706532626008,0.16040852242644432,0.1702793402477218,0.6595449560537073,0.608476401771205,0.5627160917865356,0.5790647784553886,0.49843505688046896,0.21212709178341882,0.24949864196641477,0.33016548880381175,0.008796921973481073,0.8199430649501875,0.15048465860707538,0.10010807398385049,0.4807167047754888,0.3409905360905594,0.5301440416134771,0.21053608076026623,0.009988821300824537,0.011500361724331557,0.44999204522496833,0.026182101266124726,0.4193630791426478,0.003474350995424653,0.21963374191549406,0.09942838384678376,0.08187882761404545,0.8213660906568282,0.2508672467657476,0.8589218073258762,0.9102477073570571,0.8219915108244115,0.32851149084824866,0.937490780522571,0.10801138110919471,0.9590611291009693,0.5419346629593091,0.7821517102748544,0.7694441556194807,0.8487463591551013,0.9764730682995862,0.9200437346168534,0.8782853979143446,0.5399072270047705,1.0088555184462649,0.6283232443991875,0.08133508030809164,0.08881871982483763,0.2688757610188628,0.7092824398043791,0.9028297818817405,0.9862797381475709
0.03965201962714073,0.03221835795171568,0.03992767822658198,0.06054701030437408,0.03933740506097951,0.04933168851076793,0.6196005182871119,0.6699826218592665,0.4214589051367981,0.5498671172780095,0.2597298270990999,0.35072783845976013,0.14886949745988898,0.029632746779300924,0.051095792035036426,0.01027129634165365,0.030933448380428493,0.030173891983101383,0.05226787578816731,0.057549079519315864,0.028514164545045028,0.13090652573161105,0.12006122284576858,0.19999808969773172,0.24035010939955023,0.14976887155558316,0.2696459534447806,0.5407348323712832,0.07922512253650246,0.07155130822869567,0.099436410567755,0.4709223531600604,0.2294692173955422,0.07931323888824941,0.36048317754352355,0.16128709132390437,0.1206197309200624,0.05885022118635533,0.7690473315177565,0.05918013548718834,0.05999910828770859,0.08915199787466936,0.08168228950413822,0.07908520666602716,0.01049190902079062,0.44985379866610375,0.3609633802638572,0.36037986032669783,0.2501140581782596,0.22973691296493481,0.6807463798538123,0.3593709891808624,0.6997613574515631,0.4808883201338805,0.7506354529125934,0.5403538397129926,0.7477866429023997,0.6706375881696107,0.7313972533395671,0.06159664018950053,0.38960760084554646,0.7595077327152961,0.7116066794555848,0.32026202272384824,0.18041225951047565,0.4894978823241995,0.1878825370873912,0.5785382549534233,0.49955407029309845,0.37917307068475653,0.14250693135224898,0.019989329484099524,0.010390897253392031,0.009205559223630345,0.16001679929443008,0.6098037321388305,0.03909392069937272,0.12976548922628228,0.74029979009443,0.03926143005387358,0.2300114019784476,0.01884190390440683,0.3104383649804348,0.13975513212040241,0.669209611926857,0.10019411452831309,0.40106652807281934,0.06872741023602076,0.39871589747256125,0.049768926646835646,0.5593651630737652,0.3695445605686035,0.7820346036351077,0.39992611518883414,0.850040201104763,0.24798320847415203,0.8278070611306435,0.4403364304038688,0.6087843030782479,0.6504420644770215,0.8903828095877119,0.2898795549608521,0.8800679873480407,0.3106382287706883,0.6798084425456741,0.38053948900464746,0.3209932701341102,0.05217973432294536,0.6283232443991875,1.0044606377180676,0.6100781241600247,0.6104091586804518,0.809075132063002,0.9573907837630826,0.8587113050576748,0.7106131887356403
0.16029228118918729,0.12797355281879,0.1190364961555017,0.15049977746488363,0.09712747004908709,0.05123219767001976,0.7093135242526244,0.7612049510731641,0.02003159572742127,0.8688102185547982,0.4803641870100659,0.0015605814155347187,0.019355724319344205,0.1582482941087303,0.04130044806415605,0.2913998705402824,0.20172828602754625,0.32904036592377817,0.25937691013743874,0.30810928164625206,0.18837514152413123,0.5892464000147636,0.5304170246266923,0.5891428653652342,0.8008327660515313,0.621074511955624,0.7403787781952333,0.5600498272382064,0.1010068435022298,0.1201247348538636,0.17166211053821945,0.3802044698876068,0.04151036216702199,0.05152999367259851,0.02949668114486677,0.42137546651415897,0.0321307992963843,0.3013561688558846,0.24071877449345286,0.251122891051356,0.2712055015491203,0.20016966571411327,0.17153292450057822,0.04083320633610656,0.2395119294733492,0.40058952834997436,0.31956246783788994,0.24910597393767758,0.18180357178090858,0.36992655266250685,0.1696218770904868,0.01795830310462722,0.33985603101420914,0.17198063169078803,0.30094885698567436,0.11100910532388544,0.2588683857077356,0.23000350807237838,0.23078115339250124,0.07006952564166843,0.19074294662585997,0.23032013563786907,0.15962397507468398,0.38853203528501856,0.1406662388008981,0.6207684828243828,0.019852752773985665,0.14775397986929908,0.10218600908102618,0.02874688419457631,0.028908067429009917,0.1515608669333986,0.34995567765048524,0.2997956864882334,0.35773673948806795,0.11900301903008319,0.10040416851308767,0.0487085286429517,0.38990273306566514,0.13043842071563883,0.03731353044406039,0.4195928168164452,0.8480748615259791,0.30948833134462145,0.4705372190400966,0.06753732799020994,0.20960992864665876,0.06038746591446183,0.2176496920111511,0.04976214400283719,0.7905884517995005,-0.009855984742211707,0.83012590582937,-0.0012465819515628503,0.2689128672787081,0.009043587731564462,0.7094287260729819,-0.0011850151492651254,0.8087920194040105,0.09098640786499726,0.5604074235963722,-0.006923256061837854,0.37043601690603745,-0.010035568572162338,0.11862697336090895,0.0001166075125317838,0.010316217365153214,0.14953321776973552,0.08133508030809158,0.6100781241600247,1.0067140240410644,0.9865494919924019,0.8975239893372444,0.5106505575824093,0.28034457380542127,0.13020692905509348
0.11847900233575065,0.09076582478555803,0.08050004230627832,0.10830735304933696,0.0617757194727016,0.03032156672656648,0.6487924319713632,0.7107228197152162,0.00992277735226644,0.8500301509832954,0.4102367430035772,0.00914264841502747,0.009787174776099784,0.13119680905689118,0.04944056044031764,0.2601698710996141,0.1507976948434911,0.2792505140994805,0.20916914595352415,0.25222799357335157,0.1403795023416905,0.5410497700248525,0.48040641640330445,0.538621032290605,0.7778794806388039,0.5802779026564925,0.6912563241587826,0.5102621514718126,0.06861423361687034,0.0807253109114341,0.1300110926553154,0.32998142163892397,0.04817993717900926,0.03881926361129332,0.030967695176047503,0.35802211726037453,0.019054038084008334,0.24831000020880645,0.23013641127194534,0.20034221818877732,0.2208450087058415,0.14938233896600506,0.12123194140873719,0.029649655714649267,0.26042406420876424,0.34978389295769113,0.26100250751979853,0.1997873439882093,0.13903410073942282,0.2999361268414882,0.1801024939141444,0.030304147439932098,0.3114890311373096,0.14869382835418243,0.2893221063869871,0.14017040616265447,0.2514419510582133,0.21728090222103563,0.23002616092816505,0.04909754564780071,0.23006241506443634,0.2509107036316182,0.16973487532334486,0.44047962963600973,0.16986881141322127,0.6788787579062231,0.019894492812465615,0.13094410997947023,0.08993929711401694,0.020670711208379024,0.031665433460914716,0.17011437517970665,0.35847962106815323,0.300398046469849,0.29103641294339244,0.13023429152293312,0.06926860523935023,0.03052627439217717,0.359853613269647,0.14898665775811717,0.041987264127809676,0.42007120791197916,0.8100333006101149,0.25107561167248826,0.5086371088772592,0.041490192842948755,0.24166920407536466,0.03931718610588726,0.18072054869602766,0.05950224939120884,0.7594738425770354,-0.0110345954426248,0.8293828336427918,-8.524437934665999e-05,0.27074241130460147,0.0007176416308124907,0.6807163543281155,0.0019403704949152527,0.7692322727444607,0.09951122176939685,0.5603656378302805,-0.0014664842092733368,0.37129263265409024,-0.009029874062819784,0.12028909708835758,-0.00013093077288801668,0.008488304106068564,0.14100259106640559,0.08881871982483763,0.6104091586804518,0.9865494919924019,1.006672679201123,0.9187576109790424,0.5293420927007272,0.2885258500802946,0.13957236353997385
0.05012028235229191,0.03104392306421709,0.04045140926883321,0.06079214444482147,0.030046588269366074,0.019819340467104613,0.6101426223044839,0.6802234454556972,0.10991415837424043,0.7498599752814344,0.308977938965862,0.11846143855342822,0.02118254286184265,0.01973747274706463,0.01989894817351839,0.08947369884131881,0.04846286222728519,0.11059190394388646,0.09865010823040493,0.1201621872119566,0.041528311816177874,0.3381486189733719,0.2907226901470881,0.37210308960248606,0.550788815443681,0.37016670133801916,0.49839394857201474,0.5195835794135222,0.04938363209955381,0.050455792204567126,0.08930706145260571,0.3701100206207826,0.12087176150560948,0.019628519543570595,0.13934364092931342,0.23092969717665243,0.009838329265235025,0.12053164586688392,0.42936071103392753,0.09968725542453585,0.10919033240672953,0.09013134626204203,0.07837642424879845,0.02001537965909723,0.1304543019620624,0.350664515586165,0.259050765884278,0.22029397517701885,0.1400974064608949,0.23065458132510377,0.3796206901302105,0.1503515598937202,0.4495348061983326,0.23966224570185327,0.46862007990594295,0.32924501390107985,0.44994425185697146,0.3805271106424767,0.4311160868162331,0.020620622924810254,0.37977048149936016,0.4896523301295429,0.3891676888695654,0.4920258488842489,0.23892816421127414,0.7281805230032767,0.0008950865431268885,0.2711875962179241,0.20832895374057367,0.10085844028650327,0.00010610758517409517,0.06924992679615803,0.16168383646213966,0.11946318409779973,0.20086719021109467,0.3214979323223742,0.029939956158174862,0.031039296462860584,0.49956518455764964,0.038979636092196415,0.11962096202208915,0.20973405432734282,0.5912649745517826,0.1687145845308324,0.6509807130794855,0.03951812609084393,0.3692618816731098,0.030230730917139303,0.23106437485697215,0.030141989384532924,0.7101378151422254,0.0719255310613425,0.9078903823071348,0.08959720450520062,0.500184258137942,0.02077103438595338,0.7710077454946976,0.11011777864702509,0.7307624235393121,0.2910128703547925,0.7597322195842203,0.03788776662323009,0.6095586887749602,0.04926794750438189,0.32116519776413766,0.09053186317619968,0.07134262677762036,0.029080266443329103,0.26887576101886274,0.809075132063002,0.8975239893372444,0.9187576109790423,1.0052912823264708,0.7693667999427921,0.5310726383421138,0.3490228814796798
0.019186433451858675,0.018438256858549263,0.01923030851365631,0.02947250873635416,0.019847436134777935,0.04933653493502213,0.46922613156318754,0.5109746453565126,0.46949982341619323,0.41033949994079627,0.16044287177664443,0.43961310359329,0.21914444358001434,0.07095877560840683,0.04937136947837935,0.018994849965842237,0.02966938435751393,0.011470729853024483,0.01835562851811498,0.02009441458353389,0.02872217674153356,0.06964838438902647,0.060562685510402926,0.1295693496407886,0.16139009814040348,0.07983797085346617,0.18109755527243918,0.4693067252286961,0.042310053686782687,0.03892025299940444,0.05954136320098602,0.4192096922390418,0.26965036326540315,0.1115936593569629,0.4493513437057419,0.08968567999053197,0.19034510379259872,0.019093829536303526,0.780058782071932,0.021432054417090146,0.02142509488627582,0.041346557951566304,0.04080548836461042,0.05956193079887689,0.019199852768903295,0.3594571984568318,0.28061570939569236,0.2992948955513813,0.19029278553793136,0.1497081850716623,0.7390935908341155,0.4510747648390168,0.6691138843065698,0.46896995969941285,0.7603507019784319,0.6492839017069642,0.7813374824237054,0.6895215745281869,0.7883672935992649,0.09018583385290171,0.4501817746128225,0.8590327766265585,0.810019076535359,0.3303885490774335,0.20863934501693254,0.4805668355515212,0.24153372689037528,0.6030974616029287,0.5288472589150968,0.42011514782282017,0.1792274797104404,0.030122008440281494,0.008649992884293857,0.02073993987084984,0.09004369850037128,0.6913433884033547,0.032297085649438756,0.10993232565426572,0.7112481066658222,0.060724962250411976,0.28116763109018783,0.010888201453678895,0.20826510058314315,0.07876608363407361,0.6499335430463846,0.0702740670040416,0.42963652627005094,0.039977924031035034,0.3611834951127336,0.0408938300609966,0.4801116657781071,0.4504493351654264,0.7487106769302231,0.48930387248584933,0.8992432457465313,0.32124492408457045,0.7512572976294336,0.5200284070160304,0.5206878990257722,0.7396943567588887,0.9173827418290827,0.3692806932966748,0.9404726512206649,0.39989617185910376,0.7717282978434342,0.47975157097972565,0.41930564135341464,0.09842763494531578,0.7092824398043791,0.9573907837630825,0.5106505575824092,0.5293420927007272,0.769366799942792,1.0071252862024986,0.9268842305352657,0.7910941786282975
0.030731393071652215,0.04981084179684977,0.020509155057984264,0.010529027304052065,0.0212203509214183,0.08974142447848073,0.3114942583811493,0.3495195379286279,0.6589912543529378,0.2294359376426019,0.0695439866852511,0.6194150517156148,0.3715077763118347,0.2200039381904674,0.07991348327473971,0.11048953495999514,0.08900281593367979,0.05873690766947663,0.02085507370295694,0.02063172810101685,0.08005388637727959,0.010808448692397778,0.00936522587473119,0.031068136230837564,0.03875257580622474,0.01025926494060844,0.05699360376148809,0.33156889449494287,0.028482018451331626,0.021039107947492693,0.029668304355505427,0.3393299091236164,0.3617898232798962,0.2196497683226666,0.6296261117537075,0.02730433494302371,0.35976474778638323,0.02313415419169677,0.8606437335422411,0.019855614447170256,0.019016982098461317,0.017583879588952085,0.018212323684111166,0.07314800924444739,0.07021538759946419,0.2797413005293529,0.21816361267155848,0.2611821415800783,0.16006857962518442,0.07123978401516196,0.8380590897409601,0.5988631370510843,0.6508956109881475,0.5000463726259734,0.7789897734419303,0.7417185436747742,0.8292380340611547,0.7327523534288043,0.8492322683161561,0.15920042393483755,0.42906466800628057,0.9288610741707485,0.9300275612704011,0.21967364080810461,0.17122479366076226,0.3103849011031328,0.46209967171009464,0.6892530423244019,0.61966492539435,0.5617211483116313,0.35825685041722,0.11867310714658863,0.0803411494113167,0.13041676093702279,0.032837281197786644,0.811762196025334,0.06011828977695017,0.13849211301693323,0.6707740105896387,0.19136727324547342,0.38850113612466675,0.05971903151632125,0.061829554361288806,0.029151098128611417,0.5616937610032403,0.06788074807583139,0.41832241056140507,0.0319318033516191,0.34892402325269617,0.08951861759486401,0.2826669606642521,0.6792297215406611,0.5295390438783737,0.7178022401191728,0.9877229106358503,0.5698794340305531,0.5881630672708885,0.7598216403034598,0.3199983084572854,0.9193708741225969,0.8008242556701851,0.6009732275901608,0.9484989295006875,0.6403915109048748,0.9475615066414607,0.7213435293057721,0.6500766861405592,0.2791183075445797,0.9028297818817405,0.8587113050576748,0.28034457380542127,0.2885258500802946,0.5310726383421138,0.9268842305352656,1.0109290751685827,0.9565082498050798
0.06149404761207163,0.09844041663678267,0.038991021983623864,0.011936150361641933,0.03979246589355443,0.13972854330079906,0.1900169073486484,0.21930382216898464,0.740279507757486,0.11952694483350303,0.018813152853925055,0.7291278534232859,0.4921252844948849,0.36053385387147424,0.08972745293628259,0.22979732780248233,0.17084930270431647,0.13974474417958524,0.059530303012549975,0.06891921060084838,0.15996776647698135,0.031424343801147815,0.03160712216670287,0.00955729179450446,0.009248045391887685,0.028113473376690148,0.011085173898391806,0.2103279205723903,0.009997578573046638,0.00915474856292921,0.010753552930065698,0.24073335037750626,0.4387173597021646,0.32083360729607757,0.7488067790559192,0.009631512795530784,0.49934442493550313,0.06866685071828837,0.8402545037285709,0.0512272476123653,0.0513807565028347,0.010289042041000398,0.00918221250031931,0.06945901575690233,0.13044104484931673,0.18104221502894427,0.14068340007914032,0.18945275083946947,0.10919678950349829,0.021419728028246952,0.8312968665546007,0.6889651337293037,0.5521999718524699,0.44854356502929493,0.7006779588553084,0.7698908811350045,0.7674653282529528,0.671737909360304,0.7988325305187134,0.23834686567268304,0.41056665556116817,0.890458522656947,0.9197113945992853,0.16020985560782847,0.1592847543906775,0.21000963608661963,0.610684070318479,0.6600569585716286,0.6092431510943274,0.6003596591083892,0.4695544727927479,0.18857972034507928,0.18823883291251647,0.25987992928185266,0.009339142799689875,0.83007614597375,0.11128846993529173,0.12112416287180325,0.568221763385054,0.3011112945124324,0.4724071405953212,0.15201319188224746,0.010829334526514257,0.008136060815303013,0.4809730741028952,0.04297921109769225,0.4092345382285328,0.018083599573626284,0.27961961914100614,0.10999593077815105,0.147364312187277,0.7986611846897078,0.342642592232861,0.8320964119168796,0.958232643662755,0.7486060457541648,0.4206538423539087,0.8992633427797649,0.17078009045252435,0.9692143271991538,0.6479026375193757,0.7415336026217512,0.850506312634746,0.7987349292099062,0.9905280153417725,0.8696417395966576,0.8106758575642844,0.44971294022147207,0.9862797381475709,0.7106131887356403,0.13020692905509348,0.13957236353997382,0.34902288147967975,0.7910941786282975,0.9565082498050798,1.0090595803331825
