0,1,2,3,4,5,6,7,8,9,10,11,12,13,14,15,16,17,18,19,20,21,22,23,24,25,26,27,28,29,30,31,32,33,34,35,36,37,38,39,40,41,42,43,44,45,46,47,48,49,50,51,52,53,54,55,56,57,58,59,60,61,62,63,64,65,66,67,68,69,70,71,72,73,74,75,76,77,78,79,80,81,82,83,84,85,86,87,88,89,90,91,92,93,94,95,96,97,98,99,100,101,102,103,104,105,106,107,108,109,110,111,112,113,114,115
1.008248752446331,-0.9676149182837551,0.8684799508691204,0.977499343997151,-0.269735906160468,-0.2520027157569827,0.36028810866535355,0.18162000100886333,0.011703648277502948,0.21913277395711045,0.8992882982777842,0.22984919690368483,-0.28033154866322735,-0.3621440228324109,-0.1096871988621166,-0.36005203411749354,-0.3005050131373763,-0.3470806143783844,-0.34154095778210275,-0.3604660806304216,-0.4016463245501266,0.4305699072068424,0.38015165166772474,0.3090824936677578,0.5180267100625334,0.48012785813794595,0.46036289195102514,-0.10089487974179077,-0.14050678762391447,0.12044212240093925,0.09180912253274916,-0.12884125957228146,-0.28132203696232894,-0.5473001020572804,-0.561434305207351,0.9293441575833072,-0.4703789395949145,0.5389019875265099,0.18871360264195655,0.7891752183263525,0.7180240454230233,0.4606516467262708,0.7106206320202441,-0.10044726144882389,-0.12018042852592269,0.5589494713505421,-0.2597175943739989,0.35118659518133,0.2497438034658034,0.821016170103643,0.4498665130749096,-0.2997491404791801,0.5110660714100554,0.3688356652623006,0.4904569152547802,-0.3704628475475306,0.4108715618460904,0.3696219111902503,0.3883342246108406,0.461450827429871,-0.42857577650288065,-0.3591181821015788,-0.3002895944685882,-0.5316284042025906,0.4820422480714779,-0.5399032666625104,-0.16992234917198473,0.3700629613267609,-0.3220307029273761,-0.27934926043322234,-0.17112893647965813,-0.13027356372432897,0.06026302883564803,0.1305537192506194,0.7188317500461163,0.5999317799550031,-0.618425784543971,0.2196951526540377,-0.22964527466641116,-0.13045756708923956,-0.5885880561475885,0.17019381410668782,0.6698826144075367,-0.19057375638451182,-0.3596671705707807,-0.12910037998383042,-0.5017903965219296,0.021133607344250772,0.027479378148155698,-0.38238407847623007,0.10052642553512176,-0.1792270593286097,0.31030705948705434,-0.1408865380016731,-0.6669784775207127,0.33915249097475364,-0.29918211107657844,0.2108447489071929,0.1690420095849123,-0.2679517665788961,-0.3323875196662822,0.05180837430806177,-0.5205248453098814,0.22807500992444632,-0.6393512105332918,0.5099909665291144,-0.649574214653543,0.27024413610837345,0.7195609649517346,0.7589165456138924,0.7119707658279876,0.6484281604143598,0.5896422676496366,0.5816952120524884,0.6210297656489182,-0.6703994441354022
-0.9676149182837549,1.0123926370036456,-0.9189436695722601,-0.9507325553831354,0.44198856895538446,0.4430354093784355,-0.521600074344295,-0.3598966178520275,-0.1894725664346126,-0.42185185655304946,-0.9101838366475797,-0.32743690322302893,0.30740714782016887,0.32862870527375493,-0.03978737657874985,0.336954366918819,0.3111997288715578,0.32185636970059883,0.2892864357682875,0.3278212808765516,0.41997737583133554,-0.43956724476976083,-0.3475668215217864,-0.23926142792652622,-0.5291111128611916,-0.501959598946719,-0.41893203590869493,0.2521878380361563,0.008062883094453912,0.01805829280076019,0.04185321822061372,0.30089802149438416,0.47874814198145815,0.7179531827413259,0.7281253641554633,-0.9405332739813393,0.4726215074720299,-0.5489338121653003,-0.38249253736290906,-0.6770978041282311,-0.6215249806038634,-0.31329858695608637,-0.5709642482549099,0.18811864887016447,0.20881316109649678,-0.5781565678768008,0.21881098205018368,-0.3900049921578424,-0.30115400798767405,-0.760360436694071,-0.49089649403751073,0.3379542381499745,-0.5090478165272652,-0.41834135521838955,-0.5281554942440896,0.41980240564498544,-0.4784235834858874,-0.4203159563663317,-0.47206492691818597,-0.5081055658017889,0.5182651378411771,0.46866647663266386,0.41968274336435746,0.6223064773550641,-0.5506569375681203,0.6481649351209808,0.28869629719900863,-0.439906083560164,0.39940873545918104,0.37833909521271547,0.2807885464604089,0.2287770505828579,0.04962166746471824,-0.02792295659145737,-0.6390691354208895,-0.6278007736954497,0.6708411862470826,-0.2982073875515304,0.4019610536747508,0.23930345394176633,0.7515377299272035,-0.060648110761942424,-0.8183844767189007,0.09173143593909205,0.550038890920955,0.21903723513198345,0.6774717784334188,0.07950910832599885,0.13247877426036878,0.4800568363772561,0.021471319694348366,0.3099394735850775,-0.22277001280580505,0.2783622337287305,0.7822512010824326,-0.31941780370385514,0.44684676848633603,-0.22278150155414217,-0.05124970708020946,0.3915470648545857,0.47011195805279027,-0.02855895831932832,0.6425228544370283,-0.2284191929597054,0.7386027500688994,-0.5521448891163254,0.7876663492760334,-0.22308677648047348,-0.7812700384057197,-0.8219698188343412,-0.7585831558625051,-0.7073739760680361,-0.661945080363891,-0.6590027568946397,-0.6980549757260021,0.7389101945327864
0.8684799508691204,-0.9189436695722601,1.0087992401936834,0.9073276772514577,-0.5282140365870395,-0.5290572847316495,0.5988532138681284,0.5002160559984249,0.28967486896623795,0.5199216522974546,0.7904688967761071,0.11957681691616885,-0.13017551248905532,-0.21031017389248924,0.14017426368666783,-0.23001837454499263,-0.17955534584423866,-0.21033122763275902,-0.19831786713536376,-0.21880401814810072,-0.2599075906789761,0.30860245814661924,0.23985235915334233,0.14092674839342376,0.36082333125838706,0.34093483153974713,0.26856085028005955,-0.3380116266697637,0.10052374692704104,-0.12022750418013615,-0.13759435991359314,-0.3716348380852383,-0.5693099571010668,-0.7912159239351269,-0.7669952520810117,0.7977951093773835,-0.26159968548389007,0.3425660866140288,0.47239881928674443,0.3898338394183884,0.3101411277274184,-0.0181938768534663,0.30811068527835594,-0.3115402481445149,-0.3477829715311561,0.6113504778308916,-0.3400338604122832,0.4500361798410298,0.38284525972513556,0.7292392159358059,0.24849872610342202,-0.14888715974869712,0.4494907990785612,0.4193543540337329,0.3736505810476987,-0.2803529282271632,0.29914156113689905,0.2685020132364232,0.28872088249442196,0.3287949640735206,-0.33256590025472027,-0.29000651947995576,-0.26823635878260166,-0.4194009362703514,0.3681709307010068,-0.44752827986410576,-0.3279982064948173,0.40180359457307235,-0.3603423700002919,-0.30944483237612597,-0.31035767641678597,-0.39147910852722356,-0.3167011234546593,-0.23079789398351896,0.5290369079167481,0.3923684714745059,-0.4502952531428541,0.42022611763308126,-0.5012262215910134,-0.36116291021077584,-0.8087024454859364,-0.22762345564442352,0.8007536669943109,0.130969277708237,-0.6216383140916764,-0.3709843270701306,-0.7407267249290126,-0.2984860518986705,-0.29060447828868874,-0.5366903124591592,-0.08916777310764856,-0.23189444617823185,0.1674182683824754,-0.17112762525130515,-0.7395392142371268,0.02941077468074963,-0.5175118641369427,-0.03120150194228006,-0.04071514010200851,-0.2614035980054813,-0.4600203953991235,-0.12223974826466957,-0.5884713222124891,0.02162948515473593,-0.6024291285766947,0.30883402377894553,-0.7485761523621199,-0.06124500786772525,0.5501956920909701,0.6111264613088255,0.540386943187954,0.5006459932096808,0.4686959547951867,0.460488630786739,0.48170488736392025,-0.5121699092829741
0.977499343997151,-0.9507325553831355,0.9073276772514577,1.0080529698683147,-0.34095622284100024,-0.3276054611486857,0.4402092813086354,0.2694507426751132,0.09111489013767779,0.2825603560863781,0.9095608752524318,0.20043724984474479,-0.22957457492905659,-0.28783825646370653,-0.02195265433440342,-0.3002292440171005,-0.2607970204273974,-0.2907343528934977,-0.2706260823055692,-0.3007335496591838,-0.3388991923184634,0.37039128193912163,0.32050195526728675,0.24942750887564544,0.43012685291766173,0.40052922798517593,0.3704708921076324,-0.15040405627622286,-0.05977042161895136,0.04016333891117446,0.02724066681856234,-0.17936967609095347,-0.35236087209046774,-0.5906958641968496,-0.5914280524877269,0.911490837429904,-0.39834898953178055,0.4571317509948688,0.26051810170564954,0.7081968444268613,0.6129120055617603,0.34959474786266376,0.628441245628625,-0.22819724391302784,-0.25088454632967366,0.6306201140809011,-0.2507269712019936,0.43239658303979733,0.35845419614357504,0.8398089368146594,0.39236597418512487,-0.2391423812084075,0.48838892219911056,0.41072734361686347,0.4375117599820259,-0.30090141845139956,0.3413815308093457,0.3404968657605188,0.3193706686018697,0.3890379813638325,-0.34919073085653984,-0.29008113230943017,-0.2408786641163115,-0.4499100641689317,0.40096226547836544,-0.4704594057807134,-0.2201917450694202,0.39812449085236884,-0.3484868062279417,-0.28148382356132984,-0.21987369066897267,-0.25873695891049475,-0.08248388245382389,0.001024133908835716,0.6706486084355796,0.5297761807985575,-0.5323545099194708,0.32848239328785156,-0.29823643942155303,-0.2279532349301283,-0.6288274802734725,0.030263042132840454,0.6986639765945587,-0.061641881019631535,-0.4211277914902442,-0.24968173913360664,-0.5581861925968181,-0.10970853371177043,-0.06890838295232897,-0.46066588925225843,0.04894963574139304,-0.1707013588062425,0.2392882634967704,-0.12900910095947943,-0.6317012378697343,0.24224630341647913,-0.3306302021822274,0.15119407288809533,0.0998212488631263,-0.25905763370659746,-0.3102547570142008,0.010086371505068225,-0.46017606555855123,0.14184012610545754,-0.5512829797919275,0.39115494208155904,-0.6114649373067091,0.15969569008977835,0.6280547118245813,0.676851407413583,0.6178839418513209,0.5492170950245329,0.48959954025058267,0.47890879392384667,0.5186502975369831,-0.5690917638301586
-0.269735906160468,0.4419885689553845,-0.5282140365870396,-0.3409562228410003,1.0074847297395826,0.9879862368441474,-0.7797785907414302,-0.6601817148155414,-0.6204201764844182,-0.8206773910842523,-0.4201825935838258,-0.46936561473923216,0.011254467789257172,-0.02982177497058901,-0.4911905363985773,-0.0015513222093518795,0.00019842363090870246,-0.027451603426454526,-0.11995441038786467,-0.09984880754717389,-0.010114401711599656,0.04961594820144474,0.150757763838166,0.2511542956120606,0.03934878115994556,-0.009838424448120232,0.22066023922426128,0.6087713183792719,-0.45113524183487547,0.4505231888825739,0.4594056549053519,0.6982295632056813,0.949137431194744,0.8780368245972878,0.730900647780956,-0.3595400770980477,-0.011700590065071285,0.021150128892793083,-0.8283031655805213,0.11049851871570744,0.16724719133260013,0.4584073945906553,0.3613350011430741,0.8385266859051261,0.8107581786044475,-0.3795911402594041,-0.4210785899510803,-0.5493916404116044,-0.6983630852911433,0.029351151091927697,-0.21934238195484934,0.029583203344800083,0.05044398884406595,-0.4888425342849838,-0.038136738951014444,-0.01928030126232907,-0.15987911942051436,-0.30924105969507604,-0.2819418893223415,-0.03800602346524559,0.2395964948856005,0.4011354809208248,0.5016664549880023,0.3108250448984531,-0.15910005524165374,0.4389096177806346,0.6395587889394382,-0.48152273802827233,0.4899905402360239,0.5104873788631755,0.5909260649729743,0.7706395127611956,0.6898710288022731,0.5403968468734996,0.32972201088277203,-0.07075669146149248,0.13023230608909472,-0.7012576821129243,0.7416010469533856,0.6711875003675958,0.8110223379556138,0.600812243680866,-0.7890769399706413,-0.64761694465853,0.869384067883665,0.7099674590425742,0.8382138640264802,0.6799906833247604,0.6324996837429744,0.6298037936097184,0.47944356673157984,0.6386624264218049,0.4486055637643818,0.6788415904315414,0.3803785641524121,-0.07152645705019098,0.519725792841718,-0.25963288763439873,0.5284896176717823,0.7091791192363761,0.4018346174198501,-0.07199457999486122,0.320700158286894,-0.09742448570965818,0.307952746519357,-0.1891853973185554,0.5004264749511556,0.13059184801651094,-0.3092205005755768,-0.29871178325694253,-0.1401165978184527,-0.17158891511778554,-0.23148003007128956,-0.26061515567534954,-0.2688627349264803,0.28125309675760896
-0.25200271575698263,0.44303540937843555,-0.5290572847316495,-0.3276054611486857,0.9879862368441474,1.0120562051255204,-0.8306351780014863,-0.7396368892917983,-0.712495503938775,-0.8888521703721391,-0.41212309465559965,-0.49015227686234936,0.028194307150173452,-0.1106745257766593,-0.5911522780986173,-0.06266867346533964,-0.0015364262078207632,-0.07029576394571516,-0.19837489777839973,-0.14232479917349639,0.00313839374354892,0.04140647238644122,0.17932300605629117,0.2984694651757345,0.030759693776885033,-0.02901556055418892,0.23962247988828597,0.6827200221874274,-0.5413857752626501,0.5497658309398361,0.5500400170423762,0.7719414930471867,0.9805863671975742,0.9067992390160075,0.7898356095863184,-0.352061153828906,-0.019075205358099593,0.017898677407088597,-0.8983209481706977,0.14938210078787503,0.2006948828187571,0.48878139619804317,0.3874091852113444,0.8075252718177914,0.7990904806720531,-0.4161933585132328,-0.35985546906110966,-0.5699140259852269,-0.6913539719229045,0.00787348218477312,-0.24019823567073084,0.05848208200956367,-0.00965312113804494,-0.5181252533777132,-0.09947208437384311,0.03798482159229824,-0.21086527742015806,-0.3388560043289783,-0.32891849758440667,-0.07817097118010202,0.2886244530624064,0.4409589014582714,0.5397438960942076,0.35207976526574397,-0.20084593165598333,0.47919227794438307,0.6815770623564615,-0.5196899643181543,0.5293223383414695,0.5491723053746657,0.6318446349836085,0.7797631384503408,0.7104044525088777,0.5834999831741036,0.3011078366859606,-0.10945496955597764,0.16946443807195286,-0.71816621733826,0.8194958255678813,0.7088057896126242,0.8584631583049597,0.6305617658713554,-0.8217026062906164,-0.6582850381565982,0.9259244365713177,0.7284496080363004,0.8898036488559108,0.7016017697829052,0.7096318034925785,0.6782993977555037,0.5406808090080821,0.6681145355749923,0.4684647994590679,0.6909371439989836,0.4601371139373374,-0.017639351355156718,0.6106534094017948,-0.19917656077812426,0.5709681983755264,0.7194268919065281,0.48944856187350194,-0.0015386776838538037,0.40248926274589225,-0.04037978963733906,0.35858190017017594,-0.17171313432653726,0.5662177211271008,0.18822986735449873,-0.3189949592458389,-0.3225899961710545,-0.17075434491738867,-0.19979024626110514,-0.25955531027313233,-0.28146034627011396,-0.28848259676559923,0.29945282203042983
0.3602881086653535,-0.521600074344295,0.5988532138681283,0.4402092813086354,-0.7797785907414302,-0.8306351780014863,1.008301853961579,0.9456381514765094,0.8789534584515732,0.9399621046358384,0.5862303351913425,0.5092457893276189,-0.04863759156556962,0.31004163196439155,0.7607138184764722,0.21182832096191068,0.010891912048089663,0.1597168204821787,0.37100872693870535,0.2092092341124822,-0.02905663732597628,-0.04195401038146958,-0.2124420727617586,-0.36042234650790667,-0.020231774419232896,0.041463087718427605,-0.24113778934712926,-0.777249193096876,0.7017966134063129,-0.7187475550580446,-0.6921445288321193,-0.8195637532572843,-0.8817642956595831,-0.8522959404796574,-0.8618178332594291,0.5097687810917216,-0.0009175768638350426,0.01021020835186844,0.9298934301151032,-0.040010087859453314,-0.11978473466530103,-0.35005450343712935,-0.18876748212075084,-0.6287781112105956,-0.6826515389767239,0.7003228803194409,0.07138478380684533,0.6989787012771993,0.6888622073243916,0.3118417083233715,0.370019233311924,-0.07046615671561209,0.37822393076158606,0.6683708886972204,0.3488834764698756,-0.14630159982829827,0.3376320766047183,0.44124297607866575,0.37058379066624014,0.1502075431682768,-0.28026315513688665,-0.40037013351365974,-0.45859300706168643,-0.359896786196068,0.2101384177298945,-0.4722811983857393,-0.7210100820732236,0.6591569995861951,-0.6390830768679426,-0.6079957134987681,-0.6813858410824343,-0.7490828885653266,-0.6776457145318767,-0.6387028013909228,0.02063412074717932,0.29108347673243756,-0.2695161692803538,0.7590353521663936,-0.8905128512693977,-0.7606321436408656,-0.8805934247447352,-0.620594107372165,0.8789837150224533,0.5874797041880142,-0.9386962599563566,-0.7420312721138541,-0.9196465789240597,-0.699630088694632,-0.7981417957562842,-0.809947004939323,-0.5911929398676121,-0.5886641286403435,-0.4080428209963358,-0.5276219192937152,-0.6406624003835407,-0.18189058764870789,-0.7803711118465064,-0.07859197927121185,-0.5809585034785136,-0.580788479894183,-0.6110384114810454,-0.2790578813192502,-0.5133047789787226,-0.21054899257287613,-0.3878773586897505,0.02128556669480661,-0.6497634934155648,-0.35866055125677815,0.3088415129535309,0.38188176078978836,0.2413558922559179,0.22001419915165038,0.22880339565200153,0.2104296715861772,0.22883891402762452,-0.259849715723487
0.1816200010088633,-0.35989661785202753,0.5002160559984249,0.26945074267511326,-0.6601817148155414,-0.7396368892917983,0.9456381514765095,1.0108827648705458,0.9393647117085755,0.9472081030381818,0.3792913986580706,0.3399619938077623,-0.00950876877974298,0.4081542230261201,0.8314421571486365,0.28927617660584065,0.030833737908174636,0.21001676242802456,0.45076228904033355,0.2525684277327579,-0.0021335966728093657,-0.056936251451262646,-0.2385955031017359,-0.388602355888581,-0.05102926862456908,0.018901796004711646,-0.2690654505867059,-0.7829384106460321,0.7683675206017552,-0.7889540577715068,-0.7483229182813627,-0.8184793834193174,-0.8192193391517729,-0.7784024314200854,-0.8179152577170161,0.3212226879066577,0.07173978361012738,-0.05041905225242648,0.9190571312814527,-0.2687613213845633,-0.32894895739577995,-0.5203471655770624,-0.3508911785089471,-0.4912672163686905,-0.5676387062448793,0.6182779850452231,-0.10990723883533393,0.5828672461374252,0.5478950547556806,0.24989025611900423,0.21019902584226818,-0.02018673951546779,0.36029670702124605,0.5513830166225374,0.2886945550794828,-0.15110387382861068,0.25373908829178393,0.2983837431180367,0.2684706272258443,0.11861623594292894,-0.22128133717970452,-0.2997178881009506,-0.34212232815683175,-0.2593827489691263,0.16176226530196705,-0.34854056785154863,-0.6471081857944372,0.5394047631417573,-0.5211680278556867,-0.49101919628038176,-0.6007813007651831,-0.6708737558449719,-0.6916644555256505,-0.6919723817171203,-0.0014609958087746745,0.1895427863425474,-0.18122085726205026,0.6601038714219356,-0.8821150519393766,-0.7027760450037229,-0.809908178489786,-0.6795724521349158,0.7597030835525216,0.5798342625283621,-0.8911701338136953,-0.670014170671182,-0.8671988927783497,-0.6885579685544947,-0.8411627028899314,-0.7205115784039555,-0.5897774349531064,-0.4686178602825739,-0.35963741167022245,-0.38093533379927275,-0.6272802344612923,-0.36782578779968905,-0.7986479229818636,-0.27757457047339046,-0.5678747922849994,-0.4120679503802246,-0.6205350885991496,-0.3902405152916399,-0.5188296612134852,-0.3312642803756858,-0.3329109030059758,-0.10286219375473539,-0.6115024491474186,-0.5027636363480427,0.16245586569359913,0.2584108729657014,0.14972513061245396,0.13979694787769895,0.1484646946498266,0.12020306153748152,0.12231716121546725,-0.13779165351001124
0.011703648277502946,-0.18947256643461266,0.289674868966238,0.09111489013767778,-0.6204201764844183,-0.712495503938775,0.8789534584515734,0.9393647117085755,1.0096986756068684,0.9171919768992819,0.23211947672961802,0.48864938046310646,-0.028969806864839805,0.5601358497055289,0.957679843614911,0.4504457919258788,0.0788221134472458,0.3514839691517791,0.6495039734203075,0.4111322087578599,0.03820977800914853,-0.14908347733223432,-0.3811775334645963,-0.5500091714998003,-0.14245721977697437,-0.04080270826831885,-0.4079971137869352,-0.871055534233884,0.9077832918244148,-0.9215295346546648,-0.8888456824807281,-0.900288537767185,-0.8017211334760663,-0.6787695883507596,-0.7513234649476677,0.17969535403587078,0.12171606704153029,-0.12223273466850688,0.939013271941043,-0.32859865638377944,-0.37988575025649346,-0.5097210791607734,-0.4207810822647343,-0.5283856116328178,-0.5890442249517326,0.5176280674408373,0.0697814349644471,0.5712745154454786,0.559874423279906,0.05047416035965975,0.2711968015134132,-0.058450098153408944,0.278572548014019,0.5688385248562798,0.28040569664395715,-0.15975347289389788,0.3106953747258781,0.3686910261193173,0.35849071184964004,0.11014642907362422,-0.27970599017793457,-0.39969544406297236,-0.46024092045918225,-0.30103513134597315,0.180533955718461,-0.4012988818743366,-0.7220413957358798,0.5792374706342917,-0.568970618548904,-0.5712184831422676,-0.6786272762542763,-0.681745081984076,-0.690121752798264,-0.7095007894622258,-0.1815719699945609,0.17156860223095524,-0.16866036868466938,0.6707942668619228,-0.9174321720782216,-0.748203056356883,-0.7191346616555357,-0.6885262999862463,0.6720165633920474,0.6276736944339393,-0.8688626814005511,-0.689210773073408,-0.8008776323321884,-0.7007622381566154,-0.9107472004823071,-0.7211272914717168,-0.7385017435839668,-0.6015874707653698,-0.540360841535434,-0.5280934341611753,-0.5407208134111406,-0.3496712674104787,-0.8199462417940607,-0.2112028206868017,-0.7108036422762625,-0.5389059836173135,-0.6618664250358643,-0.3881735796923467,-0.4900167893653205,-0.34115723897803074,-0.2792016849337506,-0.13078698572704708,-0.5375060245587283,-0.4993778877835943,0.11094907084971621,0.19869387391109505,0.08888887864250289,0.08872813235496144,0.11264080443914351,0.0896101650256762,0.08157965058296385,-0.09072501154623518
0.21913277395711045,-0.4218518565530496,0.5199216522974546,0.2825603560863781,-0.8206773910842524,-0.8888521703721393,0.9399621046358385,0.9472081030381818,0.9171919768992819,1.0099329002752435,0.4005847318122873,0.47058681122310575,-0.05114469718732964,0.27199882674618914,0.7871764806474829,0.18042403966807619,-0.0008409216792576341,0.13974342325287634,0.3513307979176164,0.20714396745488567,-0.03976197166464793,-0.020539587167690575,-0.20915801295089653,-0.3709071055812738,0.0008616591238148186,0.07008669222213668,-0.24220903621044917,-0.8090244720915054,0.7207936737510705,-0.7388210245482736,-0.7231925379732416,-0.872306008582219,-0.9395016896799897,-0.8902993534251357,-0.8804441355813147,0.3593582631563609,0.010455059396938202,0.0028364717612659384,0.9778177993179925,-0.22204017049968386,-0.2679567604205418,-0.5088497830171583,-0.3701324896917774,-0.5987797599384578,-0.6401362930953425,0.519480145160874,0.09008784432542649,0.5716118270057134,0.5912816886368986,0.12010937602707661,0.2785893399766603,-0.07979281669945183,0.24074552421698373,0.5588433342056506,0.2614894547402169,-0.16150379852288682,0.3082467382266677,0.36125846538014283,0.3724754330757509,0.15927285975183209,-0.32863689971322785,-0.43932104379331927,-0.507914334793768,-0.3819940471729589,0.2491725338611118,-0.4893444055980481,-0.7081494631973957,0.5691141928904941,-0.5600122489795838,-0.5709663789601509,-0.6604110127602136,-0.7082816387600857,-0.6898288464221071,-0.6500811897406144,-0.12956868697841822,0.20878458407005582,-0.2497086673397484,0.6788535050598095,-0.9209787732290361,-0.7280869343786921,-0.8910656094967578,-0.6517130742499414,0.8490071338628652,0.5995399696685881,-0.9701339937856948,-0.6899440895040975,-0.9387680237086552,-0.6886270499337453,-0.8303528556159415,-0.7218396443258768,-0.6202654019330083,-0.6216393421622078,-0.41884509129113573,-0.5724659229370483,-0.6489627952645418,-0.20049338437546751,-0.7991649336177187,-0.07978245847923078,-0.6007571612421447,-0.5991934079051254,-0.6704732207865847,-0.2606543608714044,-0.5788683330753176,-0.17783639049177913,-0.44010335978175674,0.06211967876583449,-0.6894936676299593,-0.3706558639185599,0.29781845029516546,0.3581197022042026,0.22971515466457343,0.23940102521037718,0.2697785147161403,0.26221165389597684,0.26738786834949463,-0.2782071085712741
0.8992882982777842,-0.9101838366475797,0.790468896776107,0.9095608752524318,-0.42018259358382576,-0.41212309465559965,0.5862303351913425,0.37929139865807054,0.232119476729618,0.40058473181228726,1.0083721888777644,0.46836912350212784,-0.33921495168526355,-0.2590587767057052,0.09996827095437824,-0.2886678195478212,-0.3006902734716235,-0.29086574702086726,-0.19067960617193158,-0.27010367839372995,-0.37106303409115693,0.329986030787773,0.2589062778698465,0.1695200386612416,0.40075205991482227,0.3883345634095846,0.3119080950982261,-0.2225876175619017,0.040043409966368675,-0.06283272994924577,-0.06626041819462797,-0.26081818031218545,-0.4300127480307481,-0.6085793313296313,-0.6183049255690461,0.9790778782167552,-0.4901273569829994,0.4926620272096642,0.37174072804157887,0.7403005835197294,0.6794516631442878,0.43104398011776524,0.6295572084577936,-0.26047171003685116,-0.26918917981907686,0.657555136693634,-0.05052750615427798,0.4685391046467605,0.38204979520482246,0.7779156009268089,0.6393102213499583,-0.3486247733087962,0.5310379384656506,0.5003148639233395,0.551328230967006,-0.33186239847468946,0.4704437433408006,0.509799926866966,0.448338398243768,0.43875586813272904,-0.4004705813466119,-0.3901569268354327,-0.34924454760096074,-0.5313996239676885,0.4297324041642726,-0.5806523739158255,-0.32091927380472457,0.5119505997305059,-0.4702613035797997,-0.4198132715273675,-0.32033315847676747,-0.2703851039865496,-0.0403019543715353,0.029748177559087235,0.6201959725063925,0.6896433057731516,-0.6200835489796045,0.35898900272774514,-0.3683272136018039,-0.28794867464727175,-0.6505357130029934,0.08029680651701344,0.7882033511768775,-0.0781139477312869,-0.5102154497754877,-0.26862530723641226,-0.6104155164639868,-0.10135303545707881,-0.11956857170177394,-0.5382724549482393,-0.04003388907137878,-0.3012534974236337,0.10028993680928233,-0.2702395072291625,-0.6298830986258741,0.3603713009214561,-0.36095854702906527,0.29761551090981536,-0.0007959753328107353,-0.41953145101402317,-0.31834033192583616,0.039659602394957236,-0.437905590357498,0.1690554137766671,-0.5315451769580471,0.4209084856609213,-0.5991562919276765,0.23018167137438048,0.700236337898578,0.74922570055484,0.6585414429008103,0.5691119591781796,0.5001248527487021,0.4821942218828237,0.5402203511082104,-0.6093511139134764
0.22984919690368483,-0.327436903223029,0.11957681691616882,0.2004372498447448,-0.4693656147392321,-0.49015227686234936,0.5092457893276189,0.3399619938077623,0.48864938046310646,0.4705868112231057,0.46836912350212784,1.0087549704550944,-0.35995058096077875,0.18913121393236815,0.4904941364082128,0.21886602654203338,-0.01838055932970897,0.21863126377860495,0.3791357155683997,0.29896181964645874,-0.13899392764085564,-0.1092775779412244,-0.32861262523886636,-0.44098711985491973,-0.01979723190896954,0.06102730111445565,-0.23871653602674472,-0.5707419915658208,0.4816562705976563,-0.49757813412592505,-0.5298343326371865,-0.5991708718143978,-0.5081639583470585,-0.4214607651098433,-0.49121154047657595,0.4509121977067271,-0.27823986838026005,0.17102301530357183,0.5500052755574079,0.3104176996063624,0.32068938721665613,0.20775028343952218,0.13074960880142306,-0.35041993813925554,-0.3216449120509452,0.20051743111653625,0.5769205076347819,0.3323082124246403,0.33729078857940736,-0.03976429386177792,0.8669376612344533,-0.45262223506599164,0.22902740286996584,0.5211695123506259,0.5703164355520739,-0.3615082543556352,0.7120119835920814,0.7595882343396172,0.7688004048094443,0.3491002963307806,-0.5207510891111398,-0.7204911290984302,-0.7393783405889095,-0.6005778363007319,0.37720852663548116,-0.7215975920590397,-0.6620032984491337,0.6408335475787724,-0.6591681627409943,-0.7502454594678387,-0.6573328363236163,-0.3291630958011467,-0.11170114516471642,-0.13151225379108278,-0.08739285802591629,0.6294706388854805,-0.5199636517702629,0.38180040655818787,-0.5499604679329549,-0.4825537420795692,-0.4598210480016294,-0.04855011001808517,0.5783711692872965,0.12978962837071942,-0.5401138292017538,-0.32875088474766867,-0.4994124235922555,-0.21006018686706765,-0.4116335615657051,-0.5584814215830006,-0.5890801743318664,-0.7999672653490744,-0.5704542952491278,-0.7820722412500181,-0.38853889682564385,0.3191268878084847,-0.49083363278591646,0.4187564491225242,-0.5593408765331422,-0.8396889837543662,-0.4994253003307235,-0.07782162677197497,-0.3703989341073037,0.03253168161049378,-0.3393249248366241,0.2594982046635952,-0.4101212112993699,0.12869493798259857,0.4788218491351228,0.5074316593585305,0.3710631881237857,0.3222756459271919,0.3098546306060139,0.30851099238949564,0.34748119576526393,-0.4009250983332471
-0.2803315486632273,0.30740714782016887,-0.13017551248905532,-0.22957457492905653,0.011254467789257148,0.028194307150173452,-0.048637591565569606,-0.009508768779742981,-0.028969806864839815,-0.051144697187329655,-0.3392149516852635,-0.35995058096077875,1.0092869007846046,0.3613375987214918,0.04108225939311626,0.3921513461612199,0.849741489210272,0.5290409930504233,0.19967910281418025,0.5116512682772589,0.917486062052736,-0.7108812374040839,-0.5395497031017443,-0.4205111327266885,-0.7194308428914703,-0.778674353611131,-0.6181168134421943,-0.15157984501120683,0.13817339240935292,-0.08131876071895416,-0.1280790494291642,-0.07111261990612297,0.029068261690250428,0.08164662514380248,0.12193038000391544,-0.4084595435092372,0.936365542649362,-0.8709337147038911,-0.03939402483890624,-0.380947536386686,-0.4786349166424756,-0.3412058294787985,-0.3491028368736361,-0.14028385380462877,-0.2502070938607247,0.2679981328043572,-0.06138425609645429,0.4617108141436191,0.35057309552037696,-0.17155682051413346,-0.5617517178079884,0.9587052201868478,0.19772893319452398,0.41816405801604867,-0.13032156829070324,0.7205512986237264,-0.27084549323188917,0.09223368951289439,-0.36145243193889187,-0.8703223296466736,0.6421711326483345,0.4005001238740874,0.25946985015841056,0.6277074993486138,-0.7496503858407324,0.5191040846829302,-0.27057480335731177,0.30899131454237455,-0.3193080474282684,-0.18970204364599458,-0.3099252376811584,-0.3799022923753283,-0.44740571231837734,-0.5592371047570883,-0.3094724436955957,-0.708796338320229,0.7804241993202061,0.44063727694279153,-0.04738143671053467,-0.4190053545175174,0.12749473695460908,-0.5195255074475803,-0.26070817519646877,0.5381346791205458,0.08905136575033004,-0.46771179703945454,0.12059301157022786,-0.5110889266260453,-0.23093916401077427,-0.26983021689833964,-0.272856981497534,0.001905805360899711,-0.3109820812563187,0.1009788074959833,0.2588233696186697,-0.6897513050235757,-0.09860858074836075,-0.6187949949991957,-0.34178321003648787,0.19741282842064847,-0.019997108230081963,-0.47170887511856235,0.1506893606329106,-0.5588071159922834,0.3604764626656448,-0.5897207591140822,0.20961547419734777,-0.6315217635480675,-0.640700837934593,-0.6386795878857858,-0.6984606431509898,-0.6612908219046204,-0.5881640649245236,-0.5424857987910782,-0.570138111890346,0.602339007628142
-0.3621440228324108,0.32862870527375493,-0.21031017389248924,-0.28783825646370653,-0.02982177497058905,-0.11067452577665929,0.31004163196439155,0.4081542230261201,0.5601358497055288,0.2719988267461891,-0.2590587767057052,0.18913121393236815,0.3613375987214918,1.007203270255192,0.746871926465306,0.9686866836743102,0.5500457255554188,0.8785184841411753,0.9394414971191948,0.840324422591523,0.4586204494068763,-0.5513281410868742,-0.7292739747788635,-0.7707466019107959,-0.5503502977248542,-0.4516890707707173,-0.7187348951850965,-0.6401224427898226,0.8189511392364467,-0.781913425685532,-0.7720283119055689,-0.5602782147964882,-0.20236154869846232,-0.03034285183853924,-0.1707343215485096,-0.3294313621511829,0.597521563120461,-0.5700957491474368,0.39081514791223304,-0.44160443722924025,-0.5181941758883736,-0.39851792558262156,-0.4199633099036299,-0.2297168120104787,-0.3300642480167706,0.3593816119125912,-0.03921176103792856,0.4495761914913216,0.3708525999510507,-0.12906302057228689,-0.00032193664592543243,0.2410754604995132,0.289441517522603,0.450389866623609,0.22812875395829274,0.00019296104105392823,0.20081398430730615,0.2691613863998355,0.17152982660101895,-0.23105085633678046,0.030638628360134142,-0.12970646029423402,-0.17035172653400232,0.08966309113206805,-0.19113376878338548,0.018376586740443852,-0.5402433809037733,0.44065130608444897,-0.43911100868453107,-0.4100820186008662,-0.519409407671401,-0.4688223174840109,-0.528373766675617,-0.6599350901733929,-0.27979625491364324,-0.14096465504548392,0.23000522305121124,0.49889818072777964,-0.5090249888155359,-0.5879354204108761,-0.08970591595605848,-0.5923510117281957,-0.019622854347995922,0.5584574795108419,-0.2596619628904913,-0.5295841194440931,-0.18123751683047462,-0.5802742243299349,-0.7186475521432947,-0.49994493134095447,-0.7009119594536736,-0.34019290095089205,-0.6018608411271981,-0.21981728374954898,-0.05933367753951941,-0.6308556728745273,-0.5301776721589793,-0.5087019001439262,-0.6999449508694917,-0.1768399291294007,-0.39092473713716525,-0.5720478796493218,-0.12014753956928073,-0.6170618360231247,0.18021927869826926,-0.5390233933905462,-0.010762932787006796,-0.6692986268616008,-0.4110458955612674,-0.329110960287448,-0.39063070719027954,-0.3786881980395086,-0.3403775213472789,-0.36912197066909946,-0.3929750768732689,0.4107655081486774
-0.10968719886211663,-0.03978737657874986,0.14017426368666783,-0.021952654334403476,-0.49119053639857724,-0.5911522780986173,0.7607138184764722,0.8314421571486365,0.9576798436149109,0.7871764806474828,0.0999682709543782,0.4904941364082128,0.04108225939311625,0.746871926465306,1.0120712606034872,0.6615402683344893,0.2117673044239117,0.5610570506596411,0.8389124994311601,0.6083993368491375,0.1506897664750331,-0.29105949515858714,-0.5517614014179305,-0.7090841326951252,-0.28870881166474804,-0.16725365362360742,-0.5606232468822422,-0.8988841658620207,0.9878647407573403,-0.9901253065521486,-0.966082192409186,-0.9002846780728623,-0.6885639328377849,-0.5292809412923503,-0.6385811070469473,0.032721877908781914,0.2511037324806425,-0.2591288868190854,0.8602456697068477,-0.37726921509614614,-0.43845980791034606,-0.5017159765798885,-0.4512545299562462,-0.5010087523586793,-0.5717125314863153,0.47730879466784165,0.0996963492505593,0.5798900945571925,0.5578924360563136,-0.029364970279937664,0.2501282714888602,-0.01972947219026271,0.271715169746677,0.5819887932052037,0.2911568942248476,-0.14211805638856692,0.33763860827561265,0.39770126988505894,0.37829990849661405,0.03882687954157954,-0.2508286135163429,-0.41238025836520825,-0.4711466998713036,-0.2493765664749207,0.11138842409385563,-0.357841444409562,-0.7604077978320375,0.6000594315548095,-0.5980889128287105,-0.6096223834398569,-0.7120117533775141,-0.681003600602851,-0.6906572683990753,-0.7498617765408744,-0.25923073626623544,0.11076690423714272,-0.0884815709260975,0.6803066667680958,-0.8813744845937955,-0.7726283913667461,-0.5790595434416097,-0.7084419995187852,0.5112396796068168,0.6582206750331062,-0.759372813074563,-0.7005937584841657,-0.6782407580746513,-0.7193820248936187,-0.9398114128535301,-0.7261267157093847,-0.8312878046139026,-0.6292117484899271,-0.6605012204889229,-0.5399312817319635,-0.43135175542535287,-0.43045916561070957,-0.8093710974184888,-0.2701303084888637,-0.8098941178145128,-0.5320931338312924,-0.6575089275267251,-0.4597132634616383,-0.42035502214324827,-0.4314754730360157,-0.1622606007285309,-0.24984972454333826,-0.4120802076271259,-0.5693455342166739,-0.021491733821346996,0.06963014188502131,-0.04012175045197347,-0.031982928627595206,-0.0010078783329514937,-0.028457645540288186,-0.04077531190315067,0.03989502850232773
-0.36005203411749354,0.336954366918819,-0.23001837454499263,-0.30022924401710055,-0.0015513222093518112,-0.06266867346533964,0.2118283209619107,0.28927617660584065,0.4504457919258788,0.18042403966807616,-0.2886678195478212,0.21886602654203338,0.39215134616121994,0.9686866836743102,0.6615402683344893,1.0078097282689709,0.6502400391714811,0.9559592530931835,0.9290589983373586,0.9195278837348365,0.5210759249435427,-0.6394636334618673,-0.811055259975563,-0.8296418391098602,-0.6170665804325058,-0.5196525866873752,-0.7689162775274487,-0.6289200537245941,0.7596092420812159,-0.7219520913954404,-0.7399869505220709,-0.5297723034404456,-0.15007070315400584,0.0104815111965557,-0.12752276570534912,-0.3479498989148724,0.6294554960162781,-0.6110824584906853,0.3183135665876616,-0.4099310608605008,-0.4795889918607987,-0.35123473739114136,-0.3901125814145098,-0.19715153434181995,-0.2992326624670948,0.2793885416472018,0.010627985840988298,0.40928253874398285,0.3315716773955745,-0.17877102519139637,0.029145820033649912,0.23974291429214756,0.2784924646001775,0.4476840834244884,0.2693719677340902,-0.018360845821430754,0.28022069071323275,0.33050858748789763,0.2503712462740637,-0.2517858341459327,0.012367084776239394,-0.18253787032036042,-0.22903473617388828,0.07792614009915863,-0.21021953242775432,-0.010834460650143696,-0.5700535215759365,0.4605125297320971,-0.4695110414131824,-0.46797943421842897,-0.5525438546243059,-0.4300146667345648,-0.47904511290042456,-0.6303775527934314,-0.3011404164519978,-0.13944715051311513,0.230751327178177,0.4699997497918198,-0.4614337956106085,-0.5806107953144016,-0.039380500079944314,-0.5501371388103344,-0.0722255487546674,0.5188101905139497,-0.18991393443569712,-0.48927305440031593,-0.11973196585227361,-0.5397122609001674,-0.6691830968420648,-0.48883832191599286,-0.7325936105870964,-0.3981796687627759,-0.6582191358358078,-0.270368254083535,-0.03002161399049092,-0.6106432396642245,-0.5104221434323204,-0.4884281580125463,-0.7310233039384166,-0.21157817152391054,-0.40063008179927845,-0.6004590190795397,-0.11074953902408234,-0.6222113548318227,0.19065002258307023,-0.5302402537561489,0.011898204026565726,-0.6493906896064214,-0.41956409879674855,-0.339716469586665,-0.40833097620054515,-0.3998869302854213,-0.3594503819341893,-0.3803249666445901,-0.4019904864959846,0.4192899268014228
-0.30050501313737626,0.3111997288715578,-0.17955534584423866,-0.2607970204273974,0.0001984236309087814,-0.0015364262078207435,0.010891912048089671,0.030833737908174612,0.07882211344724575,-0.0008409216792576213,-0.3006902734716235,-0.018380559329708918,0.8497414892102719,0.5500457255554188,0.21176730442391165,0.6502400391714811,1.0081226631928561,0.8090752724806696,0.47018951289160843,0.8193995033921222,0.9475162562895687,-0.9185028482116263,-0.8415473041707995,-0.7397034177853749,-0.8695931051321741,-0.8795698099165901,-0.831108725456484,-0.3788085753644139,0.34344919488361514,-0.2887477994026704,-0.3600888303015444,-0.2599515465256472,-0.021044183545849072,0.06193455389384107,0.04089046053273061,-0.36786889925590033,0.8798288286601107,-0.8973414745881391,0.059206555613342184,-0.3591869814906452,-0.4390613100260208,-0.3010409173763657,-0.3396788252220253,-0.13038718274124947,-0.2401624429344947,0.19022802902613792,0.07040845093271433,0.429315487413101,0.3074221123632287,-0.2383457515880483,-0.21181079355246343,0.7175711041724904,0.2786095265982334,0.5194044724478979,0.1784165658308205,0.45161719585465665,0.1198160120478868,0.38867443694444215,0.019441791642884138,-0.7315210594968014,0.45051830347031424,0.11941228821203449,0.0006347551401618785,0.441100202469589,-0.6601715852181359,0.29204081809674826,-0.5220835978998984,0.5019020676413856,-0.530208568503275,-0.4804744561858755,-0.5694210758444054,-0.3995442727683084,-0.4404563439793947,-0.6202846547450148,-0.32947950653615665,-0.43974443391978324,0.5993013752719455,0.4695996102406755,-0.1993428089238715,-0.5631192979612613,0.07975742502816391,-0.5182148424930825,-0.19847546011747103,0.5005814752900684,0.010122565321642142,-0.4887995750984253,0.05195037924237976,-0.5219427018639246,-0.37819389431936573,-0.4398164760935915,-0.5693894044096951,-0.28890888924625885,-0.6094316654941082,-0.13947179063037857,0.159790802880132,-0.6906707455865382,-0.29058015700089285,-0.5989737750013341,-0.6111955835733175,-0.050110900369895656,-0.2115632795018515,-0.679078250940574,0.05928457282210448,-0.717922277385881,0.3483045537491309,-0.6497987525553868,0.14994048662982673,-0.6908780379297565,-0.5915333362845625,-0.5495941383738842,-0.6486791819089417,-0.657343096372993,-0.6097280994152289,-0.5795621247128044,-0.5818189207933487,0.5907012308105636
-0.3470806143783844,0.3218563697005989,-0.21033122763275902,-0.29073435289349775,-0.027451603426454516,-0.07029576394571516,0.15971682048217867,0.21001676242802456,0.35148396915177904,0.1397434232528763,-0.29086574702086726,0.21863126377860498,0.5290409930504233,0.8785184841411754,0.5610570506596411,0.9559592530931835,0.8090752724806697,1.0088295885063436,0.849395695926584,0.9778830696875117,0.6798432362000661,-0.7802037643858212,-0.9090182932497607,-0.9006202358253674,-0.7326737060515115,-0.6587630433700308,-0.8523065953226532,-0.6219538324761121,0.6881373671404066,-0.6391194723405427,-0.6900327881417241,-0.5096972688052017,-0.13977546038472646,0.000960997907449392,-0.11109626972333103,-0.351208232132046,0.7188189261085296,-0.719558172553885,0.2619472489129547,-0.40022053525983275,-0.4711368487356744,-0.34915177158684974,-0.3895931670975289,-0.19144055957953057,-0.2904212834134882,0.22940258304002875,0.06998911116742704,0.4214013704145226,0.3290204293433305,-0.2316560152236379,0.011256120839087858,0.3517111702764863,0.28239079419582563,0.5006954540884228,0.30186557131158265,0.06939888315018554,0.32690140084180674,0.41916223272117054,0.2798348934191973,-0.3784051236345569,0.08101576832812425,-0.18983169444547657,-0.2503832134999359,0.13027645096299414,-0.31763080356977635,0.011586087334957524,-0.6303375087645589,0.5287886155701986,-0.5490028588621922,-0.5520360128889796,-0.6302069702925478,-0.4406342181070159,-0.4829976548230764,-0.6586197511027799,-0.33992362396543524,-0.19917466937044817,0.3102088380959416,0.4892784062609871,-0.4300281864913025,-0.6274976458983589,-0.029444744156732476,-0.5589770798849958,-0.08893847512583561,0.5302501378888588,-0.15959288778526598,-0.5110256085819076,-0.09166509698292791,-0.5597868485278795,-0.628568815390931,-0.5219638459995662,-0.7784075355768296,-0.4611304026587928,-0.7298436720561374,-0.31991450926880055,-0.000602182003766635,-0.6402780904973504,-0.5088979674262255,-0.5199815587474498,-0.7797547633376407,-0.2402540395776881,-0.4194984352040617,-0.6704514490866257,-0.10842982956221094,-0.6797583752914695,0.20981916804152043,-0.569284833963272,0.019438588548271827,-0.6795667537867252,-0.4511746931968472,-0.3798213580264413,-0.4694513191298262,-0.4711724114956903,-0.42051385776882855,-0.4292804878301635,-0.4466477822804273,0.4516933026056383
-0.34154095778210275,0.28928643576828744,-0.19831786713536373,-0.27062608230556917,-0.11995441038786465,-0.19837489777839976,0.37100872693870546,0.45076228904033355,0.6495039734203075,0.3513307979176164,-0.19067960617193155,0.37913571556839976,0.19967910281418028,0.9394414971191949,0.8389124994311602,0.9290589983373586,0.47018951289160843,0.849395695926584,1.0082872000145624,0.8607159716865966,0.370094755685035,-0.5504456486849718,-0.7821473056912893,-0.858177681482634,-0.5380938720178776,-0.4107798770805904,-0.7493701275555121,-0.7390105134764552,0.898706650934852,-0.8796874844961126,-0.8782844695428992,-0.6689156432473138,-0.2912971063721741,-0.09141013886923458,-0.2487584836447512,-0.26010683370126486,0.4622413433195147,-0.4887804738809014,0.49154767107675673,-0.4089362481732934,-0.4686594795454362,-0.3787324896330669,-0.4190750325526639,-0.30108408500739736,-0.38007152847692666,0.2905342571665671,0.11066656034487958,0.438745223603301,0.3891582391472968,-0.18148475122779148,0.15853603701736516,0.09005733013973745,0.22885593342060198,0.47744725051982223,0.27071159165099407,-0.07845581417826285,0.3192306458885687,0.3705282285858439,0.3300105024883259,-0.13017310816170982,-0.10110757063871126,-0.2996133804441454,-0.3488861052231219,-0.049715074190634805,-0.08932202142667117,-0.14966294637750926,-0.6486608228756557,0.5004938012689302,-0.5106896395342909,-0.530377565658705,-0.6175263013745778,-0.4988278159067875,-0.5277741627849862,-0.6516290558629937,-0.32981452428324526,-0.02946645055028748,0.11037015939963893,0.519322539716342,-0.5986355846294672,-0.6417445896514824,-0.1528310117242661,-0.5796862618784281,0.07206732893083637,0.5491732176263024,-0.3505489905494995,-0.5419582379919516,-0.259434844045668,-0.5802551410893803,-0.7696130828242385,-0.5597280048665159,-0.8200757192972804,-0.5134539184451347,-0.7402793175268736,-0.4072366802068105,-0.11027821527895815,-0.5223704314033855,-0.598569691093382,-0.37023302621807974,-0.8100428795824612,-0.3628597273479826,-0.46903649091228167,-0.5415218907139502,-0.16168148117341688,-0.5604718633704672,0.13093735103458487,-0.46153598525062756,-0.05888213965870043,-0.5993730192730796,-0.30736640962407114,-0.21967452522547823,-0.30300734594768214,-0.30007823663477207,-0.26935133462306143,-0.2983963676482287,-0.318256862306104,0.32069056991807765
-0.36046608063042157,0.3278212808765516,-0.2188040181481007,-0.3007335496591838,-0.09984880754717385,-0.1423247991734964,0.2092092341124822,0.25256842773275784,0.41113220875785983,0.20714396745488567,-0.27010367839372995,0.29896181964645874,0.5116512682772589,0.840324422591523,0.6083993368491375,0.9195278837348365,0.8193995033921222,0.9778830696875116,0.8607159716865965,1.0105655550956516,0.7070814839882804,-0.8407381265619451,-0.9677494226859965,-0.9598241972482062,-0.7931078380629067,-0.7093409343678553,-0.9177967828191069,-0.6713274288990156,0.7207783974144746,-0.6780011540924007,-0.7316524518890666,-0.5620792696900663,-0.2019646855807105,-0.036915455561833115,-0.14033663274413682,-0.34112652882470396,0.7089028526007494,-0.7492818937056986,0.3294795654432609,-0.41861268711302324,-0.4899521664976042,-0.37970896910562124,-0.43116978598644673,-0.2671708596011581,-0.35963409124492474,0.2099976674082789,0.17984664073351672,0.4511495571157613,0.38235598590255154,-0.2902467143083158,0.05020073102894419,0.3519406683298946,0.23705581962047076,0.547899490451236,0.2817284557828266,0.12239392296624783,0.33253407356509873,0.4702550222901292,0.3079414887988543,-0.4112656804960515,0.1005596883585001,-0.21678384838346176,-0.3007882436616562,0.13110978205622273,-0.3499709087708376,-0.009767233892613995,-0.7078735766142845,0.5799287353909172,-0.6087048581235043,-0.6278874589898745,-0.7089883349636719,-0.5003650524156504,-0.5281596575177006,-0.7012870847249739,-0.4111213662443207,-0.2000087556314834,0.3276812729183468,0.5411584498399014,-0.4789859023314924,-0.690462731705099,-0.06117810037168132,-0.6000219940185955,-0.048519535376620765,0.5793930541530908,-0.21106834853012377,-0.5694450509536859,-0.1377896234870041,-0.6093251289786404,-0.6605297980097999,-0.5702296321675724,-0.8411548478457916,-0.5500923021683026,-0.8313215720727714,-0.4099204213541919,0.010550701504077184,-0.6282358686220436,-0.530078889424201,-0.47131255403803096,-0.8589165504021608,-0.33105482704068495,-0.42733277519668666,-0.6705237890787317,-0.08176522090811121,-0.6906143559653337,0.24089995615013787,-0.5824529940428539,0.02911425486377279,-0.6886509881777076,-0.4579740389169662,-0.38604385405208874,-0.4916681940454974,-0.49868755333573067,-0.4509565877696249,-0.4510510242879407,-0.46769259419229775,0.467851091698484
-0.4016463245501266,0.41997737583133565,-0.2599075906789762,-0.33889919231846344,-0.010114401711599646,0.003138393743548897,-0.029056637325976232,-0.0021335966728093718,0.038209778009148536,-0.03976197166464792,-0.3710630340911569,-0.1389939276408556,0.9174860620527361,0.4586204494068763,0.1506897664750331,0.5210759249435427,0.9475162562895687,0.6798432362000661,0.3700947556850351,0.7070814839882805,1.0134750969249704,-0.928698577169183,-0.7789471265778405,-0.6517994953843137,-0.9270406275446548,-0.9587260767889901,-0.8385546897043087,-0.24830726970328995,0.25876331209401204,-0.20156980219181872,-0.24993242299214394,-0.14721546399452717,0.00998944265811875,0.13661575953280877,0.16864450330643374,-0.461132158067279,0.9295334949897964,-0.9698745406389245,0.0021549842810784678,-0.4382708092268728,-0.5208531814593692,-0.36148618892532414,-0.42132730586036976,-0.20096342557176888,-0.30087985428059094,0.14260298169734023,0.15892245348276557,0.43022341893054034,0.34962445099202216,-0.32013920117271844,-0.37762857492189394,0.8599245879599622,0.12008070199270644,0.46193221947987273,-0.06077914321389137,0.7081578447592359,-0.1414631790659722,0.24042859079552034,-0.2412206594680015,-0.9083498614588,0.6708394205796377,0.33844437071617584,0.18867730288410503,0.6504935766906216,-0.8391313093220045,0.49833263665223043,-0.4210337980276607,0.40074354762891157,-0.4315804579026723,-0.3477657853680738,-0.4695506457523363,-0.4299324414239952,-0.4826125084278962,-0.6281266927560857,-0.4414980734846198,-0.6308065627824565,0.7973067380132594,0.47846488691536004,-0.092129072311769,-0.5197842627246922,0.17224130817899053,-0.5587199070671912,-0.2824190307950134,0.572241187571239,0.0709784982290602,-0.5087950305616985,0.1384683798801284,-0.5583410730346668,-0.29847061159797944,-0.3490103237691959,-0.45097031706738033,-0.15234849274682363,-0.5807695958552488,-0.038180328553535564,0.35581215974083624,-0.7013220465204708,-0.1238041719410259,-0.5797815566845855,-0.5382674522558272,0.060084204951235606,-0.00845500690246477,-0.5802524387317048,0.2613110515649004,-0.6912663946608242,0.5210536488154386,-0.7384623525194306,0.32197581303612927,-0.6987122502651296,-0.7308007247706346,-0.7100683256009865,-0.8023195141562446,-0.8092773594490055,-0.7522325474049985,-0.7114248584610272,-0.7203803584815591,0.7287501735556027
0.43056990720684235,-0.4395672447697609,0.30860245814661924,0.37039128193912163,0.049615948201444764,0.04140647238644124,-0.04195401038146963,-0.056936251451262666,-0.1490834773322343,-0.020539587167690575,0.329986030787773,-0.10927757794122449,-0.7108812374040839,-0.5513281410868742,-0.29105949515858714,-0.6394636334618673,-0.9185028482116263,-0.7802037643858212,-0.5504456486849719,-0.8407381265619452,-0.928698577169183,1.009349159294978,0.9199820226945316,0.8189545287279187,0.981635179241475,0.9672152070139992,0.9407929331650847,0.3685478706824145,-0.4022276565806576,0.3494386460322777,0.3999185134104937,0.26073938438517585,0.0403996577708301,-0.12997370261602806,-0.13018779987649332,0.4217240384232521,-0.8083390119828682,0.9188906253632014,-0.09212713319671487,0.4308997753374106,0.49889554710785433,0.3477675029483131,0.4306806019126952,0.25072103300754434,0.3303931395535772,-0.06941605010156442,-0.3013131905100848,-0.3878359448155737,-0.340832225944389,0.38016507570392694,0.1319494817654022,-0.6298524124056081,-0.0830437125574245,-0.4777608540073944,-0.05968404472146761,-0.5311152517012552,-0.04737127416866558,-0.3687347557909273,0.02875333722884275,0.770228816308928,-0.539650603521075,-0.16989110214981865,-0.0328847757797393,-0.528745283108118,0.7506924058960096,-0.349956978196052,0.5497964190523013,-0.4710435555699529,0.510963905133921,0.47962676604425036,0.5905451983302971,0.4518385750041873,0.4876395768022091,0.6412878538448691,0.4910079960862424,0.4397002968503482,-0.6588692430537394,-0.4814404058424153,0.1875446969476876,0.588330119791942,-0.14902230262123287,0.5504672141442069,0.22901634143261101,-0.5576230493032831,-0.0028376864060507714,0.5115051200534351,-0.08907348511141931,0.5588740761756049,0.3805219285259443,0.4194145410977037,0.6114133058425067,0.3272441082861819,0.7706570746036862,0.19096735322160718,-0.32931146859740584,0.6407891481477731,0.20854071451129524,0.48239839137693136,0.691953823579903,0.10821861327102776,0.06843333800426102,0.6284112070992944,-0.267777858148023,0.7397339237655381,-0.5510501395295818,0.7606040579029686,-0.3278021628519247,0.6886289706311484,0.6891562256111098,0.6479443627101763,0.7582499557240716,0.7908479870334839,0.7604598491809429,0.7386992311403082,0.730602459800291,-0.717506086890783
0.38015165166772474,-0.3475668215217864,0.23985235915334233,0.32050195526728675,0.150757763838166,0.17932300605629117,-0.21244207276175867,-0.2385955031017359,-0.38117753346459626,-0.2091580129508965,0.25890627786984644,-0.3286126252388664,-0.5395497031017443,-0.7292739747788634,-0.5517614014179306,-0.811055259975563,-0.8415473041707995,-0.9090182932497607,-0.7821473056912893,-0.9677494226859965,-0.7789471265778404,0.9199820226945314,1.0112013173375458,0.9689851966888753,0.8796439076463497,0.8106094633305154,0.9678623042595661,0.6295230556422919,-0.6621960682948042,0.6208318366830871,0.6770833950444142,0.5285336450795092,0.21133903905764345,0.030138147296848446,0.0977263051438722,0.34086794516998725,-0.7111443542468987,0.8009690484240086,-0.31249298615132415,0.4299036576097713,0.4903700349117731,0.38081243048453717,0.4572767366812044,0.3129469004708784,0.39956686732374364,-0.15021967843994607,-0.3028863902229594,-0.4582057462316231,-0.4076357654674198,0.3585085234999848,-0.049243983409479164,-0.4092091955622165,-0.15984881582216318,-0.5609237657798534,-0.2205908175988475,-0.2590654507784934,-0.27820675394930794,-0.4888105981691023,-0.24761802981124012,0.5210066994836818,-0.21869812507126887,0.14834364940291261,0.2590359092438306,-0.229611941720708,0.4710663388874618,-0.05782464035891367,0.7291497977947059,-0.5911851059002157,0.6304247710647379,0.6493813857903825,0.740853171811992,0.5317768961808496,0.5488380494449154,0.7111280767678804,0.48053936636506767,0.2508524917736487,-0.4107190604546631,-0.5673344586160441,0.4393381335808942,0.7112228819271534,0.039477824420799466,0.6087594287831934,0.04913593710188869,-0.6083296401773629,0.20101546410719176,0.5889535479807062,0.11891843947090762,0.6293935863768897,0.6095151724876523,0.5688219380604472,0.8379341694943883,0.5607255162363213,0.8974835303363059,0.4275878063770757,-0.09821661235459939,0.6106088422828123,0.468090851186994,0.43960054014670014,0.8725377451508256,0.3412115499345124,0.3421928030153612,0.6678854576567117,-0.018043889651885737,0.7119500849825524,-0.3377899305087699,0.6387620505196271,-0.10031170109541251,0.6892027909278179,0.5075508570032432,0.4422869858492516,0.5697420340266349,0.5909623232558721,0.5489544432054532,0.5387899731605186,0.5407523742612379,-0.5315920727353018
0.3090824936677578,-0.23926142792652624,0.14092674839342376,0.24942750887564544,0.2511542956120606,0.2984694651757345,-0.36042234650790667,-0.388602355888581,-0.5500091714998002,-0.37090710558127377,0.16952003866124152,-0.44098711985491973,-0.42051113272668855,-0.7707466019107959,-0.7090841326951252,-0.8296418391098602,-0.7397034177853749,-0.9006202358253674,-0.858177681482634,-0.9598241972482062,-0.6517994953843137,0.8189545287279187,0.9689851966888753,1.009683861784971,0.7707314206229655,0.6786126635095192,0.9284681540571169,0.7792119709601399,-0.8002430033210892,0.7685480269945459,0.8203463991196426,0.6907701438344005,0.3596954341341936,0.1777308509821665,0.2726054183527277,0.2419393517518791,-0.6177461145929307,0.6901619614421591,-0.48116061271748944,0.40964492465391855,0.47092437950891114,0.4106073661925351,0.45902266051224194,0.36866336327438004,0.4521217954281034,-0.22964418626094485,-0.2890334719525432,-0.5123541773613837,-0.4615853600431902,0.30322989981933257,-0.14964065337721383,-0.2889972350274486,-0.2102752535572799,-0.6201524154321717,-0.30009328552397607,-0.11993476959013658,-0.3790832987142959,-0.550016407286594,-0.37241059672370025,0.3704282613622978,-0.0416511300047677,0.30809350226351184,0.4097299870096239,-0.050632162387995505,0.3008823435508074,0.11981559717725951,0.8179302193572275,-0.66213412042734,0.6984131174495948,0.729649853623644,0.8179658138863563,0.5902395856837621,0.601081400181414,0.7588797978094923,0.4482265158460711,0.1304370435280887,-0.2583953849042148,-0.628592691746823,0.601549170728315,0.7819851533063137,0.20158425895231694,0.6500162192672779,-0.11734803708918218,-0.6383968883599,0.3719574599787727,0.6479798878457135,0.28116700351977136,0.679505405053874,0.741758889250385,0.6611870559018285,0.9300725716275192,0.6785708490592036,0.9211317851058324,0.5487962016134788,0.07896603083740973,0.579727689482697,0.6284300606191867,0.4008763679712465,0.9485450351150515,0.4698909720270356,0.5099752964023878,0.6706573910912267,0.1578327663744971,0.6791628267054001,-0.17120131459378782,0.5365107497668539,0.07222053276265337,0.6792853291815678,0.3610452055060439,0.2906961573910452,0.4209578114573472,0.4378610838188942,0.39047121700675186,0.3894705827682644,0.40019668847352957,-0.3891349347291661
0.5180267100625334,-0.5291111128611916,0.3608233312583871,0.4301268529176618,0.03934878115994558,0.030759693776885054,-0.020231774419232944,-0.051029268624569094,-0.14245721977697437,0.0008616591238148134,0.40075205991482227,-0.019797231908969593,-0.7194308428914704,-0.5503502977248543,-0.2887088116647481,-0.6170665804325058,-0.8695931051321741,-0.7326737060515115,-0.5380938720178777,-0.793107838062907,-0.9270406275446548,0.981635179241475,0.8796439076463497,0.7707314206229656,1.0117464063771697,0.9872784266427332,0.9404905836275148,0.3029554620017286,-0.3819801032316502,0.3373254803545814,0.3624875763871705,0.20222021815288038,0.018806437801414447,-0.18119104601470787,-0.20783762590106405,0.5111870265936634,-0.8373619098445289,0.9508972843883177,-0.07001963936207697,0.5181187365219209,0.5901816669474798,0.41943753445005316,0.5109782735317981,0.3001572441286578,0.3707154113373708,-0.03949541008104984,-0.32141994102662674,-0.36245621507051895,-0.3586945671711183,0.42849551223617777,0.2405791524589982,-0.6712403734593386,0.028187907659727517,-0.4001743645417763,0.09899409009544069,-0.6304782914675876,0.12005002003079296,-0.22861552613048722,0.19046884132372904,0.8382534394282795,-0.6486267802945318,-0.3028772119896809,-0.16157088641192283,-0.6408125923601817,0.829725898742673,-0.47954921888584756,0.46878139536763835,-0.3681478321876023,0.41097342660211617,0.3607315204827686,0.5086855382208627,0.47153795519989,0.5326871314504289,0.660836957593027,0.5627603336819678,0.550106482130999,-0.7601832248941216,-0.47833173709108007,0.13888326139633717,0.5496880310543778,-0.208561273265494,0.5976188597736296,0.291847449680599,-0.6067426149439484,-0.04007724451585465,0.5190896494220347,-0.14024985421675265,0.5808015870177518,0.36141896973651866,0.3503809067713249,0.5489930226729208,0.2189531854461901,0.7480737300933185,0.1027250669889548,-0.44207386188658276,0.677265080429753,0.11958354369553409,0.4998339106498314,0.6472188398904395,0.016746628585310196,-0.04949688449418898,0.5787021646213414,-0.38921137590376437,0.7396195189775626,-0.6698890140148595,0.8318300729846243,-0.4359728880708719,0.7182788177251468,0.7915355104619088,0.7594441029986823,0.859237478192873,0.8830301717898357,0.8494029458384615,0.8280872483273527,0.8277734639544068,-0.8193699135782336
0.480127858137946,-0.501959598946719,0.34093483153974713,0.400529227985176,-0.009838424448120232,-0.029015560554188892,0.041463087718427584,0.018901796004711646,-0.040802708268318846,0.07008669222213669,0.3883345634095846,0.06102730111445561,-0.7786743536111311,-0.4516890707707173,-0.1672536536236074,-0.5196525866873752,-0.8795698099165901,-0.6587630433700308,-0.4107798770805903,-0.7093409343678553,-0.9587260767889901,0.9672152070139991,0.8106094633305155,0.6786126635095192,0.9872784266427332,1.0096811420163228,0.8787449398392801,0.19996201604999825,-0.2595194739806406,0.21112828843298123,0.23987968044233468,0.10020507074881412,-0.04809841896463762,-0.21884874894440728,-0.2593349300418095,0.49024016749350163,-0.8409376098171133,0.9495718097196713,0.0199143917521372,0.4684650185065126,0.5389704148829322,0.3600462870884344,0.4497785605866031,0.23038257046668734,0.3088577446962144,-0.030419796772535757,-0.27912709197466895,-0.3389939298808798,-0.3098265559951434,0.3893611930747605,0.28855709915766486,-0.7395719604209936,0.0007195142556640952,-0.3814520870601245,0.10965462413406035,-0.6997903518741045,0.16756479778802894,-0.21004557902574877,0.2621369225787597,0.8912951818232038,-0.7279260633218221,-0.390016457081643,-0.24730807101425198,-0.7101815389776585,0.8903497957868242,-0.5487646466861694,0.399318519387648,-0.3395926475877044,0.3797838889650938,0.3100111567084365,0.44889172199818583,0.41038724674004406,0.4702501995342156,0.5998663819789131,0.5003634294432889,0.5802689326499071,-0.8019295881090184,-0.42885523926582114,0.04094089901486267,0.4888233388339483,-0.2511367537786456,0.5325478282423652,0.3297498704433308,-0.5410708619634124,-0.1132721192527067,0.46106892958424356,-0.19879806435729483,0.5200876110558781,0.2585249077439889,0.29983136412341516,0.4401464228678167,0.13109086551987506,0.6508024738356974,0.01911222779325792,-0.4729408766434244,0.6607595535776594,0.04024731266087981,0.5111493372131516,0.5483115376242176,-0.06896333216696382,-0.1177395306495069,0.5594905253233897,-0.42180940881405915,0.7211381113905593,-0.6802020025849983,0.8289537522757292,-0.46039219840657014,0.6828229543228577,0.797566505233645,0.7712538349246203,0.8678474872781219,0.8978379718551319,0.8686797673496586,0.8388941141372862,0.8310807870334757,-0.8228622814613702
0.46036289195102514,-0.41893203590869504,0.26856085028005955,0.37047089210763234,0.22066023922426134,0.23962247988828603,-0.24113778934712932,-0.2690654505867059,-0.40799711378693515,-0.24220903621044915,0.31190809509822603,-0.23871653602674478,-0.6181168134421943,-0.7187348951850965,-0.5606232468822423,-0.7689162775274487,-0.831108725456484,-0.8523065953226532,-0.7493701275555121,-0.9177967828191069,-0.8385546897043087,0.9407929331650847,0.9678623042595661,0.9284681540571169,0.9404905836275147,0.8787449398392801,1.0118248288508276,0.5890182834372099,-0.6519352514129025,0.6084914444359436,0.6423939268200456,0.501278936704774,0.25753883382200915,0.03219477911158019,0.05057348741767788,0.4186347466475786,-0.7904598941385704,0.8869289363000876,-0.33887089629161665,0.5298401487749377,0.6094083689828231,0.4973405788720851,0.5723567176458173,0.43963692029994833,0.5187186457079134,-0.1604635252757793,-0.3696462565098368,-0.5002511987975027,-0.5004738776656326,0.41986853261861246,0.08882811036439861,-0.530178244020938,-0.04203703442380415,-0.54762354633738,-0.04061311450658676,-0.439832532341438,-0.07770288716112951,-0.370469906256163,-0.05175647436691443,0.6604200105362276,-0.3791862452266461,-0.011637363933018422,0.12920690146014635,-0.3802957865065177,0.60866575456317,-0.20287314146604218,0.6901188809992418,-0.5396071476410088,0.5785394526099957,0.5610452610944106,0.7031929788343146,0.628781704442936,0.6613592883675297,0.7883023426241709,0.600628797044485,0.41050894405279265,-0.5714497867946341,-0.6324829608651716,0.4219542898354704,0.7367995784418816,0.021515444961466804,0.7181087150686994,0.0714178164339355,-0.7304612972358244,0.21844453819596613,0.6728383804756245,0.10948410475323357,0.7285959312842059,0.6222508480744986,0.5487928663088342,0.7881845112697494,0.48128864345894856,0.8991932244371695,0.36841478715506204,-0.2202379069009369,0.6589289484369734,0.3890599363815088,0.44953004463332463,0.8606397232740598,0.28027368149882675,0.22250589849321895,0.6092123982961821,-0.14940610065323623,0.7184852295042914,-0.46105552400033734,0.7207719111650185,-0.20070907463646875,0.740445698912819,0.623235652989754,0.5789992792964282,0.7071417358094451,0.7122431869465773,0.6611844959517355,0.647232890680913,0.6513554926605792,-0.6476770202041235
-0.10089487974179076,0.2521878380361563,-0.3380116266697637,-0.15040405627622286,0.6087713183792719,0.6827200221874274,-0.7772491930968761,-0.7829384106460321,-0.8710555342338839,-0.8090244720915054,-0.22258761756190173,-0.5707419915658208,-0.15157984501120683,-0.6401224427898226,-0.8988841658620208,-0.6289200537245941,-0.3788085753644139,-0.6219538324761121,-0.7390105134764551,-0.6713274288990156,-0.2483072697032899,0.36854787068241446,0.6295230556422919,0.7792119709601399,0.30295546200172857,0.19996201604999825,0.5890182834372099,1.0126615849966571,-0.9275166542385955,0.9208937400482948,0.9587776298825679,0.9861701366085328,0.7802371827561442,0.697524423716099,0.7973615328761794,-0.18107787461450459,-0.2981071185479493,0.2802566921074929,-0.8822759213000709,0.2405923356787727,0.3117166531158608,0.44943404600137843,0.35817285329063725,0.5108642765486034,0.5978741299747539,-0.5177576239438151,-0.10830759803038091,-0.6719360057603541,-0.6108866327184594,-0.017838158597625726,-0.3203221657469502,-0.030915497404978884,-0.39143508729011833,-0.7392048789265043,-0.4600267403762139,0.19180857369509663,-0.5319057678444785,-0.5986504044246672,-0.5782815182116611,-0.038070401620915836,0.3608128199321882,0.6006765247945987,0.6791267776525746,0.3900627813799485,-0.16267122152717428,0.5295887754593206,0.9210654424400634,-0.7801609547104913,0.7835159175600122,0.8205198474601046,0.8909000607648652,0.7320624579892597,0.7026481057171685,0.7825941892282413,0.20070148574511995,-0.16801564894771376,0.16892568259513727,-0.7668656865856212,0.9603733765514152,0.8877469376259696,0.7304442548409433,0.7087378142705394,-0.6475610099464458,-0.6620466095961524,0.8316452722594044,0.7664410726541078,0.7898773415262885,0.7602067951634933,0.958673719224987,0.8611721449615448,0.939401511256651,0.8299344599299898,0.7183545808848619,0.7208752836234412,0.6088671780782744,0.40881299762237716,0.9502780065515309,0.2687711467894168,0.8978011438947905,0.6982559080762389,0.8576536461640905,0.5489522728262792,0.6311678436348107,0.43077854854577347,0.3705469193150221,0.12128176488033804,0.6265974752234742,0.5508402546173934,-0.1306661746499545,-0.21214919773958504,-0.0696753271089838,-0.07952288690222532,-0.1288176225895202,-0.12170616392097125,-0.1120717592826629,0.11746955367567063
-0.1405067876239145,0.00806288309445391,0.10052374692704102,-0.059770421618951415,-0.4511352418348754,-0.5413857752626501,0.7017966134063129,0.7683675206017551,0.9077832918244148,0.7207936737510704,0.04004340996636868,0.4816562705976563,0.13817339240935292,0.8189511392364466,0.9878647407573403,0.7596092420812159,0.34344919488361514,0.6881373671404066,0.8987066509348518,0.7207783974144746,0.25876331209401193,-0.40222765658065757,-0.6621960682948042,-0.8002430033210891,-0.38198010323165016,-0.2595194739806406,-0.6519352514129024,-0.9275166542385955,1.0131360410618606,-0.9958294239903211,-0.9898999156139451,-0.9019078715824194,-0.6399511781588887,-0.4785770645329289,-0.6017146262646863,-0.021952293634988143,0.35082204814515927,-0.3571750212092626,0.8118234641421265,-0.39133829293953076,-0.45968901243296656,-0.5069210200023946,-0.4605289604447618,-0.4799489482928342,-0.5596710941771245,0.4620928218951381,0.10166692100052206,0.5983424239004668,0.5581990690389378,-0.06884511820576625,0.22902364134163633,0.04779374317486546,0.29930101489615824,0.6191179632149272,0.32813404133801377,-0.12886533282227922,0.37956903010674625,0.441231515451393,0.41005581703258204,-0.02223765899645338,-0.23046296528327684,-0.4289785171109291,-0.4904617070125627,-0.22082754347197217,0.05827308051919544,-0.3385132766268659,-0.8007034925997891,0.6416046065350887,-0.6409889466125909,-0.6574975201205597,-0.761342137371874,-0.6894358106069396,-0.7017032924408828,-0.7814603962231891,-0.28824567140991725,0.06906806814540725,-0.03319229029226212,0.6992537917925663,-0.8703335203611813,-0.8105792155543949,-0.530049936980563,-0.729507740042382,0.44860844143143014,0.6796595999960048,-0.7073616144513957,-0.7194021328081177,-0.6273745847289435,-0.7422228059157155,-0.9519795313873612,-0.748783423693497,-0.896820940735653,-0.667188329685405,-0.7282516727452288,-0.5600276023250655,-0.39973632148476296,-0.4899760078928248,-0.8275426395039245,-0.33182417379445023,-0.871605316537695,-0.5388645766330474,-0.6820839417276466,-0.5372666241862282,-0.41979996317408363,-0.5005092410141719,-0.12905968208406535,-0.3069542047958037,-0.38107355463429904,-0.6213422509627734,-0.08184184163119114,0.009319646716849574,-0.1070127713359571,-0.09859795396982501,-0.05914473242750592,-0.0807431383192072,-0.0990039436785054,0.09796797638859095
0.12044212240093927,0.018058292800760226,-0.12022750418013614,0.0401633389111745,0.45052318888257387,0.5497658309398361,-0.7187475550580447,-0.7889540577715068,-0.9215295346546648,-0.7388210245482736,-0.06283272994924581,-0.4975781341259251,-0.08131876071895416,-0.7819134256855321,-0.9901253065521486,-0.7219520913954405,-0.2887477994026705,-0.6391194723405428,-0.8796874844961126,-0.6780011540924007,-0.20156980219181872,0.34943864603227764,0.6208318366830871,0.7685480269945459,0.3373254803545814,0.21112828843298126,0.6084914444359436,0.9208937400482949,-0.9958294239903211,1.0094846590890878,0.9879859478439666,0.9076043172847849,0.6511778854256408,0.4927833389585268,0.6190967338583937,-0.0020533072272901436,-0.2991877757596489,0.30263633688218305,-0.8290824207968143,0.37967602378184223,0.4397412528179631,0.4910806336600142,0.4486991777274773,0.4706329688759107,0.5490391146887885,-0.4600421021442427,-0.09056841371570724,-0.5788078101785614,-0.5402643705057483,0.05112675287418492,-0.2503375530566167,-0.0006700370991451017,-0.290853841815182,-0.5986062979921772,-0.32915194444231777,0.16021003101407286,-0.38080992055001867,-0.4290809901736828,-0.4198972696871196,-0.020681323683614788,0.25928887695823627,0.44264240891256346,0.5014959436371025,0.25124658066422156,-0.09892222439941861,0.36227310205764046,0.7887594883235043,-0.6212486542311655,0.6215789432195009,0.6405362049263599,0.742141911774559,0.6714678794390054,0.6806181081773942,0.7603797699093748,0.2602680463788178,-0.1007184622600814,0.07737699622244824,-0.6783083565059841,0.879048152566213,0.7889452657963839,0.5496556489542282,0.708292207096871,-0.4704241167244894,-0.6524033550796895,0.7199405596712934,0.6973948220381356,0.6423110929948085,0.7208633597290984,0.946915113848482,0.7377022383566277,0.8794067018675804,0.6590874606366706,0.7001894153600184,0.560913298462224,0.4312328960724995,0.46102917792612336,0.8300370797975396,0.3091685023543627,0.850467285323776,0.540226825512966,0.689486258148372,0.5111227321866099,0.4386285208892395,0.4715276831533181,0.15946205910813713,0.2701346661742226,0.40870934736509773,0.5916492313703166,0.04153978165480107,-0.05063225208405412,0.06129099878709738,0.058133114900990844,0.020138562958454603,0.03969329290344935,0.06013296847198184,-0.05928590953399818
0.0918091225327491,0.04185321822061376,-0.13759435991359317,0.027240666818562312,0.4594056549053519,0.5500400170423762,-0.6921445288321194,-0.7483229182813627,-0.8888456824807281,-0.7231925379732416,-0.06626041819462801,-0.5298343326371865,-0.12807904942916423,-0.772028311905569,-0.9660821924091861,-0.7399869505220709,-0.3600888303015445,-0.6900327881417241,-0.8782844695428992,-0.7316524518890666,-0.24993242299214394,0.3999185134104937,0.6770833950444142,0.8203463991196427,0.3624875763871705,0.23987968044233468,0.6423939268200456,0.958777629882568,-0.9898999156139452,0.9879859478439666,1.0111801320145406,0.9315547524691677,0.6507154955861114,0.5116272905887683,0.6425273601433853,-0.0106739645758999,-0.32977142905203655,0.33139970144352787,-0.818194142588383,0.35001852466815164,0.4177830776648446,0.4711063428716782,0.4298227764503851,0.4564434360898853,0.538913178930891,-0.440973344376748,-0.1114040448031406,-0.5913263916081161,-0.5397330440143678,0.0776195876732425,-0.2706474256938956,-0.021328096766412705,-0.31949077889795285,-0.6388495520492891,-0.3792811902059961,0.17808684270241515,-0.450374988408803,-0.50004735331951,-0.4921397003824806,-0.01176584409148324,0.29751507162295426,0.5097546679522562,0.5776998480462148,0.29009937727455537,-0.10949863350519341,0.41201580711666286,0.8402487953764862,-0.6766330628618007,0.6785505802078238,0.7110815642600989,0.8004389760823611,0.6692490575883013,0.67239142742383,0.7682502794361928,0.27084726494930966,-0.10842854049203715,0.09022146087620361,-0.6898257510620556,0.8903593369835704,0.8185341644363622,0.5612279423270494,0.700367206952516,-0.4799535738939558,-0.6500334929474693,0.7186027019782701,0.7011629797158839,0.6476146036717286,0.7195407938909111,0.9482272605901594,0.7628146015733784,0.9316254514477028,0.7297615104241771,0.738702348192416,0.6213767535741737,0.46092193432135864,0.47009366397738656,0.8706405083062485,0.3185352548740046,0.8972211041376243,0.5895222093495659,0.7580432090115827,0.5583635903627963,0.5001772318762788,0.48827890894305115,0.20969866384777877,0.2505239639869245,0.4521101909039956,0.5997702862585997,0.02038159227054597,-0.07066599037996128,0.04887405126085234,0.0383609281104705,-0.008839200432064641,0.01178669235530076,0.03192835915916418,-0.030057752257571135
-0.12884125957228143,0.30089802149438416,-0.37163483808523834,-0.1793696760909535,0.6982295632056813,0.7719414930471867,-0.8195637532572844,-0.8184793834193174,-0.900288537767185,-0.872306008582219,-0.2608181803121855,-0.5991708718143978,-0.07111261990612298,-0.5602782147964883,-0.9002846780728624,-0.5297723034404456,-0.2599515465256473,-0.5096972688052017,-0.6689156432473138,-0.5620792696900664,-0.14721546399452717,0.2607393843851758,0.5285336450795092,0.6907701438344006,0.20222021815288035,0.10020507074881414,0.501278936704774,0.9861701366085328,-0.9019078715824194,0.9076043172847849,0.9315547524691677,1.0106816039383175,0.8585991414555825,0.7680973470172,0.8411539610733223,-0.2200835425237229,-0.2101724694437302,0.18839118546764783,-0.9379067955698033,0.2281348481950921,0.2900110131336781,0.4603869232809997,0.37163767799691055,0.5777783742711794,0.6399851487733655,-0.508551332629216,-0.15942770285410188,-0.6604050317381471,-0.6328428346130202,-0.0018717870799327258,-0.331526023247339,0.03033715749228113,-0.3199139954653186,-0.6989293925274949,-0.4034847401355027,0.21019204355530283,-0.4983943353914224,-0.5522313687939044,-0.5698862976376224,-0.10156418945197032,0.41096646368840584,0.6267461956028779,0.7018761524876561,0.44129420521110674,-0.23906627873454825,0.5764768076929755,0.8974430441458084,-0.73763452917572,0.7379118832000725,0.780349974531508,0.8507772014817412,0.748600726999541,0.7087192248969989,0.7483117215094641,0.22896166972489884,-0.18829964215949957,0.218826483522164,-0.7607322541235993,0.9794131273214135,0.8606442388660116,0.7905199305117417,0.7003560914507028,-0.7136129860030938,-0.6693415821254967,0.8986286759788047,0.7621251431761507,0.8493364400568512,0.7512580150096085,0.9502071002220499,0.8375568434361405,0.8898952409015611,0.8308224427742176,0.6704397793026673,0.7509467941603415,0.6287942204800092,0.3095889088662106,0.9283517640204224,0.1606286064846729,0.850428559614605,0.7401092344006327,0.8406962747078419,0.4307757081371838,0.6479068245205569,0.31755810676101937,0.4204357754975443,0.027458570647833004,0.662165310515839,0.4707205942639885,-0.20898565789344536,-0.28039223958495607,-0.13849096341191328,-0.15663331001980288,-0.21053615046459156,-0.2096536642282155,-0.1995290499124528,0.20114357715425266
-0.2813220369623289,0.4787481419814582,-0.5693099571010668,-0.35236087209046774,0.9491374311947441,0.9805863671975742,-0.8817642956595833,-0.8192193391517729,-0.8017211334760663,-0.9395016896799897,-0.4300127480307482,-0.5081639583470586,0.029068261690250414,-0.20236154869846237,-0.688563932837785,-0.1500707031540059,-0.021044183545849172,-0.1397754603847265,-0.2912971063721741,-0.20196468558071057,0.009989442658118701,0.04039965777083009,0.21133903905764348,0.35969543413419364,0.01880643780141444,-0.04809841896463761,0.2575388338220092,0.7802371827561442,-0.6399511781588887,0.6511778854256408,0.6507154955861115,0.8585991414555826,1.010674529650895,0.9383677730637224,0.8706787917776327,-0.380658389974952,-0.030079450231136933,0.0107522642554953,-0.9520931909958925,0.14952956829615283,0.20826461809238977,0.4901364880746284,0.3587821278095132,0.7590465837077296,0.7699478522899015,-0.4889787052339717,-0.2504859247552259,-0.611709640987462,-0.690141082791221,-0.06959110344347054,-0.27094052483459197,0.06963637199472661,-0.12875779125516987,-0.5780395309560479,-0.1982999004847011,0.10922381876682812,-0.29201553234272387,-0.3899633675963775,-0.3967930208145232,-0.12793601579529798,0.3481174521894886,0.4997233603974129,0.5818352310700156,0.41141586678809056,-0.2510410151852317,0.5306434321176774,0.7404170054066165,-0.5873148800798754,0.5827606186655475,0.6074575431292444,0.6897073810693168,0.7890940212914891,0.7297617039677023,0.6373580548491891,0.23053805377183514,-0.16165238110323313,0.22938175106838524,-0.7472380904596552,0.8977624098064247,0.7585554936330939,0.9080732623177081,0.6618408943662913,-0.8612537334785628,-0.6587301783152825,0.977040404817238,0.7502939238272933,0.9411696307384148,0.7291710693534498,0.7969526565945466,0.740504531896576,0.6113881093399831,0.701739960812218,0.47315995077666406,0.6967705874905132,0.5709724241839063,0.06230199379271773,0.7303126207601895,-0.09924228821520727,0.6225400679530712,0.7275089556060482,0.6089417293744638,0.10847507602073034,0.519576118088504,0.0393383214717843,0.4322315788856028,-0.158558970226596,0.6583803650826509,0.26076821555236435,-0.34120933422956773,-0.37056544578255274,-0.2203403335282973,-0.24150278341805995,-0.2982425868846136,-0.3110540557391554,-0.311611803318365,0.32088585958948823
-0.5473001020572804,0.7179531827413259,-0.7912159239351269,-0.5906958641968496,0.8780368245972878,0.9067992390160075,-0.8522959404796575,-0.7784024314200854,-0.6787695883507596,-0.8902993534251357,-0.6085793313296313,-0.4214607651098433,0.08164662514380247,-0.030342851838539315,-0.5292809412923503,0.010481511196555687,0.06193455389384099,0.0009609979074493839,-0.0914101388692346,-0.036915455561833156,0.13661575953280872,-0.12997370261602803,0.03013814729684845,0.17773085098216654,-0.18119104601470784,-0.21884874894440723,0.032194779111580175,0.6975244237160991,-0.478577064532929,0.4927833389585268,0.5116272905887683,0.7680973470172,0.9383677730637223,1.0124609806573341,0.9519387455829063,-0.5898908283887986,0.10799199793307256,-0.1691582777481527,-0.8706297089974584,-0.050645358370410044,0.008017268824108609,0.34061230623402705,0.1297257010694781,0.5915827004404481,0.6190782143889095,-0.560514762032881,-0.02038220696472156,-0.579524265437369,-0.5892003439346297,-0.3193223234847984,-0.30869076853213595,0.13085320588353425,-0.2914548636750601,-0.5614245981383519,-0.3286662580385187,0.23876096638838912,-0.3721709467952944,-0.39924482722123994,-0.44047669941592593,-0.26205082585996603,0.4340655253983086,0.5206039208852384,0.5685546792406189,0.5175355906350281,-0.37787402104399653,0.6041309744899256,0.6502802572299324,-0.5710371971546132,0.558647815306077,0.5693681076959125,0.6094626864694009,0.6609086677387579,0.5917201783210757,0.5087822284556959,-0.0625332115278862,-0.30176411716550705,0.38820755446630256,-0.6487921101334505,0.8425765623638839,0.6568446959832838,0.9887384387221699,0.517923001416283,-0.9481954341932631,-0.47212521143344666,0.9478065771139601,0.6332962135360212,0.9786963709472747,0.5882923807775375,0.6702242110132708,0.7182842513823194,0.46977274446341283,0.6113764599413275,0.2389398423594548,0.5808734931832344,0.760244932774169,0.010955487832509181,0.7503086741592361,-0.05979446402137656,0.44043271670000733,0.6323980535934604,0.6786248634522911,0.1300150324710368,0.6807297868599294,-0.010085022819404028,0.6308621264074834,-0.29980922005427413,0.8300026510548623,0.179956617832474,-0.5195062291256819,-0.5577836741549717,-0.4294933432721211,-0.43937358191574444,-0.46963904697912173,-0.47812642144059303,-0.4884464186160315,0.5004439889820672
-0.561434305207351,0.7281253641554633,-0.7669952520810117,-0.591428052487727,0.7309006477809561,0.7898356095863184,-0.8618178332594292,-0.8179152577170162,-0.7513234649476677,-0.8804441355813147,-0.6183049255690461,-0.49121154047657606,0.12193038000391548,-0.17073432154850965,-0.6385811070469474,-0.12752276570534915,0.04089046053273057,-0.11109626972333106,-0.2487584836447512,-0.1403366327441369,0.16864450330643369,-0.13018779987649332,0.09772630514387223,0.2726054183527278,-0.207837625901064,-0.2593349300418095,0.05057348741767794,0.7973615328761794,-0.6017146262646864,0.6190967338583937,0.6425273601433853,0.8411539610733224,0.8706787917776327,0.9519387455829063,1.0100815080655694,-0.6186866892999969,0.12767304764945675,-0.20040242986870926,-0.877890691850471,-0.10236810751514451,-0.049110835444322876,0.24977418290246603,0.03063957803841986,0.43729202145448676,0.4923822315356582,-0.6196237435766623,0.11045437765049948,-0.5908530225362721,-0.5191299788861339,-0.4004457274099061,-0.41176741438224174,0.1997592654288929,-0.4793326154898468,-0.6213226841539956,-0.518269179451259,0.3898066032200644,-0.5416749908750292,-0.5112052351757427,-0.5906546638828776,-0.36869689212789447,0.5597896652104628,0.6388310286453093,0.6621341220280829,0.6305692403673433,-0.4811811769308748,0.7114601797809549,0.7094584827257528,-0.658323304640069,0.6386321380495371,0.6599868573229954,0.6686220275786481,0.5899818646861399,0.5123555661628941,0.4972431835756334,-0.19242066741345346,-0.4310247847513701,0.5093542001145275,-0.620511274170078,0.9003297470806636,0.6705754062420234,0.9794314036734676,0.46053842877539514,-0.9403121078602351,-0.3885430773629417,0.9373800455020032,0.5897146703916851,0.977442881027175,0.5315273375431735,0.7310822800769473,0.7696000151734532,0.5685940528750049,0.6702305840248167,0.25120112970790054,0.5996668824416147,0.890373168991847,0.07992663271522826,0.8884084616681935,0.04176456640036266,0.49798618314055093,0.6482358864323402,0.8394949728673649,0.2773224394701711,0.8302663417547949,0.07985781058965377,0.7363904586803738,-0.3001585456607424,0.9223922557006501,0.21985977080620572,-0.5672893242085206,-0.6381220847438819,-0.5204635474401409,-0.520943067912059,-0.539966123241888,-0.5301865008669142,-0.5401223824061036,0.550302609615149
0.9293441575833071,-0.9405332739813393,0.7977951093773835,0.911490837429904,-0.3595400770980477,-0.352061153828906,0.5097687810917217,0.3212226879066577,0.17969535403587078,0.3593582631563609,0.9790778782167551,0.4509121977067271,-0.4084595435092372,-0.32943136215118285,0.032721877908781935,-0.3479498989148724,-0.36786889925590033,-0.3512082321320459,-0.2601068337012649,-0.34112652882470396,-0.46113215806727886,0.421724038423252,0.3408679451699872,0.2419393517518791,0.5111870265936633,0.49024016749350163,0.4186347466475786,-0.1810778746145046,-0.021952293634988122,-0.0020533072272901384,-0.01067396457589989,-0.2200835425237229,-0.38065838997495194,-0.5898908283887986,-0.6186866892999969,1.0091187027845168,-0.5778002612699437,0.597234030721556,0.3188925433857846,0.782106765453388,0.7410653443723836,0.4884738274688196,0.6890680186836489,-0.13831206728804304,-0.1401131351005497,0.5794202714752344,-0.12179819184496662,0.3612283080672641,0.2582178820975995,0.790200970463717,0.6605846708116159,-0.42254733529949173,0.5496941345208671,0.4285318117563735,0.5981401915764465,-0.4286238025766006,0.521919382233341,0.5001409850006208,0.49982571969049083,0.5398173503080306,-0.4889765028779955,-0.4414628028283775,-0.38024559154464016,-0.6105595066521102,0.530307883216105,-0.6398910509221581,-0.2505254002562829,0.45850824762943254,-0.4094024700756972,-0.3799550249048626,-0.2508446166030833,-0.14801515846998584,0.07688847398077316,0.1370276942961263,0.6895489389421504,0.7582396270224091,-0.7171520460057246,0.23917049527760897,-0.3194457639176609,-0.19006912935978554,-0.6392549036284342,0.19171717939811328,0.7711926423820149,-0.2011774577949427,-0.4690635056780218,-0.14909092613376154,-0.5809441689939705,0.019058494681297757,-0.048752260991649365,-0.4572945637279495,0.018462459280665654,-0.2798422770709471,0.19975635974580108,-0.24890554605932222,-0.6894164698285589,0.41953443404884344,-0.34972306233190037,0.3224847598721464,0.07976924487143398,-0.39111927720287365,-0.3506351671948553,0.06814340632346372,-0.5105378065701931,0.2300331231134488,-0.6290371324724988,0.5207088903741358,-0.6586648011758484,0.3106503882189253,0.7868866945193412,0.830271605855977,0.7603822641061256,0.6776960778597265,0.6007605926657614,0.5814602883851426,0.6397869416736854,-0.7019630078817629
-0.4703789395949144,0.4726215074720299,-0.26159968548389007,-0.39834898953178055,-0.01170059006507131,-0.019075205358099617,-0.0009175768638350196,0.07173978361012738,0.12171606704153028,0.010455059396938185,-0.49012735698299936,-0.27823986838026005,0.936365542649362,0.5975215631204609,0.2511037324806425,0.629455496016278,0.8798288286601107,0.7188189261085295,0.4622413433195147,0.7089028526007494,0.9295334949897963,-0.8083390119828681,-0.7111443542468987,-0.6177461145929306,-0.8373619098445287,-0.8409376098171133,-0.7904598941385703,-0.2981071185479493,0.35082204814515927,-0.2991877757596489,-0.3297714290520365,-0.2101724694437302,-0.030079450231136944,0.10799199793307257,0.12767304764945678,-0.5778002612699437,1.0110161169051182,-0.9603189050488876,0.06765762243849228,-0.5770448032515112,-0.6698449585598414,-0.5102899131425386,-0.5497558424091219,-0.2383155704848343,-0.3488306788775987,0.19776017419793063,0.031137289987482695,0.45077155467011537,0.39729137749503435,-0.3393928336037696,-0.5592802646606223,0.8794350158903425,0.06926336240593058,0.38970281316463506,-0.19089678935361723,0.6593470852998853,-0.2681938574132494,0.051020692372438316,-0.32018372933370004,-0.8507905658417305,0.5982199173274627,0.3382354612324715,0.18915777599515277,0.6199738869137426,-0.7395766921421372,0.50847797202342,-0.36042214636025527,0.29740067329018854,-0.3182043533576912,-0.22106797545916468,-0.3807294339948318,-0.4687944315654167,-0.5724573139926167,-0.6908750418195837,-0.4973300308345384,-0.749873977874923,0.8115448941340028,0.49232371823354387,-0.16032373613431156,-0.5012449557017423,0.14048697401190835,-0.6611469532910904,-0.3074428156967488,0.678144931237178,0.031949079329710875,-0.5417526337356413,0.10249326346190918,-0.620916028060745,-0.40090268988971844,-0.2999513754689123,-0.44739396786516883,-0.09251328858676301,-0.5093299858781151,0.00216699482009742,0.31050365509066025,-0.7813921986051862,-0.17968748597213138,-0.6514152543684637,-0.5205262836670161,0.1199701523297705,-0.06831462405012784,-0.5271312122148527,0.19062782797863162,-0.6423570506937551,0.4594599099330014,-0.7097666352045381,0.2713440666593565,-0.7507414961329363,-0.7598156670741301,-0.7428915908153239,-0.8018284505997744,-0.7610378891490094,-0.6716028351219747,-0.6390746809042218,-0.6780601005129243,0.7179401779852392
0.53890198752651,-0.5489338121653005,0.3425660866140288,0.4571317509948688,0.021150128892793066,0.01789867740708858,0.010210208351868434,-0.05041905225242647,-0.12223273466850686,0.002836471761265971,0.4926620272096642,0.17102301530357178,-0.8709337147038912,-0.5700957491474368,-0.2591288868190854,-0.6110824584906853,-0.8973414745881391,-0.719558172553885,-0.4887804738809014,-0.7492818937056986,-0.9698745406389244,0.9188906253632014,0.8009690484240086,0.6901619614421591,0.9508972843883176,0.949571809719671,0.8869289363000876,0.2802566921074929,-0.3571750212092626,0.30263633688218305,0.3313997014435278,0.18839118546764783,0.010752264255495267,-0.16915827774815279,-0.2004024298687093,0.5972340307215561,-0.9603189050488877,1.0127423018231037,-0.052386405109986975,0.5922060957528378,0.678787969546989,0.5015027443858329,0.5780552421161689,0.28005923887218614,0.36844998599227474,-0.09087905884082055,-0.19160969867271221,-0.40085480454734046,-0.37943067045170753,0.43050924249457295,0.4589163115189276,-0.8298517358449922,0.019491641692435953,-0.37915502879117025,0.2039865399152871,-0.7107457225480834,0.25805642108643745,-0.10013748953295791,0.31987287953304483,0.90600865127601,-0.6810339212640857,-0.3783968245325744,-0.21859524315524254,-0.6908217181974896,0.840026311670645,-0.550351021054818,0.3986310163017861,-0.30798305498099365,0.3408296876248087,0.26111064736861156,0.42910555359189934,0.4799745763828426,0.572773597096806,0.6918671790346168,0.579022142352802,0.7183995539626192,-0.8513989838140306,-0.4874545708603359,0.12737886180746583,0.520555426541786,-0.2026647648229247,0.6576021396553322,0.3385696852645511,-0.669154180883569,-0.05890639806964813,0.5392153726732093,-0.1476820692383777,0.6200963394342603,0.3729343569123087,0.3009120010385242,0.48268659570067085,0.12903761352843562,0.6305255570276115,0.028834678219391993,-0.428595046400938,0.7588499426510379,0.11806626476091966,0.5978028403187614,0.5795756654417376,-0.08142037628972869,-0.029518216530661334,0.5500687042623467,-0.32983668798709037,0.7018268104726731,-0.6095319339719059,0.8084359860558992,-0.3986980945895406,0.7583200850045385,0.8302371750817749,0.8099118821979491,0.8899895269968705,0.8725573233076495,0.8070203789656764,0.7744202035990713,0.7987587950624385,-0.818695784676965
0.18871360264195652,-0.38249253736290906,0.47239881928674443,0.26051810170564954,-0.8283031655805213,-0.8983209481706977,0.9298934301151032,0.9190571312814527,0.9390132719410429,0.9778177993179925,0.37174072804157887,0.5500052755574079,-0.03939402483890625,0.39081514791223304,0.8602456697068477,0.3183135665876615,0.05920655561334219,0.2619472489129547,0.4915476710767566,0.3294795654432609,0.0021549842810784313,-0.09212713319671482,-0.3124929861513241,-0.48116061271748944,-0.07001963936207695,0.019914391752137158,-0.3388708962916166,-0.8822759213000709,0.8118234641421265,-0.8290824207968142,-0.8181941425883829,-0.9379067955698032,-0.9520931909958924,-0.8706297089974584,-0.8778906918504709,0.3188925433857846,0.06765762243849227,-0.05238640510998698,1.0129224027587065,-0.22219384111185056,-0.27917093663025816,-0.507177104428063,-0.3895574089524956,-0.6638406804746447,-0.7079400101156301,0.5313186392139531,0.16976717235188943,0.628750310964327,0.6592719661967299,0.07664988629038876,0.319684826934588,-0.08887117951313486,0.24074054487960383,0.6190497012525428,0.2899074831407615,-0.17109870550800627,0.3580365166259036,0.4284121757066118,0.4370848772527649,0.1489965766685264,-0.36093478570216075,-0.5107285372568889,-0.5889685300886107,-0.4109183227169469,0.25169577442776087,-0.5295597030268445,-0.7904614723867089,0.632836490713741,-0.6298033372049776,-0.649957010691033,-0.7382534550066296,-0.7695720340737238,-0.7321948742008317,-0.7009670221017327,-0.19861401420689784,0.21055060340694637,-0.2400262340465671,0.7475150168779179,-0.9677330872217819,-0.7988606378565961,-0.8788873861847057,-0.6965257516174654,0.8282673592936118,0.6606788123181451,-0.9790752460125405,-0.7512446640753928,-0.9315190635439147,-0.7406503445296916,-0.899945308539028,-0.7879484864467379,-0.721563699956425,-0.7129349201429795,-0.5324701205298678,-0.6665466290930617,-0.6209102793203137,-0.20157536650592764,-0.8374249139230291,-0.05014872810009496,-0.7087522142713847,-0.6892793027502065,-0.7069426744733497,-0.2714545269661315,-0.5688776276226328,-0.19027711748004644,-0.41217458223501074,0.04128579232870216,-0.6615967187134589,-0.38827157802077217,0.27115929393437055,0.33130304388005183,0.19087492483986715,0.2084679266157372,0.24970761449150808,0.24830669811406908,0.24279482372456984,-0.25148940078973847
0.7891752183263525,-0.6770978041282312,0.38983383941838845,0.7081968444268613,0.11049851871570747,0.14938210078787503,-0.0400100878594533,-0.2687613213845633,-0.3285986563837794,-0.22204017049968383,0.7403005835197294,0.3104176996063624,-0.38094753638668605,-0.44160443722924025,-0.37726921509614614,-0.4099310608605008,-0.35918698149064526,-0.40022053525983275,-0.4089362481732934,-0.41861268711302324,-0.43827080922687284,0.43089977533741064,0.42990365760977134,0.40964492465391855,0.5181187365219209,0.4684650185065126,0.5298401487749378,0.2405923356787727,-0.3913382929395308,0.3796760237818422,0.3500185246681516,0.22813484819509208,0.1495295682961528,-0.05064535837041008,-0.10236810751514457,0.7821067654533881,-0.5770448032515112,0.5922060957528378,-0.22219384111185056,1.0111310997317093,0.979282539778373,0.8958057246774543,0.9569165247757336,0.1612515530700678,0.18059794945467328,0.299559478000085,-0.030630930851220286,0.10028628192005429,0.0005295812439577442,0.6404209165946741,0.5702302371256753,-0.39149911083278754,0.4002692348539889,0.17900428938350751,0.461927007752645,-0.3383515357137532,0.4004933627098298,0.38905485627514164,0.36874123926728575,0.4592117733458536,-0.3806617907773859,-0.30862706533100726,-0.22017156072442373,-0.4787844562179998,0.4412917721043312,-0.4636264651420848,0.08955358907119088,0.20900878606300058,-0.16871801919568183,-0.14881397517750672,0.05973431004690214,0.23018169542697559,0.5078418256513204,0.5404459050816389,0.6892635159325345,0.6587424676112306,-0.6088763394107385,-0.09922716658266406,0.18910833649904665,0.19836944743505205,-0.10208638486784885,0.6103850919488839,0.28083285898214483,-0.5215919765066589,0.08217613303984458,0.2107268037360408,-0.029348404661836892,0.41041689413175986,0.4114617788840372,-0.06723170689956522,0.3092672250807143,-0.04997100716094956,0.3598351837257199,-0.0674348379571415,-0.30866346945538686,0.6312767249356409,0.09959468994168426,0.4883919692054371,0.3608005410404562,-0.19178771489507945,-0.018421894154894113,0.2817668458150116,-0.21817862187523798,0.4180650125879109,-0.42900544980524175,0.5785322406674769,-0.2725144648041903,0.609270163218383,0.6801044345906059,0.6695361159247484,0.6610144624208317,0.5895600213080087,0.5188536802006217,0.5129975850569718,0.5628343532625822,-0.6209232904929485
0.7180240454230233,-0.6215249806038634,0.3101411277274184,0.6129120055617603,0.16724719133260016,0.2006948828187571,-0.11978473466530104,-0.32894895739578,-0.37988575025649346,-0.2679567604205418,0.6794516631442878,0.3206893872166561,-0.47863491664247565,-0.5181941758883736,-0.43845980791034606,-0.4795889918607987,-0.43906131002602083,-0.4711368487356744,-0.46865947954543613,-0.4899521664976042,-0.5208531814593691,0.4988955471078543,0.49037003491177317,0.47092437950891114,0.5901816669474798,0.5389704148829322,0.6094083689828231,0.3117166531158608,-0.45968901243296656,0.4397412528179631,0.4177830776648446,0.2900110131336781,0.20826461809238972,0.008017268824108578,-0.04911083544432289,0.7410653443723836,-0.6698449585598414,0.678787969546989,-0.27917093663025816,0.979282539778373,1.0109129708648348,0.9203171403550996,0.9464152457712984,0.2804425823502982,0.3203925532260557,0.1577835667750465,-0.029573394064906857,-0.05831255335675163,-0.16295599146143722,0.5713488773168857,0.6079442090927201,-0.4885913332807826,0.349925855596241,0.05858186468621018,0.46836645093384544,-0.4017470247283145,0.42958528353661135,0.3576462892023853,0.4000826246262573,0.5393450636924834,-0.4307696306343864,-0.3314962663633554,-0.22969708769559444,-0.5205856679247047,0.5079740978459555,-0.48781831318224694,0.17872001102630447,0.11100017044280712,-0.07959250650531706,-0.08909404337388245,0.1494581807879093,0.37977539814295747,0.6396399650831085,0.668606370588881,0.6905929119752744,0.7102763072606566,-0.6708177689368927,-0.2516920325360789,0.26036659070771845,0.3207755096715092,-0.04071389906439764,0.7327997788723974,0.23129220081288474,-0.6529356132884886,0.14192317412569375,0.3666850255831911,0.034182862995992616,0.5518776664257338,0.4982565902675708,0.05162449143532125,0.3789428778761769,-0.011040486734149028,0.4189295592365404,-0.04991344063388274,-0.28961833970995343,0.7190728228258564,0.1623510817131565,0.5600052623071702,0.4411263733873493,-0.17071535698572335,0.01906534417260762,0.3517454540456792,-0.20974038114501636,0.501296329371818,-0.45057489869669126,0.6505995505713799,-0.2514412704634168,0.7167594156011503,0.7278895972660354,0.7083722758747801,0.7200522639518762,0.6428247235723649,0.5701145215727402,0.5688100708493522,0.6191334108581881,-0.6694274729639305
0.4606516467262708,-0.31329858695608637,-0.018193876853466268,0.34959474786266376,0.4584073945906553,0.48878139619804317,-0.35005450343712935,-0.5203471655770624,-0.5097210791607734,-0.5088497830171583,0.43104398011776524,0.20775028343952223,-0.3412058294787985,-0.39851792558262156,-0.5017159765798885,-0.35123473739114136,-0.3010409173763658,-0.34915177158684974,-0.3787324896330669,-0.37970896910562124,-0.36148618892532414,0.34776750294831305,0.3808124304845372,0.4106073661925351,0.41943753445005316,0.3600462870884344,0.4973405788720851,0.44943404600137843,-0.5069210200023946,0.49108063366001414,0.47110634287167813,0.4603869232809997,0.49013648807462834,0.340612306234027,0.249774182902466,0.4884738274688196,-0.5102899131425386,0.5015027443858329,-0.507177104428063,0.8958057246774543,0.9203171403550997,1.008398444771019,0.9288077446443159,0.4490044218568416,0.4713764813695246,0.04886858256762339,-0.01962593392144144,-0.1417692296428696,-0.27073042745164444,0.42929138368189595,0.4803909784621935,-0.3480631900050512,0.31070613020162663,-0.03088623179580244,0.37942995864624973,-0.2693972834929808,0.3097280766876837,0.2787039982745392,0.2514953591046271,0.3606753500979413,-0.24129663562327705,-0.1504672321821948,-0.05026865618991649,-0.30156877874465,0.30958082324606634,-0.2577662235105222,0.29979076401602844,0.010770173733693978,0.01879370868282209,0.030123273341857274,0.2583566161475434,0.5199317600964936,0.7517137891114792,0.7188066859999914,0.6102305565817947,0.5499380915854424,-0.4684022961961101,-0.3709853536442223,0.469673398524637,0.4313144851175409,0.279997803758659,0.8100151162749003,-0.08965343673285875,-0.709217396524691,0.4218220579096509,0.4771349255293786,0.34034730071411734,0.6492562936232541,0.6181457600954832,0.21019993342664378,0.42128936197382394,0.13904993338346738,0.40017983595113393,0.11134128483667732,-0.03917990508514957,0.6077160398585384,0.33247256590045304,0.4405673276225539,0.4711995908778383,0.021527807738815404,0.17905259093939715,0.2887608327834476,-0.0008526800813487803,0.3799180641317512,-0.20794578931718394,0.4507659523967909,0.021592034105539105,0.6506445115500094,0.47040377913161474,0.45049085027607916,0.4892262684593048,0.4181820042211475,0.3418059468139994,0.33148779046622834,0.38025355637993485,-0.4213442218124088
0.7106206320202441,-0.5709642482549099,0.308110685278356,0.6284412456286251,0.3613350011430741,0.3874091852113444,-0.18876748212075084,-0.3508911785089471,-0.4207810822647343,-0.3701324896917774,0.6295572084577936,0.13074960880142306,-0.3491028368736361,-0.4199633099036299,-0.4512545299562462,-0.3901125814145098,-0.33967882522202536,-0.38959316709752884,-0.41907503255266393,-0.43116978598644673,-0.4213273058603697,0.43068060191269514,0.4572767366812044,0.45902266051224194,0.5109782735317981,0.44977856058660304,0.5723567176458173,0.35817285329063725,-0.4605289604447619,0.4486991777274773,0.4298227764503851,0.37163767799691055,0.35878212780951313,0.12972570106947806,0.03063957803841981,0.6890680186836489,-0.5497558424091219,0.5780552421161689,-0.3895574089524956,0.9569165247757335,0.9464152457712984,0.9288077446443159,1.0105893792124891,0.3988593233374932,0.39990564951806074,0.2386633839076931,-0.24777691166911137,-0.02907095339565933,-0.19030740698488866,0.698065335020568,0.46887677822625284,-0.35095252472151456,0.4608044453948364,0.059710488453044365,0.4683118316665319,-0.3493390449224007,0.34972545559454904,0.2814678591609944,0.2706094401120493,0.43977710602199327,-0.28895906865717974,-0.16106260861288912,-0.04015632021878612,-0.3604272942318857,0.37933635547074873,-0.3112255901253936,0.24261608421131198,0.08792846194078502,-0.04133317375562962,-0.002186751612448206,0.20216225593078238,0.409602577279707,0.628406655690672,0.609190545543177,0.8114740375285042,0.6224917670362161,-0.5584908620170143,-0.2618539093480066,0.33040557587627223,0.33938830295142075,0.059493847554408515,0.6982293975963553,0.10922435659550596,-0.6601002673209412,0.26083888239054914,0.37331075062659475,0.1376392796679811,0.5473534098930017,0.5210229877173379,0.06755655078715235,0.41113626220294347,0.15149511097273166,0.4918326017967657,0.16908941072912106,-0.2623936017595141,0.5074920017066229,0.16937242811812395,0.3085494998369353,0.4884677374054638,0.0503156413346461,0.04292131819511542,0.17109148598265989,-0.1704548238883657,0.30028186620963354,-0.35185968212290686,0.46070322460361307,-0.18766771709566693,0.5415286731024446,0.5616448430476644,0.5716528620912176,0.6100117323221915,0.5214255748223026,0.4295578850753442,0.40912676415123606,0.45904087154198736,-0.5083374959941829
-0.1004472614488239,0.18811864887016452,-0.3115402481445149,-0.2281972439130279,0.8385266859051261,0.8075252718177914,-0.6287781112105957,-0.4912672163686905,-0.5283856116328178,-0.5987797599384578,-0.2604717100368512,-0.35041993813925565,-0.14028385380462877,-0.22971681201047867,-0.5010087523586794,-0.19715153434181995,-0.1303871827412495,-0.19144055957953057,-0.3010840850073973,-0.2671708596011581,-0.20096342557176888,0.25072103300754434,0.3129469004708785,0.36866336327438015,0.30015724412865774,0.2303825704666873,0.4396369202999483,0.5108642765486036,-0.4799489482928343,0.4706329688759107,0.45644343608988525,0.5777783742711794,0.7590465837077296,0.5915827004404481,0.4372920214544867,-0.13831206728804307,-0.2383155704848343,0.28005923887218614,-0.6638406804746447,0.16125155307006778,0.2804425823502981,0.4490044218568416,0.3988593233374932,1.008774445680614,0.9779684632792972,-0.4016199881533007,-0.5599796715025013,-0.6392114008090488,-0.8767978585958002,0.12044221304831913,-0.028383927677254988,-0.14861824289319456,0.22739854280084074,-0.4715024341991178,0.2101244399620109,-0.26844231525823337,0.09152801171526437,-0.15875172306435367,-0.038044446841009105,0.2159502885425682,-0.0284134737870888,0.15934333978937207,0.28981705362001986,0.018999732105326916,0.11079040372631639,0.15110178425100323,0.5895185550326612,-0.4107866365049053,0.41343639023825063,0.39215778933166057,0.5391330275799391,0.8919102852330761,0.8085522180167032,0.6398497897454416,0.5116562236715416,0.18935991735319274,-0.17138328873637618,-0.7990532024793545,0.5974716514957359,0.6994626297040701,0.5310071607736491,0.7184568739632549,-0.5091026171639783,-0.8215464524144312,0.659947232045746,0.8292964876574646,0.5908028874229723,0.800724931385204,0.6012728667831272,0.5891632340601748,0.4808002043726018,0.5098489671964198,0.5897372381306594,0.558954356496367,0.021861146489235813,0.05899096508816177,0.3305887986346407,-0.18981010469840404,0.5822613356695507,0.5805093486706782,0.1399423071055879,-0.07916097440402863,-0.03186919575670175,0.0389372007917123,-0.08670022701900373,0.1111746235007891,0.12229444277257183,0.2612309125186939,0.03915527440035487,0.050741153275538096,0.19951384597661267,0.1718600977328494,0.10912713158629977,0.08037218524194462,0.08881392426345562,-0.07128924153619907
-0.12018042852592269,0.20881316109649678,-0.3477829715311561,-0.2508845463296737,0.8107581786044475,0.7990904806720531,-0.682651538976724,-0.5676387062448793,-0.5890442249517326,-0.6401362930953425,-0.2691891798190769,-0.32164491205094525,-0.2502070938607247,-0.3300642480167706,-0.5717125314863153,-0.29923266246709485,-0.2401624429344948,-0.2904212834134883,-0.38007152847692666,-0.35963409124492485,-0.30087985428059094,0.3303931395535772,0.39956686732374364,0.45212179542810343,0.37071541133737074,0.30885774469621435,0.5187186457079134,0.597874129974754,-0.5596710941771246,0.5490391146887885,0.538913178930891,0.6399851487733655,0.7699478522899015,0.6190782143889096,0.4923822315356582,-0.1401131351005497,-0.3488306788775987,0.36844998599227474,-0.7079400101156301,0.18059794945467328,0.3203925532260557,0.4713764813695246,0.39990564951806074,0.9779684632792972,1.0093201540692938,-0.5199091464746088,-0.4671325523150668,-0.7515961116226497,-0.9378757170611616,0.05029454335003884,0.008104245489726143,-0.25015223636689465,0.10097795572321903,-0.5821107335654945,0.14913472973792227,-0.30059747936768116,0.07085701666630675,-0.21093799492488188,-0.030422077300030426,0.2804303991168873,-0.06865300109292871,0.13946784702475484,0.28049096539265533,-0.02084892708415988,0.17135321481794671,0.12944268030621275,0.6694329964333798,-0.508884321717936,0.509804830327312,0.468959211871803,0.6276350512464035,0.9576846855298992,0.8783339250057893,0.7499878931775459,0.4597958939318685,0.21971784608725126,-0.21860388299078418,-0.8902764843389028,0.6680550665913745,0.7925343309449191,0.5702867867904062,0.8008875756588424,-0.5276635354931275,-0.8884232002384214,0.6924315788122591,0.9110484706229842,0.6322366422545804,0.8896037830583243,0.6882401136634545,0.6884853811323487,0.5608293888764854,0.5292811739273874,0.6299347635424366,0.5409978386420021,0.08970060161612622,0.20046357516940125,0.4329129523312746,-0.03917712318243889,0.6583707151121273,0.5514968396012959,0.23140259250094788,0.06989741419423579,0.032424592443150914,0.1699427329053374,-0.07201422259433624,0.19932602758909096,0.1799245237283333,0.3991761971969808,0.0902025174924828,0.0802354709033424,0.24237045334947777,0.21825260815923034,0.15100778971275997,0.1272809006719426,0.13289227380151175,-0.12076143822631238
0.5589494713505422,-0.5781565678768008,0.6113504778308917,0.6306201140809011,-0.37959114025940405,-0.41619335851323275,0.7003228803194409,0.6182779850452231,0.5176280674408372,0.5194801451608739,0.657555136693634,0.20051743111653625,0.2679981328043572,0.3593816119125912,0.47730879466784165,0.2793885416472018,0.19022802902613792,0.22940258304002872,0.29053425716656706,0.2099976674082789,0.14260298169734018,-0.06941605010156437,-0.15021967843994602,-0.22964418626094474,-0.0394954100810498,-0.03041979677253574,-0.16046352527577926,-0.517757623943815,0.4620928218951381,-0.4600421021442426,-0.4409733443767479,-0.5085513326292159,-0.4889787052339716,-0.5605147620328809,-0.6196237435766622,0.5794202714752344,0.1977601741979306,-0.09087905884082055,0.5313186392139531,0.299559478000085,0.15778356677504654,0.048868582567623414,0.2386633839076931,-0.40161998815330063,-0.5199091464746087,1.0086751588791156,-0.23990386195007252,0.8679844200197425,0.709629599336972,0.6807363408582454,0.19018737578184283,0.22941018330859908,0.7076384258551314,0.7907282231102047,0.43102648063382687,0.01144025186640963,0.2504232232525479,0.46189986030693625,0.19894911646686392,-0.028604764509694177,-0.09802783962227794,-0.17957163048437602,-0.2102398206559608,-0.17799563268725987,0.05980608137289544,-0.27099917279051017,-0.5390328773412819,0.701104037892858,-0.6487649199417048,-0.5000453390093798,-0.5288039213867542,-0.6198767468540262,-0.4798768971706592,-0.498237566770226,0.3779049518173961,0.19939656465279817,-0.13251151473961828,0.7409107398259102,-0.5900397643854683,-0.640330745147112,-0.6108877487283697,-0.42993795753733616,0.6180279266255971,0.4310035040444655,-0.572425375606627,-0.6880301805712743,-0.6217980404621583,-0.5805187529699158,-0.5390633874204709,-0.7795072883229743,-0.3591198663407411,-0.30011208274342294,-0.1513400050500151,-0.20052632697068365,-0.5409975434764864,-0.25838510914752866,-0.6004846235256951,-0.23925764078150197,-0.35004893211639543,-0.2815051593664853,-0.4514313804396443,-0.31337909456857577,-0.41962962106159407,-0.26939817227038604,-0.3092076520564143,-0.04131837376366625,-0.5027172144463752,-0.3399406887958207,0.20956244295751403,0.2894016404572468,0.1805547189475001,0.1416646037508694,0.14111671176354312,0.12793580045463537,0.1407985213905194,-0.16201694471808806
-0.25971759437399894,0.21881098205018368,-0.3400338604122832,-0.25072697120199366,-0.4210785899510803,-0.35985546906110966,0.07138478380684535,-0.10990723883533395,0.06978143496444711,0.09008784432542648,-0.05052750615427798,0.5769205076347819,-0.06138425609645427,-0.03921176103792859,0.09969634925055933,0.010627985840988296,0.07040845093271436,0.06998911116742704,0.11066656034487957,0.17984664073351672,0.15892245348276557,-0.3013131905100848,-0.3028863902229594,-0.2890334719525432,-0.32141994102662674,-0.2791270919746689,-0.3696462565098368,-0.10830759803038091,0.10166692100052206,-0.09056841371570726,-0.11140404480314059,-0.15942770285410185,-0.2504859247552259,-0.020382206964721542,0.1104543776504995,-0.1217981918449666,0.0311372899874827,-0.19160969867271221,0.16976717235188943,-0.03063093085122025,-0.02957339406490686,-0.019625933921441432,-0.24777691166911134,-0.5599796715025013,-0.4671325523150668,-0.23990386195007252,1.007113175863888,0.1181275134174855,0.360198952576928,-0.6076312359922412,0.2580315832337943,-0.048210743387006184,-0.4993882622246428,0.12898862750550213,-0.23223367564589756,0.27999702364115653,-0.021337811028105908,0.21068090443230159,0.10139425027089885,-0.20010941687466952,0.05234825541670204,-0.1716646546258678,-0.2800975384142581,0.011796868760684448,-0.15908018974563815,-0.10090428870865598,-0.29903055193585815,0.15983145622604153,-0.20900117025756235,-0.28060010750911196,-0.29119763593987946,-0.3212988580634125,-0.1806270200449744,-0.08889725854706551,-0.6897865114704926,-0.08916821048849283,0.1581399836528147,0.25939887265889255,-0.07164665811181281,-0.23938981485114535,0.049286317727815186,-0.12195621783173079,0.040726796890317336,0.32651928212531256,-0.11980163052959557,-0.26970174752065235,-0.009179600276068347,-0.22110618800206722,-0.07055739197857035,-0.1020085102747593,-0.2785476812694515,-0.44918039682198335,-0.5985458049831711,-0.5599385955482534,0.3994306920515989,0.3386370342576011,0.1512247119675236,0.5510372677807547,-0.3808802551659968,-0.5482744446610083,0.1703060376194046,0.3002626952103872,0.349544119779254,0.18857539369914222,0.29904755055825705,-7.551963045548871e-05,0.28791732888954136,0.17206889183596183,-0.060014366222781175,-0.13939596905435106,-0.24896866738308907,-0.22898568763691235,-0.18093577082530687,-0.14044680687492095,-0.12934520734991872,0.09993600258775241
0.35118659518133,-0.3900049921578424,0.4500361798410297,0.43239658303979733,-0.5493916404116044,-0.5699140259852269,0.6989787012771994,0.5828672461374252,0.5712745154454786,0.5716118270057134,0.4685391046467605,0.3323082124246403,0.4617108141436191,0.4495761914913216,0.5798900945571926,0.40928253874398285,0.42931548741310105,0.4214013704145225,0.4387452236033009,0.45114955711576127,0.4302234189305403,-0.38783594481557365,-0.458205746231623,-0.5123541773613837,-0.3624562150705189,-0.3389939298808798,-0.5002511987975026,-0.6719360057603541,0.5983424239004668,-0.5788078101785614,-0.591326391608116,-0.660405031738147,-0.6117096409874619,-0.579524265437369,-0.590853022536272,0.361228308067264,0.45077155467011537,-0.40085480454734046,0.628750310964327,0.10028628192005429,-0.05831255335675168,-0.14176922964286964,-0.029070953395659325,-0.6392114008090488,-0.7515961116226496,0.8679844200197425,0.11812751341748548,1.0091869915678697,0.9086858196274901,0.31830381228001287,0.11003772970680209,0.4296899654034845,0.48974991568057485,0.9196327742490364,0.2706122798007767,0.278741427133204,0.1814958322708081,0.5508600282502535,0.1783340996997885,-0.31013785006578215,0.04048460538340666,-0.20841141384048206,-0.3306996968777755,-0.049632884762008014,-0.1609251866009306,-0.21920360694698693,-0.7757788707169697,0.8358417160438596,-0.8109870878733655,-0.6906441213554877,-0.7677129021012786,-0.8513357158498639,-0.7029492931025318,-0.7206343337280463,-0.03142685105619254,-0.05805706383882951,0.11948582786717302,0.9476307626070588,-0.6892064022087177,-0.8691000401552893,-0.5988020351267644,-0.6590471613063283,0.5675761169425941,0.7260597774976988,-0.630656034738734,-0.9077292787740437,-0.6294661018054692,-0.8184097592306925,-0.6820906658311278,-0.8802655262841286,-0.6212474676942884,-0.550784656974843,-0.5208228255931449,-0.46122174894794693,-0.37001569527805933,-0.34959858443082625,-0.6398506372940361,-0.2299041753017216,-0.648710749366485,-0.48180959932153866,-0.48939251215537893,-0.37950929623378815,-0.32789804910714354,-0.36864989107935026,-0.15262028799626917,-0.19027075698267132,-0.39920066015720024,-0.4824384910309205,0.018984194774426866,0.06949549402547332,-0.0903205500447013,-0.0997292195814591,-0.05198305935654994,-0.038287776387707195,-0.029767146124603405,0.020198490429511416
0.24974380346580338,-0.301154007987674,0.38284525972513556,0.358454196143575,-0.6983630852911433,-0.6913539719229045,0.6888622073243916,0.5478950547556805,0.5598744232799059,0.5912816886368985,0.38204979520482246,0.33729078857940736,0.35057309552037696,0.3708525999510506,0.5578924360563136,0.3315716773955745,0.3074221123632287,0.3290204293433304,0.38915823914729675,0.3823559859025515,0.3496244509920221,-0.34083222594438894,-0.4076357654674197,-0.4615853600431901,-0.3586945671711183,-0.30982655599514336,-0.5004738776656324,-0.6108866327184593,0.5581990690389378,-0.5402643705057483,-0.5397330440143677,-0.63284283461302,-0.6901410827912209,-0.5892003439346296,-0.5191299788861338,0.25821788209759944,0.3972913774950343,-0.3794306704517075,0.6592719661967299,0.0005295812439576904,-0.1629559914614372,-0.2707304274516444,-0.19030740698488866,-0.8767978585958002,-0.9378757170611616,0.7096295993369721,0.360198952576928,0.9086858196274901,1.0098233630495967,0.11789651119061034,0.030397502198020485,0.34116929834893256,0.13081177960810444,0.7480720634972933,-0.00836192773424129,0.32041763413927854,0.00016002884488926236,0.3415287256660689,0.0719406144118671,-0.3019286286455193,0.06069164993536259,-0.1679589907764966,-0.3086080214792366,-0.00948906917051461,-0.16850233953159377,-0.16807742625030686,-0.7094135330839401,0.651549336366644,-0.6400585070016014,-0.5576931542451751,-0.6807614657552825,-0.9393515660210265,-0.8079860014103957,-0.7289654864952393,-0.2889717039584376,-0.1702390837454096,0.18800971615276657,0.9497345784212422,-0.6523621107448052,-0.8273225465337655,-0.5685531457157023,-0.7319254190254708,0.5404984546087607,0.8415894148902313,-0.6522913125674391,-0.939059313460104,-0.61178556741149,-0.8687810329894167,-0.6610594285243587,-0.7709524597620414,-0.571494886835721,-0.540644474351525,-0.5818946216808191,-0.5203389284647213,-0.1891650214453701,-0.2385720974365664,-0.49899070911973725,-0.041628273031142686,-0.6423833638102386,-0.5388117245107852,-0.32857998186337,-0.16193427204385902,-0.1400299255430891,-0.22910574837823358,-0.02047241289364699,-0.1796023893720982,-0.2575990135566098,-0.407746013599506,-0.039220135953049365,-0.018075660150018057,-0.17980099259668766,-0.1611831423927288,-0.10137341401780542,-0.07963296348442386,-0.07932812408905279,0.0694879192527272
0.8210161701036429,-0.760360436694071,0.7292392159358059,0.8398089368146594,0.02935115109192774,0.007873482184773135,0.3118417083233715,0.24989025611900423,0.050474160359659744,0.1201093760270766,0.7779156009268089,-0.03976429386177795,-0.17155682051413346,-0.12906302057228686,-0.02936497027993766,-0.17877102519139634,-0.2383457515880483,-0.2316560152236379,-0.18148475122779154,-0.2902467143083158,-0.3201392011727184,0.3801650757039269,0.3585085234999848,0.30322989981933257,0.4284955122361777,0.38936119307476047,0.41986853261861246,-0.017838158597625726,-0.06884511820576623,0.0511267528741849,0.07761958767324252,-0.0018717870799327225,-0.0695911034434705,-0.3193223234847984,-0.400445727409906,0.790200970463717,-0.33939283360376965,0.4305092424945729,0.07664988629038874,0.6404209165946741,0.5713488773168857,0.42929138368189595,0.698065335020568,0.12044221304831915,0.050294543350038835,0.6807363408582454,-0.6076312359922413,0.31830381228001287,0.11789651119061036,1.007963374315103,0.30098509134711826,-0.17844692644477303,0.6984044132689975,0.3109817119643677,0.5195162689511391,-0.3310470781093219,0.3002465619036717,0.23936405709252714,0.18851195499861623,0.3705755357299548,-0.22969923498577918,-0.08073905900865287,0.018812656396140593,-0.2998019199908546,0.32075670923150745,-0.2700600671107008,-0.011821565216639037,0.27904217685235766,-0.20918851266136496,-0.09976871575133694,-0.022650151456082075,-0.01943419274319605,0.09267336002416525,0.09184267501818749,0.8973564744748515,0.5377347590911995,-0.4797992759097392,0.13159821482764025,-0.1308280139052893,-0.051249404884066416,-0.39919482842297277,0.15859938325002526,0.46148593208906147,-0.25237960065984605,-0.19880417524578706,-0.05133508707789863,-0.3385561760109725,0.06039354361767487,0.020515177503137944,-0.32881644644622327,0.1909986916458233,0.1301033613144831,0.4313265347692783,0.21876438257787925,-0.579396736594945,0.0694656905811188,-0.2519375043492198,-0.09720154794705924,0.26001436923476495,0.08256187609860413,-0.203694571588588,-0.1280910375478183,-0.38246843548391257,-0.009752864600316281,-0.4297886321987717,0.2293321684566533,-0.47061372964444403,0.07004101136184761,0.46907894908758807,0.5492152680255648,0.5502383720958156,0.46011780723292306,0.3689225206131032,0.3291331375721262,0.36702269907455787,-0.4102706621104118
0.44986651307490955,-0.4908964940375108,0.24849872610342202,0.39236597418512487,-0.21934238195484934,-0.24019823567073084,0.37001923331192405,0.2101990258422682,0.27119680151341313,0.2785893399766603,0.6393102213499583,0.8669376612344533,-0.5617517178079884,-0.00032193664592539736,0.25012827148886024,0.029145820033649943,-0.21181079355246346,0.011256120839087887,0.15853603701736513,0.05020073102894421,-0.3776285749218939,0.1319494817654022,-0.049243983409479164,-0.14964065337721386,0.24057915245899814,0.2885570991576648,0.08882811036439862,-0.3203221657469502,0.22902364134163636,-0.2503375530566167,-0.2706474256938956,-0.331526023247339,-0.27094052483459197,-0.30869076853213595,-0.41176741438224174,0.6605846708116159,-0.5592802646606223,0.4589163115189276,0.319684826934588,0.5702302371256753,0.6079442090927201,0.4803909784621935,0.46887677822625284,-0.028383927677254978,0.008104245489726127,0.19018737578184286,0.2580315832337943,0.11003772970680208,0.03039750219802051,0.3009850913471183,1.0084089505503353,-0.667141627778607,0.4193639373359406,0.35146945592913864,0.7604505041862383,-0.5913417238968909,0.819286998312237,0.7199706925199357,0.7891635311608357,0.5800582950163655,-0.5815082008488095,-0.6496502903830944,-0.5731338806461178,-0.6695265927719339,0.5136713324759301,-0.7279815588406241,-0.39938014435658126,0.4973940374114503,-0.4902255863363667,-0.5704344445034756,-0.4023117787117782,-0.007775817712045814,0.2096673068188432,0.1713317942563866,0.3486217620388099,0.9076980062120782,-0.7498500333178378,0.08935275388122739,-0.3295202883534294,-0.20006806582366568,-0.37833222272525663,0.2801390944368753,0.5409244950697226,-0.2779956489619287,-0.3604239876871578,-0.01079569610555496,-0.38086103412798333,0.1299847128726591,-0.1372260855634728,-0.3994400299740418,-0.2793329892038761,-0.5308698057293487,-0.2010717581532778,-0.488170539750827,-0.4809626691325889,0.4509585806692334,-0.3512849431151834,0.43085874473750996,-0.21844108346964908,-0.5996023826257908,-0.38077560094720597,-0.049739417440477,-0.3802817540493324,0.10914526918617641,-0.420150353332234,0.372054570990747,-0.4285386600234287,0.30994966279883374,0.6404054693096541,0.6899766771703528,0.6067331217819985,0.5083312654342638,0.42805688412483717,0.40023013834726834,0.46029358800880527,-0.53954838322955
-0.29974914047918,0.33795423814997444,-0.14888715974869707,-0.23914238120840745,0.029583203344800066,0.05848208200956367,-0.07046615671561207,-0.0201867395154678,-0.058450098153408944,-0.07979281669945183,-0.34862477330879615,-0.45262223506599164,0.9587052201868478,0.24107546049951317,-0.019729472190262713,0.2397429142921475,0.7175711041724903,0.35171117027648624,0.09005733013973743,0.35194066832989457,0.8599245879599621,-0.6298524124056081,-0.4092091955622165,-0.28899723502744856,-0.6712403734593385,-0.7395719604209936,-0.5301782440209379,-0.030915497404978877,0.04779374317486546,-0.0006700370991450733,-0.021328096766412678,0.03033715749228113,0.06963637199472661,0.13085320588353425,0.19975926542889286,-0.42254733529949173,0.8794350158903425,-0.8298517358449922,-0.08887117951313485,-0.39149911083278743,-0.4885913332807826,-0.34806319000505115,-0.35095252472151456,-0.14861824289319453,-0.25015223636689465,0.22941018330859908,-0.0482107433870062,0.4296899654034845,0.3411692983489325,-0.178446926444773,-0.667141627778607,1.0088818856589983,0.08836871812727752,0.33947854563067126,-0.3088466979433022,0.8573127195699602,-0.47159247496993767,-0.0411364047038909,-0.5503208981459442,-0.9208110188633232,0.7504218147684393,0.5484864566216341,0.38989803622984703,0.7296686418857099,-0.8078529930770011,0.6305205177035966,-0.15030133341704646,0.19899148853837015,-0.20847908527359718,-0.05193069589085836,-0.19130917201159883,-0.35792785663356513,-0.42899556978934267,-0.5088616897807281,-0.3207029109486262,-0.799096219695073,0.8583636365336552,0.40017002721513656,0.03995521438654292,-0.3297519989859397,0.179515673410937,-0.49920502289134155,-0.30121971709813894,0.5284477440997295,0.13730156690090908,-0.4308502418351815,0.17072399023836338,-0.48107935237969596,-0.1391686114895498,-0.1691341576039515,-0.1406749338793265,0.12775633475912795,-0.22998751600988324,0.19942426540631322,0.349850853364779,-0.6506589891524002,0.029274967361408433,-0.5795537033525732,-0.22709148339104085,0.2911449945759386,0.12184119970816552,-0.36084596349215037,0.2691146673365035,-0.4895831576333069,0.4391729692359472,-0.591469235702351,0.29979850775364114,-0.587934167119908,-0.6807554307497469,-0.690305718585194,-0.7329033846145595,-0.6991132490239631,-0.6234531395467614,-0.5793506375885916,-0.6099170497375234,0.6412025018581302
0.5110660714100554,-0.5090478165272653,0.44949079907856127,0.4883889221991106,0.050443988844066014,-0.009653121138044939,0.3782239307615861,0.36029670702124605,0.278572548014019,0.24074552421698367,0.5310379384656507,0.22902740286996584,0.19772893319452403,0.28944151752260305,0.271715169746677,0.2784924646001775,0.2786095265982334,0.28239079419582563,0.22885593342060195,0.23705581962047076,0.1200807019927064,-0.08304371255742449,-0.15984881582216315,-0.2102752535572799,0.02818790765972753,0.0007195142556640975,-0.04203703442380414,-0.39143508729011833,0.29930101489615824,-0.290853841815182,-0.31949077889795285,-0.3199139954653186,-0.12875779125516984,-0.2914548636750601,-0.4793326154898468,0.5496941345208671,0.06926336240593055,0.019491641692435946,0.24074054487960383,0.4002692348539889,0.349925855596241,0.31070613020162663,0.4608044453948364,0.22739854280084076,0.1009779557232191,0.7076384258551315,-0.4993882622246429,0.48974991568057485,0.13081177960810444,0.6984044132689975,0.4193639373359406,0.08836871812727749,1.0073937446697343,0.659918252530341,0.8394038290161341,-0.24147454035620772,0.6188493146462135,0.677485413671853,0.4523644007925132,0.12172458223523899,-0.21105384346888467,-0.27952091175721316,-0.2390167645441877,-0.2894367906933283,0.14958944217442313,-0.3490339904095505,-0.4083875675522382,0.6803669076150624,-0.6338311850307174,-0.5407349494791319,-0.44064204413906033,-0.10233388859477173,0.007925908077038397,-0.17107880896416883,0.6696197590511607,0.47871118741786994,-0.33820224252591125,0.30824223821501134,-0.37001194879195504,-0.36797457440633125,-0.38961511528445214,-0.009487586196637698,0.40981430172208166,-0.08867110819244291,-0.27802401367665186,-0.22103605652787817,-0.36185595818482613,-0.11885854934662335,-0.2910820123456181,-0.589732880846973,-0.2805238052486704,-0.23802076276809106,0.02092027288135731,-0.06127019777639326,-0.6496660337792939,-0.2395033848564157,-0.5787317860921068,-0.3615399657888399,-0.19119500200048906,-0.12875678568252788,-0.5584463673987321,-0.5381136820972126,-0.5793553777683523,-0.35086333691941984,-0.4511165936830077,0.02985495735017897,-0.551540659645486,-0.22967363441806882,0.30112519868982857,0.40975870770637846,0.35138860535934757,0.278114093206729,0.22995351279263676,0.20270600303181235,0.23000962466095348,-0.26063451294586076
0.3688356652623006,-0.4183413552183896,0.41935435403373295,0.41072734361686347,-0.4888425342849838,-0.5181252533777132,0.6683708886972205,0.5513830166225374,0.5688385248562797,0.5588433342056506,0.5003148639233395,0.521169512350626,0.41816405801604867,0.4503898666236091,0.5819887932052038,0.4476840834244884,0.5194044724478979,0.5006954540884228,0.47744725051982223,0.5478994904512361,0.46193221947987273,-0.4777608540073944,-0.5609237657798534,-0.6201524154321717,-0.4001743645417763,-0.3814520870601245,-0.54762354633738,-0.7392048789265043,0.6191179632149273,-0.5986062979921772,-0.638849552049289,-0.6989293925274949,-0.5780395309560478,-0.5614245981383519,-0.6213226841539956,0.42853181175637345,0.38970281316463506,-0.37915502879117025,0.6190497012525428,0.1790042893835075,0.05858186468621018,-0.030886231795802455,0.0597104884530443,-0.4715024341991178,-0.5821107335654945,0.7907282231102049,0.12898862750550213,0.9196327742490366,0.7480720634972933,0.31098171196436764,0.35146945592913864,0.33947854563067126,0.659918252530341,1.011186065840845,0.5501551776089944,0.167465279802963,0.452341045303963,0.8101448940658917,0.40829994592393704,-0.2493289640934478,-0.04296161518988565,-0.3506005875949098,-0.4604268933064668,-0.1571840192100089,-0.12136527945966027,-0.35131361530727473,-0.8710213606285601,0.977766169184537,-0.9677180488385276,-0.8786795103191735,-0.8889041592310435,-0.7308345866861976,-0.5605533941263952,-0.6496043787045553,0.0589920912090073,0.1502191062671532,-0.011324943726227703,0.8692510012216622,-0.7032455475211428,-0.881659332287929,-0.5973780785084497,-0.5319044040530921,0.5894386372864581,0.5619172839660198,-0.6205792213054194,-0.8111439505997246,-0.6191927435930004,-0.7078097013235601,-0.6696130045707968,-0.9402872213819098,-0.7168717957377504,-0.6813216343688409,-0.5918824747796968,-0.5522334200284416,-0.4602285562583474,-0.3188555409215522,-0.7217425921357209,-0.2211795358717007,-0.7186117996603808,-0.5792538265433985,-0.6108737590120669,-0.511243035555408,-0.42957458929257586,-0.43812356995710405,-0.23193714909686258,-0.15871784565768485,-0.47076888688499846,-0.44955346979758964,0.10975886113552148,0.1768839960382988,-0.00012564741189921132,-0.04062253099936104,-0.019162038782613623,-0.0016065344767917642,0.019421775348796345,-0.05709355531926285
0.4904569152547802,-0.5281554942440896,0.3736505810476987,0.4375117599820259,-0.03813673895101437,-0.09947208437384304,0.3488834764698756,0.2886945550794828,0.2804056966439571,0.26148945474021684,0.551328230967006,0.5703164355520738,-0.13032156829070324,0.2281287539582928,0.2911568942248476,0.2693719677340902,0.1784165658308205,0.30186557131158265,0.270711591650994,0.2817284557828266,-0.060779143213891336,-0.05968404472146765,-0.2205908175988475,-0.30009328552397607,0.09899409009544065,0.10965462413406031,-0.04061311450658676,-0.4600267403762139,0.3281340413380137,-0.3291519444423177,-0.37928119020599604,-0.4034847401355027,-0.1982999004847011,-0.3286662580385187,-0.518269179451259,0.5981401915764465,-0.19089678935361726,0.2039865399152871,0.2899074831407614,0.4619270077526449,0.46836645093384544,0.37942995864624973,0.4683118316665319,0.21012443996201094,0.14913472973792238,0.43102648063382687,-0.23223367564589756,0.2706122798007767,-0.008361927734241272,0.5195162689511391,0.7604505041862384,-0.3088466979433023,0.8394038290161341,0.5501551776089944,1.0088424837853387,-0.561087708500472,0.9273877561785411,0.8195687699382938,0.8078546196842893,0.40042386376416117,-0.5011024202351152,-0.5980266029481343,-0.518751110390751,-0.5707444233862887,0.38947000731501114,-0.6300684079005036,-0.48887825829615567,0.6701824083354684,-0.6473328133806071,-0.6693658183836829,-0.510950385521679,-0.010563173412034393,0.13202384658458144,-0.02943787982119169,0.5689390485916377,0.7681080762289091,-0.6178916971247883,0.1712388037121165,-0.40959719815788814,-0.3300213166445111,-0.42112340316090957,0.14071255056811174,0.4811439083693011,-0.22865192586163124,-0.332432811084067,-0.09090020784271349,-0.4009454535744052,0.021583269353683272,-0.27812426370327664,-0.5592624451330935,-0.3978585573203327,-0.47360971572716976,-0.13148136871689872,-0.3215818393880374,-0.687697837466889,0.029457779853335135,-0.5995579229679574,-0.0712591052446956,-0.28863976028150196,-0.4020286302886392,-0.6392616206390109,-0.45142558488299533,-0.6383634490937841,-0.21947519073123092,-0.5402143629592493,0.19958913060752037,-0.6004313495443165,-0.02131576667213371,0.5018989252334275,0.6001018364561854,0.5292760245699529,0.43950132835021666,0.36959860356331825,0.3420273067693659,0.39071810283104047,-0.4405795623358519
-0.3704628475475306,0.4198024056449855,-0.2803529282271632,-0.30090141845139956,-0.019280301262329068,0.03798482159229825,-0.14630159982829827,-0.1511038738286107,-0.15975347289389788,-0.16150379852288685,-0.33186239847468946,-0.3615082543556352,0.7205512986237265,0.0001929610410539375,-0.14211805638856695,-0.018360845821430747,0.4516171958546567,0.06939888315018555,-0.07845581417826288,0.12239392296624786,0.7081578447592359,-0.5311152517012552,-0.25906545077849347,-0.1199347695901366,-0.6304782914675877,-0.6997903518741045,-0.439832532341438,0.19180857369509666,-0.1288653328222792,0.16021003101407283,0.17808684270241515,0.21019204355530283,0.10922381876682813,0.23876096638838917,0.38980660322006444,-0.42862380257660065,0.6593470852998854,-0.7107457225480834,-0.17109870550800627,-0.33835153571375315,-0.40174702472831453,-0.2693972834929808,-0.3493390449224007,-0.26844231525823337,-0.30059747936768116,0.011440251866409621,0.2799970236411565,0.278741427133204,0.3204176341392786,-0.33104707810932194,-0.5913417238968909,0.8573127195699604,-0.24147454035620775,0.167465279802963,-0.5610877085004721,1.0092794239621778,-0.6782548451366321,-0.16970446378038442,-0.7178333257310666,-0.9275585737844365,0.8703203370544463,0.6801660451251352,0.5017362548466026,0.8213137502034108,-0.8711061917174828,0.7182521243381459,-0.00021638470870210963,0.020304619197842547,-0.04874875903564887,0.09228600080545976,-0.04048661759823509,-0.3092475496962129,-0.3388804798489079,-0.33120206761168053,-0.4696972910438828,-0.7985951228271224,0.8901197053670512,0.29880130047787873,0.22058551977226493,-0.17950739479984243,0.3095126532559673,-0.3715924764328418,-0.3591681629204429,0.46028186966991325,0.22174497073946792,-0.33162493209138927,0.2896253829353484,-0.37006420599748485,0.06197868168974399,0.008640089115588433,0.04791731522048466,0.21270951702624163,-0.2281351867103141,0.20151874840249878,0.6200909909261658,-0.3800388172677526,0.3291452976252037,-0.25902164196998084,-0.09174149917410751,0.2772926905396613,0.4502650593414507,-0.06209956640001244,0.5885044998868812,-0.280908481073827,0.6514453826283466,-0.549932787960315,0.5503316181859952,-0.35908481190017577,-0.6882837845400541,-0.7372725409010044,-0.7800677264994554,-0.7603593073100017,-0.7082199450325182,-0.6506772421237693,-0.6684967438000243,0.6786151059193262
0.4108715618460904,-0.4784235834858874,0.2991415611368991,0.3413815308093457,-0.15987911942051436,-0.21086527742015806,0.33763207660471833,0.25373908829178393,0.31069537472587805,0.3082467382266677,0.4704437433408006,0.7120119835920814,-0.2708454932318892,0.20081398430730618,0.33763860827561265,0.2802206907132328,0.11981601204788672,0.32690140084180674,0.3192306458885687,0.33253407356509873,-0.14146317906597214,-0.047371274168665614,-0.27820675394930794,-0.3790832987142959,0.12005002003079292,0.16756479778802894,-0.07770288716112952,-0.5319057678444785,0.37956903010674625,-0.38080992055001867,-0.450374988408803,-0.4983943353914224,-0.29201553234272387,-0.3721709467952944,-0.5416749908750292,0.521919382233341,-0.26819385741324947,0.25805642108643745,0.3580365166259036,0.4004933627098298,0.42958528353661135,0.3097280766876837,0.3497254555945491,0.0915280117152644,0.07085701666630677,0.25042322325254796,-0.02133781102810592,0.18149583227080812,0.00016002884488929467,0.3002465619036717,0.8192869983122371,-0.4715924749699378,0.6188493146462135,0.452341045303963,0.9273877561785411,-0.6782548451366321,1.0093295278178853,0.8096371258844036,0.9576140510979131,0.5095771822287836,-0.6812293786756528,-0.8091799524526329,-0.7314729412590601,-0.728863356161168,0.5285268926475953,-0.7911058337433394,-0.5492976090313056,0.6191419009600773,-0.6109783146698006,-0.7179101800315408,-0.5491046781703095,-0.030609681334644628,0.11905571519689546,-0.009852568377477106,0.3603026061297652,0.7803485032372212,-0.6996794808378389,0.14838193295546923,-0.4715442778174844,-0.33032553866581005,-0.4473092956207553,0.13881692354328357,0.50879659258364,-0.18822767484412356,-0.39923609461485315,-0.07957406882786383,-0.4389463421852884,0.02185101035972051,-0.32169040687203104,-0.5184770874364965,-0.5001641645239653,-0.6594662981630025,-0.27057402482513565,-0.5519305300696036,-0.6686433528977856,0.17109835592314546,-0.6200005057214415,0.12048316806257929,-0.38988361959073353,-0.6103231638444014,-0.690162627469105,-0.3195666523152431,-0.6608648216541867,-0.07064149876714455,-0.5910584180025783,0.32811033979211934,-0.6189439482579914,0.08891503077325655,0.5810505918474566,0.65752240689454,0.578756397684636,0.5100172684857216,0.47075447309621116,0.44913366739252286,0.4896278740590431,-0.5311251951692858
0.3696219111902503,-0.4203159563663317,0.26850201323642325,0.3404968657605188,-0.309241059695076,-0.3388560043289783,0.4412429760786658,0.2983837431180368,0.36869102611931726,0.3612584653801428,0.509799926866966,0.7595882343396172,0.09223368951289437,0.2691613863998355,0.397701269885059,0.3305085874878976,0.38867443694444215,0.41916223272117054,0.37052822858584383,0.47025502229012917,0.2404285907955203,-0.3687347557909273,-0.4888105981691023,-0.550016407286594,-0.22861552613048722,-0.21004557902574872,-0.370469906256163,-0.5986504044246672,0.441231515451393,-0.42908099017368273,-0.5000473533195099,-0.5522313687939044,-0.38996336759637745,-0.3992448272212399,-0.5112052351757427,0.5001409850006208,0.05102069237243831,-0.10013748953295791,0.4284121757066118,0.38905485627514164,0.35764628920238534,0.2787039982745392,0.2814678591609944,-0.15875172306435364,-0.21093799492488186,0.4618998603069363,0.21068090443230164,0.5508600282502535,0.3415287256660689,0.23936405709252714,0.7199706925199357,-0.041136404703890905,0.677485413671853,0.8101448940658917,0.8195687699382936,-0.16970446378038442,0.8096371258844036,1.007732405991505,0.7495074585690161,0.051454305881631614,-0.31796215148635265,-0.6097520728199887,-0.6512033895147125,-0.4296020699772934,0.13037128410504728,-0.6003545233832916,-0.7688579539337986,0.9058468429106981,-0.9090539606737432,-0.9190271117822021,-0.7990005476695157,-0.33826382803224475,-0.11984207808500873,-0.25785332539981043,0.18063686294005973,0.5206630264125809,-0.3421133443423667,0.5009093856791172,-0.5296296605428515,-0.6193423890149685,-0.45190258306348385,-0.09260098395409674,0.5186637489751647,0.11854398321983153,-0.45105523983451024,-0.4192038593852342,-0.4603561973842126,-0.2820315696273272,-0.4210549437599478,-0.7512421049227983,-0.6295001628062801,-0.7617282721759469,-0.5208447086290867,-0.6485037627016559,-0.4908029156733373,0.029438344302095954,-0.6107210921923527,0.06955728186905817,-0.5910789203434397,-0.6909899392399784,-0.6000272777275283,-0.3922843851460801,-0.47903504848169215,-0.22880878949291117,-0.3686663240672232,0.11058830505443194,-0.47946549596871646,-0.09007906561097725,0.3686448932463751,0.4211076326078748,0.27070177191885564,0.19911456821470983,0.1897779628302566,0.19880863278337854,0.24135437987072123,-0.2998840899751594
0.38833422461084055,-0.472064926918186,0.288720882494422,0.3193706686018697,-0.2819418893223415,-0.32891849758440667,0.3705837906662402,0.2684706272258443,0.35849071184964,0.3724754330757509,0.448338398243768,0.7688004048094443,-0.36145243193889187,0.171529826601019,0.3782999084966141,0.2503712462740637,0.0194417916428841,0.2798348934191974,0.3300105024883259,0.3079414887988543,-0.24122065946800147,0.028753337228842737,-0.2476180298112401,-0.37241059672370025,0.19046884132372904,0.26213692257875965,-0.05175647436691442,-0.5782815182116611,0.4100558170325821,-0.4198972696871196,-0.49213970038248056,-0.5698862976376224,-0.3967930208145232,-0.44047669941592593,-0.5906546638828775,0.49982571969049083,-0.3201837293337001,0.31987287953304483,0.43708487725276496,0.3687412392672857,0.4000826246262573,0.25149535910462706,0.27060944011204924,-0.03804444684100915,-0.030422077300030406,0.19894911646686392,0.10139425027089888,0.1783340996997885,0.0719406144118672,0.18851195499861617,0.7891635311608356,-0.5503208981459442,0.4523644007925132,0.40829994592393704,0.8078546196842892,-0.7178333257310665,0.957614051097913,0.749507458569016,1.0099671057454627,0.5903642640822915,-0.8085708068906331,-0.9308606548837282,-0.8784430950647555,-0.8403024575699314,0.6486491923497996,-0.8990400596761725,-0.5701805101781363,0.571696233431059,-0.5702867810987016,-0.7103513472268059,-0.5505864850812341,-0.08872038009876965,0.07081131030715443,-0.0016104963411903133,0.22233806107688311,0.7490841126800849,-0.7494761857393001,0.17122979545883887,-0.5317990399650664,-0.3398307762057735,-0.5021370618570885,0.1070242776067502,0.5509214783148684,-0.11112943920959892,-0.47104293164128586,-0.11158341408695019,-0.5001388983886021,-0.011990886465268483,-0.370431557655837,-0.49257906367895776,-0.5397303106919366,-0.7669048041992688,-0.3285252687377216,-0.7109962283350121,-0.6688525810029892,0.28935733178355033,-0.6283665563881461,0.2808709399128753,-0.4297998024387758,-0.7589230585785683,-0.7197010093119948,-0.15184483552092273,-0.6901019026756203,0.09049705550829844,-0.6568377123828395,0.4603838138409378,-0.6503020437736738,0.19072441455176845,0.6605086742968722,0.7108694637827275,0.6294701928266303,0.5919222028444583,0.5812620947602152,0.5701527695412185,0.5998417526026822,-0.6301646093807236
0.4614508274298709,-0.5081055658017889,0.32879496407352055,0.3890379813638325,-0.03800602346524558,-0.07817097118010202,0.1502075431682768,0.11861623594292894,0.11014642907362422,0.15927285975183206,0.438755868132729,0.34910029633078055,-0.8703223296466736,-0.2310508563367804,0.03882687954157955,-0.25178583414593264,-0.7315210594968014,-0.37840512363455686,-0.13017310816170982,-0.41126568049605144,-0.9083498614587999,0.7702288163089279,0.5210066994836818,0.37042826136229773,0.8382534394282793,0.8912951818232037,0.6604200105362275,-0.038070401620915816,-0.02223765899645341,-0.02068132368361476,-0.01176584409148324,-0.1015641894519703,-0.12793601579529798,-0.26205082585996603,-0.3686968921278944,0.5398173503080306,-0.8507905658417305,0.9060086512760099,0.14899657666852636,0.4592117733458535,0.5393450636924833,0.36067535009794127,0.43977710602199327,0.21595028854256818,0.2804303991168873,-0.028604764509694198,-0.2001094168746695,-0.3101378500657822,-0.3019286286455192,0.3705755357299547,0.5800582950163655,-0.9208110188633233,0.12172458223523897,-0.24932896409344776,0.4004238637641611,-0.9275585737844364,0.5095771822287835,0.0514543058816316,0.5903642640822914,1.0134985176808022,-0.8799679043447034,-0.6289230489502476,-0.4589187651425634,-0.8574211908348132,0.9573197780849455,-0.7315200765120353,0.14857252899025605,-0.13351039595617162,0.1673690559487583,0.039783354710915785,0.19984190142833003,0.3501377615399903,0.4215482224556276,0.49112454890350704,0.498538159798348,0.8082974840854578,-0.9488679763853427,-0.35230701040362095,-0.13579170220159842,0.3107547389796025,-0.32225710545807323,0.4818499535164237,0.4120686298355173,-0.5268827190977059,-0.2207311069534908,0.3977349129798906,-0.2912517722928788,0.4594271863522411,0.07789707705473918,0.10772537215475572,0.15793127286171244,-0.12061862673700487,0.3810499103818997,-0.17874932340146163,-0.5815285592707728,0.608399183051175,-0.17283631256868673,0.481347402584479,0.27954625099248886,-0.2713287178816222,-0.3094922702575706,0.33860626990615206,-0.5190401058838532,0.5317710003930082,-0.69016476681222,0.7316590881096579,-0.5316490588105711,0.5799658244705597,0.8214133876954997,0.8395528512565557,0.8972041071873497,0.886378389574547,0.8327514881207023,0.7871562545319792,0.8001373930869825,-0.8107830130944234
-0.4285757765028806,0.5182651378411771,-0.3325659002547203,-0.3491907308565399,0.23959649488560048,0.2886244530624064,-0.2802631551368867,-0.22128133717970452,-0.2797059901779345,-0.32863689971322785,-0.40047058134661195,-0.5207510891111397,0.6421711326483345,0.03063862836013414,-0.2508286135163429,0.012367084776239339,0.45051830347031424,0.08101576832812422,-0.10110757063871124,0.10055968835850003,0.6708394205796376,-0.5396506035210749,-0.21869812507126893,-0.04165113000476772,-0.6486267802945318,-0.727926063321822,-0.3791862452266462,0.3608128199321882,-0.23046296528327684,0.2592888769582362,0.29751507162295426,0.41096646368840584,0.3481174521894886,0.4340655253983086,0.5597896652104628,-0.48897650287799554,0.5982199173274628,-0.6810339212640856,-0.36093478570216075,-0.3806617907773859,-0.4307696306343864,-0.24129663562327705,-0.2889590686571798,-0.02841347378708881,-0.06865300109292873,-0.09802783962227797,0.05234825541670205,0.040484605383406654,0.06069164993536258,-0.22969923498577924,-0.5815082008488095,0.7504218147684393,-0.2110538434688847,-0.04296161518988565,-0.5011024202351152,0.8703203370544462,-0.6812293786756528,-0.3179621514863527,-0.8085708068906331,-0.8799679043447034,1.0097587750304604,0.8994358732257695,0.7984692741066788,0.9790451035676904,-0.9578812952467934,0.9286073854066512,0.19962045274588974,-0.17068728807377267,0.15188371371029966,0.29925104385683665,0.1405042281259286,-0.09955107398614572,-0.2112802750496791,-0.2468025555812546,-0.29064158879351537,-0.7109582666048496,0.8984251402787612,0.07140810011226795,0.4015565127980373,0.0023759912308805795,0.48788638231038095,-0.26243609175822247,-0.5302721363746618,0.25732965294342375,0.4192168720211579,-0.11601015233335436,0.4695872126592158,-0.19213075692084847,0.20977725034909397,0.16708522023670264,0.20833965667680535,0.5011090314837716,-0.0609439989242759,0.5506069912265443,0.697291895036224,-0.511222980792113,0.4504022646740212,-0.4583063553031187,0.0781006010757197,0.5992749515596933,0.6014709480747351,-0.23199223429742047,0.7211740182273374,-0.4801127747028878,0.822099944060361,-0.7609981920164067,0.6977980383117423,-0.4582566540023352,-0.8402478259729947,-0.8499002282961147,-0.8483613503250853,-0.877955473901034,-0.8881574561244447,-0.8621507802000207,-0.8605741051238689,0.8594342542521511
-0.3591181821015788,0.46866647663266386,-0.2900065194799558,-0.2900811323094302,0.40113548092082474,0.4409589014582714,-0.4003701335136598,-0.2997178881009507,-0.39969544406297236,-0.4393210437933192,-0.39015692683543274,-0.7204911290984302,0.4005001238740874,-0.12970646029423405,-0.4123802583652083,-0.18253787032036042,0.11941228821203453,-0.1898316944454766,-0.29961338044414537,-0.21678384838346176,0.3384443707161757,-0.16989110214981865,0.14834364940291256,0.30809350226351184,-0.30287721198968093,-0.390016457081643,-0.011637363933018433,0.6006765247945987,-0.4289785171109291,0.4426424089125634,0.5097546679522562,0.6267461956028779,0.4997233603974129,0.5206039208852384,0.6388310286453093,-0.4414628028283776,0.3382354612324715,-0.3783968245325744,-0.5107285372568889,-0.3086270653310072,-0.3314962663633554,-0.1504672321821948,-0.16106260861288912,0.15934333978937207,0.1394678470247548,-0.17957163048437608,-0.17166465462586783,-0.2084114138404821,-0.16795899077649665,-0.0807390590086529,-0.6496502903830944,0.5484864566216341,-0.27952091175721316,-0.3506005875949098,-0.5980266029481343,0.6801660451251352,-0.8091799524526329,-0.6097520728199887,-0.9308606548837282,-0.6289230489502478,0.8994358732257696,1.0092156932866885,0.9693630823925335,0.9190417453500298,-0.750680136202245,0.9603597764035907,0.5420060436326762,-0.48885211633432096,0.48956597740827257,0.6412734279418558,0.4917904451416243,0.1504169978224861,-0.008651485342001457,0.011372696739148994,-0.08106564412744692,-0.6218901715147622,0.7395305181891977,-0.20919609520366658,0.5817411704925424,0.32196918095603333,0.5599285245494605,-0.0495238415930764,-0.5898302488833151,0.010182525139610706,0.5481372334236532,0.16068162105042724,0.55975225325764,0.07177925604175678,0.4169638374534088,0.43980835866387585,0.528839518987209,0.8087181618318146,0.3107661011307322,0.8208921998688223,0.669927686675012,-0.37679772914346554,0.6202349784065994,-0.39992500920520474,0.4282248474899095,0.8396431773159948,0.7374653894160635,-0.04961485524573697,0.7292931190455372,-0.2890157327910113,0.7402202884350642,-0.610127523171662,0.698556198322145,-0.27874299771027605,-0.7283929965050372,-0.7403573123492991,-0.6609061946176082,-0.6830608132074276,-0.7191365242535146,-0.7183709379593387,-0.7214523396532294,0.7300263113100256
-0.3002895944685883,0.4196827433643575,-0.2682363587826017,-0.24087866411631154,0.5016664549880023,0.5397438960942076,-0.45859300706168643,-0.34212232815683175,-0.4602409204591822,-0.507914334793768,-0.3492445476009608,-0.7393783405889095,0.25946985015841056,-0.17035172653400235,-0.4711466998713036,-0.22903473617388828,0.0006347551401618657,-0.2503832134999359,-0.3488861052231219,-0.3007882436616562,0.18867730288410506,-0.032884775779739264,0.2590359092438306,0.4097299870096239,-0.16157088641192283,-0.24730807101425192,0.12920690146014632,0.6791267776525746,-0.4904617070125627,0.5014959436371024,0.5776998480462147,0.7018761524876561,0.5818352310700154,0.5685546792406189,0.6621341220280827,-0.38024559154464016,0.18915777599515277,-0.2185952431552425,-0.5889685300886107,-0.22017156072442373,-0.22969708769559444,-0.05026865618991648,-0.04015632021878615,0.2898170536200198,0.28049096539265533,-0.21023982065596092,-0.2800975384142581,-0.3306996968777755,-0.30860802147923666,0.018812656396140593,-0.5731338806461178,0.38989803622984703,-0.23901676454418766,-0.4604268933064668,-0.518751110390751,0.5017362548466026,-0.7314729412590601,-0.6512033895147125,-0.8784430950647555,-0.45891876514256347,0.7984692741066788,0.9693630823925334,1.009310414189082,0.8303132665959168,-0.6209909599532706,0.917388978861206,0.6577100355218987,-0.5787948495713544,0.5892008643456015,0.7303366192123504,0.6105494964750295,0.29961424705990447,0.13121795906176975,0.1465303822657328,0.06801419473027853,-0.4799886243507226,0.5990520173312391,-0.3506873964864349,0.6507341847894252,0.4599117108694476,0.5980657984555103,0.09255913358997674,-0.6013891090856662,-0.15954112876208137,0.6085277491322788,0.30974231694599014,0.6009909409449713,0.22162419549974086,0.5093345833778553,0.527774300187463,0.6290338693369412,0.899807134210983,0.4508728840457619,0.9186715201128074,0.6208646514474698,-0.3000179461400929,0.6598622471668424,-0.3717666289339986,0.5493302005272666,0.9098423135012337,0.7519241921571215,-0.01941445428524836,0.6981721510146367,-0.23871915698943744,0.6887200092923337,-0.5403721306206241,0.6712236688817769,-0.188247118836128,-0.6400687956686021,-0.6399117141282553,-0.5383016759072525,-0.5709500711376776,-0.6309183871081412,-0.6485290907286504,-0.6491844244772288,0.6500046989258608
-0.5316284042025906,0.6223064773550641,-0.41940093627035135,-0.4499100641689317,0.3108250448984531,0.3520797652657439,-0.359896786196068,-0.2593827489691262,-0.3010351313459731,-0.3819940471729588,-0.5313996239676884,-0.6005778363007319,0.6277074993486138,0.08966309113206807,-0.2493765664749207,0.07792614009915859,0.441100202469589,0.13027645096299412,-0.04971507419063477,0.13110978205622273,0.6504935766906215,-0.5287452831081179,-0.22961194172070803,-0.050632162387995464,-0.6408125923601816,-0.7101815389776583,-0.3802957865065177,0.3900627813799485,-0.22082754347197217,0.2512465806642215,0.2900993772745553,0.4412942052111067,0.4114158667880905,0.5175355906350281,0.6305692403673433,-0.6105595066521102,0.6199738869137426,-0.6908217181974895,-0.41091832271694684,-0.4787844562179998,-0.5205856679247048,-0.30156877874464993,-0.3604272942318857,0.018999732105326884,-0.02084892708415986,-0.17799563268725987,0.011796868760684438,-0.04963288476200803,-0.009489069170514638,-0.29980191999085465,-0.6695265927719338,0.7296686418857099,-0.2894367906933283,-0.15718401921000888,-0.5707444233862887,0.8213137502034107,-0.728863356161168,-0.4296020699772934,-0.8403024575699314,-0.8574211908348133,0.9790451035676904,0.9190417453500297,0.8303132665959168,1.0108869353130367,-0.9392774862406066,0.9699539319244483,0.2712621548215538,-0.28006178906688955,0.2622270501895002,0.3992805517762246,0.22194422660577467,-0.0418283190365877,-0.19998371996794478,-0.22989776578733065,-0.34018552982353256,-0.7698544238772279,0.9262862755204564,-0.0024919017204076787,0.4478891937460381,0.07089038545007167,0.5691865974655084,-0.26067977447941726,-0.6300332535144383,0.2494965594162284,0.4884206764769658,-0.05142445411700463,0.5408490447977412,-0.15803602065127922,0.21898893234497546,0.25879815835392767,0.22055989559448033,0.5607386894946356,-0.04130989019676621,0.6012358646689342,0.7503546679734027,-0.5485641844214248,0.4873164366044715,-0.49136207263522935,0.09917025384140007,0.6669068842051736,0.6307297213192321,-0.22135330409270018,0.7578222642127317,-0.47944285822886645,0.8685948007222482,-0.7988694679304549,0.7585313009602113,-0.4779737953305666,-0.9099878106899522,-0.919651347359703,-0.8911991499942167,-0.9083538361303506,-0.910286015067112,-0.8914628968702414,-0.8993120180442438,0.9095118157029496
0.4820422480714779,-0.5506569375681203,0.36817093070100687,0.4009622654783655,-0.15910005524165374,-0.20084593165598333,0.21013841772989453,0.16176226530196705,0.180533955718461,0.2491725338611118,0.42973240416427266,0.3772085266354812,-0.7496503858407324,-0.19113376878338545,0.11138842409385562,-0.21021953242775432,-0.660171585218136,-0.31763080356977635,-0.0893220214266712,-0.34997090877083764,-0.8391313093220046,0.7506924058960096,0.4710663388874618,0.3008823435508074,0.829725898742673,0.8903497957868242,0.60866575456317,-0.16267122152717428,0.058273080519195435,-0.09892222439941857,-0.10949863350519341,-0.23906627873454825,-0.2510410151852317,-0.3778740210439966,-0.48118117693087487,0.5303078832161051,-0.7395766921421372,0.840026311670645,0.2516957744277609,0.4412917721043312,0.5079740978459556,0.3095808232460664,0.3793363554707488,0.11079040372631639,0.17135321481794671,0.05980608137289548,-0.15908018974563817,-0.1609251866009306,-0.16850233953159374,0.3207567092315075,0.5136713324759301,-0.8078529930770012,0.14958944217442316,-0.12136527945966026,0.3894700073150112,-0.8711061917174827,0.5285268926475953,0.1303712841050473,0.6486491923497996,0.9573197780849456,-0.9578812952467934,-0.750680136202245,-0.6209909599532706,-0.9392774862406066,1.0093689116699518,-0.8378447586792327,0.028435942490804327,-0.019623101276121446,0.0513338177539037,-0.07138881841137315,0.08881800436895329,0.23139986542024843,0.32882918991747,0.40286720932993264,0.4091981256194616,0.7192720527624668,-0.9304883124560069,-0.21949426488078275,-0.25951630054370006,0.19221679677793188,-0.42988204489553555,0.3888449477162743,0.4909152932995235,-0.39103747722828724,-0.32971362089287165,0.260962121361824,-0.39865794705398017,0.3387961311336993,-0.03953570669096088,0.007546791739601682,0.03966972890613156,-0.27152614270245096,0.30864683502622264,-0.3482656298485831,-0.6607309235139605,0.6010994720828785,-0.2904025858879736,0.5020574838798444,0.17016122790694294,-0.4182567679784852,-0.4488168691203957,0.3698267607741466,-0.6510449422792279,0.5982851273618237,-0.8208917135461121,0.8298625592453314,-0.6503148452306028,0.5717260533610746,0.8794380983580302,0.8807231674622431,0.9194292038015122,0.9468887798974429,0.9385649272167582,0.9091128422948392,0.9026014996606934,-0.8986901771237715
-0.5399032666625104,0.6481649351209808,-0.44752827986410576,-0.4704594057807134,0.43890961778063453,0.47919227794438307,-0.47228119838573934,-0.3485405678515486,-0.40129888187433654,-0.48934440559804804,-0.5806523739158255,-0.7215975920590396,0.5191040846829302,0.018376586740443866,-0.357841444409562,-0.010834460650143738,0.29204081809674826,0.011586087334957541,-0.1496629463775092,-0.009767233892613993,0.4983326366522304,-0.34995697819605204,-0.0578246403589137,0.1198155971772595,-0.4795492188858476,-0.5487646466861694,-0.20287314146604218,0.5295887754593205,-0.3385132766268659,0.3622731020576404,0.4120158071166628,0.5764768076929755,0.5306434321176774,0.6041309744899256,0.7114601797809549,-0.6398910509221583,0.5084779720234202,-0.550351021054818,-0.5295597030268445,-0.4636264651420848,-0.487818313182247,-0.2577662235105222,-0.3112255901253936,0.1511017842510032,0.1294426803062127,-0.27099917279051017,-0.10090428870865598,-0.21920360694698693,-0.16807742625030686,-0.2700600671107008,-0.727981558840624,0.6305205177035966,-0.3490339904095505,-0.35131361530727473,-0.6300684079005034,0.7182521243381459,-0.7911058337433394,-0.6003545233832916,-0.8990400596761725,-0.7315200765120353,0.9286073854066512,0.9603597764035907,0.9173889788612059,0.9699539319244483,-0.8378447586792327,1.0131369332964832,0.4712423844493532,-0.4784326740012431,0.46767398441930763,0.5906032463603338,0.42962903771000777,0.1296430416709253,-0.059476632591050474,-0.07991342870206358,-0.2594799385736104,-0.749052802214533,0.8592838737776901,-0.1911145591385885,0.5696662627977981,0.2694787704042458,0.6529821622388053,-0.12888802656257847,-0.7159968807812304,0.10030473519858159,0.5990992657225728,0.1284715410125973,0.6404327380536086,0.009488212903407168,0.347767327639045,0.44122034091767975,0.39085015582235566,0.7282343533157852,0.1483692201140207,0.7482948500858337,0.7687530904864514,-0.48003370936553563,0.5925504483836772,-0.4690485651860587,0.28088230554658933,0.8018502098360784,0.7077090224108123,-0.12054685548432757,0.7697521977939179,-0.37870666740814574,0.8385006380714114,-0.718211898764321,0.7831037393904687,-0.3713816986555026,-0.8711372144013241,-0.8873252641876176,-0.8128657165836202,-0.8203071305734173,-0.8295284256004953,-0.8206703803284116,-0.8393744913417875,0.8591303214379106
-0.1699223491719847,0.28869629719900863,-0.3279982064948173,-0.2201917450694202,0.6395587889394381,0.6815770623564614,-0.7210100820732237,-0.6471081857944372,-0.7220413957358797,-0.7081494631973956,-0.3209192738047246,-0.6620032984491337,-0.27057480335731177,-0.5402433809037734,-0.7604077978320375,-0.5700535215759365,-0.5220835978998986,-0.6303375087645589,-0.6486608228756557,-0.7078735766142846,-0.42103379802766067,0.5497964190523013,0.7291497977947059,0.8179302193572275,0.46878139536763835,0.39931851938764795,0.6901188809992417,0.9210654424400634,-0.8007034925997891,0.7887594883235042,0.8402487953764862,0.8974430441458084,0.7404170054066164,0.6502802572299324,0.7094584827257527,-0.25052540025628284,-0.36042214636025527,0.3986310163017861,-0.7904614723867089,0.08955358907119088,0.1787200110263045,0.29979076401602844,0.24261608421131198,0.589518555032661,0.6694329964333797,-0.5390328773412819,-0.29903055193585815,-0.7757788707169697,-0.7094135330839401,-0.011821565216639036,-0.3993801443565812,-0.15030133341704646,-0.4083875675522382,-0.8710213606285601,-0.48887825829615567,-0.00021638470870211722,-0.5492976090313056,-0.7688579539337986,-0.5701805101781363,0.14857252899025605,0.19962045274588971,0.5420060436326762,0.6577100355218987,0.27126215482155386,0.028435942490804347,0.4712423844493532,1.0121332419400682,-0.9119357846240457,0.9292753311087409,0.9472133651175754,0.9917311001332362,0.7970030487416692,0.689287804215415,0.7677725463631436,0.22819949347840304,-0.14837912666639913,0.060362416367781425,-0.8525037526666207,0.8687297299157462,0.957630146801389,0.6700012954962007,0.6697513379585921,-0.621596652985265,-0.6724376604443293,0.7594974070404352,0.8315414042823056,0.7192261391023397,0.7815042557468697,0.8497914453738122,0.9324719911060744,0.9294600454172304,0.8920689996731018,0.8202687024311418,0.7777301595382242,0.47104199574431016,0.3317146435851767,0.8433731346493295,0.1698140705640755,0.9311332239530097,0.7661501173032961,0.7305721377231912,0.537789383523121,0.48115839803934224,0.4486483193146027,0.23869957633612837,0.16952495950415614,0.5070410785366934,0.5092237051299222,-0.08944773081170725,-0.1587392596786269,0.028990421434223878,0.050341484687508764,0.008559326425327422,-0.006906413792625505,-0.019459630408613454,0.049010946842070746
0.3700629613267609,-0.439906083560164,0.40180359457307235,0.39812449085236884,-0.4815227380282723,-0.5196899643181543,0.6591569995861951,0.5394047631417573,0.5792374706342915,0.569114192890494,0.511950599730506,0.6408335475787724,0.30899131454237455,0.4406513060844489,0.6000594315548095,0.4605125297320971,0.5019020676413856,0.5287886155701985,0.5004938012689301,0.5799287353909172,0.4007435476289115,-0.4710435555699529,-0.5911851059002157,-0.66213412042734,-0.3681478321876023,-0.3395926475877044,-0.5396071476410088,-0.7801609547104913,0.6416046065350887,-0.6212486542311655,-0.6766330628618006,-0.7376345291757199,-0.5873148800798753,-0.5710371971546132,-0.6583233046400689,0.45850824762943254,0.29740067329018854,-0.3079830549809937,0.6328364907137409,0.20900878606300052,0.11100017044280719,0.010770173733693982,0.08792846194078502,-0.4107866365049053,-0.5088843217179359,0.7011040378928581,0.15983145622604153,0.8358417160438597,0.651549336366644,0.27904217685235766,0.4973940374114502,0.19899148853837012,0.6803669076150624,0.977766169184537,0.6701824083354684,0.020304619197842554,0.6191419009600773,0.9058468429106981,0.571696233431059,-0.13351039595617162,-0.17068728807377265,-0.48885211633432096,-0.5787948495713544,-0.28006178906688955,-0.01962310127612145,-0.4784326740012431,-0.9119357846240457,1.0116744945993215,-0.9981037906631269,-0.9491796622527606,-0.9300405237069972,-0.6612288256075742,-0.47920807428662515,-0.5921978692246253,0.07226976620291649,0.2885851609865886,-0.1415407757337507,0.8009258683256447,-0.731509201390058,-0.8691848458207064,-0.6184615538836676,-0.458172117760497,0.621022960805482,0.4722412596311239,-0.640936201095697,-0.7396074340880083,-0.6397534498174107,-0.6288345630065626,-0.670687161860678,-0.9397610120970347,-0.7689020002849941,-0.7789746522580255,-0.629222121682885,-0.6409286046546596,-0.5283663545888281,-0.24883530442669757,-0.7696606357907532,-0.1590892486657168,-0.7504280159503535,-0.6689468060792471,-0.68222562543215,-0.5304693968695244,-0.5018011241882713,-0.4116941482538298,-0.30826885955687866,-0.08805962516157113,-0.5298485204638175,-0.38861696845495686,0.19927177358671544,0.271247460876359,0.09884567792044005,0.04248942501471387,0.060630678758986055,0.06927336524855306,0.09856270641439147,-0.14126679719009994
-0.3220307029273761,0.39940873545918104,-0.36034237000029196,-0.34848680622794176,0.4899905402360239,0.5293223383414695,-0.6390830768679427,-0.5211680278556868,-0.568970618548904,-0.5600122489795838,-0.4702613035797998,-0.6591681627409943,-0.3193080474282684,-0.4391110086845311,-0.5980889128287106,-0.4695110414131824,-0.5302085685032751,-0.5490028588621922,-0.5106896395342909,-0.6087048581235043,-0.43158045790267224,0.510963905133921,0.6304247710647379,0.6984131174495948,0.41097342660211617,0.37978388896509374,0.5785394526099957,0.7835159175600122,-0.640988946612591,0.6215789432195009,0.6785505802078238,0.7379118832000726,0.5827606186655475,0.5586478153060771,0.6386321380495371,-0.4094024700756972,-0.3182043533576912,0.34082968762480875,-0.6298033372049777,-0.1687180191956818,-0.07959250650531705,0.018793708682822177,-0.0413331737556296,0.4134363902382506,0.509804830327312,-0.6487649199417049,-0.20900117025756237,-0.8109870878733655,-0.6400585070016015,-0.20918851266136496,-0.4902255863363667,-0.20847908527359718,-0.6338311850307173,-0.9677180488385276,-0.6473328133806072,-0.04874875903564887,-0.6109783146698006,-0.9090539606737433,-0.5702867810987016,0.16736905594875834,0.15188371371029966,0.48956597740827257,0.5892008643456015,0.2622270501895002,0.05133381775390371,0.4676739844193077,0.9292753311087409,-0.998103790663127,1.0130934589076164,0.9694188844551421,0.9496642553740524,0.6619824243668577,0.48848933948745293,0.6013525411680889,-0.01737867009751765,-0.25999302372891286,0.10888271012903965,-0.7960195618633545,0.7269093604366869,0.8714582192956245,0.599406990077421,0.4682532715198661,-0.599092278504868,-0.48354635139621743,0.6300267435661326,0.737447629257503,0.6214494634985581,0.6313614932424109,0.670600101495549,0.9294163041810444,0.7928373528401317,0.8075134503483873,0.6783374375773363,0.6711241668815486,0.4919503385252897,0.2503188107484976,0.7598384315334903,0.15048356627239515,0.7803944114783318,0.6884385339702428,0.679456528928855,0.536445163258599,0.4794502284452973,0.4212062592998411,0.2817437829134924,0.10222359431812411,0.5066540795118555,0.3933176973226218,-0.17213344047983126,-0.24064037103716354,-0.059930063449704536,-0.00994289573387426,-0.029611340198092074,-0.042963404239913724,-0.07121884676867499,0.1187037370621027
-0.27934926043322234,0.37833909521271547,-0.30944483237612597,-0.28148382356132984,0.5104873788631754,0.5491723053746657,-0.6079957134987681,-0.4910191962803817,-0.5712184831422675,-0.5709663789601508,-0.4198132715273675,-0.7502454594678386,-0.18970204364599455,-0.4100820186008662,-0.6096223834398569,-0.4679794342184289,-0.4804744561858755,-0.5520360128889795,-0.5303775656587049,-0.6278874589898745,-0.3477657853680738,0.4796267660442503,0.6493813857903825,0.729649853623644,0.3607315204827685,0.3100111567084365,0.5610452610944106,0.8205198474601045,-0.6574975201205597,0.6405362049263598,0.7110815642600988,0.7803499745315079,0.6074575431292443,0.5693681076959125,0.6599868573229953,-0.37995502490486255,-0.22106797545916465,0.26111064736861156,-0.6499570106910328,-0.14881397517750672,-0.08909404337388246,0.030123273341857257,-0.002186751612448219,0.3921577893316605,0.46895921187180295,-0.5000453390093798,-0.280600107509112,-0.6906441213554877,-0.5576931542451751,-0.09976871575133694,-0.5704344445034756,-0.051930695890858344,-0.5407349494791319,-0.8786795103191734,-0.6693658183836828,0.09228600080545973,-0.7179101800315408,-0.919027111782202,-0.7103513472268059,0.03978335471091577,0.2992510438568366,0.6412734279418557,0.7303366192123503,0.3992805517762246,-0.07138881841137312,0.5906032463603337,0.9472133651175753,-0.9491796622527606,0.9694188844551421,1.0106378182010611,0.9569253554726351,0.6011078443284907,0.43154935717813053,0.5401753044773053,0.04996921252485119,-0.3325560738381313,0.2191668870921264,-0.7114437467037633,0.7479696713967583,0.8308020158762056,0.6018001351724099,0.40926812204685714,-0.6003594014430522,-0.4294597876371476,0.6494799251477172,0.6586600085612041,0.6296299306380142,0.5634327756475164,0.6794464410104211,0.8804617904199551,0.8415251464119097,0.9074898368483375,0.7275359526533336,0.7912608705093941,0.5215303202851136,0.15723177732819058,0.7816073654056673,0.049875391013487494,0.8182658413039664,0.7912869196161084,0.7390136803321555,0.4895135970738759,0.5392843641064681,0.3391491386446258,0.35149543922976045,0.0015823885339515797,0.543120771063282,0.30948971129090186,-0.25827016244989287,-0.3185508883189289,-0.1392262483928043,-0.09891881742486694,-0.12114090259659739,-0.13945285808089652,-0.16905972435721411,0.2074461219406783
-0.1711289364796581,0.28078854646040896,-0.31035767641678597,-0.21987369066897267,0.5909260649729743,0.6318446349836085,-0.6813858410824344,-0.600781300765183,-0.6786272762542762,-0.6604110127602135,-0.32033315847676747,-0.6573328363236163,-0.3099252376811584,-0.519409407671401,-0.7120117533775141,-0.5525438546243059,-0.5694210758444055,-0.6302069702925478,-0.6175263013745776,-0.7089883349636719,-0.4695506457523363,0.590545198330297,0.740853171811992,0.8179658138863561,0.5086855382208626,0.44889172199818583,0.7031929788343145,0.890900060764865,-0.7613421373718741,0.7421419117745589,0.8004389760823611,0.8507772014817412,0.6897073810693167,0.6094626864694009,0.668622027578648,-0.2508446166030833,-0.3807294339948318,0.42910555359189934,-0.7382534550066296,0.05973431004690212,0.1494581807879093,0.2583566161475434,0.20216225593078235,0.5391330275799391,0.6276350512464035,-0.5288039213867544,-0.29119763593987946,-0.7677129021012786,-0.6807614657552826,-0.02265015145608207,-0.4023117787117782,-0.19130917201159883,-0.44064204413906033,-0.8889041592310434,-0.510950385521679,-0.04048661759823508,-0.5491046781703095,-0.7990005476695156,-0.550586485081234,0.19984190142833,0.1405042281259286,0.4917904451416243,0.6105494964750295,0.2219442266057747,0.08881800436895329,0.42962903771000777,0.9917311001332362,-0.9300405237069972,0.9496642553740524,0.9569253554726351,1.01084985051174,0.768964330986866,0.6587297519742753,0.7494676481167973,0.19962477264883713,-0.14624291817274027,0.028970843609980042,-0.8393187386290408,0.8229195752083692,0.94886977200312,0.6297174884663738,0.6399866512158517,-0.5909797308890662,-0.641406745216015,0.7100747874603557,0.8126791068616648,0.6774035218524462,0.7583706300164418,0.8075153146321904,0.9284019413887955,0.9170706110479083,0.8686178630840797,0.818780101254632,0.7389087257673942,0.44854161254972175,0.36005257720238326,0.8186708268794539,0.20757686464483932,0.9118300848948118,0.728704092060252,0.7114777076817765,0.5887184505359678,0.46013036583408007,0.5000182433534704,0.20985081242212497,0.2090402929463562,0.4792136514721122,0.5231007959326375,-0.058713260840016455,-0.1290528988127589,0.05880830156549155,0.09047295362259856,0.05376254177451398,0.03982356721851675,0.018771894148558885,0.01099695875910953
-0.13027356372432897,0.2287770505828579,-0.39147910852722356,-0.2587369589104948,0.7706395127611955,0.7797631384503408,-0.7490828885653267,-0.6708737558449719,-0.681745081984076,-0.7082816387600857,-0.27038510398654964,-0.3291630958011467,-0.3799022923753283,-0.4688223174840109,-0.681003600602851,-0.4300146667345648,-0.39954427276830845,-0.4406342181070159,-0.4988278159067875,-0.5003650524156504,-0.42993244142399517,0.4518385750041872,0.5317768961808496,0.5902395856837621,0.47153795519988995,0.410387246740044,0.628781704442936,0.7320624579892597,-0.6894358106069397,0.6714678794390053,0.6692490575883012,0.748600726999541,0.789094021291489,0.6609086677387579,0.5899818646861398,-0.1480151584699858,-0.4687944315654167,0.4799745763828426,-0.7695720340737238,0.23018169542697556,0.37977539814295747,0.5199317600964936,0.409602577279707,0.891910285233076,0.9576846855298992,-0.6198767468540262,-0.3212988580634125,-0.851335715849864,-0.9393515660210265,-0.01943419274319605,-0.007775817712045808,-0.35792785663356513,-0.10233388859477173,-0.7308345866861976,-0.01056317341203446,-0.3092475496962128,-0.03060968133464468,-0.3382638280322448,-0.08872038009876965,0.3501377615399904,-0.09955107398614572,0.1504169978224861,0.2996142470599045,-0.04182831903658767,0.23139986542024837,0.12964304167092533,0.7970030487416692,-0.6612288256075742,0.6619824243668577,0.6011078443284907,0.768964330986866,1.0088560815149943,0.9408397534669839,0.8801570491028239,0.382019283586091,0.20846697363489824,-0.2402217154570282,-0.9678423512110063,0.77113528654124,0.9185411270929341,0.6388152014832404,0.8892045559095675,-0.5610317782465748,-0.9295822860382308,0.7482041683241643,0.9877772250150675,0.6980703781548789,0.9689468946602269,0.8106794950088652,0.820515229186708,0.6987609137762187,0.5878394931084991,0.6896750264620213,0.5324478798367092,0.21185311441145674,0.39934670591830707,0.6079206395327148,0.1813376507476951,0.7689813176935152,0.5317736921382575,0.3992140884812948,0.31810669724340884,0.1696549386443813,0.38180303498338325,-0.01923149982740007,0.31111666040888014,0.2807090044413226,0.5822117549301424,0.13848808837584328,0.0993522665647001,0.26858709059441516,0.2582230036254135,0.19802430195374132,0.1797209188743444,0.17956256152612282,-0.17020147426491097
0.06026302883564802,0.049621667464718244,-0.3167011234546593,-0.08248388245382389,0.6898710288022731,0.7104044525088777,-0.6776457145318767,-0.6916644555256504,-0.690121752798264,-0.6898288464221071,-0.040301954371535345,-0.11170114516471648,-0.44740571231837734,-0.528373766675617,-0.6906572683990753,-0.47904511290042456,-0.4404563439793947,-0.48299765482307633,-0.5277741627849862,-0.5281596575177006,-0.48261250842789616,0.487639576802209,0.5488380494449153,0.601081400181414,0.5326871314504289,0.47025019953421554,0.6613592883675297,0.7026481057171685,-0.7017032924408828,0.6806181081773941,0.6723914274238298,0.7087192248969989,0.7297617039677022,0.5917201783210757,0.512355566162894,0.07688847398077317,-0.5724573139926167,0.572773597096806,-0.7321948742008317,0.5078418256513204,0.6396399650831085,0.7517137891114792,0.628406655690672,0.8085522180167031,0.8783339250057892,-0.47987689717065923,-0.1806270200449744,-0.7029492931025318,-0.8079860014103957,0.09267336002416525,0.20966730681884316,-0.42899556978934267,0.007925908077038406,-0.5605533941263952,0.13202384658458144,-0.33888047984890785,0.11905571519689542,-0.11984207808500873,0.0708113103071545,0.4215482224556276,-0.21128027504967906,-0.00865148534200148,0.13121795906176972,-0.19998371996794476,0.32882918991746996,-0.05947663259105046,0.689287804215415,-0.47920807428662515,0.4884893394874529,0.43154935717813053,0.6587297519742753,0.9408397534669839,1.0116375834426623,0.9516602284088842,0.4683479779126998,0.3795989371640851,-0.3891010200554982,-0.8669842407777251,0.7318519501506691,0.8479617848965212,0.557825646188677,0.9869468175104186,-0.428243978139775,-0.9600097013556129,0.6870732471511463,0.9171450158289275,0.6196415046519722,0.9715464147253788,0.8292695178236134,0.6905598826412528,0.6684015046464523,0.43036797443704544,0.6388700563729378,0.360681133511152,0.14062876656946227,0.5992921190652536,0.5793990708310689,0.390664534800157,0.7370920602543696,0.3292203394524878,0.3576281657139959,0.41864378371073696,0.11736552795692246,0.5109718119513809,-0.1292756223895385,0.47830889829327744,0.20132281993979084,0.7490926364703868,0.33322876113056654,0.28134592994673346,0.41818867965298084,0.39032420688269315,0.33003033008125354,0.3198689410655419,0.33832646294482993,-0.3397405544394103
0.13055371925061934,-0.027922956591457337,-0.230797893983519,0.0010241339088356957,0.5403968468734998,0.5834999831741036,-0.638702801390923,-0.6919723817171203,-0.7095007894622258,-0.6500811897406144,0.029748177559087194,-0.1315122537910829,-0.5592371047570884,-0.6599350901733929,-0.7498617765408745,-0.6303775527934314,-0.6202846547450148,-0.6586197511027799,-0.6516290558629936,-0.701287084724974,-0.6281266927560856,0.641287853844869,0.7111280767678804,0.7588797978094923,0.6608369575930269,0.599866381978913,0.7883023426241709,0.7825941892282413,-0.7814603962231892,0.7603797699093748,0.7682502794361928,0.7483117215094642,0.6373580548491891,0.5087822284556959,0.49724318357563335,0.13702769429612632,-0.6908750418195837,0.6918671790346168,-0.7009670221017327,0.540445905081639,0.6686063705888811,0.7188066859999913,0.609190545543177,0.6398497897454416,0.7499878931775459,-0.4982375667702261,-0.08889725854706554,-0.7206343337280463,-0.7289654864952394,0.0918426750181875,0.17133179425638656,-0.5088616897807281,-0.17107880896416883,-0.6496043787045553,-0.029437879821191722,-0.3312020676116805,-0.009852568377477182,-0.2578533253998105,-0.0016104963411903298,0.49112454890350704,-0.2468025555812546,0.011372696739149061,0.14653038226573284,-0.22989776578733062,0.4028672093299326,-0.07991342870206347,0.7677725463631436,-0.5921978692246254,0.6013525411680889,0.5401753044773054,0.7494676481167974,0.8801570491028239,0.9516602284088842,1.0124206000168126,0.4107306462344275,0.36039024226537225,-0.41978988280223967,-0.8569331899014755,0.74947426904518,0.8929580523933677,0.4984103741789664,0.9770827328087063,-0.35210069323497045,-0.9198193026518044,0.6294967242427677,0.8997449248581553,0.5601151935464668,0.9590036661996166,0.8708460788224497,0.7488726327198052,0.7797513506689842,0.4682122345400555,0.7086132352118968,0.34133536355205607,0.18705988017902211,0.7598469161212181,0.6789572861475348,0.5711672365282281,0.8282654349979774,0.2901912784864224,0.4701986839857168,0.6400239259555296,0.18226886445014667,0.7010350116899862,-0.13222469425325678,0.597137494197347,0.2172938757543042,0.8789760089417178,0.41164582273310607,0.3369457014569334,0.46921585064093485,0.4595943083936956,0.39973108184722145,0.3978694620066843,0.4179742314595386,-0.4196405219932048
0.7188317500461163,-0.6390691354208895,0.5290369079167482,0.6706486084355797,0.3297220108827721,0.30110783668596064,0.020634120747179296,-0.001460995808774657,-0.1815719699945609,-0.12956868697841822,0.6201959725063925,-0.08739285802591631,-0.30947244369559573,-0.27979625491364324,-0.2592307362662355,-0.3011404164519978,-0.3294795065361567,-0.33992362396543524,-0.32981452428324526,-0.41112136624432083,-0.4414980734846198,0.4910079960862424,0.4805393663650677,0.44822651584607115,0.5627603336819678,0.5003634294432889,0.600628797044485,0.20070148574511998,-0.2882456714099173,0.2602680463788178,0.27084726494930966,0.22896166972489884,0.23053805377183514,-0.06253321152788623,-0.19242066741345346,0.6895489389421504,-0.4973300308345385,0.579022142352802,-0.19861401420689787,0.6892635159325345,0.6905929119752745,0.6102305565817947,0.8114740375285042,0.5116562236715416,0.45979589393186854,0.37790495181739614,-0.6897865114704927,-0.03142685105619256,-0.28897170395843763,0.8973564744748515,0.34862176203880996,-0.32070291094862624,0.6696197590511607,0.05899209120900732,0.5689390485916377,-0.46969729104388275,0.3603026061297653,0.1806368629400598,0.22233806107688317,0.49853815979834804,-0.29064158879351537,-0.0810656441274469,0.06801419473027857,-0.34018552982353256,0.4091981256194616,-0.25947993857361035,0.22819949347840307,0.0722697662029165,-0.017378670097517673,0.0499692125248512,0.19962477264883713,0.38201928358609105,0.46834797791269983,0.4107306462344275,1.0091898781418596,0.6304061562958413,-0.5795792163607492,-0.25032453736123894,0.1289466070310356,0.26935782317623563,-0.15920949462108525,0.4995476974472894,0.2419637499793376,-0.6180411036888451,0.07944628675281361,0.33815871282323845,-0.07787825956168819,0.4380854950750935,0.2996948451849105,-0.029773382348829473,0.3708968475823278,0.2701418520566348,0.6201811798957365,0.3511375411151072,-0.529086304588593,0.18853858484353278,-0.07742792280328385,-0.06019748558252112,0.47990906627711044,0.2397677340283161,-0.13788621013768756,-0.08937193610039774,-0.3793085536451185,0.08046175629911038,-0.46926361821197765,0.33269570255883096,-0.400817699496445,0.25935263600169667,0.5192923661413416,0.588696521579109,0.6489000253942769,0.5512500539688371,0.44045637556684164,0.3976103312164963,0.4395572882069749,-0.478819475821763
0.599931779955003,-0.6278007736954497,0.3923684714745059,0.5297761807985575,-0.07075669146149245,-0.10945496955597761,0.29108347673243756,0.1895427863425474,0.17156860223095521,0.20878458407005582,0.6896433057731515,0.6294706388854805,-0.708796338320229,-0.14096465504548386,0.11076690423714275,-0.1394471505131151,-0.43974443391978335,-0.19917466937044817,-0.029466450550287498,-0.2000087556314834,-0.6308065627824564,0.4397002968503481,0.2508524917736487,0.13043704352808871,0.5501064821309989,0.5802689326499071,0.41050894405279253,-0.16801564894771376,0.06906806814540722,-0.10071846226008135,-0.10842854049203712,-0.18829964215949954,-0.16165238110323313,-0.3017641171655071,-0.4310247847513701,0.7582396270224091,-0.749873977874923,0.7183995539626191,0.21055060340694637,0.6587424676112305,0.7102763072606566,0.5499380915854423,0.622491767036216,0.18935991735319277,0.21971784608725126,0.19939656465279815,-0.08916821048849281,-0.05805706383882952,-0.1702390837454096,0.5377347590911995,0.9076980062120782,-0.799096219695073,0.4787111874178699,0.1502191062671532,0.768108076228909,-0.7985951228271223,0.7803485032372212,0.5206630264125808,0.7490841126800849,0.8082974840854578,-0.7109582666048495,-0.6218901715147621,-0.4799886243507226,-0.7698544238772279,0.7192720527624666,-0.7490528022145329,-0.1483791266663991,0.2885851609865886,-0.25999302372891286,-0.3325560738381313,-0.14624291817274027,0.20846697363489824,0.3795989371640851,0.3603902422653723,0.6304061562958412,1.0098528586574516,-0.9195000626652653,-0.1292352000251578,-0.219851580975753,0.039913415384272365,-0.3875993143185216,0.4498225797477954,0.5387745703514786,-0.5020890831694087,-0.2880428437159933,0.2103082214723697,-0.36072651253408955,0.3386274473895998,0.008885081173882104,-0.2298688869566757,-0.03250723749990239,-0.2994765325510769,0.1502153807024022,-0.2613086572950805,-0.6225174967124996,0.5115078203623062,-0.30128625686288013,0.39761026043494435,0.06939859865315454,-0.3998408723099954,-0.36880818873682003,0.039603300709031675,-0.4987756309152017,0.23979778212547426,-0.5923335117222098,0.537723822286532,-0.5391093841911728,0.43090536252750855,0.7875033907750639,0.8419347665938615,0.8218615312426958,0.7300554618308142,0.6307772110792307,0.5887107864462802,0.6423513458342356,-0.7095030402608576
-0.618425784543971,0.6708411862470827,-0.4502952531428541,-0.5323545099194708,0.1302323060890947,0.16946443807195286,-0.2695161692803538,-0.18122085726205028,-0.16866036868466938,-0.24970866733974836,-0.6200835489796045,-0.5199636517702629,0.7804241993202061,0.23000522305121124,-0.0884815709260975,0.230751327178177,0.5993013752719456,0.3102088380959416,0.11037015939963896,0.32768127291834687,0.7973067380132594,-0.6588692430537394,-0.41071906045466317,-0.2583953849042149,-0.7601832248941216,-0.8019295881090183,-0.5714497867946341,0.16892568259513727,-0.03319229029226209,0.0773769962224482,0.09022146087620359,0.218826483522164,0.22938175106838524,0.3882075544663026,0.5093542001145275,-0.7171520460057246,0.811544894134003,-0.8513989838140306,-0.2400262340465671,-0.6088763394107385,-0.6708177689368928,-0.46840229619611,-0.5584908620170143,-0.17138328873637618,-0.2186038829907842,-0.13251151473961828,0.15813998365281473,0.11948582786717302,0.18800971615276657,-0.47979927590973925,-0.7498500333178378,0.8583636365336552,-0.33820224252591125,-0.011324943726227695,-0.6178916971247883,0.8901197053670511,-0.6996794808378389,-0.3421133443423667,-0.7494761857393002,-0.9488679763853428,0.8984251402787613,0.7395305181891977,0.5990520173312393,0.9262862755204565,-0.9304883124560069,0.8592838737776901,0.06036241636778142,-0.1415407757337507,0.10888271012903965,0.2191668870921264,0.02897084360998004,-0.2402217154570282,-0.38910102005549824,-0.41978988280223983,-0.5795792163607492,-0.9195000626652654,1.0114489890278766,0.19104986610480026,0.25132010426926543,-0.1305760045364498,0.45980374827884385,-0.4596394206841649,-0.5680255957221984,0.49151374787575036,0.33348711374409745,-0.26183731297405044,0.417987478436199,-0.3713339942585356,0.0008676448251484512,0.11217046455879388,-0.0196154009038615,0.3086115938672672,-0.2697984807840733,0.32951295991286533,0.7119998844537105,-0.6022410571730816,0.3219702104461895,-0.47874690804997144,-0.14921426683971822,0.4317859393550281,0.45029596355268026,-0.21964772459754187,0.6413357658599186,-0.46160913318797936,0.791501609541888,-0.7610922316872394,0.6707361007074634,-0.5513822662036019,-0.9197542325830463,-0.9486758695557189,-0.9589331066062328,-0.9230394767060381,-0.8668225893219184,-0.8286943134914101,-0.8596889915282908,0.8881659657828254
0.21969515265403766,-0.2982073875515305,0.42022611763308126,0.32848239328785156,-0.7012576821129242,-0.71816621733826,0.7590353521663936,0.6601038714219355,0.6707942668619228,0.6788535050598095,0.3589890027277452,0.38180040655818787,0.44063727694279153,0.4988981807277796,0.6803066667680959,0.46999974979181974,0.4695996102406755,0.48927840626098706,0.519322539716342,0.5411584498399014,0.47846488691536,-0.48144040584241526,-0.5673344586160441,-0.6285926917468229,-0.47833173709108,-0.4288552392658211,-0.6324829608651715,-0.7668656865856212,0.6992537917925663,-0.6783083565059841,-0.6898257510620555,-0.7607322541235992,-0.7472380904596551,-0.6487921101334504,-0.6205112741700779,0.23917049527760895,0.49232371823354387,-0.4874545708603359,0.7475150168779179,-0.09922716658266402,-0.2516920325360789,-0.3709853536442223,-0.2618539093480066,-0.7990532024793545,-0.8902764843389027,0.7409107398259103,0.2593988726588925,0.9476307626070588,0.9497345784212422,0.13159821482764028,0.08935275388122736,0.40017002721513656,0.30824223821501134,0.8692510012216622,0.1712388037121165,0.2988013004778787,0.1483819329554692,0.5009093856791172,0.17122979545883885,-0.352307010403621,0.0714081001122679,-0.2091960952036666,-0.3506873964864348,-0.0024919017204076918,-0.21949426488078275,-0.1911145591385885,-0.8525037526666207,0.8009258683256447,-0.7960195618633544,-0.7114437467037633,-0.8393187386290407,-0.9678423512110061,-0.8669842407777251,-0.8569331899014755,-0.25032453736123894,-0.1292352000251578,0.19104986610480026,1.0116480470989135,-0.7797437525112433,-0.9508195853233251,-0.6426363109805893,-0.821915053250683,0.5895774057183948,0.8689543451086623,-0.7307683158783156,-0.9908800661370822,-0.6918837245301341,-0.9403936298447058,-0.8009238127041978,-0.9010142277674645,-0.729402775912076,-0.6301471512328946,-0.680443569106484,-0.5502612757254988,-0.2991591416400023,-0.4084922580854901,-0.671766851847972,-0.22073763217036782,-0.7811843705084655,-0.5583755551215385,-0.4814250692316621,-0.3995941700363523,-0.2599763861122763,-0.42068209474452756,-0.05710415605607558,-0.28402311642072703,-0.35122395184341915,-0.5787542546933432,-0.0792351361174811,-0.0290171545924196,-0.2076554181755352,-0.20940174070923184,-0.15006243760205243,-0.13148025571427055,-0.1313134106501571,0.11740671673416476
-0.22964527466641116,0.4019610536747508,-0.5012262215910134,-0.29823643942155303,0.7416010469533856,0.8194958255678811,-0.8905128512693977,-0.8821150519393766,-0.9174321720782215,-0.920978773229036,-0.3683272136018039,-0.5499604679329549,-0.047381436710534665,-0.5090249888155358,-0.8813744845937955,-0.4614337956106085,-0.1993428089238715,-0.4300281864913025,-0.5986355846294671,-0.4789859023314924,-0.09212907231176896,0.18754469694768755,0.43933813358089413,0.601549170728315,0.1388832613963371,0.04094089901486266,0.42195428983547034,0.9603733765514152,-0.8703335203611813,0.8790481525662129,0.8903593369835703,0.9794131273214135,0.8977624098064246,0.8425765623638839,0.9003297470806635,-0.3194457639176609,-0.16032373613431156,0.12737886180746583,-0.9677330872217819,0.18910833649904665,0.26036659070771845,0.46967339852463696,0.33040557587627223,0.5974716514957359,0.6680550665913745,-0.5900397643854683,-0.07164665811181277,-0.6892064022087177,-0.6523621107448052,-0.13082801390528934,-0.32952028835342934,0.03995521438654295,-0.37001194879195504,-0.7032455475211427,-0.40959719815788814,0.22058551977226493,-0.4715442778174844,-0.5296296605428515,-0.5317990399650664,-0.13579170220159845,0.40155651279803733,0.5817411704925424,0.6507341847894252,0.4478891937460381,-0.2595163005437001,0.5696662627977981,0.8687297299157462,-0.731509201390058,0.7269093604366867,0.7479696713967584,0.8229195752083692,0.77113528654124,0.7318519501506691,0.74947426904518,0.12894660703103558,-0.21985158097575302,0.2513201042692655,-0.7797437525112433,1.0124077435347565,0.8605386487409052,0.8688738532146149,0.7118003185050907,-0.7979691814050963,-0.6600461449250741,0.9484540449408934,0.7815308791176446,0.9181235540213878,0.7665760447583432,0.9493253444939204,0.8602435748844773,0.8258036042255678,0.7787132692223335,0.5884132186142997,0.6915538104460642,0.6865843748700725,0.29960567630830315,0.9382981999995899,0.16973156045745588,0.7889560474623699,0.70074046616813,0.8216346775290745,0.4111527578064373,0.6604585131858851,0.3005921499388015,0.4592985058641486,-0.0006857413309436715,0.7178758593670773,0.4693767743543873,-0.2582714648295424,-0.33793801181615774,-0.19202996170840037,-0.20174257005045113,-0.24823599358506773,-0.23928369932644808,-0.2307215013805932,0.24005071504602973
-0.13045756708923956,0.23930345394176636,-0.36116291021077584,-0.2279532349301283,0.6711875003675958,0.7088057896126242,-0.7606321436408656,-0.7027760450037229,-0.748203056356883,-0.728086934378692,-0.2879486746472718,-0.48255374207956925,-0.41900535451751747,-0.5879354204108761,-0.7726283913667462,-0.5806107953144016,-0.5631192979612614,-0.6274976458983589,-0.6417445896514824,-0.690462731705099,-0.5197842627246922,0.588330119791942,0.7112228819271534,0.7819851533063137,0.5496880310543778,0.4888233388339483,0.7367995784418816,0.8877469376259697,-0.810579215554395,0.7889452657963838,0.8185341644363621,0.8606442388660116,0.7585554936330939,0.6568446959832837,0.6705754062420234,-0.1900691293597855,-0.5012449557017423,0.520555426541786,-0.7988606378565961,0.19836944743505205,0.3207755096715092,0.4313144851175409,0.3393883029514208,0.6994626297040701,0.7925343309449191,-0.6403307451471121,-0.23938981485114538,-0.8691000401552894,-0.8273225465337656,-0.0512494048840664,-0.20006806582366565,-0.3297519989859397,-0.36797457440633125,-0.8816593322879291,-0.3300213166445111,-0.17950739479984243,-0.3303255386658101,-0.6193423890149685,-0.3398307762057735,0.31075473897960254,0.0023759912308805847,0.32196918095603333,0.4599117108694476,0.07089038545007169,0.19221679677793188,0.2694787704042458,0.957630146801389,-0.8691848458207064,0.8714582192956245,0.8308020158762056,0.94886977200312,0.9185411270929342,0.8479617848965213,0.8929580523933677,0.26935782317623563,0.03991341538427238,-0.1305760045364498,-0.9508195853233252,0.8605386487409054,1.0123344414827553,0.6617811153124113,0.8275948746829899,-0.5904692629157455,-0.8211879356540507,0.7628103940023537,0.9496849622265722,0.7198078517171403,0.9203374652060701,0.8888822092387211,0.9472390697604888,0.8792083832140872,0.7482691475856831,0.7899116984012887,0.630511522981616,0.377664996553866,0.48117487268320225,0.7979258402865628,0.2994099061426625,0.906269686692799,0.6207156018802474,0.6204791925659296,0.559103044232252,0.3603393578313951,0.5405859868348492,0.0991575993798338,0.33033925389055474,0.41161516458274794,0.6512341540814751,0.07968885103473408,0.009996442687904675,0.19130548849908616,0.2074599182376687,0.16109174057589581,0.148638969677415,0.14022231371250146,-0.12039904637533924
-0.5885880561475885,0.7515377299272035,-0.8087024454859364,-0.6288274802734725,0.8110223379556138,0.8584631583049597,-0.8805934247447352,-0.809908178489786,-0.7191346616555356,-0.8910656094967578,-0.6505357130029934,-0.45982104800162943,0.12749473695460914,-0.0897059159560585,-0.5790595434416097,-0.039380500079944314,0.0797574250281639,-0.029444744156732528,-0.15283101172426608,-0.06117810037168134,0.17224130817899055,-0.1490223026212329,0.0394778244207994,0.20158425895231694,-0.20856127326549403,-0.2511367537786456,0.021515444961466772,0.7304442548409433,-0.530049936980563,0.5496556489542281,0.5612279423270494,0.7905199305117417,0.908073262317708,0.9887384387221699,0.9794314036734676,-0.6392549036284343,0.14048697401190835,-0.2026647648229247,-0.8788873861847057,-0.10208638486784884,-0.040713899064397666,0.279997803758659,0.05949384755440852,0.5310071607736491,0.5702867867904061,-0.6108877487283697,0.049286317727815186,-0.5988020351267644,-0.5685531457157024,-0.39919482842297277,-0.3783322227252567,0.17951567341093708,-0.38961511528445214,-0.5973780785084497,-0.4211234031609096,0.3095126532559673,-0.44730929562075533,-0.45190258306348385,-0.5021370618570885,-0.3222571054580733,0.48788638231038095,0.5599285245494605,0.5980657984555103,0.5691865974655085,-0.42988204489553555,0.6529821622388053,0.6700012954962008,-0.6184615538836676,0.5994069900774209,0.60180013517241,0.6297174884663738,0.6388152014832404,0.557825646188677,0.49841037417896633,-0.15920949462108527,-0.3875993143185216,0.4598037482788439,-0.6426363109805893,0.8688738532146149,0.6617811153124113,1.0103731002036584,0.4894661702599991,-0.9674614772802189,-0.4287566781133676,0.9516218920490139,0.619352344788718,0.9885284030933226,0.5622599867174628,0.6903877804799564,0.7510466537469115,0.4991134977317518,0.6285347767320499,0.2293025197131866,0.578125967121717,0.8291521749037052,0.030652608558394696,0.8089126412117318,-0.018854470754240796,0.4495970396970183,0.633338931787197,0.7380650348034417,0.19053683764031568,0.7394996487642108,0.029316546447461695,0.6773827196085922,-0.29798318632570714,0.87372008709974,0.19115784505828784,-0.5510409640042879,-0.6092577635807639,-0.4899555951039506,-0.4817234953196088,-0.5008317176671514,-0.5001848357508767,-0.5110152154038394,0.5298533743964261
0.1701938141066878,-0.060648110761942424,-0.2276234556444235,0.030263042132840458,0.600812243680866,0.6305617658713553,-0.620594107372165,-0.6795724521349157,-0.6885262999862463,-0.6517130742499413,0.08029680651701343,-0.04855011001808516,-0.5195255074475803,-0.5923510117281956,-0.7084419995187852,-0.5501371388103344,-0.5182148424930825,-0.5589770798849958,-0.5796862618784281,-0.6000219940185955,-0.5587199070671912,0.5504672141442067,0.6087594287831934,0.6500162192672779,0.5976188597736295,0.5325478282423652,0.7181087150686993,0.7087378142705394,-0.729507740042382,0.7082922070968709,0.7003672069525159,0.7003560914507028,0.6618408943662912,0.517923001416283,0.4605384287753951,0.1917171793981133,-0.6611469532910904,0.6576021396553321,-0.6965257516174654,0.6103850919488838,0.7327997788723974,0.8100151162749003,0.6982293975963553,0.7184568739632547,0.8008875756588423,-0.42993795753733616,-0.12195621783173076,-0.6590471613063283,-0.7319254190254708,0.15859938325002526,0.2801390944368752,-0.49920502289134155,-0.00948758619663768,-0.531904404053092,0.14071255056811172,-0.37159247643284177,0.1388169235432836,-0.09260098395409672,0.10702427760675023,0.4818499535164237,-0.26243609175822247,-0.04952384159307638,0.09255913358997678,-0.26067977447941726,0.38884494771627426,-0.12888802656257844,0.6697513379585921,-0.458172117760497,0.46825327151986607,0.40926812204685714,0.6399866512158517,0.8892045559095675,0.9869468175104186,0.9770827328087062,0.49954769744728933,0.4498225797477954,-0.4596394206841649,-0.821915053250683,0.7118003185050907,0.8275948746829899,0.4894661702599991,1.011032941439854,-0.33077534486735,-0.9569690061998248,0.627809058014739,0.8815098936606314,0.5512746470903068,0.9601185474206753,0.8388685940947099,0.6529438331844201,0.6900909472485554,0.3985996819091164,0.650318731931665,0.310667016677836,0.10932304181404932,0.70050868791043,0.5826471875020215,0.49953640551655787,0.7513422262317746,0.25834298685209534,0.3699463792293891,0.4917678335786616,0.10942892286550125,0.5808085270801275,-0.17015959177362594,0.5507133698509306,0.16005909237653096,0.8200008115393616,0.4271323962758733,0.3689700348425789,0.49033367376632286,0.4593205828924976,0.39004331197207426,0.37988533446495726,0.4102231038241529,-0.42117170306234575
0.6698826144075366,-0.8183844767189007,0.8007536669943109,0.6986639765945587,-0.7890769399706413,-0.8217026062906164,0.8789837150224534,0.7597030835525216,0.6720165633920474,0.8490071338628652,0.7882033511768775,0.5783711692872965,-0.26070817519646877,-0.01962285434799591,0.5112396796068169,-0.0722255487546674,-0.198475460117471,-0.08893847512583561,0.07206732893083634,-0.04851953537662074,-0.2824190307950133,0.22901634143261093,0.049135937101888696,-0.11734803708918226,0.291847449680599,0.3297498704433308,0.07141781643393551,-0.6475610099464458,0.4486084414314302,-0.47042411672448936,-0.47995357389395576,-0.7136129860030938,-0.8612537334785628,-0.9481954341932631,-0.9403121078602351,0.7711926423820149,-0.3074428156967488,0.3385696852645511,0.8282673592936118,0.2808328589821448,0.23129220081288468,-0.08965343673285878,0.10922435659550596,-0.5091026171639782,-0.5276635354931275,0.6180279266255971,0.04072679689031735,0.5675761169425942,0.5404984546087608,0.46148593208906147,0.5409244950697226,-0.30121971709813894,0.40981430172208166,0.5894386372864581,0.4811439083693011,-0.35916816292044285,0.50879659258364,0.5186637489751647,0.5509214783148684,0.41206862983551734,-0.5302721363746619,-0.5898302488833151,-0.6013891090856662,-0.6300332535144383,0.49091529329952344,-0.7159968807812302,-0.621596652985265,0.621022960805482,-0.5990922785048679,-0.6003594014430523,-0.5909797308890662,-0.5610317782465748,-0.42824397813977505,-0.35210069323497045,0.24196374997933756,0.5387745703514786,-0.5680255957221982,0.5895774057183948,-0.7979691814050963,-0.5904692629157455,-0.9674614772802189,-0.33077534486735005,1.0128453144722742,0.30155715918417303,-0.9170070198907976,-0.5430111476830576,-0.957385116240185,-0.45021671513974354,-0.5794110819228975,-0.7217928143716928,-0.4175034778414249,-0.612075790763748,-0.18244413682780636,-0.579078839290774,-0.8112507900543151,0.1377655322846393,-0.7282787160450673,0.17029029995796074,-0.3707082135671313,-0.6683097593169215,-0.6600824100116195,-0.09921643145185702,-0.6908967929346014,0.061132792650736234,-0.6791125656488609,0.3824510817058152,-0.8483327431970092,-0.040799712874608936,0.6607248379155646,0.7122264432113622,0.5872318413367034,0.5592412718328946,0.5528339427048194,0.5466205774730556,0.5721322652710399,-0.6104957246278495
-0.1905737563845118,0.091731435939092,0.13096927770823696,-0.06164188101963154,-0.64761694465853,-0.6582850381565981,0.5874797041880142,0.579834262528362,0.6276736944339392,0.5995399696685881,-0.07811394773128684,0.12978962837071947,0.5381346791205458,0.5584574795108418,0.6582206750331062,0.5188101905139496,0.5005814752900684,0.5302501378888587,0.5491732176263023,0.5793930541530907,0.5722411875712389,-0.557623049303283,-0.6083296401773629,-0.6383968883599,-0.6067426149439483,-0.5410708619634124,-0.7304612972358243,-0.6620466095961522,0.6796595999960048,-0.6524033550796894,-0.6500334929474691,-0.6693415821254965,-0.6587301783152824,-0.4721252114334466,-0.3885430773629416,-0.20117745779494273,0.678144931237178,-0.6691541808835689,0.6606788123181451,-0.5215919765066589,-0.6529356132884886,-0.709217396524691,-0.6601002673209412,-0.8215464524144312,-0.8884232002384213,0.4310035040444655,0.32651928212531256,0.7260597774976988,0.8415894148902313,-0.2523796006598461,-0.27799564896192874,0.5284477440997295,-0.08867110819244287,0.5619172839660198,-0.22865192586163124,0.46028186966991314,-0.18822767484412348,0.1185439832198315,-0.11112943920959895,-0.5268827190977059,0.25732965294342375,0.01018252513961069,-0.1595411287620814,0.24949655941622836,-0.3910374772282872,0.10030473519858153,-0.6724376604443293,0.47224125963112384,-0.4835463513962174,-0.4294597876371476,-0.6414067452160149,-0.9295822860382308,-0.9600097013556129,-0.9198193026518043,-0.6180411036888451,-0.5020890831694087,0.49151374787575025,0.8689543451086623,-0.6600461449250741,-0.8211879356540507,-0.4287566781133676,-0.9569690061998248,0.301557159184173,1.0135331537331744,-0.5904329177838876,-0.9203090280198856,-0.5003139678368482,-0.9684109348238025,-0.7872760492840515,-0.6311011442092476,-0.679338204428628,-0.4600759802097243,-0.7089598790234307,-0.4212976960691665,-0.001134664228699991,-0.5592821271119423,-0.49121179911798446,-0.32009701013242114,-0.7596906781802075,-0.3611066454617564,-0.2984221178314881,-0.32921768075221636,-0.02870686471069236,-0.4410923162644175,0.199107277497143,-0.46825415883476723,-0.08700771896900006,-0.6918660181867238,-0.39827268267771576,-0.37909708389054975,-0.5120709180686029,-0.4606258117076264,-0.3684950271959739,-0.3423711961452358,-0.3704697069877724,0.39180959149330796
-0.3596671705707806,0.550038890920955,-0.6216383140916764,-0.4211277914902442,0.869384067883665,0.9259244365713176,-0.9386962599563567,-0.8911701338136953,-0.868862681400551,-0.9701339937856946,-0.5102154497754878,-0.5401138292017538,0.0890513657503301,-0.2596619628904913,-0.759372813074563,-0.1899139344356971,0.01012256532164219,-0.15959288778526598,-0.3505489905494994,-0.2110683485301238,0.07097849822906019,-0.0028376864060508113,0.20101546410719168,0.3719574599787728,-0.04007724451585468,-0.11327211925270671,0.21844453819596607,0.8316452722594044,-0.7073616144513957,0.7199405596712933,0.71860270197827,0.8986286759788046,0.9770404048172379,0.9478065771139601,0.9373800455020032,-0.4690635056780218,0.03194907932971094,-0.058906398069648126,-0.9790752460125405,0.0821761330398446,0.14192317412569372,0.4218220579096508,0.26083888239054914,0.6599472320457459,0.692431578812259,-0.5724253756066271,-0.11980163052959557,-0.630656034738734,-0.6522913125674392,-0.19880417524578708,-0.3604239876871578,0.13730156690090908,-0.27802401367665186,-0.6205792213054194,-0.332432811084067,0.22174497073946792,-0.39923609461485315,-0.45105523983451024,-0.4710429316412858,-0.22073110695349085,0.4192168720211579,0.5481372334236532,0.6085277491322788,0.4884206764769658,-0.3297136208928716,0.5990992657225728,0.7594974070404352,-0.640936201095697,0.6300267435661325,0.6494799251477172,0.7100747874603557,0.7482041683241643,0.6870732471511463,0.6294967242427676,0.0794462867528136,-0.28804284371599337,0.33348711374409745,-0.7307683158783156,0.9484540449408934,0.7628103940023537,0.9516218920490139,0.627809058014739,-0.9170070198907976,-0.5904329177838876,1.0127721750481926,0.7269951914036149,0.981092622387199,0.6905949469657344,0.8301463438709277,0.7905119270274826,0.6407100345443084,0.7016443835547218,0.43057902222847383,0.6604183439034201,0.6992686560468117,0.10827949637129601,0.8292222057006942,-0.012492217830650423,0.6195546394931758,0.7015622499097309,0.7107455911969507,0.21359174766119993,0.6307294094450596,0.10820717524121712,0.5207945560806017,-0.15878554861512245,0.7511716908569731,0.29908885638865895,-0.4012739574890502,-0.4585447077079212,-0.31735962568161397,-0.32168921452364685,-0.35773830124356726,-0.35170447698784285,-0.35857429819009273,0.377725731851749
-0.12910037998383042,0.21903723513198345,-0.37098432707013057,-0.24968173913360664,0.7099674590425742,0.7284496080363003,-0.7420312721138542,-0.670014170671182,-0.6892107730734078,-0.6899440895040974,-0.2686253072364123,-0.3287508847476687,-0.46771179703945454,-0.529584119444093,-0.7005937584841657,-0.4892730544003159,-0.48879957509842537,-0.5110256085819076,-0.5419582379919515,-0.5694450509536859,-0.5087950305616985,0.511505120053435,0.5889535479807062,0.6479798878457135,0.5190896494220347,0.46106892958424356,0.6728383804756244,0.7664410726541078,-0.7194021328081177,0.6973948220381355,0.7011629797158838,0.7621251431761505,0.7502939238272932,0.6332962135360211,0.5897146703916851,-0.14909092613376151,-0.5417526337356413,0.5392153726732093,-0.7512446640753928,0.2107268037360408,0.3666850255831911,0.4771349255293786,0.37331075062659475,0.8292964876574644,0.9110484706229842,-0.6880301805712744,-0.26970174752065235,-0.9077292787740437,-0.939059313460104,-0.051335087077898606,-0.010795696105554944,-0.43085024183518156,-0.2210360565278782,-0.8111439505997246,-0.09090020784271355,-0.33162493209138927,-0.07957406882786387,-0.4192038593852342,-0.11158341408695016,0.39773491297989066,-0.11601015233335438,0.16068162105042721,0.30974231694599014,-0.05142445411700461,0.26096212136182406,0.12847154101259733,0.8315414042823056,-0.7396074340880083,0.7374476292575028,0.6586600085612042,0.8126791068616648,0.9877772250150674,0.9171450158289275,0.8997449248581552,0.33815871282323845,0.21030822147236972,-0.26183731297405044,-0.9908800661370822,0.7815308791176446,0.9496849622265722,0.619352344788718,0.8815098936606314,-0.5430111476830576,-0.9203090280198856,0.7269951914036149,1.0119295020384593,0.6785710641435108,0.9770119299897377,0.8289991080362478,0.8686942887327961,0.739234664160329,0.6024917090692703,0.7004210752877847,0.5278363617612427,0.24653247253877866,0.46179307716240225,0.6510559083538164,0.25962736786685897,0.799371651560155,0.5198409852882908,0.4513325553552196,0.39980665567357837,0.21225987643150565,0.44848416985866885,-0.0011036679215351872,0.3406764357441961,0.3003754702070023,0.6301693430746809,0.1579915096281955,0.11023458802771052,0.2804782397531153,0.2711752916699417,0.21064949670029626,0.1913574579015088,0.19929793288077308,-0.18830834569481752
-0.5017903965219295,0.6774717784334188,-0.7407267249290126,-0.5581861925968181,0.8382138640264802,0.8898036488559107,-0.9196465789240597,-0.8671988927783497,-0.8008776323321883,-0.9387680237086551,-0.6104155164639868,-0.49941242359225546,0.12059301157022788,-0.18123751683047465,-0.6782407580746513,-0.1197319658522736,0.05195037924237971,-0.09166509698292788,-0.25943484404566797,-0.13778962348700408,0.1384683798801284,-0.08907348511141937,0.11891843947090758,0.28116700351977136,-0.1402498542167527,-0.19879806435729477,0.10948410475323352,0.7898773415262885,-0.6273745847289435,0.6423110929948085,0.6476146036717285,0.849336440056851,0.9411696307384146,0.9786963709472746,0.977442881027175,-0.5809441689939705,0.10249326346190919,-0.14768206923837765,-0.9315190635439146,-0.029348404661836833,0.03418286299599263,0.34034730071411734,0.13763927966798112,0.5908028874229722,0.6322366422545803,-0.6217980404621583,-0.009179600276068314,-0.6294661018054692,-0.61178556741149,-0.3385561760109725,-0.38086103412798333,0.17072399023836346,-0.36185595818482613,-0.6191927435930002,-0.4009454535744052,0.28962538293534834,-0.43894634218528833,-0.4603561973842125,-0.5001388983886021,-0.2912517722928788,0.4695872126592158,0.5597522532576399,0.6009909409449712,0.5408490447977412,-0.3986579470539801,0.6404327380536086,0.7192261391023397,-0.6397534498174107,0.6214494634985581,0.6296299306380142,0.6774035218524462,0.6980703781548788,0.6196415046519722,0.5601151935464668,-0.07787825956168817,-0.36072651253408955,0.417987478436199,-0.6918837245301341,0.9181235540213878,0.7198078517171403,0.9885284030933225,0.5512746470903068,-0.957385116240185,-0.5003139678368482,0.9810926223871989,0.6785710641435108,1.011664941597365,0.6296676508190077,0.7684746374349769,0.7896199320693389,0.571451946956135,0.6603337875463269,0.32108657303879545,0.6099060168595227,0.7884068862570711,0.07143827405316819,0.8323407596557043,-0.009818907581956452,0.5309275791551034,0.6670818506826501,0.7323710249058466,0.21251869195859263,0.698634910886485,0.07129655204492887,0.6086236004293311,-0.2306956620906359,0.8281387712635178,0.24689711731728353,-0.49087989088825673,-0.5534379371957863,-0.42084829751992525,-0.41927806689467,-0.4397575609726186,-0.4337480445333269,-0.44865441071886,0.46271782090465047
0.02113360734425078,0.07950910832599885,-0.2984860518986705,-0.10970853371177039,0.6799906833247605,0.7016017697829052,-0.699630088694632,-0.6885579685544947,-0.7007622381566154,-0.6886270499337453,-0.10135303545707885,-0.21006018686706768,-0.5110889266260454,-0.5802742243299349,-0.7193820248936187,-0.5397122609001674,-0.5219427018639246,-0.5597868485278796,-0.5802551410893803,-0.6093251289786404,-0.5583410730346668,0.5588740761756049,0.6293935863768897,0.679505405053874,0.5808015870177516,0.5200876110558781,0.7285959312842059,0.7602067951634933,-0.7422228059157157,0.7208633597290983,0.7195407938909111,0.7512580150096085,0.7291710693534498,0.5882923807775375,0.5315273375431734,0.019058494681297816,-0.620916028060745,0.6200963394342603,-0.7406503445296917,0.41041689413175986,0.5518776664257338,0.6492562936232541,0.5473534098930017,0.800724931385204,0.8896037830583243,-0.580518752969916,-0.22110618800206722,-0.8184097592306925,-0.8687810329894167,0.0603935436176749,0.12998471287265914,-0.48107935237969596,-0.11885854934662339,-0.7078097013235601,0.021583269353683193,-0.3700642059974848,0.0218510103597205,-0.2820315696273273,-0.011990886465268488,0.4594271863522411,-0.19213075692084844,0.07177925604175678,0.22162419549974086,-0.15803602065127917,0.3387961311336993,0.009488212903407204,0.7815042557468697,-0.6288345630065627,0.6313614932424109,0.5634327756475165,0.7583706300164418,0.9689468946602269,0.971546414725379,0.9590036661996165,0.4380854950750934,0.3386274473895998,-0.3713339942585356,-0.9403936298447059,0.7665760447583432,0.9203374652060701,0.5622599867174628,0.9601185474206753,-0.4502167151397436,-0.9684109348238026,0.6905949469657344,0.9770119299897378,0.6296676508190077,1.0098015267714031,0.8585505716428182,0.7891588010450616,0.7404291246053194,0.5293090385248688,0.709173294825002,0.44988187492029186,0.17194642260596937,0.581216974146873,0.6300724133868902,0.3700365385124167,0.8088242160518339,0.4188973504387084,0.41739145713695486,0.4415497013717365,0.15827279189520618,0.5186550443579914,-0.09090090720868775,0.45117264082249436,0.2317398338066528,0.7298970658305856,0.29146594508096507,0.24017072930445862,0.4002817967135633,0.3793324266664991,0.3083027021204394,0.29101591824829254,0.30842446507163834,-0.31088655947730603
0.02747937814815571,0.1324787742603688,-0.29060447828868874,-0.06890838295232898,0.6324996837429744,0.7096318034925785,-0.7981417957562842,-0.8411627028899314,-0.9107472004823071,-0.8303528556159415,-0.119568571701774,-0.41163356156570513,-0.23093916401077427,-0.7186475521432947,-0.9398114128535301,-0.6691830968420648,-0.37819389431936573,-0.628568815390931,-0.7696130828242383,-0.6605297980097999,-0.2984706115979794,0.3805219285259443,0.6095151724876523,0.741758889250385,0.3614189697365186,0.2585249077439889,0.6222508480744986,0.958673719224987,-0.9519795313873612,0.946915113848482,0.9482272605901593,0.9502071002220499,0.7969526565945465,0.6702242110132708,0.7310822800769473,-0.048752260991649386,-0.40090268988971844,0.37293435691230875,-0.899945308539028,0.41146177888403723,0.49825659026757074,0.6181457600954832,0.5210229877173379,0.6012728667831272,0.6882401136634545,-0.5390633874204709,-0.07055739197857035,-0.6820906658311278,-0.6610594285243587,0.02051517750313794,-0.1372260855634728,-0.1391686114895498,-0.2910820123456181,-0.6696130045707968,-0.27812426370327664,0.06197868168974397,-0.32169040687203104,-0.4210549437599478,-0.370431557655837,0.07789707705473918,0.20977725034909397,0.4169638374534088,0.5093345833778553,0.2189889323449755,-0.0395357066909609,0.34776732763904505,0.8497914453738122,-0.6706871618606781,0.670600101495549,0.6794464410104211,0.8075153146321904,0.8106794950088652,0.8292695178236134,0.8708460788224497,0.29969484518491046,0.008885081173882092,0.0008676448251484724,-0.8009238127041979,0.9493253444939204,0.8888822092387211,0.6903877804799564,0.8388685940947099,-0.5794110819228974,-0.7872760492840516,0.8301463438709277,0.8289991080362478,0.7684746374349769,0.8585505716428182,1.011860222923626,0.8205401683453099,0.8808926023563377,0.6904878906993714,0.6908760164764974,0.59957393941337,0.4804962739754522,0.5087169440501541,0.8770958576934657,0.3414019626877504,0.8711085902346541,0.5698339044082119,0.72188317070915,0.5084496764071955,0.49034067704198486,0.46075887702442364,0.2194813277162843,0.2488210796426551,0.5001567386284783,0.6489193343070794,0.031109441545663936,-0.048434717000858586,0.08887121720815726,0.06342163201476549,0.006637749456383051,0.01167014492879558,0.030239308864488845,-0.0381217173852105
-0.38238407847623007,0.4800568363772561,-0.5366903124591592,-0.46066588925225843,0.6298037936097184,0.6782993977555037,-0.809947004939323,-0.7205115784039555,-0.7211272914717167,-0.7218396443258767,-0.5382724549482393,-0.5584814215830006,-0.26983021689833964,-0.4999449313409545,-0.7261267157093848,-0.4888383219159929,-0.43981647609359154,-0.5219638459995662,-0.5597280048665157,-0.5702296321675725,-0.34901032376919583,0.4194145410977037,0.5688219380604472,0.6611870559018285,0.3503809067713249,0.29983136412341516,0.5487928663088341,0.8611721449615448,-0.748783423693497,0.7377022383566277,0.7628146015733784,0.8375568434361405,0.740504531896576,0.7182842513823193,0.7696000151734531,-0.4572945637279495,-0.2999513754689123,0.3009120010385243,-0.787948486446738,-0.06723170689956515,0.05162449143532125,0.21019993342664378,0.06755655078715232,0.5891632340601747,0.6884853811323487,-0.7795072883229744,-0.10200851027475928,-0.8802655262841287,-0.7709524597620415,-0.32881644644622327,-0.3994400299740418,-0.1691341576039515,-0.589732880846973,-0.9402872213819098,-0.5592624451330935,0.008640089115588428,-0.5184770874364965,-0.7512421049227983,-0.49257906367895776,0.10772537215475571,0.1670852202367026,0.43980835866387585,0.527774300187463,0.25879815835392767,0.007546791739601699,0.44122034091767975,0.9324719911060744,-0.9397610120970347,0.9294163041810443,0.8804617904199552,0.9284019413887955,0.820515229186708,0.6905598826412528,0.7488726327198052,-0.029773382348829487,-0.2298688869566757,0.11217046455879388,-0.9010142277674645,0.8602435748844774,0.9472390697604888,0.7510466537469115,0.6529438331844202,-0.7217928143716928,-0.6311011442092476,0.7905119270274826,0.8686942887327962,0.7896199320693389,0.7891588010450616,0.8205401683453099,1.0114112775970971,0.7991008120419626,0.7399373298514798,0.6394771544377661,0.6101062215428869,0.5695237387370329,0.34030811292288254,0.8416922945191637,0.21950979330063744,0.7908421619528455,0.6480120151001976,0.6898699518462846,0.5297449319577584,0.5000512201164148,0.4502139859904501,0.28045226765193343,0.15854514359869337,0.5688013131296901,0.508656260769316,-0.15284508905920563,-0.2405877872501616,-0.06095289317694926,-0.02010181458432908,-0.031930711052646554,-0.0372655340712201,-0.060305618866355534,0.09699897180982685
0.1005264255351217,0.02147131969434835,-0.08916777310764855,0.04894963574139302,0.47944356673157984,0.5406808090080822,-0.5911929398676121,-0.5897774349531065,-0.7385017435839668,-0.6202654019330083,-0.04003388907137883,-0.5890801743318664,-0.272856981497534,-0.7009119594536736,-0.8312878046139027,-0.7325936105870965,-0.5693894044096951,-0.7784075355768296,-0.8200757192972804,-0.8411548478457918,-0.45097031706738033,0.6114133058425067,0.8379341694943884,0.9300725716275193,0.5489930226729208,0.4401464228678167,0.7881845112697495,0.9394015112566511,-0.8968209407356531,0.8794067018675804,0.9316254514477028,0.8898952409015611,0.6113881093399831,0.4697727444634129,0.5685940528750049,0.018462459280665647,-0.44739396786516883,0.48268659570067085,-0.7215636999564251,0.30926722508071436,0.3789428778761769,0.42128936197382394,0.41113626220294347,0.4808002043726018,0.5608293888764854,-0.3591198663407412,-0.27854768126945156,-0.6212474676942885,-0.5714948868357211,0.19099869164582328,-0.27933298920387617,-0.14067493387932653,-0.28052380524867043,-0.7168717957377505,-0.39785855732033276,0.04791731522048467,-0.5001641645239653,-0.6295001628062801,-0.5397303106919366,0.15793127286171244,0.20833965667680537,0.528839518987209,0.6290338693369412,0.2205598955944804,0.03966972890613154,0.3908501558223557,0.9294600454172305,-0.7689020002849942,0.7928373528401317,0.8415251464119098,0.9170706110479084,0.6987609137762189,0.6684015046464523,0.7797513506689842,0.3708968475823278,-0.0325072374999024,-0.01961540090386146,-0.7294027759120761,0.8258036042255679,0.8792083832140873,0.49911349773175184,0.6900909472485555,-0.4175034778414249,-0.679338204428628,0.6407100345443085,0.739234664160329,0.5714519469561351,0.7404291246053194,0.8808926023563378,0.7991008120419626,1.0114177105434539,0.847648067623041,0.8883940407254249,0.7291202939271954,0.36222645892535754,0.45795393118595557,0.8226811528000594,0.2886436278990701,0.980078972232735,0.672466540826918,0.737566405639469,0.6009993844867614,0.42991494912792155,0.5311414567414471,0.1315933394225067,0.2911928895464178,0.3821322806024579,0.5977261402412327,0.07876441244480945,0.008193555149834844,0.15956222679838933,0.15262364376161835,0.0996815090568435,0.09904632250221718,0.10252715042920925,-0.09228568178953857
-0.1792270593286096,0.30993947358507745,-0.23189444617823185,-0.17070135880624246,0.6386624264218049,0.6681145355749923,-0.5886641286403436,-0.4686178602825738,-0.6015874707653697,-0.6216393421622077,-0.3012534974236337,-0.7999672653490744,0.001905805360899718,-0.34019290095089205,-0.6292117484899271,-0.3981796687627759,-0.2889088892462589,-0.4611304026587928,-0.5134539184451347,-0.5500923021683026,-0.1523484927468236,0.32724410828618183,0.5607255162363213,0.6785708490592036,0.2189531854461901,0.1310908655198751,0.48128864345894856,0.8299344599299898,-0.667188329685405,0.6590874606366706,0.7297615104241771,0.8308224427742175,0.7017399608122179,0.6113764599413274,0.6702305840248166,-0.27984227707094705,-0.092513288586763,0.12903761352843565,-0.7129349201429795,-0.04997100716094955,-0.011040486734149037,0.1390499333834674,0.15149511097273166,0.5098489671964197,0.5292811739273873,-0.300112082743423,-0.44918039682198335,-0.550784656974843,-0.5406444743515251,0.1301033613144832,-0.5308698057293487,0.12775633475912795,-0.23802076276809103,-0.6813216343688409,-0.47360971572716976,0.21270951702624163,-0.6594662981630025,-0.7617282721759469,-0.7669048041992688,-0.12061862673700484,0.5011090314837716,0.8087181618318146,0.899807134210983,0.5607386894946357,-0.2715261427024509,0.7282343533157852,0.8920689996731018,-0.7789746522580255,0.8075134503483872,0.9074898368483375,0.8686178630840797,0.587839493108499,0.43036797443704544,0.46821223454005545,0.2701418520566348,-0.2994765325510769,0.3086115938672672,-0.6301471512328946,0.7787132692223335,0.7482691475856831,0.6285347767320498,0.3985996819091164,-0.6120757907637479,-0.4600759802097243,0.7016443835547218,0.6024917090692703,0.6603337875463269,0.5293090385248687,0.6904878906993713,0.7399373298514798,0.847648067623041,1.0109919945004817,0.7539656839999515,0.9670649945379886,0.49026592242593414,-0.03686449250131984,0.7403284465012219,-0.19000299475201582,0.8187477643860226,0.947560221538358,0.7395720770949837,0.22202760059488708,0.549636581852405,0.07750098518793011,0.43077051992786913,-0.19960591736900749,0.5569765721396764,0.12852295498305397,-0.3603377986184445,-0.3802739926857505,-0.21732164585983238,-0.2280745873633346,-0.2889504502987216,-0.3109057851517256,-0.32061251114958145,0.3412768075429387
0.3103070594870543,-0.22277001280580505,0.16741826838247548,0.2392882634967704,0.4486055637643818,0.4684647994590679,-0.4080428209963358,-0.35963741167022245,-0.5403608415354338,-0.41884509129113573,0.10028993680928232,-0.5704542952491278,-0.3109820812563187,-0.6018608411271981,-0.6605012204889229,-0.6582191358358078,-0.6094316654941082,-0.7298436720561373,-0.7402793175268735,-0.8313215720727714,-0.5807695958552488,0.770657074603686,0.8974835303363058,0.9211317851058324,0.7480737300933185,0.6508024738356973,0.8991932244371694,0.7183545808848619,-0.7282516727452288,0.7001894153600183,0.738702348192416,0.6704397793026672,0.47315995077666395,0.23893984235945478,0.2512011297079005,0.19975635974580117,-0.5093299858781151,0.6305255570276116,-0.5324701205298678,0.3598351837257198,0.4189295592365404,0.40017983595113393,0.49183260179676563,0.5897372381306593,0.6299347635424365,-0.15134000505001513,-0.5985458049831711,-0.5208228255931449,-0.5818946216808192,0.4313265347692783,-0.20107175815327774,-0.2299875160098833,0.020920272881357324,-0.5918824747796967,-0.1314813687168987,-0.22813518671031405,-0.27057402482513565,-0.5208447086290867,-0.32852526873772153,0.3810499103818998,-0.06094399892427596,0.31076610113073216,0.4508728840457619,-0.04130989019676625,0.30864683502622264,0.1483692201140207,0.8202687024311418,-0.629222121682885,0.6783374375773362,0.7275359526533336,0.818780101254632,0.6896750264620213,0.6388700563729379,0.7086132352118968,0.6201811798957365,0.15021538070240226,-0.2697984807840733,-0.680443569106484,0.5884132186142997,0.7899116984012887,0.22930251971318658,0.650318731931665,-0.18244413682780633,-0.7089598790234307,0.4305790222284738,0.7004210752877846,0.3210865730387954,0.7091732948250019,0.6908760164764973,0.6394771544377661,0.8883940407254248,0.7539656839999513,1.0087334298040123,0.6883238400920764,-0.05054994442459101,0.35196358543816336,0.4976714783770019,0.11230451760101462,0.9405654185357183,0.6282395958605923,0.3686734971469547,0.42221014295751486,0.00842611384649975,0.4766384254232185,-0.2396201552417206,0.43031488907258636,-0.009139111946771842,0.5110082090296992,0.30002679858111614,0.2698960313606655,0.4293663352313435,0.4383358335539448,0.3804513147519023,0.3609904631117471,0.35830529074085826,-0.3372242548116244
-0.14088653800167306,0.2783622337287305,-0.17112762525130512,-0.1290091009594794,0.6788415904315412,0.6909371439989835,-0.527621919293715,-0.3809353337992727,-0.5280934341611752,-0.5724659229370482,-0.27023950722916246,-0.7820722412500181,0.10097880749598331,-0.21981728374954898,-0.5399312817319635,-0.270368254083535,-0.13947179063037854,-0.3199145092688005,-0.40723668020681036,-0.4099204213541919,-0.03818032855353552,0.19096735322160716,0.42758780637707566,0.5487962016134786,0.10272506698895481,0.019112227793257927,0.368414787155062,0.7208752836234411,-0.5600276023250655,0.560913298462224,0.6213767535741735,0.7509467941603414,0.6967705874905131,0.5808734931832344,0.5996668824416146,-0.2489055460593222,0.002166994820097441,0.028834678219392014,-0.6665466290930617,-0.06743483795714147,-0.049913440633882755,0.1113412848366773,0.16908941072912104,0.5589543564963669,0.540997838642002,-0.20052632697068365,-0.5599385955482534,-0.4612217489479469,-0.5203389284647213,0.21876438257787925,-0.48817053975082697,0.19942426540631317,-0.06127019777639324,-0.5522334200284414,-0.3215818393880374,0.20151874840249875,-0.5519305300696035,-0.6485037627016558,-0.710996228335012,-0.17874932340146163,0.5506069912265444,0.8208921998688223,0.9186715201128074,0.6012358646689342,-0.34826562984858306,0.7482948500858336,0.7777301595382242,-0.6409286046546595,0.6711241668815486,0.7912608705093941,0.7389087257673941,0.5324478798367092,0.360681133511152,0.341335363552056,0.3511375411151072,-0.2613086572950805,0.32951295991286533,-0.5502612757254988,0.6915538104460641,0.630511522981616,0.578125967121717,0.310667016677836,-0.5790788392907739,-0.4212976960691665,0.6604183439034201,0.5278363617612426,0.6099060168595226,0.44988187492029186,0.5995739394133699,0.6101062215428867,0.7291202939271954,0.9670649945379886,0.6883238400920764,1.0104046450837463,0.39843509119821174,-0.22088072240030407,0.5999810720408947,-0.3902926952456347,0.7177621437063064,0.9790271482540945,0.6194001605518026,-0.019780471665043483,0.46949111068504423,-0.14960341761920926,0.43146908227519676,-0.3393239937660545,0.49054360361182686,-0.05863308820806795,-0.42859963462110967,-0.40983819432956403,-0.25970556415333623,-0.29144082245001807,-0.3703783121683491,-0.40926931574132586,-0.4086412554575563,0.4190505517377769
-0.6669784775207127,0.7822512010824326,-0.7395392142371268,-0.6317012378697343,0.38037856415241206,0.4601371139373374,-0.6406624003835407,-0.6272802344612923,-0.5407208134111406,-0.6489627952645418,-0.6298830986258741,-0.38853889682564385,0.25882336961866975,-0.05933367753951941,-0.43135175542535287,-0.030021613990490918,0.159790802880132,-0.0006021820037666288,-0.11027821527895805,0.010550701504077225,0.35581215974083624,-0.3293114685974059,-0.09821661235459946,0.07896603083740973,-0.44207386188658276,-0.4729408766434244,-0.22023790690093692,0.6088671780782744,-0.39973632148476296,0.4312328960724994,0.4609219343213586,0.6287942204800092,0.5709724241839061,0.7602449327741689,0.890373168991847,-0.689416469828559,0.3105036550906603,-0.428595046400938,-0.6209102793203137,-0.30866346945538686,-0.2896183397099535,-0.03917990508514956,-0.26239360175951415,0.021861146489235785,0.0897006016161262,-0.5409975434764865,0.3994306920515989,-0.37001569527805933,-0.18916502144537012,-0.579396736594945,-0.4809626691325889,0.3498508533647791,-0.6496660337792939,-0.4602285562583474,-0.6876978374668891,0.6200909909261658,-0.6686433528977856,-0.4908029156733373,-0.6688525810029892,-0.5815285592707728,0.697291895036224,0.669927686675012,0.6208646514474698,0.7503546679734028,-0.6607309235139605,0.7687530904864515,0.47104199574431016,-0.5283663545888281,0.49195033852528963,0.5215303202851136,0.44854161254972175,0.21185311441145674,0.1406287665694623,0.187059880179022,-0.529086304588593,-0.6225174967124997,0.7119998844537105,-0.29915914164000235,0.6865843748700725,0.377664996553866,0.8291521749037052,0.10932304181404928,-0.8112507900543151,-0.0011346642286999596,0.6992686560468117,0.24653247253877866,0.7884068862570711,0.17194642260596935,0.48049627397545214,0.5695237387370329,0.3622264589253575,0.4902659224259342,-0.050549944424590994,0.3984350911982118,1.0106025394050149,-0.011084930598397259,0.8015517689556417,0.08100810422341267,0.2221606908580786,0.45191342734374823,0.8568561863990626,0.2889208308029338,0.9495315622559445,0.010275223556417102,0.8922988355398561,-0.44958464812962995,0.9784611507944297,0.04905829802005964,-0.70986306968129,-0.7910001997286124,-0.7471388139687866,-0.7289373964172393,-0.7114902864757601,-0.6869060487632027,-0.6997434947312744,0.7089815931942821
0.3391524909747536,-0.31941780370385514,0.029410774680749638,0.24224630341647907,-0.07152645705019099,-0.01763935135515668,-0.18189058764870789,-0.367825787799689,-0.3496712674104787,-0.20049338437546746,0.3603713009214561,0.3191268878084847,-0.6897513050235757,-0.6308556728745273,-0.43045916561070957,-0.6106432396642245,-0.6906707455865383,-0.6402780904973504,-0.5223704314033855,-0.6282358686220437,-0.7013220465204707,0.640789148147773,0.6106088422828123,0.579727689482697,0.677265080429753,0.6607595535776594,0.6589289484369732,0.40881299762237716,-0.4899760078928248,0.4610291779261233,0.4700936639773865,0.3095889088662106,0.06230199379271766,0.010955487832509162,0.07992663271522822,0.4195344340488435,-0.7813921986051863,0.7588499426510379,-0.20157536650592764,0.6312767249356408,0.7190728228258564,0.6077160398585384,0.5074920017066229,0.0589909650881618,0.2004635751694012,-0.25838510914752866,0.3386370342576011,-0.34959858443082625,-0.2385720974365664,0.06946569058111883,0.4509585806692334,-0.6506589891524002,-0.2395033848564157,-0.3188555409215522,0.029457779853335135,-0.3800388172677527,0.17109835592314543,0.02943834430209596,0.2893573317835504,0.608399183051175,-0.511222980792113,-0.3767977291434656,-0.3000179461400929,-0.5485641844214248,0.6010994720828785,-0.48003370936553563,0.3317146435851767,-0.24883530442669755,0.25031881074849754,0.1572317773281906,0.3600525772023833,0.399346705918307,0.5992921190652536,0.7598469161212181,0.18853858484353275,0.5115078203623062,-0.6022410571730816,-0.4084922580854901,0.29960567630830315,0.4811748726832022,0.03065260855839474,0.70050868791043,0.13776553228463934,-0.5592821271119423,0.10827949637129601,0.46179307716240225,0.07143827405316819,0.5812169741468729,0.5087169440501541,0.3403081129228825,0.4579539311859555,-0.036864492501319845,0.3519635854381633,-0.22088072240030407,-0.011084930598397238,1.009324679479927,0.3981831416430385,0.9491632700828425,0.4682076881376279,-0.31031600415710936,0.24849878528056918,0.8303117388590505,0.02033607761294408,0.8994962593155421,-0.3320982172431516,0.8280496523434357,-0.053035760930189225,0.9604915712199591,0.7077205000413866,0.6089750483532879,0.6308279628790519,0.6369975097051279,0.6203657299055441,0.6393035376852015,0.6617930121935194,-0.688691791086589
-0.2991821110765784,0.44684676848633603,-0.5175118641369427,-0.3306302021822274,0.519725792841718,0.6106534094017947,-0.7803711118465064,-0.7986479229818636,-0.8199462417940606,-0.7991649336177186,-0.36095854702906527,-0.4908336327859164,-0.09860858074836074,-0.5301776721589793,-0.8093710974184888,-0.5104221434323204,-0.29058015700089285,-0.5088979674262255,-0.5985696910933819,-0.530078889424201,-0.1238041719410259,0.20854071451129522,0.46809085118699395,0.6284300606191867,0.11958354369553405,0.04024731266087985,0.3890599363815088,0.9502780065515309,-0.8275426395039246,0.8300370797975395,0.8706405083062484,0.9283517640204223,0.7303126207601894,0.7503086741592361,0.8884084616681934,-0.34972306233190037,-0.17968748597213136,0.11806626476091968,-0.8374249139230291,0.09959468994168429,0.1623510817131565,0.33247256590045304,0.16937242811812395,0.33058879863464063,0.4329129523312745,-0.6004846235256951,0.15122471196752366,-0.6398506372940361,-0.4989907091197373,-0.2519375043492198,-0.3512849431151834,0.02927496736140844,-0.5787317860921068,-0.7217425921357208,-0.5995579229679574,0.32914529762520367,-0.6200005057214414,-0.6107210921923527,-0.6283665563881461,-0.17283631256868673,0.4504022646740212,0.6202349784065994,0.6598622471668424,0.4873164366044715,-0.2904025858879736,0.5925504483836772,0.8433731346493295,-0.7696606357907532,0.7598384315334903,0.7816073654056674,0.8186708268794539,0.6079206395327148,0.5793990708310689,0.6789572861475348,-0.07742792280328382,-0.30128625686288013,0.3219702104461895,-0.671766851847972,0.9382981999995899,0.7979258402865628,0.8089126412117317,0.5826471875020215,-0.7282787160450672,-0.49121179911798446,0.8292222057006942,0.6510559083538164,0.8323407596557043,0.6300724133868902,0.8770958576934657,0.8416922945191637,0.8226811528000593,0.7403284465012219,0.4976714783770019,0.5999810720408948,0.8015517689556417,0.3981831416430385,1.0118945676938655,0.3402350058565187,0.7402161997902803,0.5977124041123263,0.9401473803685301,0.5993783978303914,0.8018688048906693,0.41877627267372847,0.5609739755119435,0.011343884970360693,0.7978965765946447,0.5070817777044618,-0.2795362638911257,-0.3821600918595254,-0.2680104947913001,-0.25979667795817224,-0.2878206032817926,-0.2694212346946212,-0.26726435903743245,0.2696259906567492
0.21084474890719285,-0.22278150155414222,-0.031201501942280052,0.15119407288809533,-0.2596328876343988,-0.19917656077812426,-0.07859197927121185,-0.27757457047339046,-0.2112028206868017,-0.07978245847923078,0.29761551090981536,0.4187564491225242,-0.6187949949991957,-0.5087019001439264,-0.2701303084888637,-0.48842815801254635,-0.5989737750013341,-0.5199815587474497,-0.37023302621807974,-0.47131255403803096,-0.5797815566845854,0.48239839137693136,0.4396005401467002,0.4008763679712465,0.4998339106498314,0.5111493372131516,0.44953004463332463,0.2687711467894168,-0.33182417379445023,0.3091685023543628,0.3185352548740046,0.16062860648467292,-0.09924228821520728,-0.059794464021376593,0.041764566400362683,0.3224847598721464,-0.6514152543684638,0.5978028403187614,-0.050148728100094964,0.4883919692054371,0.5600052623071702,0.4405673276225539,0.30854949983693536,-0.18981010469840404,-0.039177123182438905,-0.23925764078150202,0.5510372677807547,-0.22990417530172164,-0.0416282730311427,-0.09720154794705928,0.43085874473750996,-0.5795537033525732,-0.36153996578883985,-0.22117953587170067,-0.07125910524469557,-0.2590216419699808,0.12048316806257926,0.06955728186905817,0.2808709399128754,0.481347402584479,-0.4583063553031187,-0.39992500920520474,-0.3717666289339986,-0.49136207263522935,0.5020574838798444,-0.46904856518605875,0.1698140705640755,-0.1590892486657168,0.15048356627239512,0.04987539101348751,0.20757686464483932,0.18133765074769506,0.390664534800157,0.5711672365282281,-0.060197485582521096,0.39761026043494435,-0.47874690804997144,-0.22073763217036785,0.16973156045745588,0.29940990614266244,-0.018854470754240796,0.49953640551655787,0.17029029995796074,-0.32009701013242114,-0.012492217830650416,0.25962736786685897,-0.00981890758195644,0.3700365385124167,0.34140196268775047,0.21950979330063744,0.28864362789907005,-0.19000299475201582,0.11230451760101462,-0.3902926952456347,0.08100810422341269,0.9491632700828425,0.3402350058565187,1.0083740835718753,0.2523216813756638,-0.46968613735823783,0.24684420593771053,0.8471255996177092,0.10916762103939891,0.8591649253214331,-0.21965291803722237,0.7305736269445102,0.00953566664619982,0.8696279323702506,0.6001088243001113,0.49097091909513757,0.4779497994601857,0.49821038601766626,0.5100513889918418,0.5393899943448872,0.5577985190137182,-0.5785238118916753
0.1690420095849123,-0.051249707080209504,-0.04071514010200851,0.09982124886312635,0.5284896176717823,0.5709681983755264,-0.5809585034785137,-0.5678747922849994,-0.7108036422762624,-0.6007571612421446,-0.000795975332810762,-0.5593408765331424,-0.34178321003648787,-0.6999449508694917,-0.8098941178145129,-0.7310233039384166,-0.6111955835733175,-0.7797547633376407,-0.8100428795824611,-0.8589165504021609,-0.5382674522558272,0.6919538235799029,0.8725377451508256,0.9485450351150515,0.6472188398904395,0.5483115376242176,0.8606397232740598,0.8978011438947905,-0.871605316537695,0.850467285323776,0.8972211041376242,0.850428559614605,0.6225400679530712,0.44043271670000733,0.4979861831405509,0.079769244871434,-0.5205262836670161,0.5795756654417376,-0.7087522142713848,0.3608005410404563,0.4411263733873493,0.4711995908778383,0.4884677374054638,0.5822613356695506,0.6583707151121272,-0.3500489321163955,-0.3808802551659968,-0.648710749366485,-0.6423833638102387,0.26001436923476495,-0.21844108346964905,-0.22709148339104088,-0.19119500200048903,-0.7186117996603808,-0.28863976028150196,-0.09174149917410751,-0.3898836195907335,-0.5910789203434397,-0.4297998024387758,0.2795462509924889,0.0781006010757197,0.4282248474899095,0.5493302005272664,0.09917025384140007,0.1701612279069429,0.28088230554658933,0.9311332239530097,-0.7504280159503535,0.7803944114783318,0.8182658413039664,0.9118300848948118,0.7689813176935152,0.7370920602543697,0.8282654349979774,0.47990906627711044,0.06939859865315456,-0.14921426683971828,-0.7811843705084655,0.7889560474623699,0.906269686692799,0.44959703969701825,0.7513422262317747,-0.37070821356713124,-0.7596906781802076,0.6195546394931758,0.799371651560155,0.5309275791551034,0.8088242160518339,0.8711085902346541,0.7908421619528455,0.980078972232735,0.8187477643860226,0.9405654185357184,0.7177621437063064,0.2221606908580786,0.4682076881376279,0.7402161997902803,0.2523216813756638,1.0108015354361786,0.6600943324842033,0.6108571453299227,0.5500620427557663,0.28057294923352954,0.5385241835715655,-0.007394752250991903,0.37008208047722296,0.25859041169572855,0.61874964979152,0.1802781600376429,0.12156943749795382,0.2883900839976508,0.2820946658931351,0.21987375270638235,0.2112998958277893,0.2192368795171321,-0.20838895026078483
-0.267951766578896,0.3915470648545857,-0.2614035980054813,-0.25905763370659746,0.7091791192363761,0.719426891906528,-0.580788479894183,-0.41206795038022453,-0.5389059836173133,-0.5991934079051254,-0.41953145101402317,-0.8396889837543662,0.19741282842064856,-0.17683992912940066,-0.5320931338312924,-0.2115781715239105,-0.05011090036989562,-0.24025403957768807,-0.3628597273479825,-0.3310548270406849,0.06008420495123565,0.10821861327102772,0.34121154993451236,0.46989097202703556,0.016746628585310154,-0.0689633321669639,0.2802736814988267,0.6982559080762389,-0.5388645766330474,0.5402268255129659,0.5895222093495658,0.7401092344006326,0.7275089556060481,0.6323980535934604,0.6482358864323401,-0.39111927720287365,0.11997015232977058,-0.08142037628972874,-0.6892793027502065,-0.19178771489507945,-0.17071535698572338,0.021527807738815387,0.050315641334646055,0.580509348670678,0.5514968396012958,-0.2815051593664853,-0.5482744446610083,-0.48180959932153866,-0.5388117245107852,0.08256187609860413,-0.5996023826257908,0.2911449945759387,-0.12875678568252785,-0.5792538265433985,-0.40202863028863917,0.2772926905396613,-0.6103231638444014,-0.6909899392399783,-0.7589230585785683,-0.27132871788162227,0.5992749515596933,0.8396431773159948,0.9098423135012336,0.6669068842051736,-0.4182567679784852,0.8018502098360784,0.766150117303296,-0.6689468060792471,0.6884385339702427,0.7912869196161084,0.728704092060252,0.5317736921382574,0.32922033945248774,0.2901912784864223,0.23976773402831608,-0.39984087230999543,0.4317859393550281,-0.5583755551215385,0.70074046616813,0.6207156018802474,0.6333389317871969,0.25834298685209534,-0.6683097593169215,-0.36110664546175636,0.7015622499097309,0.5198409852882908,0.6670818506826501,0.41889735043870835,0.5698339044082118,0.6480120151001976,0.6724665408269179,0.9475602215383578,0.6282395958605923,0.9790271482540945,0.45191342734374823,-0.3103160041571094,0.5977124041123263,-0.4696861373582379,0.6600943324842032,1.0129769736257848,0.598174262669727,-0.06789892935989775,0.47940454639902697,-0.1974851548143159,0.4702994042019675,-0.4001175184174631,0.5311091558956096,-0.12762184096719303,-0.5231024333599765,-0.5175751553371546,-0.3588167284833233,-0.371158711960091,-0.43198787201519157,-0.45941392715972146,-0.4699852870490844,0.4973502551365602
-0.3323875196662822,0.47011195805279027,-0.4600203953991235,-0.31025475701420085,0.40183461741985,0.4894485618735019,-0.6110384114810454,-0.6205350885991496,-0.6618664250358642,-0.6704732207865847,-0.3183403319258362,-0.4994253003307235,-0.01999710823008193,-0.39092473713716525,-0.6575089275267251,-0.40063008179927845,-0.21156327950185147,-0.4194984352040617,-0.4690364909122816,-0.42733277519668666,-0.008455006902464736,0.06843333800426098,0.34219280301536115,0.5099752964023878,-0.049496884494189014,-0.11773953064950686,0.22250589849321892,0.8576536461640905,-0.6820839417276466,0.6894862581483719,0.7580432090115826,0.8406962747078419,0.6089417293744638,0.6786248634522911,0.8394949728673647,-0.3506351671948553,-0.06831462405012777,-0.02951821653066133,-0.7069426744733497,-0.01842189415489411,0.019065344172607614,0.17905259093939715,0.04292131819511541,0.13994230710558792,0.23140259250094783,-0.4514313804396443,0.1703060376194046,-0.48939251215537893,-0.32857998186337006,-0.20369457158858803,-0.38077560094720597,0.12184119970816557,-0.5584463673987321,-0.6108737590120668,-0.6392616206390109,0.4502650593414507,-0.690162627469105,-0.6000272777275283,-0.7197010093119948,-0.3094922702575706,0.6014709480747351,0.7374653894160637,0.7519241921571215,0.6307297213192322,-0.4488168691203957,0.7077090224108123,0.7305721377231911,-0.68222562543215,0.6794565289288549,0.7390136803321555,0.7114777076817765,0.3992140884812948,0.35762816571399586,0.4701986839857167,-0.1378862101376876,-0.3688081887368201,0.4502959635526803,-0.4814250692316621,0.8216346775290745,0.6204791925659295,0.7380650348034417,0.3699463792293891,-0.6600824100116195,-0.29842211783148803,0.7107455911969507,0.4513325553552196,0.7323710249058467,0.4173914571369548,0.72188317070915,0.6898699518462846,0.7375664056394688,0.7395720770949837,0.3686734971469547,0.6194001605518027,0.8568561863990626,0.24849878528056912,0.9401473803685301,0.2468442059377105,0.6108571453299226,0.598174262669727,1.011153914203853,0.5096919455076038,0.9216432696718988,0.259527681043246,0.7272935377463121,-0.19190394107448508,0.8682389065741136,0.3209063870863427,-0.42833588138515827,-0.5085100126301779,-0.4220887880974327,-0.43945580597653006,-0.47205198841120904,-0.46117570644437805,-0.4567957123759094,0.4494880847223581
0.05180837430806178,-0.02855895831932832,-0.12223974826466956,0.010086371505068227,-0.07199457999486131,-0.001538677683853826,-0.2790578813192502,-0.3902405152916399,-0.38817357969234667,-0.26065436087140437,0.03965960239495726,-0.07782162677197503,-0.47170887511856235,-0.5720478796493218,-0.45971326346163827,-0.6004590190795397,-0.679078250940574,-0.6704514490866257,-0.5415218907139502,-0.6705237890787317,-0.5802524387317047,0.6284112070992944,0.6678854576567116,0.6706573910912267,0.5787021646213413,0.5594905253233897,0.6092123982961821,0.5489522728262792,-0.5372666241862282,0.5111227321866099,0.5583635903627961,0.4307757081371838,0.10847507602073028,0.13001503247103677,0.27732243947017104,0.06814340632346373,-0.5271312122148526,0.5500687042623466,-0.2714545269661315,0.28176684581501166,0.35174545404567914,0.2887608327834476,0.17109148598265989,-0.07916097440402867,0.06989741419423567,-0.31337909456857577,0.3002626952103872,-0.37950929623378815,-0.16193427204385902,-0.1280910375478183,-0.04973941744047699,-0.36084596349215037,-0.5381136820972126,-0.511243035555408,-0.4514255848829953,-0.06209956640001239,-0.3195666523152431,-0.3922843851460801,-0.15184483552092273,0.33860626990615206,-0.2319922342974205,-0.04961485524573699,-0.019414454285248375,-0.22135330409270013,0.36982676077414656,-0.12054685548432756,0.537789383523121,-0.5304693968695244,0.536445163258599,0.48951359707387593,0.5887184505359678,0.3181066972434088,0.4186437837107369,0.6400239259555296,-0.08937193610039773,0.039603300709031675,-0.21964772459754187,-0.3995941700363522,0.4111527578064373,0.559103044232252,0.19053683764031565,0.4917678335786616,-0.09921643145185699,-0.32921768075221636,0.21359174766119993,0.39980665567357837,0.2125186919585926,0.44154970137173644,0.5084496764071955,0.5297449319577584,0.6009993844867613,0.2220276005948871,0.42221014295751486,-0.019780471665043414,0.2889208308029338,0.8303117388590505,0.5993783978303914,0.8471255996177092,0.5500620427557663,-0.06789892935989773,0.5096919455076038,1.009959928287835,0.29825046737754574,0.9380788950107166,-0.07001603958186986,0.6596882348183482,0.21120290572987108,0.8477356159349482,0.3808919550621898,0.2485356464272731,0.3024126227804942,0.3716078195414774,0.408750266772197,0.44042238564781067,0.4282925357555705,-0.4095551574699764
-0.5205248453098814,0.6425228544370283,-0.5884713222124891,-0.46017606555855123,0.32070015828689397,0.40248926274589225,-0.5133047789787226,-0.5188296612134852,-0.49001678936532045,-0.5788683330753176,-0.43790559035749804,-0.3703989341073036,0.15068936063291066,-0.12014753956928073,-0.42035502214324827,-0.11074953902408234,0.059284572822104475,-0.10842982956221096,-0.16168148117341685,-0.08176522090811122,0.2613110515649004,-0.267777858148023,-0.01804388965188575,0.1578327663744971,-0.3892113759037644,-0.42180940881405904,-0.14940610065323626,0.6311678436348107,-0.41979996317408363,0.4386285208892394,0.5001772318762787,0.6479068245205569,0.5195761180885039,0.6807297868599294,0.8302663417547949,-0.5105378065701932,0.19062782797863168,-0.32983668798709037,-0.5688776276226328,-0.21817862187523793,-0.20974038114501642,-0.0008526800813487807,-0.1704548238883657,-0.03186919575670179,0.03242459244315088,-0.41962962106159407,0.349544119779254,-0.3278980491071435,-0.14002992554308913,-0.3824684354839126,-0.3802817540493324,0.2691146673365036,-0.5793553777683522,-0.42957458929257586,-0.6383634490937841,0.5885044998868812,-0.6608648216541867,-0.47903504848169215,-0.6901019026756203,-0.5190401058838532,0.7211740182273375,0.7292931190455372,0.6981721510146367,0.7578222642127317,-0.6510449422792279,0.7697521977939179,0.4811583980393422,-0.5018011241882713,0.4794502284452972,0.5392843641064682,0.46013036583408007,0.1696549386443813,0.1173655279569224,0.18226886445014664,-0.3793085536451185,-0.49877563091520183,0.6413357658599186,-0.25997638611227625,0.6604585131858851,0.36033935783139504,0.7394996487642108,0.10942892286550127,-0.6908967929346014,-0.028706864710692327,0.6307294094450596,0.2122598764315057,0.698634910886485,0.15827279189520616,0.4903406770419848,0.5000512201164148,0.4299149491279215,0.549636581852405,0.008426113846499756,0.4694911106850443,0.9495315622559444,0.020336077612944082,0.8018688048906693,0.10916762103939885,0.2805729492335295,0.479404546399027,0.9216432696718988,0.29825046737754574,1.0085636593211307,-0.00043295116797054085,0.917104546879987,-0.46876548946166235,0.9577824298299803,0.05569069882617624,-0.6608431320231838,-0.7207283737566792,-0.6792875092452694,-0.6997932574019791,-0.7197470426295718,-0.7101639845942674,-0.7064914397774587,0.6905822554321476
0.22807500992444626,-0.22841919295970536,0.02162948515473593,0.1418401261054575,-0.09742448570965814,-0.040379789637339014,-0.21054899257287613,-0.3312642803756858,-0.34115723897803074,-0.1778363904917791,0.16905541377666708,0.03253168161049377,-0.5588071159922834,-0.6170618360231247,-0.4314754730360157,-0.6222113548318227,-0.717922277385881,-0.6797583752914695,-0.5604718633704672,-0.6906143559653337,-0.6912663946608241,0.7397339237655381,0.7119500849825524,0.6791628267054001,0.7396195189775625,0.7211381113905592,0.7184852295042913,0.4307785485457735,-0.5005092410141719,0.47152768315331806,0.48827890894305115,0.31755810676101937,0.039338321471784274,-0.010085022819404094,0.0798578105896538,0.2300331231134488,-0.6423570506937551,0.701826810472673,-0.19027711748004644,0.41806501258791084,0.501296329371818,0.37991806413175117,0.30028186620963354,0.03893720079171233,0.16994273290533732,-0.2693981722703861,0.18857539369914222,-0.36864989107935026,-0.22910574837823364,-0.009752864600316288,0.10914526918617641,-0.4895831576333069,-0.35086333691941984,-0.43812356995710405,-0.21947519073123095,-0.280908481073827,-0.07064149876714458,-0.22880878949291117,0.09049705550829838,0.5317710003930082,-0.4801127747028878,-0.28901573279101117,-0.23871915698943744,-0.47944285822886645,0.5982851273618237,-0.37870666740814574,0.4486483193146027,-0.4116941482538298,0.42120625929984107,0.33914913864462587,0.5000182433534704,0.3818030349833832,0.5109718119513809,0.7010350116899862,0.0804617562991104,0.23979778212547426,-0.46160913318797936,-0.42068209474452756,0.3005921499388015,0.540585986834849,0.02931654644746175,0.5808085270801275,0.06113279265073624,-0.4410923162644175,0.10820717524121713,0.44848416985866885,0.07129655204492888,0.5186550443579913,0.4607588770244237,0.4502139859904501,0.531141456741447,0.07750098518793012,0.4766384254232185,-0.14960341761920923,0.010275223556417105,0.899496259315542,0.41877627267372847,0.8591649253214331,0.5385241835715655,-0.19748515481431586,0.259527681043246,0.9380788950107166,-0.0004329511679705093,1.0100739388654778,-0.3715378291673144,0.8686600150022263,-0.060878730481581725,0.9195728711572829,0.6278806177316194,0.5078806477042294,0.560593007519591,0.631021989036371,0.6685813117565877,0.6987213683343884,0.6879580793191277,-0.6694606800867434
-0.6393512105332918,0.7386027500688994,-0.6024291285766946,-0.5512829797919275,0.30795274651935695,0.35858190017017594,-0.3878773586897505,-0.3329109030059758,-0.2792016849337506,-0.4401033597817567,-0.5315451769580471,-0.3393249248366241,0.3604764626656448,0.18021927869826926,-0.16226060072853093,0.19065002258307023,0.3483045537491309,0.20981916804152037,0.1309373510345849,0.24089995615013787,0.5210536488154385,-0.5510501395295818,-0.33778993050876993,-0.17120131459378782,-0.6698890140148595,-0.6802020025849983,-0.4610555240003374,0.3705469193150221,-0.12905968208406537,0.1594620591081371,0.20969866384777877,0.42043577549754424,0.4322315788856028,0.6308621264074834,0.7363904586803738,-0.6290371324724988,0.4594599099330014,-0.6095319339719059,-0.4121745822350107,-0.4290054498052417,-0.45057489869669126,-0.20794578931718388,-0.35185968212290686,-0.08670022701900375,-0.07201422259433625,-0.3092076520564143,0.29904755055825705,-0.15262028799626917,-0.020472412893647002,-0.4297886321987718,-0.420150353332234,0.43917296923594723,-0.4511165936830077,-0.23193714909686255,-0.5402143629592493,0.6514453826283465,-0.5910584180025783,-0.3686663240672232,-0.6568377123828395,-0.69016476681222,0.822099944060361,0.7402202884350642,0.6887200092923337,0.8685948007222483,-0.820891713546112,0.8385006380714114,0.23869957633612837,-0.30826885955687866,0.2817437829134924,0.35149543922976045,0.20985081242212497,-0.019231499827400078,-0.12927562238953855,-0.13222469425325678,-0.4692636182119776,-0.5923335117222099,0.7915016095418879,-0.05710415605607555,0.4592985058641486,0.09915759937983382,0.6773827196085922,-0.17015959177362594,-0.6791125656488609,0.19910727749714302,0.5207945560806017,-0.0011036679215351848,0.6086236004293312,-0.09090090720868776,0.21948132771628434,0.2804522676519334,0.13159333942250667,0.43077051992786913,-0.23962015524172053,0.43146908227519676,0.892298835539856,-0.3320982172431516,0.5609739755119435,-0.21965291803722242,-0.00739475225099191,0.4702994042019674,0.7272935377463121,-0.07001603958186989,0.9171045468799871,-0.3715378291673144,1.010757705710114,-0.7691211091272764,0.9205029120396377,-0.31844438883589166,-0.8714275617389442,-0.8877904473614965,-0.8780847438262159,-0.9074548699414478,-0.927124536922398,-0.9196457281380221,-0.9206605060821689,0.9079731529397645
0.5099909665291144,-0.5521448891163255,0.30883402377894553,0.3911549420815591,-0.1891853973185554,-0.17171313432653726,0.021285566694806596,-0.1028621937547354,-0.1307869857270471,0.06211967876583447,0.4209084856609213,0.25949820466359513,-0.5897207591140823,-0.5390233933905462,-0.24984972454333826,-0.5302402537561489,-0.6497987525553869,-0.569284833963272,-0.4615359852506276,-0.5824529940428539,-0.7384623525194305,0.7606040579029686,0.6387620505196271,0.5365107497668539,0.8318300729846242,0.8289537522757292,0.7207719111650185,0.12128176488033805,-0.3069542047958037,0.2701346661742226,0.2505239639869245,0.027458570647833008,-0.158558970226596,-0.2998092200542742,-0.30015854566074246,0.5207088903741359,-0.7097666352045381,0.8084359860558992,0.04128579232870215,0.5785322406674769,0.6505995505713799,0.4507659523967909,0.4607032246036131,0.1111746235007891,0.19932602758909096,-0.04131837376366627,-7.551963045546613e-05,-0.19027075698267135,-0.17960238937209821,0.22933216845665333,0.37205457099074696,-0.591469235702351,0.029854957350178995,-0.15871784565768485,0.19958913060752034,-0.5499327879603149,0.32811033979211934,0.11058830505443197,0.4603838138409378,0.731659088109658,-0.7609981920164067,-0.610127523171662,-0.540372130620624,-0.7988694679304549,0.8298625592453314,-0.718211898764321,0.16952495950415614,-0.08805962516157113,0.1022235943181241,0.0015823885339515942,0.20904029294635623,0.3111166604088802,0.47830889829327744,0.597137494197347,0.33269570255883096,0.537723822286532,-0.7610922316872394,-0.2840231164207271,-0.0006857413309436602,0.33033925389055474,-0.2979831863257071,0.5507133698509306,0.38245108170581527,-0.4682541588347673,-0.15878554861512245,0.3406764357441961,-0.2306956620906359,0.4511726408224943,0.24882107964265512,0.15854514359869337,0.2911928895464178,-0.19960591736900749,0.43031488907258636,-0.33932399376605454,-0.44958464812962995,0.8280496523434357,0.01134388497036069,0.7305736269445102,0.37008208047722296,-0.40011751841746307,-0.19190394107448505,0.6596882348183482,-0.46876548946166235,0.8686600150022263,-0.7691211091272764,1.0109029011323842,-0.5080844389320949,0.8303677646097272,0.9067744792444699,0.8311311086574309,0.8581349876472644,0.9088496524346563,0.9309757831764324,0.9487026189214043,0.9491902706911574,-0.9390744602601976
-0.649574214653543,0.7876663492760335,-0.7485761523621199,-0.6114649373067093,0.5004264749511554,0.5662177211271008,-0.6497634934155648,-0.6115024491474186,-0.5375060245587283,-0.6894936676299592,-0.5991562919276765,-0.41012121129936985,0.20961547419734783,-0.010762932787006785,-0.4120802076271259,0.011898204026565738,0.14994048662982673,0.019438588548271844,-0.05888213965870037,0.029114254863772785,0.3219758130361293,-0.32780216285192465,-0.1003117010954126,0.07222053276265337,-0.435972888070872,-0.46039219840657014,-0.20070907463646878,0.6265974752234742,-0.38107355463429904,0.4087093473650977,0.45211019090399557,0.6621653105158389,0.6583803650826507,0.8300026510548623,0.9223922557006501,-0.6586648011758485,0.27134406665935656,-0.3986980945895406,-0.6615967187134589,-0.2725144648041903,-0.2514412704634168,0.021592034105539098,-0.18766771709566699,0.12229444277257179,0.17992452372833326,-0.5027172144463752,0.2879173288895414,-0.39920066015720024,-0.2575990135566098,-0.47061372964444403,-0.4285386600234287,0.29979850775364125,-0.551540659645486,-0.47076888688499846,-0.6004313495443165,0.5503316181859952,-0.6189439482579913,-0.47946549596871646,-0.6503020437736738,-0.5316490588105712,0.6977980383117423,0.6985561983221449,0.671223668881777,0.7585313009602113,-0.6503148452306028,0.7831037393904687,0.5070410785366934,-0.5298485204638175,0.5066540795118554,0.543120771063282,0.4792136514721122,0.2807090044413225,0.20132281993979081,0.21729387575430417,-0.4008176994964451,-0.5391093841911728,0.6707361007074634,-0.35122395184341915,0.7178758593670773,0.41161516458274794,0.87372008709974,0.16005909237653096,-0.8483327431970092,-0.08700771896900002,0.7511716908569732,0.3003754702070023,0.8281387712635178,0.23173983380665275,0.5001567386284783,0.5688013131296901,0.38213228060245785,0.5569765721396764,-0.009139111946771899,0.4905436036118269,0.9784611507944297,-0.053035760930189225,0.7978965765946447,0.009535666646199798,0.25859041169572855,0.5311091558956096,0.8682389065741136,0.21120290572987108,0.9577824298299804,-0.06087873048158173,0.9205029120396377,-0.5080844389320949,1.0125623056854192,0.02026904458406204,-0.7297755674512953,-0.7871177198352097,-0.7219147756376806,-0.7299531695783856,-0.7407160299634558,-0.7296011925830611,-0.7399356032254069,0.7396405039189793
0.27024413610837345,-0.22308677648047354,-0.061245007867725215,0.15969569008977835,0.13059184801651091,0.1882298673544987,-0.35866055125677815,-0.5027636363480427,-0.49937788778359427,-0.37065586391855987,0.23018167137438053,0.12869493798259857,-0.6315217635480675,-0.6692986268616008,-0.5693455342166739,-0.6493906896064214,-0.6908780379297565,-0.6795667537867252,-0.5993730192730796,-0.6886509881777076,-0.6987122502651296,0.6886289706311484,0.689202790927818,0.6792853291815678,0.7182788177251467,0.6828229543228577,0.7404456989128191,0.5508402546173933,-0.6213422509627734,0.5916492313703164,0.5997702862585997,0.4707205942639885,0.2607682155523643,0.17995661783247394,0.21985977080620567,0.3106503882189254,-0.7507414961329363,0.7583200850045385,-0.38827157802077217,0.609270163218383,0.7167594156011503,0.6506445115500094,0.5415286731024446,0.26123091251869385,0.3991761971969807,-0.33994068879582073,0.1720688918359619,-0.4824384910309205,-0.407746013599506,0.07004101136184761,0.3099496627988338,-0.587934167119908,-0.22967363441806882,-0.44955346979758964,-0.021315766672133706,-0.35908481190017577,0.08891503077325656,-0.09007906561097724,0.1907244145517685,0.5799658244705597,-0.4582566540023353,-0.2787429977102761,-0.18824711883612802,-0.4779737953305666,0.5717260533610746,-0.3713816986555026,0.5092237051299222,-0.3886169684549569,0.39331769732262173,0.30948971129090186,0.5231007959326375,0.5822117549301424,0.7490926364703869,0.8789760089417178,0.25935263600169667,0.43090536252750866,-0.5513822662036019,-0.5787542546933432,0.46937677435438724,0.6512341540814751,0.1911578450582878,0.8200008115393616,-0.04079971287460885,-0.6918660181867238,0.29908885638865895,0.630169343074681,0.2468971173172835,0.7298970658305856,0.6489193343070794,0.508656260769316,0.5977261402412327,0.12852295498305394,0.5110082090296992,-0.05863308820806794,0.04905829802005963,0.9604915712199591,0.5070817777044617,0.8696279323702506,0.61874964979152,-0.127621840967193,0.3209063870863428,0.8477356159349483,0.055690698826176235,0.919572871157283,-0.3184443888358917,0.8303677646097272,0.02026904458406204,1.0101090370484602,0.6491541890502135,0.541828502313152,0.6092754305240683,0.6262972124007791,0.610577460022102,0.6304280187518403,0.648361615374307,-0.651814419880494
0.7195609649517346,-0.7812700384057197,0.5501956920909701,0.6280547118245813,-0.3092205005755768,-0.31899495924583887,0.3088415129535309,0.16245586569359916,0.11094907084971621,0.29781845029516546,0.7002363378985779,0.4788218491351228,-0.640700837934593,-0.4110458955612674,-0.021491733821346986,-0.4195640987967485,-0.5915333362845625,-0.4511746931968472,-0.30736640962407114,-0.4579740389169662,-0.7308007247706346,0.6891562256111097,0.5075508570032432,0.36104520550604385,0.7915355104619087,0.7975665052336449,0.623235652989754,-0.1306661746499545,-0.08184184163119113,0.04153978165480107,0.02038159227054598,-0.20898565789344536,-0.34120933422956773,-0.5195062291256819,-0.5672893242085205,0.7868866945193413,-0.7598156670741301,0.8302371750817747,0.27115929393437055,0.6801044345906058,0.7278895972660354,0.4704037791316146,0.5616448430476644,0.03915527440035488,0.09020251749248277,0.20956244295751403,-0.060014366222781175,0.018984194774426887,-0.03922013595304936,0.46907894908758807,0.6404054693096541,-0.680755430749747,0.3011251986898285,0.10975886113552148,0.5018989252334275,-0.6882837845400541,0.5810505918474566,0.3686448932463751,0.6605086742968722,0.8214133876954997,-0.8402478259729947,-0.7283929965050372,-0.6400687956686021,-0.9099878106899522,0.8794380983580301,-0.8711372144013241,-0.08944773081170725,0.19927177358671544,-0.17213344047983123,-0.25827016244989287,-0.05871326084001646,0.13848808837584328,0.3332287611305666,0.41164582273310607,0.5192923661413414,0.7875033907750639,-0.9197542325830463,-0.0792351361174811,-0.2582714648295424,0.07968885103473405,-0.5510409640042879,0.4271323962758733,0.6607248379155647,-0.39827268267771576,-0.4012739574890502,0.15799150962819547,-0.49087989088825673,0.291465945080965,0.031109441545663932,-0.15284508905920563,0.07876441244480946,-0.3603377986184445,0.3000267985811161,-0.4285996346211098,-0.7098630696812899,0.7077205000413866,-0.27953626389112574,0.6001088243001113,0.1802781600376429,-0.5231024333599765,-0.4283358813851582,0.3808919550621898,-0.6608431320231838,0.6278806177316195,-0.8714275617389442,0.9067744792444699,-0.7297755674512953,0.6491541890502133,1.0117837132574936,0.9890853163735045,0.9685754653515378,0.9608364657663443,0.94168000285556,0.9401618075960982,0.9680141855381802,-0.9884873279102454
0.7589165456138923,-0.8219698188343412,0.6111264613088255,0.676851407413583,-0.29871178325694253,-0.3225899961710545,0.3818817607897884,0.2584108729657014,0.19869387391109505,0.3581197022042026,0.74922570055484,0.5074316593585305,-0.6386795878857858,-0.32911096028744796,0.06963014188502133,-0.339716469586665,-0.5495941383738842,-0.3798213580264413,-0.21967452522547823,-0.3860438540520887,-0.7100683256009864,0.6479443627101763,0.4422869858492516,0.2906961573910452,0.7594441029986821,0.7712538349246203,0.5789992792964281,-0.21214919773958507,0.00931964671684957,-0.05063225208405412,-0.07066599037996128,-0.28039223958495607,-0.3705654457825528,-0.5577836741549718,-0.6381220847438819,0.830271605855977,-0.7428915908153239,0.8099118821979491,0.33130304388005183,0.6695361159247483,0.7083722758747801,0.45049085027607916,0.5716528620912176,0.050741153275538096,0.0802354709033424,0.28940164045724676,-0.13939596905435106,0.06949549402547334,-0.018075660150018033,0.5492152680255648,0.6899766771703528,-0.6903057185851941,0.40975870770637846,0.1768839960382988,0.6001018364561854,-0.7372725409010042,0.65752240689454,0.4211076326078748,0.7108694637827275,0.8395528512565557,-0.8499002282961147,-0.740357312349299,-0.6399117141282553,-0.9196513473597031,0.880723167462243,-0.8873252641876176,-0.15873925967862693,0.271247460876359,-0.24064037103716354,-0.31855088831892897,-0.12905289881275891,0.09935226656470009,0.28134592994673346,0.33694570145693353,0.588696521579109,0.8419347665938616,-0.9486758695557189,-0.029017154592419582,-0.33793801181615774,0.009996442687904637,-0.6092577635807639,0.3689700348425789,0.7122264432113623,-0.37909708389054986,-0.4585447077079212,0.1102345880277105,-0.5534379371957864,0.2401707293044586,-0.0484347170008586,-0.24058778725016164,0.008193555149834846,-0.3802739926857506,0.2698960313606655,-0.4098381943295641,-0.7910001997286122,0.6089750483532878,-0.38216009185952543,0.49097091909513757,0.1215694374979538,-0.5175751553371546,-0.5085100126301779,0.24853564642727308,-0.7207283737566792,0.5078806477042294,-0.8877904473614965,0.8311311086574309,-0.7871177198352097,0.541828502313152,0.9890853163735045,1.0121447122499632,0.9797106351952277,0.9509357936019772,0.9184852406190621,0.9009474620983586,0.9316163939815353,-0.9621040796133677
0.7119707658279876,-0.7585831558625052,0.5403869431879541,0.6178839418513209,-0.14011659781845268,-0.17075434491738867,0.24135589225591791,0.14972513061245396,0.08888887864250287,0.22971515466457343,0.6585414429008103,0.3710631881237857,-0.6984606431509899,-0.39063070719027954,-0.04012175045197347,-0.40833097620054515,-0.6486791819089418,-0.46945131912982624,-0.30300734594768225,-0.4916681940454975,-0.8023195141562446,0.7582499557240715,0.5697420340266349,0.4209578114573472,0.859237478192873,0.8678474872781219,0.7071417358094452,-0.0696753271089838,-0.10701277133595713,0.0612909987870974,0.04887405126085235,-0.13849096341191328,-0.22034033352829732,-0.42949334327212113,-0.5204635474401409,0.7603822641061257,-0.8018284505997744,0.8899895269968705,0.19087492483986715,0.6610144624208317,0.7200522639518762,0.4892262684593048,0.6100117323221915,0.1995138459766127,0.24237045334947777,0.1805547189475001,-0.24896866738308907,-0.0903205500447013,-0.17980099259668766,0.5502383720958156,0.6067331217819985,-0.7329033846145596,0.35138860535934757,-0.00012564741189921422,0.529276024569953,-0.7800677264994554,0.578756397684636,0.27070177191885564,0.6294701928266303,0.8972041071873497,-0.8483613503250854,-0.6609061946176082,-0.5383016759072525,-0.8911991499942167,0.9194292038015122,-0.8128657165836203,0.028990421434223878,0.09884567792044006,-0.05993006344970453,-0.1392262483928043,0.058808301565491564,0.26858709059441516,0.41818867965298084,0.46921585064093485,0.6489000253942769,0.8218615312426958,-0.9589331066062329,-0.2076554181755352,-0.19202996170840037,0.19130548849908616,-0.4899555951039506,0.49033367376632286,0.5872318413367034,-0.512070918068603,-0.31735962568161397,0.2804782397531153,-0.42084829751992525,0.4002817967135633,0.08887121720815729,-0.060952893176949255,0.15956222679838933,-0.21732164585983238,0.4293663352313435,-0.2597055641533363,-0.7471388139687866,0.6308279628790519,-0.2680104947913001,0.47794979946018573,0.2883900839976508,-0.3588167284833233,-0.4220887880974327,0.30241262278049424,-0.6792875092452695,0.560593007519591,-0.8780847438262158,0.8581349876472644,-0.7219147756376806,0.6092754305240683,0.9685754653515379,0.9797106351952278,1.01246244838826,0.9815672590713566,0.9409228897998322,0.9201876392954852,0.940465258689198,-0.9598511216100557
0.6484281604143597,-0.7073739760680361,0.5006459932096808,0.5492170950245329,-0.1715889151177855,-0.19979024626110511,0.22001419915165038,0.13979694787769895,0.08872813235496142,0.23940102521037715,0.5691119591781795,0.32227564592719177,-0.6612908219046204,-0.37868819803950854,-0.03198292862759519,-0.39988693028542127,-0.6573430963729929,-0.4711724114956902,-0.30007823663477207,-0.49868755333573056,-0.8092773594490054,0.7908479870334838,0.5909623232558721,0.43786108381889416,0.8830301717898356,0.8978379718551318,0.7122431869465772,-0.07952288690222532,-0.09859795396982501,0.058133114900990844,0.038360928110470496,-0.15663331001980285,-0.24150278341805995,-0.43937358191574444,-0.520943067912059,0.6776960778597264,-0.7610378891490094,0.8725573233076493,0.20846792661573718,0.5895600213080086,0.6428247235723649,0.41818200422114743,0.5214255748223026,0.1718600977328494,0.2182526081592303,0.1416646037508694,-0.22898568763691235,-0.0997292195814591,-0.1611831423927288,0.46011780723292306,0.5083312654342638,-0.6991132490239631,0.2781140932067289,-0.04062253099936104,0.43950132835021666,-0.7603593073100016,0.5100172684857215,0.1991145682147098,0.5919222028444582,0.886378389574547,-0.877955473901034,-0.6830608132074275,-0.5709500711376775,-0.9083538361303506,0.9468887798974428,-0.8203071305734173,0.050341484687508764,0.04248942501471388,-0.009942895733874253,-0.09891881742486693,0.09047295362259856,0.2582230036254135,0.39032420688269315,0.4595943083936956,0.551250053968837,0.7300554618308142,-0.923039476706038,-0.20940174070923184,-0.2017425700504511,0.20745991823766868,-0.48172349531960873,0.4593205828924976,0.5592412718328945,-0.46062581170762634,-0.32168921452364685,0.27117529166994164,-0.41927806689467,0.379332426666499,0.06342163201476549,-0.020101814584329074,0.15262364376161833,-0.2280745873633346,0.43833583355394473,-0.291440822450018,-0.7289373964172392,0.6369975097051279,-0.25979667795817224,0.49821038601766615,0.28209466589313503,-0.3711587119600909,-0.43945580597653006,0.3716078195414774,-0.6997932574019791,0.631021989036371,-0.9074548699414476,0.9088496524346562,-0.7299531695783855,0.626297212400779,0.9608364657663442,0.9509357936019771,0.9815672590713564,1.012582594828527,0.9872110083944523,0.969526839523967,0.9786981671440175,-0.9798042329419044
0.5896422676496366,-0.661945080363891,0.46869595479518666,0.48959954025058267,-0.23148003007128956,-0.25955531027313233,0.22880339565200156,0.1484646946498266,0.11264080443914352,0.2697785147161403,0.5001248527487021,0.3098546306060139,-0.5881640649245236,-0.34037752134727883,-0.0010078783329514854,-0.3594503819341893,-0.6097280994152289,-0.42051385776882855,-0.26935133462306143,-0.4509565877696249,-0.7522325474049983,0.7604598491809428,0.5489544432054532,0.3904712170067518,0.8494029458384614,0.8686797673496586,0.6611844959517355,-0.1288176225895202,-0.05914473242750591,0.020138562958454616,-0.008839200432064655,-0.21053615046459156,-0.29824258688461364,-0.46963904697912173,-0.539966123241888,0.6007605926657614,-0.6716028351219747,0.8070203789656764,0.2497076144915081,0.5188536802006217,0.5701145215727402,0.34180594681399934,0.4295578850753442,0.10912713158629977,0.15100778971275994,0.14111671176354315,-0.18093577082530687,-0.051983059356549934,-0.1013734140178054,0.3689225206131032,0.4280568841248372,-0.6234531395467615,0.22995351279263676,-0.019162038782613633,0.36959860356331825,-0.7082199450325182,0.4707544730962111,0.1897779628302566,0.5812620947602152,0.8327514881207024,-0.8881574561244447,-0.7191365242535145,-0.6309183871081412,-0.910286015067112,0.9385649272167582,-0.8295284256004953,0.008559326425327415,0.06063067875898607,-0.02961134019809206,-0.12114090259659739,0.053762541774514,0.19802430195374132,0.33003033008125354,0.39973108184722145,0.44045637556684164,0.6307772110792307,-0.8668225893219182,-0.15006243760205243,-0.24823599358506773,0.1610917405758958,-0.5008317176671514,0.3900433119720743,0.5528339427048194,-0.3684950271959739,-0.3577383012435672,0.21064949670029617,-0.4397575609726186,0.30830270212043936,0.006637749456383046,-0.031930711052646554,0.0996815090568435,-0.2889504502987216,0.38045131475190225,-0.3703783121683491,-0.71149028647576,0.6203657299055441,-0.28782060328179265,0.5100513889918418,0.2198737527063823,-0.43198787201519157,-0.4720519884112091,0.40875026677219706,-0.7197470426295718,0.6685813117565879,-0.927124536922398,0.9309757831764324,-0.7407160299634558,0.6105774600221019,0.94168000285556,0.9184852406190621,0.9409228897998321,0.9872110083944524,1.0105903201462596,0.9962289178579399,0.989350020188535,-0.9790757431427005
0.5816952120524884,-0.6590027568946397,0.46048863078673913,0.4789087939238467,-0.26061515567534954,-0.28146034627011396,0.21042967158617723,0.12020306153748152,0.0896101650256762,0.26221165389597684,0.48219422188282374,0.30851099238949564,-0.5424857987910782,-0.36912197066909946,-0.02845764554028816,-0.3803249666445901,-0.5795621247128044,-0.4292804878301635,-0.2983963676482287,-0.4510510242879407,-0.7114248584610272,0.7386992311403082,0.5387899731605186,0.38947058276826435,0.8280872483273526,0.8388941141372862,0.647232890680913,-0.12170616392097125,-0.08074313831920718,0.03969329290344934,0.011786692355300759,-0.20965366422821546,-0.3110540557391554,-0.47812642144059303,-0.5301865008669142,0.5814602883851427,-0.6390746809042219,0.7744202035990713,0.24830669811406908,0.5129975850569718,0.5688100708493522,0.3314877904662283,0.4091267641512361,0.08037218524194462,0.12728090067194253,0.12793580045463535,-0.14044680687492095,-0.038287776387707174,-0.07963296348442385,0.32913313757212626,0.40023013834726834,-0.5793506375885916,0.20270600303181233,-0.001606534476791773,0.34202730676936594,-0.6506772421237693,0.44913366739252286,0.19880863278337854,0.5701527695412185,0.7871562545319793,-0.8621507802000208,-0.7183709379593387,-0.6485290907286504,-0.8914628968702415,0.9091128422948392,-0.8206703803284116,-0.006906413792625514,0.06927336524855306,-0.04296340423991372,-0.13945285808089655,0.03982356721851675,0.17972091887434444,0.3198689410655419,0.3978694620066843,0.3976103312164963,0.5887107864462802,-0.8286943134914101,-0.13148025571427055,-0.23928369932644808,0.148638969677415,-0.5001848357508767,0.3798853344649573,0.5466205774730556,-0.3423711961452358,-0.35170447698784285,0.19135745790150877,-0.43374804453332694,0.29101591824829254,0.011670144928795574,-0.0372655340712201,0.09904632250221718,-0.3109057851517256,0.36099046311174704,-0.40926931574132586,-0.6869060487632027,0.6393035376852015,-0.2694212346946212,0.5393899943448872,0.2112998958277893,-0.45941392715972146,-0.46117570644437805,0.44042238564781067,-0.7101639845942674,0.6987213683343884,-0.9196457281380221,0.9487026189214043,-0.7296011925830611,0.6304280187518402,0.9401618075960982,0.9009474620983586,0.9201876392954851,0.969526839523967,0.9962289178579399,1.0125911108985295,0.9976964952490744,-0.9794460276267064
0.6210297656489181,-0.6980549757260021,0.48170488736392025,0.5186502975369831,-0.2688627349264803,-0.28848259676559923,0.22883891402762452,0.12231716121546725,0.08157965058296383,0.2673878683494946,0.5402203511082103,0.3474811957652639,-0.570138111890346,-0.3929750768732688,-0.040775311903150646,-0.4019904864959846,-0.5818189207933486,-0.44664778228042723,-0.318256862306104,-0.46769259419229764,-0.720380358481559,0.7306024598002909,0.5407523742612379,0.40019668847352946,0.8277734639544067,0.8310807870334755,0.6513554926605791,-0.11207175928266291,-0.09900394367850539,0.06013296847198184,0.03192835915916418,-0.1995290499124528,-0.31161180331836497,-0.48844641861603155,-0.5401223824061036,0.6397869416736854,-0.6780601005129243,0.7987587950624384,0.24279482372456987,0.5628343532625821,0.619133410858188,0.3802535563799348,0.4590408715419873,0.08881392426345562,0.13289227380151175,0.1407985213905194,-0.12934520734991872,-0.029767146124603384,-0.07932812408905275,0.36702269907455787,0.46029358800880527,-0.6099170497375234,0.23000962466095345,0.019421775348796348,0.39071810283104047,-0.6684967438000243,0.4896278740590431,0.2413543798707212,0.5998417526026821,0.8001373930869825,-0.8605741051238689,-0.7214523396532294,-0.6491844244772288,-0.8993120180442438,0.9026014996606933,-0.8393744913417874,-0.01945963040861347,0.09856270641439147,-0.07121884676867499,-0.16905972435721411,0.01877189414855889,0.1795625615261228,0.33832646294482993,0.4179742314595386,0.43955728820697487,0.6423513458342356,-0.8596889915282907,-0.1313134106501571,-0.23072150138059316,0.1402223137125014,-0.5110152154038393,0.41022310382415283,0.5721322652710399,-0.3704697069877723,-0.35857429819009273,0.19929793288077308,-0.44865441071886,0.3084244650716383,0.03023930886448884,-0.060305618866355534,0.10252715042920925,-0.32061251114958145,0.3583052907408582,-0.40864125545755625,-0.6997434947312744,0.6617930121935194,-0.26726435903743245,0.5577985190137181,0.21923687951713203,-0.4699852870490843,-0.4567957123759094,0.4282925357555705,-0.7064914397774587,0.6879580793191277,-0.9206605060821689,0.9491902706911572,-0.7399356032254067,0.6483616153743069,0.9680141855381801,0.9316163939815353,0.9404652586891978,0.9786981671440176,0.9893500201885349,0.9976964952490744,1.0128698523628639,-0.9921435010654983
-0.6703994441354021,0.7389101945327864,-0.5121699092829741,-0.5690917638301586,0.2812530967576089,0.29945282203042983,-0.259849715723487,-0.13779165351001124,-0.09072501154623516,-0.27820710857127406,-0.6093511139134764,-0.400925098333247,0.602339007628142,0.41076550814867735,0.03989502850232769,0.41928992680142274,0.5907012308105635,0.4516933026056383,0.3206905699180776,0.467851091698484,0.7287501735556027,-0.7175060868907829,-0.5315920727353017,-0.38913493472916605,-0.8193699135782335,-0.8228622814613702,-0.6476770202041235,0.11746955367567063,0.09796797638859095,-0.059285909533998184,-0.03005775225757114,0.20114357715425266,0.32088585958948823,0.5004439889820672,0.5503026096151489,-0.7019630078817629,0.7179401779852392,-0.818695784676965,-0.2514894007897384,-0.6209232904929484,-0.6694274729639303,-0.4213442218124087,-0.5083374959941829,-0.07128924153619907,-0.12076143822631238,-0.16201694471808806,0.09993600258775237,0.0201984904295114,0.0694879192527272,-0.41027066211041174,-0.53954838322955,0.6412025018581302,-0.2606345129458607,-0.05709355531926284,-0.4405795623358519,0.6786151059193261,-0.5311251951692857,-0.2998840899751594,-0.6301646093807236,-0.8107830130944234,0.859434254252151,0.7300263113100255,0.6500046989258608,0.9095118157029496,-0.8986901771237714,0.8591303214379106,0.04901094684207075,-0.14126679719009994,0.11870373706210269,0.2074461219406783,0.010996958759109518,-0.17020147426491097,-0.3397405544394103,-0.4196405219932048,-0.47881947582176293,-0.7095030402608576,0.8881659657828254,0.11740671673416475,0.2400507150460297,-0.12039904637533921,0.5298533743964261,-0.42117170306234575,-0.6104957246278495,0.39180959149330796,0.37772573185174896,-0.18830834569481752,0.46271782090465047,-0.310886559477306,-0.0381217173852105,0.09699897180982685,-0.09228568178953857,0.3412768075429387,-0.33722425481162427,0.4190505517377769,0.708981593194282,-0.688691791086589,0.2696259906567492,-0.5785238118916753,-0.20838895026078477,0.49735025513656017,0.44948808472235807,-0.4095551574699764,0.6905822554321476,-0.6694606800867434,0.9079731529397644,-0.9390744602601976,0.7396405039189793,-0.651814419880494,-0.9884873279102454,-0.9621040796133676,-0.9598511216100556,-0.9798042329419044,-0.9790757431427004,-0.9794460276267063,-0.9921435010654983,1.010434996781726
