0,1,2,3,4,5,6,7,8,9,10,11,12,13,14,15,16,17,18,19,20,21,22,23,24,25,26,27,28,29,30,31,32,33,34,35,36,37,38,39,40,41,42,43,44,45,46,47,48,49,50,51,52,53,54,55,56,57,58,59,60,61,62,63,64,65,66,67,68,69,70,71,72,73,74,75,76,77,78,79,80,81,82,83,84,85,86,87,88,89,90,91,92,93,94,95,96,97,98,99,100,101,102,103,104,105,106,107,108,109,110,111,112,113,114,115
0.3522684859394445,0.04555283938452041,0.2657782801833337,0.18338911943950836,0.16601851773395804,0.13806608733049616,0.061891583223395816,0.05221585907901439,0.04419556612209512,0.05373279774794633,0.04786385164037632,0.07342243581584038,0.07750427007764862,0.03567793028901135,0.037574316133823546,0.0431336156643007,0.048542089891482273,0.04232832570614825,0.037982281730697766,0.03709922562484545,0.04575134088014607,0.05050758197453702,0.041643193413756385,0.03635645869962602,0.044400055125100625,0.04714164813941352,0.042830821417033524,0.03480584866301674,0.03707806508164299,0.03678970271960734,0.042773056738914364,0.04565695243309274,0.06368853254722226,0.1395912638641958,0.08516278305087718,0.042390196894657145,0.055440445443156475,0.04807178952294243,0.04333589459963519,0.26153736300475905,0.1547189576942881,0.1798144539270629,0.18720071768455593,0.11701294858363973,0.04218333615631002,0.055762730271238015,0.08299247850487806,0.08370179137961875,0.09842887955184401,0.038913805220361,0.043210932936836186,0.05110200490897694,0.05750613085681669,0.05943361514893988,0.047891689427253886,0.037351113850532164,0.03999245617946718,0.05022282069618904,0.039688527743361346,0.04624554849751334,0.042235524551069104,0.04241362565943869,0.044520559728539064,0.04230785296073371,0.042210871888900756,0.039755448759191056,0.03666406524480882,0.03648033961035983,0.03946486671484947,0.03978807348537951,0.032966153800676065,0.04280762711828126,0.051590376513167155,0.049433121168336085,0.05241669711037639,0.04186683667068231,0.0453839514386782,0.07099023743001634,0.046839613480898504,0.036475854479803324,0.04086693690345032,0.08013247492484757,0.05372249018565978,0.10785414208537188,0.0430552845786412,0.07819124750180861,0.04214576487265353,0.06935226064940848,0.04368624473350198,0.044213752642431145,0.0375641507722277,0.04136418966024749,0.036086209597011844,0.04067755062163152,0.03856657850473562,0.038784950652064394,0.038626846652224184,0.03573028834800015,0.03685952414809669,0.037559845839273506,0.03845076372812673,0.04283027110198183,0.03747308747803951,0.04470765757969918,0.040284170660925794,0.04279932866482121,0.04829959619719859,0.03879226233544179,0.0420237048879961,0.038972438438587526,0.04169114311363194,0.0376653751423473,0.03882065007942895,0.0401287885786623,0.040742042489373256,0.04183721898894907
0.04555283938452041,0.30099269169358533,0.052131188292660655,0.048755036698906726,0.04769997880958672,0.06711915023280554,0.03338858071832228,0.041760820318955075,0.046082169429859335,0.037407162033445546,0.05279864871773679,0.05720956480148146,0.0521815723799416,0.06212301347418369,0.047638061755763864,0.05816799800294148,0.04060669970629338,0.04715011363851206,0.057929018280888735,0.043505505918512086,0.05392837103496684,0.039907149634801145,0.03312724823770882,0.03281696245938767,0.045783279466924946,0.05114530237729246,0.05044304873714962,0.04617073985803698,0.05788521582855782,0.05156365903852793,0.059301216387397396,0.051875960325703005,0.07011502172512257,0.048486806398808494,0.09240203016243076,0.09632437447189063,0.06744923512809564,0.07609881043632602,0.03147426190113237,0.04102768055005131,0.08590690643654032,0.043826371554006587,0.04727861034665509,0.0436193013585633,0.03635738247070039,0.0927459467311856,0.08564964534199696,0.07183124090843715,0.06887043144295443,0.06801699305018952,0.08068025332980672,0.06265304993702275,0.06053832915504192,0.04756781505478587,0.05347779453634806,0.04475937436617659,0.03961169703962113,0.0403044354364412,0.03664673535782349,0.05793278647027767,0.04007111479834259,0.03728650155936533,0.032188184244006525,0.03990626135167401,0.04238265538456393,0.04289904508198571,0.03999898300702301,0.042224108036613514,0.041064436566992324,0.04003808317975591,0.039055952083966436,0.051764201070248275,0.06964867847440478,0.04651328948265605,0.09283610196520467,0.07215055914378127,0.06474872979807576,0.05542282265886994,0.03377939081819825,0.04584928141357887,0.09343737842732769,0.0469648550667147,0.07033092502262694,0.09878520044021055,0.03294067876066972,0.06071003111116852,0.045883632729574145,0.0542821304759922,0.055607566083478825,0.07634944323770243,0.04136571864202849,0.03685543548037375,0.040588018503358414,0.04006498865956483,0.09541847023228148,0.05389668349206099,0.07770590358956528,0.04771694364330962,0.05209737709704111,0.039589764466572155,0.043428971323827836,0.040217959780108226,0.05089544610405013,0.0424393137829433,0.06110280486425927,0.052341909293752584,0.08151375280433103,0.044842771841931556,0.07580011029261453,0.07846029244829628,0.06550031919548499,0.04633307001602417,0.041908665780687956,0.04612535277914945,0.05521111000499871,0.06362593997918647
0.2657782801833337,0.052131188292660655,0.36541827627237256,0.2489467432866179,0.2532675191370548,0.17921242908767518,0.07311635703425953,0.054669598026264615,0.03985080646584069,0.054840609569910756,0.04006668907004281,0.0900596042850847,0.09660993952497282,0.032413307464587954,0.036611366837331905,0.043142007172723595,0.05245276558684549,0.043168546647503234,0.03619228792099648,0.037985866514699665,0.048912600404544274,0.049813301215401395,0.04013194047706016,0.037309235811018866,0.041949827800500036,0.044596050834263185,0.042042292334492984,0.03409543775494253,0.03546331604037664,0.03454465935234667,0.04320810351616309,0.04083454555559306,0.062354185024198414,0.13355198689239356,0.07350211459171481,0.05310756383446076,0.058349691361990405,0.046312260082254406,0.04217797237171525,0.1954007630156116,0.1279586398874962,0.1437294381195493,0.21834348187470914,0.09173696314497798,0.046617168804752473,0.06694772620728057,0.09450388076036162,0.08568825030028815,0.10557274190773011,0.041551510652693864,0.04645510017227808,0.059106187260421876,0.062001521178359,0.05606544129768053,0.05121788413138097,0.03725695174627183,0.04394866713819443,0.051148664938898816,0.038965195863640556,0.045957878245283384,0.0427022043508245,0.04033699274001608,0.045252486965263045,0.03885598153187667,0.0433190636671093,0.03637001534700923,0.03528050111989707,0.03867494547584448,0.03887766521665455,0.03992437510779036,0.033195453935926045,0.03890525113723066,0.046809151384181236,0.04245564897211264,0.07160333291052437,0.04604147200088018,0.04134830580497549,0.0718996930422642,0.04207441512438154,0.03413206299881265,0.04004778332426936,0.05954891233323828,0.051505917091005854,0.12402130651145046,0.042595116477155706,0.08030168216025527,0.041171996342995024,0.0731129869596076,0.04120100639663833,0.04475499659642132,0.03838215255136854,0.04149774320618743,0.039541189427455964,0.041779863277832376,0.0393018681406168,0.03683365919023507,0.03840260485561718,0.035806463122038196,0.036522045838753334,0.03738831616716713,0.041667173582987604,0.04131863133501894,0.04211508779087052,0.044463180843622795,0.04435737982759659,0.04459584071434741,0.041293963762082594,0.036402206619262106,0.042866525078670406,0.03730692514432454,0.0376176783827772,0.037652655524907944,0.04026416587798738,0.04285897078794616,0.04386953766707122,0.04434609562188564
0.18338911943950836,0.048755036698906726,0.2489467432866179,0.38167299113405495,0.2605107382618044,0.15156060022306295,0.06085148309826595,0.04713416125102622,0.04344105389841786,0.04549070062317522,0.038655561037832006,0.1085046272277698,0.12049074280397495,0.038896659405200415,0.04019933570458669,0.0462938791920984,0.05846192886140573,0.04482004654101879,0.03822240744467474,0.04030904763185812,0.048740259215770396,0.04905531931857884,0.04539529156445721,0.040979439678558494,0.04693179377644186,0.0459871445136749,0.048821501508566144,0.03530257385928212,0.03832140763661136,0.036831146804249766,0.04654922569099347,0.036408737877072994,0.04246887581778419,0.07811402910473059,0.06078113485451815,0.07467379768130825,0.07146145047534685,0.044005045138073115,0.05157282917885102,0.16145766098566922,0.09227896004560028,0.16307266716553026,0.31825989058672344,0.11336174133522822,0.06394302906854932,0.06133912865909387,0.10240303646307675,0.09646678273635356,0.13232595435013514,0.051569707889840354,0.059176856165539415,0.07688316641932438,0.0664245313822451,0.060865342349777606,0.05365869740201877,0.040365354955333776,0.047168877122814645,0.05666330390400613,0.04363995268743891,0.046185186456179514,0.04566012165693593,0.043649889373524056,0.04496084003366506,0.04577829705464874,0.041955944986795946,0.040124235305282335,0.03466731821252672,0.039280628752874205,0.04059033599125503,0.04156506167530719,0.03347225817752303,0.04008632180657737,0.04869541963217547,0.04129752400859758,0.09499580763991208,0.05434697032026674,0.04171248693609174,0.0883836795987068,0.03599821074243048,0.034414482115095874,0.038449118671813116,0.05910055105506343,0.044535324686119496,0.1422811705780656,0.04629952457973886,0.10153467789673959,0.04152236556163226,0.09605307209565554,0.04288982457261145,0.0478136093555546,0.036367407435934355,0.03947883420427245,0.038151499272423554,0.03927614688910254,0.0408798278161944,0.038797908905349496,0.04397757568598486,0.0356307064498991,0.03615951234477187,0.037876469010665395,0.03913672222092092,0.039535117024965746,0.040876770048280824,0.042277967727835236,0.04209267029132488,0.039166529427518026,0.0378999280158714,0.03853191746228417,0.04218354747326929,0.04084604564884306,0.04223413801873088,0.03867249010234357,0.03948173752622017,0.04198919301690987,0.04000204931960516,0.03885636033014181
0.16601851773395804,0.04769997880958672,0.2532675191370548,0.2605107382618044,0.37498092903601443,0.19865477878787918,0.07882449651927223,0.05323403254148435,0.03956183502990415,0.05059020042546764,0.04290431729364945,0.10122295339687783,0.11428149807267887,0.03837585997558836,0.04113748003514342,0.04722305237472618,0.0567615078463693,0.04647609215353367,0.038910819385657755,0.042632485112811244,0.05037122232977559,0.049850107125994414,0.04509679316314495,0.040445825080896405,0.0435992219293332,0.046351644600093576,0.04305389840470267,0.03758550325494349,0.03845903458933059,0.035862013988781444,0.042953640823172726,0.03670307153873638,0.05766117628918393,0.0989621327883218,0.05537351010251225,0.07699159975364213,0.06392798734850266,0.04363948161093917,0.04372499213079764,0.12805385420892051,0.07698993647312015,0.10616637529288037,0.19718111510429404,0.07294535166764174,0.05092822471969317,0.06699501964711926,0.08535024081028647,0.07430979517020495,0.088962712704303,0.05289401981588057,0.04816654286811367,0.06424174561684065,0.05959990940382329,0.04879505764430408,0.04828718906688299,0.04033384865542672,0.04253102342551152,0.047462353510078874,0.04138797591579188,0.04720729178249343,0.045032920424733655,0.044519558086933225,0.04742009938215032,0.04368365123929622,0.045569941021242795,0.04338140935374077,0.03904722513499389,0.03692307945917758,0.036945816774869064,0.04049340206078396,0.03674809783458213,0.040743815172826436,0.045528363851331216,0.03840010152651485,0.0925690775413035,0.048692412964988614,0.04305496416368805,0.06629257943354422,0.03991985155836003,0.03579770996023167,0.042476060784480865,0.04855560909960843,0.049705067321667365,0.11734295989012303,0.04190846541418977,0.07702042018507013,0.04042029561077827,0.0757220553229738,0.04361508876753123,0.04307032000370911,0.0409177365869635,0.04395028217481682,0.043915958006927894,0.04313244796111736,0.040448042491798994,0.042894802596737794,0.04145529186881905,0.04190836168608146,0.04147431824203232,0.043294573309861785,0.04697833670254621,0.041870477981629226,0.0499045615111586,0.04687687702887719,0.04951846329535277,0.04621798763230735,0.03853553186340422,0.04131242571817649,0.04623162394433522,0.04000205042726421,0.038992904864799435,0.043076729175177575,0.04544024375895256,0.047342702797431774,0.04638164864223165,0.04604079347426401
0.13806608733049616,0.06711915023280554,0.17921242908767518,0.15156060022306295,0.19865477878787918,0.3377959012922258,0.06575087745935745,0.06034382381581736,0.04996489662876659,0.05632265176227756,0.04839646868059935,0.06268515178417186,0.07567808176498372,0.03661603733464927,0.039443258875447015,0.03401368150645823,0.04910631921132698,0.03904867958507735,0.03465906295876545,0.040227740991530245,0.04284132842329269,0.05060519296152488,0.044794732314492006,0.036518323777275555,0.03863693857652369,0.04069531295249114,0.03919808958327635,0.0367980568396047,0.036969533074674356,0.0351200443391011,0.044211160840241535,0.05025662775282,0.047076932091143275,0.17421978732729632,0.09246982597219697,0.0951931573628216,0.04914567248762247,0.041282626726164284,0.04449247120848522,0.0903363275118761,0.07945062028888883,0.06528744580957971,0.11947105386764256,0.05414759763112993,0.05422079851894935,0.0675125417325523,0.07513334515526499,0.06674538918269268,0.07780139013771925,0.06268999996822758,0.040461068710131554,0.046369494652534204,0.05787476645797879,0.04665502250232838,0.04953030689688474,0.038655367585217884,0.03814249303893186,0.04278135024864532,0.03851552783941603,0.045208595746652466,0.04314804019832612,0.040682130124177665,0.0432090581333322,0.039214955147234144,0.04111136412787626,0.03730739750042614,0.0393752572694827,0.03352247527679711,0.03497565230836144,0.03520230163871241,0.03264614972578614,0.04179156213876087,0.04272998174476894,0.04052604448970766,0.09978234069289765,0.04073756936242129,0.04036781234386618,0.06238858922986079,0.05283743539578832,0.03427168567192938,0.036806419899982665,0.04341478583595647,0.04145756543535437,0.10845255537614892,0.04438220267611048,0.07254675199791466,0.04296942766518984,0.07144145051013626,0.04201704997159733,0.045334663674584316,0.041254971770106716,0.04541370343364182,0.04595684156170868,0.042482892597947824,0.033593945399000305,0.043197570081061856,0.03633535526254229,0.04225610915993946,0.03820724783610819,0.041907396917355996,0.049417915868906453,0.04408371558810424,0.05271997842867056,0.04810096311125078,0.05302607629521968,0.05151756277189343,0.03852295016463658,0.04396481513486547,0.04536310759516686,0.038427468363702685,0.03827281645312279,0.03869082587641858,0.04361258817233443,0.04936714203331535,0.049709032792983485,0.04864648216406816
0.061891583223395816,0.03338858071832228,0.07311635703425953,0.06085148309826595,0.07882449651927223,0.06575087745935745,0.3480895125197722,0.2221836376450533,0.15207530723905224,0.1537725095906891,0.1445616002968148,0.14971631897007714,0.11962218888403153,0.10546526101068698,0.10655536613486233,0.06832847299202258,0.0433519787778283,0.048805404247770814,0.04613648495571772,0.04072242369868287,0.03853770049614436,0.0664347862854715,0.07169864938397076,0.07123683405043339,0.0689593345655832,0.0478137942578788,0.07456245598422986,0.09465337833431844,0.0799572910304612,0.05697313331359434,0.07682547221215294,0.05557466626437641,0.07999910727302034,0.07117045640154498,0.042170711660550184,0.06859561643838037,0.03482156951448352,0.037769275365806126,0.1398518598578974,0.06056402872396052,0.058047372879057105,0.05552134851025835,0.05608418431516651,0.05475828961554904,0.04175103140186111,0.048861347874757405,0.04413429207786729,0.0508231313345759,0.04632848552302425,0.09240727429921786,0.09238165708824256,0.07779118070293864,0.05195147113197335,0.04836727991451571,0.05654583694134935,0.05025749564086768,0.05303462509875992,0.04549210785649725,0.04839498936677601,0.04504432785912618,0.0497764440643553,0.04692968258211222,0.05673230207773245,0.057507013182210506,0.053207328959702545,0.05894945257196548,0.03896198142538185,0.042776221383599475,0.03864485847916261,0.03641469550378411,0.03204881507843521,0.04984631384602177,0.03636886867473539,0.0360079944148735,0.06223577852695273,0.0637818034583543,0.046963543190329915,0.05393695799594272,0.12014820210226818,0.03918914413193266,0.08224376813424282,0.052588998935644886,0.16787174150485734,0.0457368729705559,0.1659216212199484,0.05900775113316425,0.15919839677455794,0.06490012271765461,0.12640789477030168,0.06499445749071256,0.06938365761240381,0.03963810333815512,0.05730779408071114,0.0379139963779315,0.049483914010516716,0.037891628205495076,0.06628435527640363,0.039614824428645556,0.07075519541981459,0.040590088662100385,0.059738999719930096,0.03786503280499989,0.05399760462660658,0.04041048634353005,0.04006478385410388,0.038899580599411746,0.04089361780661761,0.037886237517368346,0.043743149624773256,0.046382275802580336,0.054457492463676094,0.049734794851331726,0.04234139456366798,0.04000378411359154,0.041104004496017935,0.04102248174450099
0.05221585907901439,0.041760820318955075,0.054669598026264615,0.04713416125102622,0.05323403254148435,0.06034382381581736,0.2221836376450533,0.3254631669507152,0.22798492264914805,0.20989111819960646,0.10550116887937941,0.09040985023027726,0.07380462157112858,0.11146946359804727,0.13073198941303132,0.07440908080524197,0.0352768886321511,0.04450376374507786,0.043418575661141726,0.03945160347420196,0.03322106303193069,0.0559545857031821,0.0611078434731073,0.052142156819659086,0.056006900278357766,0.043410766332595094,0.05975238839038611,0.0745810175033074,0.08290733377324161,0.058152971991206726,0.07239902462705294,0.055832713808113166,0.05861338883611254,0.07199795275087126,0.04701028209701351,0.05934293557816618,0.03226789503584858,0.035415344121100076,0.18756648934497205,0.047387487271412745,0.051268741023671155,0.0462284156883606,0.04759580675158351,0.04578677496722884,0.04067639663083576,0.04601823854979688,0.04619287855288848,0.050306030688334,0.04707307420678224,0.06594430267534754,0.061861620173631546,0.056320446693998674,0.050987944917876116,0.046644694643867154,0.050516948423064784,0.04293680381874844,0.04711306323696608,0.04584635424263199,0.04291126012740182,0.041961964582320266,0.04701212680341091,0.042251457476959214,0.045879863121587164,0.049621766081229694,0.04773680514824098,0.04945384479684565,0.03465760625967734,0.036085099828117514,0.037302304366477065,0.03468008139542195,0.031153792011481385,0.03794011648728503,0.035919048167622716,0.0317875019106381,0.05494573786615081,0.049125657588083,0.042989683870349654,0.050645625786713284,0.11016397097231091,0.03249414724422007,0.05699821473714747,0.03961401243401087,0.12581275590624322,0.050302464070434066,0.18335262983851852,0.055736161926566385,0.1482704564748068,0.05990205208727173,0.11949961972420321,0.04818049921370175,0.053600441323530104,0.03584394326739372,0.04589574465633526,0.03723230176511329,0.0409094531787577,0.03516802931556764,0.05277908257197326,0.03392760389730482,0.05478996497847398,0.036024844816850324,0.04901608799976648,0.034333780379713325,0.04397347318215675,0.03687571586720054,0.035758720330711743,0.03644544170157743,0.04533344796000402,0.03455415030373525,0.037803949678044235,0.03963129630407587,0.04564026947151939,0.041371327237000044,0.03689428188490267,0.03584814221971076,0.03550034440776989,0.03511746218796247
0.04419556612209512,0.046082169429859335,0.03985080646584069,0.04344105389841786,0.03956183502990415,0.04996489662876659,0.15207530723905224,0.22798492264914805,0.3087735235495951,0.1736482700927556,0.07105059480036077,0.07268512632525834,0.06827162955897478,0.12446046328754756,0.17931817694512192,0.08765463371720295,0.03492907922870747,0.04864781864250012,0.057342853356135065,0.04163987917529085,0.03453190794368104,0.06279683608733055,0.07205092169775965,0.05367428042908683,0.05346573876150848,0.04463636429665646,0.05577131618374995,0.06845152998149887,0.11281906121605301,0.08337502843488781,0.07475783540501843,0.06811089465611742,0.0424268047528486,0.06216494386157154,0.052681561451896314,0.04610263965656336,0.03280145745605186,0.035100370349128385,0.19056170237106462,0.044527138416095846,0.046354433833248145,0.04581478591127231,0.04563362372006255,0.04534609106502385,0.0367997830573108,0.04406784867408294,0.0447688001920233,0.0457267331828634,0.04365914484538662,0.049787241292989656,0.0528182660876074,0.05069126897714932,0.047047621448974244,0.04181286640379413,0.04771048226411334,0.04320194081250009,0.044861963227841264,0.04248534481580603,0.03954168029946807,0.03872981744523771,0.04590173972232764,0.04119963473519242,0.04655302400797047,0.049498403272423025,0.0474380197317327,0.048878508107770606,0.034443206920880425,0.03505946943134213,0.03606331521643827,0.03302679055967114,0.031103632227638945,0.037128073094337646,0.03584503881352404,0.03248132212403591,0.045440602275030315,0.04545244990744947,0.04278927037588351,0.04204546990221715,0.11716452369726874,0.03196617269950691,0.04343769999895278,0.0407973072654812,0.09057670352174853,0.045794383124300606,0.16420619261141126,0.04680871902509011,0.13001347931603374,0.05016880204681222,0.1281981760294294,0.04348019877216222,0.048405684200810845,0.03416262312135941,0.04203725722669158,0.034817831419194416,0.0360184653220474,0.03397954046542868,0.0428458903519464,0.032732273348972996,0.046991214900900274,0.034430437271280354,0.04355757863606853,0.033746969953282704,0.038378577594823604,0.03412897112473026,0.03566224123982856,0.03456857338774104,0.05028007093317824,0.031891586490079726,0.034361663563316505,0.03723198911253299,0.04287430584050651,0.04113011834375672,0.03640942907045915,0.03455206072652893,0.035712183731629064,0.034065311380966294
0.05373279774794633,0.037407162033445546,0.054840609569910756,0.04549070062317522,0.05059020042546764,0.05632265176227756,0.1537725095906891,0.20989111819960646,0.1736482700927556,0.33451701781067883,0.09612797938957807,0.07893437531319125,0.0684807807244329,0.052946042911171914,0.0848905933652091,0.04161363051806674,0.043001073943391185,0.039058273545420186,0.03537940255881156,0.03811316288237929,0.041491683663284186,0.04213447293581015,0.05047300966302909,0.04989379158354204,0.0486646426731345,0.041282825420773314,0.0580498973147485,0.08379670159203059,0.052742049655321824,0.04049462505749321,0.10186489578113392,0.04825022981879431,0.10193299418117122,0.08218884991936051,0.040718737485747794,0.06552949678455475,0.044579024778241966,0.04137257651168831,0.22024746115050842,0.052106473958129736,0.05223219113068603,0.04976338189324055,0.04762863700960001,0.05132084044923904,0.042182531789458105,0.04541084884883734,0.04539339910483976,0.04762393360854145,0.04791442430106039,0.05825207626069606,0.05868791434259882,0.05566629591450768,0.04493795449090629,0.04337962597953701,0.04438926897715734,0.04284819009139426,0.041426152336967545,0.04253289082774123,0.040223755604227945,0.043485143277616864,0.04630839461655088,0.04070509279661347,0.04469200201005468,0.047551464551220946,0.04434593901029801,0.050575486766899096,0.03841426405201029,0.03671472284423201,0.03825053490853579,0.035276253843883415,0.03274134828947292,0.04160222275643566,0.04101404263611165,0.03493342115645228,0.05418187110467112,0.049956316057539404,0.04597171478119551,0.04553194693217872,0.11444322450439184,0.034755025868676334,0.09150698122088921,0.04240436249867531,0.14998377774020494,0.05059579170086134,0.21084135033781481,0.050017445867849064,0.1717581116763356,0.05240917396673957,0.08228652648597501,0.04845927110778,0.055995702110516084,0.03972741956413907,0.046111849619931373,0.039939163507033165,0.05249505366762114,0.04311020088382577,0.06543752378445017,0.04016492553830425,0.060708230681349534,0.0394114812450333,0.049363161702915416,0.039330584717361436,0.047203118856187,0.03973897068412361,0.03941202726432902,0.037984984060815644,0.04203531937859889,0.03881818032420477,0.04237354417609876,0.04744828069718829,0.051657943831753955,0.04698882897044806,0.039923500090178324,0.03816766829289556,0.03987142171135159,0.03980922272968746
0.04786385164037632,0.05279864871773679,0.04006668907004281,0.038655561037832006,0.04290431729364945,0.04839646868059935,0.1445616002968148,0.10550116887937941,0.07105059480036077,0.09612797938957807,0.3408196112926475,0.07691459874578818,0.05147935446934981,0.057426836037823635,0.056598363222658626,0.05329987437107432,0.05071095191496501,0.04626148900152653,0.03851154358415057,0.04290519251686027,0.04902967674328358,0.05913406249740695,0.06236982528080497,0.06511947096835938,0.06128270480236753,0.04162320138140116,0.0717715724930307,0.09002534732302783,0.04953358802198697,0.03898266329232316,0.07177706893478591,0.04126035713456282,0.09370922512968463,0.04007310785315051,0.03869565483460129,0.2111174758680832,0.04414496987577695,0.03874076328480243,0.12054299356431372,0.05690437760227379,0.052683629383306355,0.058984529738736385,0.0373530852624687,0.06305894893195074,0.07374629499181867,0.06891501030302485,0.07394665625972283,0.08343137185449566,0.06842732608956337,0.24113067035282348,0.0738133238109136,0.0470808044684882,0.07271612661663296,0.06276185281253169,0.06821331180212034,0.042478430814407914,0.053509675943648236,0.05333617685749921,0.048395899858510935,0.037101496342123064,0.04231362543091292,0.04463176683296366,0.05558270572740021,0.04833948610505942,0.04374770253158171,0.047989547345163,0.03183743993775104,0.042582886032111855,0.03894860879158412,0.03682572334201014,0.028657412862740376,0.08817812057520144,0.039162761786182276,0.03627975941708807,0.18261432294399738,0.04337643185525075,0.03992001903969911,0.09471877307357415,0.09224475549846359,0.04270534029005894,0.10854929154210463,0.06953848481655484,0.17997404723391558,0.08575642589391949,0.14733275503953597,0.1096180100137139,0.1493570379920669,0.12279292450073537,0.0849502124242676,0.07980488524506238,0.05785740231238758,0.03961962635305452,0.04423049033730399,0.033399889281334805,0.04859368500620062,0.03633975710068883,0.06978507050941152,0.035313860092508725,0.05927284349290811,0.03263300767878241,0.04617391816159977,0.04255491947330199,0.039268823636334826,0.045263377366250045,0.03576672138733872,0.04294782482547477,0.039334423413335054,0.03596021039359492,0.03903805104909441,0.04220008943758316,0.04931614413434905,0.040831483066815576,0.03498032478723445,0.03519532141012252,0.0369719885356067,0.03791779946070811
0.07342243581584038,0.05720956480148146,0.0900596042850847,0.1085046272277698,0.10122295339687783,0.06268515178417186,0.14971631897007714,0.09040985023027726,0.07268512632525834,0.07893437531319125,0.07691459874578818,0.3533519409501632,0.29332737280714427,0.04868986729512621,0.05968379977839113,0.045559752589656166,0.04960745514985604,0.04497354302753503,0.04197816061704612,0.04284505001304057,0.0492332395767162,0.06109729651066777,0.062167683194348476,0.058432100316877705,0.061335513184782635,0.045988795758085635,0.0626411976680205,0.07196562006670591,0.049844396003817064,0.03905256033650156,0.06893944559399023,0.039548770324096816,0.07637709291111572,0.0556986484415251,0.04051124268355315,0.0536253597040907,0.09594159267743654,0.047735557439893675,0.06694332596785174,0.07510096212921347,0.03921689976760283,0.09649439837039475,0.10655821890853434,0.09111431458962027,0.05638210602148337,0.06437929790444752,0.042954235745366505,0.04084730292938765,0.058926782530428726,0.0480920134002943,0.2062284170078479,0.220240740377185,0.04827127915734912,0.03981025450121503,0.05729064881479613,0.07145481539239418,0.055826236114030814,0.03694658928731717,0.0474611934101903,0.058711788764430214,0.04962891716491367,0.045388737410200136,0.04808573054446888,0.05338613115444439,0.05335072071842065,0.053011996142271804,0.045056860511582204,0.05290975368930509,0.041349593443672325,0.036503092550776384,0.03762155248006002,0.04509995112981016,0.06301569006609566,0.059288296150574626,0.0434731633895444,0.15786568417524283,0.05907371167157445,0.04079535064507564,0.07449953772001174,0.0559823169117811,0.08031301282390745,0.07780093980999414,0.14578397543908522,0.04028082363698875,0.08480454320121593,0.04358808553553964,0.10062660908347265,0.042396446092287834,0.05991216508372605,0.08118354385474166,0.056944570977187164,0.038697744261146735,0.04795026010857846,0.03918699914208745,0.059485409007596114,0.05631396009393924,0.06514738473316314,0.049144419001116546,0.062323322504434925,0.04300439224160098,0.053100841394045556,0.035528837970135174,0.05198467848289648,0.0384429349525522,0.04700876307656157,0.040655674973553345,0.03735435438915105,0.04376750285807829,0.05537148061928607,0.06039192107840302,0.0579582453162068,0.05210376983428454,0.045594182187834856,0.04417244926712385,0.04631951845647829,0.04889504985106915
0.07750427007764862,0.0521815723799416,0.09660993952497282,0.12049074280397495,0.11428149807267887,0.07567808176498372,0.11962218888403153,0.07380462157112858,0.06827162955897478,0.0684807807244329,0.05147935446934981,0.29332737280714427,0.35066069106855813,0.04534261531995623,0.05933142315423325,0.042162769123456484,0.05738363766318852,0.04049602619142338,0.04563220103967809,0.04111553941260861,0.055714585698787206,0.06113652594350673,0.06347927037940503,0.057618282224134565,0.06153603271116273,0.04870510315798997,0.06128918977076221,0.06579546262748134,0.05281169827762853,0.04327711063400633,0.06494681439114988,0.042006873295294817,0.06913632105078024,0.059037772198595594,0.0437169209884439,0.0443444736310596,0.11908304226770737,0.049969631863205605,0.05713072116907392,0.0786072885304161,0.040669257110505216,0.09673221161151133,0.11752989893145495,0.08703888023226894,0.06259045482552895,0.04800235122035282,0.04316721250472142,0.042984956787855744,0.0692468605871756,0.04059744849717962,0.17113667924694143,0.22175333890071142,0.03980947008941627,0.03714122553914971,0.043796242767819335,0.07365494888009005,0.046696404157411095,0.03322970119556776,0.04466969877782774,0.06495862684515712,0.049466335262000005,0.04536680439671882,0.04561591140013259,0.054798263743132666,0.05237441940964692,0.05302830452486107,0.04653324212911526,0.04782036892743069,0.03980174751775929,0.03537473657013139,0.039072500945815186,0.04254584781387049,0.06030849703270642,0.06025894663167612,0.0426139313470487,0.160036537068048,0.06573958592285738,0.04543968883899187,0.06827367931586636,0.05364201283513577,0.07106040528903595,0.06887139659064664,0.11180553645381362,0.04543476428292284,0.06844125793737232,0.04783247543950607,0.08424377181177978,0.04611510657627981,0.052817575385926276,0.06676337905543445,0.05552558917536117,0.04128860056073297,0.04743647749666857,0.04178634020404921,0.05623879387623554,0.0626934849338722,0.06027013796303103,0.05367563737684136,0.05960107259746862,0.047438002943860295,0.05251276820703277,0.03769918565786679,0.05133137345774608,0.04146226786268539,0.04898977161782358,0.04442052667350917,0.03681768019424486,0.04881718069446402,0.058743458916688016,0.06120856757035198,0.05830485015802166,0.054980606265886675,0.049119449629232356,0.0476466848277644,0.051286244544096304,0.05138650180948638
0.03567793028901135,0.06212301347418369,0.032413307464587954,0.038896659405200415,0.03837585997558836,0.03661603733464927,0.10546526101068698,0.11146946359804727,0.12446046328754756,0.052946042911171914,0.057426836037823635,0.04868986729512621,0.04534261531995623,0.32821252598147416,0.15587457757594192,0.23613680051784228,0.07182598239732582,0.13810484495163428,0.1257051810752038,0.0697355431814422,0.04774610511261525,0.08144872406554499,0.07999354493872873,0.05615808469310851,0.05724433930579783,0.049073598464147036,0.05216285051917128,0.04356149850743621,0.13891656940182529,0.10662395826349108,0.035266021128256456,0.06196019212019916,0.048389257039239325,0.03791554909771684,0.048858956205386626,0.039251105992376925,0.06082815598376708,0.04121533580326695,0.07016360038123456,0.035460753945273045,0.040595846686454364,0.038268552466108385,0.039441464732159245,0.040910496941018046,0.04237471388344411,0.04432187262857136,0.0450761321699712,0.054203705019121536,0.047097485839513134,0.05633563928840804,0.03997470666959155,0.03743887714694419,0.05615548173564247,0.05314294256015212,0.06180663729519943,0.04587398146679255,0.059639277447835454,0.05584074865405349,0.057558432269901996,0.04019203211138718,0.056335000626319715,0.05143348299614259,0.05127143133706655,0.0545400409000522,0.05297725549860237,0.04853135476500248,0.034414875765127056,0.03945202167989091,0.03679156600831021,0.03391834873933458,0.0322132440866227,0.04124558589585048,0.03607937910994651,0.03104557245053707,0.04631046926140331,0.037610993306445656,0.040013328810658895,0.05580728576944215,0.06636832915432431,0.03057651624297165,0.03735572427278305,0.03461121699550812,0.043825819268901126,0.0438851372721676,0.06757345522217079,0.06105345807200095,0.05527801563645056,0.0674188371819929,0.15475488028713752,0.04496750604319118,0.04134920386819452,0.041814307299038275,0.038301301129457115,0.03992225476176408,0.03713436692045112,0.035757003348953015,0.036806622408175546,0.03566872779904559,0.04062200895807242,0.038981126989801926,0.03768294589094359,0.040418633334588464,0.03475461440948491,0.04208635700555474,0.038279273461678934,0.04177068426641159,0.04723527979713389,0.03491003075975148,0.04469056947662897,0.036390846984542854,0.03954155632011566,0.0397901078101838,0.03698769635842332,0.03603042353220812,0.03953996293305517,0.04261323414822962
0.037574316133823546,0.047638061755763864,0.036611366837331905,0.04019933570458669,0.04113748003514342,0.039443258875447015,0.10655536613486233,0.13073198941303132,0.17931817694512192,0.0848905933652091,0.056598363222658626,0.05968379977839113,0.05933142315423325,0.15587457757594192,0.2949486125397436,0.13227479071976334,0.03768318970376415,0.07897306814687918,0.12585100396429405,0.048566977201706496,0.03420044430098272,0.07996299155744913,0.09772273056681521,0.08319820214651569,0.06560671099484389,0.045643074864910774,0.06508018212253008,0.06862654093178752,0.1996953553579458,0.15989781875460762,0.056233029391745806,0.08922506052734466,0.03564953248996972,0.04179480850927911,0.05300751355295853,0.039254997012302235,0.034188788083890934,0.033098385406359454,0.12557591744877777,0.03596383375068141,0.03972045052074599,0.03584133015957207,0.038618653630829364,0.037312741981308364,0.03645279318027857,0.041731077064107634,0.04003853829988343,0.04281667248256636,0.039804311386293895,0.045469316648552846,0.046821075836066844,0.046240052340810564,0.047977659141583806,0.04226489849106839,0.0511353721246536,0.042767755481268474,0.04684399623137865,0.041817987600947154,0.042250273985494094,0.03887417930617855,0.04675601664719441,0.04610782572675208,0.05044989633565751,0.0542228856570179,0.047408835421337406,0.0517784051149673,0.036789429653698844,0.037255964535153493,0.036053106964385934,0.03344071488755982,0.032983663040813974,0.03805325944395968,0.034953252824228134,0.031531098828343915,0.04203609098093913,0.04235383255016022,0.040793864444586866,0.04359511055222988,0.11303847499662442,0.03315008913788259,0.03287939437387853,0.03651828410319473,0.05932767597727566,0.04046846691486583,0.10809097335864594,0.04668788336348166,0.09113179771420057,0.05197592349887485,0.1535760577626702,0.04634920222191196,0.056043440530612734,0.03697471561910337,0.04293713469635482,0.035767514197302286,0.029759563518868014,0.03374936802532483,0.038514458784906384,0.03460692731023711,0.04546732124885751,0.036856143572505065,0.040608905905724135,0.03620791492080119,0.030970076713908744,0.034824473924796706,0.030864687472008087,0.033458081337175316,0.058622651128215165,0.0346469073103767,0.03281552951293741,0.034783103169289516,0.04395235932550271,0.04279975993847021,0.03553866022974102,0.03266276006106947,0.03308824646261056,0.032662347116260954
0.0431336156643007,0.05816799800294148,0.043142007172723595,0.0462938791920984,0.04722305237472618,0.03401368150645823,0.06832847299202258,0.07440908080524197,0.08765463371720295,0.04161363051806674,0.05329987437107432,0.045559752589656166,0.042162769123456484,0.23613680051784228,0.13227479071976334,0.3197590127489594,0.08909917550205537,0.20158398270969102,0.15307577625059796,0.1027600708022555,0.05261609653547226,0.08605722938304311,0.08672200590242501,0.05397485769721525,0.05486734069352833,0.0484891436288097,0.049599726022970234,0.039156086797092524,0.13142104595838916,0.10098734139518005,0.03527141176775374,0.051135147652571725,0.06689204092820955,0.0354186268563684,0.04060110079398416,0.041595009806256564,0.06932914753139616,0.044581913433811696,0.052201775209073695,0.03827630885009625,0.03541093035217059,0.04061160821274568,0.04247021152958336,0.0399232277003546,0.041266188954560606,0.046181400963720434,0.04901200914441346,0.05664345018528176,0.04769121977575827,0.05676721250099903,0.044914130721993024,0.04333346109297089,0.058983986496403684,0.05095010456439497,0.06414756103412608,0.04736952105249441,0.05738701182060344,0.05241983282447929,0.0514680667134093,0.04077960432601184,0.05487567736253772,0.05262715536426268,0.05131279972554138,0.05320597801145742,0.05053170718964278,0.04565206520165345,0.03133571283928567,0.037992058841514034,0.03430066143668031,0.031475993992165205,0.02810258179950425,0.04049321777434291,0.034041528372613525,0.027556078608527487,0.052328253726844534,0.04158392748355867,0.03939330457856508,0.05604508265242128,0.04896694405127146,0.02697610571823871,0.0472401932639987,0.031708928650704626,0.04130515245731117,0.0491634436376273,0.051137031877653345,0.05993208165680386,0.042529588086721054,0.0662976850428394,0.13280134771732416,0.04263995939787273,0.040978585080553916,0.04327446732968483,0.04093424920832871,0.040269288191675176,0.046079810490156636,0.03617116477007575,0.03754826125759246,0.03505821576624599,0.03881388955090537,0.03833109372894995,0.04081162457269157,0.041839924475020863,0.040337869812011415,0.042176642068836825,0.04787184291523153,0.045286814234555064,0.04935187713746346,0.03447691050407974,0.0464870329448637,0.038903082645859524,0.03930156022100896,0.0382815919867005,0.03773357829767682,0.04090866697308654,0.04455997758478518,0.04630684654573436
0.048542089891482273,0.04060669970629338,0.05245276558684549,0.05846192886140573,0.0567615078463693,0.04910631921132698,0.0433519787778283,0.0352768886321511,0.03492907922870747,0.043001073943391185,0.05071095191496501,0.04960745514985604,0.05738363766318852,0.07182598239732582,0.03768318970376415,0.08909917550205537,0.33949687041577614,0.11260226406732918,0.04268614020443577,0.1025761596054593,0.1705262595108727,0.06015527076668073,0.04849372338590682,0.04489238095557238,0.043462061096296765,0.043413936446564466,0.04046115124364806,0.04429626235908714,0.04151798646656644,0.03824996902976674,0.049589574154770014,0.043202216642186944,0.04903924558206808,0.04458377457637804,0.04053624452573573,0.045984218597076715,0.15258589563128983,0.10903529229104533,0.03811770788314126,0.04266826946490193,0.0406790218625744,0.04528591917715068,0.053338434151218084,0.04431921334071674,0.056805014059170766,0.04357061338464295,0.05419947112749453,0.06290732855598177,0.05688652862394711,0.0657023872919543,0.04405873859280524,0.049513555093417476,0.05667182188543558,0.05805434823145561,0.06202227165024658,0.048568968870740664,0.058389306849292,0.05438934065197552,0.05956422195943888,0.04809173212748648,0.06092285271585646,0.061837022156941895,0.05978804153818108,0.053526620253142185,0.0449609055047637,0.04414815008296136,0.03446907807589344,0.04154823551816237,0.038021403602128065,0.03816086070958401,0.03213435264591717,0.05108304110695066,0.03557237044741081,0.03130731669064413,0.05906723327283102,0.04874406046632451,0.04248032984233885,0.07116243774353137,0.04312905778362768,0.03417987215577688,0.04409027176985938,0.03987978045741698,0.04126910274340735,0.05164899032469373,0.0392345350826766,0.07576273580037798,0.04131977258058761,0.08365742162578269,0.07246532127828759,0.04724993546195344,0.0492876102211392,0.0498985943447561,0.05048794020298972,0.04365730561918957,0.05725394869322821,0.044070866275123216,0.04741317071229745,0.039648198536429015,0.04708644346471294,0.0409215490600216,0.051761988464576095,0.05083472133598193,0.05399329713958194,0.0586914953654465,0.06312122857857935,0.06467221991283473,0.04519068545802575,0.04679985050436698,0.062199551388281094,0.04744512540170852,0.04126595909729425,0.042539100674842956,0.04688204249066896,0.05917750655757743,0.061587951869476895,0.06402208253490221
0.04232832570614825,0.04715011363851206,0.043168546647503234,0.04482004654101879,0.04647609215353367,0.03904867958507735,0.048805404247770814,0.04450376374507786,0.04864781864250012,0.039058273545420186,0.04626148900152653,0.04497354302753503,0.04049602619142338,0.13810484495163428,0.07897306814687918,0.20158398270969102,0.11260226406732918,0.30586903767667173,0.13652365331402933,0.17146234148960454,0.05999094654541743,0.08691878499069194,0.09562904283144395,0.053867312940599446,0.05649425637308153,0.045291775026446726,0.04558171588575555,0.03608786521267364,0.0948419352652374,0.06721093620742885,0.044816079877852924,0.04114041406112991,0.06439157260854395,0.0414870504638105,0.038781315956012544,0.04059912959729957,0.07114491105997997,0.05182040323379376,0.04016799255049569,0.03960409268048129,0.038232702680384985,0.04015503613828732,0.04310259826247309,0.04203714128015988,0.04185620195410594,0.04372293487002217,0.044959973423856076,0.05057236579955432,0.04455630393438368,0.052132401404852605,0.04487509591413372,0.041890214937704055,0.0501910576525802,0.04640361486512112,0.05404822130413856,0.04780583037219171,0.052476365480494086,0.043690089027150894,0.0483569958096204,0.04055494691486021,0.055961882733079574,0.05154408104872531,0.0479916081385392,0.05498042981466222,0.0535613768119302,0.044027865760666265,0.029768425970962756,0.0348532322333423,0.03323198352861516,0.032639879871455,0.026215416729360754,0.04227383369568895,0.034673741261357194,0.025469751725086073,0.04950837413553302,0.03969902562005387,0.03745477708700874,0.049528346577514634,0.03858606795084575,0.026179990733142616,0.04926335940344748,0.03382692159740632,0.03769985887973806,0.04637462132920099,0.04085133242255264,0.05144096599439711,0.03681954264475406,0.05644965496599447,0.10418907398842327,0.042028708258350256,0.03992511655589488,0.037385899242339024,0.040742146467353864,0.03418961866109036,0.04988316033591689,0.03412745140975231,0.039787666931561175,0.03253718846464666,0.038930619593569346,0.035715185980803074,0.04343715827660914,0.03651651079696368,0.047356200949756164,0.038085485951158016,0.0532636709219651,0.04533629271445898,0.05580434984090735,0.03277889684020968,0.04660442745465204,0.03735333113407891,0.03717717318894585,0.037149361834097366,0.035845674218086036,0.039711661465485645,0.04574917564112048,0.04725212268043546
0.037982281730697766,0.057929018280888735,0.03619228792099648,0.03822240744467474,0.038910819385657755,0.03465906295876545,0.04613648495571772,0.043418575661141726,0.057342853356135065,0.03537940255881156,0.03851154358415057,0.04197816061704612,0.04563220103967809,0.1257051810752038,0.12585100396429405,0.15307577625059796,0.04268614020443577,0.13652365331402933,0.2919489133318791,0.07533122004045412,0.035560242184429235,0.06656968869165647,0.08853006023983376,0.08522398067998183,0.05831602982406783,0.04924769906303594,0.05206694795805167,0.03958149951823975,0.17714858038034326,0.16353685263240064,0.04112661159335154,0.08124358348735769,0.06273038228709654,0.03433454971491541,0.05732375629771326,0.039081139407661704,0.040085787070766245,0.03794955360107358,0.03872160055768646,0.036965245296542604,0.042052464986171295,0.03669671767958853,0.04105449453114551,0.03973876837427116,0.03656294753354179,0.034504092281664234,0.035936248587512765,0.03680793681340665,0.03610312923358491,0.038924684698812176,0.036313246181173854,0.03917468532032569,0.03809560503789257,0.03846870775353707,0.04040281759073065,0.040396183403806116,0.0417830099774201,0.03709913272873777,0.04151268624256793,0.03828660438651796,0.04366329319674685,0.04356823056626344,0.044289631055629115,0.04756603185556352,0.04304291915589037,0.042010457570241994,0.03671815506081137,0.03631906085462917,0.03324197606751117,0.030363261006335296,0.03218758283282269,0.03392557949932655,0.03190657598494397,0.03179480838881048,0.03680293433634596,0.03893105939542934,0.036079330026766956,0.03389314188266904,0.05468106129029367,0.03187608370460118,0.047851296279142426,0.0324518264749661,0.03838660899095683,0.040051643351812743,0.03645127791660202,0.036568315577723096,0.03675069694992582,0.03719017670978725,0.10296200711853393,0.03844993685992111,0.04875232070370873,0.032052627658222754,0.041869441041278536,0.031176236794454616,0.037101548415558946,0.03377902660663214,0.03566277524521308,0.03368785803331144,0.03836741122514703,0.035080257792348385,0.03717417916792143,0.03231288605391891,0.030234582141516753,0.03148926070744813,0.034172580074822795,0.03129307973392806,0.06817349079266402,0.031350092909924784,0.032095563723587864,0.034413253467896476,0.038240072640162645,0.04019823818389316,0.03583523194047884,0.03240003849947021,0.031322770260476515,0.03212319203092148
0.03709922562484545,0.043505505918512086,0.037985866514699665,0.04030904763185812,0.042632485112811244,0.040227740991530245,0.04072242369868287,0.03945160347420196,0.04163987917529085,0.03811316288237929,0.04290519251686027,0.04284505001304057,0.04111553941260861,0.0697355431814422,0.048566977201706496,0.1027600708022555,0.1025761596054593,0.17146234148960454,0.07533122004045412,0.30000002073749066,0.05717766502417311,0.07232074282184994,0.09113272532253022,0.04228525187325375,0.05119676365992508,0.03897259136888906,0.04134872244973968,0.04337127604859088,0.05385044740031539,0.03836513066401427,0.04398077205670682,0.0367550062956504,0.05166561881059757,0.041774401755539634,0.040276353970245704,0.04367859618086399,0.05510761999591207,0.05302868860163492,0.03928324016998573,0.03584103780568261,0.0395676835870777,0.03690120276901734,0.03950611662808483,0.0377777509058736,0.04169942439781493,0.0447905106685665,0.045005053712301846,0.04711937246121685,0.04254350651086245,0.04936776278884518,0.04640669027046804,0.041711940629923255,0.04595637163812401,0.044029898970840434,0.0489806018594397,0.05089049793752842,0.048456534503430126,0.03981917050484303,0.044831357717151646,0.040824530629421485,0.058779988531962174,0.05331439966722501,0.04448530645058118,0.0597562805522411,0.05783208109224679,0.04883732095134907,0.0326868411225482,0.03337103058885292,0.034878275094998135,0.03427724046270718,0.02765733973305287,0.038962390548918036,0.034067970896110064,0.02760758513325361,0.048913669715907146,0.041311878227092313,0.03982633143416246,0.04616110556707262,0.03963304007428113,0.029458964816398325,0.04607976724544713,0.034749716646772344,0.03973908202485944,0.04530456682954851,0.03918757567710775,0.04710723392196624,0.03816083666961133,0.05065830944301428,0.07741321408328453,0.04294055457991623,0.04495017616964783,0.03165584974980207,0.04234411847922302,0.031229002955123604,0.05149452292262667,0.0328550736924452,0.04551310664004846,0.032988118270020295,0.044274600344455545,0.032715420762458106,0.054049381072403174,0.0323994256086603,0.057843929361421714,0.033860021230975076,0.060461866745946335,0.04134088225371482,0.06617680955580912,0.033933472911781754,0.04350033603351505,0.03761678555421499,0.037658396368755,0.03670990651478666,0.03411408155621115,0.038094640934849856,0.04277771583701148,0.04340036277503772
0.04575134088014607,0.05392837103496684,0.048912600404544274,0.048740259215770396,0.05037122232977559,0.04284132842329269,0.03853770049614436,0.03322106303193069,0.03453190794368104,0.041491683663284186,0.04902967674328358,0.0492332395767162,0.055714585698787206,0.04774610511261525,0.03420044430098272,0.05261609653547226,0.1705262595108727,0.05999094654541743,0.035560242184429235,0.05717766502417311,0.3381040618042094,0.034676673425680274,0.034255828488913564,0.04038806392009742,0.04402120506632101,0.09341714258858061,0.04604909959316379,0.039682613215855464,0.03494285879423602,0.029630150979586607,0.04598072505829876,0.038294638986233226,0.04315440956606915,0.039250359833687604,0.0426978586598682,0.04568437125172786,0.1766410380257366,0.22908194539315593,0.03756268770573061,0.044817069388173425,0.06640535109411427,0.0455556252354648,0.04641811789449277,0.045736221230038565,0.06669885014686702,0.047953286822121056,0.04462648413078389,0.050799235858601605,0.050973154712340374,0.05895943142339308,0.05043653953339387,0.06453362942799637,0.04217346560537011,0.05580568936848719,0.04306284917966938,0.048485160899368815,0.04642347002569606,0.04765546621862735,0.05098735890828508,0.12994780189193367,0.03707246338843381,0.05769293702900066,0.10584794795398633,0.038681935884030474,0.05091589722269032,0.04201190908838677,0.037000249665405646,0.04837945610065454,0.047649818089806194,0.053624333485299415,0.038753442119724785,0.06464280832678872,0.04076569692032388,0.03501324058700657,0.050313851598200995,0.07616141227444165,0.09514185960160262,0.068098169147597,0.03910620576485145,0.04745718667475468,0.04407637705627681,0.05517575634843717,0.04561209826146434,0.04150659909222037,0.03773464617560289,0.067452050028937,0.039252695448147475,0.07668681401121738,0.07597364508094878,0.04457284627835628,0.044162602595013936,0.05571558778899835,0.04814733330121668,0.04819254359058599,0.07291644473187209,0.04750905995158916,0.056686749621159646,0.04070799284638581,0.049150109992317795,0.045113586857461516,0.049076770379109014,0.060114508454538154,0.05463588701814937,0.07691147659318423,0.07334573885451337,0.08881479457748429,0.06363987278520905,0.04808689064859396,0.08540961228388061,0.06278260906871641,0.05570512115047635,0.053088618781437245,0.05886033439618081,0.07747952397991867,0.08247238204280752,0.08697455520010705
0.05050758197453702,0.039907149634801145,0.049813301215401395,0.04905531931857884,0.049850107125994414,0.05060519296152488,0.0664347862854715,0.0559545857031821,0.06279683608733055,0.04213447293581015,0.05913406249740695,0.06109729651066777,0.06113652594350673,0.08144872406554499,0.07996299155744913,0.08605722938304311,0.06015527076668073,0.08691878499069194,0.06656968869165647,0.07232074282184994,0.034676673425680274,0.3242411809875953,0.1957365883453122,0.09143789314722696,0.14556532098140068,0.11400660361222868,0.11590858300429628,0.0661240040376139,0.0685163376911124,0.050200511601270995,0.08547095756970902,0.03842982194561162,0.039712066120518294,0.045709590420829116,0.06265213937338046,0.062451700577293746,0.037236010753015886,0.040029410762855176,0.06785924779947493,0.047333937161255696,0.037700124500052154,0.0407943480986646,0.04662767553837902,0.035200643485171046,0.04380974156406767,0.05461542327821865,0.05674204212386483,0.0666303098344379,0.05276172297879289,0.058664743250100695,0.05916588599358591,0.056923040397949654,0.06553086317367002,0.06574047842618894,0.0695622191601971,0.06657155310397037,0.06176369550019496,0.06141681376999117,0.06244394370374513,0.06090473718657617,0.09700644094432712,0.07058739486101318,0.05308296585132662,0.08830157743077642,0.10408600456658575,0.06328614256934195,0.03796044403693,0.042459031458283156,0.03805992100957681,0.03332710505235145,0.029844975607907793,0.03767020598507731,0.040973373814720215,0.04211743168942165,0.06550846788083473,0.057670209058567186,0.06309448550251015,0.06369807675299424,0.052157080734367936,0.029390307342845787,0.04848486710708337,0.03491594348800435,0.06335983217264107,0.07031165321870322,0.07251698655489544,0.07280716866303596,0.0755602765204807,0.07914389160704773,0.08189892472734775,0.07054487615019256,0.05222874857941504,0.050209764746956334,0.04054637561172798,0.047037661274612896,0.04215706346600199,0.046299114600953414,0.061786410253181545,0.04140828625987588,0.05721649847144038,0.04287597470101276,0.03799518043613964,0.04937218435324882,0.034215395508672655,0.04508502245379088,0.03300230390003342,0.03870767923841156,0.05248054566892052,0.05098572327246355,0.03613165445348063,0.037788765451876635,0.05449659166663563,0.04532002941316034,0.035745494175975126,0.035197824473541,0.03375625340975786,0.03496679182819713
0.041643193413756385,0.03312724823770882,0.04013194047706016,0.04539529156445721,0.04509679316314495,0.044794732314492006,0.07169864938397076,0.0611078434731073,0.07205092169775965,0.05047300966302909,0.06236982528080497,0.062167683194348476,0.06347927037940503,0.07999354493872873,0.09772273056681521,0.08672200590242501,0.04849372338590682,0.09562904283144395,0.08853006023983376,0.09113272532253022,0.034255828488913564,0.1957365883453122,0.300244557540879,0.14223054436262766,0.15774536440089154,0.10019207497755457,0.135497529160155,0.08281122034627042,0.09466254009571967,0.06771003702917007,0.07978217754635525,0.03236322125625824,0.041926128133752814,0.03745871888161183,0.03840319827374841,0.05970579235035017,0.035874255505876834,0.037318423153569175,0.0810648706774566,0.039386870422033496,0.03115675428009028,0.03579734058215685,0.04273088474235931,0.03241748899985468,0.04380727836395776,0.044180009310428356,0.049990437772392836,0.05906475115518621,0.04980787553726486,0.05909350469110154,0.05179314698426568,0.05317064614195162,0.0551863879803346,0.05978635292867363,0.060235874517039725,0.05374066277671594,0.057312600542831195,0.050400500741707835,0.05848245006038502,0.05540166377049542,0.08811321107493494,0.0713564487910143,0.05715366453403327,0.1018352947560888,0.1004352626475465,0.07928302380437896,0.03198447027728313,0.043957629667952566,0.03836228104683613,0.035741677121001014,0.02767045763997028,0.042522073686993414,0.03608049333115301,0.028643471980657764,0.062093744539459726,0.05006100197802832,0.06278005629889322,0.06251808082920685,0.07495345799810979,0.031589532285517405,0.045824848130944625,0.03451172952955841,0.0698209793130246,0.056796249022913414,0.08441619001950537,0.07110171268982117,0.0909461722720103,0.07909757022273561,0.10702709888822595,0.07767138911668486,0.07141835668646418,0.03853925625496678,0.053221993248465785,0.03554884708363473,0.03989134687970358,0.03520989131454898,0.0641496204402203,0.035414203032081856,0.07193822656931001,0.038839459296443626,0.04653843816757072,0.037648628418801185,0.03697283382832421,0.036051285697507096,0.032985880226651346,0.033814275688412526,0.03317183078627818,0.03511485409558522,0.03503082813353915,0.04341743120374246,0.0709905175324406,0.06244466175496151,0.046730925833070536,0.03784127601241752,0.034131735625353835,0.032207157614986145
0.03635645869962602,0.03281696245938767,0.037309235811018866,0.040979439678558494,0.040445825080896405,0.036518323777275555,0.07123683405043339,0.052142156819659086,0.05367428042908683,0.04989379158354204,0.06511947096835938,0.058432100316877705,0.057618282224134565,0.05615808469310851,0.08319820214651569,0.05397485769721525,0.04489238095557238,0.053867312940599446,0.08522398067998183,0.04228525187325375,0.04038806392009742,0.09143789314722696,0.14223054436262766,0.28822802684322707,0.1624355137322622,0.10105698097575996,0.17982448364195053,0.14653322112652434,0.10313780089986585,0.09089565734878924,0.06416680718043286,0.06828931874834016,0.05820471167348629,0.03463758505512336,0.03042471129653941,0.05452986040427879,0.03958741945294213,0.04270413389439143,0.07355990122313426,0.03340139096103597,0.032316039615928854,0.03592660862580839,0.03760332950950243,0.03252517860524499,0.05003837050224329,0.03758318199010943,0.0412297473232381,0.05050976385569193,0.04625614589991042,0.06244776472166959,0.04674461029924183,0.04841392819456672,0.04595841606129579,0.05301258900604577,0.047927487076284275,0.04028470490171496,0.04515109404109613,0.04462959482959322,0.04788453151971522,0.04981649686298631,0.06615219620036467,0.05674292380322955,0.05475391499418039,0.09240961055672395,0.08076390698314248,0.08666609808040922,0.03813232086952195,0.042278091579193454,0.03614825754216042,0.03790162990454232,0.03080623741875434,0.04636801072389082,0.03961065017009002,0.03225506861456927,0.054221369383278165,0.04808151687129615,0.06370211782378296,0.060854495196860335,0.1248706083081291,0.03568596229831031,0.07090261206703652,0.038677111411159815,0.07764048946569382,0.045938912223054254,0.08211048252400202,0.06670792630126401,0.10006310142735506,0.07311541629068663,0.09269527827628726,0.07509017293104167,0.1734115926094711,0.04078002262860579,0.13825615018184761,0.04365316322900764,0.07421532442258713,0.045854533936263105,0.11252220961212506,0.046335291149920514,0.14577469631336099,0.04987191225902857,0.11613429514487697,0.041319567159420395,0.08487421980877255,0.04372209850628267,0.06261042713474663,0.04612295753935857,0.03592965254923164,0.0393191043774183,0.054700345794158126,0.06959001167749443,0.10103930038896818,0.1038027335624494,0.08809258177787047,0.06764525112831982,0.05906434682356717,0.053900885059143436
0.044400055125100625,0.045783279466924946,0.041949827800500036,0.04693179377644186,0.0435992219293332,0.03863693857652369,0.0689593345655832,0.056006900278357766,0.05346573876150848,0.0486646426731345,0.06128270480236753,0.061335513184782635,0.06153603271116273,0.05724433930579783,0.06560671099484389,0.05486734069352833,0.043462061096296765,0.05649425637308153,0.05831602982406783,0.05119676365992508,0.04402120506632101,0.14556532098140068,0.15774536440089154,0.1624355137322622,0.3112022996740151,0.18416107751988336,0.2425166604776665,0.12008586640959755,0.06509255658989113,0.0539964931811012,0.07417807186621958,0.036786759164692276,0.058294363000986164,0.03779707352150414,0.04141516907286673,0.059824606577020815,0.03641365156600082,0.07222505646800886,0.06649964810910916,0.045792180633967505,0.04208782243171505,0.041697773328947724,0.04567597960722712,0.038377895129491815,0.04369495596716608,0.04749972117926952,0.058921222115323135,0.07137226078175588,0.060335701748472706,0.05874745818933921,0.05354739480641818,0.054444092552447816,0.06400615561153453,0.0693074429586161,0.06922308408388667,0.06386003368631869,0.06328565203781247,0.06448523928271388,0.06425973547150454,0.09774841495363855,0.14152929944875692,0.07892921563655353,0.0408293247082182,0.15298700984172092,0.18569892708003033,0.11152383823736839,0.03638398873427072,0.042549684130222476,0.03370334603352848,0.02833017200300176,0.029431132593076843,0.04114877429536847,0.04122835354430682,0.03457094034597044,0.06357150465844466,0.0594991267836026,0.12264102044333405,0.07046512227093892,0.08261511797064756,0.030593977894324973,0.07437103769925055,0.04083227227562568,0.0790029117600432,0.07200378062570756,0.07751062685801308,0.07886728097758533,0.09620763890882142,0.08165982052848628,0.0659229720337865,0.08820052117556318,0.13102224215379626,0.044608689050610134,0.11801331023995507,0.04762397159168018,0.10185916426399312,0.04546577263326239,0.13686679805498958,0.045518617908282794,0.1479910941239511,0.05220139599418943,0.09963371966578578,0.048635639573530856,0.09103158428071811,0.055788545114258535,0.08614392567282045,0.06238008304532494,0.04743372552111082,0.03865085024238682,0.06836976149585104,0.08641650705397666,0.13838535749562902,0.13424921753412078,0.11359851805534751,0.0933679566014409,0.0798006565248362,0.07165034489957922
0.04714164813941352,0.05114530237729246,0.044596050834263185,0.0459871445136749,0.046351644600093576,0.04069531295249114,0.0478137942578788,0.043410766332595094,0.04463636429665646,0.041282825420773314,0.04162320138140116,0.045988795758085635,0.04870510315798997,0.049073598464147036,0.045643074864910774,0.0484891436288097,0.043413936446564466,0.045291775026446726,0.04924769906303594,0.03897259136888906,0.09341714258858061,0.11400660361222868,0.10019207497755457,0.10105698097575996,0.18416107751988336,0.3331689205784194,0.1514164374103154,0.0704571452700091,0.041579167427739754,0.03822971507664873,0.06095877480683039,0.032445380904605844,0.04733126414175027,0.04057525314904631,0.050851241152485765,0.046061684371327724,0.047292031623801925,0.13583807333511566,0.04616346607563898,0.049729740212287904,0.05889291573674395,0.04591759690515197,0.04542026673795413,0.04246524218202566,0.03965756736854392,0.053337519092478275,0.053913587404060326,0.054486483952957646,0.05056943722784805,0.03939782186017768,0.048599782926135246,0.05081827683952056,0.05423144027657424,0.04871343178939857,0.05384917372796333,0.05452872993026843,0.0445039957049362,0.04708171203562465,0.04221166289873242,0.1263636301379969,0.08786142748548262,0.036576319585294045,0.04991806474310974,0.0734376611478268,0.15682568782757625,0.05471664267472094,0.049980853059917285,0.03539292405648477,0.03170763979618165,0.029881418754223465,0.039131984557183655,0.04160311691166829,0.04275941020252343,0.05181674449182533,0.044537488601463504,0.06047529586453093,0.12283535397132284,0.04392352576256563,0.04243384184752701,0.04417593365499228,0.055072170936965655,0.05072860313020812,0.056396381106751645,0.05975831919391643,0.049176067187078995,0.04709215102648111,0.05652956721095917,0.046402703364744904,0.03659485929700064,0.04842041031613509,0.08627575695027384,0.044763218390838216,0.08538547218991047,0.04690394836565345,0.0918736079139664,0.04262174910057323,0.10339474127895167,0.04294185832933712,0.1075124560500941,0.045700463491942664,0.07550153089153233,0.04536823982413503,0.07662539751044281,0.05389457623119269,0.08300844394030885,0.0655329808663487,0.08027177752917625,0.04276948027384339,0.06710717173602751,0.06824576174151267,0.0905486843095148,0.08508856689815414,0.08119832581121353,0.08450936954685773,0.07517653246310554,0.07250612904347081
0.042830821417033524,0.05044304873714962,0.042042292334492984,0.048821501508566144,0.04305389840470267,0.03919808958327635,0.07456245598422986,0.05975238839038611,0.05577131618374995,0.0580498973147485,0.0717715724930307,0.0626411976680205,0.06128918977076221,0.05216285051917128,0.06508018212253008,0.049599726022970234,0.04046115124364806,0.04558171588575555,0.05206694795805167,0.04134872244973968,0.04604909959316379,0.11590858300429628,0.135497529160155,0.17982448364195053,0.2425166604776665,0.1514164374103154,0.2952760870119975,0.15950433676200715,0.06434007552597107,0.054553171316955015,0.08995100167910206,0.03952451752802951,0.07214350180634793,0.03578199194161025,0.04006031658627181,0.07147231474109161,0.03983547590265207,0.07193101959528411,0.08136174190851564,0.04178199711355004,0.04261685641265581,0.0417263637097228,0.048465970496567305,0.03624376296583364,0.0482579377551474,0.04910452699406384,0.05801241256797782,0.07357250333095097,0.06412201052149893,0.06590361339092957,0.05519705794852632,0.0548353208608819,0.06650228281219873,0.07023941185757104,0.0689822691967993,0.05866701418525998,0.06143398563138813,0.06427832483996473,0.06476644439012169,0.08437921038614897,0.11392948061287472,0.07738201223542568,0.04592800161133084,0.13952200221777164,0.14027880145452232,0.1158010115609041,0.03599636523526585,0.044661427947972704,0.036384968505496586,0.03245596140135408,0.028484892337146954,0.03911645760154229,0.041711266411321876,0.03394048136698763,0.07234875179844727,0.06009284496865283,0.11368984417789507,0.07492840011359181,0.10317321565337984,0.03072940234313851,0.09644268085435127,0.039179906131920295,0.09687478794038559,0.07702963141796645,0.09510643934255568,0.08573624350737252,0.11988090404310323,0.08922757770251852,0.06679557482441571,0.09466579480427584,0.16290185885478736,0.04573914861024388,0.13657684804135922,0.050386590609293756,0.12227032105985788,0.049949566072952645,0.17319327424162997,0.049970751704757406,0.18419442375682504,0.05715623023655943,0.12534327110806268,0.0479758635688767,0.11216456137409647,0.056176883445829884,0.0979129381005426,0.066966086179263,0.04673034635049292,0.040132395850864824,0.07677146404287533,0.09829245404270667,0.153280341637277,0.14190241031709744,0.11730562901144272,0.09760092136990015,0.08564286231548213,0.07845163905092123
0.03480584866301674,0.04617073985803698,0.03409543775494253,0.03530257385928212,0.03758550325494349,0.0367980568396047,0.09465337833431844,0.0745810175033074,0.06845152998149887,0.08379670159203059,0.09002534732302783,0.07196562006670591,0.06579546262748134,0.04356149850743621,0.06862654093178752,0.039156086797092524,0.04429626235908714,0.03608786521267364,0.03958149951823975,0.04337127604859088,0.039682613215855464,0.0661240040376139,0.08281122034627042,0.14653322112652434,0.12008586640959755,0.0704571452700091,0.15950433676200715,0.2900420641065543,0.0664753063063632,0.059426908953152564,0.10996716138133539,0.06795377305278419,0.11926648558486597,0.05130709023987076,0.033286238697150916,0.07540848100733838,0.03834346944714033,0.045777184073148056,0.10951276207224397,0.034192772116705766,0.03411531945150886,0.036832449938908815,0.03579767006793789,0.03526364239996832,0.0541029124881211,0.04028830450618652,0.04895280253224228,0.06313669634106431,0.05538834545040029,0.07878225570925412,0.05459117771082424,0.05105644662015884,0.05274347253638166,0.06271950855228006,0.05466273974841579,0.04275785250484616,0.050874945274318205,0.05029914747621332,0.05112357872452816,0.04541975424806689,0.061477580457292104,0.05999824965848777,0.06703830393592494,0.08918141184353842,0.06524604522487085,0.09622324692952705,0.04310000826841025,0.05075754175751871,0.0435142945363802,0.046974658637144166,0.03464485713301052,0.05217330296752505,0.039507626139632476,0.035019473186153935,0.07546608434344299,0.048667063799194686,0.06261275816687614,0.07601936119857827,0.18188027789520395,0.04576715252023919,0.15185240207725828,0.04285954269051878,0.12255353199389565,0.05676772658449809,0.1305553325565712,0.08313456412587775,0.16896518369524677,0.08778222973437019,0.07721451288697109,0.09436255426018542,0.19391244487726922,0.03820228866519786,0.14192730978299356,0.04296302926920459,0.12362848335060053,0.050642980368568874,0.17798616669307832,0.053132605852857534,0.1921809032732597,0.052342584630113126,0.16064609333347524,0.038330501145823224,0.13657261260611436,0.04268572217827302,0.09763920771678725,0.05309753328874866,0.03944360904024882,0.040394777412968444,0.0711628822563602,0.08928682442243296,0.11549177734706689,0.10661974236178592,0.08738503579053716,0.07342378797429941,0.07157669475745934,0.06867967848731824
0.03707806508164299,0.05788521582855782,0.03546331604037664,0.03832140763661136,0.03845903458933059,0.036969533074674356,0.0799572910304612,0.08290733377324161,0.11281906121605301,0.052742049655321824,0.04953358802198697,0.049844396003817064,0.05281169827762853,0.13891656940182529,0.1996953553579458,0.13142104595838916,0.04151798646656644,0.0948419352652374,0.17714858038034326,0.05385044740031539,0.03494285879423602,0.0685163376911124,0.09466254009571967,0.10313780089986585,0.06509255658989113,0.041579167427739754,0.06434007552597107,0.0664753063063632,0.2816070106483979,0.2124847373749183,0.03935591785683942,0.12452711776501618,0.04045810756623174,0.03899155446415071,0.07476220350914348,0.03752421592007329,0.036479319375049196,0.03677750068844039,0.08222446332749798,0.036986912592042655,0.04994506713338688,0.03601074003886274,0.03783936543322547,0.037287276701845284,0.037879936417497005,0.03595335729484479,0.035187064033482485,0.03729848526685573,0.0349962919267841,0.04281502772040529,0.03861013488359272,0.03997321926736659,0.04085507653634535,0.04104121606230253,0.0429731211322187,0.03923328557953863,0.042744878157029945,0.03852391543409288,0.04193841947056691,0.03473677843459126,0.04843626676962657,0.04702864195894986,0.05369427748859269,0.0565075711942759,0.044700298057238436,0.05203512317407161,0.04092308554292831,0.039234332037760486,0.036678720396787684,0.03373005117836522,0.03451095414029301,0.037866366989095734,0.033225425811375275,0.03508248152963166,0.03682527102874325,0.03934699313499074,0.036408953597527896,0.03774780222955061,0.11125039524244087,0.03724728916190999,0.03289525141511242,0.03833020564390713,0.04498797829649792,0.03739360256747841,0.07042522511897932,0.04136964418508117,0.06347868216789357,0.04572789706984161,0.1618823293686485,0.04579401992798965,0.07050302450165545,0.03541301971046497,0.05578750582039501,0.03479804337470198,0.03129139782085372,0.036810184855035094,0.036310784294477094,0.038808421475513666,0.05012879260234919,0.0393309932875383,0.048374924691431495,0.034626085803578316,0.031976478684481516,0.03417443049220184,0.03063513638417395,0.031144941722516563,0.08295410704604977,0.03474462901090258,0.031775122368161504,0.03486198774868203,0.04334185581075059,0.04759966980713619,0.04052809377458244,0.03234673862336333,0.03161230654792326,0.030595130302677947
0.03678970271960734,0.05156365903852793,0.03454465935234667,0.036831146804249766,0.035862013988781444,0.0351200443391011,0.05697313331359434,0.058152971991206726,0.08337502843488781,0.04049462505749321,0.03898266329232316,0.03905256033650156,0.04327711063400633,0.10662395826349108,0.15989781875460762,0.10098734139518005,0.03824996902976674,0.06721093620742885,0.16353685263240064,0.03836513066401427,0.029630150979586607,0.050200511601270995,0.06771003702917007,0.09089565734878924,0.0539964931811012,0.03822971507664873,0.054553171316955015,0.059426908953152564,0.2124847373749183,0.26313302274697964,0.035824980567248164,0.1317223390366138,0.0404090149160968,0.0338440683339471,0.07244709795212821,0.032823089233316824,0.0317838394912737,0.0307839137619881,0.05837281035043454,0.0349703378247616,0.044215200737145355,0.036626018634428895,0.036733661178234386,0.037470445582733006,0.033943205079281974,0.03243289755338348,0.03276637001405523,0.034529272830708654,0.03496218538771011,0.03537689771573993,0.0331280280527535,0.03459532514192473,0.03570885271765693,0.03585941226093674,0.03730069573863749,0.03451023945037407,0.03599339586647765,0.035750581262224246,0.035096871992694845,0.031305533648735104,0.04044079315414101,0.04141858988028309,0.040992351293981114,0.04481554201823318,0.038577350832777996,0.04175509958330115,0.03810455278772712,0.03310861313187823,0.03080168525968967,0.028796152309915626,0.03231136458288851,0.034148246101795274,0.030590861554585153,0.03246544052292163,0.03273908469180534,0.03509854010493063,0.03399271565482319,0.034196474827817326,0.0949155434801897,0.03297468022231247,0.03166527658770128,0.03409071460230735,0.03635041725817444,0.034358171696678916,0.0504685393728528,0.03634839318494551,0.04766054393083074,0.03786397496334902,0.1130921623535129,0.03743059762847874,0.06962942176329191,0.03213563317040718,0.05684740806789175,0.03224063720334849,0.030508581104436244,0.0346779737909995,0.033487408755314,0.03598950570428408,0.048917666791882516,0.0357954970559891,0.05051229912062215,0.030408843504569308,0.033395297871966344,0.030910674248819422,0.0311518080227683,0.030719486930252525,0.07310281730494764,0.033064643996373946,0.029843322023718928,0.03238751723292323,0.039102570018190286,0.04440975454443373,0.03901544618915141,0.03423295317068587,0.032824763441118884,0.030998457072737184
0.042773056738914364,0.059301216387397396,0.04320810351616309,0.04654922569099347,0.042953640823172726,0.044211160840241535,0.07682547221215294,0.07239902462705294,0.07475783540501843,0.10186489578113392,0.07177706893478591,0.06893944559399023,0.06494681439114988,0.035266021128256456,0.056233029391745806,0.03527141176775374,0.049589574154770014,0.044816079877852924,0.04112661159335154,0.04398077205670682,0.04598072505829876,0.08547095756970902,0.07978217754635525,0.06416680718043286,0.07417807186621958,0.06095877480683039,0.08995100167910206,0.10996716138133539,0.03935591785683942,0.035824980567248164,0.30531460685612277,0.037965467892899604,0.10561855964582884,0.03522622239001104,0.06990071018067998,0.08166202823257787,0.05395795738326413,0.05826433325435467,0.12885370890793924,0.04118650780621234,0.044238426101632214,0.04236778865454738,0.046469157133595965,0.04119257316259636,0.047517071952049864,0.047181787951200704,0.051092967532210785,0.053606651583192416,0.04952154295072181,0.058798225457756106,0.058441751923231866,0.0560414702569382,0.05123246084770362,0.04714103588058645,0.049372889708304245,0.04610970520492171,0.04144524423452187,0.04276463366237149,0.040268094132358254,0.049868818725266245,0.04912086694837503,0.03909254385640036,0.047613982702338936,0.05017121304147497,0.05505092886075939,0.04722949103467927,0.031770065198318265,0.03682319651233991,0.035510495709052334,0.03557120468815346,0.029304955999351574,0.042236208284280666,0.04274976204113896,0.03570090530620488,0.06548588821456705,0.05667831818923088,0.05107010857821085,0.0520200031309038,0.07577033216126569,0.03333541083304582,0.12885111917796727,0.04192576725014331,0.12503859309853899,0.061358772628441006,0.13373212440432497,0.060059628871814374,0.15453599771693544,0.06344823586098194,0.04744566908858191,0.055425635352587335,0.06438112548373925,0.03913390099819124,0.04419290929230833,0.035211697860872734,0.07374863111792666,0.03471426540978731,0.09930499366847861,0.0315650650403511,0.07365687385016464,0.03145543506506672,0.05193080157326639,0.03982903891216459,0.05149348637058375,0.040543848078978754,0.042297172171880865,0.037273326600679654,0.06076478436127828,0.03490153851250327,0.03977221464032672,0.04500392041279298,0.05762120639489644,0.04380252898714085,0.03707985647026814,0.03696642129173059,0.03637723210281479,0.0375132674359161
0.04565695243309274,0.051875960325703005,0.04083454555559306,0.036408737877072994,0.03670307153873638,0.05025662775282,0.05557466626437641,0.055832713808113166,0.06811089465611742,0.04825022981879431,0.04126035713456282,0.039548770324096816,0.042006873295294817,0.06196019212019916,0.08922506052734466,0.051135147652571725,0.043202216642186944,0.04114041406112991,0.08124358348735769,0.0367550062956504,0.038294638986233226,0.03842982194561162,0.03236322125625824,0.06828931874834016,0.036786759164692276,0.032445380904605844,0.03952451752802951,0.06795377305278419,0.12452711776501618,0.1317223390366138,0.037965467892899604,0.25380409044958907,0.03706432694589942,0.06736281884884257,0.13326734128086287,0.033092431435082184,0.0365103653057577,0.04208887028552628,0.055846523510119865,0.04531034223346002,0.0633787193108348,0.03711010835759146,0.036906521823475785,0.037478744365574856,0.034955300939651185,0.03551354470123266,0.033105036244646,0.02957145079514037,0.029927063746127927,0.03813704755765855,0.035436398208685396,0.0341224470181733,0.03170571668413206,0.02918795983701085,0.03342204379311685,0.03739587330919709,0.03327086406967808,0.03151620789552852,0.03429730259635361,0.03641756077138153,0.033779413585267815,0.03653972593406177,0.04119238760849227,0.03942960948442854,0.03226376070855101,0.04508119646356115,0.05399528725029304,0.03167332680576677,0.030187107616152026,0.029127236573564863,0.03761224586192034,0.03762212813352335,0.034910876656398915,0.046033594859700405,0.033515576482274434,0.034370320666844034,0.0319418295420983,0.027870104712349946,0.1273534686137442,0.04463052319482333,0.0360158328284261,0.05085960684264275,0.040119407213610986,0.03589477911709389,0.052650466069678895,0.029050648805747408,0.04971799995842288,0.030917285220320254,0.09474587960263399,0.036992087256020684,0.08519781505406097,0.03383353753009766,0.0836963538118648,0.04408241253064689,0.03328733620772055,0.05217362755994614,0.035534664123471615,0.05326046150452856,0.05561940873328251,0.05048948900297934,0.07636670834711456,0.03258117864836721,0.05079904382621621,0.03353881803169728,0.03717230540279991,0.03251088103921,0.1059175591420928,0.04954106666275192,0.03770260860807467,0.04101373940805962,0.04133299310126168,0.05217827098725543,0.05064902071830264,0.043738535584035725,0.03966727831302951,0.03742245108501595
0.06368853254722226,0.07011502172512257,0.062354185024198414,0.04246887581778419,0.05766117628918393,0.047076932091143275,0.07999910727302034,0.05861338883611254,0.0424268047528486,0.10193299418117122,0.09370922512968463,0.07637709291111572,0.06913632105078024,0.048389257039239325,0.03564953248996972,0.06689204092820955,0.04903924558206808,0.06439157260854395,0.06273038228709654,0.05166561881059757,0.04315440956606915,0.039712066120518294,0.041926128133752814,0.05820471167348629,0.058294363000986164,0.04733126414175027,0.07214350180634793,0.11926648558486597,0.04045810756623174,0.0404090149160968,0.10561855964582884,0.03706432694589942,0.3218159077102353,0.08273267212026161,0.03624381858198432,0.08460958100579592,0.05526238642153927,0.04747559987973397,0.08372443192795084,0.05785398801966607,0.04448482524709017,0.04971704048515525,0.040971847289853335,0.04371543368832681,0.05212740852133663,0.03958830742574122,0.04261645729306495,0.041537373837168864,0.04392249831920718,0.06995200538096105,0.055108838043724725,0.0530809691841723,0.039510009958001135,0.04210072731991324,0.039670960988992254,0.03845947767154813,0.03627379138522073,0.03816345004297554,0.03704298034107441,0.04141385224654664,0.04342389902686075,0.04101623768780044,0.04880742098266144,0.04833630440603425,0.04291718407302364,0.05437922391681856,0.038254713807309604,0.03868930986954705,0.03574659419256345,0.03734269457222625,0.030033638405860492,0.04708849606414024,0.036100420278881815,0.037293248652910074,0.06309458917723201,0.05006372208672681,0.04635423335884527,0.05038984051150504,0.09073583262170828,0.041808697923097035,0.23280776229264838,0.04519614509281765,0.15322468018545754,0.04503136596862346,0.11138595574042248,0.052857713289925036,0.14420488477830473,0.05371658882737779,0.04189203526109364,0.05749241964782772,0.08114193467995579,0.03542508272553137,0.06790455647102797,0.0387501750945823,0.11117265507238996,0.045656040718202145,0.11512927975846307,0.04291743594509983,0.09435075142149563,0.04059306741865945,0.08168107591493942,0.03916977207149694,0.08724805961030696,0.03980450404587206,0.07786776952929289,0.047993206222892444,0.04951141014300049,0.037193154001491285,0.06768438256423451,0.06904130258584312,0.06526177175381159,0.057780589904593435,0.05183510873904108,0.052625368888874424,0.05605232537847048,0.06286771259444804
0.1395912638641958,0.048486806398808494,0.13355198689239356,0.07811402910473059,0.0989621327883218,0.17421978732729632,0.07117045640154498,0.07199795275087126,0.06216494386157154,0.08218884991936051,0.04007310785315051,0.0556986484415251,0.059037772198595594,0.03791554909771684,0.04179480850927911,0.0354186268563684,0.04458377457637804,0.0414870504638105,0.03433454971491541,0.041774401755539634,0.039250359833687604,0.045709590420829116,0.03745871888161183,0.03463758505512336,0.03779707352150414,0.04057525314904631,0.03578199194161025,0.05130709023987076,0.03899155446415071,0.0338440683339471,0.03522622239001104,0.06736281884884257,0.08273267212026161,0.30895655518605214,0.10443387108795868,0.03972444487925056,0.04164620766397238,0.04175108319378083,0.05451106976914138,0.09770350982335804,0.09352542532947664,0.05855004241356786,0.06981641808724337,0.044702033353687276,0.0398430500700086,0.048268344047829925,0.051507272467925184,0.04563899294608628,0.04950082292423405,0.03467596606677335,0.03910440468699061,0.04271947698040186,0.042254490425257765,0.039163264404291645,0.03976337871250239,0.03820977519287855,0.03436191541183689,0.036458732351989986,0.03429955770887615,0.042047144143221665,0.03904786242117207,0.03574148888527157,0.03668056841649425,0.0368314171877934,0.03703266026640102,0.038622133984049845,0.04504985359554641,0.03283265278490376,0.03228138325859293,0.028981890481627214,0.0322358408631008,0.037906150924971224,0.04162501665268312,0.04828491239379834,0.0428702451357289,0.038706569114996946,0.041077180334055524,0.040371801403158346,0.08694591461247199,0.04071058190893692,0.05764536209057779,0.05278364600118503,0.052740640847045904,0.059838823808431446,0.06261383271603227,0.0418117676309107,0.06004373442107909,0.0400357820236356,0.05248834796141196,0.03820687735935149,0.051529460639119444,0.04058917671819251,0.055477643356249585,0.043492751326714756,0.045289812907338425,0.053782521301806774,0.043737436905255986,0.04886348519665985,0.05093645415727592,0.045464370922433,0.06486852056758807,0.038933215844010355,0.06680972652817507,0.04630063699527808,0.06061431725130384,0.05148764687470486,0.04637405192434539,0.05144253313095928,0.052939114791586556,0.04502493009094648,0.0400127458389611,0.04378691218518013,0.048318384773315556,0.05207758335516481,0.053573916497972066,0.054014961133193824
0.08516278305087718,0.09240203016243076,0.07350211459171481,0.06078113485451815,0.05537351010251225,0.09246982597219697,0.042170711660550184,0.04701028209701351,0.052681561451896314,0.040718737485747794,0.03869565483460129,0.04051124268355315,0.0437169209884439,0.048858956205386626,0.05300751355295853,0.04060110079398416,0.04053624452573573,0.038781315956012544,0.05732375629771326,0.040276353970245704,0.0426978586598682,0.06265213937338046,0.03840319827374841,0.03042471129653941,0.04141516907286673,0.050851241152485765,0.04006031658627181,0.033286238697150916,0.07476220350914348,0.07244709795212821,0.06990071018067998,0.13326734128086287,0.03624381858198432,0.10443387108795868,0.2828742996301306,0.05587109912151062,0.04006828795486514,0.061002608364402466,0.03820358279468648,0.07748622682205525,0.09686522822117119,0.057753385226028936,0.06469333825645046,0.05126837749016194,0.04088777630352834,0.05335052491712419,0.05400593011605904,0.04878326787355286,0.04937854375174948,0.03679542611687887,0.041328115951757755,0.03870254231977545,0.04403895527520707,0.037406497698675184,0.039298234454688524,0.03804094200376337,0.03340961284397116,0.03661821180551138,0.03421338286066554,0.04541107153086868,0.041548410727882235,0.03357086711662781,0.03244760428153047,0.03503218119524478,0.042481666084714056,0.0340070952076488,0.04913196597650036,0.025794234955456644,0.02715918705304999,0.02509555000692483,0.032860028883507725,0.03527985715185142,0.0452172465355998,0.05658096669181717,0.05011547872381136,0.04074424483232413,0.043142293701922144,0.039282298067521704,0.06435384988727222,0.0402457058636909,0.04335243186380029,0.061097442524091765,0.041655483417734854,0.0741077770749698,0.03764876636238623,0.04356957496634957,0.03722169457357291,0.04039068640701537,0.06606343654151983,0.034594023371734874,0.037112449990814214,0.03768286443775215,0.043605787038040814,0.041676921716824966,0.04114426748113355,0.04948387494967852,0.040548573772246965,0.047102853170278264,0.03229528894609181,0.04361035710777689,0.03967542849801446,0.03526928802514524,0.034015242940207274,0.03667759088651104,0.03354987491840763,0.035776633848874334,0.14307416185214933,0.053678215283973124,0.03467230198978227,0.03525585581855807,0.035313004996676264,0.034925128336508904,0.035577768778564056,0.03397996020868975,0.033329494605019536,0.034859012553806815
0.042390196894657145,0.09632437447189063,0.05310756383446076,0.07467379768130825,0.07699159975364213,0.0951931573628216,0.06859561643838037,0.05934293557816618,0.04610263965656336,0.06552949678455475,0.2111174758680832,0.0536253597040907,0.0443444736310596,0.039251105992376925,0.039254997012302235,0.041595009806256564,0.045984218597076715,0.04059912959729957,0.039081139407661704,0.04367859618086399,0.04568437125172786,0.062451700577293746,0.05970579235035017,0.05452986040427879,0.059824606577020815,0.046061684371327724,0.07147231474109161,0.07540848100733838,0.03752421592007329,0.032823089233316824,0.08166202823257787,0.033092431435082184,0.08460958100579592,0.03972444487925056,0.05587109912151062,0.34005974949307305,0.04413231339033834,0.04199120933146254,0.09828650804315489,0.04217961761343266,0.04022878143555492,0.0418974181710442,0.06090281836471861,0.046737104324876336,0.07047490376721624,0.1003988659504224,0.10833989041426237,0.10763756854890569,0.09667042216375632,0.21939382885251485,0.07645521016904377,0.04983059742437715,0.08340913737809913,0.07119134323027279,0.07017727085188188,0.04468887566734254,0.048988552894889806,0.05557322546159202,0.04348084111672412,0.04152951944425348,0.04349171070852962,0.04168322389105009,0.04699799950722895,0.048353256523269314,0.04564693293730151,0.04841789872444752,0.03230375386783249,0.044043374212479273,0.04194193116448712,0.04187748053968689,0.029559196343254934,0.08102264048968158,0.0430475680412613,0.036684290983939744,0.25484329927002436,0.050070307024655356,0.04286025467656812,0.10937754191694712,0.05973190551828583,0.04326466902799816,0.11521824909693335,0.05190463880540251,0.1514848280226327,0.1435647470334174,0.11681455780470791,0.12763914899674678,0.1236242843336185,0.1332049156791077,0.04938257952237157,0.09146248954412906,0.04844379317564032,0.038649408312880135,0.04081848156557834,0.033947459368110985,0.05792944340647524,0.035011156874132116,0.07672130692329035,0.034888203126688166,0.05435414412253345,0.03307530449909421,0.039725289810387934,0.04003858345529915,0.03737348544057116,0.04091402114817701,0.0385183756298092,0.03806649055209052,0.04099055115155506,0.0328087034594369,0.038477116995510804,0.0458919474301534,0.05555740592920275,0.04052759241041047,0.03530469755277073,0.03745617697594243,0.03558122583845733,0.0352603054649661
0.055440445443156475,0.06744923512809564,0.058349691361990405,0.07146145047534685,0.06392798734850266,0.04914567248762247,0.03482156951448352,0.03226789503584858,0.03280145745605186,0.044579024778241966,0.04414496987577695,0.09594159267743654,0.11908304226770737,0.06082815598376708,0.034188788083890934,0.06932914753139616,0.15258589563128983,0.07114491105997997,0.040085787070766245,0.05510761999591207,0.1766410380257366,0.037236010753015886,0.035874255505876834,0.03958741945294213,0.03641365156600082,0.047292031623801925,0.03983547590265207,0.03834346944714033,0.036479319375049196,0.0317838394912737,0.05395795738326413,0.0365103653057577,0.05526238642153927,0.04164620766397238,0.04006828795486514,0.04413231339033834,0.33099254823236807,0.1335393753104024,0.03802498603209893,0.04662067928435792,0.047138625652997965,0.04827597865603089,0.06598432929085318,0.04460221452224409,0.0866593682675961,0.04703188388264273,0.04847849818441233,0.06587696955089903,0.07469341400140642,0.0629428447134037,0.08930307017229838,0.13234773748215245,0.040249893629994565,0.05571959022673753,0.037388685087799495,0.06410321547167355,0.036894292432358894,0.0462279714231639,0.037776122246939714,0.10448733882610714,0.039198318375545604,0.04219601498892779,0.05480769635401436,0.036401279808393756,0.04256324697630641,0.03577784727783488,0.03940304393742622,0.037046657939935335,0.03989055229218287,0.04326319368934499,0.03543117190610612,0.054410530032391595,0.052476667604092746,0.04621752184394151,0.057063764776570165,0.13493701212137899,0.08536769265386404,0.08934550113061343,0.03497538265268764,0.036373992522658424,0.05282263667477788,0.04280296441474292,0.0566620378678212,0.04635406735278261,0.03918989852032077,0.09414089658713054,0.04345040271819019,0.10080725204025626,0.06734091176054985,0.03529688926677028,0.03910104729079929,0.06157226491341955,0.0391435760307471,0.05137872484073634,0.06774780737685951,0.06859675803602525,0.0505609517975419,0.053750972982699444,0.04266603831361576,0.052343869473321786,0.0424783653894156,0.060118213312286006,0.0464279347420191,0.07168088444241735,0.06213173048315447,0.07992104238941306,0.048897406818919895,0.05974428894000731,0.0930009763510746,0.0729344866639142,0.054795739933315976,0.05212283186834554,0.05324551864247309,0.06428529149113887,0.07536814743172995,0.08342030926498437
0.04807178952294243,0.07609881043632602,0.046312260082254406,0.044005045138073115,0.04363948161093917,0.041282626726164284,0.037769275365806126,0.035415344121100076,0.035100370349128385,0.04137257651168831,0.03874076328480243,0.047735557439893675,0.049969631863205605,0.04121533580326695,0.033098385406359454,0.044581913433811696,0.10903529229104533,0.05182040323379376,0.03794955360107358,0.05302868860163492,0.22908194539315593,0.040029410762855176,0.037318423153569175,0.04270413389439143,0.07222505646800886,0.13583807333511566,0.07193101959528411,0.045777184073148056,0.03677750068844039,0.0307839137619881,0.05826433325435467,0.04208887028552628,0.04747559987973397,0.04175108319378083,0.061002608364402466,0.04199120933146254,0.1335393753104024,0.32458782245528794,0.03768376409722306,0.05266468824967975,0.09845730927952079,0.0495560314658038,0.04732030623270242,0.05154884589356119,0.053066617957651704,0.06098222337055641,0.048288126717683434,0.043268048574871876,0.048069069699363684,0.042956504041334144,0.05529830113814484,0.06673781127099429,0.049030078283806525,0.04012768393824186,0.046246805359461976,0.06415507753177022,0.039092583177893006,0.03526853272906813,0.041176173798066845,0.16591568117122235,0.05158381657248581,0.04270077621070317,0.08953830832831042,0.05048772424039723,0.08576651106084437,0.048447319514064786,0.03854437041580312,0.036956187925792514,0.03982443969903765,0.04756493311258485,0.038319500519479424,0.06348274766234796,0.03946411370649945,0.041088907622770884,0.042666832759591725,0.08788932471599406,0.14158588870200872,0.04830088308245764,0.034600687186325,0.04870519953406699,0.05130302088739352,0.06896656645769683,0.050130985414281196,0.05635660305380334,0.03823489180771217,0.046780373738393985,0.04217661586287105,0.051253296201762624,0.07130758112176555,0.04003079541671492,0.04986320169169349,0.05735846481571716,0.052603399297263986,0.053105440572583804,0.10869927439918646,0.0462730820746618,0.08655491449323269,0.04095664700870208,0.071127058808505,0.04785774054834227,0.05654447533703914,0.0633195870320578,0.06929848888229367,0.0827656951076948,0.09462236612638553,0.10204261890047417,0.09902290572128022,0.04237990365115824,0.10016956579098224,0.08528257671394435,0.08318759943770149,0.07231036792805723,0.07377880056754099,0.09504543773948179,0.10086269318511168,0.10356556809315753
0.04333589459963519,0.03147426190113237,0.04217797237171525,0.05157282917885102,0.04372499213079764,0.04449247120848522,0.1398518598578974,0.18756648934497205,0.19056170237106462,0.22024746115050842,0.12054299356431372,0.06694332596785174,0.05713072116907392,0.07016360038123456,0.12557591744877777,0.052201775209073695,0.03811770788314126,0.04016799255049569,0.03872160055768646,0.03928324016998573,0.03756268770573061,0.06785924779947493,0.0810648706774566,0.07355990122313426,0.06649964810910916,0.04616346607563898,0.08136174190851564,0.10951276207224397,0.08222446332749798,0.05837281035043454,0.12885370890793924,0.055846523510119865,0.08372443192795084,0.05451106976914138,0.03820358279468648,0.09828650804315489,0.03802498603209893,0.03768376409722306,0.3203594981117991,0.04237982990820806,0.04303745656627435,0.04473336444013626,0.049808122868429346,0.045206226172155764,0.055279737061111646,0.05130476874389972,0.05240554017036353,0.057768364772641204,0.051799103960516346,0.08400137617643538,0.05918131026130766,0.049622962299737984,0.05701787266264576,0.05194214216031525,0.053746340080131835,0.0425695843552788,0.04784836366003382,0.04984383206283631,0.04327749523816719,0.038880234128373554,0.04649952477744937,0.043864155769764976,0.05593678719236825,0.05415392087088606,0.047097571341251684,0.057349522198777925,0.03602885400450935,0.03986444692296039,0.04048963823594132,0.03888830949887966,0.03192770960325905,0.04812678949568637,0.03937544200544311,0.03536142831984116,0.08262274822456395,0.04796300161842092,0.04193594210812651,0.0613616592079433,0.14078362960392266,0.03917516128262864,0.09457765284842358,0.04332964936018401,0.151927422276335,0.06562433248262203,0.2673290607905766,0.07081844376845813,0.21035520726832896,0.08151027153648904,0.11505256649646636,0.06010495807695377,0.06692814635455085,0.035811918529207135,0.04675734760208265,0.034734693045586254,0.0508899071067976,0.0361871594761517,0.0736386437283564,0.03473156839831538,0.06696852931761915,0.033710458614804234,0.05037376184452977,0.0358885266242754,0.04527717875440638,0.036722383844177045,0.036716015810102504,0.03409729479808545,0.04640401791661933,0.034105427906659685,0.035837383884458285,0.04303018525948256,0.05634163973668592,0.04743468279224839,0.03715397891002612,0.034035564682447644,0.03466833056369452,0.033634234144678116
0.26153736300475905,0.04102768055005131,0.1954007630156116,0.16145766098566922,0.12805385420892051,0.0903363275118761,0.06056402872396052,0.047387487271412745,0.044527138416095846,0.052106473958129736,0.05690437760227379,0.07510096212921347,0.0786072885304161,0.035460753945273045,0.03596383375068141,0.03827630885009625,0.04266826946490193,0.03960409268048129,0.036965245296542604,0.03584103780568261,0.044817069388173425,0.047333937161255696,0.039386870422033496,0.03340139096103597,0.045792180633967505,0.049729740212287904,0.04178199711355004,0.034192772116705766,0.036986912592042655,0.0349703378247616,0.04118650780621234,0.04531034223346002,0.05785398801966607,0.09770350982335804,0.07748622682205525,0.04217961761343266,0.04662067928435792,0.05266468824967975,0.04237982990820806,0.3589675113407443,0.1844158688092541,0.2592048904770468,0.1914875457266635,0.18472260785879613,0.044220090025527084,0.05199929326512624,0.0856035680555027,0.08881437887612519,0.10152671407142047,0.04575964560182215,0.045878384086739374,0.05142350984446406,0.06508768414060176,0.06730345312166462,0.05509328797611247,0.03851139198390478,0.044025037330569824,0.0574022884308516,0.04060402911355797,0.04760651761949495,0.04674395188356387,0.042504198970830895,0.04412363160024164,0.04446817372599009,0.04843299635207966,0.04204797774032036,0.034530026785167145,0.03960498394077281,0.04425020733654998,0.04175453685451932,0.03402631479165129,0.0534300759372119,0.05264373278934158,0.04634590721975482,0.04325276243385513,0.039115011475033754,0.04800848916737163,0.06684457321572587,0.04503491874189865,0.035762130801886574,0.041686828962509234,0.09748752949746323,0.05781342166799732,0.10424253811711848,0.04302293399648517,0.07287343408866342,0.04289696001541177,0.06146192093952757,0.04198932259596662,0.041816178146952626,0.0340971493926275,0.04083869559941721,0.03274482667796393,0.03870612843347833,0.038633031674266204,0.03352218934190137,0.03881921112110221,0.03243118909078804,0.0335734411295293,0.03461563183943585,0.03286810613827007,0.04160754047198571,0.03188395540414859,0.04343542977404871,0.03671384853931991,0.040579585988161485,0.05091873401656696,0.033307915939238604,0.03889183529086461,0.03826152975964449,0.04247809445993271,0.03700326903757499,0.0357556797907585,0.0379286388350973,0.038315452755969204,0.03817517922591786
0.1547189576942881,0.08590690643654032,0.1279586398874962,0.09227896004560028,0.07698993647312015,0.07945062028888883,0.058047372879057105,0.051268741023671155,0.046354433833248145,0.05223219113068603,0.052683629383306355,0.03921689976760283,0.040669257110505216,0.040595846686454364,0.03972045052074599,0.03541093035217059,0.0406790218625744,0.038232702680384985,0.042052464986171295,0.0395676835870777,0.06640535109411427,0.037700124500052154,0.03115675428009028,0.032316039615928854,0.04208782243171505,0.05889291573674395,0.04261685641265581,0.03411531945150886,0.04994506713338688,0.044215200737145355,0.044238426101632214,0.0633787193108348,0.04448482524709017,0.09352542532947664,0.09686522822117119,0.04022878143555492,0.047138625652997965,0.09845730927952079,0.04303745656627435,0.1844158688092541,0.32300314847306333,0.13195041409021357,0.11190856105495958,0.11119241286229661,0.06522727522559363,0.08991586623748238,0.09717550070318874,0.0772522546062045,0.07641716763223236,0.04648839192699545,0.037612699178530044,0.03768416346181116,0.07927763808799365,0.05609851285490436,0.06638921878066054,0.04632062153100225,0.04787731944637372,0.05231347106797815,0.042818736320745135,0.07686300673064544,0.04576166482140523,0.03677263090760433,0.04316913060926842,0.04294310382156409,0.051767073474443454,0.042148012024583986,0.038777420697782214,0.04030528148599179,0.04230422060468128,0.03761777415245256,0.03925190251255267,0.06005001325659523,0.03973302686254751,0.034519750546806394,0.04578633065805209,0.05088629181421428,0.07979740770796559,0.04153852917621641,0.056675577691231216,0.03196071481149314,0.0349921538904821,0.06923227333251739,0.04121809930225517,0.10965032413673084,0.0465073890782538,0.04636994756177292,0.04159376347774451,0.03866481925731814,0.07779578860152367,0.04778032280394787,0.03474196551098553,0.04951878522404328,0.0342370738765005,0.04471370487689105,0.058972583028496506,0.04641789460045315,0.04677587525593728,0.04504487665834602,0.03600934243591558,0.04314817961388756,0.03326866418548291,0.053128453270757214,0.0329169905330403,0.05772997820407081,0.04719420101759965,0.062068013283006186,0.08516673383142112,0.043929217161839965,0.06396611000232377,0.06226651664285768,0.05708912269735017,0.04573335783778659,0.04109115609497752,0.04815457796283784,0.05597168951324695,0.05940653558083907
0.1798144539270629,0.043826371554006587,0.1437294381195493,0.16307266716553026,0.10616637529288037,0.06528744580957971,0.05552134851025835,0.0462284156883606,0.04581478591127231,0.04976338189324055,0.058984529738736385,0.09649439837039475,0.09673221161151133,0.038268552466108385,0.03584133015957207,0.04061160821274568,0.04528591917715068,0.04015503613828732,0.03669671767958853,0.03690120276901734,0.0455556252354648,0.0407943480986646,0.03579734058215685,0.03592660862580839,0.041697773328947724,0.04591759690515197,0.0417263637097228,0.036832449938908815,0.03601074003886274,0.036626018634428895,0.04236778865454738,0.03711010835759146,0.04971704048515525,0.05855004241356786,0.057753385226028936,0.0418974181710442,0.04827597865603089,0.0495560314658038,0.04473336444013626,0.2592048904770468,0.13195041409021357,0.376065907891863,0.20775594973177902,0.28949054139983754,0.04089056315229718,0.03938779376078139,0.06940912733833132,0.07808276830983085,0.09560725831021392,0.05278738295055738,0.06451657760023805,0.0684212975722398,0.058708041195451616,0.06014270611462311,0.04977958663315672,0.03901701499344473,0.04523838639676308,0.05688539807087474,0.04514594934723358,0.04486731045678842,0.04497745271883585,0.04398358719133288,0.0457737095728601,0.045194258167246024,0.043659979673853024,0.0435774005425516,0.03526182510117436,0.039189212214497185,0.042586494373270056,0.0408692001990263,0.03652316777224986,0.06818688454816599,0.07027010559523036,0.05167062775654965,0.04008844810086287,0.04354869855255058,0.0438272050529695,0.05972855129114245,0.03805605840544557,0.037751309148033485,0.04271537936034829,0.12103930570452484,0.05777773722402085,0.08582149550309431,0.041064495058684626,0.06511185896878041,0.04189557993342337,0.05754634933452463,0.039940710977248134,0.0362741272885395,0.033616229865732136,0.04273075393947608,0.033212664354398944,0.04174223153439389,0.04013079695305932,0.03828991712411679,0.04014790914705607,0.03687177233206246,0.034704503986461376,0.039609290796412344,0.03543998771328071,0.04566160552379932,0.03609020749574644,0.0460889596014014,0.040754032159212396,0.04175634136843015,0.04443159799016582,0.03857207777353345,0.04071973965728529,0.03943356840254034,0.04244229669379426,0.03900172223777616,0.035692908168711894,0.038844223086588074,0.0388906211340227,0.03871263184394594
0.18720071768455593,0.04727861034665509,0.21834348187470914,0.31825989058672344,0.19718111510429404,0.11947105386764256,0.05608418431516651,0.04759580675158351,0.04563362372006255,0.04762863700960001,0.0373530852624687,0.10655821890853434,0.11752989893145495,0.039441464732159245,0.038618653630829364,0.04247021152958336,0.053338434151218084,0.04310259826247309,0.04105449453114551,0.03950611662808483,0.04641811789449277,0.04662767553837902,0.04273088474235931,0.03760332950950243,0.04567597960722712,0.04542026673795413,0.048465970496567305,0.03579767006793789,0.03783936543322547,0.036733661178234386,0.046469157133595965,0.036906521823475785,0.040971847289853335,0.06981641808724337,0.06469333825645046,0.06090281836471861,0.06598432929085318,0.04732030623270242,0.049808122868429346,0.1914875457266635,0.11190856105495958,0.20775594973177902,0.3793417217108469,0.1573575349666682,0.06014059253999438,0.053971028089524815,0.1081137426973579,0.10891221567202915,0.1519023920125625,0.04505704309727945,0.06318861711777213,0.0793545309629971,0.06715591221159817,0.06796190538397079,0.05336825564889371,0.039780009432811195,0.04585369822721411,0.059876688646018646,0.045010042500344793,0.04538325405490806,0.045979175288800536,0.042902533777056676,0.04359312355233386,0.04683471235987108,0.04327448452495404,0.04254950395722505,0.034327441094791994,0.0397548802920073,0.04304903988433449,0.042332111293126064,0.03450538993203604,0.04034436868614913,0.04872174924008266,0.0418622448973813,0.07676030350633936,0.05028879810034515,0.04399732317713045,0.09377803419795408,0.03594900558026951,0.03364645945601302,0.03781819393219,0.0694637752196603,0.04514230130143972,0.14575264701049312,0.04579061205601059,0.10741292803448196,0.04259248418028362,0.09664415919635336,0.042535213227921594,0.045909509228989426,0.03475413636112633,0.03781472162091177,0.0369668385813835,0.039105641632174525,0.044762287026596195,0.03719689229528292,0.048799366449397134,0.034668208352303484,0.037239318625015824,0.037287244789830705,0.03697126129513632,0.03845554857238724,0.03887502483969664,0.0400687286132039,0.04072223472361748,0.037324914526980835,0.04321777416233967,0.03738146991714504,0.04052965324621273,0.04315601117734126,0.045527869731938175,0.03808541706091151,0.035785331663007264,0.038220702547571615,0.03701242614640275,0.03698078161082611
0.11701294858363973,0.0436193013585633,0.09173696314497798,0.11336174133522822,0.07294535166764174,0.05414759763112993,0.05475828961554904,0.04578677496722884,0.04534609106502385,0.05132084044923904,0.06305894893195074,0.09111431458962027,0.08703888023226894,0.040910496941018046,0.037312741981308364,0.0399232277003546,0.04431921334071674,0.04203714128015988,0.03973876837427116,0.0377777509058736,0.045736221230038565,0.035200643485171046,0.03241748899985468,0.03252517860524499,0.038377895129491815,0.04246524218202566,0.03624376296583364,0.03526364239996832,0.037287276701845284,0.037470445582733006,0.04119257316259636,0.037478744365574856,0.04371543368832681,0.044702033353687276,0.05126837749016194,0.046737104324876336,0.04460221452224409,0.05154884589356119,0.045206226172155764,0.18472260785879613,0.11119241286229661,0.28949054139983754,0.1573575349666682,0.38813320498628295,0.04171170640379951,0.0347305489832807,0.055179051530887674,0.06615333260331126,0.0831974281099694,0.06773826996334834,0.06634677002018673,0.06455009621940956,0.05498437085531182,0.05601769809481061,0.05014891520017297,0.04101457650141768,0.04497761946157804,0.05554363666398078,0.04372573068831456,0.04747159389704346,0.0431844266200322,0.041872632102971326,0.044844172417241174,0.042688885920772066,0.044452623254869206,0.045549619915637926,0.038572603469289535,0.03988100100346681,0.04318658793216928,0.04135846080348958,0.04033515556956613,0.08833262573390446,0.07405287336333145,0.04980778914907662,0.04459665052175385,0.04068430872033528,0.04409029035687452,0.05244053137895459,0.03844953295046086,0.03999256389954188,0.04000121953315226,0.12445011799182937,0.05474339554206403,0.0673712756849808,0.04103037027097265,0.056888411105647664,0.04242149881926194,0.051428401872187765,0.04209098287360501,0.0376474723193667,0.032516085947180376,0.04787941229008779,0.032587084924338594,0.046298520551140615,0.03909057330102424,0.04034540262342674,0.039309435681856575,0.03936368012249157,0.0342743951060311,0.04432497599097816,0.03524083734843244,0.0520143801985541,0.03763570597777251,0.051918615213955036,0.045694461343471715,0.04825781227607401,0.04587272903012497,0.04074807975027895,0.042887443178628734,0.042369491944462004,0.043457104530466,0.039996624665439864,0.036878047392190944,0.04260300941080784,0.04405434809422497,0.044468942924682966
0.04218333615631002,0.03635738247070039,0.046617168804752473,0.06394302906854932,0.05092822471969317,0.05422079851894935,0.04175103140186111,0.04067639663083576,0.0367997830573108,0.042182531789458105,0.07374629499181867,0.05638210602148337,0.06259045482552895,0.04237471388344411,0.03645279318027857,0.041266188954560606,0.056805014059170766,0.04185620195410594,0.03656294753354179,0.04169942439781493,0.06669885014686702,0.04380974156406767,0.04380727836395776,0.05003837050224329,0.04369495596716608,0.03965756736854392,0.0482579377551474,0.0541029124881211,0.037879936417497005,0.033943205079281974,0.047517071952049864,0.034955300939651185,0.05212740852133663,0.0398430500700086,0.04088777630352834,0.07047490376721624,0.0866593682675961,0.053066617957651704,0.055279737061111646,0.044220090025527084,0.06522727522559363,0.04089056315229718,0.06014059253999438,0.04171170640379951,0.33855471597963727,0.07806288306734963,0.05180441845364868,0.04083064481010826,0.05942007300236145,0.08767224743788024,0.07957158579870958,0.0891319784462753,0.05599386540685934,0.039249021349373775,0.04764342440907962,0.041259969561270704,0.04134393978115915,0.039206897513704736,0.03942722933159373,0.04753801013101221,0.03887332708255098,0.0438673801586333,0.058987211945889635,0.04103750996681772,0.036751403734215815,0.03833128128234093,0.03885930675830168,0.04447330605651882,0.04259387408539571,0.03907164534670657,0.039477726564853724,0.06750164866536865,0.07956231760152471,0.051565580455435966,0.07625130019583734,0.0856244872290667,0.037988182277645624,0.06860411910122918,0.05726686115994564,0.04358548779945741,0.05293226310080959,0.04058057141594203,0.04460053555442872,0.038490787908486944,0.06015546060774761,0.07015027085062703,0.0625476800266608,0.08695622699643349,0.06711626827768255,0.036253549337310356,0.045173670682092146,0.0395781436261991,0.03599564573256467,0.03742439363971457,0.03019543020956538,0.0482935571928679,0.04266470041248177,0.037989694418531054,0.038395884082426474,0.035849937082943484,0.0395556230291277,0.03543591769486373,0.03479756589500936,0.03682810924352327,0.032197377704948585,0.03753620596879628,0.037888589326907515,0.04673966238261369,0.042708705338722966,0.03633856106504353,0.033567874079917966,0.03120371981500499,0.031342758598131557,0.032042327671748624,0.034276462918085226,0.034582915089393776
0.055762730271238015,0.0927459467311856,0.06694772620728057,0.06133912865909387,0.06699501964711926,0.0675125417325523,0.048861347874757405,0.04601823854979688,0.04406784867408294,0.04541084884883734,0.06891501030302485,0.06437929790444752,0.04800235122035282,0.04432187262857136,0.041731077064107634,0.046181400963720434,0.04357061338464295,0.04372293487002217,0.034504092281664234,0.0447905106685665,0.047953286822121056,0.05461542327821865,0.044180009310428356,0.03758318199010943,0.04749972117926952,0.053337519092478275,0.04910452699406384,0.04028830450618652,0.03595335729484479,0.03243289755338348,0.047181787951200704,0.03551354470123266,0.03958830742574122,0.048268344047829925,0.05335052491712419,0.1003988659504224,0.04703188388264273,0.06098222337055641,0.05130476874389972,0.05199929326512624,0.08991586623748238,0.03938779376078139,0.053971028089524815,0.0347305489832807,0.07806288306734963,0.3369844841598666,0.181131774228372,0.11403414470975395,0.06238011791984982,0.06951645821055727,0.15343811881332986,0.09278265042144501,0.18951179712130417,0.086118103086359,0.159910454126532,0.060654333983549025,0.09456570836012829,0.08641707625422293,0.05098479876126658,0.058683188670013084,0.04533419023792891,0.043494919176545896,0.03685122525592867,0.04510119391935364,0.04698155497731035,0.04203179037023447,0.04227708688896586,0.07103867034307182,0.05766566154116728,0.044281679992932366,0.04208079597004365,0.0368394957925171,0.0829104827270353,0.049520998974545496,0.09908356388521208,0.11176751467161661,0.06569553208008859,0.054546114301931334,0.03699188325796182,0.05352943092254914,0.045909003947158064,0.04426457451721452,0.07374804020281556,0.14871327599817336,0.05506095098974437,0.06578795350064666,0.056528415939892204,0.057914898331253135,0.041508166003584104,0.11156484250018617,0.035115126788563836,0.03520513423527394,0.03441475571704136,0.039934489142136875,0.05141380866502545,0.04683665964641168,0.05115123026706608,0.039725212600999385,0.0373217334166709,0.0336518177897371,0.03358460188263445,0.03491577588219927,0.03314651992042775,0.03377161047006015,0.03669474045398588,0.034613175232793086,0.04412909864002172,0.03829215361143676,0.049573149234777805,0.060170919893441824,0.0536318570962688,0.039564620210557226,0.03435179038312938,0.034636483748131594,0.03636792385483645,0.04058945793774313
0.08299247850487806,0.08564964534199696,0.09450388076036162,0.10240303646307675,0.08535024081028647,0.07513334515526499,0.04413429207786729,0.04619287855288848,0.0447688001920233,0.04539339910483976,0.07394665625972283,0.042954235745366505,0.04316721250472142,0.0450761321699712,0.04003853829988343,0.04901200914441346,0.05419947112749453,0.044959973423856076,0.035936248587512765,0.045005053712301846,0.04462648413078389,0.05674204212386483,0.049990437772392836,0.0412297473232381,0.058921222115323135,0.053913587404060326,0.05801241256797782,0.04895280253224228,0.035187064033482485,0.03276637001405523,0.051092967532210785,0.033105036244646,0.04261645729306495,0.051507272467925184,0.05400593011605904,0.10833989041426237,0.04847849818441233,0.048288126717683434,0.05240554017036353,0.0856035680555027,0.09717550070318874,0.06940912733833132,0.1081137426973579,0.055179051530887674,0.05180441845364868,0.181131774228372,0.35316095040065654,0.24438724726801037,0.16908812085132727,0.10094031248568212,0.06685956005592475,0.04694073791891282,0.19167586380693175,0.1490360924226381,0.14483720929677935,0.04700987939918387,0.08651023731297254,0.11550229651731354,0.04964758323081726,0.04803743645358917,0.04958288420169783,0.04482416586569708,0.03794684220947833,0.05372232822802912,0.05252097501178146,0.05114272990270631,0.03926505755018375,0.08289991039109745,0.08156153018121681,0.05740243092051611,0.04455712406461204,0.0496874408974613,0.07607527790966062,0.048665275192167165,0.14165815807510407,0.052455463427701986,0.055752519447636734,0.12344413572578938,0.03791331479775871,0.059730242159619924,0.04964255115612172,0.047171314631831024,0.06405621262862599,0.23558452992067952,0.05974347683917219,0.14407927616005678,0.06240684515460872,0.1228774833435573,0.03915002823520427,0.12320386252175786,0.03956324422727105,0.03644415938510953,0.03993863737234922,0.03656473504215346,0.05905952586539169,0.04397100537051549,0.0592381494180121,0.03960249933119847,0.045563447066092444,0.03494835118746613,0.03734017479808481,0.037527598541077345,0.037088168050214185,0.03808701506242633,0.04106335125452939,0.03777495174639492,0.04345361201055546,0.038451913657848655,0.04722020453551263,0.05979389807648249,0.06445283468746807,0.04634357186371686,0.03927152483922676,0.03798852938459073,0.03711589605964902,0.040554530340300654
0.08370179137961875,0.07183124090843715,0.08568825030028815,0.09646678273635356,0.07430979517020495,0.06674538918269268,0.0508231313345759,0.050306030688334,0.0457267331828634,0.04762393360854145,0.08343137185449566,0.04084730292938765,0.042984956787855744,0.054203705019121536,0.04281667248256636,0.05664345018528176,0.06290732855598177,0.05057236579955432,0.03680793681340665,0.04711937246121685,0.050799235858601605,0.0666303098344379,0.05906475115518621,0.05050976385569193,0.07137226078175588,0.054486483952957646,0.07357250333095097,0.06313669634106431,0.03729848526685573,0.034529272830708654,0.053606651583192416,0.02957145079514037,0.041537373837168864,0.04563899294608628,0.04878326787355286,0.10763756854890569,0.06587696955089903,0.043268048574871876,0.057768364772641204,0.08881437887612519,0.0772522546062045,0.07808276830983085,0.10891221567202915,0.06615333260331126,0.04083064481010826,0.11403414470975395,0.24438724726801037,0.34954784084867857,0.22065121565505585,0.11299193789377965,0.050875946169029296,0.04401800925110812,0.1491247221947376,0.2072286573730407,0.11973323257597887,0.042538556763583424,0.08184662288328448,0.1389798822538736,0.05405117331693833,0.04218468322351048,0.05764756156206845,0.05550490470455935,0.05830717188833989,0.06891174254320262,0.05764833106691837,0.06756189949357898,0.042295083978908105,0.09859544703494208,0.10193043354164637,0.08013903362847086,0.045843247040632626,0.05730603768600306,0.05919740299859907,0.04463178212174569,0.14628373892921542,0.04221110369957544,0.050370533857869396,0.19988052203449552,0.04636284543781866,0.06279765835446534,0.05566881960297183,0.04518998165163795,0.06543631097626759,0.21392958208851592,0.0672068653588747,0.22478040360388862,0.07145751665735023,0.1924574962575229,0.04801629823018628,0.14221888715900588,0.04927700608536521,0.03644920207079585,0.04592762987986897,0.03506255833453044,0.0635368883062514,0.042826629974254855,0.07139292094940047,0.041543778691593966,0.0592538553660844,0.03521907360240868,0.045031860631237236,0.03773040290519829,0.04690810712088587,0.039220654347877484,0.045612349745928836,0.03866128029193579,0.04068201362389577,0.04057653726763906,0.046281739776665734,0.0595547420642787,0.07236238038956264,0.0551349398437248,0.04568308693746523,0.041084823218784,0.039972616993671536,0.04164514049342033
0.09842887955184401,0.06887043144295443,0.10557274190773011,0.13232595435013514,0.088962712704303,0.07780139013771925,0.04632848552302425,0.04707307420678224,0.04365914484538662,0.04791442430106039,0.06842732608956337,0.058926782530428726,0.0692468605871756,0.047097485839513134,0.039804311386293895,0.04769121977575827,0.05688652862394711,0.04455630393438368,0.03610312923358491,0.04254350651086245,0.050973154712340374,0.05276172297879289,0.04980787553726486,0.04625614589991042,0.060335701748472706,0.05056943722784805,0.06412201052149893,0.05538834545040029,0.0349962919267841,0.03496218538771011,0.04952154295072181,0.029927063746127927,0.04392249831920718,0.04950082292423405,0.04937854375174948,0.09667042216375632,0.07469341400140642,0.048069069699363684,0.051799103960516346,0.10152671407142047,0.07641716763223236,0.09560725831021392,0.1519023920125625,0.0831974281099694,0.05942007300236145,0.06238011791984982,0.16908812085132727,0.22065121565505585,0.36820202688765485,0.11020020427308486,0.0500469914101452,0.06732677499160865,0.07607233746058467,0.11557323970248157,0.061735880347607,0.04640379242203971,0.049794108542008525,0.07462286482161497,0.0464768264855223,0.04495914116365261,0.05750361018915773,0.05127131047445084,0.04738829391658025,0.062385539844039245,0.05375250149966391,0.059373070472424586,0.036890456567300084,0.05158900970582403,0.05596223078305519,0.050538427989950285,0.03713574107860569,0.07195508929030212,0.052946777877402956,0.04078278889072333,0.14762154427464858,0.051983649944439284,0.04647261047101931,0.2089618310382763,0.04276177087805627,0.04460074045760874,0.05199467657612718,0.04590787469705445,0.052575626589318594,0.18526006070170992,0.056916097441998215,0.22005176376590435,0.06040631558910009,0.18696286828204428,0.047385926678934445,0.08222886968452203,0.0469976012627117,0.03682855410566488,0.044520613682153494,0.037127911189827154,0.05520968034870864,0.039732953891704545,0.06369804466227219,0.038092701542511556,0.05370111977145339,0.03642862355243173,0.04330879604257508,0.03639236028796297,0.04426597746899454,0.039518997501113734,0.0440365406280525,0.04056988290582744,0.037805569056369864,0.040089627077934495,0.04264623881438442,0.05083739045536223,0.06406488551845951,0.05032425628859871,0.04387931986382038,0.042599340380642677,0.04044966106000257,0.039715106851149
0.038913805220361,0.06801699305018952,0.041551510652693864,0.051569707889840354,0.05289401981588057,0.06268999996822758,0.09240727429921786,0.06594430267534754,0.049787241292989656,0.05825207626069606,0.24113067035282348,0.0480920134002943,0.04059744849717962,0.05633563928840804,0.045469316648552846,0.05676721250099903,0.0657023872919543,0.052132401404852605,0.038924684698812176,0.04936776278884518,0.05895943142339308,0.058664743250100695,0.05909350469110154,0.06244776472166959,0.05874745818933921,0.03939782186017768,0.06590361339092957,0.07878225570925412,0.04281502772040529,0.03537689771573993,0.058798225457756106,0.03813704755765855,0.06995200538096105,0.03467596606677335,0.03679542611687887,0.21939382885251485,0.0629428447134037,0.042956504041334144,0.08400137617643538,0.04575964560182215,0.04648839192699545,0.05278738295055738,0.04505704309727945,0.06773826996334834,0.08767224743788024,0.06951645821055727,0.10094031248568212,0.11299193789377965,0.11020020427308486,0.35326425531391736,0.05163187861643599,0.03892595594885298,0.07192828702135753,0.07137729466887159,0.0635938828865228,0.04059662159365157,0.048318244717575606,0.055225511909214486,0.04554940061933864,0.03859686559260889,0.04205225764058822,0.0451906517910685,0.057157182515608126,0.048399955188759725,0.04307986905651009,0.04796384676267944,0.03022250956693262,0.043503633328938814,0.040006108137463275,0.0408194591652878,0.027431674301565973,0.12740214174437367,0.04949383828432858,0.03726073764452305,0.2525781750807683,0.0374504089043138,0.037526076341638445,0.1316784115859222,0.0763854423087437,0.04525648064717118,0.09336181656765732,0.08149371433320968,0.12201132850951746,0.11150120953900697,0.10552597443205397,0.14747245969228,0.11160387398692767,0.1606611320655922,0.07651673503107503,0.08793300502847384,0.05571032930905,0.04678503635726364,0.04716938302286644,0.034889397051830306,0.04490780373684391,0.03393988846243558,0.05914845076593127,0.0329421784182813,0.0545355038288517,0.03281579009274772,0.04806027999998432,0.046820784241099166,0.039788672023982355,0.04735766125948432,0.037738747274931865,0.04233640625199603,0.038689603724750554,0.033166513343610024,0.03631261601358038,0.03898001768077955,0.04634192152828319,0.03963161815684481,0.0361711888945765,0.03889564883150106,0.0384400607086573,0.036751505332413587
0.043210932936836186,0.08068025332980672,0.04645510017227808,0.059176856165539415,0.04816654286811367,0.040461068710131554,0.09238165708824256,0.061861620173631546,0.0528182660876074,0.05868791434259882,0.0738133238109136,0.2062284170078479,0.17113667924694143,0.03997470666959155,0.046821075836066844,0.044914130721993024,0.04405873859280524,0.04487509591413372,0.036313246181173854,0.04640669027046804,0.05043653953339387,0.05916588599358591,0.05179314698426568,0.04674461029924183,0.05354739480641818,0.048599782926135246,0.05519705794852632,0.05459117771082424,0.03861013488359272,0.0331280280527535,0.058441751923231866,0.035436398208685396,0.055108838043724725,0.03910440468699061,0.041328115951757755,0.07645521016904377,0.08930307017229838,0.05529830113814484,0.05918131026130766,0.045878384086739374,0.037612699178530044,0.06451657760023805,0.06318861711777213,0.06634677002018673,0.07957158579870958,0.15343811881332986,0.06685956005592475,0.050875946169029296,0.0500469914101452,0.05163187861643599,0.35251239189346517,0.24470362456884653,0.09037348781024962,0.04932362660967117,0.09775141882336041,0.08618342267633991,0.07244701890346517,0.046684561014132334,0.05118882170171733,0.0637833748993687,0.04625816665093847,0.045780052098749704,0.040871054545525906,0.04899169395477962,0.0474556930157555,0.04721394231895807,0.047115743084779504,0.061550393735928854,0.04582289882971035,0.03858706552735251,0.04070943557173641,0.03554824547979603,0.08011216092819212,0.06433575992171048,0.054964340633830946,0.2110641671464566,0.06667322701398082,0.04288327734772847,0.04961520494269628,0.059891431049038046,0.06604760294422074,0.06605665771825252,0.12158324214943114,0.05816348587962068,0.07156286621962875,0.04600816166553767,0.07941401046725083,0.04330310178486521,0.043166606081016606,0.10126357167003092,0.04323292459487303,0.03708053344582017,0.037401951548331716,0.03989552716788013,0.054863800585568806,0.059192416802284264,0.05832019810756595,0.049648539418301316,0.04838216184328098,0.0400023409353546,0.041086174680383156,0.03438012739201379,0.0424676969891668,0.03447917575706644,0.04182687762436219,0.03795460369282444,0.04094011951654686,0.047359761106589765,0.05578444242143264,0.06373950745533818,0.05655499641651232,0.04274694223560106,0.03734277348312218,0.037071553168280265,0.04109784634763563,0.04457522728910353
0.05110200490897694,0.06265304993702275,0.059106187260421876,0.07688316641932438,0.06424174561684065,0.046369494652534204,0.07779118070293864,0.056320446693998674,0.05069126897714932,0.05566629591450768,0.0470808044684882,0.220240740377185,0.22175333890071142,0.03743887714694419,0.046240052340810564,0.04333346109297089,0.049513555093417476,0.041890214937704055,0.03917468532032569,0.041711940629923255,0.06453362942799637,0.056923040397949654,0.05317064614195162,0.04841392819456672,0.054444092552447816,0.05081827683952056,0.0548353208608819,0.05105644662015884,0.03997321926736659,0.03459532514192473,0.0560414702569382,0.0341224470181733,0.0530809691841723,0.04271947698040186,0.03870254231977545,0.04983059742437715,0.13234773748215245,0.06673781127099429,0.049622962299737984,0.05142350984446406,0.03768416346181116,0.0684212975722398,0.0793545309629971,0.06455009621940956,0.0891319784462753,0.09278265042144501,0.04694073791891282,0.04401800925110812,0.06732677499160865,0.03892595594885298,0.24470362456884653,0.3432155201014625,0.056372109387261136,0.03643130603040194,0.06588105128153735,0.11043992381410397,0.06145332952394146,0.034436216263539016,0.050897029926546086,0.08776980402063146,0.04971094923655054,0.04248710139099154,0.03914881049936175,0.0528489428970088,0.053794156636794925,0.05079981665384564,0.04827101536543757,0.050074234662850714,0.03743472400043976,0.033098368758899474,0.03747540651778836,0.04006799201205175,0.06824393410756652,0.06147601125955369,0.04353909601275589,0.25870848470974284,0.0860571428780574,0.052276879990147906,0.04777866839386064,0.05315166430448762,0.05842190376336041,0.05471072336822311,0.09770593925403183,0.041051189220100745,0.05744100993460214,0.05148962398041933,0.06542009065839857,0.05059736152240585,0.04199157297127592,0.07266777249132678,0.045600703229056155,0.04540039522275765,0.03952984199164869,0.04281826838307433,0.057502015080608954,0.0679843271737956,0.05642945607422062,0.057391711191195016,0.04860008331501338,0.04741696042547504,0.04393675586457735,0.039438627764188806,0.04472208274770248,0.042668177678188944,0.0461517751084162,0.04669001971793868,0.03777131817732904,0.05156684416786259,0.06846068648795994,0.0717791743210153,0.06325010835663983,0.04982727796542176,0.044183556654539484,0.04482229024479429,0.04984334583733405,0.0545612661618142
0.05750613085681669,0.06053832915504192,0.062001521178359,0.0664245313822451,0.05959990940382329,0.05787476645797879,0.05195147113197335,0.050987944917876116,0.047047621448974244,0.04493795449090629,0.07271612661663296,0.04827127915734912,0.03980947008941627,0.05615548173564247,0.047977659141583806,0.058983986496403684,0.05667182188543558,0.0501910576525802,0.03809560503789257,0.04595637163812401,0.04217346560537011,0.06553086317367002,0.0551863879803346,0.04595841606129579,0.06400615561153453,0.05423144027657424,0.06650228281219873,0.05274347253638166,0.04085507653634535,0.03570885271765693,0.05123246084770362,0.03170571668413206,0.039510009958001135,0.042254490425257765,0.04403895527520707,0.08340913737809913,0.040249893629994565,0.049030078283806525,0.05701787266264576,0.06508768414060176,0.07927763808799365,0.058708041195451616,0.06715591221159817,0.05498437085531182,0.05599386540685934,0.18951179712130417,0.19167586380693175,0.1491247221947376,0.07607233746058467,0.07192828702135753,0.09037348781024962,0.056372109387261136,0.33262560004402175,0.13414294228493967,0.2765021473770112,0.06535133673556888,0.17837328295372815,0.16912641847404797,0.09518285271682464,0.054693906056198165,0.05761013764719391,0.05371351903110992,0.04451619792470887,0.0665515013650381,0.05932899725775758,0.062408763597949335,0.04381427024475482,0.10492118797620087,0.08522258178096664,0.0583687927510505,0.046711204932526645,0.046198866851744305,0.04715432980545105,0.036389693746877054,0.09275848951287358,0.07580420750277234,0.07078327186435762,0.06395261019210363,0.04366844560690086,0.04905916842438099,0.04457910755940578,0.038536385960747585,0.06437891926182376,0.15777394880886264,0.06201897609647868,0.08411576028733155,0.06416802170584215,0.07571637130267901,0.04146321974077148,0.129511301008727,0.043320422993779695,0.03563277715801528,0.04029632401355045,0.04004562409736806,0.05955476531070194,0.04379690610630077,0.06351967163002877,0.043791132636130256,0.05100595997136446,0.03957325358936599,0.040393373345711386,0.03678661090325021,0.041902771363915875,0.03888326762328705,0.043652342253125254,0.03933900286535001,0.041961288629756274,0.03690681220540939,0.049207898974451394,0.0642339738974233,0.07242615931407323,0.051201830002053375,0.04146232746426004,0.040229693016657304,0.04071763909972455,0.0425417843844236
0.05943361514893988,0.04756781505478587,0.05606544129768053,0.060865342349777606,0.04879505764430408,0.04665502250232838,0.04836727991451571,0.046644694643867154,0.04181286640379413,0.04337962597953701,0.06276185281253169,0.03981025450121503,0.03714122553914971,0.05314294256015212,0.04226489849106839,0.05095010456439497,0.05805434823145561,0.04640361486512112,0.03846870775353707,0.044029898970840434,0.05580568936848719,0.06574047842618894,0.05978635292867363,0.05301258900604577,0.0693074429586161,0.04871343178939857,0.07023941185757104,0.06271950855228006,0.04104121606230253,0.03585941226093674,0.04714103588058645,0.02918795983701085,0.04210072731991324,0.039163264404291645,0.037406497698675184,0.07119134323027279,0.05571959022673753,0.04012768393824186,0.05194214216031525,0.06730345312166462,0.05609851285490436,0.06014270611462311,0.06796190538397079,0.05601769809481061,0.039249021349373775,0.086118103086359,0.1490360924226381,0.2072286573730407,0.11557323970248157,0.07137729466887159,0.04932362660967117,0.03643130603040194,0.13414294228493967,0.3131766667247864,0.12599693904835518,0.03898906186031496,0.10372455096011499,0.19571106244907316,0.06902576253986356,0.03858169284461888,0.04693240225068414,0.06623084590206853,0.09211662241358218,0.07007022247719397,0.048609670136520976,0.07735043295039395,0.058296432287073804,0.17135876832620334,0.1713663919398173,0.13077663716943252,0.06416308089716988,0.04383802756076153,0.04364581220039464,0.04790538995489971,0.0856804996477351,0.037167685674507484,0.040444015591571694,0.15050227602913047,0.05098731981626922,0.0835043252298692,0.0486628586981517,0.04091606505461143,0.05669237843824125,0.13141963406989696,0.059041407757259426,0.16530623799191363,0.06528110169361312,0.15137136763844664,0.051344522774546236,0.17294807187448913,0.05276869818908293,0.039899799010231135,0.04622357304118123,0.04028190122086872,0.057851289265901745,0.04817818190479384,0.06509633427551702,0.04971310887794207,0.05859096793723459,0.04331578280580843,0.047602555716375866,0.03949451205200159,0.05043767648191922,0.03814412338280411,0.04793602193175951,0.03805443358942412,0.03818135414286361,0.04640117527408272,0.04495163340267151,0.057466217261423716,0.06639446009848224,0.052274204212761466,0.04319977348916895,0.03988940619489273,0.041244568611179394,0.041963831868702284
0.047891689427253886,0.05347779453634806,0.05121788413138097,0.05365869740201877,0.04828718906688299,0.04953030689688474,0.05654583694134935,0.050516948423064784,0.04771048226411334,0.04438926897715734,0.06821331180212034,0.05729064881479613,0.043796242767819335,0.06180663729519943,0.0511353721246536,0.06414756103412608,0.06202227165024658,0.05404822130413856,0.04040281759073065,0.0489806018594397,0.04306284917966938,0.0695622191601971,0.060235874517039725,0.047927487076284275,0.06922308408388667,0.05384917372796333,0.0689822691967993,0.05466273974841579,0.0429731211322187,0.03730069573863749,0.049372889708304245,0.03342204379311685,0.039670960988992254,0.03976337871250239,0.039298234454688524,0.07017727085188188,0.037388685087799495,0.046246805359461976,0.053746340080131835,0.05509328797611247,0.06638921878066054,0.04977958663315672,0.05336825564889371,0.05014891520017297,0.04764342440907962,0.159910454126532,0.14483720929677935,0.11973323257597887,0.061735880347607,0.0635938828865228,0.09775141882336041,0.06588105128153735,0.2765021473770112,0.12599693904835518,0.32732158341833234,0.08045923471096868,0.22996070147815517,0.17446892253869506,0.13133162256934894,0.05473167105695849,0.062035914086084526,0.06517238250732496,0.05349475438107458,0.07458110555102093,0.062450550659945314,0.07381513234637921,0.04638843351684931,0.11191132438485107,0.08019437327703752,0.05412286541293654,0.04451358872498905,0.048518134040852964,0.04038363855050697,0.03467584449352548,0.07537907810961567,0.0878162035913371,0.07457576949781819,0.055122921025827734,0.045795657031171444,0.04899373282645443,0.04442710501895504,0.038367417421307455,0.06546769189204163,0.12744687575905167,0.06050770768903736,0.07175345284303758,0.06227928350884132,0.06606172500824886,0.04649931884166046,0.13690616973579361,0.04526489314341451,0.038053736060365495,0.041674451518612085,0.04128191856051985,0.05891159329098621,0.04629710276307833,0.06432181164628512,0.048259606247399056,0.052425408569908,0.04397242966138089,0.041173748036874167,0.03752088989158729,0.043356346379352186,0.03812470865838215,0.04419924234576966,0.03986094842265081,0.03908901233197887,0.03638496602019961,0.049964117358005364,0.06575091445900758,0.07744898220641558,0.05497934682126916,0.04314022126171682,0.04078712404367002,0.04263529208892125,0.04394198330764541
0.037351113850532164,0.04475937436617659,0.03725695174627183,0.040365354955333776,0.04033384865542672,0.038655367585217884,0.05025749564086768,0.04293680381874844,0.04320194081250009,0.04284819009139426,0.042478430814407914,0.07145481539239418,0.07365494888009005,0.04587398146679255,0.042767755481268474,0.04736952105249441,0.048568968870740664,0.04780583037219171,0.040396183403806116,0.05089049793752842,0.048485160899368815,0.06657155310397037,0.05374066277671594,0.04028470490171496,0.06386003368631869,0.05452872993026843,0.05866701418525998,0.04275785250484616,0.03923328557953863,0.03451023945037407,0.04610970520492171,0.03739587330919709,0.03845947767154813,0.03820977519287855,0.03804094200376337,0.04468887566734254,0.06410321547167355,0.06415507753177022,0.0425695843552788,0.03851139198390478,0.04632062153100225,0.03901701499344473,0.039780009432811195,0.04101457650141768,0.041259969561270704,0.060654333983549025,0.04700987939918387,0.042538556763583424,0.04640379242203971,0.04059662159365157,0.08618342267633991,0.11043992381410397,0.06535133673556888,0.03898906186031496,0.08045923471096868,0.33023746415615984,0.08138984581599401,0.037609443402577054,0.09248164754308577,0.14901707046966062,0.10161651426674762,0.0561952500235294,0.0390322948904441,0.08036860586713737,0.09635398707743133,0.06793433547858495,0.04344005920351528,0.035896697725361526,0.04114356947743186,0.04354303084377087,0.033071209200644824,0.057887688485209865,0.038417639735263895,0.03567927480767606,0.04494808763792596,0.14157163346659946,0.13741754614027885,0.052944571168273405,0.03969896682972279,0.0338559309217738,0.04035442307885126,0.046040788956719474,0.052798170356217304,0.04703576580169622,0.04509507810148418,0.046173836176901156,0.05001009781451786,0.04597820346019037,0.03853258229211835,0.04986230089210473,0.03844881105362636,0.06329226043222373,0.03741729764092197,0.05379285818060652,0.05630876188771156,0.057526185431325094,0.05255352935965149,0.05428084819702128,0.04445699933647919,0.059199586696796355,0.03618335496979286,0.052138293334300034,0.03619773603138881,0.05168407339615279,0.042321441737320116,0.049364309329427744,0.03766821941635824,0.04568355777337965,0.06450245528443321,0.07228501213711086,0.07615824973500522,0.059933490611631446,0.046708141410061396,0.04599459409349,0.05147329409305973,0.05522992170096611
0.03999245617946718,0.03961169703962113,0.04394866713819443,0.047168877122814645,0.04253102342551152,0.03814249303893186,0.05303462509875992,0.04711306323696608,0.044861963227841264,0.041426152336967545,0.053509675943648236,0.055826236114030814,0.046696404157411095,0.059639277447835454,0.04684399623137865,0.05738701182060344,0.058389306849292,0.052476365480494086,0.0417830099774201,0.048456534503430126,0.04642347002569606,0.06176369550019496,0.057312600542831195,0.04515109404109613,0.06328565203781247,0.0445039957049362,0.06143398563138813,0.050874945274318205,0.042744878157029945,0.03599339586647765,0.04144524423452187,0.03327086406967808,0.03627379138522073,0.03436191541183689,0.03340961284397116,0.048988552894889806,0.036894292432358894,0.039092583177893006,0.04784836366003382,0.044025037330569824,0.04787731944637372,0.04523838639676308,0.04585369822721411,0.04497761946157804,0.04134393978115915,0.09456570836012829,0.08651023731297254,0.08184662288328448,0.049794108542008525,0.048318244717575606,0.07244701890346517,0.06145332952394146,0.17837328295372815,0.10372455096011499,0.22996070147815517,0.08138984581599401,0.31419131763231156,0.1758450067634082,0.19690666535500895,0.0427532222444719,0.06034304872440476,0.08926697253511462,0.07300736766273686,0.08146970630608903,0.051560861567965674,0.08578181313424654,0.054349971852019834,0.11831278709008153,0.07548014231684863,0.05526782854775236,0.046290644984741385,0.05470929765007043,0.03949487730500573,0.03323774957605349,0.052927432508485736,0.07734573339456943,0.06369314460860176,0.04539497253794747,0.04780003654276484,0.04627570119490657,0.03800092220406476,0.03910182829555668,0.054000174536776475,0.08220672172512528,0.05120770626946493,0.056037105837687604,0.055143947471607946,0.05331031985812558,0.048856845314628736,0.12117071582653147,0.04548511240659024,0.042964075560801854,0.04128718755409249,0.04507959934599376,0.04772416271014647,0.049216239550569904,0.053984268824086926,0.054381170783349184,0.047397487726553306,0.052679232870385694,0.03874281337244552,0.03886664588558392,0.03960052318588823,0.0378178122136519,0.04056106508083901,0.037289979230418636,0.03500439820110764,0.03728965088337868,0.04666268227432144,0.06094905033797712,0.07672778216177964,0.056101902312097156,0.04136388041394004,0.038382677414748684,0.03981457104317329,0.04095195520067042
0.05022282069618904,0.0403044354364412,0.051148664938898816,0.05666330390400613,0.047462353510078874,0.04278135024864532,0.04549210785649725,0.04584635424263199,0.04248534481580603,0.04253289082774123,0.05333617685749921,0.03694658928731717,0.03322970119556776,0.05584074865405349,0.041817987600947154,0.05241983282447929,0.05438934065197552,0.043690089027150894,0.03709913272873777,0.03981917050484303,0.04765546621862735,0.06141681376999117,0.050400500741707835,0.04462959482959322,0.06448523928271388,0.04708171203562465,0.06427832483996473,0.05029914747621332,0.03852391543409288,0.035750581262224246,0.04276463366237149,0.03151620789552852,0.03816345004297554,0.036458732351989986,0.03661821180551138,0.05557322546159202,0.0462279714231639,0.03526853272906813,0.04984383206283631,0.0574022884308516,0.05231347106797815,0.05688539807087474,0.059876688646018646,0.05554363666398078,0.039206897513704736,0.08641707625422293,0.11550229651731354,0.1389798822538736,0.07462286482161497,0.055225511909214486,0.046684561014132334,0.034436216263539016,0.16912641847404797,0.19571106244907316,0.17446892253869506,0.037609443402577054,0.1758450067634082,0.3151903248095517,0.11679944011096288,0.03344957024427442,0.048640843401086764,0.07415654693011217,0.08075705020277565,0.07209954578145544,0.048536358402445655,0.07611940316437088,0.04763534015140398,0.15102431861014715,0.12876240889100907,0.09272606309915216,0.04790571307098637,0.04088208822293239,0.041445865631395074,0.035219052691532846,0.06618068094776652,0.03967679940892094,0.043012606153978124,0.08010031682426016,0.04291257484814724,0.05045141127552766,0.04051746386879064,0.03837684424098722,0.04722574256440268,0.10852773065126611,0.05319993457660596,0.10012675806776371,0.05387681524371219,0.09319965003183689,0.04316901027553456,0.13239643608411403,0.04484581460051803,0.03484618093595453,0.04364375632503453,0.038786606935741486,0.05165153285210625,0.04230271926523885,0.05728386442010296,0.045352775831056735,0.05131462794131801,0.043556084317845065,0.042129247651690974,0.03652685616402269,0.04336938651855912,0.03627675053480765,0.04367252548996106,0.038317214728159854,0.03877567877510229,0.03778595921543924,0.042543761848535186,0.054439594033730734,0.06541425484853311,0.05095609300947285,0.04132555007161827,0.03927257980946364,0.039947075320587284,0.04092694374010673
0.039688527743361346,0.03664673535782349,0.038965195863640556,0.04363995268743891,0.04138797591579188,0.03851552783941603,0.04839498936677601,0.04291126012740182,0.03954168029946807,0.040223755604227945,0.048395899858510935,0.0474611934101903,0.04466969877782774,0.057558432269901996,0.042250273985494094,0.0514680667134093,0.05956422195943888,0.0483569958096204,0.04151268624256793,0.044831357717151646,0.05098735890828508,0.06244394370374513,0.05848245006038502,0.04788453151971522,0.06425973547150454,0.04221166289873242,0.06476644439012169,0.05112357872452816,0.04193841947056691,0.035096871992694845,0.040268094132358254,0.03429730259635361,0.03704298034107441,0.03429955770887615,0.03421338286066554,0.04348084111672412,0.037776122246939714,0.041176173798066845,0.04327749523816719,0.04060402911355797,0.042818736320745135,0.04514594934723358,0.045010042500344793,0.04372573068831456,0.03942722933159373,0.05098479876126658,0.04964758323081726,0.05405117331693833,0.0464768264855223,0.04554940061933864,0.05118882170171733,0.050897029926546086,0.09518285271682464,0.06902576253986356,0.13133162256934894,0.09248164754308577,0.19690666535500895,0.11679944011096288,0.306629918887792,0.046078036560828525,0.07721616470050599,0.14089368062748464,0.09102244779493128,0.10851241878283639,0.05534328260037386,0.11737297280009132,0.05579096285494836,0.07845522097419527,0.045492345300635895,0.03781176945969637,0.03330201101028327,0.05243642121100979,0.046407849307022284,0.03301585186576929,0.044802050366590046,0.06274634065525281,0.06834059377087634,0.04225033903101914,0.050015134992788216,0.03556827645397251,0.03816469879285131,0.04851674835404614,0.046840542694766285,0.05634402804131619,0.04596242982940643,0.05021632642821741,0.051762089531999664,0.05170514209780459,0.05270074041801018,0.09225289561123337,0.04509232369293338,0.06318138052881456,0.04252069860663886,0.06439365758424145,0.04664453453198673,0.052127554321007824,0.05252054013984704,0.062075228448532374,0.046379728921082476,0.07272891669949733,0.0382982687913106,0.054585855032497035,0.0379361279086461,0.048325976024817544,0.042013537645902294,0.04323013819462049,0.03415345128576355,0.03975772247367139,0.049672217978628294,0.06480061912164178,0.08560444846867465,0.06604013707753292,0.048322619968730676,0.04428280876197202,0.04673330377977525,0.045955946288289834
0.04624554849751334,0.05793278647027767,0.045957878245283384,0.046185186456179514,0.04720729178249343,0.045208595746652466,0.04504432785912618,0.041961964582320266,0.03872981744523771,0.043485143277616864,0.037101496342123064,0.058711788764430214,0.06495862684515712,0.04019203211138718,0.03887417930617855,0.04077960432601184,0.04809173212748648,0.04055494691486021,0.03828660438651796,0.040824530629421485,0.12994780189193367,0.06090473718657617,0.05540166377049542,0.04981649686298631,0.09774841495363855,0.1263636301379969,0.08437921038614897,0.04541975424806689,0.03473677843459126,0.031305533648735104,0.049868818725266245,0.03641756077138153,0.04141385224654664,0.042047144143221665,0.04541107153086868,0.04152951944425348,0.10448733882610714,0.16591568117122235,0.038880234128373554,0.04760651761949495,0.07686300673064544,0.04486731045678842,0.04538325405490806,0.04747159389704346,0.04753801013101221,0.058683188670013084,0.04803743645358917,0.04218468322351048,0.04495914116365261,0.03859686559260889,0.0637833748993687,0.08776980402063146,0.054693906056198165,0.03858169284461888,0.05473167105695849,0.14901707046966062,0.0427532222444719,0.03344957024427442,0.046078036560828525,0.3264637691719642,0.10962497150336682,0.03746424259958858,0.06709733248418999,0.08607896134755694,0.15666680750487838,0.06889863070798094,0.03756696258490977,0.037727763356000754,0.045977292905628214,0.05341454088294006,0.03614886704527326,0.06533573414757823,0.039626887524476975,0.03772084183885642,0.04199654291451854,0.11944694805054445,0.23261940415056886,0.048708931703129926,0.03825421603634481,0.041683243199868936,0.04432151778261857,0.0626097896685861,0.051762660735086743,0.05653703976161908,0.040482224571929334,0.04547141709538739,0.04600295520599391,0.04754270538320074,0.042297088850723044,0.04246555713947943,0.04692023394501753,0.08072942902281233,0.049795528418068835,0.06998492499623672,0.09268789671340663,0.060909347849518874,0.07879047151489316,0.05447739166864859,0.06712741729402172,0.0664779843249666,0.04720438234339787,0.08285535202740002,0.056102708040750515,0.09548423865230105,0.07878676200353935,0.09851407930869135,0.055018021688578334,0.04685775877036223,0.1072369676084781,0.10266365380109821,0.11066013640054645,0.10085518379267627,0.09366403221882273,0.10020164818085886,0.10319107724826873,0.1044233299605612
0.042235524551069104,0.04007111479834259,0.0427022043508245,0.04566012165693593,0.045032920424733655,0.04314804019832612,0.0497764440643553,0.04701212680341091,0.04590173972232764,0.04630839461655088,0.04231362543091292,0.04962891716491367,0.049466335262000005,0.056335000626319715,0.04675601664719441,0.05487567736253772,0.06092285271585646,0.055961882733079574,0.04366329319674685,0.058779988531962174,0.03707246338843381,0.09700644094432712,0.08811321107493494,0.06615219620036467,0.14152929944875692,0.08786142748548262,0.11392948061287472,0.061477580457292104,0.04843626676962657,0.04044079315414101,0.04912086694837503,0.033779413585267815,0.04342389902686075,0.03904786242117207,0.041548410727882235,0.04349171070852962,0.039198318375545604,0.05158381657248581,0.04649952477744937,0.04674395188356387,0.04576166482140523,0.04497745271883585,0.045979175288800536,0.0431844266200322,0.03887332708255098,0.04533419023792891,0.04958288420169783,0.05764756156206845,0.05750361018915773,0.04205225764058822,0.04625816665093847,0.04971094923655054,0.05761013764719391,0.04693240225068414,0.062035914086084526,0.10161651426674762,0.06034304872440476,0.048640843401086764,0.07721616470050599,0.10962497150336682,0.33179598721494474,0.1286786937315943,0.03771907722913403,0.20397186267150752,0.22873634558386907,0.12589062287292957,0.036668036409672894,0.03397902493977134,0.033949555456015496,0.036389911195783164,0.04461203547620744,0.03557844106137767,0.046242964000629744,0.04501575469005008,0.04590467637390917,0.05806294302468118,0.13058389102346912,0.05287577831164314,0.04882022621114483,0.03858464813475736,0.04643250475658457,0.049012870276138654,0.052103012917596114,0.05676961532527574,0.04927886755695575,0.0573069633684965,0.054137823599790975,0.056667215649740796,0.05243214203329216,0.06155492328452142,0.06150874466730839,0.047106188471684726,0.06353765327959279,0.053471878989390514,0.06806980259164012,0.042002971652871604,0.07757229084640752,0.04090028678162576,0.07665888762211312,0.048265292496024695,0.053678805666549145,0.050113673510289,0.05671889510512776,0.05748096117589168,0.06417770836850192,0.058130934764204195,0.039814662912541834,0.03882341871964711,0.058944555488001774,0.07332704950055437,0.11098729820129982,0.11586709819840768,0.10249430144980387,0.0830346212775639,0.06955193537909113,0.06201308795482509
0.04241362565943869,0.03728650155936533,0.04033699274001608,0.043649889373524056,0.044519558086933225,0.040682130124177665,0.04692968258211222,0.042251457476959214,0.04119963473519242,0.04070509279661347,0.04463176683296366,0.045388737410200136,0.04536680439671882,0.05143348299614259,0.04610782572675208,0.05262715536426268,0.061837022156941895,0.05154408104872531,0.04356823056626344,0.05331439966722501,0.05769293702900066,0.07058739486101318,0.0713564487910143,0.05674292380322955,0.07892921563655353,0.036576319585294045,0.07738201223542568,0.05999824965848777,0.04702864195894986,0.04141858988028309,0.03909254385640036,0.03653972593406177,0.04101623768780044,0.03574148888527157,0.03357086711662781,0.04168322389105009,0.04219601498892779,0.04270077621070317,0.043864155769764976,0.042504198970830895,0.03677263090760433,0.04398358719133288,0.042902533777056676,0.041872632102971326,0.0438673801586333,0.043494919176545896,0.04482416586569708,0.05550490470455935,0.05127131047445084,0.0451906517910685,0.045780052098749704,0.04248710139099154,0.05371351903110992,0.06623084590206853,0.06517238250732496,0.0561952500235294,0.08926697253511462,0.07415654693011217,0.14089368062748464,0.03746424259958858,0.1286786937315943,0.31170252775761587,0.10815602895957879,0.17636860911203883,0.07414056838735378,0.15846864312922077,0.03817499072980017,0.05148536206803796,0.03798925733412134,0.034698490249728264,0.030412879237410092,0.034015831689231904,0.05227877533304056,0.03704825845384746,0.045231835890768346,0.04536610514670561,0.059391573446724744,0.05902132410155862,0.05335364172232247,0.035014300768313765,0.039732130202587645,0.04400889804499194,0.0454966276341035,0.049158552150915844,0.048062562269593684,0.06434465432258402,0.0527115715624969,0.06828325919353745,0.06497498214034561,0.08287686708228406,0.05501999715045154,0.0617396213955112,0.05249955096224415,0.07665793592152881,0.04668139968679182,0.042702843404761215,0.05809062958530921,0.050109011829360735,0.0558456378350803,0.06615024300145048,0.04687606792593281,0.06057144258798883,0.04527712593374378,0.05362186310200941,0.04545738833079839,0.04698159414671925,0.029604124952382377,0.03540752856627587,0.04623968745140194,0.05860113814765225,0.08521879324429377,0.08405098525119631,0.06897941908579566,0.05601224996666587,0.05120715018184997,0.04739382563631847
0.044520559728539064,0.032188184244006525,0.045252486965263045,0.04496084003366506,0.04742009938215032,0.0432090581333322,0.05673230207773245,0.045879863121587164,0.04655302400797047,0.04469200201005468,0.05558270572740021,0.04808573054446888,0.04561591140013259,0.05127143133706655,0.05044989633565751,0.05131279972554138,0.05978804153818108,0.0479916081385392,0.044289631055629115,0.04448530645058118,0.10584794795398633,0.05308296585132662,0.05715366453403327,0.05475391499418039,0.0408293247082182,0.04991806474310974,0.04592800161133084,0.06703830393592494,0.05369427748859269,0.040992351293981114,0.047613982702338936,0.04119238760849227,0.04880742098266144,0.03668056841649425,0.03244760428153047,0.04699799950722895,0.05480769635401436,0.08953830832831042,0.05593678719236825,0.04412363160024164,0.04316913060926842,0.0457737095728601,0.04359312355233386,0.044844172417241174,0.058987211945889635,0.03685122525592867,0.03794684220947833,0.05830717188833989,0.04738829391658025,0.057157182515608126,0.040871054545525906,0.03914881049936175,0.04451619792470887,0.09211662241358218,0.05349475438107458,0.0390322948904441,0.07300736766273686,0.08075705020277565,0.09102244779493128,0.06709733248418999,0.03771907722913403,0.10815602895957879,0.3283890676619676,0.06527198910308227,0.04278844517535828,0.0893614584453519,0.0721103658269561,0.10833249918290638,0.09144264888037344,0.10527251370524077,0.05258643853728502,0.049254797339074875,0.039086966423697994,0.040206517551817395,0.0506289320056489,0.036831915440919766,0.03998627746204398,0.08051560533361929,0.07042983154240916,0.07406843104322623,0.04930003613896734,0.049039750537543836,0.04776474038522563,0.04299054294871961,0.05751417419192563,0.0829829625384703,0.06192581915056311,0.09320111888620897,0.09670342414843963,0.10494807905004466,0.04814168389444287,0.034373451585861706,0.04050396180744607,0.04311276873315048,0.03414119809781833,0.041869417458850325,0.040459103077000846,0.04898104166255517,0.042613856774191494,0.05247082598814756,0.043121604528534266,0.035009562428834684,0.039603158001220454,0.036942541705561424,0.03478921435063079,0.038253899120491694,0.040902642742926196,0.03775014128192589,0.03416646398953818,0.033795849004825115,0.0430970279360811,0.0389115971993836,0.03338943908610545,0.03693794712228217,0.036546854650829144,0.033399827010852076
0.04230785296073371,0.03990626135167401,0.03885598153187667,0.04577829705464874,0.04368365123929622,0.039214955147234144,0.057507013182210506,0.049621766081229694,0.049498403272423025,0.047551464551220946,0.04833948610505942,0.05338613115444439,0.054798263743132666,0.0545400409000522,0.0542228856570179,0.05320597801145742,0.053526620253142185,0.05498042981466222,0.04756603185556352,0.0597562805522411,0.038681935884030474,0.08830157743077642,0.1018352947560888,0.09240961055672395,0.15298700984172092,0.0734376611478268,0.13952200221777164,0.08918141184353842,0.0565075711942759,0.04481554201823318,0.05017121304147497,0.03942960948442854,0.04833630440603425,0.0368314171877934,0.03503218119524478,0.048353256523269314,0.036401279808393756,0.05048772424039723,0.05415392087088606,0.04446817372599009,0.04294310382156409,0.045194258167246024,0.04683471235987108,0.042688885920772066,0.04103750996681772,0.04510119391935364,0.05372232822802912,0.06891174254320262,0.062385539844039245,0.048399955188759725,0.04899169395477962,0.0528489428970088,0.0665515013650381,0.07007022247719397,0.07458110555102093,0.08036860586713737,0.08146970630608903,0.07209954578145544,0.10851241878283639,0.08607896134755694,0.20397186267150752,0.17636860911203883,0.06527198910308227,0.315887295414082,0.16308772201911662,0.2236508486666808,0.04398163271445603,0.04847671804982846,0.0374350065491004,0.034214908022442335,0.0285142040055419,0.035423316417343434,0.04032799367066402,0.029320755831175195,0.0531067760499825,0.0614213727658892,0.130789548235972,0.06645991906340842,0.07401030170458194,0.03155594436467468,0.055177334642988685,0.04071666643073488,0.06036746146442336,0.06660609745696752,0.060697148043601504,0.0740165841456379,0.07401417242301683,0.07495059597578407,0.0661111635517406,0.09906415559785003,0.08687975819510024,0.07384679723855761,0.08787380562345849,0.09446355835475034,0.08471173494862518,0.060083519548976755,0.10197978351481754,0.07026319973628176,0.10401121560638553,0.09142525514609612,0.07526387187989464,0.07657353021314395,0.07520883861500365,0.08129880355296393,0.08166315987791509,0.07879682348279485,0.034551708728720855,0.0459493605122505,0.08255466136198436,0.10877413152360771,0.16933074881206522,0.1709709591673244,0.13739723646589627,0.10716404846880961,0.09470793034467331,0.08557143139589155
0.042210871888900756,0.04238265538456393,0.0433190636671093,0.041955944986795946,0.045569941021242795,0.04111136412787626,0.053207328959702545,0.04773680514824098,0.0474380197317327,0.04434593901029801,0.04374770253158171,0.05335072071842065,0.05237441940964692,0.05297725549860237,0.047408835421337406,0.05053170718964278,0.0449609055047637,0.0535613768119302,0.04304291915589037,0.05783208109224679,0.05091589722269032,0.10408600456658575,0.1004352626475465,0.08076390698314248,0.18569892708003033,0.15682568782757625,0.14027880145452232,0.06524604522487085,0.044700298057238436,0.038577350832777996,0.05505092886075939,0.03226376070855101,0.04291718407302364,0.03703266026640102,0.042481666084714056,0.04564693293730151,0.04256324697630641,0.08576651106084437,0.047097571341251684,0.04843299635207966,0.051767073474443454,0.043659979673853024,0.04327448452495404,0.044452623254869206,0.036751403734215815,0.04698155497731035,0.05252097501178146,0.05764833106691837,0.05375250149966391,0.04307986905651009,0.0474556930157555,0.053794156636794925,0.05932899725775758,0.048609670136520976,0.062450550659945314,0.09635398707743133,0.051560861567965674,0.048536358402445655,0.05534328260037386,0.15666680750487838,0.22873634558386907,0.07414056838735378,0.04278844517535828,0.16308772201911662,0.337270936108169,0.09848850642462842,0.039421474868979775,0.033792740208968136,0.03477894020876686,0.03552428283886173,0.04040469545232854,0.04060757609117928,0.04186240628369055,0.04204818910120842,0.04749428277249883,0.06453836287594192,0.16711821845140318,0.049289960946254444,0.04757398800773814,0.04031887620443965,0.04705201260144529,0.05237004129896429,0.055316501441967245,0.05983220076586115,0.05025519404686753,0.05270673826296082,0.05753997531181913,0.05199603776777037,0.04336798158814796,0.05553512628500473,0.07113481890748555,0.04752906514045792,0.07693022076033004,0.049267737351974025,0.08430230641187439,0.041052647939817555,0.09221062245392506,0.04015067389716652,0.09183923588178125,0.046474261898411584,0.06221443170634254,0.05224640640105941,0.06643549638246052,0.06583050144679199,0.07764816762695992,0.07159085081046902,0.0498571237335662,0.03713603401965216,0.07070829501165668,0.0826149864675742,0.12054652691486278,0.12563450596244827,0.11712356476671437,0.10101001406719748,0.086598175319958,0.075606786685782
0.039755448759191056,0.04289904508198571,0.03637001534700923,0.040124235305282335,0.04338140935374077,0.03730739750042614,0.05894945257196548,0.04945384479684565,0.048878508107770606,0.050575486766899096,0.047989547345163,0.053011996142271804,0.05302830452486107,0.04853135476500248,0.0517784051149673,0.04565206520165345,0.04414815008296136,0.044027865760666265,0.042010457570241994,0.04883732095134907,0.04201190908838677,0.06328614256934195,0.07928302380437896,0.08666609808040922,0.11152383823736839,0.05471664267472094,0.1158010115609041,0.09622324692952705,0.05203512317407161,0.04175509958330115,0.04722949103467927,0.04508119646356115,0.05437922391681856,0.038622133984049845,0.0340070952076488,0.04841789872444752,0.03577784727783488,0.048447319514064786,0.057349522198777925,0.04204797774032036,0.042148012024583986,0.0435774005425516,0.04254950395722505,0.045549619915637926,0.03833128128234093,0.04203179037023447,0.05114272990270631,0.06756189949357898,0.059373070472424586,0.04796384676267944,0.04721394231895807,0.05079981665384564,0.062408763597949335,0.07735043295039395,0.07381513234637921,0.06793433547858495,0.08578181313424654,0.07611940316437088,0.11737297280009132,0.06889863070798094,0.12589062287292957,0.15846864312922077,0.0893614584453519,0.2236508486666808,0.09848850642462842,0.3071127121273105,0.08100985120049882,0.067732427617918,0.04983699362965856,0.04647697131208363,0.036929672225615134,0.03507992432629374,0.03825913356823127,0.033111128714358395,0.051994041972400346,0.05931240722430449,0.1109232326870287,0.06438380405557671,0.0854764329525515,0.043165892914133364,0.06313073679978941,0.037649894954550886,0.06139529332699316,0.06321104197695293,0.0643454908093653,0.07099946242864,0.07833070444635784,0.0707787146324638,0.06495683600284766,0.1182982182830647,0.08762434016911352,0.10151483802115385,0.08896732427459544,0.13917978634048597,0.09241465331203694,0.09527615281191915,0.1025736258963783,0.11623719229168991,0.10343352637593811,0.14435750494672728,0.07955214747334283,0.10181732807820708,0.08066153612578046,0.10010364739463079,0.08710496962672254,0.09182326987397055,0.03455043816647137,0.07382965571755065,0.10416948350577776,0.1384465584584436,0.1855024998607302,0.17789527821059986,0.13644683709656652,0.10794840312211074,0.10614781691150607,0.10144097715535924
0.03666406524480882,0.03999898300702301,0.03528050111989707,0.03466731821252672,0.03904722513499389,0.0393752572694827,0.03896198142538185,0.03465760625967734,0.034443206920880425,0.03841426405201029,0.03183743993775104,0.045056860511582204,0.04653324212911526,0.034414875765127056,0.036789429653698844,0.03133571283928567,0.03446907807589344,0.029768425970962756,0.03671815506081137,0.0326868411225482,0.037000249665405646,0.03796044403693,0.03198447027728313,0.03813232086952195,0.03638398873427072,0.049980853059917285,0.03599636523526585,0.04310000826841025,0.04092308554292831,0.03810455278772712,0.031770065198318265,0.05399528725029304,0.038254713807309604,0.04504985359554641,0.04913196597650036,0.03230375386783249,0.03940304393742622,0.03854437041580312,0.03602885400450935,0.034530026785167145,0.038777420697782214,0.03526182510117436,0.034327441094791994,0.038572603469289535,0.03885930675830168,0.04227708688896586,0.03926505755018375,0.042295083978908105,0.036890456567300084,0.03022250956693262,0.047115743084779504,0.04827101536543757,0.04381427024475482,0.058296432287073804,0.04638843351684931,0.04344005920351528,0.054349971852019834,0.04763534015140398,0.05579096285494836,0.03756696258490977,0.036668036409672894,0.03817499072980017,0.0721103658269561,0.04398163271445603,0.039421474868979775,0.08100985120049882,0.26422522698431805,0.09777914262088638,0.0848250336565061,0.09430747819745416,0.1537153765025766,0.030536434243163643,0.04890956285412637,0.12294870616910869,0.029538997258860673,0.052686627700168076,0.0401905597224447,0.034550156307894306,0.05771218745721086,0.13529347514082649,0.04112608811809382,0.04706716102275084,0.03795857786804418,0.03653250857137211,0.036974756694618,0.03399513100944829,0.04132037261721212,0.03171724271691326,0.037110313183967014,0.08795452926401837,0.039724233929594246,0.08386581150896355,0.04187186752266146,0.09843478921827964,0.046626274892236294,0.16938068796037686,0.04042275151042532,0.1830325627838496,0.03911541383740176,0.1407046173534447,0.043294283234438076,0.06921633157213375,0.04506213705889786,0.0656604689174198,0.04961925285319152,0.0619320110921233,0.05517086015897742,0.17627959244736524,0.08844353025572152,0.09910495159094684,0.06737176693207023,0.05906490837256054,0.04882523065548522,0.04779016941015961,0.05800044530039755,0.0695824849614114
0.03648033961035983,0.042224108036613514,0.03867494547584448,0.039280628752874205,0.03692307945917758,0.03352247527679711,0.042776221383599475,0.036085099828117514,0.03505946943134213,0.03671472284423201,0.042582886032111855,0.05290975368930509,0.04782036892743069,0.03945202167989091,0.037255964535153493,0.037992058841514034,0.04154823551816237,0.0348532322333423,0.03631906085462917,0.03337103058885292,0.04837945610065454,0.042459031458283156,0.043957629667952566,0.042278091579193454,0.042549684130222476,0.03539292405648477,0.044661427947972704,0.05075754175751871,0.039234332037760486,0.03310861313187823,0.03682319651233991,0.03167332680576677,0.03868930986954705,0.03283265278490376,0.025794234955456644,0.044043374212479273,0.037046657939935335,0.036956187925792514,0.03986444692296039,0.03960498394077281,0.04030528148599179,0.039189212214497185,0.0397548802920073,0.03988100100346681,0.04447330605651882,0.07103867034307182,0.08289991039109745,0.09859544703494208,0.05158900970582403,0.043503633328938814,0.061550393735928854,0.050074234662850714,0.10492118797620087,0.17135876832620334,0.11191132438485107,0.035896697725361526,0.11831278709008153,0.15102431861014715,0.07845522097419527,0.037727763356000754,0.03397902493977134,0.05148536206803796,0.10833249918290638,0.04847671804982846,0.033792740208968136,0.067732427617918,0.09777914262088638,0.270242234313656,0.20345566534990028,0.1566729131686111,0.10371020396215766,0.03830096768342525,0.05275854845962581,0.07651388241658794,0.046057713527911465,0.04758491619141127,0.03295616711174745,0.0679787294653095,0.050372568918445854,0.1266093129010552,0.043230737223034985,0.04790869563379532,0.049370124696101636,0.06632378683811532,0.04393058330933086,0.0734660310933012,0.0497190695626564,0.06901681276720767,0.04452965569968842,0.16699280962792457,0.04306227743374143,0.03404267422954346,0.03783948405599011,0.039112952949544255,0.046784752735134355,0.06973984283307164,0.046944540996880994,0.07175621589085887,0.04350102408495851,0.05344710192384934,0.04092813478344817,0.034027712645546326,0.04204639637118629,0.03395602332144934,0.041562489917017456,0.03534752485622845,0.0316948310364638,0.06473487627032928,0.04931658250752783,0.059820644621659466,0.05510779561421156,0.0416994458435302,0.03498715649362119,0.034273153961183855,0.036924328872234555,0.04067625878698346
0.03946486671484947,0.041064436566992324,0.03887766521665455,0.04059033599125503,0.036945816774869064,0.03497565230836144,0.03864485847916261,0.037302304366477065,0.03606331521643827,0.03825053490853579,0.03894860879158412,0.041349593443672325,0.03980174751775929,0.03679156600831021,0.036053106964385934,0.03430066143668031,0.038021403602128065,0.03323198352861516,0.03324197606751117,0.034878275094998135,0.047649818089806194,0.03805992100957681,0.03836228104683613,0.03614825754216042,0.03370334603352848,0.03170763979618165,0.036384968505496586,0.0435142945363802,0.036678720396787684,0.03080168525968967,0.035510495709052334,0.030187107616152026,0.03574659419256345,0.03228138325859293,0.02715918705304999,0.04194193116448712,0.03989055229218287,0.03982443969903765,0.04048963823594132,0.04425020733654998,0.04230422060468128,0.042586494373270056,0.04304903988433449,0.04318658793216928,0.04259387408539571,0.05766566154116728,0.08156153018121681,0.10193043354164637,0.05596223078305519,0.040006108137463275,0.04582289882971035,0.03743472400043976,0.08522258178096664,0.1713663919398173,0.08019437327703752,0.04114356947743186,0.07548014231684863,0.12876240889100907,0.045492345300635895,0.045977292905628214,0.033949555456015496,0.03798925733412134,0.09144264888037344,0.0374350065491004,0.03477894020876686,0.04983699362965856,0.0848250336565061,0.20345566534990028,0.26579150450180006,0.19769747405580135,0.11162404427958844,0.0386320299582584,0.05043947500474683,0.07387753377490178,0.045793052313855394,0.03484778794224304,0.03320126640070234,0.07791448837716819,0.04397284749744569,0.1234868835475664,0.03999469120997853,0.04612648477289648,0.042813668699528615,0.06502479167585068,0.04162258202980343,0.08069616291138412,0.04481739221443298,0.07559294625616682,0.04200054665666834,0.12783402049640877,0.03814791363556824,0.034133321544904435,0.035559251532264205,0.03634713572617136,0.04051894894661423,0.058090113755546666,0.039912327134959916,0.05780600907769852,0.037500560870275174,0.04107317596659438,0.03776907020422138,0.03488456222299628,0.03838401186044932,0.03277654711763227,0.03753825553909953,0.03256318301048776,0.03408613856517945,0.06030994928281459,0.03995160966191893,0.04693899968370448,0.04107328386719265,0.03306308417084095,0.03089930574318355,0.03173491440891793,0.03271371036083673,0.03438636163399522
0.03978807348537951,0.04003808317975591,0.03992437510779036,0.04156506167530719,0.04049340206078396,0.03520230163871241,0.03641469550378411,0.03468008139542195,0.03302679055967114,0.035276253843883415,0.03682572334201014,0.036503092550776384,0.03537473657013139,0.03391834873933458,0.03344071488755982,0.031475993992165205,0.03816086070958401,0.032639879871455,0.030363261006335296,0.03427724046270718,0.053624333485299415,0.03332710505235145,0.035741677121001014,0.03790162990454232,0.02833017200300176,0.029881418754223465,0.03245596140135408,0.046974658637144166,0.03373005117836522,0.028796152309915626,0.03557120468815346,0.029127236573564863,0.03734269457222625,0.028981890481627214,0.02509555000692483,0.04187748053968689,0.04326319368934499,0.04756493311258485,0.03888830949887966,0.04175453685451932,0.03761777415245256,0.0408692001990263,0.042332111293126064,0.04135846080348958,0.03907164534670657,0.044281679992932366,0.05740243092051611,0.08013903362847086,0.050538427989950285,0.0408194591652878,0.03858706552735251,0.033098368758899474,0.0583687927510505,0.13077663716943252,0.05412286541293654,0.04354303084377087,0.05526782854775236,0.09272606309915216,0.03781176945969637,0.05341454088294006,0.036389911195783164,0.034698490249728264,0.10527251370524077,0.034214908022442335,0.03552428283886173,0.04647697131208363,0.09430747819745416,0.1566729131686111,0.19769747405580135,0.2606607759144017,0.12731645198407845,0.03835472513672535,0.04432990612425971,0.07299308429095136,0.046029859614917915,0.03247801283918285,0.037153153090248206,0.07939405855584059,0.04804030000554545,0.1246520624976026,0.042517945885439834,0.04558475748015883,0.038047218821077894,0.053985896131295404,0.04050393891963461,0.07921523482141926,0.044587684068419044,0.07754771323222104,0.04384225405773608,0.10487800682868298,0.0402088426032772,0.034304538252024744,0.035167476664779124,0.03544480063765684,0.038560716989981175,0.05627207980746704,0.038709434249411305,0.05886030790237569,0.038542477751460275,0.04414811770827365,0.0395361388290931,0.0354529631086154,0.03951546424181472,0.0332479821388008,0.03747732032639567,0.03380733622674192,0.032182629017036835,0.06135710451417568,0.038276516282634544,0.044012540312178355,0.03775766935801003,0.030787566878830733,0.030339890832416436,0.03291631832247646,0.03335615187466053,0.03434429609321664
0.032966153800676065,0.039055952083966436,0.033195453935926045,0.03347225817752303,0.03674809783458213,0.03264614972578614,0.03204881507843521,0.031153792011481385,0.031103632227638945,0.03274134828947292,0.028657412862740376,0.03762155248006002,0.039072500945815186,0.0322132440866227,0.032983663040813974,0.02810258179950425,0.03213435264591717,0.026215416729360754,0.03218758283282269,0.02765733973305287,0.038753442119724785,0.029844975607907793,0.02767045763997028,0.03080623741875434,0.029431132593076843,0.039131984557183655,0.028484892337146954,0.03464485713301052,0.03451095414029301,0.03231136458288851,0.029304955999351574,0.03761224586192034,0.030033638405860492,0.0322358408631008,0.032860028883507725,0.029559196343254934,0.03543117190610612,0.038319500519479424,0.03192770960325905,0.03402631479165129,0.03925190251255267,0.03652316777224986,0.03450538993203604,0.04033515556956613,0.039477726564853724,0.04208079597004365,0.04455712406461204,0.045843247040632626,0.03713574107860569,0.027431674301565973,0.04070943557173641,0.03747540651778836,0.046711204932526645,0.06416308089716988,0.04451358872498905,0.033071209200644824,0.046290644984741385,0.04790571307098637,0.03330201101028327,0.03614886704527326,0.04461203547620744,0.030412879237410092,0.05258643853728502,0.0285142040055419,0.04040469545232854,0.036929672225615134,0.1537153765025766,0.10371020396215766,0.11162404427958844,0.12731645198407845,0.24914142057370803,0.03252642886030331,0.05537229489287769,0.1294564423521108,0.029608210378273346,0.03791696519799753,0.029953043875338148,0.03689882726594189,0.04163881882474977,0.1568733779681743,0.0359687459923871,0.049378425801334745,0.03410984151398728,0.03631853001030701,0.03192144668465473,0.03674659210263613,0.0345811568712424,0.03310343890818013,0.03159965144232384,0.0736212430568075,0.0311510612684206,0.03766006701858517,0.031669071477806204,0.04226451473468007,0.035828825443997084,0.10086824344577183,0.03173834321849591,0.10034349880154536,0.031206321343988166,0.06448407336821274,0.033559936342899034,0.033978567891960826,0.03472408256509538,0.0372095935515111,0.03595860468688872,0.03879121077908926,0.04019485022208087,0.119849226883534,0.05276128983452931,0.057472386140448514,0.03578165693647162,0.03293363161533393,0.032780467343351424,0.03226978832689379,0.03579230019046391,0.042259672707158344
0.04280762711828126,0.051764201070248275,0.03890525113723066,0.04008632180657737,0.040743815172826436,0.04179156213876087,0.04984631384602177,0.03794011648728503,0.037128073094337646,0.04160222275643566,0.08817812057520144,0.04509995112981016,0.04254584781387049,0.04124558589585048,0.03805325944395968,0.04049321777434291,0.05108304110695066,0.04227383369568895,0.03392557949932655,0.038962390548918036,0.06464280832678872,0.03767020598507731,0.042522073686993414,0.04636801072389082,0.04114877429536847,0.04160311691166829,0.03911645760154229,0.05217330296752505,0.037866366989095734,0.034148246101795274,0.042236208284280666,0.03762212813352335,0.04708849606414024,0.037906150924971224,0.03527985715185142,0.08102264048968158,0.054410530032391595,0.06348274766234796,0.04812678949568637,0.0534300759372119,0.06005001325659523,0.06818688454816599,0.04034436868614913,0.08833262573390446,0.06750164866536865,0.0368394957925171,0.0496874408974613,0.05730603768600306,0.07195508929030212,0.12740214174437367,0.03554824547979603,0.04006799201205175,0.046198866851744305,0.04383802756076153,0.048518134040852964,0.057887688485209865,0.05470929765007043,0.04088208822293239,0.05243642121100979,0.06533573414757823,0.03557844106137767,0.034015831689231904,0.049254797339074875,0.035423316417343434,0.04060757609117928,0.03507992432629374,0.030536434243163643,0.03830096768342525,0.0386320299582584,0.03835472513672535,0.03252642886030331,0.33978787146428563,0.09663414864646004,0.05737142118147716,0.10495585677377242,0.04600710485867804,0.0573305134126477,0.11287787965396265,0.05714576120185988,0.05804476008956309,0.05688251480700243,0.1662497675287604,0.05815719017383375,0.04524257994283108,0.05149774673341036,0.09721529794867875,0.05803718699713123,0.10556442838423591,0.06362718041708507,0.05399366297668419,0.043793582908094916,0.0711920401356517,0.039375302654274955,0.04900582639742816,0.03037611587536511,0.03585845080373168,0.03372198722183154,0.03345013226928399,0.036971798670266384,0.041221268514909745,0.038548192171673545,0.06807169587417781,0.03139163544047588,0.062278568759760726,0.037314571142081004,0.05134522669504235,0.04305260051779877,0.034874182143529595,0.04265363751442415,0.03563065269992326,0.0344299875065678,0.03304662657076604,0.03365286822980419,0.042296765723943267,0.04614831827938121,0.04547043051264038
0.051590376513167155,0.06964867847440478,0.046809151384181236,0.04869541963217547,0.045528363851331216,0.04272998174476894,0.03636886867473539,0.035919048167622716,0.03584503881352404,0.04101404263611165,0.039162761786182276,0.06301569006609566,0.06030849703270642,0.03607937910994651,0.034953252824228134,0.034041528372613525,0.03557237044741081,0.034673741261357194,0.03190657598494397,0.034067970896110064,0.04076569692032388,0.040973373814720215,0.03608049333115301,0.03961065017009002,0.04122835354430682,0.04275941020252343,0.041711266411321876,0.039507626139632476,0.033225425811375275,0.030590861554585153,0.04274976204113896,0.034910876656398915,0.036100420278881815,0.04162501665268312,0.0452172465355998,0.0430475680412613,0.052476667604092746,0.03946411370649945,0.03937544200544311,0.05264373278934158,0.03973302686254751,0.07027010559523036,0.04872174924008266,0.07405287336333145,0.07956231760152471,0.0829104827270353,0.07607527790966062,0.05919740299859907,0.052946777877402956,0.04949383828432858,0.08011216092819212,0.06824393410756652,0.04715432980545105,0.04364581220039464,0.04038363855050697,0.038417639735263895,0.03949487730500573,0.041445865631395074,0.046407849307022284,0.039626887524476975,0.046242964000629744,0.05227877533304056,0.039086966423697994,0.04032799367066402,0.04186240628369055,0.03825913356823127,0.04890956285412637,0.05275854845962581,0.05043947500474683,0.04432990612425971,0.05537229489287769,0.09663414864646004,0.3360258886559947,0.15532248593077214,0.053568942371849906,0.05803540066957309,0.035825525905393146,0.04927006618150001,0.038376295846383815,0.10989807969911325,0.04188799107626018,0.1914579268534612,0.04438646377236224,0.04527385293304799,0.03714841421597012,0.046357596613682675,0.03754964678434962,0.04433725719094407,0.03758940252873957,0.06381025334137819,0.03932725141354837,0.03857361274581894,0.0357993241468468,0.04018031383315285,0.0350441006451737,0.06281912606016005,0.03740701815596796,0.04505029714977442,0.03882008519228295,0.033106881003485286,0.038473908962656705,0.03920823884338476,0.03652736867410521,0.03567303261827647,0.03649202036124176,0.03485454450236736,0.04250086644331193,0.06226856840567503,0.04351961038122564,0.0432332544457989,0.036421303315002415,0.03564311089158631,0.035686479460928594,0.03529511758308655,0.03532838318967553,0.03634078342442679
0.049433121168336085,0.04651328948265605,0.04245564897211264,0.04129752400859758,0.03840010152651485,0.04052604448970766,0.0360079944148735,0.0317875019106381,0.03248132212403591,0.03493342115645228,0.03627975941708807,0.059288296150574626,0.06025894663167612,0.03104557245053707,0.031531098828343915,0.027556078608527487,0.03130731669064413,0.025469751725086073,0.03179480838881048,0.02760758513325361,0.03501324058700657,0.04211743168942165,0.028643471980657764,0.03225506861456927,0.03457094034597044,0.05181674449182533,0.03394048136698763,0.035019473186153935,0.03508248152963166,0.03246544052292163,0.03570090530620488,0.046033594859700405,0.037293248652910074,0.04828491239379834,0.05658096669181717,0.036684290983939744,0.04621752184394151,0.041088907622770884,0.03536142831984116,0.04634590721975482,0.034519750546806394,0.05167062775654965,0.0418622448973813,0.04980778914907662,0.051565580455435966,0.049520998974545496,0.048665275192167165,0.04463178212174569,0.04078278889072333,0.03726073764452305,0.06433575992171048,0.06147601125955369,0.036389693746877054,0.04790538995489971,0.03467584449352548,0.03567927480767606,0.03323774957605349,0.035219052691532846,0.03301585186576929,0.03772084183885642,0.04501575469005008,0.03704825845384746,0.040206517551817395,0.029320755831175195,0.04204818910120842,0.033111128714358395,0.12294870616910869,0.07651388241658794,0.07387753377490178,0.07299308429095136,0.1294564423521108,0.05737142118147716,0.15532248593077214,0.2774594377707289,0.03859725558598032,0.05467547435089688,0.032117234213799535,0.040467784963838266,0.04629061155910902,0.18901975124987147,0.04332339241365911,0.14101467956822922,0.04455251445797037,0.03445154733170597,0.03520375512465042,0.039171036115714986,0.038371372835913575,0.03594987810139619,0.03244714816640777,0.07279732445983197,0.03480894348243106,0.03880065688153993,0.03393591712563715,0.04430893611326707,0.03324785561478932,0.11382642236400034,0.030738951890559783,0.09519767614243395,0.030699643022745353,0.060121090183819795,0.03339013259756242,0.03515601056533445,0.033573179550421266,0.03698585377129075,0.035312009590831125,0.03832662700512361,0.06260979326364272,0.12630201519426543,0.05508992895467883,0.05564944505469388,0.03330478064896261,0.03177928444700198,0.033187270412554856,0.03227994280409735,0.03492743364570722,0.04065836521685459
0.05241669711037639,0.09283610196520467,0.07160333291052437,0.09499580763991208,0.0925690775413035,0.09978234069289765,0.06223577852695273,0.05494573786615081,0.045440602275030315,0.05418187110467112,0.18261432294399738,0.0434731633895444,0.0426139313470487,0.04631046926140331,0.04203609098093913,0.052328253726844534,0.05906723327283102,0.04950837413553302,0.03680293433634596,0.048913669715907146,0.050313851598200995,0.06550846788083473,0.062093744539459726,0.054221369383278165,0.06357150465844466,0.044537488601463504,0.07234875179844727,0.07546608434344299,0.03682527102874325,0.03273908469180534,0.06548588821456705,0.033515576482274434,0.06309458917723201,0.0428702451357289,0.05011547872381136,0.25484329927002436,0.057063764776570165,0.042666832759591725,0.08262274822456395,0.04325276243385513,0.04578633065805209,0.04008844810086287,0.07676030350633936,0.04459665052175385,0.07625130019583734,0.09908356388521208,0.14165815807510407,0.14628373892921542,0.14762154427464858,0.2525781750807683,0.054964340633830946,0.04353909601275589,0.09275848951287358,0.0856804996477351,0.07537907810961567,0.04494808763792596,0.052927432508485736,0.06618068094776652,0.044802050366590046,0.04199654291451854,0.04590467637390917,0.045231835890768346,0.0506289320056489,0.0531067760499825,0.04749428277249883,0.051994041972400346,0.029538997258860673,0.046057713527911465,0.045793052313855394,0.046029859614917915,0.029608210378273346,0.10495585677377242,0.053568942371849906,0.03859725558598032,0.34184491622589586,0.04285340580308,0.044283287832989654,0.14935530305371486,0.06018254124320648,0.04627011124381401,0.09275940012476769,0.061933352737281316,0.11038052113362751,0.17439514496589437,0.09792439089697885,0.17221333683434492,0.10387512484490852,0.17660527926394443,0.055481679535686536,0.099428418437537,0.050173803629954786,0.0409112001597152,0.04317001794628544,0.034418194902917226,0.054055426822798645,0.03440754484591463,0.0699228462027707,0.03312519993443523,0.055136471453092084,0.03244792710394147,0.042915392080060524,0.04032386642262499,0.037821903431367404,0.04178587061933589,0.03854381512133216,0.038430096042489904,0.038452470172846545,0.033181089903659144,0.03939046923783948,0.044683285552132926,0.057240535121878613,0.04318773162061959,0.03747998723273824,0.038362749233246805,0.037884109100236485,0.03604463547105635
0.04186683667068231,0.07215055914378127,0.04604147200088018,0.05434697032026674,0.048692412964988614,0.04073756936242129,0.0637818034583543,0.049125657588083,0.04545244990744947,0.049956316057539404,0.04337643185525075,0.15786568417524283,0.160036537068048,0.037610993306445656,0.04235383255016022,0.04158392748355867,0.04874406046632451,0.03969902562005387,0.03893105939542934,0.041311878227092313,0.07616141227444165,0.057670209058567186,0.05006100197802832,0.04808151687129615,0.0594991267836026,0.06047529586453093,0.06009284496865283,0.048667063799194686,0.03934699313499074,0.03509854010493063,0.05667831818923088,0.034370320666844034,0.05006372208672681,0.038706569114996946,0.04074424483232413,0.050070307024655356,0.13493701212137899,0.08788932471599406,0.04796300161842092,0.039115011475033754,0.05088629181421428,0.04354869855255058,0.05028879810034515,0.04068430872033528,0.0856244872290667,0.11176751467161661,0.052455463427701986,0.04221110369957544,0.051983649944439284,0.0374504089043138,0.2110641671464566,0.25870848470974284,0.07580420750277234,0.037167685674507484,0.0878162035913371,0.14157163346659946,0.07734573339456943,0.03967679940892094,0.06274634065525281,0.11944694805054445,0.05806294302468118,0.04536610514670561,0.036831915440919766,0.0614213727658892,0.06453836287594192,0.05931240722430449,0.052686627700168076,0.04758491619141127,0.03484778794224304,0.03247801283918285,0.03791696519799753,0.04600710485867804,0.05803540066957309,0.05467547435089688,0.04285340580308,0.3174471198816005,0.12093961630679934,0.051322502654427796,0.04311609074714905,0.04595274760373083,0.05572892566538308,0.04172073213813419,0.0869952383159536,0.04898264203531255,0.0537030616737044,0.04950923269394545,0.06267624167907121,0.04874151698974169,0.04191459370661005,0.07620046903252378,0.043459798223246755,0.055684307195328644,0.03956443102607789,0.04904858906277852,0.07200452424438954,0.07737925268297415,0.06415377131191763,0.06684632504720403,0.05005538291258316,0.05745548104178817,0.04266300295401128,0.04596161868686932,0.0448791451773918,0.049946141474896,0.05142832022378381,0.05688152528019168,0.044151636546330794,0.05704402218063358,0.0846634769953324,0.09163915487020932,0.08066374233402979,0.06024249296247089,0.05050191559325924,0.050458722941336416,0.058601311463579345,0.06740849435965957
0.0453839514386782,0.06474872979807576,0.04134830580497549,0.04171248693609174,0.04305496416368805,0.04036781234386618,0.046963543190329915,0.042989683870349654,0.04278927037588351,0.04597171478119551,0.03992001903969911,0.05907371167157445,0.06573958592285738,0.040013328810658895,0.040793864444586866,0.03939330457856508,0.04248032984233885,0.03745477708700874,0.036079330026766956,0.03982633143416246,0.09514185960160262,0.06309448550251015,0.06278005629889322,0.06370211782378296,0.12264102044333405,0.12283535397132284,0.11368984417789507,0.06261275816687614,0.036408953597527896,0.03399271565482319,0.05107010857821085,0.0319418295420983,0.04635423335884527,0.041077180334055524,0.043142293701922144,0.04286025467656812,0.08536769265386404,0.14158588870200872,0.04193594210812651,0.04800848916737163,0.07979740770796559,0.0438272050529695,0.04399732317713045,0.04409029035687452,0.037988182277645624,0.06569553208008859,0.055752519447636734,0.050370533857869396,0.04647261047101931,0.037526076341638445,0.06667322701398082,0.0860571428780574,0.07078327186435762,0.040444015591571694,0.07457576949781819,0.13741754614027885,0.06369314460860176,0.043012606153978124,0.06834059377087634,0.23261940415056886,0.13058389102346912,0.059391573446724744,0.03998627746204398,0.130789548235972,0.16711821845140318,0.1109232326870287,0.0401905597224447,0.03295616711174745,0.03320126640070234,0.037153153090248206,0.029953043875338148,0.0573305134126477,0.035825525905393146,0.032117234213799535,0.044283287832989654,0.12093961630679934,0.30970967935671045,0.04123588319424186,0.042737590191407014,0.03180939100801676,0.055169083777089165,0.05701894319157451,0.06017361746302678,0.06826667493022359,0.045850234060585415,0.04322767178798001,0.055988484479368515,0.04113758954111766,0.03760024252108285,0.060745237813218916,0.06556087784671649,0.09964466684408577,0.07070892050885697,0.09452968967455985,0.12496837565239158,0.07686961390363023,0.1087968709670534,0.07221240317381034,0.09432434684160282,0.09051364580289337,0.06640612797529272,0.105163630021884,0.07967988822554536,0.12009821242355792,0.10875704166412233,0.12824560796272502,0.05565115015926986,0.0553505362095635,0.14096281104330255,0.14801498706030497,0.1705645505513057,0.14979710760104065,0.1329146781538431,0.13686819875462058,0.14037331274769815,0.13964515739599298
0.07099023743001634,0.05542282265886994,0.0718996930422642,0.0883836795987068,0.06629257943354422,0.06238858922986079,0.05393695799594272,0.050645625786713284,0.04204546990221715,0.04553194693217872,0.09471877307357415,0.04079535064507564,0.04543968883899187,0.05580728576944215,0.04359511055222988,0.05604508265242128,0.07116243774353137,0.049528346577514634,0.03389314188266904,0.04616110556707262,0.068098169147597,0.06369807675299424,0.06251808082920685,0.060854495196860335,0.07046512227093892,0.04392352576256563,0.07492840011359181,0.07601936119857827,0.03774780222955061,0.034196474827817326,0.0520200031309038,0.027870104712349946,0.05038984051150504,0.040371801403158346,0.039282298067521704,0.10937754191694712,0.08934550113061343,0.04830088308245764,0.0613616592079433,0.06684457321572587,0.04153852917621641,0.05972855129114245,0.09377803419795408,0.05244053137895459,0.06860411910122918,0.054546114301931334,0.12344413572578938,0.19988052203449552,0.2089618310382763,0.1316784115859222,0.04288327734772847,0.052276879990147906,0.06395261019210363,0.15050227602913047,0.055122921025827734,0.052944571168273405,0.04539497253794747,0.08010031682426016,0.04225033903101914,0.048708931703129926,0.05287577831164314,0.05902132410155862,0.08051560533361929,0.06645991906340842,0.049289960946254444,0.06438380405557671,0.034550156307894306,0.0679787294653095,0.07791448837716819,0.07939405855584059,0.03689882726594189,0.11287787965396265,0.04927006618150001,0.040467784963838266,0.14935530305371486,0.051322502654427796,0.04123588319424186,0.3435731631002851,0.05870463029347636,0.0565369105338527,0.06351799580546219,0.05550777579160071,0.06319999590576239,0.1376364505953019,0.07308915124027288,0.3063163933896158,0.07849346803441143,0.28102542750920584,0.06888888561040285,0.11036977792499277,0.0587259239743191,0.04644633801380404,0.05061037772908772,0.03814287152708014,0.05137874225717087,0.034560805650030293,0.067121836967325,0.032757394333067576,0.060601864526304394,0.035754727751749704,0.050948687247099084,0.0413992567183276,0.0473020683027204,0.0415819948273389,0.040872190698051855,0.03847220349541236,0.02981560352862861,0.03648929216986725,0.03939837531654916,0.04028914085030558,0.055382001568488146,0.04701840223304127,0.04111088883066176,0.03998702390370386,0.03785487129523428,0.03629451515274024
0.046839613480898504,0.03377939081819825,0.04207441512438154,0.03599821074243048,0.03991985155836003,0.05283743539578832,0.12014820210226818,0.11016397097231091,0.11716452369726874,0.11444322450439184,0.09224475549846359,0.07449953772001174,0.06827367931586636,0.06636832915432431,0.11303847499662442,0.04896694405127146,0.04312905778362768,0.03858606795084575,0.05468106129029367,0.03963304007428113,0.03910620576485145,0.052157080734367936,0.07495345799810979,0.1248706083081291,0.08261511797064756,0.04243384184752701,0.10317321565337984,0.18188027789520395,0.11125039524244087,0.0949155434801897,0.07577033216126569,0.1273534686137442,0.09073583262170828,0.08694591461247199,0.06435384988727222,0.05973190551828583,0.03497538265268764,0.034600687186325,0.14078362960392266,0.04503491874189865,0.056675577691231216,0.03805605840544557,0.03594900558026951,0.03844953295046086,0.05726686115994564,0.03699188325796182,0.03791331479775871,0.04636284543781866,0.04276177087805627,0.0763854423087437,0.04961520494269628,0.04777866839386064,0.04366844560690086,0.05098731981626922,0.045795657031171444,0.03969896682972279,0.04780003654276484,0.04291257484814724,0.050015134992788216,0.03825421603634481,0.04882022621114483,0.05335364172232247,0.07042983154240916,0.07401030170458194,0.04757398800773814,0.0854764329525515,0.05771218745721086,0.050372568918445854,0.04397284749744569,0.04804030000554545,0.04163881882474977,0.05714576120185988,0.038376295846383815,0.04629061155910902,0.06018254124320648,0.04311609074714905,0.042737590191407014,0.05870463029347636,0.3013093672254853,0.05827272367323549,0.10357536111402584,0.058072548745707164,0.1077991740725914,0.039692401664672236,0.15345416627995911,0.06430833902584028,0.16398875383033687,0.07375058167176035,0.13882155123003254,0.07835064650406925,0.14697758896429636,0.03528406233874626,0.11391519527666846,0.04490041194590344,0.06990709488514404,0.05899474138418438,0.1001148824054248,0.061610252310526865,0.1236590349034622,0.05729320405130062,0.12246599167649466,0.03549300277928909,0.09327509892369706,0.03812985152476078,0.0615219224315663,0.04106669985268885,0.05479743147613576,0.050988036422525716,0.052764056204042745,0.06740072254213697,0.08217537614787296,0.08204803227755147,0.06661253262044384,0.05432665064380304,0.053355809931755836,0.05127460741192902
0.036475854479803324,0.04584928141357887,0.03413206299881265,0.034414482115095874,0.03579770996023167,0.03427168567192938,0.03918914413193266,0.03249414724422007,0.03196617269950691,0.034755025868676334,0.04270534029005894,0.0559823169117811,0.05364201283513577,0.03057651624297165,0.03315008913788259,0.02697610571823871,0.03417987215577688,0.026179990733142616,0.03187608370460118,0.029458964816398325,0.04745718667475468,0.029390307342845787,0.031589532285517405,0.03568596229831031,0.030593977894324973,0.04417593365499228,0.03072940234313851,0.04576715252023919,0.03724728916190999,0.03297468022231247,0.03333541083304582,0.04463052319482333,0.041808697923097035,0.04071058190893692,0.0402457058636909,0.04326466902799816,0.036373992522658424,0.04870519953406699,0.03917516128262864,0.035762130801886574,0.03196071481149314,0.037751309148033485,0.03364645945601302,0.03999256389954188,0.04358548779945741,0.05352943092254914,0.059730242159619924,0.06279765835446534,0.04460074045760874,0.04525648064717118,0.059891431049038046,0.05315166430448762,0.04905916842438099,0.0835043252298692,0.04899373282645443,0.0338559309217738,0.04627570119490657,0.05045141127552766,0.03556827645397251,0.041683243199868936,0.03858464813475736,0.035014300768313765,0.07406843104322623,0.03155594436467468,0.04031887620443965,0.043165892914133364,0.13529347514082649,0.1266093129010552,0.1234868835475664,0.1246520624976026,0.1568733779681743,0.05804476008956309,0.10989807969911325,0.18901975124987147,0.04627011124381401,0.04595274760373083,0.03180939100801676,0.0565369105338527,0.05827272367323549,0.27116581815045093,0.04922569240493041,0.11586328479828423,0.04800120094642897,0.04045906355793373,0.04112879395033889,0.05299881793895087,0.04758210962252554,0.04983065483416657,0.0448343841467649,0.11341291819136842,0.039678773209598395,0.034312776101155865,0.03648397585471473,0.03960892283992652,0.035455823115847274,0.10049529257788636,0.03407473122709326,0.09289175461066565,0.03494059403815637,0.0561218448974125,0.03959066902868978,0.033317029401868134,0.03789636413276394,0.034100622277554386,0.036127157497228876,0.03493326257306219,0.05322858486744822,0.1076654643138109,0.048991929193840586,0.05543012350361759,0.03815788583474092,0.03422751627377307,0.033195677918978386,0.03373794267497644,0.03442938039165422,0.03789870718777144
0.04086693690345032,0.09343737842732769,0.04004778332426936,0.038449118671813116,0.042476060784480865,0.036806419899982665,0.08224376813424282,0.05699821473714747,0.04343769999895278,0.09150698122088921,0.10854929154210463,0.08031301282390745,0.07106040528903595,0.03735572427278305,0.03287939437387853,0.0472401932639987,0.04409027176985938,0.04926335940344748,0.047851296279142426,0.04607976724544713,0.04407637705627681,0.04848486710708337,0.045824848130944625,0.07090261206703652,0.07437103769925055,0.055072170936965655,0.09644268085435127,0.15185240207725828,0.03289525141511242,0.03166527658770128,0.12885111917796727,0.0360158328284261,0.23280776229264838,0.05764536209057779,0.04335243186380029,0.11521824909693335,0.05282263667477788,0.05130302088739352,0.09457765284842358,0.041686828962509234,0.0349921538904821,0.04271537936034829,0.03781819393219,0.04000121953315226,0.05293226310080959,0.045909003947158064,0.04964255115612172,0.05566881960297183,0.05199467657612718,0.09336181656765732,0.06604760294422074,0.05842190376336041,0.04457910755940578,0.0486628586981517,0.04442710501895504,0.04035442307885126,0.03800092220406476,0.04051746386879064,0.03816469879285131,0.04432151778261857,0.04643250475658457,0.039732130202587645,0.04930003613896734,0.055177334642988685,0.04705201260144529,0.06313073679978941,0.04112608811809382,0.043230737223034985,0.03999469120997853,0.042517945885439834,0.0359687459923871,0.05688251480700243,0.04188799107626018,0.04332339241365911,0.09275940012476769,0.05572892566538308,0.055169083777089165,0.06351799580546219,0.10357536111402584,0.04922569240493041,0.3068385172229765,0.04945990800795497,0.17583133394774575,0.06095962518220461,0.12452230024395312,0.0701352806676612,0.17138405997059059,0.071315592509852,0.040850942590367145,0.08098616983181073,0.096893587582113,0.03257479418345473,0.07483482917536635,0.037170010060825154,0.13457949522085458,0.051711978908256004,0.1512828514668068,0.04848071594555439,0.11643565859278812,0.04343504461509878,0.09366936790074579,0.03714416036207188,0.09969689870057927,0.04002880599638152,0.08778723403286456,0.05018789067490728,0.052563563903830754,0.0409663153080172,0.07780191794642205,0.08542826127982361,0.08568200160034034,0.06946498806624757,0.059108012954263864,0.05694588782238501,0.06274991639870575,0.06930472737428683
0.08013247492484757,0.0469648550667147,0.05954891233323828,0.05910055105506343,0.04855560909960843,0.04341478583595647,0.052588998935644886,0.03961401243401087,0.0407973072654812,0.04240436249867531,0.06953848481655484,0.07780093980999414,0.06887139659064664,0.03461121699550812,0.03651828410319473,0.031708928650704626,0.03987978045741698,0.03382692159740632,0.0324518264749661,0.034749716646772344,0.05517575634843717,0.03491594348800435,0.03451172952955841,0.038677111411159815,0.04083227227562568,0.05072860313020812,0.039179906131920295,0.04285954269051878,0.03833020564390713,0.03409071460230735,0.04192576725014331,0.05085960684264275,0.04519614509281765,0.05278364600118503,0.061097442524091765,0.05190463880540251,0.04280296441474292,0.06896656645769683,0.04332964936018401,0.09748752949746323,0.06923227333251739,0.12103930570452484,0.0694637752196603,0.12445011799182937,0.04058057141594203,0.04426457451721452,0.047171314631831024,0.04518998165163795,0.04590787469705445,0.08149371433320968,0.06605665771825252,0.05471072336822311,0.038536385960747585,0.04091606505461143,0.038367417421307455,0.046040788956719474,0.03910182829555668,0.03837684424098722,0.04851674835404614,0.0626097896685861,0.049012870276138654,0.04400889804499194,0.049039750537543836,0.04071666643073488,0.05237004129896429,0.037649894954550886,0.04706716102275084,0.04790869563379532,0.04612648477289648,0.04558475748015883,0.049378425801334745,0.1662497675287604,0.1914579268534612,0.14101467956822922,0.061933352737281316,0.04172073213813419,0.05701894319157451,0.05550777579160071,0.058072548745707164,0.11586328479828423,0.04945990800795497,0.3462919283591022,0.05672048646304037,0.04124329056408915,0.04257107278409697,0.04960982172444339,0.04754702893629058,0.05078683083355587,0.05308402293590858,0.058435061779247705,0.040241924503935905,0.0565981093625723,0.0397303483745932,0.04820342648005063,0.03589544242787547,0.045081358923392975,0.037608645485111905,0.038874176212592065,0.03758192846616465,0.03804120679499241,0.040539251215293545,0.061386993895222,0.03856709743617995,0.055722589320429186,0.04555487998832243,0.04751843952309358,0.07088738535652786,0.04588068817540683,0.03798423041371304,0.0373685772628127,0.03985171103459946,0.039033157829903145,0.04114037044554353,0.04758249479095763,0.04636158199754746,0.04314341895157911
0.05372249018565978,0.07033092502262694,0.051505917091005854,0.044535324686119496,0.049705067321667365,0.04145756543535437,0.16787174150485734,0.12581275590624322,0.09057670352174853,0.14998377774020494,0.17997404723391558,0.14578397543908522,0.11180553645381362,0.043825819268901126,0.05932767597727566,0.04130515245731117,0.04126910274340735,0.03769985887973806,0.03838660899095683,0.03973908202485944,0.04561209826146434,0.06335983217264107,0.0698209793130246,0.07764048946569382,0.0790029117600432,0.056396381106751645,0.09687478794038559,0.12255353199389565,0.04498797829649792,0.03635041725817444,0.12503859309853899,0.040119407213610986,0.15322468018545754,0.052740640847045904,0.041655483417734854,0.1514848280226327,0.0566620378678212,0.050130985414281196,0.151927422276335,0.05781342166799732,0.04121809930225517,0.05777773722402085,0.04514230130143972,0.05474339554206403,0.04460053555442872,0.07374804020281556,0.06405621262862599,0.06543631097626759,0.052575626589318594,0.12201132850951746,0.12158324214943114,0.09770593925403183,0.06437891926182376,0.05669237843824125,0.06546769189204163,0.052798170356217304,0.054000174536776475,0.04722574256440268,0.046840542694766285,0.051762660735086743,0.052103012917596114,0.0454966276341035,0.04776474038522563,0.06036746146442336,0.055316501441967245,0.06139529332699316,0.03795857786804418,0.049370124696101636,0.042813668699528615,0.038047218821077894,0.03410984151398728,0.05815719017383375,0.04438646377236224,0.04455251445797037,0.11038052113362751,0.0869952383159536,0.06017361746302678,0.06319999590576239,0.1077991740725914,0.04800120094642897,0.17583133394774575,0.05672048646304037,0.3299912785779376,0.07273885739196663,0.19145123387576388,0.07282701405742643,0.2137678367743457,0.07819213160650863,0.06425671448093835,0.09171550610122181,0.07751074918558093,0.0356720825663465,0.05746467708124907,0.035899665957047196,0.0885179562289927,0.047510890306611445,0.1129817898712509,0.04330245546432712,0.08951539360775784,0.03789596223940343,0.06474894400355491,0.037889618101838426,0.06061029382117463,0.040287201513192636,0.05131026553177775,0.04024404745124327,0.04136657671808047,0.03970743994804139,0.05832542692645852,0.06965222846311026,0.07692584537403901,0.059938619132250376,0.04703768745128346,0.04369623681868691,0.04590171993827381,0.05011963067256943
0.10785414208537188,0.09878520044021055,0.12402130651145046,0.1422811705780656,0.11734295989012303,0.10845255537614892,0.0457368729705559,0.050302464070434066,0.045794383124300606,0.05059579170086134,0.08575642589391949,0.04028082363698875,0.04543476428292284,0.0438851372721676,0.04046846691486583,0.0491634436376273,0.05164899032469373,0.04637462132920099,0.040051643351812743,0.04530456682954851,0.04150659909222037,0.07031165321870322,0.056796249022913414,0.045938912223054254,0.07200378062570756,0.05975831919391643,0.07702963141796645,0.05676772658449809,0.03739360256747841,0.034358171696678916,0.061358772628441006,0.03589477911709389,0.04503136596862346,0.059838823808431446,0.0741077770749698,0.1435647470334174,0.04635406735278261,0.05635660305380334,0.06562433248262203,0.10424253811711848,0.10965032413673084,0.08582149550309431,0.14575264701049312,0.0673712756849808,0.038490787908486944,0.14871327599817336,0.23558452992067952,0.21392958208851592,0.18526006070170992,0.11150120953900697,0.05816348587962068,0.041051189220100745,0.15777394880886264,0.13141963406989696,0.12744687575905167,0.04703576580169622,0.08220672172512528,0.10852773065126611,0.05634402804131619,0.05653703976161908,0.05676961532527574,0.049158552150915844,0.04299054294871961,0.06660609745696752,0.05983220076586115,0.06321104197695293,0.03653250857137211,0.06632378683811532,0.06502479167585068,0.053985896131295404,0.03631853001030701,0.04524257994283108,0.04527385293304799,0.03445154733170597,0.17439514496589437,0.04898264203531255,0.06826667493022359,0.1376364505953019,0.039692401664672236,0.04045906355793373,0.06095962518220461,0.04124329056408915,0.07273885739196663,0.3323597976802459,0.0728055926404616,0.16580197629480378,0.07496076100556574,0.14792276586858472,0.040402985940081376,0.11590817386152086,0.04405356086318712,0.034611854729314856,0.04095564805917329,0.03777821420861997,0.0749327535343842,0.04070874031415943,0.07964584353867957,0.040009215035352125,0.05504419503221446,0.036762156947457034,0.0387740636691222,0.03643248167599872,0.040084172601136926,0.03856536816946363,0.044761920713473916,0.04029789440326721,0.053895823755402424,0.03523333609678954,0.05291825288456205,0.06940072060155131,0.08193277393392276,0.05577712484019587,0.04368092394360969,0.04158776954913779,0.04219475813190396,0.045236857512410314
0.0430552845786412,0.03294067876066972,0.042595116477155706,0.04629952457973886,0.04190846541418977,0.04438220267611048,0.1659216212199484,0.18335262983851852,0.16420619261141126,0.21084135033781481,0.14733275503953597,0.08480454320121593,0.06844125793737232,0.06757345522217079,0.10809097335864594,0.051137031877653345,0.0392345350826766,0.04085133242255264,0.03645127791660202,0.03918757567710775,0.03773464617560289,0.07251698655489544,0.08441619001950537,0.08211048252400202,0.07751062685801308,0.049176067187078995,0.09510643934255568,0.1305553325565712,0.07042522511897932,0.0504685393728528,0.13373212440432497,0.052650466069678895,0.11138595574042248,0.06261383271603227,0.03764876636238623,0.11681455780470791,0.03918989852032077,0.03823489180771217,0.2673290607905766,0.04302293399648517,0.0465073890782538,0.041064495058684626,0.04579061205601059,0.04103037027097265,0.06015546060774761,0.05506095098974437,0.05974347683917219,0.0672068653588747,0.056916097441998215,0.10552597443205397,0.07156286621962875,0.05744100993460214,0.06201897609647868,0.059041407757259426,0.06050770768903736,0.04509507810148418,0.05120770626946493,0.05319993457660596,0.04596242982940643,0.040482224571929334,0.04927886755695575,0.048062562269593684,0.05751417419192563,0.060697148043601504,0.05025519404686753,0.0643454908093653,0.036974756694618,0.04393058330933086,0.04162258202980343,0.04050393891963461,0.03192144668465473,0.05149774673341036,0.03714841421597012,0.03520375512465042,0.09792439089697885,0.0537030616737044,0.045850234060585415,0.07308915124027288,0.15345416627995911,0.04112879395033889,0.12452230024395312,0.04257107278409697,0.19145123387576388,0.0728055926404616,0.3157619248959732,0.08421481288222493,0.26064697182611374,0.09503400001526663,0.11367374867047644,0.07342183177253803,0.07794246158756078,0.03660659727612832,0.054131865512146035,0.036375218019662446,0.06313110588961862,0.039077948268883375,0.09362002163895894,0.0384641323619824,0.08228625622446933,0.03695438257812602,0.059444269691975415,0.0359115171752087,0.05166979254450082,0.037675626170176515,0.03831441151090277,0.03291735404340414,0.0423019266608432,0.03645780200898906,0.04119655953775911,0.05078942257678304,0.06696686784689035,0.05340422423021568,0.040696786692876075,0.03535104295677345,0.0370366127626106,0.03628727110126459
0.07819124750180861,0.06071003111116852,0.08030168216025527,0.10153467789673959,0.07702042018507013,0.07254675199791466,0.05900775113316425,0.055736161926566385,0.04680871902509011,0.050017445867849064,0.1096180100137139,0.04358808553553964,0.04783247543950607,0.06105345807200095,0.04668788336348166,0.05993208165680386,0.07576273580037798,0.05144096599439711,0.036568315577723096,0.04710723392196624,0.067452050028937,0.07280716866303596,0.07110171268982117,0.06670792630126401,0.07886728097758533,0.04709215102648111,0.08573624350737252,0.08313456412587775,0.04136964418508117,0.03634839318494551,0.060059628871814374,0.029050648805747408,0.052857713289925036,0.0418117676309107,0.04356957496634957,0.12763914899674678,0.09414089658713054,0.046780373738393985,0.07081844376845813,0.07287343408866342,0.04636994756177292,0.06511185896878041,0.10741292803448196,0.056888411105647664,0.07015027085062703,0.06578795350064666,0.14407927616005678,0.22478040360388862,0.22005176376590435,0.14747245969228,0.04600816166553767,0.05148962398041933,0.08411576028733155,0.16530623799191363,0.07175345284303758,0.046173836176901156,0.056037105837687604,0.10012675806776371,0.05021632642821741,0.04547141709538739,0.0573069633684965,0.06434465432258402,0.0829829625384703,0.0740165841456379,0.05270673826296082,0.07099946242864,0.03399513100944829,0.0734660310933012,0.08069616291138412,0.07921523482141926,0.03674659210263613,0.09721529794867875,0.046357596613682675,0.039171036115714986,0.17221333683434492,0.04950923269394545,0.04322767178798001,0.3063163933896158,0.06430833902584028,0.05299881793895087,0.0701352806676612,0.04960982172444339,0.07282701405742643,0.16580197629480378,0.08421481288222493,0.3489520575380214,0.08970688767586317,0.31480515957877225,0.07381083610796116,0.12372801387723231,0.061809442682451254,0.044064717682224336,0.05303972415606596,0.03604890846201719,0.05802937848039581,0.03516195048579922,0.0769315587929966,0.03285783499261363,0.06637200005758902,0.034314594076266844,0.0521117199686057,0.04046140698310392,0.04879500688002937,0.0427530796948649,0.04340249424624,0.04044221965018974,0.03252496504874618,0.03545565005624075,0.040957695052750556,0.045695076485076314,0.064497876369663,0.05123454282948403,0.04364192439904917,0.04089122404795825,0.03860989642456471,0.0373836602579422
0.04214576487265353,0.045883632729574145,0.041171996342995024,0.04152236556163226,0.04042029561077827,0.04296942766518984,0.15919839677455794,0.1482704564748068,0.13001347931603374,0.1717581116763356,0.1493570379920669,0.10062660908347265,0.08424377181177978,0.05527801563645056,0.09113179771420057,0.042529588086721054,0.04131977258058761,0.03681954264475406,0.03675069694992582,0.03816083666961133,0.039252695448147475,0.0755602765204807,0.0909461722720103,0.10006310142735506,0.09620763890882142,0.05652956721095917,0.11988090404310323,0.16896518369524677,0.06347868216789357,0.04766054393083074,0.15453599771693544,0.04971799995842288,0.14420488477830473,0.06004373442107909,0.03722169457357291,0.1236242843336185,0.04345040271819019,0.04217661586287105,0.21035520726832896,0.04289696001541177,0.04159376347774451,0.04189557993342337,0.04259248418028362,0.04242149881926194,0.0625476800266608,0.056528415939892204,0.06240684515460872,0.07145751665735023,0.06040631558910009,0.11160387398692767,0.07941401046725083,0.06542009065839857,0.06416802170584215,0.06528110169361312,0.06227928350884132,0.05001009781451786,0.055143947471607946,0.05387681524371219,0.051762089531999664,0.04600295520599391,0.054137823599790975,0.0527115715624969,0.06192581915056311,0.07401417242301683,0.05753997531181913,0.07833070444635784,0.04132037261721212,0.0497190695626564,0.04481739221443298,0.044587684068419044,0.0345811568712424,0.05803718699713123,0.03754964678434962,0.038371372835913575,0.10387512484490852,0.06267624167907121,0.055988484479368515,0.07849346803441143,0.16398875383033687,0.04758210962252554,0.17138405997059059,0.04754702893629058,0.2137678367743457,0.07496076100556574,0.26064697182611374,0.08970688767586317,0.31779149343559787,0.09993627025128227,0.10031583013431941,0.08937288807913049,0.1000282230058491,0.038486027235218254,0.06876746987913697,0.03905692218157702,0.08831771233125468,0.04622625240713746,0.12828409809580565,0.045822155837712306,0.1085663803785021,0.04363230241607688,0.07778213770304471,0.039619642388827536,0.07035951809891361,0.04179308399814385,0.05293292077536613,0.04009857922843023,0.04032053613341625,0.03894161663845615,0.05405010524981482,0.06795532618597297,0.08701079924399316,0.07063721210346294,0.05213586829716839,0.04496269360565232,0.046715073237136626,0.04747985651651733
0.06935226064940848,0.0542821304759922,0.0731129869596076,0.09605307209565554,0.0757220553229738,0.07144145051013626,0.06490012271765461,0.05990205208727173,0.05016880204681222,0.05240917396673957,0.12279292450073537,0.042396446092287834,0.04611510657627981,0.0674188371819929,0.05197592349887485,0.0662976850428394,0.08365742162578269,0.05644965496599447,0.03719017670978725,0.05065830944301428,0.07668681401121738,0.07914389160704773,0.07909757022273561,0.07311541629068663,0.08165982052848628,0.046402703364744904,0.08922757770251852,0.08778222973437019,0.04572789706984161,0.03786397496334902,0.06344823586098194,0.030917285220320254,0.05371658882737779,0.0400357820236356,0.04039068640701537,0.1332049156791077,0.10080725204025626,0.051253296201762624,0.08151027153648904,0.06146192093952757,0.03866481925731814,0.05754634933452463,0.09664415919635336,0.051428401872187765,0.08695622699643349,0.057914898331253135,0.1228774833435573,0.1924574962575229,0.18696286828204428,0.1606611320655922,0.04330310178486521,0.05059736152240585,0.07571637130267901,0.15137136763844664,0.06606172500824886,0.04597820346019037,0.05331031985812558,0.09319965003183689,0.05170514209780459,0.04754270538320074,0.056667215649740796,0.06828325919353745,0.09320111888620897,0.07495059597578407,0.05199603776777037,0.0707787146324638,0.03171724271691326,0.06901681276720767,0.07559294625616682,0.07754771323222104,0.03310343890818013,0.10556442838423591,0.04433725719094407,0.03594987810139619,0.17660527926394443,0.04874151698974169,0.04113758954111766,0.28102542750920584,0.07375058167176035,0.04983065483416657,0.071315592509852,0.05078683083355587,0.07819213160650863,0.14792276586858472,0.09503400001526663,0.31480515957877225,0.09993627025128227,0.3484069328944644,0.09081027592084476,0.11754619440222014,0.06516705971709388,0.04942150476354194,0.05271282055146327,0.03587426067545063,0.051292052386704666,0.03381203507723739,0.0731517426359796,0.03153566207081192,0.06515375908886548,0.03485286925926817,0.05164871902217737,0.04472380516055975,0.045846613612876785,0.044708109551990186,0.04002740276571995,0.04014232471063815,0.03119098668429306,0.03650460531874051,0.03782189903919391,0.03905077320623639,0.058539036823217525,0.048556243468655724,0.04143736538438339,0.03885003628006943,0.03759348717481199,0.03500474037619189
0.04368624473350198,0.055607566083478825,0.04120100639663833,0.04288982457261145,0.04361508876753123,0.04201704997159733,0.12640789477030168,0.11949961972420321,0.1281981760294294,0.08228652648597501,0.0849502124242676,0.05991216508372605,0.052817575385926276,0.15475488028713752,0.1535760577626702,0.13280134771732416,0.07246532127828759,0.10418907398842327,0.10296200711853393,0.07741321408328453,0.07597364508094878,0.08189892472734775,0.10702709888822595,0.09269527827628726,0.0659229720337865,0.03659485929700064,0.06679557482441571,0.07721451288697109,0.1618823293686485,0.1130921623535129,0.04744566908858191,0.09474587960263399,0.04189203526109364,0.05248834796141196,0.06606343654151983,0.04938257952237157,0.06734091176054985,0.07130758112176555,0.11505256649646636,0.04198932259596662,0.07779578860152367,0.039940710977248134,0.042535213227921594,0.04209098287360501,0.06711626827768255,0.041508166003584104,0.03915002823520427,0.04801629823018628,0.047385926678934445,0.07651673503107503,0.043166606081016606,0.04199157297127592,0.04146321974077148,0.051344522774546236,0.04649931884166046,0.03853258229211835,0.048856845314628736,0.04316901027553456,0.05270074041801018,0.042297088850723044,0.05243214203329216,0.06497498214034561,0.09670342414843963,0.0661111635517406,0.04336798158814796,0.06495683600284766,0.037110313183967014,0.04452965569968842,0.04200054665666834,0.04384225405773608,0.03159965144232384,0.06362718041708507,0.03758940252873957,0.03244714816640777,0.055481679535686536,0.04191459370661005,0.03760024252108285,0.06888888561040285,0.13882155123003254,0.0448343841467649,0.040850942590367145,0.05308402293590858,0.06425671448093835,0.040402985940081376,0.11367374867047644,0.07381083610796116,0.10031583013431941,0.09081027592084476,0.3131096356114305,0.05876964188509967,0.06191245434481163,0.039202126511439395,0.0468791612140793,0.03415788631618614,0.03190441484392771,0.03534459284479753,0.03746340839694923,0.034711593318449085,0.04684968950853004,0.03635997553159991,0.042950002993263514,0.03931319072986621,0.03130672494097078,0.042725949204053745,0.03470223513008988,0.04338237471248052,0.08182954077615327,0.03523990254972785,0.039621552048475825,0.03406584145144541,0.04158599390823575,0.04190556640692007,0.035886783289744775,0.033109547284657335,0.037003875405351924,0.03805051334446144
0.044213752642431145,0.07634944323770243,0.04475499659642132,0.0478136093555546,0.04307032000370911,0.045334663674584316,0.06499445749071256,0.04818049921370175,0.04348019877216222,0.04845927110778,0.07980488524506238,0.08118354385474166,0.06676337905543445,0.04496750604319118,0.04634920222191196,0.04263995939787273,0.04724993546195344,0.042028708258350256,0.03844993685992111,0.04294055457991623,0.04457284627835628,0.07054487615019256,0.07767138911668486,0.07509017293104167,0.08820052117556318,0.04842041031613509,0.09466579480427584,0.09436255426018542,0.04579401992798965,0.03743059762847874,0.055425635352587335,0.036992087256020684,0.05749241964782772,0.03820687735935149,0.034594023371734874,0.09146248954412906,0.03529688926677028,0.04003079541671492,0.06010495807695377,0.041816178146952626,0.04778032280394787,0.0362741272885395,0.045909509228989426,0.0376474723193667,0.036253549337310356,0.11156484250018617,0.12320386252175786,0.14221888715900588,0.08222886968452203,0.08793300502847384,0.10126357167003092,0.07266777249132678,0.129511301008727,0.17294807187448913,0.13690616973579361,0.04986230089210473,0.12117071582653147,0.13239643608411403,0.09225289561123337,0.04246555713947943,0.06155492328452142,0.08287686708228406,0.10494807905004466,0.09906415559785003,0.05553512628500473,0.1182982182830647,0.08795452926401837,0.16699280962792457,0.12783402049640877,0.10487800682868298,0.0736212430568075,0.05399366297668419,0.06381025334137819,0.07279732445983197,0.099428418437537,0.07620046903252378,0.060745237813218916,0.11036977792499277,0.07835064650406925,0.11341291819136842,0.08098616983181073,0.058435061779247705,0.09171550610122181,0.11590817386152086,0.07342183177253803,0.12372801387723231,0.08937288807913049,0.11754619440222014,0.05876964188509967,0.2992853236718796,0.07325445759350008,0.039739474709487674,0.06345403521348136,0.04942188360112731,0.0804716426301057,0.08085059264969957,0.09019239437603754,0.0858639154638807,0.07996701022264538,0.06859509887344639,0.06307085672009081,0.039301003349232026,0.06283755865987803,0.04084760486942818,0.058611598562405325,0.046554732216228426,0.036085101268034936,0.0653068035877569,0.0721522595032355,0.09877544945895685,0.1071444367499565,0.08055784932287702,0.060138741972545914,0.050779945014920905,0.054231606856634085,0.05871924719017764
0.0375641507722277,0.04136571864202849,0.03838215255136854,0.036367407435934355,0.0409177365869635,0.041254971770106716,0.06938365761240381,0.053600441323530104,0.048405684200810845,0.055995702110516084,0.05785740231238758,0.056944570977187164,0.05552558917536117,0.04134920386819452,0.056043440530612734,0.040978585080553916,0.0492876102211392,0.03992511655589488,0.04875232070370873,0.04495017616964783,0.044162602595013936,0.05222874857941504,0.07141835668646418,0.1734115926094711,0.13102224215379626,0.08627575695027384,0.16290185885478736,0.19391244487726922,0.07050302450165545,0.06962942176329191,0.06438112548373925,0.08519781505406097,0.08114193467995579,0.051529460639119444,0.037112449990814214,0.04844379317564032,0.03910104729079929,0.04986320169169349,0.06692814635455085,0.0340971493926275,0.03474196551098553,0.033616229865732136,0.03475413636112633,0.032516085947180376,0.045173670682092146,0.035115126788563836,0.03956324422727105,0.04927700608536521,0.0469976012627117,0.05571032930905,0.04323292459487303,0.045600703229056155,0.043320422993779695,0.05276869818908293,0.04526489314341451,0.03844881105362636,0.04548511240659024,0.04484581460051803,0.04509232369293338,0.04692023394501753,0.06150874466730839,0.05501999715045154,0.04814168389444287,0.08687975819510024,0.07113481890748555,0.08762434016911352,0.039724233929594246,0.04306227743374143,0.03814791363556824,0.0402088426032772,0.0311510612684206,0.043793582908094916,0.03932725141354837,0.03480894348243106,0.050173803629954786,0.043459798223246755,0.06556087784671649,0.0587259239743191,0.14697758896429636,0.039678773209598395,0.096893587582113,0.040241924503935905,0.07751074918558093,0.04405356086318712,0.07794246158756078,0.061809442682451254,0.1000282230058491,0.06516705971709388,0.06191245434481163,0.07325445759350008,0.2911307140044363,0.041661358004262926,0.22409143357447697,0.04919865521655182,0.1188493576146997,0.05334332821072067,0.15665802382044428,0.0543697490571559,0.22015052462624896,0.056287541323481224,0.2215804002664743,0.043100717209765174,0.16957592672581231,0.05341452934599282,0.12158562154491154,0.07012515558361326,0.03961363546663295,0.04408762573926238,0.07911527221957582,0.08904269685905071,0.11503831628371353,0.12471011398413281,0.11783785996642393,0.10536914675506646,0.09499840166741777,0.08481239256386994
0.04136418966024749,0.03685543548037375,0.04149774320618743,0.03947883420427245,0.04395028217481682,0.04541370343364182,0.03963810333815512,0.03584394326739372,0.03416262312135941,0.03972741956413907,0.03961962635305452,0.038697744261146735,0.04128860056073297,0.041814307299038275,0.03697471561910337,0.04327446732968483,0.0498985943447561,0.037385899242339024,0.032052627658222754,0.03165584974980207,0.05571558778899835,0.050209764746956334,0.03853925625496678,0.04078002262860579,0.044608689050610134,0.044763218390838216,0.04573914861024388,0.03820228866519786,0.03541301971046497,0.03213563317040718,0.03913390099819124,0.03383353753009766,0.03542508272553137,0.04058917671819251,0.03768286443775215,0.038649408312880135,0.06157226491341955,0.05735846481571716,0.035811918529207135,0.04083869559941721,0.04951878522404328,0.04273075393947608,0.03781472162091177,0.04787941229008779,0.0395781436261991,0.03520513423527394,0.03644415938510953,0.03644920207079585,0.03682855410566488,0.04678503635726364,0.03708053344582017,0.04540039522275765,0.03563277715801528,0.039899799010231135,0.038053736060365495,0.06329226043222373,0.042964075560801854,0.03484618093595453,0.06318138052881456,0.08072942902281233,0.047106188471684726,0.0617396213955112,0.034373451585861706,0.07384679723855761,0.04752906514045792,0.10151483802115385,0.08386581150896355,0.03404267422954346,0.034133321544904435,0.034304538252024744,0.03766006701858517,0.0711920401356517,0.03857361274581894,0.03880065688153993,0.0409112001597152,0.055684307195328644,0.09964466684408577,0.04644633801380404,0.03528406233874626,0.034312776101155865,0.03257479418345473,0.0565981093625723,0.0356720825663465,0.034611854729314856,0.03660659727612832,0.044064717682224336,0.038486027235218254,0.04942150476354194,0.039202126511439395,0.039739474709487674,0.041661358004262926,0.2986829069596151,0.047093812663153614,0.23286122805205228,0.060861113133985144,0.12505707496494844,0.04911056714575873,0.1361841158951141,0.047481360868231876,0.18981750039133,0.04635281867056812,0.2596961106374489,0.054601969800618516,0.2071710787302551,0.08391323637274534,0.1554048614635905,0.03298862165166084,0.11050955199403012,0.13452119564911041,0.12295215665120929,0.10230829566135792,0.10690384268211817,0.10676176636342996,0.11801692116280046,0.133596357021592,0.13749622330897107
0.036086209597011844,0.040588018503358414,0.039541189427455964,0.038151499272423554,0.043915958006927894,0.04595684156170868,0.05730779408071114,0.04589574465633526,0.04203725722669158,0.046111849619931373,0.04423049033730399,0.04795026010857846,0.04743647749666857,0.038301301129457115,0.04293713469635482,0.04093424920832871,0.05048794020298972,0.040742146467353864,0.041869441041278536,0.04234411847922302,0.04814733330121668,0.04054637561172798,0.053221993248465785,0.13825615018184761,0.11801331023995507,0.08538547218991047,0.13657684804135922,0.14192730978299356,0.05578750582039501,0.05684740806789175,0.04419290929230833,0.0836963538118648,0.06790455647102797,0.055477643356249585,0.043605787038040814,0.04081848156557834,0.0391435760307471,0.052603399297263986,0.04675734760208265,0.03274482667796393,0.0342370738765005,0.033212664354398944,0.0369668385813835,0.032587084924338594,0.03599564573256467,0.03441475571704136,0.03993863737234922,0.04592762987986897,0.044520613682153494,0.04716938302286644,0.037401951548331716,0.03952984199164869,0.04029632401355045,0.04622357304118123,0.041674451518612085,0.03741729764092197,0.04128718755409249,0.04364375632503453,0.04252069860663886,0.049795528418068835,0.06353765327959279,0.05249955096224415,0.04050396180744607,0.08787380562345849,0.07693022076033004,0.08896732427459544,0.04187186752266146,0.03783948405599011,0.035559251532264205,0.035167476664779124,0.031669071477806204,0.039375302654274955,0.0357993241468468,0.03393591712563715,0.04317001794628544,0.03956443102607789,0.07070892050885697,0.05061037772908772,0.11391519527666846,0.03648397585471473,0.07483482917536635,0.0397303483745932,0.05746467708124907,0.04095564805917329,0.054131865512146035,0.05303972415606596,0.06876746987913697,0.05271282055146327,0.0468791612140793,0.06345403521348136,0.22409143357447697,0.047093812663153614,0.29315093169374395,0.061128982046700836,0.1177334999480384,0.06384204589225034,0.13564941052186102,0.06448147384844619,0.1944990724787939,0.06658211633565597,0.23016159459672883,0.0549997648678601,0.18312491114106072,0.07384077486544213,0.14485170965740912,0.09328233501294303,0.04051563412643482,0.052258130542564105,0.09600359655672319,0.10184559942742716,0.12035378508908134,0.14509683138465734,0.15479129190484178,0.1406754184106006,0.12257391384368635,0.10740591468080286
0.04067755062163152,0.04006498865956483,0.041779863277832376,0.03927614688910254,0.04313244796111736,0.042482892597947824,0.0379139963779315,0.03723230176511329,0.034817831419194416,0.039939163507033165,0.033399889281334805,0.03918699914208745,0.04178634020404921,0.03992225476176408,0.035767514197302286,0.040269288191675176,0.04365730561918957,0.03418961866109036,0.031176236794454616,0.031229002955123604,0.04819254359058599,0.047037661274612896,0.03554884708363473,0.04365316322900764,0.04762397159168018,0.04690394836565345,0.050386590609293756,0.04296302926920459,0.03479804337470198,0.03224063720334849,0.035211697860872734,0.04408241253064689,0.0387501750945823,0.043492751326714756,0.041676921716824966,0.033947459368110985,0.05137872484073634,0.053105440572583804,0.034734693045586254,0.03870612843347833,0.04471370487689105,0.04174223153439389,0.039105641632174525,0.046298520551140615,0.03742439363971457,0.039934489142136875,0.03656473504215346,0.03506255833453044,0.037127911189827154,0.034889397051830306,0.03989552716788013,0.04281826838307433,0.04004562409736806,0.04028190122086872,0.04128191856051985,0.05379285818060652,0.04507959934599376,0.038786606935741486,0.06439365758424145,0.06998492499623672,0.053471878989390514,0.07665793592152881,0.04311276873315048,0.09446355835475034,0.049267737351974025,0.13917978634048597,0.09843478921827964,0.039112952949544255,0.03634713572617136,0.03544480063765684,0.04226451473468007,0.04900582639742816,0.04018031383315285,0.04430893611326707,0.034418194902917226,0.04904858906277852,0.09452968967455985,0.03814287152708014,0.04490041194590344,0.03960892283992652,0.037170010060825154,0.04820342648005063,0.035899665957047196,0.03777821420861997,0.036375218019662446,0.03604890846201719,0.03905692218157702,0.03587426067545063,0.03415788631618614,0.04942188360112731,0.04919865521655182,0.23286122805205228,0.061128982046700836,0.30427097155871735,0.07203989912782069,0.13742523643813237,0.056619522280553135,0.1564278541052777,0.05615847855622416,0.22675474933989864,0.05770500758619515,0.2255015734203863,0.06683646939434301,0.19556299227396245,0.09405107468494994,0.14823536279382207,0.03846188074362811,0.12126828808428186,0.13691394712651178,0.13694364039649604,0.12159816685360895,0.13288434884244354,0.13150978420557208,0.1321703211608527,0.1402572000422275,0.14218724944653893
0.03856657850473562,0.09541847023228148,0.0393018681406168,0.0408798278161944,0.040448042491798994,0.033593945399000305,0.049483914010516716,0.0409094531787577,0.0360184653220474,0.05249505366762114,0.04859368500620062,0.059485409007596114,0.05623879387623554,0.03713436692045112,0.029759563518868014,0.046079810490156636,0.05725394869322821,0.04988316033591689,0.037101548415558946,0.05149452292262667,0.07291644473187209,0.04215706346600199,0.03989134687970358,0.07421532442258713,0.10185916426399312,0.0918736079139664,0.12227032105985788,0.12362848335060053,0.03129139782085372,0.030508581104436244,0.07374863111792666,0.03328733620772055,0.11117265507238996,0.045289812907338425,0.04114426748113355,0.05792944340647524,0.06774780737685951,0.10869927439918646,0.0508899071067976,0.038633031674266204,0.058972583028496506,0.04013079695305932,0.044762287026596195,0.03909057330102424,0.03019543020956538,0.05141380866502545,0.05905952586539169,0.0635368883062514,0.05520968034870864,0.04490780373684391,0.054863800585568806,0.057502015080608954,0.05955476531070194,0.057851289265901745,0.05891159329098621,0.05630876188771156,0.04772416271014647,0.05165153285210625,0.04664453453198673,0.09268789671340663,0.06806980259164012,0.04668139968679182,0.03414119809781833,0.08471173494862518,0.08430230641187439,0.09241465331203694,0.046626274892236294,0.046784752735134355,0.04051894894661423,0.038560716989981175,0.035828825443997084,0.03037611587536511,0.0350441006451737,0.03324785561478932,0.054055426822798645,0.07200452424438954,0.12496837565239158,0.05137874225717087,0.06990709488514404,0.035455823115847274,0.13457949522085458,0.03589544242787547,0.0885179562289927,0.0749327535343842,0.06313110588961862,0.05802937848039581,0.08831771233125468,0.051292052386704666,0.03190441484392771,0.0804716426301057,0.1188493576146997,0.060861113133985144,0.1177334999480384,0.07203989912782069,0.27661814061643,0.08076342216031074,0.21075194696418614,0.0766125773285885,0.16450880485778663,0.07742804375994511,0.13536836513176687,0.07202757337953505,0.16420555086074812,0.09255988923063632,0.18582203051981688,0.12769399365628975,0.07109441165113342,0.06307355446160909,0.1616458488321525,0.1630303394531467,0.1614192035123214,0.1369831532369424,0.1244283660120198,0.13709439454035388,0.15163485156731948,0.15940424542705645
0.038784950652064394,0.05389668349206099,0.03683365919023507,0.038797908905349496,0.042894802596737794,0.043197570081061856,0.037891628205495076,0.03516802931556764,0.03397954046542868,0.04311020088382577,0.03633975710068883,0.05631396009393924,0.0626934849338722,0.035757003348953015,0.03374936802532483,0.03617116477007575,0.044070866275123216,0.03412745140975231,0.03377902660663214,0.0328550736924452,0.04750905995158916,0.046299114600953414,0.03520989131454898,0.045854533936263105,0.04546577263326239,0.04262174910057323,0.049949566072952645,0.050642980368568874,0.036810184855035094,0.0346779737909995,0.03471426540978731,0.05217362755994614,0.045656040718202145,0.053782521301806774,0.04948387494967852,0.035011156874132116,0.06859675803602525,0.0462730820746618,0.0361871594761517,0.03352218934190137,0.04641789460045315,0.03828991712411679,0.03719689229528292,0.04034540262342674,0.0482935571928679,0.04683665964641168,0.04397100537051549,0.042826629974254855,0.039732953891704545,0.03393988846243558,0.059192416802284264,0.0679843271737956,0.04379690610630077,0.04817818190479384,0.04629710276307833,0.057526185431325094,0.049216239550569904,0.04230271926523885,0.052127554321007824,0.060909347849518874,0.042002971652871604,0.042702843404761215,0.041869417458850325,0.060083519548976755,0.041052647939817555,0.09527615281191915,0.16938068796037686,0.06973984283307164,0.058090113755546666,0.05627207980746704,0.10086824344577183,0.03585845080373168,0.06281912606016005,0.11382642236400034,0.03440754484591463,0.07737925268297415,0.07686961390363023,0.034560805650030293,0.05899474138418438,0.10049529257788636,0.051711978908256004,0.045081358923392975,0.047510890306611445,0.04070874031415943,0.039077948268883375,0.03516195048579922,0.04622625240713746,0.03381203507723739,0.03534459284479753,0.08085059264969957,0.05334332821072067,0.12505707496494844,0.06384204589225034,0.13742523643813237,0.08076342216031074,0.2742505661300023,0.060818102805246625,0.23413559334320053,0.06066511664993546,0.17900210271414818,0.061775165298345994,0.11474364745721446,0.06774244441680749,0.12198943548360426,0.08656838855133006,0.12023843543027496,0.04392783960040967,0.22546667933746442,0.16247964251928915,0.16469803681982498,0.10839724539667073,0.10167924997984364,0.09481680305759765,0.09642765585493895,0.11412662479097443,0.1318499004208316
0.038626846652224184,0.07770590358956528,0.03840260485561718,0.04397757568598486,0.04145529186881905,0.03633535526254229,0.06628435527640363,0.05277908257197326,0.0428458903519464,0.06543752378445017,0.06978507050941152,0.06514738473316314,0.06027013796303103,0.036806622408175546,0.038514458784906384,0.03754826125759246,0.04741317071229745,0.039787666931561175,0.03566277524521308,0.04551310664004846,0.056686749621159646,0.061786410253181545,0.0641496204402203,0.11252220961212506,0.13686679805498958,0.10339474127895167,0.17319327424162997,0.17798616669307832,0.036310784294477094,0.033487408755314,0.09930499366847861,0.035534664123471615,0.11512927975846307,0.043737436905255986,0.040548573772246965,0.07672130692329035,0.0505609517975419,0.08655491449323269,0.0736386437283564,0.03881921112110221,0.04677587525593728,0.04014790914705607,0.048799366449397134,0.039309435681856575,0.04266470041248177,0.05115123026706608,0.0592381494180121,0.07139292094940047,0.06369804466227219,0.05914845076593127,0.05832019810756595,0.05642945607422062,0.06351967163002877,0.06509633427551702,0.06432181164628512,0.05255352935965149,0.053984268824086926,0.05728386442010296,0.05252054013984704,0.07879047151489316,0.07757229084640752,0.05809062958530921,0.040459103077000846,0.10197978351481754,0.09221062245392506,0.1025736258963783,0.04042275151042532,0.046944540996880994,0.039912327134959916,0.038709434249411305,0.03173834321849591,0.03372198722183154,0.03740701815596796,0.030738951890559783,0.0699228462027707,0.06415377131191763,0.1087968709670534,0.067121836967325,0.1001148824054248,0.03407473122709326,0.1512828514668068,0.037608645485111905,0.1129817898712509,0.07964584353867957,0.09362002163895894,0.0769315587929966,0.12828409809580565,0.0731517426359796,0.03746340839694923,0.09019239437603754,0.15665802382044428,0.04911056714575873,0.13564941052186102,0.056619522280553135,0.21075194696418614,0.060818102805246625,0.28135853635722446,0.06065941255026065,0.20950114474408738,0.06449886016948442,0.15171108310006554,0.054199786872338666,0.16417013188130963,0.06696441159357533,0.15270955005882447,0.0916522437269443,0.05938625689234468,0.04543797527494538,0.11946194601385063,0.13383270735650982,0.16127847282731547,0.13540229010496435,0.11656727247357751,0.1160713071758688,0.11728829314025677,0.11798192541750488
0.03573028834800015,0.04771694364330962,0.035806463122038196,0.0356307064498991,0.04190836168608146,0.04225610915993946,0.039614824428645556,0.03392760389730482,0.032732273348972996,0.04016492553830425,0.035313860092508725,0.049144419001116546,0.05367563737684136,0.03566872779904559,0.03460692731023711,0.03505821576624599,0.039648198536429015,0.03253718846464666,0.03368785803331144,0.032988118270020295,0.04070799284638581,0.04140828625987588,0.035414203032081856,0.046335291149920514,0.045518617908282794,0.04294185832933712,0.049970751704757406,0.053132605852857534,0.038808421475513666,0.03598950570428408,0.0315650650403511,0.05326046150452856,0.04291743594509983,0.04886348519665985,0.047102853170278264,0.034888203126688166,0.053750972982699444,0.04095664700870208,0.03473156839831538,0.03243118909078804,0.04504487665834602,0.03687177233206246,0.034668208352303484,0.03936368012249157,0.037989694418531054,0.039725212600999385,0.03960249933119847,0.041543778691593966,0.038092701542511556,0.0329421784182813,0.049648539418301316,0.057391711191195016,0.043791132636130256,0.04971310887794207,0.048259606247399056,0.05428084819702128,0.054381170783349184,0.045352775831056735,0.062075228448532374,0.05447739166864859,0.04090028678162576,0.050109011829360735,0.04898104166255517,0.07026319973628176,0.04015067389716652,0.11623719229168991,0.1830325627838496,0.07175621589085887,0.05780600907769852,0.05886030790237569,0.10034349880154536,0.03345013226928399,0.04505029714977442,0.09519767614243395,0.03312519993443523,0.06684632504720403,0.07221240317381034,0.032757394333067576,0.061610252310526865,0.09289175461066565,0.04848071594555439,0.038874176212592065,0.04330245546432712,0.040009215035352125,0.0384641323619824,0.03285783499261363,0.045822155837712306,0.03153566207081192,0.034711593318449085,0.0858639154638807,0.0543697490571559,0.1361841158951141,0.06448147384844619,0.1564278541052777,0.0766125773285885,0.23413559334320053,0.06065941255026065,0.26915581221113233,0.05985980353309657,0.20949540285067467,0.06229635643870607,0.12186457247327681,0.06655253805912852,0.1215897617215682,0.0818053797756392,0.11227298480805963,0.04340026239551735,0.20247767034828013,0.14792934828971682,0.15953151789058995,0.11375065887114974,0.10751768583878601,0.09498068643172172,0.09267952980615715,0.1074815860187654,0.12347097752309072
0.03685952414809669,0.05209737709704111,0.036522045838753334,0.03615951234477187,0.04147431824203232,0.03820724783610819,0.07075519541981459,0.05478996497847398,0.046991214900900274,0.060708230681349534,0.05927284349290811,0.062323322504434925,0.05960107259746862,0.04062200895807242,0.04546732124885751,0.03881388955090537,0.04708644346471294,0.038930619593569346,0.03836741122514703,0.044274600344455545,0.049150109992317795,0.05721649847144038,0.07193822656931001,0.14577469631336099,0.1479910941239511,0.1075124560500941,0.18419442375682504,0.1921809032732597,0.05012879260234919,0.048917666791882516,0.07365687385016464,0.05561940873328251,0.09435075142149563,0.05093645415727592,0.03229528894609181,0.05435414412253345,0.04266603831361576,0.071127058808505,0.06696852931761915,0.0335734411295293,0.03600934243591558,0.034704503986461376,0.037239318625015824,0.0342743951060311,0.038395884082426474,0.0373217334166709,0.045563447066092444,0.0592538553660844,0.05370111977145339,0.0545355038288517,0.04838216184328098,0.04860008331501338,0.05100595997136446,0.05859096793723459,0.052425408569908,0.04445699933647919,0.047397487726553306,0.05131462794131801,0.046379728921082476,0.06712741729402172,0.07665888762211312,0.0558456378350803,0.042613856774191494,0.10401121560638553,0.09183923588178125,0.10343352637593811,0.03911541383740176,0.04350102408495851,0.037500560870275174,0.038542477751460275,0.031206321343988166,0.036971798670266384,0.03882008519228295,0.030699643022745353,0.055136471453092084,0.05005538291258316,0.09432434684160282,0.060601864526304394,0.1236590349034622,0.03494059403815637,0.11643565859278812,0.03758192846616465,0.08951539360775784,0.05504419503221446,0.08228625622446933,0.06637200005758902,0.1085663803785021,0.06515375908886548,0.04684968950853004,0.07996701022264538,0.22015052462624896,0.047481360868231876,0.1944990724787939,0.05615847855622416,0.16450880485778663,0.06066511664993546,0.20950114474408738,0.05985980353309657,0.2788191174909932,0.06425037235433315,0.20630660377632595,0.05207070358857789,0.1926087180999213,0.06739651448948858,0.1557090912406311,0.09271012632894252,0.04373987746833087,0.04650773252421602,0.10755000070744056,0.12034023179073869,0.15250665786641893,0.1532116707155321,0.13977122333164843,0.1316886184868954,0.12467299770799284,0.11432563824167498
0.037559845839273506,0.039589764466572155,0.03738831616716713,0.037876469010665395,0.043294573309861785,0.041907396917355996,0.040590088662100385,0.036024844816850324,0.034430437271280354,0.0394114812450333,0.03263300767878241,0.04300439224160098,0.047438002943860295,0.038981126989801926,0.036856143572505065,0.03833109372894995,0.0409215490600216,0.035715185980803074,0.035080257792348385,0.032715420762458106,0.045113586857461516,0.04287597470101276,0.038839459296443626,0.04987191225902857,0.05220139599418943,0.045700463491942664,0.05715623023655943,0.052342584630113126,0.0393309932875383,0.0357954970559891,0.03145543506506672,0.05048948900297934,0.04059306741865945,0.045464370922433,0.04361035710777689,0.03307530449909421,0.052343869473321786,0.04785774054834227,0.033710458614804234,0.03461563183943585,0.04314817961388756,0.039609290796412344,0.037287244789830705,0.04432497599097816,0.035849937082943484,0.0336518177897371,0.03494835118746613,0.03521907360240868,0.03642862355243173,0.03281579009274772,0.0400023409353546,0.04741696042547504,0.03957325358936599,0.04331578280580843,0.04397242966138089,0.059199586696796355,0.052679232870385694,0.043556084317845065,0.07272891669949733,0.0664779843249666,0.048265292496024695,0.06615024300145048,0.05247082598814756,0.09142525514609612,0.046474261898411584,0.14435750494672728,0.1407046173534447,0.05344710192384934,0.04107317596659438,0.04414811770827365,0.06448407336821274,0.041221268514909745,0.033106881003485286,0.060121090183819795,0.03244792710394147,0.05745548104178817,0.09051364580289337,0.035754727751749704,0.05729320405130062,0.0561218448974125,0.04343504461509878,0.03804120679499241,0.03789596223940343,0.036762156947457034,0.03695438257812602,0.034314594076266844,0.04363230241607688,0.03485286925926817,0.03635997553159991,0.06859509887344639,0.056287541323481224,0.18981750039133,0.06658211633565597,0.22675474933989864,0.07742804375994511,0.17900210271414818,0.06449886016948442,0.20949540285067467,0.06425037235433315,0.2850284088637998,0.06328112223260493,0.17250124537235106,0.07018430820036806,0.16212416606840035,0.09113032571537708,0.13332640350412345,0.04062006731098449,0.15523401974287776,0.14876954441827947,0.15976352286185008,0.13125501876171144,0.13309891839317942,0.11949589603542296,0.11617208409327942,0.12916441231531495,0.1380275769018361
0.03845076372812673,0.043428971323827836,0.041667173582987604,0.03913672222092092,0.04697833670254621,0.049417915868906453,0.059738999719930096,0.04901608799976648,0.04355757863606853,0.049363161702915416,0.04617391816159977,0.053100841394045556,0.05251276820703277,0.03768294589094359,0.040608905905724135,0.04081162457269157,0.051761988464576095,0.04343715827660914,0.03717417916792143,0.054049381072403174,0.049076770379109014,0.03799518043613964,0.04653843816757072,0.11613429514487697,0.09963371966578578,0.07550153089153233,0.12534327110806268,0.16064609333347524,0.048374924691431495,0.05051229912062215,0.05193080157326639,0.07636670834711456,0.08168107591493942,0.06486852056758807,0.03967542849801446,0.039725289810387934,0.0424783653894156,0.05654447533703914,0.05037376184452977,0.03286810613827007,0.03326866418548291,0.03543998771328071,0.03697126129513632,0.03524083734843244,0.0395556230291277,0.03358460188263445,0.03734017479808481,0.045031860631237236,0.04330879604257508,0.04806027999998432,0.041086174680383156,0.04393675586457735,0.040393373345711386,0.047602555716375866,0.041173748036874167,0.03618335496979286,0.03874281337244552,0.042129247651690974,0.0382982687913106,0.04720438234339787,0.053678805666549145,0.04687606792593281,0.043121604528534266,0.07526387187989464,0.06221443170634254,0.07955214747334283,0.043294283234438076,0.04092813478344817,0.03776907020422138,0.0395361388290931,0.033559936342899034,0.038548192171673545,0.038473908962656705,0.03339013259756242,0.042915392080060524,0.04266300295401128,0.06640612797529272,0.050948687247099084,0.12246599167649466,0.03959066902868978,0.09366936790074579,0.040539251215293545,0.06474894400355491,0.0387740636691222,0.059444269691975415,0.0521117199686057,0.07778213770304471,0.05164871902217737,0.042950002993263514,0.06307085672009081,0.2215804002664743,0.04635281867056812,0.23016159459672883,0.05770500758619515,0.13536836513176687,0.061775165298345994,0.15171108310006554,0.06229635643870607,0.20630660377632595,0.06328112223260493,0.28416758230104594,0.05107520063415362,0.22390962892632688,0.0668926008159895,0.16103679997105189,0.09236836598106779,0.04118184642179046,0.05074359208282635,0.1001468221872002,0.10124248339503532,0.11160321354881292,0.1272271876817262,0.1312813034453923,0.13011387798614973,0.12142886797782274,0.1110096762555178
0.04283027110198183,0.040217959780108226,0.04131863133501894,0.039535117024965746,0.041870477981629226,0.04408371558810424,0.03786503280499989,0.034333780379713325,0.033746969953282704,0.039330584717361436,0.04255491947330199,0.035528837970135174,0.03769918565786679,0.040418633334588464,0.03620791492080119,0.041839924475020863,0.05083472133598193,0.03651651079696368,0.03231288605391891,0.0323994256086603,0.060114508454538154,0.04937218435324882,0.037648628418801185,0.041319567159420395,0.048635639573530856,0.04536823982413503,0.0479758635688767,0.038330501145823224,0.034626085803578316,0.030408843504569308,0.03982903891216459,0.03258117864836721,0.03916977207149694,0.038933215844010355,0.03526928802514524,0.04003858345529915,0.060118213312286006,0.0633195870320578,0.0358885266242754,0.04160754047198571,0.053128453270757214,0.04566160552379932,0.03845554857238724,0.0520143801985541,0.03543591769486373,0.03491577588219927,0.037527598541077345,0.03773040290519829,0.03639236028796297,0.046820784241099166,0.03438012739201379,0.039438627764188806,0.03678661090325021,0.03949451205200159,0.03752088989158729,0.052138293334300034,0.03886664588558392,0.03652685616402269,0.054585855032497035,0.08285535202740002,0.050113673510289,0.06057144258798883,0.035009562428834684,0.07657353021314395,0.05224640640105941,0.10181732807820708,0.06921633157213375,0.034027712645546326,0.03488456222299628,0.0354529631086154,0.033978567891960826,0.06807169587417781,0.03920823884338476,0.03515601056533445,0.04032386642262499,0.04596161868686932,0.105163630021884,0.0413992567183276,0.03549300277928909,0.033317029401868134,0.03714416036207188,0.061386993895222,0.037889618101838426,0.03643248167599872,0.0359115171752087,0.04046140698310392,0.039619642388827536,0.04472380516055975,0.03931319072986621,0.039301003349232026,0.043100717209765174,0.2596961106374489,0.0549997648678601,0.2255015734203863,0.07202757337953505,0.11474364745721446,0.054199786872338666,0.12186457247327681,0.05207070358857789,0.17250124537235106,0.05107520063415362,0.29813270750580023,0.06278377454887964,0.24216630298056183,0.09893215736134264,0.18026645255039364,0.03188270555859697,0.10191189069269502,0.14232747306387034,0.12694342713069248,0.11117728812014932,0.12021769443853746,0.12523032618834923,0.1410722402918696,0.15466723498299167,0.15445006012512086
0.03747308747803951,0.05089544610405013,0.04211508779087052,0.040876770048280824,0.0499045615111586,0.05271997842867056,0.05399760462660658,0.04397347318215675,0.038378577594823604,0.047203118856187,0.039268823636334826,0.05198467848289648,0.05133137345774608,0.03475461440948491,0.030970076713908744,0.040337869812011415,0.05399329713958194,0.047356200949756164,0.030234582141516753,0.057843929361421714,0.05463588701814937,0.034215395508672655,0.03697283382832421,0.08487421980877255,0.09103158428071811,0.07662539751044281,0.11216456137409647,0.13657261260611436,0.031976478684481516,0.033395297871966344,0.05149348637058375,0.05079904382621621,0.08724805961030696,0.06680972652817507,0.034015242940207274,0.03737348544057116,0.0464279347420191,0.06929848888229367,0.04527717875440638,0.03188395540414859,0.0329169905330403,0.03609020749574644,0.03887502483969664,0.03763570597777251,0.03479756589500936,0.03314651992042775,0.037088168050214185,0.04690810712088587,0.04426597746899454,0.039788672023982355,0.0424676969891668,0.04472208274770248,0.041902771363915875,0.05043767648191922,0.043356346379352186,0.03619773603138881,0.03960052318588823,0.04336938651855912,0.0379361279086461,0.056102708040750515,0.05671889510512776,0.04527712593374378,0.039603158001220454,0.07520883861500365,0.06643549638246052,0.08066153612578046,0.04506213705889786,0.04204639637118629,0.03838401186044932,0.03951546424181472,0.03472408256509538,0.03139163544047588,0.03652736867410521,0.033573179550421266,0.037821903431367404,0.0448791451773918,0.07967988822554536,0.0473020683027204,0.09327509892369706,0.03789636413276394,0.09969689870057927,0.03856709743617995,0.06061029382117463,0.040084172601136926,0.05166979254450082,0.04879500688002937,0.07035951809891361,0.045846613612876785,0.03130672494097078,0.06283755865987803,0.16957592672581231,0.054601969800618516,0.18312491114106072,0.06683646939434301,0.16420555086074812,0.06774244441680749,0.16417013188130963,0.06655253805912852,0.1926087180999213,0.07018430820036806,0.22390962892632688,0.06278377454887964,0.27274763172535443,0.08538304671164146,0.2065862976152514,0.11880875219198528,0.047704398023190306,0.055885376833426106,0.12359235822810334,0.11981950201141789,0.12565482591414343,0.13417011397244855,0.14148222615650335,0.15118703888143786,0.14831022545132877,0.13781047384754208
0.04470765757969918,0.0424393137829433,0.044463180843622795,0.042277967727835236,0.04687687702887719,0.04810096311125078,0.04041048634353005,0.03687571586720054,0.03412897112473026,0.03973897068412361,0.045263377366250045,0.0384429349525522,0.04146226786268539,0.04208635700555474,0.034824473924796706,0.042176642068836825,0.0586914953654465,0.038085485951158016,0.03148926070744813,0.033860021230975076,0.07691147659318423,0.04508502245379088,0.036051285697507096,0.04372209850628267,0.055788545114258535,0.05389457623119269,0.056176883445829884,0.04268572217827302,0.03417443049220184,0.030910674248819422,0.040543848078978754,0.03353881803169728,0.03980450404587206,0.04630063699527808,0.03667759088651104,0.04091402114817701,0.07168088444241735,0.0827656951076948,0.036722383844177045,0.04343542977404871,0.05772997820407081,0.0460889596014014,0.0400687286132039,0.051918615213955036,0.03682810924352327,0.03377161047006015,0.03808701506242633,0.039220654347877484,0.039518997501113734,0.04735766125948432,0.03447917575706644,0.042668177678188944,0.03888326762328705,0.03814412338280411,0.03812470865838215,0.05168407339615279,0.0378178122136519,0.03627675053480765,0.048325976024817544,0.09548423865230105,0.05748096117589168,0.05362186310200941,0.036942541705561424,0.08129880355296393,0.06583050144679199,0.10010364739463079,0.0656604689174198,0.03395602332144934,0.03277654711763227,0.0332479821388008,0.0372095935515111,0.062278568759760726,0.03567303261827647,0.03698585377129075,0.04178587061933589,0.049946141474896,0.12009821242355792,0.0415819948273389,0.03812985152476078,0.034100622277554386,0.04002880599638152,0.055722589320429186,0.040287201513192636,0.03856536816946363,0.037675626170176515,0.0427530796948649,0.04179308399814385,0.044708109551990186,0.042725949204053745,0.04084760486942818,0.05341452934599282,0.2071710787302551,0.07384077486544213,0.19556299227396245,0.09255988923063632,0.12198943548360426,0.06696441159357533,0.1215897617215682,0.06739651448948858,0.16212416606840035,0.0668926008159895,0.24216630298056183,0.08538304671164146,0.30123655504698776,0.13305675080325102,0.23529021207509482,0.032856118549863034,0.10735511863508432,0.1790217819026348,0.15307983918283505,0.12880167288901007,0.1433836519718406,0.1602665845724322,0.18614083469013654,0.20321402346041642,0.199274385698951
0.040284170660925794,0.06110280486425927,0.04435737982759659,0.04209267029132488,0.04951846329535277,0.05302607629521968,0.04006478385410388,0.035758720330711743,0.03566224123982856,0.03941202726432902,0.03576672138733872,0.04700876307656157,0.04898977161782358,0.038279273461678934,0.030864687472008087,0.04787184291523153,0.06312122857857935,0.0532636709219651,0.034172580074822795,0.060461866745946335,0.07334573885451337,0.03300230390003342,0.032985880226651346,0.06261042713474663,0.08614392567282045,0.08300844394030885,0.0979129381005426,0.09763920771678725,0.03063513638417395,0.0311518080227683,0.042297172171880865,0.03717230540279991,0.07786776952929289,0.06061431725130384,0.03354987491840763,0.0385183756298092,0.06213173048315447,0.09462236612638553,0.036716015810102504,0.03671384853931991,0.04719420101759965,0.040754032159212396,0.04072223472361748,0.045694461343471715,0.032197377704948585,0.03669474045398588,0.04106335125452939,0.045612349745928836,0.0440365406280525,0.037738747274931865,0.04182687762436219,0.0461517751084162,0.043652342253125254,0.04793602193175951,0.04419924234576966,0.042321441737320116,0.04056106508083901,0.04367252548996106,0.042013537645902294,0.07878676200353935,0.06417770836850192,0.04545738833079839,0.03478921435063079,0.08166315987791509,0.07764816762695992,0.08710496962672254,0.04961925285319152,0.041562489917017456,0.03753825553909953,0.03747732032639567,0.03595860468688872,0.037314571142081004,0.03649202036124176,0.035312009590831125,0.03854381512133216,0.05142832022378381,0.10875704166412233,0.040872190698051855,0.0615219224315663,0.036127157497228876,0.08778723403286456,0.04555487998832243,0.05131026553177775,0.044761920713473916,0.03831441151090277,0.04340249424624,0.05293292077536613,0.04002740276571995,0.03470223513008988,0.058611598562405325,0.12158562154491154,0.08391323637274534,0.14485170965740912,0.09405107468494994,0.18582203051981688,0.08656838855133006,0.15270955005882447,0.0818053797756392,0.1557090912406311,0.09113032571537708,0.16103679997105189,0.09893215736134264,0.2065862976152514,0.13305675080325102,0.28255696116371687,0.17907434839163694,0.05873903214763934,0.07036262834249563,0.17287379496399546,0.15133959998078178,0.1456557758230086,0.15060583094313076,0.16198371835595698,0.19477282343361352,0.20736235002350767,0.19883255046459725
0.04279932866482121,0.052341909293752584,0.04459584071434741,0.039166529427518026,0.04621798763230735,0.05151756277189343,0.038899580599411746,0.03644544170157743,0.03456857338774104,0.037984984060815644,0.04294782482547477,0.040655674973553345,0.04442052667350917,0.04177068426641159,0.033458081337175316,0.045286814234555064,0.06467221991283473,0.04533629271445898,0.03129307973392806,0.04134088225371482,0.08881479457748429,0.03870767923841156,0.033814275688412526,0.04612295753935857,0.06238008304532494,0.0655329808663487,0.066966086179263,0.05309753328874866,0.031144941722516563,0.030719486930252525,0.037273326600679654,0.03251088103921,0.047993206222892444,0.05148764687470486,0.035776633848874334,0.03806649055209052,0.07992104238941306,0.10204261890047417,0.03409729479808545,0.040579585988161485,0.062068013283006186,0.04175634136843015,0.037324914526980835,0.04825781227607401,0.03753620596879628,0.034613175232793086,0.03777495174639492,0.03866128029193579,0.04056988290582744,0.04233640625199603,0.03795460369282444,0.04669001971793868,0.03933900286535001,0.03805443358942412,0.03986094842265081,0.049364309329427744,0.037289979230418636,0.038317214728159854,0.04323013819462049,0.09851407930869135,0.058130934764204195,0.04698159414671925,0.038253899120491694,0.07879682348279485,0.07159085081046902,0.09182326987397055,0.0619320110921233,0.03534752485622845,0.03256318301048776,0.03380733622674192,0.03879121077908926,0.05134522669504235,0.03485454450236736,0.03832662700512361,0.038430096042489904,0.05688152528019168,0.12824560796272502,0.03847220349541236,0.04106669985268885,0.03493326257306219,0.05018789067490728,0.04751843952309358,0.04024404745124327,0.04029789440326721,0.03291735404340414,0.04044221965018974,0.04009857922843023,0.04014232471063815,0.04338237471248052,0.046554732216228426,0.07012515558361326,0.1554048614635905,0.09328233501294303,0.14823536279382207,0.12769399365628975,0.12023843543027496,0.0916522437269443,0.11227298480805963,0.09271012632894252,0.13332640350412345,0.09236836598106779,0.18026645255039364,0.11880875219198528,0.23529021207509482,0.17907434839163694,0.2914510766585678,0.04152296603165882,0.10462634943380714,0.2130171784168911,0.1704764206131459,0.13851388619982638,0.14844149531836479,0.16684247983346928,0.2106425511531992,0.24796171251303445,0.24908105184093118
0.04829959619719859,0.08151375280433103,0.041293963762082594,0.0378999280158714,0.03853553186340422,0.03852295016463658,0.04089361780661761,0.04533344796000402,0.05028007093317824,0.04203531937859889,0.039334423413335054,0.03735435438915105,0.03681768019424486,0.04723527979713389,0.058622651128215165,0.04935187713746346,0.04519068545802575,0.05580434984090735,0.06817349079266402,0.06617680955580912,0.06363987278520905,0.05248054566892052,0.03317183078627818,0.03592965254923164,0.04743372552111082,0.08027177752917625,0.04673034635049292,0.03944360904024882,0.08295410704604977,0.07310281730494764,0.06076478436127828,0.1059175591420928,0.04951141014300049,0.04637405192434539,0.14307416185214933,0.04099055115155506,0.048897406818919895,0.09902290572128022,0.04640401791661933,0.05091873401656696,0.08516673383142112,0.04443159799016582,0.04321777416233967,0.04587272903012497,0.037888589326907515,0.04412909864002172,0.04345361201055546,0.04068201362389577,0.037805569056369864,0.038689603724750554,0.04094011951654686,0.03777131817732904,0.041961288629756274,0.03818135414286361,0.03908901233197887,0.03766821941635824,0.03500439820110764,0.03877567877510229,0.03415345128576355,0.055018021688578334,0.039814662912541834,0.029604124952382377,0.040902642742926196,0.034551708728720855,0.0498571237335662,0.03455043816647137,0.05517086015897742,0.0316948310364638,0.03408613856517945,0.032182629017036835,0.04019485022208087,0.04305260051779877,0.04250086644331193,0.06260979326364272,0.038452470172846545,0.044151636546330794,0.05565115015926986,0.02981560352862861,0.05479743147613576,0.05322858486744822,0.052563563903830754,0.07088738535652786,0.04136657671808047,0.053895823755402424,0.0423019266608432,0.03252496504874618,0.04032053613341625,0.03119098668429306,0.08182954077615327,0.036085101268034936,0.03961363546663295,0.03298862165166084,0.04051563412643482,0.03846188074362811,0.07109441165113342,0.04392783960040967,0.05938625689234468,0.04340026239551735,0.04373987746833087,0.04062006731098449,0.04118184642179046,0.03188270555859697,0.047704398023190306,0.032856118549863034,0.05873903214763934,0.04152296603165882,0.298293683704255,0.046991908459018364,0.041647562974406915,0.0398286008147795,0.04027017065653621,0.036822667271554976,0.03515277490822902,0.03820901058811023,0.04217566042007155,0.04495188498355747
0.03879226233544179,0.044842771841931556,0.036402206619262106,0.03853191746228417,0.04131242571817649,0.04396481513486547,0.037886237517368346,0.03455415030373525,0.031891586490079726,0.03881818032420477,0.03596021039359492,0.04376750285807829,0.04881718069446402,0.03491003075975148,0.0346469073103767,0.03447691050407974,0.04679985050436698,0.03277889684020968,0.031350092909924784,0.033933472911781754,0.04808689064859396,0.05098572327246355,0.03511485409558522,0.0393191043774183,0.03865085024238682,0.04276948027384339,0.040132395850864824,0.040394777412968444,0.03474462901090258,0.033064643996373946,0.03490153851250327,0.04954106666275192,0.037193154001491285,0.05144253313095928,0.053678215283973124,0.0328087034594369,0.05974428894000731,0.04237990365115824,0.034105427906659685,0.033307915939238604,0.043929217161839965,0.03857207777353345,0.03738146991714504,0.04074807975027895,0.04673966238261369,0.03829215361143676,0.038451913657848655,0.04057653726763906,0.040089627077934495,0.033166513343610024,0.047359761106589765,0.05156684416786259,0.03690681220540939,0.04640117527408272,0.03638496602019961,0.04568355777337965,0.03728965088337868,0.03778595921543924,0.03975772247367139,0.04685775877036223,0.03882341871964711,0.03540752856627587,0.03775014128192589,0.0459493605122505,0.03713603401965216,0.07382965571755065,0.17627959244736524,0.06473487627032928,0.06030994928281459,0.06135710451417568,0.119849226883534,0.034874182143529595,0.06226856840567503,0.12630201519426543,0.033181089903659144,0.05704402218063358,0.0553505362095635,0.03648929216986725,0.050988036422525716,0.1076654643138109,0.0409663153080172,0.04588068817540683,0.03970743994804139,0.03523333609678954,0.03645780200898906,0.03545565005624075,0.03894161663845615,0.03650460531874051,0.03523990254972785,0.0653068035877569,0.04408762573926238,0.11050955199403012,0.052258130542564105,0.12126828808428186,0.06307355446160909,0.22546667933746442,0.04543797527494538,0.20247767034828013,0.04650773252421602,0.15523401974287776,0.05074359208282635,0.10191189069269502,0.055885376833426106,0.10735511863508432,0.07036262834249563,0.10462634943380714,0.046991908459018364,0.2703082862406719,0.13445822165560234,0.1300659780863693,0.08069402243785856,0.07761773236719424,0.07361419543915446,0.07636976162429848,0.09375030206587767,0.10982987647471164
0.0420237048879961,0.07580011029261453,0.042866525078670406,0.04218354747326929,0.04623162394433522,0.04536310759516686,0.043743149624773256,0.037803949678044235,0.034361663563316505,0.04237354417609876,0.03903805104909441,0.05537148061928607,0.058743458916688016,0.04469056947662897,0.03281552951293741,0.0464870329448637,0.062199551388281094,0.04660442745465204,0.032095563723587864,0.04350033603351505,0.08540961228388061,0.03613165445348063,0.03503082813353915,0.054700345794158126,0.06836976149585104,0.06710717173602751,0.07677146404287533,0.0711628822563602,0.031775122368161504,0.029843322023718928,0.03977221464032672,0.03770260860807467,0.06768438256423451,0.052939114791586556,0.03467230198978227,0.038477116995510804,0.0930009763510746,0.10016956579098224,0.035837383884458285,0.03889183529086461,0.06396611000232377,0.04071973965728529,0.04052965324621273,0.042887443178628734,0.042708705338722966,0.049573149234777805,0.04722020453551263,0.046281739776665734,0.04264623881438442,0.03631261601358038,0.05578444242143264,0.06846068648795994,0.049207898974451394,0.04495163340267151,0.049964117358005364,0.06450245528443321,0.04666268227432144,0.042543761848535186,0.049672217978628294,0.1072369676084781,0.058944555488001774,0.04623968745140194,0.03416646398953818,0.08255466136198436,0.07070829501165668,0.10416948350577776,0.08844353025572152,0.04931658250752783,0.03995160966191893,0.038276516282634544,0.05276128983452931,0.04265363751442415,0.04351961038122564,0.05508992895467883,0.03939046923783948,0.0846634769953324,0.14096281104330255,0.03939837531654916,0.052764056204042745,0.048991929193840586,0.07780191794642205,0.03798423041371304,0.05832542692645852,0.05291825288456205,0.04119655953775911,0.040957695052750556,0.05405010524981482,0.03782189903919391,0.039621552048475825,0.0721522595032355,0.07911527221957582,0.13452119564911041,0.09600359655672319,0.13691394712651178,0.1616458488321525,0.16247964251928915,0.11946194601385063,0.14792934828971682,0.10755000070744056,0.14876954441827947,0.1001468221872002,0.14232747306387034,0.12359235822810334,0.1790217819026348,0.17287379496399546,0.2130171784168911,0.041647562974406915,0.13445822165560234,0.2906194944003778,0.23300039533922595,0.16621653937284867,0.15534590634733564,0.15107887637683948,0.174677904000891,0.21407515270663313,0.2500572526334883
0.038972438438587526,0.07846029244829628,0.03730692514432454,0.04084604564884306,0.04000205042726421,0.038427468363702685,0.046382275802580336,0.03963129630407587,0.03723198911253299,0.04744828069718829,0.04220008943758316,0.06039192107840302,0.06120856757035198,0.036390846984542854,0.034783103169289516,0.038903082645859524,0.04744512540170852,0.03735333113407891,0.034413253467896476,0.03761678555421499,0.06278260906871641,0.037788765451876635,0.04341743120374246,0.06959001167749443,0.08641650705397666,0.06824576174151267,0.09829245404270667,0.08928682442243296,0.03486198774868203,0.03238751723292323,0.04500392041279298,0.04101373940805962,0.06904130258584312,0.04502493009094648,0.03525585581855807,0.0458919474301534,0.0729344866639142,0.08528257671394435,0.04303018525948256,0.03826152975964449,0.06226651664285768,0.03943356840254034,0.04315601117734126,0.042369491944462004,0.03633856106504353,0.060170919893441824,0.05979389807648249,0.0595547420642787,0.05083739045536223,0.03898001768077955,0.06373950745533818,0.0717791743210153,0.0642339738974233,0.057466217261423716,0.06575091445900758,0.07228501213711086,0.06094905033797712,0.054439594033730734,0.06480061912164178,0.10266365380109821,0.07332704950055437,0.05860113814765225,0.033795849004825115,0.10877413152360771,0.0826149864675742,0.1384465584584436,0.09910495159094684,0.059820644621659466,0.04693899968370448,0.044012540312178355,0.057472386140448514,0.03563065269992326,0.0432332544457989,0.05564944505469388,0.044683285552132926,0.09163915487020932,0.14801498706030497,0.04028914085030558,0.06740072254213697,0.05543012350361759,0.08542826127982361,0.0373685772628127,0.06965222846311026,0.06940072060155131,0.05078942257678304,0.045695076485076314,0.06795532618597297,0.03905077320623639,0.03406584145144541,0.09877544945895685,0.08904269685905071,0.12295215665120929,0.10184559942742716,0.13694364039649604,0.1630303394531467,0.16469803681982498,0.13383270735650982,0.15953151789058995,0.12034023179073869,0.15976352286185008,0.10124248339503532,0.12694342713069248,0.11981950201141789,0.15307983918283505,0.15133959998078178,0.1704764206131459,0.0398286008147795,0.1300659780863693,0.23300039533922595,0.28780077446135366,0.2078210822544821,0.1802116464633672,0.1579082590155126,0.1615899634902926,0.18467487008474687,0.2049977051084636
0.04169114311363194,0.06550031919548499,0.0376176783827772,0.04223413801873088,0.038992904864799435,0.03827281645312279,0.054457492463676094,0.04564026947151939,0.04287430584050651,0.051657943831753955,0.04931614413434905,0.0579582453162068,0.05830485015802166,0.03954155632011566,0.04395235932550271,0.03930156022100896,0.04126595909729425,0.03717717318894585,0.038240072640162645,0.037658396368755,0.05570512115047635,0.05449659166663563,0.0709905175324406,0.10103930038896818,0.13838535749562902,0.0905486843095148,0.153280341637277,0.11549177734706689,0.04334185581075059,0.039102570018190286,0.05762120639489644,0.04133299310126168,0.06526177175381159,0.0400127458389611,0.035313004996676264,0.05555740592920275,0.054795739933315976,0.08318759943770149,0.05634163973668592,0.04247809445993271,0.05708912269735017,0.04244229669379426,0.045527869731938175,0.043457104530466,0.033567874079917966,0.0536318570962688,0.06445283468746807,0.07236238038956264,0.06406488551845951,0.04634192152828319,0.05655499641651232,0.06325010835663983,0.07242615931407323,0.06639446009848224,0.07744898220641558,0.07615824973500522,0.07672778216177964,0.06541425484853311,0.08560444846867465,0.11066013640054645,0.11098729820129982,0.08521879324429377,0.0430970279360811,0.16933074881206522,0.12054652691486278,0.1855024998607302,0.06737176693207023,0.05510779561421156,0.04107328386719265,0.03775766935801003,0.03578165693647162,0.0344299875065678,0.036421303315002415,0.03330478064896261,0.057240535121878613,0.08066374233402979,0.1705645505513057,0.055382001568488146,0.08217537614787296,0.03815788583474092,0.08568200160034034,0.03985171103459946,0.07692584537403901,0.08193277393392276,0.06696686784689035,0.064497876369663,0.08701079924399316,0.058539036823217525,0.04158599390823575,0.1071444367499565,0.11503831628371353,0.10230829566135792,0.12035378508908134,0.12159816685360895,0.1614192035123214,0.10839724539667073,0.16127847282731547,0.11375065887114974,0.15250665786641893,0.13125501876171144,0.11160321354881292,0.11117728812014932,0.12565482591414343,0.12880167288901007,0.1456557758230086,0.13851388619982638,0.04027017065653621,0.08069402243785856,0.16621653937284867,0.2078210822544821,0.2938421636993309,0.23096679080430538,0.18234768857529915,0.16595477701307987,0.16642954491929207,0.16244046351037633
0.0376653751423473,0.04633307001602417,0.037652655524907944,0.03867249010234357,0.043076729175177575,0.03869082587641858,0.049734794851331726,0.041371327237000044,0.04113011834375672,0.04698882897044806,0.040831483066815576,0.05210376983428454,0.054980606265886675,0.0397901078101838,0.04279975993847021,0.0382815919867005,0.042539100674842956,0.037149361834097366,0.04019823818389316,0.03670990651478666,0.053088618781437245,0.04532002941316034,0.06244466175496151,0.1038027335624494,0.13424921753412078,0.08508856689815414,0.14190241031709744,0.10661974236178592,0.04759966980713619,0.04440975454443373,0.04380252898714085,0.05217827098725543,0.057780589904593435,0.04378691218518013,0.034925128336508904,0.04052759241041047,0.05212283186834554,0.07231036792805723,0.04743468279224839,0.03700326903757499,0.04573335783778659,0.03900172223777616,0.03808541706091151,0.039996624665439864,0.03120371981500499,0.039564620210557226,0.04634357186371686,0.0551349398437248,0.05032425628859871,0.03963161815684481,0.04274694223560106,0.04982727796542176,0.051201830002053375,0.052274204212761466,0.05497934682126916,0.059933490611631446,0.056101902312097156,0.05095609300947285,0.06604013707753292,0.10085518379267627,0.11586709819840768,0.08405098525119631,0.0389115971993836,0.1709709591673244,0.12563450596244827,0.17789527821059986,0.05906490837256054,0.0416994458435302,0.03306308417084095,0.030787566878830733,0.03293363161533393,0.03304662657076604,0.03564311089158631,0.03177928444700198,0.04318773162061959,0.06024249296247089,0.14979710760104065,0.04701840223304127,0.08204803227755147,0.03422751627377307,0.06946498806624757,0.039033157829903145,0.059938619132250376,0.05577712484019587,0.05340422423021568,0.05123454282948403,0.07063721210346294,0.048556243468655724,0.04190556640692007,0.08055784932287702,0.12471011398413281,0.10690384268211817,0.14509683138465734,0.13288434884244354,0.1369831532369424,0.10167924997984364,0.13540229010496435,0.10751768583878601,0.1532116707155321,0.13309891839317942,0.1272271876817262,0.12021769443853746,0.13417011397244855,0.1433836519718406,0.15060583094313076,0.14844149531836479,0.036822667271554976,0.07761773236719424,0.15534590634733564,0.1802116464633672,0.23096679080430538,0.29137851120585506,0.2400898290376509,0.1977157105624363,0.17927269469085041,0.16326842403784708
0.03882065007942895,0.041908665780687956,0.04026416587798738,0.03948173752622017,0.04544024375895256,0.04361258817233443,0.04234139456366798,0.03689428188490267,0.03640942907045915,0.039923500090178324,0.03498032478723445,0.045594182187834856,0.049119449629232356,0.03698769635842332,0.03553866022974102,0.03773357829767682,0.04688204249066896,0.035845674218086036,0.03583523194047884,0.03411408155621115,0.05886033439618081,0.035745494175975126,0.046730925833070536,0.08809258177787047,0.11359851805534751,0.08119832581121353,0.11730562901144272,0.08738503579053716,0.04052809377458244,0.03901544618915141,0.03707985647026814,0.05064902071830264,0.05183510873904108,0.048318384773315556,0.035577768778564056,0.03530469755277073,0.05324551864247309,0.07377880056754099,0.03715397891002612,0.0357556797907585,0.04109115609497752,0.035692908168711894,0.035785331663007264,0.036878047392190944,0.031342758598131557,0.03435179038312938,0.03927152483922676,0.04568308693746523,0.04387931986382038,0.0361711888945765,0.03734277348312218,0.044183556654539484,0.04146232746426004,0.04319977348916895,0.04314022126171682,0.046708141410061396,0.04136388041394004,0.04132555007161827,0.048322619968730676,0.09366403221882273,0.10249430144980387,0.06897941908579566,0.03338943908610545,0.13739723646589627,0.11712356476671437,0.13644683709656652,0.04882523065548522,0.03498715649362119,0.03089930574318355,0.030339890832416436,0.032780467343351424,0.03365286822980419,0.035686479460928594,0.033187270412554856,0.03747998723273824,0.05050191559325924,0.1329146781538431,0.04111088883066176,0.06661253262044384,0.033195677918978386,0.059108012954263864,0.04114037044554353,0.04703768745128346,0.04368092394360969,0.040696786692876075,0.04364192439904917,0.05213586829716839,0.04143736538438339,0.035886783289744775,0.060138741972545914,0.11783785996642393,0.10676176636342996,0.15479129190484178,0.13150978420557208,0.1244283660120198,0.09481680305759765,0.11656727247357751,0.09498068643172172,0.13977122333164843,0.11949589603542296,0.1312813034453923,0.12523032618834923,0.14148222615650335,0.1602665845724322,0.16198371835595698,0.16684247983346928,0.03515277490822902,0.07361419543915446,0.15107887637683948,0.1579082590155126,0.18234768857529915,0.2400898290376509,0.28921172380135846,0.2388292984543508,0.19906901193759102,0.17316156423196105
0.0401287885786623,0.04612535277914945,0.04285897078794616,0.04198919301690987,0.047342702797431774,0.04936714203331535,0.04000378411359154,0.03584814221971076,0.03455206072652893,0.03816766829289556,0.03519532141012252,0.04417244926712385,0.0476466848277644,0.03603042353220812,0.03266276006106947,0.04090866697308654,0.05917750655757743,0.039711661465485645,0.03240003849947021,0.038094640934849856,0.07747952397991867,0.035197824473541,0.03784127601241752,0.06764525112831982,0.0933679566014409,0.08450936954685773,0.09760092136990015,0.07342378797429941,0.03234673862336333,0.03423295317068587,0.03696642129173059,0.043738535584035725,0.052625368888874424,0.05207758335516481,0.03397996020868975,0.03745617697594243,0.06428529149113887,0.09504543773948179,0.034035564682447644,0.0379286388350973,0.04815457796283784,0.038844223086588074,0.038220702547571615,0.04260300941080784,0.032042327671748624,0.034636483748131594,0.03798852938459073,0.041084823218784,0.042599340380642677,0.03889564883150106,0.037071553168280265,0.04482229024479429,0.040229693016657304,0.03988940619489273,0.04078712404367002,0.04599459409349,0.038382677414748684,0.03927257980946364,0.04428280876197202,0.10020164818085886,0.0830346212775639,0.05601224996666587,0.03693794712228217,0.10716404846880961,0.10101001406719748,0.10794840312211074,0.04779016941015961,0.034273153961183855,0.03173491440891793,0.03291631832247646,0.03226978832689379,0.042296765723943267,0.03529511758308655,0.03227994280409735,0.038362749233246805,0.050458722941336416,0.13686819875462058,0.03998702390370386,0.05432665064380304,0.03373794267497644,0.05694588782238501,0.04758249479095763,0.04369623681868691,0.04158776954913779,0.03535104295677345,0.04089122404795825,0.04496269360565232,0.03885003628006943,0.033109547284657335,0.050779945014920905,0.10536914675506646,0.11801692116280046,0.1406754184106006,0.1321703211608527,0.13709439454035388,0.09642765585493895,0.1160713071758688,0.09267952980615715,0.1316886184868954,0.11617208409327942,0.13011387798614973,0.1410722402918696,0.15118703888143786,0.18614083469013654,0.19477282343361352,0.2106425511531992,0.03820901058811023,0.07636976162429848,0.174677904000891,0.1615899634902926,0.16595477701307987,0.1977157105624363,0.2388292984543508,0.28987295565396587,0.2462372513814421,0.21002462315705106
0.040742042489373256,0.05521111000499871,0.04386953766707122,0.04000204931960516,0.04638164864223165,0.049709032792983485,0.041104004496017935,0.03550034440776989,0.035712183731629064,0.03987142171135159,0.0369719885356067,0.04631951845647829,0.051286244544096304,0.03953996293305517,0.03308824646261056,0.04455997758478518,0.061587951869476895,0.04574917564112048,0.031322770260476515,0.04277771583701148,0.08247238204280752,0.03375625340975786,0.034131735625353835,0.05906434682356717,0.0798006565248362,0.07517653246310554,0.08564286231548213,0.07157669475745934,0.03161230654792326,0.032824763441118884,0.03637723210281479,0.03966727831302951,0.05605232537847048,0.053573916497972066,0.033329494605019536,0.03558122583845733,0.07536814743172995,0.10086269318511168,0.03466833056369452,0.038315452755969204,0.05597168951324695,0.0388906211340227,0.03701242614640275,0.04405434809422497,0.034276462918085226,0.03636792385483645,0.03711589605964902,0.039972616993671536,0.04044966106000257,0.0384400607086573,0.04109784634763563,0.04984334583733405,0.04071763909972455,0.041244568611179394,0.04263529208892125,0.05147329409305973,0.03981457104317329,0.039947075320587284,0.04673330377977525,0.10319107724826873,0.06955193537909113,0.05120715018184997,0.036546854650829144,0.09470793034467331,0.086598175319958,0.10614781691150607,0.05800044530039755,0.036924328872234555,0.03271371036083673,0.03335615187466053,0.03579230019046391,0.04614831827938121,0.03532838318967553,0.03492743364570722,0.037884109100236485,0.058601311463579345,0.14037331274769815,0.03785487129523428,0.053355809931755836,0.03442938039165422,0.06274991639870575,0.04636158199754746,0.04590171993827381,0.04219475813190396,0.0370366127626106,0.03860989642456471,0.046715073237136626,0.03759348717481199,0.037003875405351924,0.054231606856634085,0.09499840166741777,0.133596357021592,0.12257391384368635,0.1402572000422275,0.15163485156731948,0.11412662479097443,0.11728829314025677,0.1074815860187654,0.12467299770799284,0.12916441231531495,0.12142886797782274,0.15466723498299167,0.14831022545132877,0.20321402346041642,0.20736235002350767,0.24796171251303445,0.04217566042007155,0.09375030206587767,0.21407515270663313,0.18467487008474687,0.16642954491929207,0.17927269469085041,0.19906901193759102,0.2462372513814421,0.28756270104775455,0.2595069160449128
0.04183721898894907,0.06362593997918647,0.04434609562188564,0.03885636033014181,0.04604079347426401,0.04864648216406816,0.04102248174450099,0.03511746218796247,0.034065311380966294,0.03980922272968746,0.03791779946070811,0.04889504985106915,0.05138650180948638,0.04261323414822962,0.032662347116260954,0.04630684654573436,0.06402208253490221,0.04725212268043546,0.03212319203092148,0.04340036277503772,0.08697455520010705,0.03496679182819713,0.032207157614986145,0.053900885059143436,0.07165034489957922,0.07250612904347081,0.07845163905092123,0.06867967848731824,0.030595130302677947,0.030998457072737184,0.0375132674359161,0.03742245108501595,0.06286771259444804,0.054014961133193824,0.034859012553806815,0.0352603054649661,0.08342030926498437,0.10356556809315753,0.033634234144678116,0.03817517922591786,0.05940653558083907,0.03871263184394594,0.03698078161082611,0.044468942924682966,0.034582915089393776,0.04058945793774313,0.040554530340300654,0.04164514049342033,0.039715106851149,0.036751505332413587,0.04457522728910353,0.0545612661618142,0.0425417843844236,0.041963831868702284,0.04394198330764541,0.05522992170096611,0.04095195520067042,0.04092694374010673,0.045955946288289834,0.1044233299605612,0.06201308795482509,0.04739382563631847,0.033399827010852076,0.08557143139589155,0.075606786685782,0.10144097715535924,0.0695824849614114,0.04067625878698346,0.03438636163399522,0.03434429609321664,0.042259672707158344,0.04547043051264038,0.03634078342442679,0.04065836521685459,0.03604463547105635,0.06740849435965957,0.13964515739599298,0.03629451515274024,0.05127460741192902,0.03789870718777144,0.06930472737428683,0.04314341895157911,0.05011963067256943,0.045236857512410314,0.03628727110126459,0.0373836602579422,0.04747985651651733,0.03500474037619189,0.03805051334446144,0.05871924719017764,0.08481239256386994,0.13749622330897107,0.10740591468080286,0.14218724944653893,0.15940424542705645,0.1318499004208316,0.11798192541750488,0.12347097752309072,0.11432563824167498,0.1380275769018361,0.1110096762555178,0.15445006012512086,0.13781047384754208,0.199274385698951,0.19883255046459725,0.24908105184093118,0.04495188498355747,0.10982987647471164,0.2500572526334883,0.2049977051084636,0.16244046351037633,0.16326842403784708,0.17316156423196105,0.21002462315705106,0.2595069160449128,0.287785180886228
