0,1,2,3,4,5,6,7,8,9,10,11,12,13,14,15,16,17,18,19,20,21,22,23,24,25,26,27,28,29,30,31,32,33,34,35,36,37,38,39,40,41,42,43,44,45,46,47,48,49,50,51,52,53,54,55,56,57,58,59,60,61,62,63,64,65,66,67,68,69,70,71,72,73,74,75,76,77,78,79,80,81,82,83,84,85,86,87,88,89,90,91,92,93,94,95,96,97,98,99,100,101,102,103,104,105,106,107,108,109,110,111,112,113,114,115
0.2931733324280976,0.1735085454989586,0.14474117306239417,0.1336538151448715,0.12428635555257128,0.03634379602762931,0.07186266333525271,0.04690802526436317,0.04134202273730981,0.03354384159845328,0.10443761774410287,0.04585069685493484,0.04033471831102703,0.041318159050083424,0.0347067824155554,0.037413695523681456,0.036184748670973446,0.03592135314762131,0.03365817678203151,0.03579366733211131,0.037635045783163804,0.03612758816536471,0.02913710750230078,0.03000624355893204,0.03544958883178535,0.0375249460136414,0.0379806137656606,0.031976609722307966,0.034189640410538256,0.034177438347091776,0.03390793075117042,0.034865210309935654,0.04287161593746191,0.09222373081546631,0.06442415146319669,0.12223510886622316,0.039660881032375944,0.037833141832141176,0.0345895896917607,0.10382596198073196,0.06120943312979533,0.04841627919073681,0.09385447342480052,0.05266705513794287,0.04924624547869286,0.06005587395490908,0.04494634752728439,0.03700728128368376,0.04701754680077705,0.10265875806792468,0.05356072160621764,0.0428108830218974,0.037867787062595575,0.03480552742552216,0.034237350625763247,0.03467895575690797,0.03824922510626615,0.041635554391767055,0.05070473974030046,0.03443290673152962,0.037146608846448895,0.048007716073808326,0.03583446769442061,0.0376851312438725,0.036960098757308865,0.03690951153983987,0.02775197624372682,0.036510720713724604,0.042560016681938664,0.037945254025917474,0.033592764366464065,0.029844274475260252,0.0554345357385811,0.03538834449574341,0.09374115353122259,0.04696561008878764,0.038438087743018184,0.03082798904372096,0.033393304496940265,0.04329147797547521,0.053616528130286854,0.035678436133259925,0.06854599125332131,0.0398177700421031,0.03508597671778947,0.03399039242469583,0.03737254007786294,0.03654042991307589,0.04321916608351333,0.034289111828389965,0.030480682274395744,0.03359503608625271,0.03275951964538883,0.029645349500016308,0.050332408066994405,0.03260635108920926,0.043274487193336944,0.030389922918339366,0.036428011139128025,0.028772418899961728,0.026972937220130933,0.030475588022452406,0.027324745923527766,0.028859911629232498,0.03701560514402205,0.033265828695144405,0.030994369139283023,0.027516952374972935,0.04273299460136713,0.05176644360140954,0.04598962349598499,0.040363520122204385,0.037346965768807014,0.03743973353042558,0.03722542688362365,0.03686626291077877
0.1735085454989586,0.29558663926943485,0.09024868618464013,0.09037613355186405,0.12132361887948889,0.05747855909402439,0.11401066234864063,0.09701223598470252,0.03999882948331551,0.06610684337904209,0.12035394234453343,0.07501760105856084,0.057989690631936326,0.037575334854053746,0.03654210793620069,0.040291915620999624,0.035707094911912124,0.041949548696554886,0.03901474083394342,0.0419702105151962,0.03776010057185429,0.043505233892920006,0.03812746962907693,0.03320874492891004,0.050528286931540725,0.04727492803457621,0.05621481377936079,0.03362999150353288,0.036036335761317984,0.03451252093093926,0.03683064366330041,0.03412182569681141,0.07940338708612496,0.11905009272244488,0.07855335377250579,0.14957104998104764,0.05539233336802843,0.04174736834553007,0.04361349153700436,0.07509297389465858,0.06553631900172838,0.04146639454005033,0.07170270817883517,0.048743855888885024,0.05492968743730723,0.0799708582500005,0.0526636594726073,0.03975949393663031,0.040803318929814536,0.10748397189988779,0.08595840070194713,0.06039316816180002,0.04385010319191869,0.038426776033622614,0.03954185043926392,0.04239426996370349,0.037806027172524494,0.044361956217650864,0.0522554934966421,0.03542893935450349,0.04082552008811899,0.048632681411504536,0.03945118128807082,0.0402477548338178,0.040465578348351114,0.038887905855761046,0.033706902011984216,0.04017624391307416,0.051399087287162,0.039286839969555266,0.03636997044698112,0.0339584664573547,0.06633612963332522,0.050632300672554226,0.10676566054313069,0.08165867632450141,0.05075319248398824,0.034702291565918905,0.042106646968856076,0.0516376089948498,0.10196760044366249,0.047359829383271615,0.13925902194335293,0.04847663218914215,0.06702184611444631,0.037438013262642886,0.07679412693480858,0.0413984271025338,0.03572256307043653,0.03733964453251812,0.03129448766810057,0.030795926142507177,0.0342547238205383,0.02957578735469437,0.09706846679543579,0.05790085106000743,0.07873161330985382,0.04127525743148423,0.05938314239118166,0.02730130492189745,0.027671873499497273,0.03074072917191734,0.03001537178958321,0.026822547027423572,0.05519977138056208,0.03697797121533905,0.0483980149304116,0.03220534980819313,0.0852940654722229,0.09962914536537437,0.07004220387979168,0.05127446242697116,0.04213824104388647,0.04471009145146196,0.0507454124996578,0.061428534675315255
0.14474117306239417,0.09024868618464013,0.33959146459621703,0.26345682870101306,0.07548042993021617,0.10096939561753229,0.041083848985768875,0.04188411371303231,0.04511985906849124,0.043454354413594735,0.08454439209120126,0.036146468166730714,0.03875437454158272,0.05084870715447206,0.034821063212207,0.038949985150492986,0.05346465082251234,0.036942748051930735,0.03564014055469551,0.0376208839172866,0.05451644523220165,0.035656505138466535,0.03839512183002936,0.040712224008887604,0.04250174932570962,0.039871696489888205,0.05188920226630419,0.03580033785157719,0.03585213666100562,0.03798927307020829,0.038355475595304916,0.033819761962038564,0.0641218073401234,0.09714164214380648,0.09952121017707799,0.10433315595636589,0.04473487429879204,0.06122616696384563,0.03434653498516021,0.09788067839476308,0.052346306630455766,0.0699650857755966,0.15007506371044485,0.042101276171102875,0.04128941467073159,0.05808026189515863,0.05739905695450383,0.05251991104140731,0.06892003191751131,0.1046597787623371,0.03771584492497,0.03521792068442223,0.04231801534033111,0.04286976970774532,0.038184290202489105,0.039168064119212344,0.037063338962492635,0.03745619873457609,0.03744320409999196,0.04489360292637565,0.04163109714862927,0.03634375425370729,0.03796507013138416,0.04176177592471683,0.0433962399187071,0.038440696568626045,0.03377986560383356,0.04176684020895509,0.033660659135774026,0.03779870794128398,0.03713458015042584,0.0457318112513848,0.035685450094715104,0.035467072408229855,0.12388863217109039,0.03835381996546941,0.04795646239301386,0.05639902879538422,0.034858032734579804,0.036531664703136874,0.0680812260643081,0.03824313851903318,0.039395574296451144,0.07036618780025605,0.035210013741424004,0.05697000990138018,0.03240031597417149,0.05563138736435161,0.05864551023297965,0.0604009237633107,0.04421409673526226,0.03534046058361395,0.04548733800858684,0.032918917503109976,0.05288553153551884,0.03264308970032416,0.055736114848328897,0.029521838837976516,0.042405945869532016,0.029106652496022137,0.03524313982044537,0.03172813391152714,0.03789827796435313,0.03330862289349103,0.04111712982637984,0.036996980991684136,0.03749473823697519,0.03479141873641621,0.03791029442026557,0.04544094688388284,0.05420913987468508,0.045646429928276236,0.042834653782176976,0.03620443396548215,0.03746563218078329,0.03766336099015294
0.1336538151448715,0.09037613355186405,0.26345682870101306,0.35074460951510533,0.05433220198601937,0.10534398794420197,0.04336405567626473,0.048490769112961324,0.04348908505530161,0.04756919010046011,0.09871576646906488,0.037694047292756064,0.03773591653334114,0.046506994587302175,0.037919152332212894,0.03973186242490717,0.05171437264799343,0.0389459273749174,0.0352069942631624,0.04037313097303838,0.05176461341756195,0.04020705563049663,0.03882294988437131,0.043038801300298524,0.0439992157923713,0.04506652277066116,0.05081792636961363,0.037454114426780566,0.03761868953316517,0.039873779575385196,0.040040765087287225,0.034792643561876085,0.05702061503332794,0.0723477038652841,0.07873112811335309,0.11676295476377614,0.042921356453397216,0.059221659933406855,0.03810071918278541,0.12276725541127204,0.06575383312537159,0.09162498666126823,0.2045311200140199,0.042836280876701695,0.03834225394636249,0.07860568105152621,0.08244064607880243,0.061370402628362145,0.08521264942502702,0.14254488583785374,0.03877820771863463,0.034412496188440195,0.04982367033074431,0.04582186395274772,0.045428582709912235,0.04083389955342008,0.041106834723881214,0.04058256411090624,0.04011941793550017,0.044346823000435756,0.044610030234098916,0.03702870576702573,0.03678874472513094,0.04344929847291577,0.0421596759399777,0.03935110536283609,0.03556545850746903,0.04558693186908787,0.03716772909096256,0.038014463488381806,0.039436168377084996,0.04315373075895273,0.04562726316220666,0.03956146631847715,0.1569084733481519,0.04038905761528734,0.050844849710869826,0.0565435507913128,0.03827519825339683,0.0414248197702609,0.06531627544425062,0.03686363297923634,0.04022537858747387,0.07698739064894494,0.037453245113675024,0.05343904190638393,0.03511061650122721,0.05073750716265574,0.051650522152703826,0.060329829876647006,0.04489714475915578,0.036470787340152286,0.04588764055301196,0.03344701123735827,0.05527628780392188,0.034450748951920546,0.05383838552571889,0.031059448482745805,0.044708417425549825,0.031553922053011954,0.03806519051650724,0.03276630920096743,0.0402759260501091,0.033645472025445544,0.04337992475159221,0.03816205021161885,0.039504011201546715,0.03354732825373598,0.04390804148268484,0.0546014824743599,0.057572545919862245,0.0470567264012388,0.043024303566949126,0.04046997659538591,0.04111691344501761,0.04176874265110654
0.12428635555257128,0.12132361887948889,0.07548042993021617,0.05433220198601937,0.3414830012906997,0.06014972461279246,0.0961325306592142,0.09210459759793013,0.04466395784742158,0.05322816471811656,0.08144615681615475,0.06521504640418979,0.05934643574445547,0.04173843954707013,0.0409213535626778,0.039314823140572275,0.04088177151476166,0.03509591187683102,0.03763094715545222,0.03462072562301392,0.041206250166950675,0.039151968244965765,0.03598522186410158,0.038408178690638464,0.03380130522400045,0.03863854872891428,0.03646001163711424,0.03271033272348416,0.03819185181098656,0.03786581173411438,0.03811738581455741,0.03998064277874741,0.07156547049157533,0.11960819839347284,0.05499953132926637,0.07979788817123895,0.050980271523514184,0.03858921937965541,0.04269846399916165,0.04411347798302559,0.04670255948852749,0.07567864912827685,0.04504703348868315,0.0787933124570708,0.039723802931939445,0.04239438440449289,0.04463540038450474,0.043027899256896165,0.04298191119854365,0.05485728713666113,0.05198319463621248,0.05174414068738152,0.04466033581108729,0.042460750271471795,0.04015294503739597,0.03890876300458434,0.04393247353629412,0.047750900235710575,0.048044516951388325,0.0385825385015887,0.03689920275920543,0.044921956683382405,0.04408392686300045,0.03818256084468917,0.03797250431397803,0.03892973907162402,0.0313447867531087,0.041863059188517265,0.039553808381174664,0.03690685541340839,0.03529802087803391,0.046195955086470605,0.0375320035708902,0.03116625188894068,0.04739535000334352,0.04287038905694668,0.03983423343668287,0.036750985891695676,0.039922735805844746,0.037955220987277716,0.07024212968718338,0.03389515058122,0.0788218632121489,0.04180309558530035,0.048696277092383014,0.040008635154882066,0.05216959460728872,0.04386866182352693,0.041959350471626154,0.0394168740573663,0.03295834133530162,0.034354157404302144,0.036378815368692,0.029917971883911758,0.040377417840877755,0.032073911384166286,0.03931888400735277,0.029593174314311813,0.03714999933927762,0.032116151435663445,0.03056060692359723,0.031156018928723613,0.030619709594008844,0.030489597210895565,0.039228751961338015,0.03572627178331182,0.03248224416416448,0.02851618172465826,0.03955902549341686,0.038502108119552646,0.04004590403339317,0.036501944301026726,0.03313978377241296,0.030831744018853028,0.034809033550431606,0.037718773715697346
0.03634379602762931,0.05747855909402439,0.10096939561753229,0.10534398794420197,0.06014972461279246,0.3432023336989796,0.06380408970994966,0.1044166374779527,0.0560951967224972,0.10845154610612937,0.042588200753974265,0.07138586594660283,0.07137113007092472,0.05072454652139942,0.038969873254016255,0.038482554383248616,0.06134806690021746,0.038477212125810165,0.04103923919745381,0.038486465020990665,0.05879339590249706,0.038173286550170216,0.036368705934191115,0.03627020727049737,0.03563238954262113,0.03315841307476296,0.0328134402278773,0.03178864148629868,0.03605884485233854,0.0426913298619329,0.042789440283716576,0.033618396583079066,0.04447493287749985,0.046482082844699936,0.03591408612324841,0.03911675821041133,0.08171604419104644,0.053119805404466515,0.039106825825669794,0.07106032775794668,0.05183454181531009,0.08658278262297099,0.09723908419959887,0.06875294221885292,0.05957593064455409,0.045489913379123684,0.0579021872576217,0.05951586735093854,0.04977227748566933,0.04408552337874022,0.04533942008449098,0.05411824762228107,0.05124898734349206,0.06471732294707097,0.04876818302504886,0.03659441365845399,0.046790516314431194,0.05874244743316597,0.04800405459408866,0.046033224283268476,0.040957871529251635,0.03823978630157936,0.04198026484268392,0.03691714581368691,0.03869106593876845,0.03858384381406772,0.03395569614392707,0.040957018255082085,0.04455562110842477,0.04118639462036472,0.038995235980467016,0.04034775324128772,0.04610748182015612,0.04660643985715952,0.0612431920897465,0.04884083017402149,0.0427217284869229,0.061860777099905034,0.04228179299814691,0.04645409884470458,0.047036010554725075,0.05003344622817288,0.07767033211968447,0.06789650170765921,0.07452903835103356,0.0695463528905895,0.07288350566501477,0.072175221937744,0.06571501360383837,0.04907472967012184,0.034305757584611546,0.03849761073926179,0.035384285528022766,0.03743450638860736,0.03944207119000488,0.044854024962292176,0.032499506853807786,0.034886758887164526,0.03913799418589478,0.0305137757061823,0.029408590070434164,0.03677768678285536,0.03626178122598178,0.03284565816751696,0.05361764597158253,0.042384612837042715,0.04091761537533095,0.031959930029797384,0.048492694612841725,0.0392289389027404,0.03495374047061256,0.03559483593997261,0.036684744256652205,0.03709039558235598,0.04141555955692762,0.04630096709225617
0.07186266333525271,0.11401066234864063,0.041083848985768875,0.04336405567626473,0.0961325306592142,0.06380408970994966,0.3392088944319748,0.2305605155547769,0.08375133665421908,0.14811667098520043,0.16187998636258255,0.18312942932087295,0.10588757415285971,0.04908891042928603,0.05465489801676365,0.03727752152700334,0.03538232483082193,0.03350721043567202,0.04198062807639194,0.03544191113178832,0.038348864068713864,0.05063158228879561,0.04434150013574122,0.03438405372996059,0.04654433544555884,0.04669597983216715,0.051161737856583615,0.031900721902170394,0.047676203396399094,0.04544737950074261,0.042840440807597774,0.0442607471547862,0.08748350436441811,0.057830532487060354,0.05119350570342679,0.1497867359722766,0.07288091185838805,0.045269734317815016,0.08901012005353479,0.03935966683259716,0.04045719006843066,0.048740933799466736,0.038502786006699714,0.10108403690444895,0.08606510718198424,0.07091474105605461,0.03902284513496515,0.03603894187215749,0.037786216050591154,0.08492703422149081,0.16459032131014256,0.11241755745859373,0.048350819881185295,0.03892402058722527,0.04982062148315647,0.04998192996408013,0.040542455910350106,0.04086815601147722,0.042140688330321335,0.04489269795204116,0.040195259905706104,0.04047920202684209,0.03557291919679366,0.04129798691095686,0.04203408379168014,0.03849347243213374,0.039233340399929664,0.04640907642792047,0.05765519947939123,0.043289171306466645,0.040598831341341526,0.04423496201310664,0.06077996619392129,0.05041448004280605,0.07333458730138176,0.12143591855531588,0.049536078409076714,0.03908247548967139,0.06163524707864772,0.060629039579507646,0.09985855840835214,0.052413183442933955,0.2224605933898659,0.04216216671844396,0.12250182968171108,0.04005533078129664,0.11546111958759353,0.04423665164078175,0.041990836169608914,0.041447692126919844,0.03190288439466535,0.03730759156928597,0.031543129376059506,0.03776851554020533,0.06805973061502771,0.047956151600701255,0.06195927385395779,0.04002050645001971,0.0483766821364882,0.030024906544898224,0.03125463267545414,0.03834471518962997,0.031214609158726283,0.029020980116842385,0.04061575083629769,0.0337772997023698,0.03110134060160477,0.0318797491424639,0.0583142547656547,0.07665662755425351,0.05464581671671492,0.04032797696496172,0.03333849014704374,0.03330527611677295,0.03644691169630353,0.04413117449836751
0.04690802526436317,0.09701223598470252,0.04188411371303231,0.048490769112961324,0.09210459759793013,0.1044166374779527,0.2305605155547769,0.3611471831661507,0.100902618039943,0.22560014301281756,0.0918110458124635,0.16665909737310286,0.113233096768282,0.04851017871171935,0.050768004271259624,0.037956345709001485,0.042418736738368795,0.03788161058228977,0.04015614144176559,0.03992097681499747,0.040147174805496025,0.04703176809608921,0.04813260437179481,0.03562123621857882,0.04507107697960082,0.044011457744842095,0.05262299030812369,0.03414593454557038,0.045654225763997455,0.043539055345435215,0.03920259119937161,0.040451187665333566,0.10828892187639827,0.0701615430264286,0.058784470885670556,0.08947899856173909,0.08662083909090318,0.04473650096122865,0.09460830927243682,0.045645846890205906,0.04185656038025483,0.06185637995107271,0.05249718620611435,0.08540945189644245,0.06449126791563475,0.05092753341046385,0.04609397136254395,0.039935448316465075,0.03862668332101707,0.04926386120947905,0.12112342227730269,0.09715940785308422,0.04761214718059006,0.04367190743480766,0.049471436177529755,0.0447788462466699,0.04359479166723482,0.046792281928264554,0.0451444729836948,0.04138157604694546,0.040673235792672346,0.03889173923207079,0.03803447089316971,0.044107113422615155,0.043180429956140354,0.041247814094215435,0.04123811695909786,0.045339308913308105,0.052422406420236003,0.042899890589270476,0.042973702931658364,0.04293016086498877,0.05203433968659894,0.04512803229524009,0.04963041046083376,0.09765916141019282,0.04729319081999417,0.042494680715824386,0.06198728626369526,0.05457292028769088,0.10848242921222508,0.04934560971337325,0.21937172105427877,0.04375884794476909,0.15013695914597763,0.044352498353103564,0.13756751647248777,0.04720888743600384,0.04902730013784681,0.04711522210880775,0.03211278117369311,0.04223651927747289,0.031356299463947815,0.04286861936062521,0.071043497890836,0.04195274789787196,0.06641058497222979,0.03715657047664109,0.04943394127527759,0.03341563852594215,0.02896190910801136,0.04033616432593064,0.02914693558264194,0.03050185948075318,0.0439574215890864,0.03474246645079636,0.03624795278096134,0.03148440842299545,0.05591625293994233,0.06997833171705067,0.05264397141284188,0.04327453682248329,0.036902802270610824,0.033442700642685244,0.03628262593576599,0.043187142413517454
0.04134202273730981,0.03999882948331551,0.04511985906849124,0.04348908505530161,0.04466395784742158,0.0560951967224972,0.08375133665421908,0.100902618039943,0.3227092929519766,0.1449283719915199,0.06113642536030215,0.09697858242138391,0.06759933991675343,0.13569278758866218,0.17915424119374235,0.07829135931889183,0.03456472360286315,0.049788356741992584,0.08043569057451228,0.03898638727620612,0.03713796662426722,0.04499707432891145,0.05099992109336689,0.03456191789938562,0.039166175817865315,0.03729040490930642,0.05198897205411808,0.04529365850035799,0.13361954042419444,0.12533339117813558,0.07705086984298373,0.06103296163518825,0.06354116579269989,0.04100990073915796,0.0373001711510057,0.05210401068113586,0.05435284731262766,0.04214713638619895,0.2208271626682433,0.05017581120690601,0.049484806808025306,0.04763702641702428,0.04559429923816295,0.043211656188695595,0.03872022897681325,0.05366482990169707,0.047636380657102385,0.05231017838340103,0.04669692348437603,0.05585814531932555,0.07897056020667313,0.058270594158095074,0.057411957460165516,0.04793410041342901,0.05970933061018187,0.044795998989814415,0.04837652083102017,0.04400977612496268,0.041510077887233085,0.04375711398632651,0.043580060821392416,0.03576938797548296,0.03918656798380267,0.03842817589654687,0.043497243601480495,0.04131004487775855,0.031392401084154566,0.05230459218678464,0.04339005067986233,0.04061754160720818,0.035137008157541186,0.03744845340387177,0.03885778397738149,0.03309993462183179,0.051700409943566256,0.06684116627447909,0.048863121959686465,0.0467553314875466,0.1326972739774132,0.04157549604614506,0.09602566164805296,0.036153161874620185,0.0821495611708663,0.05667161651114584,0.20102181983410744,0.04611449703187129,0.17182414389946266,0.04551898591248357,0.09334781297280811,0.0665822016418392,0.03317950282721346,0.031811684629237946,0.03272234498101534,0.03303060874485155,0.05707099595923953,0.03490456707141136,0.05180947669865919,0.0354898266512044,0.04122372370678677,0.032977677558355525,0.03314688543156036,0.033923781368091016,0.03034829452368044,0.03487880864056786,0.040076220869726856,0.03456197459413464,0.03273617091740475,0.029803122593435566,0.04821367517276813,0.05704739981896264,0.060874745826156915,0.05108104151157755,0.04349438535678879,0.037911070569785654,0.040763877522223435,0.04562443784372791
0.03354384159845328,0.06610684337904209,0.043454354413594735,0.04756919010046011,0.05322816471811656,0.10845154610612937,0.14811667098520043,0.22560014301281756,0.1449283719915199,0.3394549960203188,0.07231517418850712,0.11478126733406419,0.07495722826360424,0.059010417395603365,0.06216532229796451,0.03648331819216778,0.037403592873651914,0.035590478503636405,0.03644270888389701,0.036515692588749996,0.039693525330694285,0.043438257325652346,0.0470023918562823,0.032319270741393936,0.03768464582607386,0.03549904616084307,0.04985459065209383,0.0327900202766072,0.05030851914736795,0.046228823792934186,0.03658044112859848,0.03862979131871577,0.13476111059479012,0.0617281899372132,0.05659076804029711,0.0686750546543021,0.05862156159116831,0.04535136550594862,0.14169296689690744,0.05397555764729839,0.04889079371776678,0.05816668095090627,0.05218145563950004,0.05261400912288157,0.04043142922918254,0.055239268670462166,0.04247508635692182,0.03685996246705978,0.03608316686618497,0.05249381545829032,0.08890885408806538,0.06616059301458926,0.045510942726590314,0.038265710060747464,0.047573883697944755,0.04180943988197424,0.03708224122528475,0.040014194824159494,0.037171986520396175,0.042321981407655335,0.04001995353195491,0.03607014117348922,0.03982438971161608,0.04196074772649033,0.041344662821924956,0.041487979994105965,0.040402653694257745,0.04679195487582946,0.04775492545242151,0.04547845341223539,0.04397503236893159,0.04097341594814029,0.045289717344066976,0.041144558320359334,0.05382939258426346,0.07246369625825622,0.04949005283586366,0.03857000791262574,0.07907849493117323,0.0490912734120966,0.13630793747150632,0.04050542802697929,0.16038279573330083,0.04445943331147545,0.20021266301335883,0.03904958223044888,0.16736973957212242,0.040191875373536995,0.05412898630974301,0.055023079802171165,0.028005397224361166,0.038355753078455554,0.029432310349323195,0.037036107858082035,0.07533290448450528,0.042790871754800244,0.07089606023955311,0.03864158098604442,0.053430092857478156,0.03444537072862745,0.02996133262092431,0.03609767760151268,0.03169080137610569,0.03281220820819143,0.045423666995401665,0.03736279341631443,0.038552758733657405,0.03458908465488993,0.05617325612437621,0.06985043643525196,0.0552836580157514,0.043802727495098934,0.03802828056524811,0.03755972018244292,0.04158238713135219,0.048068859548344674
0.10443761774410287,0.12035394234453343,0.08454439209120126,0.09871576646906488,0.08144615681615475,0.042588200753974265,0.16187998636258255,0.0918110458124635,0.06113642536030215,0.07231517418850712,0.31530335452867664,0.0937301825800308,0.052651746806808286,0.046086726858210005,0.05107139901643387,0.04112696726154309,0.042011435189777124,0.03464601962850111,0.03815652946308136,0.034293118660892505,0.040492901198379255,0.03805939475859936,0.03456979193529795,0.03273696581409552,0.03884705518611814,0.03870086657693923,0.043171168466369036,0.032784127227419316,0.044522479423526176,0.04251172996602072,0.04090138196875651,0.041135621742291115,0.07496344745822758,0.055814230362114685,0.04802232279666854,0.24154041126293896,0.04514528588322869,0.04569185068900503,0.07831263743476694,0.05780291645574738,0.04360069037655073,0.041586121663775746,0.0745132442019266,0.07382495007388962,0.07359473816972983,0.12496767551079241,0.06057176874597618,0.04225036538137383,0.047539854080761446,0.21125831601866557,0.11970706560673823,0.06451734699317507,0.05652863232091014,0.03178694330450513,0.05340915267885576,0.044711456344794676,0.03566455199296381,0.03513948714182538,0.037397492739526014,0.04168280458072532,0.03720603715756968,0.0428323290738936,0.03301196867530459,0.03910089940128883,0.038023992825235164,0.037635029252684346,0.03759900130269932,0.04730849141186891,0.05168471271537152,0.04259609622883627,0.03963604646573202,0.03580713036495707,0.0712498978531897,0.04650265587979596,0.16389162619733344,0.08283401728795381,0.04481931233987274,0.033906087158115744,0.05982650074541093,0.05913206470725392,0.0960829086705497,0.0404345000208249,0.1286544825421223,0.05567774242801391,0.08314635015656258,0.032621231741953916,0.08412780534387834,0.032180668833604625,0.03940576309110799,0.04637402141587153,0.03428450164166663,0.03522020987435917,0.03782561192463918,0.032340388462950925,0.06319290777188122,0.04880642889930134,0.05170836209500755,0.040298210265689784,0.04078358265522461,0.028569041301637985,0.032825612675877094,0.03442004862066672,0.03171129425590859,0.03108903606005414,0.043112905133803364,0.03403834800401283,0.0335967185091626,0.03332400202169247,0.05681520025045911,0.07454393920462687,0.05910452411035147,0.044174114487448554,0.0376470537006086,0.039028839855230306,0.04139956415523398,0.04851259740355246
0.04585069685493484,0.07501760105856084,0.036146468166730714,0.037694047292756064,0.06521504640418979,0.07138586594660283,0.18312942932087295,0.16665909737310286,0.09697858242138391,0.11478126733406419,0.0937301825800308,0.3498235435411131,0.2372678041460562,0.0999283522572065,0.07045107119768612,0.06926433488954847,0.04167287835367879,0.06130574753688081,0.05737113616342994,0.049529851130162866,0.038475150802247074,0.04967611607739372,0.04020568961734796,0.035698863473962616,0.04694123217967448,0.04441875241707649,0.05316119773376132,0.04266338059339107,0.07296766125682841,0.06114108909955354,0.05427526031538345,0.05574632507898064,0.06120663046758672,0.04421185165325528,0.04097531685688676,0.08538363627272696,0.15965009784644668,0.03956192757145127,0.08468113376479633,0.041880790565103757,0.041858949246199706,0.05218017183981498,0.0423942594227759,0.08944995709196965,0.08704014573735075,0.0537173257415679,0.041220611657504305,0.040306610825710396,0.045529177822836164,0.05304221392666699,0.221827775001337,0.22288198501815382,0.03924637718361069,0.039683010920236184,0.04976865694762719,0.06830502796117555,0.037772042896788136,0.03998511780033484,0.03473380650303175,0.04059048024256014,0.042462352156375796,0.036479480175404644,0.037460918700478636,0.039555034900567,0.05070391287485139,0.04053602002492436,0.03918764711441547,0.06324104447150278,0.06132547919357101,0.03935279534618577,0.04002373234972896,0.0389485632417681,0.05168906225507788,0.04573432260809959,0.04803216627105371,0.19224645722504075,0.04344439449695585,0.04235226466663791,0.0861259979308216,0.06381635967400262,0.08103022427512652,0.048067581927859995,0.166148700745739,0.03953570614043682,0.12882936727553213,0.042489190740653396,0.13041026847100884,0.044647455524499516,0.08968758454135023,0.04782888964636468,0.03667951600680955,0.03758936115029492,0.03880182068938671,0.03959737745585165,0.062026126774977666,0.0444937183453232,0.053717776440977874,0.04115538301638316,0.044364950794124655,0.03083087347481573,0.03596255252040306,0.03964167167686042,0.03533200890213013,0.03437482809831953,0.04575602990081329,0.040264673189536214,0.0297751845836739,0.030923205295659346,0.0578878078062811,0.07305019178926672,0.06136832677494798,0.04973956912259839,0.04388988822075543,0.04259031064138089,0.04483205015307812,0.04841283289224819
0.04033471831102703,0.057989690631936326,0.03875437454158272,0.03773591653334114,0.05934643574445547,0.07137113007092472,0.10588757415285971,0.113233096768282,0.06759933991675343,0.07495722826360424,0.052651746806808286,0.2372678041460562,0.3571638950707006,0.09034949735182432,0.0558761961289956,0.0690235069310503,0.06870817772414917,0.07194889923209777,0.056180866221134995,0.0602913538467352,0.056903581350829374,0.04654581161823672,0.03559932248219101,0.04022850026448341,0.04953558294474915,0.048448315196137653,0.049910009814987874,0.045403885519646164,0.06563400173315959,0.054932625250818296,0.05282193527874643,0.0512945105707841,0.043125404120669925,0.0410174041021646,0.034482274975815075,0.053758374294514015,0.22005127627436805,0.04135979925959244,0.05644146939417498,0.043915991165530466,0.04095499549236092,0.060776634379899955,0.05164583826774653,0.08069637137781902,0.08125440628549696,0.04251923379925972,0.06459399258590034,0.06561486941943911,0.06415761230451528,0.03846067029139667,0.14989512759998597,0.259596531055044,0.04546420065229474,0.05561458208064894,0.04482216736610998,0.07218659819948653,0.042307293209580946,0.05755341826405949,0.04047778212201012,0.044504339663166526,0.0478109100525059,0.03761027825260041,0.038602466033338556,0.04035420331538439,0.05708914300845744,0.04012080801275242,0.03852815943483544,0.05756433703590385,0.058166620090771226,0.03993413301902854,0.040603071831650725,0.03870398516362013,0.04382404579722553,0.040928991061185555,0.04073007712770291,0.17211037538898757,0.03853913618472404,0.05309870696048177,0.07471023217797301,0.05549452555548291,0.05515537727250429,0.0463044672096704,0.10941514587073722,0.05103588664704027,0.08827249025998914,0.05593789570792222,0.09331279979850474,0.05485490664151742,0.10149794043041399,0.039794929610734345,0.039653200892537405,0.03992164712824053,0.041018387232597465,0.04257199898375651,0.04888675351437295,0.04209976262752315,0.041359423648681136,0.039931734427168686,0.04009605904985446,0.03315063324789944,0.0367087561436625,0.0421152473955312,0.036494596872501256,0.03476860477006839,0.044139490662953376,0.03771707714061978,0.031082470906606558,0.03071685517578432,0.04987276866167485,0.05758352783675545,0.05335961892051068,0.04612363675059542,0.04239677579917757,0.04011681424100826,0.04054678533976507,0.043085629362691634
0.041318159050083424,0.037575334854053746,0.05084870715447206,0.046506994587302175,0.04173843954707013,0.05072454652139942,0.04908891042928603,0.04851017871171935,0.13569278758866218,0.059010417395603365,0.046086726858210005,0.0999283522572065,0.09034949735182432,0.3331658233443816,0.14240110260180527,0.2228774971437273,0.03673844534337299,0.15324342580349432,0.1297496934177439,0.09649223694465692,0.03661101656263438,0.04097329937388722,0.0358038102109047,0.0424141815605199,0.036248881592875634,0.036776267304582555,0.04111505059738947,0.06815696473712901,0.1518042485098718,0.10598270113024484,0.07169022795010503,0.05669086405451364,0.03525490377876542,0.04071862138916617,0.03422490325523786,0.04411975850386335,0.06396577137649821,0.03700428310274961,0.09896376913600227,0.05946966573059194,0.07027656878151849,0.05794985517077872,0.053431385603018924,0.04853665972034994,0.03796683570518458,0.04013213643778432,0.038234075579771154,0.045783827153552316,0.04640562728476477,0.04415489241571928,0.06874853433979167,0.06729847436375001,0.05127024980724645,0.04572570895275688,0.056641947140947904,0.04789989679483225,0.053962329328193184,0.043948953395602924,0.04368097069464677,0.044972794874575256,0.04974008007519322,0.03985604297257378,0.04476412711185414,0.034524575887245286,0.042811667404388534,0.03458947152950781,0.03643169752663617,0.06053657369633576,0.03900665380268682,0.03877566395186956,0.040878139587591636,0.041030437263848224,0.038036764098848444,0.031748635651337884,0.041007290657538845,0.05683478882362337,0.03729857794705385,0.04825289003934556,0.11331431811201317,0.0388823832239151,0.04885667677081434,0.0381823266919698,0.03953263700719897,0.04049923843577885,0.10023834315647895,0.04472361353405416,0.09404312418826379,0.041014338076572024,0.1409930400053528,0.05707344715414048,0.03964259088234151,0.03201493090654693,0.038482214160097505,0.0316830933785501,0.03748715435223558,0.028469103335936732,0.034340994084359436,0.028552007497099248,0.034392612239776785,0.03007482504254442,0.03745719685935735,0.03421419964840414,0.04310822610691148,0.030334686556293636,0.03496406757293584,0.032096808346266284,0.037049791103127686,0.02938464253902178,0.03188290823514302,0.03451972244728068,0.04565824251110227,0.044939296336107167,0.03988354620586938,0.03479125236939505,0.03431442199277367,0.033072367616420115
0.0347067824155554,0.03654210793620069,0.034821063212207,0.037919152332212894,0.0409213535626778,0.038969873254016255,0.05465489801676365,0.050768004271259624,0.17915424119374235,0.06216532229796451,0.05107139901643387,0.07045107119768612,0.0558761961289956,0.14240110260180527,0.31975355988235843,0.1277477420925987,0.038687593297895784,0.0914330994062185,0.16700473888655468,0.07355364604226197,0.03808223168333995,0.04559674004427444,0.04447544428379622,0.04904776242897205,0.04437013942157608,0.040766502084421,0.058450558079338064,0.06657382506201293,0.2426248381751667,0.23576561063502643,0.14626995156007194,0.07345274185560843,0.04184532858538903,0.042264763550944176,0.032742554764153206,0.041793722164682676,0.045631973544735166,0.043189887788789225,0.17913172015192705,0.03664059955761248,0.04561646191698221,0.034859449842619634,0.034040634516171064,0.040011189750346315,0.03790463148777386,0.04634660200811459,0.04951529994468308,0.0600761405156873,0.0557265825214499,0.05411510002660906,0.06580910278610669,0.053410053882862636,0.06029983755488532,0.056136669656591594,0.06619404175328145,0.044083023299355754,0.06156053933250262,0.0543609909716163,0.052326995819720674,0.04210187980689539,0.047902515965045106,0.0382942460618137,0.043331695498832604,0.0404585994560826,0.04815761238465335,0.04555156644894867,0.03265668246207576,0.05345796425721591,0.03853250143571054,0.03538332336225955,0.03547543078858616,0.04214296084204887,0.03592732178456241,0.031052532108041674,0.04650365948882947,0.057003076627686194,0.05019570342256979,0.05511026799263079,0.13626806290179383,0.035802782430052305,0.06332768472302022,0.038656211509995764,0.04503260034459235,0.060958544066138556,0.1145096038740996,0.05560883145226879,0.10441865089344994,0.05438327086055514,0.08824867528816949,0.07662272689551664,0.05314736328679817,0.029630905611270082,0.04144366132435012,0.033975772281936226,0.043337442583687394,0.029998276454070584,0.04336435381800788,0.03382952846530715,0.03778102996314785,0.03844496707917785,0.03839380651813534,0.034435421129524926,0.03933006398306717,0.03427624823777804,0.03856554421004547,0.03327280839603107,0.038530600331976896,0.03165269807407202,0.041073166740076356,0.04535763756367235,0.06513867488534297,0.05277480626977412,0.04343959787668037,0.0383984644793204,0.03844540260768253,0.04059026035439474
0.037413695523681456,0.040291915620999624,0.038949985150492986,0.03973186242490717,0.039314823140572275,0.038482554383248616,0.03727752152700334,0.037956345709001485,0.07829135931889183,0.03648331819216778,0.04112696726154309,0.06926433488954847,0.0690235069310503,0.2228774971437273,0.1277477420925987,0.3203496786443603,0.04032300205391319,0.23345606983112493,0.16718271228037968,0.1526303799985196,0.03808607280150856,0.03722985931424516,0.036925455984836944,0.055339845972040225,0.03531456321665016,0.0385899358901758,0.0369053680860549,0.07301369408392888,0.14250597789162503,0.09664766733909039,0.06100597800824889,0.046248513017891776,0.037079944966234915,0.04147857505819719,0.03650774888951791,0.0398122491738294,0.04582202292300201,0.039728153958266885,0.06672937615588234,0.04832816720534222,0.05923272050766255,0.04629052619089618,0.04548594529883829,0.04277579454908283,0.037278953322572375,0.04155473508191247,0.04335532966828759,0.050667331968240345,0.05123480130440344,0.045059289647599254,0.05839111534289851,0.05548453135432102,0.053791389739409445,0.05216118698028797,0.05768931150608235,0.04469376604640228,0.05538426508968773,0.050350476894285366,0.04760308455185584,0.04549065713498236,0.048341591256539695,0.03865949367109402,0.04273540808195489,0.03668623726690713,0.046002011887629035,0.03665780065307114,0.03461763526142962,0.05433880884393409,0.0363181269667439,0.03505792944368753,0.03804661517708316,0.04227453372185743,0.03671886847002386,0.03147206986685103,0.04093681187088314,0.04536583229050107,0.038911662829698795,0.055358227081513195,0.08356844106116831,0.03464932738606316,0.0353142539198818,0.041184430186156654,0.0341529116695027,0.04272203139415309,0.05465850520815528,0.05336895247751548,0.05213560767473949,0.04836922914164673,0.09999758246773971,0.05436154841793521,0.0439338656046052,0.033574081603050115,0.038723748046847695,0.03354231232658693,0.03549976215943561,0.025880555994019814,0.034129052468654025,0.02781884988796234,0.03618530312390542,0.0327518835376181,0.03840563920172384,0.03389448567131334,0.044129226581257966,0.0329078682471966,0.037475159664683774,0.036301167006481616,0.04570942975831556,0.0274911928987248,0.036355384009425555,0.03448847516643626,0.04141864067279627,0.040729389978234457,0.03776945097033982,0.036167988123897404,0.03491946199574073,0.035096298577010465
0.036184748670973446,0.035707094911912124,0.05346465082251234,0.05171437264799343,0.04088177151476166,0.06134806690021746,0.03538232483082193,0.042418736738368795,0.03456472360286315,0.037403592873651914,0.042011435189777124,0.04167287835367879,0.06870817772414917,0.03673844534337299,0.038687593297895784,0.04032300205391319,0.3245440844874576,0.03922684643850806,0.038515953797380306,0.04798397922924356,0.18634699780046998,0.03598777908896758,0.04439979914941393,0.05075211242181364,0.04433720570361009,0.039637498959608795,0.038030353218189705,0.04970002549513025,0.04219089013158453,0.038493667647367086,0.047897561161144686,0.0447088784699574,0.038809315598881684,0.03861116563755809,0.0397988780392558,0.03800796109082984,0.1345783527787146,0.09485931745467553,0.0400946830407659,0.03410641427146059,0.03421452423953654,0.04138107371140731,0.04739482696306101,0.04396447242549005,0.05415713218065761,0.052833080639255264,0.05503182353356591,0.06849195578516548,0.05223445880574881,0.04542769932560524,0.03508470388743555,0.05018104518567895,0.07062109218717709,0.06597468795323708,0.07024332207661338,0.039686196991158745,0.05810138974513322,0.06523432593798803,0.0535718257872051,0.0876583828610617,0.040431236317082425,0.03576796067342826,0.033391522782874716,0.05196809092866106,0.03952226325576816,0.05413166461160583,0.04069819183969332,0.036150580893294204,0.03894226368663099,0.03794076837096072,0.04050608536193746,0.04098792307678302,0.03562218111391932,0.041931560254838594,0.05454986340445195,0.044064654643036036,0.03987126379569994,0.06574337751877471,0.046796889909033995,0.039345100857380036,0.037995568930397836,0.05183071784900045,0.04288437181289061,0.07291649326727564,0.03699458430017598,0.07225013963263031,0.0399335167428727,0.06934483266882777,0.08351748317766844,0.0503771437980585,0.04707537964813087,0.032164642999982423,0.050395836537397,0.03448219423359854,0.04145687848782062,0.046436507612074615,0.03645503081819294,0.043807418298022927,0.043988182822221306,0.03849643407612399,0.0363881970388515,0.03161625445768937,0.03431963347776519,0.03357919814101814,0.04801667900283708,0.0459281578320051,0.03434500661633903,0.034157064201152026,0.051014631836279814,0.04442861343385919,0.04297164670077336,0.05566232338809814,0.056478690281973644,0.049310877310429074,0.05086055788325525,0.05018011174751841
0.03592135314762131,0.041949548696554886,0.036942748051930735,0.0389459273749174,0.03509591187683102,0.038477212125810165,0.03350721043567202,0.03788161058228977,0.049788356741992584,0.035590478503636405,0.03464601962850111,0.06130574753688081,0.07194889923209777,0.15324342580349432,0.0914330994062185,0.23345606983112493,0.03922684643850806,0.3100421025639899,0.1600414221986484,0.22019040295137732,0.03780335533623497,0.03496149603835668,0.04561883063827714,0.07706252089229693,0.033997703443649566,0.037865318859611,0.036391966561395483,0.07309997355771339,0.11938092700110245,0.07826812063302291,0.05063980264563893,0.040452375963867804,0.039323292754285706,0.03989932274087047,0.03838526943139487,0.03689370868806709,0.05414482408215236,0.03801934193827851,0.04556235329533219,0.04428812159430072,0.05247461038660798,0.04401114024143181,0.04176401965253465,0.04090686815385713,0.037392604810641605,0.037932507629210035,0.03893610854141892,0.04327174675657036,0.044974415354845615,0.03972463579623031,0.04796581123026013,0.05865756594271301,0.040633212621452794,0.04285303044152271,0.04457997067318881,0.042312555224662526,0.044348333908059145,0.041973058561398977,0.04496099088231226,0.04118524378423705,0.046463911042406617,0.03799874436231371,0.04242578516736076,0.04024624613054725,0.04745876951506656,0.04029470645012974,0.034362907514671304,0.04435330670996972,0.036473768840345186,0.03386374811694677,0.03607847255474007,0.03877765363739036,0.03452902491924202,0.030364618115194905,0.03770929306034414,0.044548509069235576,0.037511314296468784,0.04805751105810342,0.06690519911529452,0.03283656108249722,0.03430528942234061,0.03747491054025742,0.036970139271392824,0.03624919378865528,0.039862645545088074,0.04419330195241241,0.03975007672157037,0.04268155399523001,0.08680718773337423,0.043817647832737464,0.04974812972162948,0.031066907089597917,0.04142433648062406,0.03183656944129061,0.03841111462051586,0.027039634532215272,0.03582717041209038,0.02733963043636039,0.03968927540107571,0.032229310454910384,0.038156936483685136,0.031149455220523717,0.04580175801086613,0.03285106699314437,0.04508213980839472,0.04142813688457222,0.0490891541239368,0.025225583098523144,0.04113294043484246,0.03718204438255298,0.04083113549754912,0.04008569975796028,0.03718327111482108,0.0380358843956843,0.03902442534374578,0.04077397450903249
0.03365817678203151,0.03901474083394342,0.03564014055469551,0.0352069942631624,0.03763094715545222,0.04103923919745381,0.04198062807639194,0.04015614144176559,0.08043569057451228,0.03644270888389701,0.03815652946308136,0.05737113616342994,0.056180866221134995,0.1297496934177439,0.16700473888655468,0.16718271228037968,0.038515953797380306,0.1600414221986484,0.3022969437186153,0.1484342360577785,0.03710418760234502,0.04552950770966181,0.0365717034377413,0.07615380537629421,0.039850025799643723,0.04080201000732078,0.046744177157179906,0.06730604108918661,0.1877442728593881,0.16938614214770747,0.11125832531997695,0.04452530067772931,0.04152533804908484,0.047896644745838796,0.034816375207901165,0.03634990197430542,0.0460084554742268,0.036913288518841764,0.07388202467530719,0.03663934134954744,0.03760362906637419,0.035070805841817626,0.03608408287902683,0.04217906291893955,0.03863869893596525,0.03974310991884445,0.04175595081430461,0.042375411729376825,0.04439353451490378,0.03975396982565687,0.05228731950092293,0.050337689252304384,0.045221139846969044,0.039263162990697556,0.04844481128850926,0.03946636464877344,0.044482003374442816,0.04233533757465697,0.04188759719507339,0.040790270793060746,0.04445486911611496,0.038807313883850614,0.03658853619858188,0.041701161703512554,0.043818978818360735,0.04175165140949283,0.03372741309674404,0.038967001442534996,0.03473926683373722,0.03302161643862673,0.03522757087578854,0.03529799383727726,0.036652855958169264,0.03277218278217479,0.037169465167437854,0.04478732709417124,0.04476310427781961,0.03917039168303976,0.07716800219489309,0.032842009905992536,0.038580621810915865,0.035378724164105174,0.03799851131390819,0.0416413727919555,0.05280534375145362,0.03960000066038265,0.049921909030627334,0.03966765070682574,0.07568719348130834,0.04633984425143365,0.049617846452630586,0.02832527477834329,0.038496550080484915,0.0312409304476842,0.03612105693934975,0.027748884089114544,0.03507490974959693,0.029518389587899534,0.036599373709507,0.030519556929727167,0.03492833341222887,0.03183105795891278,0.041492373518675366,0.032171264343466136,0.039438528053511855,0.03667068267227011,0.04504326084272427,0.02890568215730211,0.03696102718929737,0.03610292033417227,0.04763996758019482,0.04148575138089984,0.033753402336782416,0.037677165790519745,0.037024619918863994,0.037975095937221634
0.03579366733211131,0.0419702105151962,0.0376208839172866,0.04037313097303838,0.03462072562301392,0.038486465020990665,0.03544191113178832,0.03992097681499747,0.03898638727620612,0.036515692588749996,0.034293118660892505,0.049529851130162866,0.0602913538467352,0.09649223694465692,0.07355364604226197,0.1526303799985196,0.04798397922924356,0.22019040295137732,0.1484342360577785,0.3011811551898379,0.04996628858632877,0.0363608997548292,0.05881579975241056,0.11648951591959358,0.03410145535401521,0.03951731497978091,0.03753397702357392,0.0755578305852102,0.10592558199536663,0.07330984363621698,0.04979909239794712,0.03513358039096084,0.04021316157415986,0.03978895518735444,0.035612166586911784,0.036914382037343145,0.05540029051199201,0.042075680970007426,0.04081380121545788,0.039186288294020266,0.04241270342800035,0.04124167367226264,0.04025394881113909,0.04221948427649705,0.03858023808636354,0.03781186010853316,0.03856841964637779,0.040169889913589024,0.04287673570236357,0.03672808629441289,0.03924466770966781,0.050680641718488385,0.03774124333701457,0.038108760754103535,0.03739143926986532,0.03712319645605261,0.03595082450007357,0.038229709428734125,0.040275948705433356,0.042507052738141524,0.041027103647600593,0.03773883493404363,0.038031904617882584,0.043319655786456225,0.048073326259704285,0.043295574324324085,0.03443428701693678,0.039041626773116,0.039213961596734175,0.03125193031739271,0.03313090669905108,0.03496637145096887,0.03356105062927027,0.033155623577152946,0.03601623548165252,0.04101358101588112,0.04100086566776746,0.041711570259060846,0.055034035874356305,0.037639175364125144,0.03381077567618249,0.035426483657850755,0.03891110506777716,0.03770386320388494,0.036655046238905,0.03960146157841793,0.03546269169379421,0.03927045549062076,0.07388123681564157,0.03676314806628117,0.0609549451633441,0.0294566251652627,0.0494055896942073,0.03238446859254081,0.03895837753459103,0.02968329533828106,0.03677461717065413,0.030756328961877556,0.04178465578291375,0.03229444196947201,0.043031986114765344,0.032455267831075336,0.0519644154484345,0.033170155185459925,0.04572160017998027,0.0430551998931282,0.05258591134554893,0.028393732836760506,0.04057847995049994,0.03674013859192454,0.03889870196499304,0.04150867584199898,0.03953756203414169,0.04004482368556333,0.03909189668846565,0.0400144560198786
0.037635045783163804,0.03776010057185429,0.05451644523220165,0.05176461341756195,0.041206250166950675,0.05879339590249706,0.038348864068713864,0.040147174805496025,0.03713796662426722,0.039693525330694285,0.040492901198379255,0.038475150802247074,0.056903581350829374,0.03661101656263438,0.03808223168333995,0.03808607280150856,0.18634699780046998,0.03780335533623497,0.03710418760234502,0.04996628858632877,0.3234450363887337,0.07291087284835492,0.09350050407456333,0.06400985987938879,0.029777285806188963,0.04510569568413107,0.032973538411531333,0.06845239841041062,0.035039049323273896,0.034443305161762784,0.039145837150826784,0.043342564405578834,0.044138512971027125,0.045634539930698076,0.059356430228823184,0.04120061865655088,0.12362454144521494,0.18025467065095302,0.045802623862485486,0.037536638882273654,0.03732081318647384,0.04695918987901798,0.05133447226376649,0.04882327248756073,0.05348676942636153,0.05551090566268645,0.057369409709223856,0.07297971782853038,0.0557152362438373,0.04790746738795433,0.03545259986590338,0.050517947414092365,0.07217757225692746,0.076646397295136,0.0686120297586271,0.03792672010191399,0.06090705650711836,0.07465267469487219,0.06523813689686134,0.15970546574884814,0.0416180137323168,0.04092000717326176,0.035275313726850915,0.05148853461628333,0.03758985077737095,0.054199318876941044,0.046079427311134284,0.0342562945990323,0.04354004443542533,0.03753683373800468,0.0401156563901191,0.0441976745470037,0.03977146121373995,0.04972156587290394,0.061517452359014166,0.041274467823357995,0.05940681007298754,0.07221459133069325,0.04399013288188511,0.04809501545101391,0.043563021207296354,0.05697528151689292,0.039768776172503954,0.08607864620315503,0.03689670620012024,0.08283488276100101,0.03664678784691172,0.08241497435020624,0.08708341454440574,0.055057816335161686,0.05654791406161961,0.03382949245793277,0.061839132439234806,0.03363592752487833,0.039721017970899275,0.05278679920580986,0.044038951629122455,0.05361062671151312,0.03711831704461202,0.04440764599091637,0.04529877507801691,0.033510017690389415,0.03811251518487055,0.03523547214353501,0.04488087442017863,0.04652422579107479,0.03544359906622724,0.040369216475544964,0.04297073831659937,0.036487685624946475,0.03675991276518009,0.049724964326767054,0.061402104073409694,0.05336467182589076,0.0492580124925758,0.047520683906807124
0.03612758816536471,0.043505233892920006,0.035656505138466535,0.04020705563049663,0.039151968244965765,0.038173286550170216,0.05063158228879561,0.04703176809608921,0.04499707432891145,0.043438257325652346,0.03805939475859936,0.04967611607739372,0.04654581161823672,0.04097329937388722,0.04559674004427444,0.03722985931424516,0.03598777908896758,0.03496149603835668,0.04552950770966181,0.0363608997548292,0.07291087284835492,0.29788508730210994,0.1363491160112137,0.05588825944060479,0.0906583115184591,0.1594628296259505,0.09125494237645061,0.060068570877852216,0.03855385540211845,0.04531615712217138,0.03936412273112803,0.03212409015299812,0.03843309940628209,0.03502376235047927,0.05498000657805148,0.04262316268048147,0.03598147381470397,0.13625715639860664,0.04534981061261162,0.03904627227410275,0.045967230758709135,0.04447489973888688,0.042819164141347815,0.03789120499259939,0.039343813921362075,0.04781315378661943,0.03793103627248811,0.036224341824568365,0.037143688263199394,0.03794098647516962,0.05308554185849085,0.04353242648350933,0.03902453620002594,0.044057335969114195,0.04102610568472606,0.047157892507289814,0.040400329602749224,0.041925625135811884,0.042683127476957364,0.1037681776022343,0.0442291793861707,0.041515620295811836,0.04314536398942133,0.03927907025758792,0.05457313980537902,0.03970378959253202,0.03769111309710323,0.041286463580814586,0.04515282189693104,0.04022372878135673,0.0373398715196428,0.038318071674495295,0.037131752793141404,0.03997905609104428,0.042483557802968364,0.04772056936299766,0.09556307805459979,0.04003949916673803,0.03659684561572584,0.04703129191478315,0.04331857177485596,0.03763112075125398,0.052741093956310464,0.049642395083498,0.04396798766474691,0.040274898893770936,0.04258260920136273,0.041294760344430935,0.0371974239233752,0.046384222534729194,0.04693122448329881,0.037350832082035296,0.05605801280229294,0.04176691980562826,0.0666773871990704,0.03634112667793078,0.08156382444667824,0.03498421577026438,0.07502316319776292,0.04009933876824609,0.049612814690506477,0.0378755823674997,0.05689241453458103,0.0349657281939368,0.03520767156929491,0.03214952312166083,0.0539506531645363,0.03261178862896724,0.03958911303585047,0.05139637115007159,0.051606214499876915,0.04041310057145622,0.04909517996813795,0.03844490405416548,0.033575854867401625,0.035344091141948974
0.02913710750230078,0.03812746962907693,0.03839512183002936,0.03882294988437131,0.03598522186410158,0.036368705934191115,0.04434150013574122,0.04813260437179481,0.05099992109336689,0.0470023918562823,0.03456979193529795,0.04020568961734796,0.03559932248219101,0.0358038102109047,0.04447544428379622,0.036925455984836944,0.04439979914941393,0.04561883063827714,0.0365717034377413,0.05881579975241056,0.09350050407456333,0.1363491160112137,0.30051498876302285,0.09457065057980885,0.04874479669495514,0.06974107393572704,0.07189071485539833,0.08519150096277933,0.038585281984108655,0.045396637166524645,0.0431143726905968,0.0292699288082114,0.050134219361181176,0.04440438116393274,0.06977951291925602,0.03941033407924653,0.03841248790909482,0.12649137770798635,0.05416774573897182,0.03423154836901371,0.03852762033640145,0.04380308653962153,0.04199878038948773,0.03920535568095173,0.034894250191963766,0.04104054239423233,0.03834946366451128,0.03512156850430495,0.035928384121514764,0.036711831355079244,0.038474190328495333,0.03421154488028191,0.03923373916714913,0.04441358515145451,0.038904288407034526,0.037246530947006404,0.03527170210577271,0.04011609452691657,0.04016353003262112,0.08348710533862097,0.03913766865260461,0.034982461237657275,0.037219420623802,0.040709611455414976,0.03742415200190301,0.03816648174576734,0.03861589590279229,0.03456113991545569,0.03945169886869315,0.03640333776497304,0.03652696945127794,0.03619283564728086,0.03439989513050365,0.03897618027108235,0.043000298296615794,0.033635387477260706,0.07070164184799646,0.0389627301803071,0.03556092521183976,0.04203300461922251,0.050677095587665845,0.03456303741892612,0.049435193775623415,0.053393797167838514,0.049161928866321675,0.04368467536104577,0.04535309145546798,0.04706794621154546,0.04475536684738454,0.04684584291151852,0.06659353453984615,0.033969548433545146,0.06867258937854225,0.036722854592273244,0.0654626345420044,0.035078302264898095,0.08649706884913583,0.03528051004699223,0.07705940175832499,0.034115755909414056,0.0738826929224142,0.03464636952244951,0.0652358719298255,0.037004400279579464,0.034600478626406625,0.034286256607024015,0.06485432561967291,0.03523246521501848,0.03322205029373314,0.0419375881409559,0.04174074831765769,0.03700240868753174,0.04467727068758515,0.037778116531413365,0.03444851688702767,0.03315803086127721
0.03000624355893204,0.03320874492891004,0.040712224008887604,0.043038801300298524,0.038408178690638464,0.03627020727049737,0.03438405372996059,0.03562123621857882,0.03456191789938562,0.032319270741393936,0.03273696581409552,0.035698863473962616,0.04022850026448341,0.0424141815605199,0.04904776242897205,0.055339845972040225,0.05075211242181364,0.07706252089229693,0.07615380537629421,0.11648951591959358,0.06400985987938879,0.05588825944060479,0.09457065057980885,0.2922921999896537,0.03430894234504353,0.04408999291054495,0.03278306687804723,0.09610556120554384,0.07112852510513099,0.06052418335595383,0.04980953805530492,0.031401813097898884,0.03924445953842115,0.033153849210027425,0.03097690841822975,0.032820947496662825,0.04779221443572632,0.05516951681503759,0.038238780369094956,0.030698994845420456,0.03304683135341537,0.035461537214487845,0.03836939877729306,0.038195287853108044,0.03518338794811594,0.03702037493394117,0.03663650242941191,0.039180556349311585,0.04524091322868516,0.03541898544131564,0.03726649559818121,0.041272141921863986,0.03382208853488054,0.038924149770719535,0.03443846122495055,0.03474150952051762,0.03503324872213959,0.03597569774845407,0.03519932425599896,0.05323687894525728,0.0333401225420453,0.037819201049036216,0.04047172473737139,0.03947004244514753,0.03430373759150305,0.04671036407309195,0.03775159165752452,0.03914823594780008,0.03259934451192237,0.031407075417827626,0.03547002679400965,0.03537361989099457,0.03241643478418769,0.030291355428602777,0.0359814441794918,0.03559523213482749,0.03965381611559336,0.03749810663612163,0.04825798020674578,0.033925441608445975,0.03284038036902645,0.030948800139971623,0.03350207160774968,0.034778631125588655,0.031946337887430454,0.03577089635529278,0.0312904320187716,0.03306441950467749,0.05685183381977919,0.03556578044800421,0.14196975871457235,0.03309089442536117,0.11234575278038544,0.038016308017642594,0.03418224403012952,0.031768068193835056,0.03594360417869924,0.03726959746749102,0.05274123456648007,0.042902348815268276,0.09025990891956795,0.03454623375683527,0.09194416369459393,0.03559994360393481,0.046266091878492455,0.03600778366464931,0.060578759628946,0.030752503368444074,0.03377951848650504,0.03210248765514624,0.03104341208490454,0.04184972243273381,0.05080163521398367,0.03889447375414157,0.03366152312856488,0.03330958163695538
0.03544958883178535,0.050528286931540725,0.04250174932570962,0.0439992157923713,0.03380130522400045,0.03563238954262113,0.04654433544555884,0.04507107697960082,0.039166175817865315,0.03768464582607386,0.03884705518611814,0.04694123217967448,0.04953558294474915,0.036248881592875634,0.04437013942157608,0.03531456321665016,0.04433720570361009,0.033997703443649566,0.039850025799643723,0.03410145535401521,0.029777285806188963,0.0906583115184591,0.04874479669495514,0.03430894234504353,0.2825238071415719,0.1738308844405463,0.19124898284684988,0.03577953603208672,0.045193690665521744,0.047152650198056846,0.04641388772607611,0.040486747171948896,0.04109692351132216,0.04370943403167212,0.07198775734829932,0.049639796005553884,0.04501787690043883,0.07504209651603078,0.04163466414860113,0.04416131294742397,0.05145749162945239,0.04415539533932872,0.04422564136001618,0.03873283273650418,0.039174690683271854,0.04502529801727238,0.03849634594419182,0.03577949562087876,0.04054622546421076,0.038238956473590005,0.050380418408693686,0.047899483423797476,0.038930108231053126,0.037471158476208896,0.040770410623553355,0.05787172264962136,0.03901761246439902,0.037709279664386544,0.04171082439313484,0.06998044129010964,0.07645525954242416,0.03433252503878857,0.027489069696392546,0.07508560126924857,0.1429424427435686,0.057642016802810385,0.04336676272713247,0.03445502307489938,0.043806453902524675,0.04156937373412646,0.04715705402053867,0.032507431812653566,0.03748254371768803,0.04534434154468367,0.05020146494737074,0.06256880817687174,0.14560711581763264,0.041593188052309,0.044460196191351026,0.051865760588135384,0.0564589941671403,0.037417359818002566,0.06012533539157464,0.0630448309558791,0.051031238905448514,0.044459989746754996,0.05663898558712407,0.05098663607649076,0.03513597308094123,0.0628396387484294,0.032422237880285254,0.03861768969725604,0.03221176372465361,0.046905225255831795,0.139520431362754,0.034372011299224806,0.14375783876674186,0.03185879565456705,0.15095635962556886,0.03223411977640324,0.041415901284761795,0.044727478452399154,0.07813627378186358,0.03463424912318967,0.09892319253501244,0.0338420776477697,0.09129511537062845,0.035037549896903324,0.0814250347129539,0.09718316668092539,0.1264297026097865,0.09374407586302166,0.04970187473984782,0.04632186124044371,0.058031206127791404,0.06828937656040301
0.0375249460136414,0.04727492803457621,0.039871696489888205,0.04506652277066116,0.03863854872891428,0.03315841307476296,0.04669597983216715,0.044011457744842095,0.03729040490930642,0.03549904616084307,0.03870086657693923,0.04441875241707649,0.048448315196137653,0.036776267304582555,0.040766502084421,0.0385899358901758,0.039637498959608795,0.037865318859611,0.04080201000732078,0.03951731497978091,0.04510569568413107,0.1594628296259505,0.06974107393572704,0.04408999291054495,0.1738308844405463,0.30636706435497285,0.12042111605227003,0.050626674464929605,0.04166078338264037,0.044738742636804996,0.03619046856735617,0.03191162081800032,0.04004529198029344,0.04212706156955452,0.061121001671322873,0.049287258451342325,0.039005208908026556,0.11517972857404443,0.03888466542178794,0.043561474575044126,0.05553299085396028,0.04229645305336921,0.04350210543629525,0.03486872972785575,0.03955798803380875,0.0505332861088941,0.03716528849353297,0.036456794539367086,0.03896950581209897,0.037991534520285614,0.05155268112669224,0.045914720033777806,0.04294728140737447,0.041708337518615406,0.043450824592217,0.057619261995948606,0.04214927891145992,0.04234961922820374,0.046326326664042294,0.10984877829443851,0.05471346079548377,0.042437712544428394,0.04565206424921607,0.0387590559948348,0.10868321941312689,0.033897107707335256,0.041044973475865804,0.04452901406666468,0.043860163218737105,0.04097302782614118,0.03986905706809202,0.034896641949695315,0.03669359753561411,0.040113656055946634,0.050233319160158774,0.05413330042849354,0.14474456050978707,0.041804123979147,0.03710067800173035,0.05145953001761247,0.043104352015632855,0.03653704953966612,0.057240937767711886,0.05733284416577308,0.04023059795631368,0.04050563431992975,0.04153901478618194,0.04347726072916489,0.035741913523224804,0.04784818601719727,0.03801100575408506,0.038151802570142515,0.037861675221221,0.04599319353438246,0.09495319018120359,0.035061864198511775,0.10145088086280202,0.032911017385509334,0.10013905062294165,0.03779355713976604,0.045892001090839865,0.0408453555906455,0.06903789530772544,0.03256773422327254,0.0638745516004719,0.02881539865235925,0.07255151802044463,0.03188039202643672,0.06324639680035729,0.076117036306447,0.08249834594666237,0.0498791119570704,0.035634390629376775,0.03284626882447407,0.03970978207967929,0.04816775989679409
0.0379806137656606,0.05621481377936079,0.05188920226630419,0.05081792636961363,0.03646001163711424,0.0328134402278773,0.051161737856583615,0.05262299030812369,0.05198897205411808,0.04985459065209383,0.043171168466369036,0.05316119773376132,0.049910009814987874,0.04111505059738947,0.058450558079338064,0.0369053680860549,0.038030353218189705,0.036391966561395483,0.046744177157179906,0.03753397702357392,0.032973538411531333,0.09125494237645061,0.07189071485539833,0.03278306687804723,0.19124898284684988,0.12042111605227003,0.28672690361511843,0.035909099387052196,0.0581876329752692,0.06352214033893466,0.06220841726695578,0.04644987377214503,0.06934742558371229,0.06638470500630049,0.11120564413764175,0.055784434353795376,0.0423256599809127,0.08281146807674204,0.06714048271490014,0.041037302687567334,0.0427685599862654,0.044986380741516604,0.048009311365390245,0.03987329676886049,0.0393236049429015,0.05027841736991934,0.042710927496437366,0.041059855158607335,0.039274476639358576,0.04285840989489163,0.05482791982811601,0.049442445266743074,0.04576901019831911,0.04338531564261422,0.04625705442126693,0.04796392913483889,0.0421632474350252,0.03802564047406226,0.04327893183272907,0.0624296482164555,0.07398273190960986,0.036104217440735165,0.036380503421809554,0.07567471627419374,0.112224594959209,0.0686838272293531,0.03874934934162774,0.036056331376620135,0.041937888082135465,0.03815884452881897,0.04352761651792661,0.03754918821895928,0.04165998501883657,0.04981073809001521,0.061408973823013725,0.06874775439140388,0.13443281212928151,0.04987803851010858,0.05897098440190064,0.0474490263184985,0.09745965735104659,0.048769312411777635,0.06970583017031429,0.08544102655380084,0.07599673285951367,0.061213719440193506,0.08541956320344404,0.07091473845493773,0.03982409018171287,0.10071374373561587,0.032724892112699286,0.03653684826616617,0.03376926560360566,0.03960732130047939,0.17153561810207968,0.03244869316124655,0.19809597129464301,0.029144869207397277,0.17476534083028405,0.030888222991461357,0.04136415437769868,0.03945136420482047,0.06694785147113108,0.03689053972761881,0.08172442951744342,0.03195269234693567,0.09639461682657899,0.03579788909576807,0.07187875610612003,0.1028790525524774,0.1487637976629596,0.1056849916140892,0.0603618623045596,0.04996230838468611,0.05763497899481674,0.06242129997875687
0.031976609722307966,0.03362999150353288,0.03580033785157719,0.037454114426780566,0.03271033272348416,0.03178864148629868,0.031900721902170394,0.03414593454557038,0.04529365850035799,0.0327900202766072,0.032784127227419316,0.04266338059339107,0.045403885519646164,0.06815696473712901,0.06657382506201293,0.07301369408392888,0.04970002549513025,0.07309997355771339,0.06730604108918661,0.0755578305852102,0.06845239841041062,0.060068570877852216,0.08519150096277933,0.09610556120554384,0.03577953603208672,0.050626674464929605,0.035909099387052196,0.28742790223229636,0.09675443647023396,0.0769349632372707,0.08841771597539422,0.1076587070453029,0.0341792281839549,0.04015556775928256,0.057967422347701886,0.028477382016845257,0.0635529459644134,0.07894353566749526,0.046633902355739845,0.03938727722184565,0.0545062893158596,0.04508402782379624,0.0369474788282519,0.04187208106291919,0.03909756727754023,0.030826515945156736,0.03745524065609758,0.04459697096525918,0.05030325764445677,0.03360548836148171,0.039141265962344324,0.043743238412816715,0.03779582127567328,0.037501955249660324,0.038445159291514874,0.04072719540329072,0.04445266528658794,0.03949744932014049,0.043811793958183326,0.05955664153888714,0.03854268434674238,0.0417778535582818,0.03968102044406714,0.04269202427397337,0.03623980262894265,0.05154454522432922,0.047956832859427916,0.05312664874960177,0.03943759545664134,0.035433627349311755,0.03768362111410167,0.0361142888777585,0.04012651582717751,0.04134899302970618,0.0313761242017668,0.04392749828231069,0.04845546507746035,0.04126298398872457,0.11864859820424217,0.052384445928061935,0.03407121081482288,0.03368410978744765,0.03050329314927555,0.03629106483797778,0.043129327768048314,0.037006081209982236,0.04389107415070241,0.03573277297437681,0.11608993982735902,0.04406718345549958,0.139852880496513,0.03354416651381352,0.12068834217874125,0.04210724727104333,0.03681207464494057,0.05002512390516324,0.04431842258534872,0.060165061410732065,0.042594272925894405,0.059427984471674106,0.12631244331874342,0.036833674432172815,0.10039816239489846,0.046735333786082515,0.03655609200448559,0.049412217972493615,0.10354195374695577,0.046253120149032975,0.03677996260308994,0.03652634693825407,0.04004406216754498,0.0547531626993354,0.06999740051975392,0.06740620890918325,0.055065001820380315,0.045547794312224145
0.034189640410538256,0.036036335761317984,0.03585213666100562,0.03761868953316517,0.03819185181098656,0.03605884485233854,0.047676203396399094,0.045654225763997455,0.13361954042419444,0.05030851914736795,0.044522479423526176,0.07296766125682841,0.06563400173315959,0.1518042485098718,0.2426248381751667,0.14250597789162503,0.04219089013158453,0.11938092700110245,0.1877442728593881,0.10592558199536663,0.035039049323273896,0.03855385540211845,0.038585281984108655,0.07112852510513099,0.045193690665521744,0.04166078338264037,0.0581876329752692,0.09675443647023396,0.3113050197554032,0.24020238872809785,0.16719919660231636,0.08332730149713392,0.03919466693132723,0.040498207640908765,0.030138880621951972,0.03887203566195447,0.06114221563128873,0.03289253400014272,0.1337389634744504,0.03967218517668885,0.05297576015931154,0.03725359887203601,0.03548223682712885,0.04225384012354206,0.03996447692928308,0.03688705083783819,0.03897255346557564,0.04768074875337526,0.05312967223933124,0.046326316384852975,0.059637721614059135,0.05826656400899603,0.04781055217373312,0.047668514816124455,0.05177305878908082,0.042879938393851666,0.051688718306687725,0.04451563412188263,0.04666815390955062,0.03558598173583109,0.046301246297334044,0.04086126500379009,0.05031662445334728,0.04657768863133677,0.04756869258843502,0.05244509068465532,0.03489993190402678,0.056115332976686236,0.03624543581892555,0.03326123315308342,0.03650040916693549,0.045104809970209214,0.03412408361994777,0.030904376522465308,0.0394348330197848,0.0576330399803443,0.04178182314798515,0.04988905640743988,0.1566692111640331,0.03479898945261072,0.05571768143512208,0.03894075027123019,0.042868033969933744,0.045261724934149816,0.09888868895141573,0.04664872575212823,0.09492385960936048,0.046181019913168905,0.12393732096831972,0.07062049419898117,0.07568881611807982,0.025860851477552297,0.05872363514872796,0.030981774516106154,0.04070430170996095,0.03027707133162981,0.03940614758992811,0.03630990265626181,0.03708775234872144,0.04001900673893831,0.04670601886698157,0.031201249824434105,0.046719510303889294,0.032745059716747904,0.03683853654095434,0.03138673410861684,0.044776598361431705,0.029114870946622816,0.04097123727602489,0.04493487430928848,0.06445994730952512,0.06018149807820837,0.050888215286560026,0.03993898400635232,0.03800632543848784,0.03859208061576179
0.034177438347091776,0.03451252093093926,0.03798927307020829,0.039873779575385196,0.03786581173411438,0.0426913298619329,0.04544737950074261,0.043539055345435215,0.12533339117813558,0.046228823792934186,0.04251172996602072,0.06114108909955354,0.054932625250818296,0.10598270113024484,0.23576561063502643,0.09664766733909039,0.038493667647367086,0.07826812063302291,0.16938614214770747,0.07330984363621698,0.034443305161762784,0.04531615712217138,0.045396637166524645,0.06052418335595383,0.047152650198056846,0.044738742636804996,0.06352214033893466,0.0769349632372707,0.24020238872809785,0.3102082010943103,0.20512635383156627,0.08195786497508023,0.0389922311491888,0.04546741547901194,0.03213221748657438,0.037160285938492674,0.048788429360505856,0.03888668511230302,0.1275085071116252,0.034010206328622436,0.03907373416002295,0.03140713173357276,0.034119562803765574,0.036889463944361475,0.03598780362069387,0.03735191439582661,0.03821303218442222,0.04622241417903433,0.046885578190773616,0.045583382557772695,0.055376763820449135,0.05292917820167331,0.04759185576110633,0.045773284658478006,0.05253090777654639,0.041902434005446756,0.053114750142518125,0.047279086320165815,0.049058768459494584,0.03794666208318315,0.04546812402291871,0.036849984112565765,0.04548336495440185,0.043258980801750294,0.04661310163408147,0.04919443668913957,0.0357581838351326,0.045503524139050594,0.03725988574731262,0.03305117763099283,0.036598295679447175,0.03902313050023898,0.03406428219298421,0.03313448252554252,0.0408054023188448,0.05408161413654426,0.04771970989101627,0.0426147245735098,0.1243682739348156,0.034090001208063395,0.05082236481707994,0.035498789774593476,0.04125307063885899,0.04975832625739943,0.08400793090224878,0.042747657241080136,0.079998694184538,0.04352403472037998,0.08675663951048562,0.06644994071197266,0.06550638666416855,0.028138987810113394,0.04939164440347801,0.03271221555294032,0.04214158893901654,0.030657459564055557,0.04340663201510783,0.035491801389825786,0.03924583971845111,0.03729532272800192,0.041395335793472335,0.03249301616763481,0.04176820225564241,0.032967163974277534,0.03766752427791069,0.029743014251518273,0.04119936968421631,0.030732897825418472,0.039113252752353785,0.046532791789274205,0.06297349174235492,0.05418418904050532,0.043809176567546806,0.037904083009024384,0.037216617011966976,0.037122458262861646
0.03390793075117042,0.03683064366330041,0.038355475595304916,0.040040765087287225,0.03811738581455741,0.042789440283716576,0.042840440807597774,0.03920259119937161,0.07705086984298373,0.03658044112859848,0.04090138196875651,0.05427526031538345,0.05282193527874643,0.07169022795010503,0.14626995156007194,0.06100597800824889,0.047897561161144686,0.05063980264563893,0.11125832531997695,0.04979909239794712,0.039145837150826784,0.03936412273112803,0.0431143726905968,0.04980953805530492,0.04641388772607611,0.03619046856735617,0.06220841726695578,0.08841771597539422,0.16719919660231636,0.20512635383156627,0.30638063073665023,0.11490550748348363,0.03344817965371957,0.04257620602878115,0.03162633390643654,0.037807685320101106,0.05439953111859962,0.033154405543560736,0.08264167211594675,0.03196175904209349,0.03740183263731854,0.03206996026472161,0.03452863601050163,0.03540546535181281,0.03812813912796319,0.03804915764412485,0.034993848738785305,0.04125215406564128,0.04108509536702429,0.041415139073311374,0.05069771506842363,0.05322956654323445,0.03942613767952055,0.041484179722836884,0.044392832753676836,0.037043406738550166,0.04555937107647283,0.04130108660868881,0.042207209948985566,0.03223317429505439,0.03969759716466981,0.04126997034799322,0.049153940271110745,0.04537869538194546,0.03942786173065137,0.05509443875463253,0.03772612599068556,0.04707944346102861,0.039409759584887856,0.033460169673379024,0.039901043098739215,0.03767920717813929,0.03710904949263635,0.03415151736543143,0.038631409489424284,0.056804799820228374,0.03933591758521933,0.03789024883126686,0.12241500000250638,0.03545265662272151,0.042236875851953584,0.03806740204229769,0.03990877907364124,0.04175554100128913,0.06287038529685096,0.03909168264535948,0.06549663355262511,0.039552558671411144,0.0848629213220351,0.060367322456945316,0.0775214054043227,0.030981378393120786,0.0614584486543117,0.03393425009936847,0.039567317424904574,0.037114613524510606,0.04059735657668177,0.04125326564950742,0.043664956199678334,0.04402352084694963,0.04753864555938918,0.03309461837880526,0.03860582405368758,0.03550169256673727,0.03996327733452355,0.0347888952785164,0.03728338037834755,0.03208327315038395,0.03986369819692066,0.049837651894698715,0.06485727810864893,0.06038967979193328,0.052683402872760486,0.04594420564837156,0.044932522661485924,0.04295015901122635
0.034865210309935654,0.03412182569681141,0.033819761962038564,0.034792643561876085,0.03998064277874741,0.033618396583079066,0.0442607471547862,0.040451187665333566,0.06103296163518825,0.03862979131871577,0.041135621742291115,0.05574632507898064,0.0512945105707841,0.05669086405451364,0.07345274185560843,0.046248513017891776,0.0447088784699574,0.040452375963867804,0.04452530067772931,0.03513358039096084,0.043342564405578834,0.03212409015299812,0.0292699288082114,0.031401813097898884,0.040486747171948896,0.03191162081800032,0.04644987377214503,0.1076587070453029,0.08332730149713392,0.08195786497508023,0.11490550748348363,0.2958623510192967,0.04021308364384958,0.04155601023645246,0.03794384716323167,0.03486974159038647,0.06379252928259756,0.0366528327803865,0.06638996301545821,0.03582353748325921,0.041171322093506865,0.03491296495493048,0.034503869197354625,0.04004943541996614,0.03701130551244679,0.03703897413379169,0.03407489416851142,0.03493714873025472,0.04175094200017977,0.041146797755637614,0.05376978055614669,0.05050320743439099,0.031553701184531095,0.03467290177446149,0.03350020264309181,0.034274664170798386,0.03810917683734262,0.03182706400857223,0.03571680099816742,0.035080565940028396,0.0372807045820968,0.03935345720112855,0.04144879448712105,0.04677168496596942,0.03465703929998758,0.05403018313856563,0.03736305691969298,0.047333095389256195,0.03754267494326892,0.03372358352456051,0.03535175363277615,0.038473624102052614,0.03700475116918581,0.036423067078868214,0.035708622288025293,0.05569782315499526,0.0360941038899993,0.03664504893639661,0.141748481653466,0.0432431138989621,0.048026277229493444,0.03567873973907608,0.04249277750499662,0.03487655581900986,0.06900630771702554,0.03629861976206693,0.07577781011235674,0.03508108781535975,0.09561553616952972,0.056235841879028255,0.04793597598474266,0.028704157705124266,0.05025417919613989,0.03161322500352434,0.04356679440399497,0.04666370781005081,0.035916586528960834,0.048183304775344646,0.048639563014359705,0.04307753842603718,0.039689186818351596,0.0290597260739602,0.03133888998334473,0.03723364956467,0.07440006558712312,0.05683482665980957,0.03794088854022491,0.03772831077943464,0.057150484587067896,0.05887726028531244,0.06656896321706014,0.07009470748981608,0.06543290662177623,0.06756370356277508,0.07230842649183677,0.069133111089163
0.04287161593746191,0.07940338708612496,0.0641218073401234,0.05702061503332794,0.07156547049157533,0.04447493287749985,0.08748350436441811,0.10828892187639827,0.06354116579269989,0.13476111059479012,0.07496344745822758,0.06120663046758672,0.043125404120669925,0.03525490377876542,0.04184532858538903,0.037079944966234915,0.038809315598881684,0.039323292754285706,0.04152533804908484,0.04021316157415986,0.044138512971027125,0.03843309940628209,0.050134219361181176,0.03924445953842115,0.04109692351132216,0.04004529198029344,0.06934742558371229,0.0341792281839549,0.03919466693132723,0.0389922311491888,0.03344817965371957,0.04021308364384958,0.31434999844135914,0.13894852605025731,0.11713365347531837,0.08137792721012696,0.03524678131430954,0.05949070914462361,0.1078585649356599,0.03720954827691701,0.04415917911568814,0.03938933101705158,0.042386078005910766,0.03706749540400619,0.037847978466563445,0.047924258548786486,0.04576144641470516,0.04627958696429456,0.05203575882410308,0.06473651818929532,0.057251724511254626,0.041598376966870826,0.0456924275109654,0.041400653920171296,0.043719166875897525,0.03672064906613662,0.03960140233118015,0.038109075785563495,0.03773735260558177,0.04255053368604986,0.04209077410284799,0.03564216979220339,0.03839028158563852,0.039208330606856065,0.040398031058711675,0.041667509880517026,0.03345491393946194,0.049805321648863615,0.03479384626953738,0.03893085569144632,0.04114549444792741,0.06147265663547796,0.039198847823657706,0.039469330400646624,0.07045560351496906,0.04802682632231044,0.05444101770611161,0.053762133700001886,0.07076951760527964,0.035478074349419755,0.2174135579552211,0.05152439371571952,0.10841828496169151,0.06385399161029326,0.1311080842408792,0.05447879041439041,0.12476320157760044,0.05642126874031595,0.033467160297974474,0.08379347312676463,0.035267466431916264,0.031415854092900736,0.04119912289287412,0.031576878119693244,0.10221458081285928,0.031058186302302296,0.10492040748731787,0.02846569088625215,0.06363093138284642,0.027801626993507203,0.032862887776427666,0.03141646220360883,0.03275396198842219,0.030535139190382875,0.0509718809023888,0.035008164730798055,0.0470958499765034,0.03325979537119379,0.04874243864726644,0.07301967281603954,0.07865781688360876,0.057661935220578844,0.05323983945826635,0.04497163763228275,0.04169694420639172,0.04521880756827825
0.09222373081546631,0.11905009272244488,0.09714164214380648,0.0723477038652841,0.11960819839347284,0.046482082844699936,0.057830532487060354,0.0701615430264286,0.04100990073915796,0.0617281899372132,0.055814230362114685,0.04421185165325528,0.0410174041021646,0.04071862138916617,0.042264763550944176,0.04147857505819719,0.03861116563755809,0.03989932274087047,0.047896644745838796,0.03978895518735444,0.045634539930698076,0.03502376235047927,0.04440438116393274,0.033153849210027425,0.04370943403167212,0.04212706156955452,0.06638470500630049,0.04015556775928256,0.040498207640908765,0.04546741547901194,0.04257620602878115,0.04155601023645246,0.13894852605025731,0.3119538059729831,0.1639540431170809,0.07200417813802767,0.03647394624984552,0.05536813114853653,0.03942260053352567,0.04374240630339969,0.03971183240204776,0.04097792519830623,0.051153541258452284,0.03845593194191245,0.03535013165265222,0.04218941854810174,0.039528512845836555,0.03598322211934481,0.04129803009876605,0.052199701890248376,0.04411033397012547,0.03898158318066977,0.04424082908291538,0.03653078516118402,0.03976766287941794,0.03328332143045897,0.03957738963402779,0.0394352518450304,0.04003811057397065,0.04199183229404689,0.040547434640947885,0.040502009733039135,0.040119068641490854,0.03802103138244203,0.04126266702845531,0.034241467635366035,0.03395675245443572,0.03968589336149298,0.03359593413215418,0.037822345840651514,0.03984753000692398,0.05441493472972421,0.037953357169318455,0.0430430258850539,0.06104346373185191,0.03903469545411532,0.04953306661865636,0.04305326424267622,0.034176256378578254,0.03746702651842873,0.13087209564540808,0.046298398488582394,0.07659254545621819,0.052981943499742626,0.05748749358598053,0.04461701665156829,0.06028425256088529,0.04730674111463182,0.03834953432691736,0.05662229655213037,0.030950895583510794,0.031304923449934186,0.03486867989813078,0.028935576468660792,0.09415251223014631,0.0339665403147366,0.09764770338545299,0.029941976231933263,0.06208215379291479,0.026482040572949502,0.023854753460756686,0.029516651079204717,0.028262388096357026,0.02986989592312799,0.043259868636519136,0.031340532008709614,0.06707284894273001,0.03790064379688965,0.04064398894428188,0.052977454846167386,0.058257794145851596,0.045005898541821784,0.043283591264270005,0.036138211495473985,0.03457807473389603,0.03583986921666666
0.06442415146319669,0.07855335377250579,0.09952121017707799,0.07873112811335309,0.05499953132926637,0.03591408612324841,0.05119350570342679,0.058784470885670556,0.0373001711510057,0.05659076804029711,0.04802232279666854,0.04097531685688676,0.034482274975815075,0.03422490325523786,0.032742554764153206,0.03650774888951791,0.0397988780392558,0.03838526943139487,0.034816375207901165,0.035612166586911784,0.059356430228823184,0.05498000657805148,0.06977951291925602,0.03097690841822975,0.07198775734829932,0.061121001671322873,0.11120564413764175,0.057967422347701886,0.030138880621951972,0.03213221748657438,0.03162633390643654,0.03794384716323167,0.11713365347531837,0.1639540431170809,0.28981366269162345,0.06690131928357873,0.03436012975330367,0.09611413580922618,0.048475598746804106,0.05174960460172466,0.042453720286356925,0.04944252351885312,0.06465693607250778,0.042996607910767044,0.04505820613335734,0.04832552619666287,0.048783229911138856,0.045755994881997886,0.04236273053736896,0.05213550884299348,0.043568661866525624,0.03431135434641869,0.04803886870634133,0.04944741869794562,0.04543555787495414,0.03703404267083335,0.039156941025548744,0.037571149311432,0.03953754939344574,0.0611205304987668,0.048886850468965376,0.031087557472938822,0.04124391339883729,0.041097522536571604,0.054642340911870535,0.039769869418923555,0.03868333918360946,0.03812147134032591,0.03465025431251212,0.03717835135491693,0.037754676867010215,0.050083333072848846,0.04243458913991405,0.05670643978647935,0.07333497279675559,0.04266030867989015,0.0769290895693493,0.06289025638865693,0.030289433916328178,0.042980572033883585,0.12163825120728489,0.05918205192163645,0.06775137951930663,0.09043960465950743,0.05625417233744005,0.0725239439059166,0.05813493952241157,0.08018941042212305,0.043301414587144385,0.08578611268461206,0.030079244381126656,0.03342867977869196,0.03365441045666763,0.03200532308514692,0.129472352239623,0.040604820741997685,0.1535424066873885,0.03469764307790753,0.09309808818364321,0.028428419756324146,0.03603286483576107,0.0314610367122133,0.04381394945175934,0.033187606403037376,0.040243963121976645,0.032851922874953046,0.1011467167216977,0.046834958226549456,0.038940960614470096,0.060344680465826445,0.07808461322997023,0.05668680325423489,0.04213475992308577,0.03348899179663621,0.0337727367037127,0.03419307256679899
0.12223510886622316,0.14957104998104764,0.10433315595636589,0.11676295476377614,0.07979788817123895,0.03911675821041133,0.1497867359722766,0.08947899856173909,0.05210401068113586,0.0686750546543021,0.24154041126293896,0.08538363627272696,0.053758374294514015,0.04411975850386335,0.041793722164682676,0.0398122491738294,0.03800796109082984,0.03689370868806709,0.03634990197430542,0.036914382037343145,0.04120061865655088,0.04262316268048147,0.03941033407924653,0.032820947496662825,0.049639796005553884,0.049287258451342325,0.055784434353795376,0.028477382016845257,0.03887203566195447,0.037160285938492674,0.037807685320101106,0.03486974159038647,0.08137792721012696,0.07200417813802767,0.06690131928357873,0.31045240016445186,0.04481311878424757,0.055498101192339264,0.06689785549814581,0.08359991871579242,0.06628951993899804,0.05111124486859789,0.09777095571580785,0.0540809821754666,0.06624596331709703,0.14024104555398365,0.06743984400222472,0.040449879217613796,0.04291680122458284,0.19372249297669558,0.11916362237122301,0.06703645632136984,0.0604639783064603,0.03364837204653267,0.057451950951652606,0.04848990148551917,0.03702234287009099,0.03786048775207723,0.03935812301251833,0.04440525019183017,0.038368581400567536,0.04075167143954524,0.034510441313241005,0.03959590846403166,0.042304389659673446,0.0382207816233084,0.037945561825161206,0.04763923679237348,0.050260535502558185,0.04007120729582127,0.03775680862289285,0.03939885267814622,0.06444378405001691,0.0449073710384994,0.18998364000579882,0.09519147957740516,0.05926084301256816,0.033420861359726536,0.048586579803799074,0.05383871024009919,0.10028192991236343,0.04219066953341252,0.1412845905486409,0.06834206850368928,0.07554454174953013,0.033165297255628334,0.07994576378972906,0.03404419142303526,0.04226796093892096,0.052469332074812775,0.033695297170848515,0.03279863315930796,0.03513476365733148,0.030451155550105698,0.0852420086856071,0.05503300386124062,0.06918659159968708,0.04321614153552511,0.05201411728032106,0.02794370020984566,0.0290075370380373,0.03190552580753624,0.027618558093086873,0.029543857983681216,0.047716831869194724,0.036172223053147254,0.03442562540279953,0.03454617055756835,0.07357247005662435,0.10591387613192746,0.07797210876172873,0.052129370101522146,0.04185357606884629,0.042660508481213166,0.04717054180475011,0.055827509357936386
0.039660881032375944,0.05539233336802843,0.04473487429879204,0.042921356453397216,0.050980271523514184,0.08171604419104644,0.07288091185838805,0.08662083909090318,0.05435284731262766,0.05862156159116831,0.04514528588322869,0.15965009784644668,0.22005127627436805,0.06396577137649821,0.045631973544735166,0.04582202292300201,0.1345783527787146,0.05414482408215236,0.0460084554742268,0.05540029051199201,0.12362454144521494,0.03598147381470397,0.03841248790909482,0.04779221443572632,0.04501787690043883,0.039005208908026556,0.0423256599809127,0.0635529459644134,0.06114221563128873,0.048788429360505856,0.05439953111859962,0.06379252928259756,0.03524678131430954,0.03647394624984552,0.03436012975330367,0.04481311878424757,0.33066299573290614,0.07399117305453407,0.04433480195345704,0.03867800817096598,0.03795930297861015,0.052686591970165786,0.046937268384653716,0.07985194656897829,0.09009309361125323,0.03920221756827179,0.057873139409337776,0.06537963539630984,0.06597123012501133,0.03327842092217141,0.10269386222542905,0.1812135191623317,0.04767316511964937,0.06316950948034417,0.04387154464882717,0.056557329373363455,0.04268675391939172,0.06392060997877227,0.04663331164322766,0.07421820630744155,0.03951854984278354,0.04049203395023286,0.03663074525227776,0.054032786475395236,0.045760893670780026,0.0560297812505166,0.044426117447858786,0.05244718349871412,0.060993219131131884,0.0404868128339943,0.040636833787090806,0.044701608192386846,0.04738098662615156,0.04936448869509322,0.03908649972942589,0.1456581122872705,0.034070697410543284,0.06508673953642347,0.08552778109604042,0.06441002427256756,0.04478493567358456,0.058089177169798605,0.09241085773854579,0.05821941750159513,0.07624229762302637,0.06874871891145576,0.08802109749937209,0.06964105752665738,0.14403857431914324,0.03680816653619558,0.05153072251421818,0.03526155019435012,0.05491272302932623,0.03678832055254877,0.047585228014663264,0.057535509917123855,0.03729526926352325,0.055210091237962444,0.046522568589635216,0.04032693606678067,0.044502968674219,0.03702009199966498,0.040504892546757945,0.03646936442516097,0.05832457394936022,0.05083652905153785,0.033624723172555576,0.03521367541171846,0.06580657640208029,0.062246696970749985,0.05456477438695216,0.06365777973468034,0.06179474299431309,0.0582582700125156,0.058740562390980834,0.06011172027993347
0.037833141832141176,0.04174736834553007,0.06122616696384563,0.059221659933406855,0.03858921937965541,0.053119805404466515,0.045269734317815016,0.04473650096122865,0.04214713638619895,0.04535136550594862,0.04569185068900503,0.03956192757145127,0.04135979925959244,0.03700428310274961,0.043189887788789225,0.039728153958266885,0.09485931745467553,0.03801934193827851,0.036913288518841764,0.042075680970007426,0.18025467065095302,0.13625715639860664,0.12649137770798635,0.05516951681503759,0.07504209651603078,0.11517972857404443,0.08281146807674204,0.07894353566749526,0.03289253400014272,0.03888668511230302,0.033154405543560736,0.0366528327803865,0.05949070914462361,0.05536813114853653,0.09611413580922618,0.055498101192339264,0.07399117305453407,0.32531745102278264,0.056379672903168476,0.042760066097297045,0.04477215908291063,0.05359019491183578,0.06190202204695298,0.0534697008908321,0.052987806039108715,0.06512420095739116,0.05971755009412136,0.05768876059876185,0.04927475298679947,0.05085216824550285,0.04444275099316218,0.03765526044815108,0.07131488148209045,0.06815107379851251,0.06914168304039163,0.04992530606327178,0.05923560730133298,0.06368269452681444,0.06128844206991285,0.1993920335773262,0.05902082439580087,0.03909047909173226,0.037398944321544794,0.036628550351408176,0.06620016756053673,0.03683454870413615,0.044584756584405895,0.034233456113090616,0.050466223646007335,0.03921486142426302,0.03897848124703116,0.0429496301410678,0.043725102303344136,0.053156814232572916,0.07737415884223386,0.0354344540493269,0.13855126062731832,0.06488150155252417,0.037328292890005874,0.06238620394914236,0.05799892336483429,0.05567124194391736,0.04463334542512666,0.10822083458106083,0.04193511120396802,0.08039341050615384,0.038098841299304353,0.09039409842561175,0.07458165075400314,0.06870591122904313,0.04965721113843784,0.037329255218311166,0.05492997421469328,0.03980854662461716,0.07001592122433309,0.04549170154960988,0.09347401365629869,0.045061612566305365,0.06364481417996976,0.041968412754745596,0.05696049958476461,0.03650274366639632,0.0543931354954218,0.03697706996623748,0.0345418295578097,0.036959827692731026,0.05885614931964123,0.03843092434324059,0.03492437281807945,0.0470574949656114,0.054571935762653845,0.03642100793943895,0.041496766578537195,0.03938096144670214,0.03467106741795757,0.035935323693795644
0.0345895896917607,0.04361349153700436,0.03434653498516021,0.03810071918278541,0.04269846399916165,0.039106825825669794,0.08901012005353479,0.09460830927243682,0.2208271626682433,0.14169296689690744,0.07831263743476694,0.08468113376479633,0.05644146939417498,0.09896376913600227,0.17913172015192705,0.06672937615588234,0.0400946830407659,0.04556235329533219,0.07388202467530719,0.04081380121545788,0.045802623862485486,0.04534981061261162,0.05416774573897182,0.038238780369094956,0.04163466414860113,0.03888466542178794,0.06714048271490014,0.046633902355739845,0.1337389634744504,0.1275085071116252,0.08264167211594675,0.06638996301545821,0.1078585649356599,0.03942260053352567,0.048475598746804106,0.06689785549814581,0.04433480195345704,0.056379672903168476,0.31934580951807034,0.038553198888275866,0.04716436527418258,0.0378236133064862,0.03714693130017188,0.04092259039458655,0.04019225525289212,0.06336733094763322,0.05739230871626883,0.06560298775539614,0.06151578026764923,0.07622317023471628,0.07984993041231048,0.05522462600731062,0.06410868785756166,0.058152220130052466,0.0686971356991172,0.04422681427678365,0.05787019492647154,0.050724976764669645,0.04894409160151235,0.04607946883491422,0.04275100438723736,0.03823345816952817,0.040049331316286796,0.03895998294407165,0.042791457655947454,0.04379685467445979,0.030852609613911716,0.060203849420483006,0.042233544734885345,0.037922652138356786,0.03521881422010441,0.047685074716674034,0.035326993910530013,0.03488061149154944,0.07026172561163135,0.06786342723948777,0.05601283743798775,0.0642689984385999,0.14552926875298922,0.039381933471246064,0.14243749890194987,0.04360152475229338,0.09007402979892032,0.07909996724078713,0.20708648084678843,0.0663905304992046,0.1794297269928506,0.0653179248092639,0.0659960573641798,0.09824982631781333,0.04242304918299873,0.028795744954162705,0.03927785828858356,0.03245986246854507,0.06844563670303663,0.03566335143514393,0.06718533618628839,0.03518471089131345,0.04707328809201969,0.034754745008845886,0.03424072034531861,0.03103168372522512,0.031461854617610426,0.03488130793131114,0.03999445615479376,0.03585405904606881,0.030980211722166195,0.03324088524144041,0.04679908939840776,0.06720186232814065,0.07876060419306907,0.05696523709476433,0.045409122694052825,0.03814954317706616,0.039736174019016045,0.042726629451773815
0.10382596198073196,0.07509297389465858,0.09788067839476308,0.12276725541127204,0.04411347798302559,0.07106032775794668,0.03935966683259716,0.045645846890205906,0.05017581120690601,0.05397555764729839,0.05780291645574738,0.041880790565103757,0.043915991165530466,0.05946966573059194,0.03664059955761248,0.04832816720534222,0.03410641427146059,0.04428812159430072,0.03663934134954744,0.039186288294020266,0.037536638882273654,0.03904627227410275,0.03423154836901371,0.030698994845420456,0.04416131294742397,0.043561474575044126,0.041037302687567334,0.03938727722184565,0.03967218517668885,0.034010206328622436,0.03196175904209349,0.03582353748325921,0.03720954827691701,0.04374240630339969,0.05174960460172466,0.08359991871579242,0.03867800817096598,0.042760066097297045,0.038553198888275866,0.31742035427529525,0.1933593278477804,0.20437941810774363,0.21000948661623145,0.06074879307953936,0.04364807000770338,0.10621966260429874,0.09899567081059499,0.0601445437090871,0.05353636720398855,0.08431280943029942,0.04435215157019065,0.03870381072600959,0.05943689985283118,0.041854519834646386,0.04967199515270171,0.04352793938729685,0.041844266338190425,0.041295857121159144,0.04018795150345385,0.04293358422226928,0.043926717599513714,0.03881043731236872,0.042182408216585046,0.03958265934939038,0.043815146033723815,0.03815200165144965,0.039526103546182925,0.03890925195784374,0.042082932236582105,0.04178434966550998,0.042074064193444255,0.0527731795979661,0.07116183810332721,0.051426460121732964,0.11646932244994158,0.0456329025890702,0.06044578755350042,0.04139278427458347,0.04149073143228735,0.04145148309495954,0.036086751348539864,0.05425406003221127,0.042109027306047375,0.07284388404371687,0.04325557635040041,0.03919898574180847,0.03855774821124926,0.037647908982800626,0.06224691023728371,0.04203178321668673,0.031082963551968087,0.032065948916329606,0.03427499081196586,0.03323736440095128,0.05340133344938003,0.0485949866848134,0.04895889608672241,0.03762003062121658,0.043694412382355996,0.029638172201777755,0.029737627629337123,0.032070864553119346,0.03279487315371528,0.03223811397672782,0.041411248572987516,0.03898324985110582,0.03949551293148341,0.03841600586503664,0.05649793821207633,0.06304283447143824,0.05471003535760585,0.042608734067024714,0.039610246929805824,0.04197188329254009,0.04388335960258821,0.04537533272912746
0.06120943312979533,0.06553631900172838,0.052346306630455766,0.06575383312537159,0.04670255948852749,0.05183454181531009,0.04045719006843066,0.04185656038025483,0.049484806808025306,0.04889079371776678,0.04360069037655073,0.041858949246199706,0.04095499549236092,0.07027656878151849,0.04561646191698221,0.05923272050766255,0.03421452423953654,0.05247461038660798,0.03760362906637419,0.04241270342800035,0.03732081318647384,0.045967230758709135,0.03852762033640145,0.03304683135341537,0.05145749162945239,0.05553299085396028,0.0427685599862654,0.0545062893158596,0.05297576015931154,0.03907373416002295,0.03740183263731854,0.041171322093506865,0.04415917911568814,0.03971183240204776,0.042453720286356925,0.06628951993899804,0.03795930297861015,0.04477215908291063,0.04716436527418258,0.1933593278477804,0.32710143653438284,0.17340974278443302,0.12455043628824906,0.07319352004846542,0.045791321992558615,0.10720989571121789,0.07212453339266212,0.04332302994899499,0.04335121792830299,0.05567774455998066,0.04960808875518449,0.04118599342604577,0.061300720471304,0.042006590861663834,0.05162293179879272,0.05874874084683322,0.0406967381872058,0.043086919701299714,0.04182476729263767,0.05135624965433608,0.038552392431807025,0.04015421402684442,0.04876459229229185,0.042741429685702124,0.043011901363018114,0.04231381880542029,0.0497074736533574,0.03390589947120404,0.04294274391998326,0.04419253916139314,0.046626927087810244,0.10744567653683743,0.05992161710760466,0.06244747770423293,0.08488807295736389,0.057158335820472576,0.07486123590580177,0.04933863690264979,0.05494625652592769,0.03808239036018202,0.04230403295431981,0.07902664530080312,0.044258094794548716,0.07129861238248494,0.04839686844364234,0.042622949416298475,0.04286971071918337,0.041638047153419955,0.06657604680894383,0.03618090068800012,0.03459351567881061,0.03226890075274452,0.03616103539376368,0.030461628636731367,0.06230725572617825,0.07432620959076794,0.052903427027333444,0.05478060330278736,0.048810854764219716,0.03539160144519424,0.03152621949637852,0.03024922759273542,0.04182098492283694,0.03131414279486808,0.04878588417538496,0.05240828049452986,0.0509143111372002,0.051980944720046385,0.08575164054999707,0.08744748287202644,0.05907936285975443,0.04304039513243568,0.03636133589618275,0.0412167638692645,0.050720475301835155,0.05863668778640094
0.04841627919073681,0.04146639454005033,0.0699650857755966,0.09162498666126823,0.07567864912827685,0.08658278262297099,0.048740933799466736,0.06185637995107271,0.04763702641702428,0.05816668095090627,0.041586121663775746,0.05218017183981498,0.060776634379899955,0.05794985517077872,0.034859449842619634,0.04629052619089618,0.04138107371140731,0.04401114024143181,0.035070805841817626,0.04124167367226264,0.04695918987901798,0.04447489973888688,0.04380308653962153,0.035461537214487845,0.04415539533932872,0.04229645305336921,0.044986380741516604,0.04508402782379624,0.03725359887203601,0.03140713173357276,0.03206996026472161,0.03491296495493048,0.03938933101705158,0.04097792519830623,0.04944252351885312,0.05111124486859789,0.052686591970165786,0.05359019491183578,0.0378236133064862,0.20437941810774363,0.17340974278443302,0.3628724181458048,0.21084367043898505,0.1401411825617801,0.03995826019097423,0.10322278118442164,0.12856667412414757,0.0856587796594998,0.06855916324572589,0.06080236376009479,0.03777381653630532,0.043921318993789774,0.0771026543288123,0.05849117866987562,0.06086589955169677,0.043043568167835694,0.05036714689145842,0.05483681484226682,0.04593620421693839,0.052210432163538566,0.04509836154651699,0.04133864122898877,0.043678429667123916,0.039338973566247736,0.04115857830911235,0.04294828380147912,0.041008848299970396,0.042079310524479274,0.03807138836620353,0.04297307423811873,0.043526462868575616,0.057705030362597665,0.059740271049171206,0.04134854494343394,0.10036636999903525,0.038446535755088385,0.06486236476329497,0.04924600417827388,0.041904339957464246,0.03806425971633749,0.03867877739483312,0.0411769646036631,0.03860555632928156,0.10867391342215274,0.04558806404255373,0.05446046157428873,0.04190598455658891,0.05312691007112738,0.06636297445119627,0.05494238924866085,0.035731931982347434,0.036227643102971226,0.040104758914501853,0.03346953302432357,0.05537967714592735,0.043966436222881475,0.05050262338129227,0.03783261230662401,0.0453610186460541,0.03510692783661641,0.03487942037577042,0.03319013762622841,0.03717093993036945,0.03151488350245214,0.040422316951146696,0.03826024835684727,0.04323907238208467,0.037702350764628856,0.0524345860592509,0.061384969950813696,0.054559464207716554,0.04347940068045944,0.03898095387064465,0.038293540387147856,0.03890177550916503,0.041674520653648156
0.09385447342480052,0.07170270817883517,0.15007506371044485,0.2045311200140199,0.04504703348868315,0.09723908419959887,0.038502786006699714,0.05249718620611435,0.04559429923816295,0.05218145563950004,0.0745132442019266,0.0423942594227759,0.05164583826774653,0.053431385603018924,0.034040634516171064,0.04548594529883829,0.04739482696306101,0.04176401965253465,0.03608408287902683,0.04025394881113909,0.05133447226376649,0.042819164141347815,0.04199878038948773,0.03836939877729306,0.04422564136001618,0.04350210543629525,0.048009311365390245,0.0369474788282519,0.03548223682712885,0.034119562803765574,0.03452863601050163,0.034503869197354625,0.042386078005910766,0.051153541258452284,0.06465693607250778,0.09777095571580785,0.046937268384653716,0.06190202204695298,0.03714693130017188,0.21000948661623145,0.12455043628824906,0.21084367043898505,0.3573688342178146,0.07427023170692046,0.03972579196221748,0.12043443818692501,0.13668993206417385,0.08318709185873127,0.09023941137523306,0.1339712360856824,0.04012861471803297,0.036793512643487555,0.06949025437392348,0.05157660873015134,0.05625454937131523,0.04144275567691798,0.04098201725157011,0.044387341291779375,0.04051012439350049,0.050239652196114155,0.044502381286206816,0.035890679339892526,0.04198298494720319,0.04237710262896654,0.043814386641159456,0.041891222133424874,0.036990153140247145,0.04538584675711037,0.03886530288970106,0.04126850387988508,0.04273693298976218,0.03494226093389806,0.06389068501698203,0.041908612491080924,0.1759331828377036,0.04064544996112765,0.06106756587777341,0.05329355593636581,0.035512991011577094,0.04229177183190551,0.04721197275629307,0.036472532052490056,0.038553017258360855,0.10968073967625089,0.03805565530793063,0.05472669274662047,0.035557016851356565,0.0504586164159744,0.06233865505218734,0.0609376484940152,0.03622094789449985,0.03156974958193195,0.037894437275258555,0.031665557769774956,0.06190599787688651,0.040431714754085024,0.058989651396541394,0.0343867148342159,0.048459752084559174,0.030721668168802913,0.03606324784619937,0.03057810870852041,0.03545286000991381,0.031249436489766767,0.04067477642685825,0.03626748881390944,0.041518990346043186,0.03321037013710505,0.051942856672974526,0.06556880165714074,0.05933241951193557,0.04523485731630046,0.03915369829428057,0.0405264125453315,0.041478533840293055,0.0425244729504031
0.05266705513794287,0.048743855888885024,0.042101276171102875,0.042836280876701695,0.0787933124570708,0.06875294221885292,0.10108403690444895,0.08540945189644245,0.043211656188695595,0.05261400912288157,0.07382495007388962,0.08944995709196965,0.08069637137781902,0.04853665972034994,0.040011189750346315,0.04277579454908283,0.04396447242549005,0.04090686815385713,0.04217906291893955,0.04221948427649705,0.04882327248756073,0.03789120499259939,0.03920535568095173,0.038195287853108044,0.03873283273650418,0.03486872972785575,0.03987329676886049,0.04187208106291919,0.04225384012354206,0.036889463944361475,0.03540546535181281,0.04004943541996614,0.03706749540400619,0.03845593194191245,0.042996607910767044,0.0540809821754666,0.07985194656897829,0.0534697008908321,0.04092259039458655,0.06074879307953936,0.07319352004846542,0.1401411825617801,0.07427023170692046,0.36259503175503954,0.10461886409726101,0.050007006582943284,0.09792679459726089,0.08790527234265796,0.05739155331361458,0.047059506528501396,0.05613530621161484,0.0660534023663206,0.0685438484386039,0.08112112024599578,0.05489789247876187,0.03933113330325737,0.05769437170892075,0.07147645957125565,0.056897201822793654,0.053318231596324775,0.04831754954788513,0.043490636546337155,0.04259879951130422,0.04777281054137572,0.042272403264773925,0.0544543416636884,0.038312411476944086,0.0387555435943986,0.04077431742817059,0.045041652854175246,0.04308761045191313,0.041369095387766244,0.03761307743494152,0.03857960559942275,0.0449696855471093,0.04636237288409556,0.06109997262246629,0.07163691866343694,0.04206387374041379,0.03790144886681822,0.03762779163969329,0.04452158256150382,0.06837858426761037,0.10764122682836996,0.047540159031449876,0.09131805750315741,0.045850910002013315,0.09352503647290736,0.05300113135472351,0.058724164025570465,0.038204392175989296,0.04500390378808525,0.03832931996289341,0.04148796500854948,0.04558349500179498,0.03669871820458636,0.04593912501629699,0.03877954152270453,0.041888948147252164,0.04529405105005577,0.03713137566098258,0.0420385972859888,0.039531072317756585,0.03722995861169619,0.042127991296004114,0.04162502509275863,0.042676572593787,0.035433483392872556,0.044937725100258244,0.047341900240767024,0.04995920444283497,0.04434859540663397,0.03889079376056151,0.039493885115015004,0.04172273163463373,0.04300738754542185
0.04924624547869286,0.05492968743730723,0.04128941467073159,0.03834225394636249,0.039723802931939445,0.05957593064455409,0.08606510718198424,0.06449126791563475,0.03872022897681325,0.04043142922918254,0.07359473816972983,0.08704014573735075,0.08125440628549696,0.03796683570518458,0.03790463148777386,0.037278953322572375,0.05415713218065761,0.037392604810641605,0.03863869893596525,0.03858023808636354,0.05348676942636153,0.039343813921362075,0.034894250191963766,0.03518338794811594,0.039174690683271854,0.03955798803380875,0.0393236049429015,0.03909756727754023,0.03996447692928308,0.03598780362069387,0.03812813912796319,0.03701130551244679,0.037847978466563445,0.03535013165265222,0.04505820613335734,0.06624596331709703,0.09009309361125323,0.052987806039108715,0.04019225525289212,0.04364807000770338,0.045791321992558615,0.03995826019097423,0.03972579196221748,0.10461886409726101,0.3282203337755306,0.05351697395168363,0.043953799561613965,0.07399780898017791,0.06960523902310681,0.06004988093410668,0.08959415097937148,0.08907486542625981,0.04480488127279581,0.11264081120264349,0.041999807758199156,0.03774992663465464,0.0499334275014439,0.08361767348612796,0.0635150842066081,0.04878839717330018,0.045162183830310315,0.043132465160644326,0.047534987313262334,0.041962881753747044,0.04253787315351966,0.04538018448644755,0.03154781993484852,0.03491361019648899,0.07803542187205881,0.035244473237696944,0.03162501504864319,0.09358950187095615,0.1098653221306489,0.0877464895427024,0.04080855765961859,0.07966248622297889,0.04976821676058727,0.14020159797565057,0.042829523528615895,0.07992179338223757,0.03571264765456746,0.14539600590034096,0.07187458694152415,0.07276318711390914,0.040655906727892065,0.1512152199701379,0.03877574157418026,0.15759625206611733,0.04286104956619112,0.06421312224827891,0.03682173608028755,0.039971935226569784,0.03673913366705571,0.04247184280840377,0.03679164513389591,0.04922898594825252,0.03739802250400012,0.035186236886751966,0.03899038748216967,0.035571789994695555,0.036364876653667014,0.041447483072493393,0.03510706676432522,0.036498508649124704,0.038188965495313365,0.03703232929952563,0.0392009156992147,0.030338440662517188,0.03715458131306173,0.03569706934523026,0.04178069130898537,0.04343119085331549,0.04345830728118598,0.039511051858100374,0.03794744198150278,0.03660784972805552
0.06005587395490908,0.0799708582500005,0.05808026189515863,0.07860568105152621,0.04239438440449289,0.045489913379123684,0.07091474105605461,0.05092753341046385,0.05366482990169707,0.055239268670462166,0.12496767551079241,0.0537173257415679,0.04251923379925972,0.04013213643778432,0.04634660200811459,0.04155473508191247,0.052833080639255264,0.037932507629210035,0.03974310991884445,0.03781186010853316,0.05551090566268645,0.04781315378661943,0.04104054239423233,0.03702037493394117,0.04502529801727238,0.0505332861088941,0.05027841736991934,0.030826515945156736,0.03688705083783819,0.03735191439582661,0.03804915764412485,0.03703897413379169,0.047924258548786486,0.04218941854810174,0.04832552619666287,0.14024104555398365,0.03920221756827179,0.06512420095739116,0.06336733094763322,0.10621966260429874,0.10720989571121789,0.10322278118442164,0.12043443818692501,0.050007006582943284,0.05351697395168363,0.348311727363378,0.1722710160801518,0.08305356903965089,0.051821504711422536,0.17139114926609816,0.10905647109534594,0.04957067393003366,0.1594651628492837,0.045697809514610305,0.1358626559493623,0.0707678946139358,0.07440636239849183,0.050790489009421666,0.04450697366564964,0.06357077954353293,0.04280499383198832,0.03772879053531001,0.03869621298277677,0.03943380536386329,0.04359585009513308,0.042117662999925115,0.05271453371526539,0.05134551053895517,0.06142856934475645,0.05003245043552284,0.04833462932235856,0.0721331891883634,0.09223642299452438,0.0701160240333048,0.21769743199704922,0.08835617089549706,0.08130185865266497,0.040206504516878516,0.042163263287322755,0.06387128567896586,0.06600078817076532,0.059501408148367504,0.0755900433459592,0.14041759572973445,0.058424543127524806,0.04577878981734636,0.05981850883555398,0.04425327994460618,0.042144737125003454,0.06567700128510393,0.03060454755760724,0.03210221876855754,0.032517863370450616,0.03221848835477256,0.07844483833304497,0.08017856522801578,0.06465249924541674,0.06144345234433271,0.04579072182941443,0.037660619260556694,0.030984481915656767,0.03277529981667526,0.03013653498238151,0.031051413554181343,0.04500790426221827,0.03852360543732207,0.033106824761286305,0.04794592666460178,0.08058041108942476,0.11315947746325236,0.08297085179302424,0.04982676175355713,0.03731754153124377,0.04027694058251372,0.046924687159674766,0.05740221031071742
0.04494634752728439,0.0526636594726073,0.05739905695450383,0.08244064607880243,0.04463540038450474,0.0579021872576217,0.03902284513496515,0.04609397136254395,0.047636380657102385,0.04247508635692182,0.06057176874597618,0.041220611657504305,0.06459399258590034,0.038234075579771154,0.04951529994468308,0.04335532966828759,0.05503182353356591,0.03893610854141892,0.04175595081430461,0.03856841964637779,0.057369409709223856,0.03793103627248811,0.03834946366451128,0.03663650242941191,0.03849634594419182,0.03716528849353297,0.042710927496437366,0.03745524065609758,0.03897255346557564,0.03821303218442222,0.034993848738785305,0.03407489416851142,0.04576144641470516,0.039528512845836555,0.048783229911138856,0.06743984400222472,0.057873139409337776,0.05971755009412136,0.05739230871626883,0.09899567081059499,0.07212453339266212,0.12856667412414757,0.13668993206417385,0.09792679459726089,0.043953799561613965,0.1722710160801518,0.35635188712785726,0.20418807533061722,0.14518149828736332,0.11603777717239497,0.04158856558169667,0.0486340500869982,0.17562710831658784,0.09354072361989843,0.12977041368105385,0.04380139040547018,0.08643561030457098,0.09337190209745401,0.06100484745239354,0.05631715776296508,0.04363290126702707,0.03731322502528307,0.03610251672055511,0.039717483939020325,0.03919640717072262,0.0427548330156598,0.050968446340231524,0.06348900722649628,0.04413112501669414,0.05040112852684639,0.049538696754395845,0.04272416455372052,0.08177217289753139,0.05165372450213043,0.1568505908198338,0.039178213445715204,0.06659708022423536,0.07868853374801554,0.0428586171360064,0.050413805319104096,0.056266630040817014,0.03781162797201636,0.043460781627654974,0.18845947929426754,0.04406423212808744,0.09546239551858333,0.04776896655981533,0.08092876722402473,0.03742750952482804,0.09170385566658515,0.03594070939684013,0.03241409693688459,0.03717558620379152,0.030636662718032094,0.057133323423029195,0.057116606994636346,0.049341399967549535,0.05280565422315958,0.038954613446392505,0.039949899772512384,0.03325842453294975,0.029364618643647297,0.03558463395398523,0.02969564322194783,0.03821605213900588,0.03212600575414313,0.034376647266196714,0.04601605773386684,0.055798446445684734,0.072187594206577,0.06664869463258036,0.0459985132980701,0.03823804147833046,0.03498493111664536,0.03914047007697606,0.04468361145496612
0.03700728128368376,0.03975949393663031,0.05251991104140731,0.061370402628362145,0.043027899256896165,0.05951586735093854,0.03603894187215749,0.039935448316465075,0.05231017838340103,0.03685996246705978,0.04225036538137383,0.040306610825710396,0.06561486941943911,0.045783827153552316,0.0600761405156873,0.050667331968240345,0.06849195578516548,0.04327174675657036,0.042375411729376825,0.040169889913589024,0.07297971782853038,0.036224341824568365,0.03512156850430495,0.039180556349311585,0.03577949562087876,0.036456794539367086,0.041059855158607335,0.04459697096525918,0.04768074875337526,0.04622241417903433,0.04125215406564128,0.03493714873025472,0.04627958696429456,0.03598322211934481,0.045755994881997886,0.040449879217613796,0.06537963539630984,0.05768876059876185,0.06560298775539614,0.0601445437090871,0.04332302994899499,0.0856587796594998,0.08318709185873127,0.08790527234265796,0.07399780898017791,0.08305356903965089,0.20418807533061722,0.3521756642660245,0.20457150780719663,0.06999847320396761,0.03693137751494095,0.060764487542800644,0.14995126971310474,0.20136127574981671,0.11988861183048438,0.04495584990816613,0.10711946947394146,0.16674096582099468,0.09369682953162106,0.06489794534286483,0.047986331238342075,0.035589652956114534,0.04262050387972999,0.03583503341427786,0.037906097009952906,0.039906051657785685,0.03965764946411968,0.0795633184208693,0.04163800290473811,0.04662571484405789,0.04628164380593577,0.03960555246444361,0.047759749745312524,0.03662253581839675,0.09240723933880392,0.038397876781244775,0.058754355329479147,0.17702144752685078,0.05062864632829243,0.04005145296585429,0.052551338511974854,0.04901924945358568,0.03814460994227059,0.1762635319010839,0.04261580679783587,0.18294615269175996,0.04447840993296631,0.14884949036732462,0.03669665234254138,0.13138022173039038,0.04073799948087163,0.03426484685843857,0.03947402141324216,0.03797468125089153,0.04682299409359238,0.03649859951941467,0.04182882741746645,0.039619533867179174,0.04004762856661173,0.0412316686968278,0.03950330385100086,0.03645387406252783,0.04471080286654287,0.035441376430600524,0.03815434541769247,0.03416056769073794,0.04017301830612406,0.04181052256370031,0.041822584080625114,0.04554579391366935,0.05719920339818878,0.04557572931205847,0.038275387766057524,0.03650506561059051,0.03917027067128166,0.03986786527459331
0.04701754680077705,0.040803318929814536,0.06892003191751131,0.08521264942502702,0.04298191119854365,0.04977227748566933,0.037786216050591154,0.03862668332101707,0.04669692348437603,0.03608316686618497,0.047539854080761446,0.045529177822836164,0.06415761230451528,0.04640562728476477,0.0557265825214499,0.05123480130440344,0.05223445880574881,0.044974415354845615,0.04439353451490378,0.04287673570236357,0.0557152362438373,0.037143688263199394,0.035928384121514764,0.04524091322868516,0.04054622546421076,0.03896950581209897,0.039274476639358576,0.05030325764445677,0.05312967223933124,0.046885578190773616,0.04108509536702429,0.04175094200017977,0.05203575882410308,0.04129803009876605,0.04236273053736896,0.04291680122458284,0.06597123012501133,0.04927475298679947,0.06151578026764923,0.05353636720398855,0.04335121792830299,0.06855916324572589,0.09023941137523306,0.05739155331361458,0.06960523902310681,0.051821504711422536,0.14518149828736332,0.20457150780719663,0.37322496318546905,0.0835478688706994,0.04765846055354887,0.07184247685250389,0.06931168272107674,0.12072799584178748,0.053198600975810986,0.05835385349932878,0.04872111358959507,0.08113721496377296,0.05236012599766647,0.05001576335131504,0.046426824810974585,0.0374437442995325,0.04155355320276792,0.040634580093653644,0.04224326533955822,0.03682678809332957,0.03415887615138699,0.057936207576583715,0.04201683596473675,0.03875521043672543,0.041042794224351795,0.07430285445496043,0.04802393399674793,0.039014924136787296,0.08424472736508887,0.05034974090006354,0.045073057897758964,0.16206877795850283,0.06503590129850337,0.039079534041483385,0.06271287975044376,0.05297473244798795,0.037182352901366664,0.10482665119365994,0.04655300128534108,0.13491008909268187,0.04741541835841507,0.1039994946149694,0.04185075982477271,0.08535609371717653,0.043109867673463795,0.03241787240585237,0.04262038708600582,0.03669908232708062,0.04528993761684923,0.038866466651705955,0.03822788074948966,0.03207125621955651,0.038751564785294776,0.03207608357726083,0.03977595615975604,0.035137021351703907,0.04568880473566849,0.03506945229683313,0.043913011315289366,0.038512698844284016,0.04195776923729541,0.03833759717232271,0.04339604771689422,0.039587072337056654,0.04492689111653375,0.043755257133215694,0.04345625023075355,0.03714573187212333,0.04054872593137507,0.040120524538210606
0.10265875806792468,0.10748397189988779,0.1046597787623371,0.14254488583785374,0.05485728713666113,0.04408552337874022,0.08492703422149081,0.04926386120947905,0.05585814531932555,0.05249381545829032,0.21125831601866557,0.05304221392666699,0.03846067029139667,0.04415489241571928,0.05411510002660906,0.045059289647599254,0.04542769932560524,0.03972463579623031,0.03975396982565687,0.03672808629441289,0.04790746738795433,0.03794098647516962,0.036711831355079244,0.03541898544131564,0.038238956473590005,0.037991534520285614,0.04285840989489163,0.03360548836148171,0.046326316384852975,0.045583382557772695,0.041415139073311374,0.041146797755637614,0.06473651818929532,0.052199701890248376,0.05213550884299348,0.19372249297669558,0.03327842092217141,0.05085216824550285,0.07622317023471628,0.08431280943029942,0.05567774455998066,0.06080236376009479,0.1339712360856824,0.047059506528501396,0.06004988093410668,0.17139114926609816,0.11603777717239497,0.06999847320396761,0.0835478688706994,0.33460549567026954,0.08251943326362135,0.03955543013408963,0.07590776557043391,0.03732569282993717,0.06233395674663675,0.04182097859513115,0.039683807328121296,0.037216611809203215,0.035445259346972624,0.043779339761754105,0.04187308310898696,0.04006084883727397,0.03459303017086766,0.036899536527579796,0.03854916334866616,0.034719839656178496,0.03553448629105324,0.050460226112163706,0.04827299290924436,0.042261300063180976,0.04098762450759956,0.036026286188610535,0.08638493518235316,0.05223365783928893,0.23612278227656414,0.05814028918724072,0.04821216623767223,0.041117312959530486,0.05980474252235421,0.058752603552086946,0.09004585892000778,0.037704920095042886,0.07921138235829836,0.08368240826017345,0.06959853484101629,0.04023310329736575,0.07093871181477601,0.034793364155794496,0.03681170495182251,0.05924096662466083,0.03552899386072869,0.03083485796525373,0.036837598676944444,0.02739365740648772,0.06155303312341421,0.049325358022562264,0.05149198175056297,0.036796491276641,0.04208119874009264,0.02689858053554363,0.031466970117246806,0.02982793208713523,0.03096407537343023,0.026947057325157703,0.04139187974765734,0.03447083572008605,0.03572757787548066,0.035144686164315084,0.05688664518000964,0.07146177226375647,0.05925747247787287,0.04384798779061093,0.03582915806669405,0.03582740652363813,0.039458433431209916,0.047258533637885417
0.05356072160621764,0.08595840070194713,0.03771584492497,0.03877820771863463,0.05198319463621248,0.04533942008449098,0.16459032131014256,0.12112342227730269,0.07897056020667313,0.08890885408806538,0.11970706560673823,0.221827775001337,0.14989512759998597,0.06874853433979167,0.06580910278610669,0.05839111534289851,0.03508470388743555,0.04796581123026013,0.05228731950092293,0.03924466770966781,0.03545259986590338,0.05308554185849085,0.038474190328495333,0.03726649559818121,0.050380418408693686,0.05155268112669224,0.05482791982811601,0.039141265962344324,0.059637721614059135,0.055376763820449135,0.05069771506842363,0.05376978055614669,0.057251724511254626,0.04411033397012547,0.043568661866525624,0.11916362237122301,0.10269386222542905,0.04444275099316218,0.07984993041231048,0.04435215157019065,0.04960808875518449,0.03777381653630532,0.04012861471803297,0.05613530621161484,0.08959415097937148,0.10905647109534594,0.04158856558169667,0.03693137751494095,0.04765846055354887,0.08251943326362135,0.3333586017465775,0.20024158132571915,0.0693906965349961,0.03491161600952683,0.088397607490077,0.09820495162915441,0.058871679892538664,0.03611781038289223,0.035312292588552924,0.04259389203576888,0.04126313602608622,0.03726424807854832,0.03443247495186867,0.0400462227319069,0.054511114423693594,0.042104455685362335,0.043487729598714914,0.06907949343635202,0.07361218167995974,0.047411852161143034,0.042160633428053367,0.057309912506804415,0.06339925574342908,0.05752801850125908,0.08129806606797327,0.2346505446997294,0.057654822446921536,0.042079076444898986,0.06815713256121791,0.07356419420441267,0.07651478822556737,0.057811531313807604,0.15148364234505285,0.046527552834454214,0.10039167191225962,0.03673420429144726,0.10062113605469336,0.037404705075474984,0.054422684656316764,0.05104467514921133,0.0351006517626542,0.03320349816626823,0.03538090091958199,0.038518972376296284,0.07052236259588957,0.06174889134255854,0.05723403408155425,0.05342104790254153,0.04537553571844205,0.03370801614343419,0.0345450023528929,0.03775515751125991,0.03251873529872581,0.03305814377866435,0.048946573554437364,0.038317466001322076,0.028925549355338153,0.03625995756233423,0.06999675561708668,0.096838768620469,0.07638572117949136,0.052612808569608385,0.04232574093626906,0.04304450858495788,0.04700950209638821,0.05443278332752573
0.0428108830218974,0.06039316816180002,0.03521792068442223,0.034412496188440195,0.05174414068738152,0.05411824762228107,0.11241755745859373,0.09715940785308422,0.058270594158095074,0.06616059301458926,0.06451734699317507,0.22288198501815382,0.259596531055044,0.06729847436375001,0.053410053882862636,0.05548453135432102,0.05018104518567895,0.05865756594271301,0.050337689252304384,0.050680641718488385,0.050517947414092365,0.04353242648350933,0.03421154488028191,0.041272141921863986,0.047899483423797476,0.045914720033777806,0.049442445266743074,0.043743238412816715,0.05826656400899603,0.05292917820167331,0.05322956654323445,0.05050320743439099,0.041598376966870826,0.03898158318066977,0.03431135434641869,0.06703645632136984,0.1812135191623317,0.03765526044815108,0.05522462600731062,0.03870381072600959,0.04118599342604577,0.043921318993789774,0.036793512643487555,0.0660534023663206,0.08907486542625981,0.04957067393003366,0.0486340500869982,0.060764487542800644,0.07184247685250389,0.03955543013408963,0.20024158132571915,0.34164142005422626,0.04309347019793973,0.059929102896095716,0.05188634387762553,0.10121169213223527,0.045874491261691394,0.056064536020923594,0.0380356858190099,0.04092454374284371,0.05058495837738934,0.039729482925850795,0.03853915320445421,0.041995196847411514,0.05887869795391952,0.04468761353547088,0.03978732492698121,0.06448909125968671,0.07011219533033974,0.04326366108262737,0.038782562223080685,0.050846201397872895,0.04813276500465853,0.048654229827483464,0.040539074629993996,0.22750404104885064,0.038790624038597066,0.06329054405567447,0.06578816483236913,0.0647383486271863,0.05149433884816226,0.058822337684759585,0.11199342051443376,0.04072993550476817,0.07469829348136442,0.058827884891660145,0.07804368085282595,0.05590952720581124,0.07491424424336371,0.04504464763898109,0.0390618098883304,0.03863472090358411,0.038771800822839375,0.042171389994017774,0.05131579992991968,0.04948663758470541,0.04202906642125888,0.04608681115607924,0.03973981481676928,0.03536396439356555,0.03855024445627102,0.042770449831923844,0.0331800881000901,0.035945150915535365,0.046411462515143706,0.04030038889601484,0.026410718072723653,0.030826295782821797,0.05816193404205872,0.07078347557960629,0.059991771810541175,0.051301939816143324,0.04438131052586854,0.04474740090705998,0.04550688949140268,0.04755507586467357
0.037867787062595575,0.04385010319191869,0.04231801534033111,0.04982367033074431,0.04466033581108729,0.05124898734349206,0.048350819881185295,0.04761214718059006,0.057411957460165516,0.045510942726590314,0.05652863232091014,0.03924637718361069,0.04546420065229474,0.05127024980724645,0.06029983755488532,0.053791389739409445,0.07062109218717709,0.040633212621452794,0.045221139846969044,0.03774124333701457,0.07217757225692746,0.03902453620002594,0.03923373916714913,0.03382208853488054,0.038930108231053126,0.04294728140737447,0.04576901019831911,0.03779582127567328,0.04781055217373312,0.04759185576110633,0.03942613767952055,0.031553701184531095,0.0456924275109654,0.04424082908291538,0.04803886870634133,0.0604639783064603,0.04767316511964937,0.07131488148209045,0.06410868785756166,0.05943689985283118,0.061300720471304,0.0771026543288123,0.06949025437392348,0.0685438484386039,0.04480488127279581,0.1594651628492837,0.17562710831658784,0.14995126971310474,0.06931168272107674,0.07590776557043391,0.0693906965349961,0.04309347019793973,0.3420703720722476,0.10141306319195958,0.2840424200833721,0.06728927938792431,0.1951863851702068,0.1394810944814796,0.11062575556995195,0.0710890798174635,0.053043696946064985,0.04453473626162675,0.037043973659736176,0.04217567510166087,0.04821676466924859,0.0504983843421925,0.05807666347937048,0.06225167915603062,0.04490659077344124,0.05670585055467747,0.055041571135207315,0.05653067408602792,0.057648961608764676,0.048728392955686844,0.11011139654252056,0.06279448888674222,0.08578689893747296,0.06559787086901198,0.03979715566819293,0.04634640710518981,0.04916579287694624,0.040891089122659416,0.04693840371816939,0.18244570400346571,0.049014451929830324,0.09424208609640158,0.04833921054104704,0.08907856646236245,0.03875003361611461,0.10983546023134952,0.03815372921379352,0.034228317210256015,0.03692177914032267,0.03241041438078759,0.054002988963201,0.05441475327000672,0.05050002757017749,0.05576450044177979,0.03916490094644142,0.04737721865590479,0.036447853807859684,0.03199424551802865,0.03645691811835265,0.0326791581047078,0.03486901067782643,0.03701740709360018,0.034048144014371375,0.04380969457611651,0.05139703362098555,0.07633608812872111,0.07491225852775532,0.04842790457673085,0.038831019580227416,0.038763351278103264,0.040062355311336714,0.04352171520743482
0.03480552742552216,0.038426776033622614,0.04286976970774532,0.04582186395274772,0.042460750271471795,0.06471732294707097,0.03892402058722527,0.04367190743480766,0.04793410041342901,0.038265710060747464,0.03178694330450513,0.039683010920236184,0.05561458208064894,0.04572570895275688,0.056136669656591594,0.05216118698028797,0.06597468795323708,0.04285303044152271,0.039263162990697556,0.038108760754103535,0.076646397295136,0.044057335969114195,0.04441358515145451,0.038924149770719535,0.037471158476208896,0.041708337518615406,0.04338531564261422,0.037501955249660324,0.047668514816124455,0.045773284658478006,0.041484179722836884,0.03467290177446149,0.041400653920171296,0.03653078516118402,0.04944741869794562,0.03364837204653267,0.06316950948034417,0.06815107379851251,0.058152220130052466,0.041854519834646386,0.042006590861663834,0.05849117866987562,0.05157660873015134,0.08112112024599578,0.11264081120264349,0.045697809514610305,0.09354072361989843,0.20136127574981671,0.12072799584178748,0.03732569282993717,0.03491161600952683,0.059929102896095716,0.10141306319195958,0.3340132968178463,0.09155218486712582,0.04942599277434612,0.11001908774934527,0.22044317314072476,0.1383667110451361,0.06392455348833746,0.06459732982122215,0.05126990752493821,0.05970396318630768,0.04070046919729457,0.04199874585836945,0.0535369897786611,0.031662375652071084,0.06961656702398808,0.057631784533606956,0.036830327804162344,0.03641085333337145,0.06198190194401216,0.046929618313971015,0.0494195689525341,0.04804512473707484,0.03970772216887263,0.06577527580815382,0.22934624817192517,0.04284851971291957,0.04037808223863132,0.04165622885936463,0.09874555046241751,0.041703394081345574,0.14291417142525586,0.038679673903476125,0.24565616165563242,0.03709374806274317,0.21924567459651023,0.03379234684007576,0.1582031303833742,0.03718453040062975,0.0433917657029798,0.03701199771898418,0.04878673556713033,0.045398721734250996,0.034740254201795474,0.04394302980371197,0.032854295556587726,0.041857543987419296,0.047202339273515886,0.03387895163797586,0.04520642835939219,0.03430448412905369,0.040867152180658256,0.040354887328371655,0.03979784368037528,0.0369339134139928,0.03303867039793869,0.03816686443443753,0.038400875174270155,0.05966618406129779,0.05076431551912941,0.04389926753658567,0.04025553777165179,0.04104014598115745,0.040181185888896694
0.034237350625763247,0.03954185043926392,0.038184290202489105,0.045428582709912235,0.04015294503739597,0.04876818302504886,0.04982062148315647,0.049471436177529755,0.05970933061018187,0.047573883697944755,0.05340915267885576,0.04976865694762719,0.04482216736610998,0.056641947140947904,0.06619404175328145,0.05768931150608235,0.07024332207661338,0.04457997067318881,0.04844481128850926,0.03739143926986532,0.0686120297586271,0.04102610568472606,0.038904288407034526,0.03443846122495055,0.040770410623553355,0.043450824592217,0.04625705442126693,0.038445159291514874,0.05177305878908082,0.05253090777654639,0.044392832753676836,0.03350020264309181,0.043719166875897525,0.03976766287941794,0.04543555787495414,0.057451950951652606,0.04387154464882717,0.06914168304039163,0.0686971356991172,0.04967199515270171,0.05162293179879272,0.06086589955169677,0.05625454937131523,0.05489789247876187,0.041999807758199156,0.1358626559493623,0.12977041368105385,0.11988861183048438,0.053198600975810986,0.06233395674663675,0.088397607490077,0.05188634387762553,0.2840424200833721,0.09155218486712582,0.33417868292693664,0.07718378040548537,0.22943949096460942,0.13383422907998288,0.1272854763094438,0.066933221484512,0.06101298817227173,0.05215033318574129,0.03656632008014135,0.04440631037448747,0.0534809977032443,0.05536495291941773,0.05448637588591733,0.06685652181969759,0.04205433840880838,0.05170968677161458,0.05224938368494967,0.052593428770169134,0.0453941951770867,0.0407961350352912,0.09037086487762404,0.08013453913307408,0.0861578081556517,0.05520596256915648,0.04263632205393275,0.04346476441160738,0.04787008891988695,0.03335667171044934,0.04891515724873162,0.1526287437480388,0.05210230831170311,0.08104254650029066,0.05152924753957905,0.0782195741679439,0.03709722627563622,0.11119131288671219,0.03897885566160553,0.034636025683818364,0.036690915684105097,0.0340939294065563,0.050564906853369444,0.04754828968163875,0.04726655025320545,0.053598503179282324,0.03929734251434298,0.049117824819813624,0.03615760011345602,0.03336305519263784,0.03600826616734078,0.03334314491400438,0.03681857263983808,0.038182347207296616,0.033199065323589946,0.03803151562838265,0.05063124340644882,0.07249283155986963,0.07556951756368717,0.0517309034999833,0.04019809981307945,0.03990799306504503,0.040229027068649933,0.043523985772047094
0.03467895575690797,0.04239426996370349,0.039168064119212344,0.04083389955342008,0.03890876300458434,0.03659441365845399,0.04998192996408013,0.0447788462466699,0.044795998989814415,0.04180943988197424,0.044711456344794676,0.06830502796117555,0.07218659819948653,0.04789989679483225,0.044083023299355754,0.04469376604640228,0.039686196991158745,0.042312555224662526,0.03946636464877344,0.03712319645605261,0.03792672010191399,0.047157892507289814,0.037246530947006404,0.03474150952051762,0.05787172264962136,0.057619261995948606,0.04796392913483889,0.04072719540329072,0.042879938393851666,0.041902434005446756,0.037043406738550166,0.034274664170798386,0.03672064906613662,0.03328332143045897,0.03703404267083335,0.04848990148551917,0.056557329373363455,0.04992530606327178,0.04422681427678365,0.04352793938729685,0.05874874084683322,0.043043568167835694,0.04144275567691798,0.03933113330325737,0.03774992663465464,0.0707678946139358,0.04380139040547018,0.04495584990816613,0.05835385349932878,0.04182097859513115,0.09820495162915441,0.10121169213223527,0.06728927938792431,0.04942599277434612,0.07718378040548537,0.32916592972633957,0.05648786955508055,0.03912315218164372,0.03605432344752238,0.0534228990678952,0.05525311173107694,0.0468525712844807,0.03443186154024795,0.054742894368810704,0.07670738349900844,0.054141269129261996,0.04157611182254649,0.041699144419468176,0.043059996145566576,0.038491153941684994,0.03741318719357279,0.06631742654307277,0.03869488285430328,0.043840451476004225,0.04909156141496478,0.11110070491007376,0.08605878341724368,0.05682650872857683,0.04182563943138713,0.03994321061651823,0.04419445890485797,0.04789516255311804,0.04988585817859671,0.05214807347349169,0.04662033212979451,0.040857414520369756,0.04694322964428972,0.038180160232489865,0.042249059149726945,0.03683642413892445,0.035964696608861244,0.03144234353709652,0.034443123663272825,0.037742345994051324,0.05411813185460247,0.05801516301826046,0.04723394046408662,0.04595578177264585,0.041326963111292594,0.03668540092985551,0.03640948023087381,0.03538503768362222,0.03643658233308582,0.030956715124185914,0.04606398827021821,0.03713218873414545,0.034400001270317865,0.031101721240655248,0.06179228875703918,0.07647281458420142,0.06827746521120723,0.04924657679070241,0.037383936701937834,0.037403689237160614,0.04406712777135989,0.04928960801533656
0.03824922510626615,0.037806027172524494,0.037063338962492635,0.041106834723881214,0.04393247353629412,0.046790516314431194,0.040542455910350106,0.04359479166723482,0.04837652083102017,0.03708224122528475,0.03566455199296381,0.037772042896788136,0.042307293209580946,0.053962329328193184,0.06156053933250262,0.05538426508968773,0.05810138974513322,0.044348333908059145,0.044482003374442816,0.03595082450007357,0.06090705650711836,0.040400329602749224,0.03527170210577271,0.03503324872213959,0.03901761246439902,0.04214927891145992,0.0421632474350252,0.04445266528658794,0.051688718306687725,0.053114750142518125,0.04555937107647283,0.03810917683734262,0.03960140233118015,0.03957738963402779,0.039156941025548744,0.03702234287009099,0.04268675391939172,0.05923560730133298,0.05787019492647154,0.041844266338190425,0.0406967381872058,0.05036714689145842,0.04098201725157011,0.05769437170892075,0.0499334275014439,0.07440636239849183,0.08643561030457098,0.10711946947394146,0.04872111358959507,0.039683807328121296,0.058871679892538664,0.045874491261691394,0.1951863851702068,0.11001908774934527,0.22943949096460942,0.05648786955508055,0.32700960303310866,0.1727475485510957,0.19369538967020944,0.05061182838503757,0.06803684165697504,0.07406544057303086,0.04817953015907253,0.04160452947489304,0.04953624678495612,0.05404709759037242,0.043518147254911814,0.0693365532023566,0.03794277779515035,0.045159119093644146,0.04210879943874907,0.045681013917461974,0.036034637190142466,0.03347818272738967,0.051598871333045845,0.05968373317286248,0.06762548686477174,0.06659575671953225,0.042643181450090176,0.03615155760236288,0.0369723199747663,0.037803778244863265,0.03867545542765718,0.11440595975182054,0.03781424503230442,0.09098770569197458,0.03758860998966526,0.08774541764515427,0.03686484111858064,0.10925431521869966,0.041319102807270594,0.039402894663185195,0.03640340700878278,0.038606737906593955,0.03875492918862611,0.033198649502235916,0.038148580421562675,0.04281216141920336,0.039528867427615064,0.04945348974438779,0.03730241558302495,0.03691009135425828,0.035788098457069935,0.03604348011789214,0.03636575566598621,0.03654018945972268,0.03436985074871282,0.032083386389912094,0.037025612763218765,0.04748179200149645,0.05822602891515115,0.04446513418321009,0.04043587429722236,0.0382167356951464,0.03814952529034005,0.03762452718836658
0.041635554391767055,0.044361956217650864,0.03745619873457609,0.04058256411090624,0.047750900235710575,0.05874244743316597,0.04086815601147722,0.046792281928264554,0.04400977612496268,0.040014194824159494,0.03513948714182538,0.03998511780033484,0.05755341826405949,0.043948953395602924,0.0543609909716163,0.050350476894285366,0.06523432593798803,0.041973058561398977,0.04233533757465697,0.038229709428734125,0.07465267469487219,0.041925625135811884,0.04011609452691657,0.03597569774845407,0.037709279664386544,0.04234961922820374,0.03802564047406226,0.03949744932014049,0.04451563412188263,0.047279086320165815,0.04130108660868881,0.03182706400857223,0.038109075785563495,0.0394352518450304,0.037571149311432,0.03786048775207723,0.06392060997877227,0.06368269452681444,0.050724976764669645,0.041295857121159144,0.043086919701299714,0.05483681484226682,0.044387341291779375,0.07147645957125565,0.08361767348612796,0.050790489009421666,0.09337190209745401,0.16674096582099468,0.08113721496377296,0.037216611809203215,0.03611781038289223,0.056064536020923594,0.1394810944814796,0.22044317314072476,0.13383422907998288,0.03912315218164372,0.1727475485510957,0.3391587958689031,0.19769347679185623,0.06481279518574112,0.05750103456039751,0.06155421712815601,0.04766996746863922,0.03901885594496043,0.04222701286465484,0.04908768297758044,0.036475845272236046,0.05863467005760723,0.05105119827824227,0.04175588938968838,0.038513943734070716,0.03846154854396558,0.036945475716407314,0.03670734708822434,0.045554250648175504,0.037849415697595076,0.06514167028115342,0.13598580784882597,0.0374877785109107,0.037282291060712375,0.03223614931028579,0.06099949190836131,0.04342188484377206,0.12344129367949785,0.03331395742993125,0.1627229247077242,0.03145120613896561,0.1500922875272482,0.03788797751816473,0.11962521160086129,0.03469462850533096,0.048236545727466815,0.03238676033397021,0.047471172776979466,0.03731944684160794,0.03435918062658376,0.03722081177163745,0.0387115366829838,0.039817621194783236,0.04924786385513396,0.03349271952428935,0.04527658839467724,0.032579730233552144,0.0381503352472545,0.039419635682891405,0.03660761440348724,0.03737058297863023,0.036623873460492715,0.039187561513429045,0.038608274435866466,0.05135127528439977,0.04241682207519003,0.0369379462839735,0.03671708870084142,0.03783933085092728,0.03699624305003464
0.05070473974030046,0.0522554934966421,0.03744320409999196,0.04011941793550017,0.048044516951388325,0.04800405459408866,0.042140688330321335,0.0451444729836948,0.041510077887233085,0.037171986520396175,0.037397492739526014,0.03473380650303175,0.04047778212201012,0.04368097069464677,0.052326995819720674,0.04760308455185584,0.0535718257872051,0.04496099088231226,0.04188759719507339,0.040275948705433356,0.06523813689686134,0.042683127476957364,0.04016353003262112,0.03519932425599896,0.04171082439313484,0.046326326664042294,0.04327893183272907,0.043811793958183326,0.04666815390955062,0.049058768459494584,0.042207209948985566,0.03571680099816742,0.03773735260558177,0.04003811057397065,0.03953754939344574,0.03935812301251833,0.04663331164322766,0.06128844206991285,0.04894409160151235,0.04018795150345385,0.04182476729263767,0.04593620421693839,0.04051012439350049,0.056897201822793654,0.0635150842066081,0.04450697366564964,0.06100484745239354,0.09369682953162106,0.05236012599766647,0.035445259346972624,0.035312292588552924,0.0380356858190099,0.11062575556995195,0.1383667110451361,0.1272854763094438,0.03605432344752238,0.19369538967020944,0.19769347679185623,0.3327300075137886,0.06016687158758523,0.08657894014762854,0.10165409947545279,0.04540283420286598,0.05342770557260165,0.05521835721063934,0.06369115476608939,0.03142816914550316,0.03978782674028216,0.06257165435336581,0.03505045410590518,0.03305027185566928,0.04025477939079676,0.044529032074986916,0.04712643746964257,0.04013729584021612,0.03911398632410419,0.07217005423966905,0.0892818997946885,0.04002875270780481,0.04755076553420183,0.03393452614171508,0.06136799515725884,0.041467816770709515,0.09194867469331605,0.034173394956588686,0.11245847483834331,0.033609305782050514,0.11251758164026308,0.03617214802147081,0.10671624540368665,0.03781464857128798,0.04285224044007263,0.035834432286331486,0.04254167696081266,0.03828880914146878,0.035058066782908834,0.039326943229507486,0.03632656164440277,0.04028427533861483,0.050497584630064124,0.036848814841343655,0.04013218510618395,0.03410681000136294,0.04116407935085856,0.039857443660841305,0.04034452648649532,0.03787263937947717,0.03237370870616273,0.04186307306928197,0.040766460444749145,0.05480720166789976,0.04414220889594483,0.040179338415325026,0.03959420674514276,0.040728560486217424,0.041315099867739125
0.03443290673152962,0.03542893935450349,0.04489360292637565,0.044346823000435756,0.0385825385015887,0.046033224283268476,0.04489269795204116,0.04138157604694546,0.04375711398632651,0.042321981407655335,0.04168280458072532,0.04059048024256014,0.044504339663166526,0.044972794874575256,0.04210187980689539,0.04549065713498236,0.0876583828610617,0.04118524378423705,0.040790270793060746,0.042507052738141524,0.15970546574884814,0.1037681776022343,0.08348710533862097,0.05323687894525728,0.06998044129010964,0.10984877829443851,0.0624296482164555,0.05955664153888714,0.03558598173583109,0.03794666208318315,0.03223317429505439,0.035080565940028396,0.04255053368604986,0.04199183229404689,0.0611205304987668,0.04440525019183017,0.07421820630744155,0.1993920335773262,0.04607946883491422,0.04293358422226928,0.05135624965433608,0.052210432163538566,0.050239652196114155,0.053318231596324775,0.04878839717330018,0.06357077954353293,0.05631715776296508,0.06489794534286483,0.05001576335131504,0.043779339761754105,0.04259389203576888,0.04092454374284371,0.0710890798174635,0.06392455348833746,0.066933221484512,0.0534228990678952,0.05061182838503757,0.06481279518574112,0.06016687158758523,0.3276957395221074,0.05498791554401491,0.04261508943351981,0.057450665024844375,0.0357295648273397,0.07317139209335893,0.03730674192399634,0.05125791443918984,0.04892396931328161,0.061601554128421,0.05285697070777243,0.04644939956156106,0.041324429196706425,0.04148902435682304,0.048674104711109265,0.06007259022235876,0.036511569797971204,0.15163940782308244,0.06160852955776559,0.03904458149288928,0.07416670063638298,0.04247604084590753,0.04994826541468997,0.041612445262821485,0.09410830434431251,0.04161311615913961,0.07351277149345531,0.03784583893212916,0.07919736093285523,0.06365410946646945,0.05681031281869732,0.045789983298559114,0.033984678533890735,0.04478725627838222,0.03522562962856653,0.05984466381530937,0.04097435251973917,0.06943741502114482,0.044153606558326154,0.05583965035535405,0.03948262564445734,0.04502511069458755,0.03078644166254855,0.048351887041214806,0.029547611108791526,0.044182080882358324,0.036219275039895034,0.05040398212238403,0.03394106616662815,0.041622360626938,0.04836490343964586,0.054938576906494785,0.03885529007084436,0.03798562139334394,0.0362380312207959,0.03823674841238377,0.040565867957589805
0.037146608846448895,0.04082552008811899,0.04163109714862927,0.044610030234098916,0.03689920275920543,0.040957871529251635,0.040195259905706104,0.040673235792672346,0.043580060821392416,0.04001995353195491,0.03720603715756968,0.042462352156375796,0.0478109100525059,0.04974008007519322,0.047902515965045106,0.048341591256539695,0.040431236317082425,0.046463911042406617,0.04445486911611496,0.041027103647600593,0.0416180137323168,0.0442291793861707,0.03913766865260461,0.0333401225420453,0.07645525954242416,0.05471346079548377,0.07398273190960986,0.03854268434674238,0.046301246297334044,0.04546812402291871,0.03969759716466981,0.0372807045820968,0.04209077410284799,0.040547434640947885,0.048886850468965376,0.038368581400567536,0.03951854984278354,0.05902082439580087,0.04275100438723736,0.043926717599513714,0.038552392431807025,0.04509836154651699,0.044502381286206816,0.04831754954788513,0.045162183830310315,0.04280499383198832,0.04363290126702707,0.047986331238342075,0.046426824810974585,0.04187308310898696,0.04126313602608622,0.05058495837738934,0.053043696946064985,0.06459732982122215,0.06101298817227173,0.05525311173107694,0.06803684165697504,0.05750103456039751,0.08657894014762854,0.05498791554401491,0.32572015180855146,0.05016743802244987,0.029762721683300963,0.1300803100740673,0.17857307467371641,0.08866852912710718,0.05924119726393093,0.03830118189474675,0.056733280360758406,0.05424594896321745,0.05774398964150493,0.048631832044394294,0.04955468123953882,0.06855183293955219,0.04077723610274024,0.050266183133615104,0.1113824051900803,0.06190727034409034,0.04576089113682775,0.06955616708884133,0.04142069830620215,0.0619948861572665,0.038932726115922106,0.05962602163251876,0.043403497200483455,0.07080864590717288,0.04251859158189177,0.07646361387025383,0.044108115793680625,0.08970600067528209,0.03438011338244659,0.042124606856323715,0.03645079420463334,0.039310433348939314,0.06148590292912259,0.040676627784326846,0.06251995022517703,0.03986609264475589,0.05207133396198273,0.03582993116596235,0.034050911715857946,0.04130804053189531,0.037384733893892824,0.033839704533346546,0.05412784248294902,0.04472022572779727,0.048344191823591676,0.04230732637866261,0.044890815998106945,0.049913570314130115,0.08129981575606973,0.08608378479093681,0.07124517672741532,0.05953167412168583,0.052058335194290234,0.050235686942409666
0.048007716073808326,0.048632681411504536,0.03634375425370729,0.03702870576702573,0.044921956683382405,0.03823978630157936,0.04047920202684209,0.03889173923207079,0.03576938797548296,0.03607014117348922,0.0428323290738936,0.036479480175404644,0.03761027825260041,0.03985604297257378,0.0382942460618137,0.03865949367109402,0.03576796067342826,0.03799874436231371,0.038807313883850614,0.03773883493404363,0.04092000717326176,0.041515620295811836,0.034982461237657275,0.037819201049036216,0.03433252503878857,0.042437712544428394,0.036104217440735165,0.0417778535582818,0.04086126500379009,0.036849984112565765,0.04126997034799322,0.03935345720112855,0.03564216979220339,0.040502009733039135,0.031087557472938822,0.04075167143954524,0.04049203395023286,0.03909047909173226,0.03823345816952817,0.03881043731236872,0.04015421402684442,0.04133864122898877,0.035890679339892526,0.043490636546337155,0.043132465160644326,0.03772879053531001,0.03731322502528307,0.035589652956114534,0.0374437442995325,0.04006084883727397,0.03726424807854832,0.039729482925850795,0.04453473626162675,0.05126990752493821,0.05215033318574129,0.0468525712844807,0.07406544057303086,0.06155421712815601,0.10165409947545279,0.04261508943351981,0.05016743802244987,0.3168323654647737,0.08953483021746128,0.06964691817813026,0.03923975429685139,0.0873002682571399,0.03690654494990686,0.040246636928292376,0.05368666765512246,0.0433295903677717,0.042679511172141804,0.03654552717851624,0.046699669066344054,0.04378520304836009,0.03826320057170313,0.04040177525862669,0.041414082592840476,0.03944508011559686,0.03891469842234854,0.044560323638425284,0.03872783871110527,0.04100940161001952,0.040233296759381615,0.04109154731735194,0.03402894918065227,0.0450434668224802,0.03467718641076263,0.04656012505339745,0.0388146308398377,0.05238677509254627,0.03742212727619357,0.05582390345743571,0.03434940941011641,0.05080566391512765,0.03858868773749075,0.03530506308038629,0.0373072839528886,0.04007084096517516,0.033714998405670916,0.06527414816705435,0.035227334136028396,0.041976465225628715,0.03553742406730795,0.04224105876620232,0.035254387955561045,0.03588612930630232,0.03612463241071088,0.034445684014155264,0.03737714641694381,0.037298875557298494,0.044275749626443414,0.04649927695867393,0.04476378498452696,0.03942240418006668,0.03737561536751487,0.03650748208600101
0.03583446769442061,0.03945118128807082,0.03796507013138416,0.03678874472513094,0.04408392686300045,0.04198026484268392,0.03557291919679366,0.03803447089316971,0.03918656798380267,0.03982438971161608,0.03301196867530459,0.037460918700478636,0.038602466033338556,0.04476412711185414,0.043331695498832604,0.04273540808195489,0.033391522782874716,0.04242578516736076,0.03658853619858188,0.038031904617882584,0.035275313726850915,0.04314536398942133,0.037219420623802,0.04047172473737139,0.027489069696392546,0.04565206424921607,0.036380503421809554,0.03968102044406714,0.05031662445334728,0.04548336495440185,0.049153940271110745,0.04144879448712105,0.03839028158563852,0.040119068641490854,0.04124391339883729,0.034510441313241005,0.03663074525227776,0.037398944321544794,0.040049331316286796,0.042182408216585046,0.04876459229229185,0.043678429667123916,0.04198298494720319,0.04259879951130422,0.047534987313262334,0.03869621298277677,0.03610251672055511,0.04262050387972999,0.04155355320276792,0.03459303017086766,0.03443247495186867,0.03853915320445421,0.037043973659736176,0.05970396318630768,0.03656632008014135,0.03443186154024795,0.04817953015907253,0.04766996746863922,0.04540283420286598,0.057450665024844375,0.029762721683300963,0.08953483021746128,0.3009494224300524,0.03144124975051785,0.032083867839303185,0.044226583628713234,0.034840123972771024,0.09558287179698455,0.03768018686992475,0.04487754231561776,0.038579665921636044,0.053929079597137566,0.052026786950435874,0.050468106271529825,0.03688208473601143,0.03513909353921554,0.03658736897224174,0.06156210387137265,0.05124296700181406,0.03454736600317938,0.03821320946135402,0.0655512250724971,0.03643825093658626,0.04395832545355639,0.0406524451679495,0.059417137616857435,0.0419670369739321,0.061429520233058796,0.04512967538153924,0.07381018400096451,0.040456823411747445,0.0380750591002055,0.039780633481986044,0.04102492667853184,0.03433920172039959,0.04196325967173415,0.03638304855732109,0.03357635856593824,0.03504943423796124,0.041579404807042114,0.032961336650408346,0.03486413279422726,0.03621967985223237,0.033741872273755955,0.03308618652322058,0.036419587386345945,0.032746081079187986,0.03963096338662389,0.03893628630388004,0.037319470611490456,0.03535479377909597,0.042211730744770276,0.04385333935697604,0.035222857045593164,0.03515313094034088,0.034778950719506055
0.0376851312438725,0.0402477548338178,0.04176177592471683,0.04344929847291577,0.03818256084468917,0.03691714581368691,0.04129798691095686,0.044107113422615155,0.03842817589654687,0.04196074772649033,0.03910089940128883,0.039555034900567,0.04035420331538439,0.034524575887245286,0.0404585994560826,0.03668623726690713,0.05196809092866106,0.04024624613054725,0.041701161703512554,0.043319655786456225,0.05148853461628333,0.03927907025758792,0.040709611455414976,0.03947004244514753,0.07508560126924857,0.0387590559948348,0.07567471627419374,0.04269202427397337,0.04657768863133677,0.043258980801750294,0.04537869538194546,0.04677168496596942,0.039208330606856065,0.03802103138244203,0.041097522536571604,0.03959590846403166,0.054032786475395236,0.036628550351408176,0.03895998294407165,0.03958265934939038,0.042741429685702124,0.039338973566247736,0.04237710262896654,0.04777281054137572,0.041962881753747044,0.03943380536386329,0.039717483939020325,0.03583503341427786,0.040634580093653644,0.036899536527579796,0.0400462227319069,0.041995196847411514,0.04217567510166087,0.04070046919729457,0.04440631037448747,0.054742894368810704,0.04160452947489304,0.03901885594496043,0.05342770557260165,0.0357295648273397,0.1300803100740673,0.06964691817813026,0.03144124975051785,0.3063704633360135,0.1226809751060824,0.2100508711469005,0.03727824307996283,0.03479049464559911,0.05397881773191235,0.05180885848133453,0.056841959987049294,0.03640004736481645,0.043701198027593716,0.045431986742606595,0.03975599868768656,0.05978667894350485,0.09950866798022495,0.03975377934373729,0.05082589504778821,0.0563210864763799,0.04232904462976986,0.03872879955263023,0.044562863093571645,0.05589120704383989,0.04410296586208587,0.04358440092224557,0.048305908159488875,0.05093858904451441,0.0519806793029668,0.07076274319374294,0.04653242573286241,0.031343096313771496,0.05195382693917011,0.033596017956775144,0.08304563033326819,0.042680195943630934,0.06863932286995078,0.043694934061222844,0.061581688464235416,0.059971512676543715,0.03526200439725498,0.032124977967395885,0.03606782241992684,0.04862166281249143,0.09155851965952018,0.08137566504421158,0.04752728468853973,0.0333084097656402,0.08510664648379083,0.08522850293863378,0.12529973366117464,0.1623593649036107,0.14074927260201525,0.11146921373595962,0.10718039329449484,0.09890084521227534
0.036960098757308865,0.040465578348351114,0.0433962399187071,0.0421596759399777,0.03797250431397803,0.03869106593876845,0.04203408379168014,0.043180429956140354,0.043497243601480495,0.041344662821924956,0.038023992825235164,0.05070391287485139,0.05708914300845744,0.042811667404388534,0.04815761238465335,0.046002011887629035,0.03952226325576816,0.04745876951506656,0.043818978818360735,0.048073326259704285,0.03758985077737095,0.05457313980537902,0.03742415200190301,0.03430373759150305,0.1429424427435686,0.10868321941312689,0.112224594959209,0.03623980262894265,0.04756869258843502,0.04661310163408147,0.03942786173065137,0.03465703929998758,0.040398031058711675,0.04126266702845531,0.054642340911870535,0.042304389659673446,0.045760893670780026,0.06620016756053673,0.042791457655947454,0.043815146033723815,0.043011901363018114,0.04115857830911235,0.043814386641159456,0.042272403264773925,0.04253787315351966,0.04359585009513308,0.03919640717072262,0.037906097009952906,0.04224326533955822,0.03854916334866616,0.054511114423693594,0.05887869795391952,0.04821676466924859,0.04199874585836945,0.0534809977032443,0.07670738349900844,0.04953624678495612,0.04222701286465484,0.05521835721063934,0.07317139209335893,0.17857307467371641,0.03923975429685139,0.032083867839303185,0.1226809751060824,0.32771600706686715,0.07588016436538284,0.05395720006721404,0.04006991824172932,0.05200566712381446,0.054457944318576236,0.055660753918432726,0.036057900736662735,0.046714424558740225,0.055251685832201504,0.04304547763864028,0.06536431061060541,0.15258382394456865,0.041859037070588925,0.042938826714608594,0.0636224553063641,0.04311623891210134,0.04527510606221172,0.046706284441010985,0.05400602159417851,0.04416094152632332,0.04859134086661632,0.04760935216656244,0.05664824428848515,0.04023297239689752,0.06470496276952337,0.03256966159684947,0.04773653381570303,0.03387855112825197,0.048916636102846495,0.08574356596062671,0.03503236523875307,0.08654922069339371,0.03666091873344252,0.07604676799698465,0.0341272318613174,0.03779371368356614,0.04829062906626937,0.05242415524240622,0.03595035660237804,0.07101604567192307,0.040010328091142675,0.06177005093862991,0.04024103149242808,0.059186438826504165,0.06794198330789786,0.10524422303291783,0.09474315258752883,0.06481073222681843,0.055498534550369925,0.05609692092439256,0.05824961030767299
0.03690951153983987,0.038887905855761046,0.038440696568626045,0.03935110536283609,0.03892973907162402,0.03858384381406772,0.03849347243213374,0.041247814094215435,0.04131004487775855,0.041487979994105965,0.037635029252684346,0.04053602002492436,0.04012080801275242,0.03458947152950781,0.04555156644894867,0.03665780065307114,0.05413166461160583,0.04029470645012974,0.04175165140949283,0.043295574324324085,0.054199318876941044,0.03970378959253202,0.03816648174576734,0.04671036407309195,0.057642016802810385,0.033897107707335256,0.0686838272293531,0.05154454522432922,0.05244509068465532,0.04919443668913957,0.05509443875463253,0.05403018313856563,0.041667509880517026,0.034241467635366035,0.039769869418923555,0.0382207816233084,0.0560297812505166,0.03683454870413615,0.04379685467445979,0.03815200165144965,0.04231381880542029,0.04294828380147912,0.041891222133424874,0.0544543416636884,0.04538018448644755,0.042117662999925115,0.0427548330156598,0.039906051657785685,0.03682678809332957,0.034719839656178496,0.042104455685362335,0.04468761353547088,0.0504983843421925,0.0535369897786611,0.05536495291941773,0.054141269129261996,0.05404709759037242,0.04908768297758044,0.06369115476608939,0.03730674192399634,0.08866852912710718,0.0873002682571399,0.044226583628713234,0.2100508711469005,0.07588016436538284,0.29687314877348514,0.03433054005632806,0.03927268126115031,0.043569309972127615,0.036668640790407575,0.03974761261197646,0.03393674385287915,0.042027669279844776,0.03616019684856284,0.04220464832263565,0.06765891383900288,0.08340884464330997,0.046426646302815136,0.06263205773672922,0.04094527349012634,0.04754808909635845,0.03764876567516379,0.04329492733676829,0.07062926028277186,0.049161150570419476,0.054446537974338356,0.0573786190177166,0.0619144892558126,0.06041700338421345,0.09029654214702595,0.0651938669855599,0.05022532572232534,0.072538596186555,0.056360839356213166,0.08035675356832914,0.054844377852351606,0.06405380250188686,0.06898597932414213,0.056540508822374894,0.10731519492698355,0.04682101725585609,0.04844466497290022,0.03336133477775863,0.0780481296765507,0.08930392757003189,0.10264823201928731,0.03803542319346602,0.040580598233956405,0.10132492187038106,0.100210307349903,0.13783642617242076,0.178896011430157,0.16079356583206475,0.13675819296372677,0.1279091690895477,0.11874667078881943
0.02775197624372682,0.033706902011984216,0.03377986560383356,0.03556545850746903,0.0313447867531087,0.03395569614392707,0.039233340399929664,0.04123811695909786,0.031392401084154566,0.040402653694257745,0.03759900130269932,0.03918764711441547,0.03852815943483544,0.03643169752663617,0.03265668246207576,0.03461763526142962,0.04069819183969332,0.034362907514671304,0.03372741309674404,0.03443428701693678,0.046079427311134284,0.03769111309710323,0.03861589590279229,0.03775159165752452,0.04336676272713247,0.041044973475865804,0.03874934934162774,0.047956832859427916,0.03489993190402678,0.0357581838351326,0.03772612599068556,0.03736305691969298,0.03345491393946194,0.03395675245443572,0.03868333918360946,0.037945561825161206,0.044426117447858786,0.044584756584405895,0.030852609613911716,0.039526103546182925,0.0497074736533574,0.041008848299970396,0.036990153140247145,0.038312411476944086,0.03154781993484852,0.05271453371526539,0.050968446340231524,0.03965764946411968,0.03415887615138699,0.03553448629105324,0.043487729598714914,0.03978732492698121,0.05807666347937048,0.031662375652071084,0.05448637588591733,0.04157611182254649,0.043518147254911814,0.036475845272236046,0.03142816914550316,0.05125791443918984,0.05924119726393093,0.03690654494990686,0.034840123972771024,0.03727824307996283,0.05395720006721404,0.03433054005632806,0.28013558969050306,0.06152677572359466,0.07447448300308782,0.12753897730920455,0.1694080683428596,0.06200965802494412,0.06053578962652259,0.12281681512929953,0.03954886493713404,0.052956672794908524,0.040980024593082656,0.030709528826076395,0.04089564169105592,0.12121618983231941,0.031849513479238103,0.0648726106714775,0.0418092000416848,0.04330997000240176,0.03531189218971846,0.03147172057259694,0.03730237976039047,0.03466359091998529,0.03919440439891257,0.033091994297364286,0.04387257848689048,0.09165154772239797,0.0397800897391125,0.06127283740828719,0.03349109314886635,0.12429048098492876,0.03701168137653019,0.15323069855946653,0.04126622729632421,0.09682078455735388,0.0463746670094333,0.06925831499901952,0.05131616083249574,0.048736028208323276,0.03790307239261449,0.03825728608593928,0.0554413272724289,0.1392230756772404,0.05404921980029065,0.05445306966667933,0.038278224412635745,0.030754940557118852,0.03039116162143396,0.033009554433518835,0.03464710797750886,0.04061248260826048
0.036510720713724604,0.04017624391307416,0.04176684020895509,0.04558693186908787,0.041863059188517265,0.040957018255082085,0.04640907642792047,0.045339308913308105,0.05230459218678464,0.04679195487582946,0.04730849141186891,0.06324104447150278,0.05756433703590385,0.06053657369633576,0.05345796425721591,0.05433880884393409,0.036150580893294204,0.04435330670996972,0.038967001442534996,0.039041626773116,0.0342562945990323,0.041286463580814586,0.03456113991545569,0.03914823594780008,0.03445502307489938,0.04452901406666468,0.036056331376620135,0.05312664874960177,0.056115332976686236,0.045503524139050594,0.04707944346102861,0.047333095389256195,0.049805321648863615,0.03968589336149298,0.03812147134032591,0.04763923679237348,0.05244718349871412,0.034233456113090616,0.060203849420483006,0.03890925195784374,0.03390589947120404,0.042079310524479274,0.04538584675711037,0.0387555435943986,0.03491361019648899,0.05134551053895517,0.06348900722649628,0.0795633184208693,0.057936207576583715,0.050460226112163706,0.06907949343635202,0.06448909125968671,0.06225167915603062,0.06961656702398808,0.06685652181969759,0.041699144419468176,0.0693365532023566,0.05863467005760723,0.03978782674028216,0.04892396931328161,0.03830118189474675,0.040246636928292376,0.09558287179698455,0.03479049464559911,0.04006991824172932,0.03927268126115031,0.06152677572359466,0.3201410660374455,0.09699898049046737,0.12447240232555327,0.08637106301417448,0.03285133070984274,0.052465198064468685,0.038762612781374564,0.05411398525823724,0.06701141419701981,0.04171966818680395,0.06555394879625279,0.07491868679537095,0.0956796644861293,0.058570425501309184,0.03349095582661073,0.045174318355837365,0.055834949531142104,0.059233453481583626,0.05793798747788322,0.06316707596977933,0.05170744509666641,0.06049834335066559,0.09727361198135506,0.04915230101195131,0.03429580364838174,0.04586423012657739,0.03798761906826656,0.03656365171930899,0.03159895547563933,0.03464707166622316,0.04209687524355239,0.03494717670454292,0.03842674045292775,0.042774000381216384,0.035957641790948666,0.045431087500513015,0.030948779495004276,0.03565519710566628,0.031790079097077664,0.0393176720561557,0.03455358147536497,0.033696114772388375,0.03817658574409118,0.04374349068068595,0.04183274356726177,0.04070188769055051,0.034748511253290155,0.03413019990519494,0.03390556283276211
0.042560016681938664,0.051399087287162,0.033660659135774026,0.03716772909096256,0.039553808381174664,0.04455562110842477,0.05765519947939123,0.052422406420236003,0.04339005067986233,0.04775492545242151,0.05168471271537152,0.06132547919357101,0.058166620090771226,0.03900665380268682,0.03853250143571054,0.0363181269667439,0.03894226368663099,0.036473768840345186,0.03473926683373722,0.039213961596734175,0.04354004443542533,0.04515282189693104,0.03945169886869315,0.03259934451192237,0.043806453902524675,0.043860163218737105,0.041937888082135465,0.03943759545664134,0.03624543581892555,0.03725988574731262,0.039409759584887856,0.03754267494326892,0.03479384626953738,0.03359593413215418,0.03465025431251212,0.050260535502558185,0.060993219131131884,0.050466223646007335,0.042233544734885345,0.042082932236582105,0.04294274391998326,0.03807138836620353,0.03886530288970106,0.04077431742817059,0.07803542187205881,0.06142856934475645,0.04413112501669414,0.04163800290473811,0.04201683596473675,0.04827299290924436,0.07361218167995974,0.07011219533033974,0.04490659077344124,0.057631784533606956,0.04205433840880838,0.043059996145566576,0.03794277779515035,0.05105119827824227,0.06257165435336581,0.061601554128421,0.056733280360758406,0.05368666765512246,0.03768018686992475,0.05397881773191235,0.05200566712381446,0.043569309972127615,0.07447448300308782,0.09699898049046737,0.31537794414276654,0.13959329975937707,0.09120976149236859,0.09561873461846376,0.12966991804746503,0.13034355018895155,0.043875146115059604,0.06988916086152613,0.057423558189514244,0.06660103300967105,0.04350857086604456,0.1967682876115855,0.03730063451101777,0.11252995859554843,0.05313319171112922,0.038379036088531215,0.04777641414518903,0.06561088509436111,0.04537627745327223,0.07525332662766222,0.041624374477736814,0.044208819542524,0.02920011821990686,0.034978042747817545,0.02769554338615684,0.042057018937764964,0.036762688956581115,0.06481169622701291,0.03983971238659423,0.04975560001433603,0.03880792871141482,0.02794515052519636,0.033463617173813395,0.040249553684262904,0.03953083657953023,0.03543614294315317,0.0394623857971866,0.033457346582839664,0.04333820074965869,0.03895756856325307,0.03667945866748375,0.03654729990509879,0.037613431667337424,0.037491006671805126,0.030966169553716814,0.032522521173632954,0.03165613864173365,0.03452747570929651
0.037945254025917474,0.039286839969555266,0.03779870794128398,0.038014463488381806,0.03690685541340839,0.04118639462036472,0.043289171306466645,0.042899890589270476,0.04061754160720818,0.04547845341223539,0.04259609622883627,0.03935279534618577,0.03993413301902854,0.03877566395186956,0.03538332336225955,0.03505792944368753,0.03794076837096072,0.03386374811694677,0.03302161643862673,0.03125193031739271,0.03753683373800468,0.04022372878135673,0.03640333776497304,0.031407075417827626,0.04156937373412646,0.04097302782614118,0.03815884452881897,0.035433627349311755,0.03326123315308342,0.03305117763099283,0.033460169673379024,0.03372358352456051,0.03893085569144632,0.037822345840651514,0.03717835135491693,0.04007120729582127,0.0404868128339943,0.03921486142426302,0.037922652138356786,0.04178434966550998,0.04419253916139314,0.04297307423811873,0.04126850387988508,0.045041652854175246,0.035244473237696944,0.05003245043552284,0.05040112852684639,0.04662571484405789,0.03875521043672543,0.042261300063180976,0.047411852161143034,0.04326366108262737,0.05670585055467747,0.036830327804162344,0.05170968677161458,0.038491153941684994,0.045159119093644146,0.04175588938968838,0.03505045410590518,0.05285697070777243,0.05424594896321745,0.0433295903677717,0.04487754231561776,0.05180885848133453,0.054457944318576236,0.036668640790407575,0.12753897730920455,0.12447240232555327,0.13959329975937707,0.3254883721319299,0.21711728837800626,0.05707018179659664,0.06571675758619983,0.0962372761225746,0.041691950256776994,0.04750495262062263,0.05225863520510762,0.03797300820052642,0.039922115567310304,0.14143162977625212,0.04019844357027439,0.054603557058456174,0.04228823179055813,0.04064078913127189,0.04489560039332824,0.03566366420237169,0.045061517688917196,0.03619201821237057,0.04003153546964154,0.03742724245680264,0.0306372075420989,0.03148433784594361,0.029612243874523266,0.032034155824225016,0.037909548176688554,0.05877415084139412,0.03956790915450231,0.06319869820744053,0.04028070028465852,0.0329596161174562,0.035064648579993946,0.03122712040467934,0.041520812459676024,0.028378085236617025,0.04176032513200649,0.03393284887399203,0.04127847424351244,0.059946841840607695,0.039453196669136,0.03884296647673173,0.037110279691330225,0.03634454029617218,0.03223318757016809,0.033236686922814826,0.033217646638104115,0.033992342392162714
0.033592764366464065,0.03636997044698112,0.03713458015042584,0.039436168377084996,0.03529802087803391,0.038995235980467016,0.040598831341341526,0.042973702931658364,0.035137008157541186,0.04397503236893159,0.03963604646573202,0.04002373234972896,0.040603071831650725,0.040878139587591636,0.03547543078858616,0.03804661517708316,0.04050608536193746,0.03607847255474007,0.03522757087578854,0.03313090669905108,0.0401156563901191,0.0373398715196428,0.03652696945127794,0.03547002679400965,0.04715705402053867,0.03986905706809202,0.04352761651792661,0.03768362111410167,0.03650040916693549,0.036598295679447175,0.039901043098739215,0.03535175363277615,0.04114549444792741,0.03984753000692398,0.037754676867010215,0.03775680862289285,0.040636833787090806,0.03897848124703116,0.03521881422010441,0.042074064193444255,0.046626927087810244,0.043526462868575616,0.04273693298976218,0.04308761045191313,0.03162501504864319,0.04833462932235856,0.049538696754395845,0.04628164380593577,0.041042794224351795,0.04098762450759956,0.042160633428053367,0.038782562223080685,0.055041571135207315,0.03641085333337145,0.05224938368494967,0.03741318719357279,0.04210879943874907,0.038513943734070716,0.03305027185566928,0.04644939956156106,0.05774398964150493,0.042679511172141804,0.038579665921636044,0.056841959987049294,0.055660753918432726,0.03974761261197646,0.1694080683428596,0.08637106301417448,0.09120976149236859,0.21711728837800626,0.31591084842396777,0.05289630581184068,0.05688674001254029,0.101979803642335,0.04199992948398874,0.04295660384609552,0.04539950488749688,0.0360856412222388,0.041173538731588744,0.12204925973538046,0.04265877388201948,0.05392764491326668,0.04094307637941602,0.04150822089626936,0.044813480973041074,0.03514793866124476,0.04463035487951304,0.03406533140774583,0.04044899659654634,0.034830009006193804,0.03722460589381364,0.0501753715855273,0.03448072011654524,0.03349687074600483,0.03940874856496998,0.07209710378181465,0.038887265292721004,0.08395453030219246,0.043886316808161324,0.0476891058172739,0.0376424027736497,0.03911279953674149,0.04413863541315004,0.030286305152123945,0.04453947014345307,0.03718900776394706,0.04359083265641248,0.0878650176606787,0.04242192663326001,0.04099713928584551,0.03747758647565762,0.03822280865562766,0.036562951671736774,0.039257504956296166,0.03622490913233263,0.03605441570786927
0.029844274475260252,0.0339584664573547,0.0457318112513848,0.04315373075895273,0.046195955086470605,0.04034775324128772,0.04423496201310664,0.04293016086498877,0.03744845340387177,0.04097341594814029,0.03580713036495707,0.0389485632417681,0.03870398516362013,0.041030437263848224,0.04214296084204887,0.04227453372185743,0.04098792307678302,0.03877765363739036,0.03529799383727726,0.03496637145096887,0.0441976745470037,0.038318071674495295,0.03619283564728086,0.03537361989099457,0.032507431812653566,0.034896641949695315,0.03754918821895928,0.0361142888777585,0.045104809970209214,0.03902313050023898,0.03767920717813929,0.038473624102052614,0.06147265663547796,0.05441493472972421,0.050083333072848846,0.03939885267814622,0.044701608192386846,0.0429496301410678,0.047685074716674034,0.0527731795979661,0.10744567653683743,0.057705030362597665,0.03494226093389806,0.041369095387766244,0.09358950187095615,0.0721331891883634,0.04272416455372052,0.03960555246444361,0.07430285445496043,0.036026286188610535,0.057309912506804415,0.050846201397872895,0.05653067408602792,0.06198190194401216,0.052593428770169134,0.06631742654307277,0.045681013917461974,0.03846154854396558,0.04025477939079676,0.041324429196706425,0.048631832044394294,0.03654552717851624,0.053929079597137566,0.03640004736481645,0.036057900736662735,0.03393674385287915,0.06200965802494412,0.03285133070984274,0.09561873461846376,0.05707018179659664,0.05289630581184068,0.32606146760512345,0.10863179377414764,0.12618707913357696,0.0369594766556674,0.06160374700674154,0.04004275049839566,0.1205291720800709,0.05174478829676714,0.07459817707039118,0.0643336924778175,0.18041027368974627,0.03974466943379619,0.03995207610879925,0.04745288700181673,0.09411651541384991,0.04714193028989268,0.0958998932876173,0.0400824574029261,0.05155600407729821,0.03194128232460801,0.02988048181958135,0.03511000183121839,0.0374078458412548,0.036020281895708654,0.0828001244189158,0.03615642983562643,0.05473400524505055,0.034914058177154136,0.026699296872923356,0.02717040826549001,0.035364352084335596,0.029312882234582997,0.030306367248699614,0.03429207688527332,0.0365956185303888,0.0339766565763044,0.04941888782319714,0.04506415700131465,0.04170496423631695,0.03327745879191606,0.03692753772079779,0.04008848925580187,0.03212293536077075,0.033450445155109684,0.035206369491047135
0.0554345357385811,0.06633612963332522,0.035685450094715104,0.04562726316220666,0.0375320035708902,0.04610748182015612,0.06077996619392129,0.05203433968659894,0.03885778397738149,0.045289717344066976,0.0712498978531897,0.05168906225507788,0.04382404579722553,0.038036764098848444,0.03592732178456241,0.03671886847002386,0.03562218111391932,0.03452902491924202,0.036652855958169264,0.03356105062927027,0.03977146121373995,0.037131752793141404,0.03439989513050365,0.03241643478418769,0.03748254371768803,0.03669359753561411,0.04165998501883657,0.04012651582717751,0.03412408361994777,0.03406428219298421,0.03710904949263635,0.03700475116918581,0.039198847823657706,0.037953357169318455,0.04243458913991405,0.06444378405001691,0.04738098662615156,0.043725102303344136,0.035326993910530013,0.07116183810332721,0.05992161710760466,0.059740271049171206,0.06389068501698203,0.03761307743494152,0.1098653221306489,0.09223642299452438,0.08177217289753139,0.047759749745312524,0.04802393399674793,0.08638493518235316,0.06339925574342908,0.04813276500465853,0.057648961608764676,0.046929618313971015,0.0453941951770867,0.03869488285430328,0.036034637190142466,0.036945475716407314,0.044529032074986916,0.04148902435682304,0.04955468123953882,0.046699669066344054,0.052026786950435874,0.043701198027593716,0.046714424558740225,0.042027669279844776,0.06053578962652259,0.052465198064468685,0.12966991804746503,0.06571675758619983,0.05688674001254029,0.10863179377414764,0.3149401266470191,0.16932878950425714,0.07147963973278415,0.056743595584694974,0.04639825029385449,0.058121960206317165,0.04159550911005665,0.15073973644378597,0.0371993763972798,0.16722509032279814,0.057093910344654324,0.039916863071173966,0.04414823447054392,0.06004446823828126,0.04183537046175471,0.07596176076989869,0.03750049442160415,0.03858087612113774,0.0279681886735582,0.037175457933140435,0.028533689815232566,0.03852013812306146,0.037440184473203936,0.08651302368650608,0.04095600209413083,0.05812377570485959,0.036232484553997024,0.028619816279518068,0.03207882406792173,0.036926433648269655,0.038884397830013295,0.02909863945785655,0.03541189986016552,0.03306092003107375,0.04555798719382756,0.05332976395440495,0.0419871216631125,0.043641735546449206,0.03529399577529939,0.03884169015025718,0.03450304358662895,0.032449660844755035,0.03288536314520413,0.036207141741305904
0.03538834449574341,0.050632300672554226,0.035467072408229855,0.03956146631847715,0.03116625188894068,0.04660643985715952,0.05041448004280605,0.04512803229524009,0.03309993462183179,0.041144558320359334,0.04650265587979596,0.04573432260809959,0.040928991061185555,0.031748635651337884,0.031052532108041674,0.03147206986685103,0.041931560254838594,0.030364618115194905,0.03277218278217479,0.033155623577152946,0.04972156587290394,0.03997905609104428,0.03897618027108235,0.030291355428602777,0.04534434154468367,0.040113656055946634,0.04981073809001521,0.04134899302970618,0.030904376522465308,0.03313448252554252,0.03415151736543143,0.036423067078868214,0.039469330400646624,0.0430430258850539,0.05670643978647935,0.0449073710384994,0.04936448869509322,0.053156814232572916,0.03488061149154944,0.051426460121732964,0.06244747770423293,0.04134854494343394,0.041908612491080924,0.03857960559942275,0.0877464895427024,0.0701160240333048,0.05165372450213043,0.03662253581839675,0.039014924136787296,0.05223365783928893,0.05752801850125908,0.048654229827483464,0.048728392955686844,0.0494195689525341,0.0407961350352912,0.043840451476004225,0.03347818272738967,0.03670734708822434,0.04712643746964257,0.048674104711109265,0.06855183293955219,0.04378520304836009,0.050468106271529825,0.045431986742606595,0.055251685832201504,0.03616019684856284,0.12281681512929953,0.038762612781374564,0.13034355018895155,0.0962372761225746,0.101979803642335,0.12618707913357696,0.16932878950425714,0.28959746737556313,0.0469939380082801,0.06116587019007744,0.0507545344411993,0.0701612364464416,0.0357559675428543,0.17626363704308273,0.0349804390684631,0.18731480080560026,0.049121047433793995,0.03556888368769064,0.037859860666318426,0.06920693428593394,0.037253421337026374,0.08580694336325173,0.03561446655834495,0.04331243423352485,0.027121677915585216,0.03129725730835899,0.028757326076441644,0.03139462181026531,0.03769609561644795,0.13975061940913114,0.04497140678573058,0.10374232751948136,0.04422912085717584,0.03869581850965699,0.034890740439494056,0.031417732975606655,0.04294806308137307,0.031264558861724696,0.03403311898234099,0.03721530911306421,0.05648718173723309,0.1023437910579042,0.0521557316026217,0.04850275941987954,0.03447024688302988,0.03722229178820963,0.035186411244170615,0.03073220547218688,0.032059848439829286,0.03926186250213441
0.09374115353122259,0.10676566054313069,0.12388863217109039,0.1569084733481519,0.04739535000334352,0.0612431920897465,0.07333458730138176,0.04963041046083376,0.051700409943566256,0.05382939258426346,0.16389162619733344,0.04803216627105371,0.04073007712770291,0.041007290657538845,0.04650365948882947,0.04093681187088314,0.05454986340445195,0.03770929306034414,0.037169465167437854,0.03601623548165252,0.061517452359014166,0.042483557802968364,0.043000298296615794,0.0359814441794918,0.05020146494737074,0.050233319160158774,0.061408973823013725,0.0313761242017668,0.0394348330197848,0.0408054023188448,0.038631409489424284,0.035708622288025293,0.07045560351496906,0.06104346373185191,0.07333497279675559,0.18998364000579882,0.03908649972942589,0.07737415884223386,0.07026172561163135,0.11646932244994158,0.08488807295736389,0.10036636999903525,0.1759331828377036,0.0449696855471093,0.04080855765961859,0.21769743199704922,0.1568505908198338,0.09240723933880392,0.08424472736508887,0.23612278227656414,0.08129806606797327,0.040539074629993996,0.11011139654252056,0.04804512473707484,0.09037086487762404,0.04909156141496478,0.051598871333045845,0.045554250648175504,0.04013729584021612,0.06007259022235876,0.04077723610274024,0.03826320057170313,0.03688208473601143,0.03975599868768656,0.04304547763864028,0.04220464832263565,0.03954886493713404,0.05411398525823724,0.043875146115059604,0.041691950256776994,0.04199992948398874,0.0369594766556674,0.07147963973278415,0.0469939380082801,0.3353051208585453,0.06711826179754693,0.07954961833051663,0.04984286545548672,0.04959067169648744,0.04801846038958142,0.0944371419473101,0.03503099477962211,0.07963647436323651,0.14772279095571436,0.061766597438315016,0.05587113822569471,0.06466065813109059,0.052513349126686065,0.04541476250037577,0.08159997360169335,0.035592189889038464,0.02945417280251949,0.03956202106618844,0.030015903205697615,0.0889964213383799,0.057366932552132946,0.07645721429947888,0.04616675219922639,0.05319911002626701,0.03199796465253582,0.03281299782971271,0.029412363465542168,0.03309512990573197,0.03044969135059178,0.04516848446644653,0.03705387481024114,0.0370186713452179,0.03902628664244788,0.07409537881429387,0.10945501451706158,0.08839870168073569,0.055950068917688014,0.04348320372268015,0.04245199480620547,0.04710847089185326,0.056434278006114946
0.04696561008878764,0.08165867632450141,0.03835381996546941,0.04038905761528734,0.04287038905694668,0.04884083017402149,0.12143591855531588,0.09765916141019282,0.06684116627447909,0.07246369625825622,0.08283401728795381,0.19224645722504075,0.17211037538898757,0.05683478882362337,0.057003076627686194,0.04536583229050107,0.044064654643036036,0.044548509069235576,0.04478732709417124,0.04101358101588112,0.041274467823357995,0.04772056936299766,0.033635387477260706,0.03559523213482749,0.06256880817687174,0.05413330042849354,0.06874775439140388,0.04392749828231069,0.0576330399803443,0.05408161413654426,0.056804799820228374,0.05569782315499526,0.04802682632231044,0.03903469545411532,0.04266030867989015,0.09519147957740516,0.1456581122872705,0.0354344540493269,0.06786342723948777,0.0456329025890702,0.057158335820472576,0.038446535755088385,0.04064544996112765,0.04636237288409556,0.07966248622297889,0.08835617089549706,0.039178213445715204,0.038397876781244775,0.05034974090006354,0.05814028918724072,0.2346505446997294,0.22750404104885064,0.06279448888674222,0.03970772216887263,0.08013453913307408,0.11110070491007376,0.05968373317286248,0.037849415697595076,0.03911398632410419,0.036511569797971204,0.050266183133615104,0.04040177525862669,0.03513909353921554,0.05978667894350485,0.06536431061060541,0.06765891383900288,0.052956672794908524,0.06701141419701981,0.06988916086152613,0.04750495262062263,0.04295660384609552,0.06160374700674154,0.056743595584694974,0.06116587019007744,0.06711826179754693,0.3170499767593029,0.06251466109618722,0.048798299059289084,0.07408853404307009,0.0711890681401729,0.06730322482845519,0.061584021735443,0.14008123490235513,0.048461391855461125,0.09085005509793503,0.04135581723749501,0.09931410349006045,0.04129547699614875,0.06903914458075583,0.05805954833300432,0.04159012870173892,0.03391911489581854,0.04289655173771602,0.03828324322808426,0.08334970516829876,0.0786956457750182,0.06582894071742484,0.07284818203119015,0.05694385322070364,0.04413659580400532,0.037767997936430805,0.037791562736971915,0.03224038939672454,0.033275304821622415,0.06359737037824648,0.04861936324269982,0.031066118551575657,0.04077448020022838,0.09597662738195609,0.12468747489547127,0.10252632353831592,0.07890317671151886,0.06007442311554534,0.05965483999309927,0.0664625189408309,0.07440321916706066
0.038438087743018184,0.05075319248398824,0.04795646239301386,0.050844849710869826,0.03983423343668287,0.0427217284869229,0.049536078409076714,0.04729319081999417,0.048863121959686465,0.04949005283586366,0.04481931233987274,0.04344439449695585,0.03853913618472404,0.03729857794705385,0.05019570342256979,0.038911662829698795,0.03987126379569994,0.037511314296468784,0.04476310427781961,0.04100086566776746,0.05940681007298754,0.09556307805459979,0.07070164184799646,0.03965381611559336,0.14560711581763264,0.14474456050978707,0.13443281212928151,0.04845546507746035,0.04178182314798515,0.04771970989101627,0.03933591758521933,0.0360941038899993,0.05444101770611161,0.04953306661865636,0.0769290895693493,0.05926084301256816,0.034070697410543284,0.13855126062731832,0.05601283743798775,0.06044578755350042,0.07486123590580177,0.06486236476329497,0.06106756587777341,0.06109997262246629,0.04976821676058727,0.08130185865266497,0.06659708022423536,0.058754355329479147,0.045073057897758964,0.04821216623767223,0.057654822446921536,0.038790624038597066,0.08578689893747296,0.06577527580815382,0.0861578081556517,0.08605878341724368,0.06762548686477174,0.06514167028115342,0.07217005423966905,0.15163940782308244,0.1113824051900803,0.041414082592840476,0.03658736897224174,0.09950866798022495,0.15258382394456865,0.08340884464330997,0.040980024593082656,0.04171966818680395,0.057423558189514244,0.05225863520510762,0.04539950488749688,0.04004275049839566,0.04639825029385449,0.0507545344411993,0.07954961833051663,0.06251466109618722,0.3297733508971731,0.055294616351617004,0.039009559803394114,0.06996598290241267,0.059650453791220734,0.04628898599781807,0.059967557392110744,0.1315067113516002,0.054890490397032254,0.07483384737227045,0.056006238791197496,0.08704435105362279,0.0399205473956976,0.09267535380688878,0.03539183902376581,0.03311338274722678,0.03355767220420611,0.03751363382471758,0.1346651636130721,0.0448062316848917,0.1322044894992625,0.039232541055052486,0.10845371594741551,0.03846287252229906,0.04049443337099994,0.03409453935592245,0.05688647566914244,0.03431934741835824,0.0864618666876576,0.05659074186242904,0.07494121417275373,0.03193171520002504,0.09505235447079521,0.1216872712232932,0.15216088197611827,0.09861083047946301,0.05764168683476277,0.06173237279857053,0.075151631900546,0.0846835604226902
0.03082798904372096,0.034702291565918905,0.05639902879538422,0.0565435507913128,0.036750985891695676,0.061860777099905034,0.03908247548967139,0.042494680715824386,0.0467553314875466,0.03857000791262574,0.033906087158115744,0.04235226466663791,0.05309870696048177,0.04825289003934556,0.05511026799263079,0.055358227081513195,0.06574337751877471,0.04805751105810342,0.03917039168303976,0.041711570259060846,0.07221459133069325,0.04003949916673803,0.0389627301803071,0.03749810663612163,0.041593188052309,0.041804123979147,0.04987803851010858,0.04126298398872457,0.04988905640743988,0.0426147245735098,0.03789024883126686,0.03664504893639661,0.053762133700001886,0.04305326424267622,0.06289025638865693,0.033420861359726536,0.06508673953642347,0.06488150155252417,0.0642689984385999,0.04139278427458347,0.04933863690264979,0.04924600417827388,0.05329355593636581,0.07163691866343694,0.14020159797565057,0.040206504516878516,0.07868853374801554,0.17702144752685078,0.16206877795850283,0.041117312959530486,0.042079076444898986,0.06329054405567447,0.06559787086901198,0.22934624817192517,0.05520596256915648,0.05682650872857683,0.06659575671953225,0.13598580784882597,0.0892818997946885,0.06160852955776559,0.06190727034409034,0.03944508011559686,0.06156210387137265,0.03975377934373729,0.041859037070588925,0.046426646302815136,0.030709528826076395,0.06555394879625279,0.06660103300967105,0.03797300820052642,0.0360856412222388,0.1205291720800709,0.058121960206317165,0.0701612364464416,0.04984286545548672,0.048798299059289084,0.055294616351617004,0.3357115063137025,0.05429540008629785,0.05024760179893568,0.05709744647107354,0.14198440754250613,0.04024523125350177,0.12184778246495884,0.04423930128277781,0.27290146977308183,0.04235630064665956,0.23747969080203485,0.03493179910270364,0.1489626334010189,0.038775104857925805,0.03368118263489907,0.03991766331560476,0.044478267960610746,0.04765292992168649,0.04434929774225821,0.04804319247867288,0.0325749487102341,0.044201565962278075,0.03449624402044593,0.03585400914994251,0.03960441651790163,0.03854386809611768,0.035002916608443846,0.03988363622365361,0.03389208856131229,0.04089757232384239,0.032348443769785816,0.03682172122991202,0.0342284788328706,0.055860828621845646,0.05243755717679779,0.05020695993976849,0.03958016892987354,0.03876616748468476,0.03703044361879915
0.033393304496940265,0.042106646968856076,0.034858032734579804,0.03827519825339683,0.039922735805844746,0.04228179299814691,0.06163524707864772,0.06198728626369526,0.1326972739774132,0.07907849493117323,0.05982650074541093,0.0861259979308216,0.07471023217797301,0.11331431811201317,0.13626806290179383,0.08356844106116831,0.046796889909033995,0.06690519911529452,0.07716800219489309,0.055034035874356305,0.04399013288188511,0.03659684561572584,0.03556092521183976,0.04825798020674578,0.044460196191351026,0.03710067800173035,0.05897098440190064,0.11864859820424217,0.1566692111640331,0.1243682739348156,0.12241500000250638,0.141748481653466,0.07076951760527964,0.034176256378578254,0.030289433916328178,0.048586579803799074,0.08552778109604042,0.037328292890005874,0.14552926875298922,0.04149073143228735,0.05494625652592769,0.041904339957464246,0.035512991011577094,0.04206387374041379,0.042829523528615895,0.042163263287322755,0.0428586171360064,0.05062864632829243,0.06503590129850337,0.05980474252235421,0.06815713256121791,0.06578816483236913,0.03979715566819293,0.04284851971291957,0.04263632205393275,0.04182563943138713,0.042643181450090176,0.0374877785109107,0.04002875270780481,0.03904458149288928,0.04576089113682775,0.03891469842234854,0.05124296700181406,0.05082589504778821,0.042938826714608594,0.06263205773672922,0.04089564169105592,0.07491868679537095,0.04350857086604456,0.039922115567310304,0.041173538731588744,0.05174478829676714,0.04159550911005665,0.0357559675428543,0.04959067169648744,0.07408853404307009,0.039009559803394114,0.05429540008629785,0.3093765853261164,0.048757746358125444,0.11285749744200468,0.041271050291535064,0.06606706517668184,0.04801493556260389,0.1547529712947267,0.049293472671561894,0.1662770304842596,0.04772353246837323,0.1577113591828971,0.08453934944743668,0.08388279786565012,0.026153999375864555,0.085424635603539,0.030415937540610186,0.059026645779488504,0.04449092143726933,0.05043917729741032,0.05041569656095386,0.04986197803019514,0.048061042894689585,0.05275183798862443,0.02844767799719255,0.04282823869210571,0.03394140173332719,0.059806754941150925,0.04387726626542067,0.03829849368722761,0.03585014422504175,0.06305283059741407,0.07035592685069139,0.08578434030261062,0.08882263577960064,0.08490244834485183,0.07006231177929925,0.06891499520221153,0.0657556485216545
0.04329147797547521,0.0516376089948498,0.036531664703136874,0.0414248197702609,0.037955220987277716,0.04645409884470458,0.060629039579507646,0.05457292028769088,0.04157549604614506,0.0490912734120966,0.05913206470725392,0.06381635967400262,0.05549452555548291,0.0388823832239151,0.035802782430052305,0.03464932738606316,0.039345100857380036,0.03283656108249722,0.032842009905992536,0.037639175364125144,0.04809501545101391,0.04703129191478315,0.04203300461922251,0.033925441608445975,0.051865760588135384,0.05145953001761247,0.0474490263184985,0.052384445928061935,0.03479898945261072,0.034090001208063395,0.03545265662272151,0.0432431138989621,0.035478074349419755,0.03746702651842873,0.042980572033883585,0.05383871024009919,0.06441002427256756,0.06238620394914236,0.039381933471246064,0.04145148309495954,0.03808239036018202,0.03806425971633749,0.04229177183190551,0.03790144886681822,0.07992179338223757,0.06387128567896586,0.050413805319104096,0.04005145296585429,0.039079534041483385,0.058752603552086946,0.07356419420441267,0.0647383486271863,0.04634640710518981,0.04037808223863132,0.04346476441160738,0.03994321061651823,0.03615155760236288,0.037282291060712375,0.04755076553420183,0.07416670063638298,0.06955616708884133,0.044560323638425284,0.03454736600317938,0.0563210864763799,0.0636224553063641,0.04094527349012634,0.12121618983231941,0.0956796644861293,0.1967682876115855,0.14143162977625212,0.12204925973538046,0.07459817707039118,0.15073973644378597,0.17626363704308273,0.04801846038958142,0.0711890681401729,0.06996598290241267,0.05024760179893568,0.048757746358125444,0.3068053403105234,0.037696128975654095,0.11707185260274156,0.053795738910616994,0.0354384361448678,0.04877961961931504,0.05340997407068204,0.048024050348842426,0.06662384244293965,0.0484923246830497,0.0355033727162951,0.03376999867429718,0.0312786031914209,0.030726440544905496,0.031674796051430934,0.037271819636987724,0.09296073559882154,0.04369308295743997,0.08036356037383888,0.0426429023530744,0.033227154515490145,0.04189308289475334,0.030933510049292748,0.053413701969426644,0.030028319577731166,0.04075437311324241,0.032426327826485454,0.06002298329314125,0.06909845263235612,0.03999526248911711,0.04115838350975633,0.03581951105900169,0.03762977799405337,0.032364468469205626,0.031469514573676846,0.030106086690619337,0.03313246462503543
0.053616528130286854,0.10196760044366249,0.0680812260643081,0.06531627544425062,0.07024212968718338,0.047036010554725075,0.09985855840835214,0.10848242921222508,0.09602566164805296,0.13630793747150632,0.0960829086705497,0.08103022427512652,0.05515537727250429,0.04885667677081434,0.06332768472302022,0.0353142539198818,0.037995568930397836,0.03430528942234061,0.038580621810915865,0.03381077567618249,0.043563021207296354,0.04331857177485596,0.050677095587665845,0.03284038036902645,0.0564589941671403,0.043104352015632855,0.09745965735104659,0.03407121081482288,0.05571768143512208,0.05082236481707994,0.042236875851953584,0.048026277229493444,0.2174135579552211,0.13087209564540808,0.12163825120728489,0.10028192991236343,0.04478493567358456,0.05799892336483429,0.14243749890194987,0.036086751348539864,0.04230403295431981,0.03867877739483312,0.04721197275629307,0.03762779163969329,0.03571264765456746,0.06600078817076532,0.056266630040817014,0.052551338511974854,0.06271287975044376,0.09004585892000778,0.07651478822556737,0.05149433884816226,0.04916579287694624,0.04165622885936463,0.04787008891988695,0.04419445890485797,0.0369723199747663,0.03223614931028579,0.03393452614171508,0.04247604084590753,0.04142069830620215,0.03872783871110527,0.03821320946135402,0.04232904462976986,0.04311623891210134,0.04754808909635845,0.031849513479238103,0.058570425501309184,0.03730063451101777,0.04019844357027439,0.04265877388201948,0.0643336924778175,0.0371993763972798,0.0349804390684631,0.0944371419473101,0.06730322482845519,0.059650453791220734,0.05709744647107354,0.11285749744200468,0.037696128975654095,0.3121623403514104,0.04613778848961018,0.12911343734484115,0.07931549184732548,0.18085227141299193,0.05951918456349252,0.18464370192447954,0.05994291370871196,0.04706857468747516,0.10122131829887751,0.04290785150534121,0.031019978260272366,0.050594752520624,0.030563304788027653,0.13521117866296067,0.03701514558217639,0.1310191321363247,0.03373456859637866,0.08153683705381881,0.029869777999159408,0.0309045120398415,0.030253894729496612,0.029523595007070486,0.030347331765271206,0.061802394883033185,0.03769146827102053,0.049247864762522756,0.03318757057012184,0.0683554240394525,0.09929636308059611,0.10715812773800044,0.07926277953060237,0.06719416297514763,0.055923230356211606,0.05573355872487256,0.0597794537801104
0.035678436133259925,0.047359829383271615,0.03824313851903318,0.03686363297923634,0.03389515058122,0.05003344622817288,0.052413183442933955,0.04934560971337325,0.036153161874620185,0.04050542802697929,0.0404345000208249,0.048067581927859995,0.0463044672096704,0.0381823266919698,0.038656211509995764,0.041184430186156654,0.05183071784900045,0.03747491054025742,0.035378724164105174,0.035426483657850755,0.05697528151689292,0.03763112075125398,0.03456303741892612,0.030948800139971623,0.037417359818002566,0.03653704953966612,0.048769312411777635,0.03368410978744765,0.03894075027123019,0.035498789774593476,0.03806740204229769,0.03567873973907608,0.05152439371571952,0.046298398488582394,0.05918205192163645,0.04219066953341252,0.058089177169798605,0.05567124194391736,0.04360152475229338,0.05425406003221127,0.07902664530080312,0.0411769646036631,0.036472532052490056,0.04452158256150382,0.14539600590034096,0.059501408148367504,0.03781162797201636,0.04901924945358568,0.05297473244798795,0.037704920095042886,0.057811531313807604,0.058822337684759585,0.040891089122659416,0.09874555046241751,0.03335667171044934,0.04789516255311804,0.037803778244863265,0.06099949190836131,0.06136799515725884,0.04994826541468997,0.0619948861572665,0.04100940161001952,0.0655512250724971,0.03872879955263023,0.04527510606221172,0.03764876567516379,0.0648726106714775,0.03349095582661073,0.11252995859554843,0.054603557058456174,0.05392764491326668,0.18041027368974627,0.16722509032279814,0.18731480080560026,0.03503099477962211,0.061584021735443,0.04628898599781807,0.14198440754250613,0.041271050291535064,0.11707185260274156,0.04613778848961018,0.30695971271968436,0.05187057568462421,0.049145377854332095,0.040828697350340795,0.13676802840114888,0.0385789109435564,0.1542504838717088,0.034193728200810035,0.07537070108660204,0.027996339975685354,0.02930961401102858,0.03207719555985393,0.03641827097437647,0.03853447105273916,0.10154512665184542,0.04496476130172922,0.06357243111017569,0.03924299776770214,0.02677725075225483,0.027065675164540788,0.03303440866204221,0.02922093221977015,0.029040396934345757,0.036049518304734005,0.034734827873405136,0.03975130560350722,0.0584847402309073,0.04447845287049573,0.03858482692163361,0.035675376328740835,0.04208197842112966,0.04254076970497697,0.033097033222079186,0.03272955568157665,0.03535285581987026
0.06854599125332131,0.13925902194335293,0.039395574296451144,0.04022537858747387,0.0788218632121489,0.07767033211968447,0.2224605933898659,0.21937172105427877,0.0821495611708663,0.16038279573330083,0.1286544825421223,0.166148700745739,0.10941514587073722,0.03953263700719897,0.04503260034459235,0.0341529116695027,0.04288437181289061,0.036970139271392824,0.03799851131390819,0.03891110506777716,0.039768776172503954,0.052741093956310464,0.049435193775623415,0.03350207160774968,0.06012533539157464,0.057240937767711886,0.06970583017031429,0.03050329314927555,0.042868033969933744,0.04125307063885899,0.03990877907364124,0.04249277750499662,0.10841828496169151,0.07659254545621819,0.06775137951930663,0.1412845905486409,0.09241085773854579,0.04463334542512666,0.09007402979892032,0.042109027306047375,0.044258094794548716,0.03860555632928156,0.038553017258360855,0.06837858426761037,0.07187458694152415,0.0755900433459592,0.043460781627654974,0.03814460994227059,0.037182352901366664,0.07921138235829836,0.15148364234505285,0.11199342051443376,0.04693840371816939,0.041703394081345574,0.04891515724873162,0.04988585817859671,0.03867545542765718,0.04342188484377206,0.041467816770709515,0.041612445262821485,0.038932726115922106,0.040233296759381615,0.03643825093658626,0.044562863093571645,0.046706284441010985,0.04329492733676829,0.0418092000416848,0.045174318355837365,0.05313319171112922,0.04228823179055813,0.04094307637941602,0.03974466943379619,0.057093910344654324,0.049121047433793995,0.07963647436323651,0.14008123490235513,0.059967557392110744,0.04024523125350177,0.06606706517668184,0.053795738910616994,0.12911343734484115,0.05187057568462421,0.32193064360946877,0.04658871062618124,0.14458428798751038,0.04093505037237789,0.14917151778536514,0.0424472555365203,0.04552522505913832,0.04820967981865157,0.030893576080348713,0.03158113252189155,0.03388111216450125,0.03392099779146411,0.11458266769901027,0.06287833677664575,0.09572394873311024,0.05054375034981516,0.07430812836900348,0.031165749863948433,0.027721716129567912,0.03197302900011391,0.025330021753733622,0.027143590631865652,0.06305833340466421,0.041521428356818435,0.038371259071251024,0.033943028269447784,0.09708943384823812,0.12514734625828483,0.08615580805653622,0.05973977921410104,0.04643086241959908,0.04852813466790794,0.0581277926824354,0.07135575770550781
0.0398177700421031,0.04847663218914215,0.07036618780025605,0.07698739064894494,0.04180309558530035,0.06789650170765921,0.04216216671844396,0.04375884794476909,0.05667161651114584,0.04445943331147545,0.05567774242801391,0.03953570614043682,0.05103588664704027,0.04049923843577885,0.060958544066138556,0.04272203139415309,0.07291649326727564,0.03624919378865528,0.0416413727919555,0.03770386320388494,0.08607864620315503,0.049642395083498,0.053393797167838514,0.034778631125588655,0.0630448309558791,0.05733284416577308,0.08544102655380084,0.03629106483797778,0.045261724934149816,0.04975832625739943,0.04175554100128913,0.03487655581900986,0.06385399161029326,0.052981943499742626,0.09043960465950743,0.06834206850368928,0.05821941750159513,0.10822083458106083,0.07909996724078713,0.07284388404371687,0.07129861238248494,0.10867391342215274,0.10968073967625089,0.10764122682836996,0.07276318711390914,0.14041759572973445,0.18845947929426754,0.1762635319010839,0.10482665119365994,0.08368240826017345,0.046527552834454214,0.04072993550476817,0.18244570400346571,0.14291417142525586,0.1526287437480388,0.05214807347349169,0.11440595975182054,0.12344129367949785,0.09194867469331605,0.09410830434431251,0.05962602163251876,0.04109154731735194,0.04395832545355639,0.05589120704383989,0.05400602159417851,0.07062926028277186,0.04330997000240176,0.055834949531142104,0.038379036088531215,0.04064078913127189,0.04150822089626936,0.03995207610879925,0.039916863071173966,0.03556888368769064,0.14772279095571436,0.048461391855461125,0.1315067113516002,0.12184778246495884,0.04801493556260389,0.0354384361448678,0.07931549184732548,0.049145377854332095,0.04658871062618124,0.34268927884705214,0.05701340230854195,0.1625737380933982,0.05952202291458878,0.15885839906638197,0.04211736497977921,0.16317188358858276,0.039286163209377584,0.037091965563497475,0.04046806511289119,0.038818168059346306,0.09956862136641623,0.045078110406301414,0.0999751372288459,0.05103144885536716,0.06833730036561261,0.05368065941707855,0.038710161609028806,0.036011999709618034,0.03735882078098768,0.03831145053376901,0.051106104581113435,0.0424126351934591,0.04571013605146644,0.04107666399902757,0.0708191724425567,0.10684392104875862,0.12367359590302854,0.08127184356217373,0.05740184729311082,0.05392244033432644,0.055495893963499986,0.05985991353478589
0.03508597671778947,0.06702184611444631,0.035210013741424004,0.037453245113675024,0.048696277092383014,0.07452903835103356,0.12250182968171108,0.15013695914597763,0.20102181983410744,0.20021266301335883,0.08314635015656258,0.12882936727553213,0.08827249025998914,0.10023834315647895,0.1145096038740996,0.05465850520815528,0.03699458430017598,0.039862645545088074,0.05280534375145362,0.036655046238905,0.03689670620012024,0.04396798766474691,0.049161928866321675,0.031946337887430454,0.051031238905448514,0.04023059795631368,0.07599673285951367,0.043129327768048314,0.09888868895141573,0.08400793090224878,0.06287038529685096,0.06900630771702554,0.1311080842408792,0.05748749358598053,0.05625417233744005,0.07554454174953013,0.07624229762302637,0.04193511120396802,0.20708648084678843,0.04325557635040041,0.04839686844364234,0.04558806404255373,0.03805565530793063,0.047540159031449876,0.040655906727892065,0.058424543127524806,0.04406423212808744,0.04261580679783587,0.04655300128534108,0.06959853484101629,0.10039167191225962,0.07469829348136442,0.049014451929830324,0.038679673903476125,0.05210230831170311,0.04662033212979451,0.03781424503230442,0.03331395742993125,0.034173394956588686,0.04161311615913961,0.043403497200483455,0.03402894918065227,0.0406524451679495,0.04410296586208587,0.04416094152632332,0.049161150570419476,0.03531189218971846,0.059233453481583626,0.04777641414518903,0.04489560039332824,0.044813480973041074,0.04745288700181673,0.04414823447054392,0.037859860666318426,0.061766597438315016,0.09085005509793503,0.054890490397032254,0.04423930128277781,0.1547529712947267,0.04877961961931504,0.18085227141299193,0.040828697350340795,0.14458428798751038,0.05701340230854195,0.31903976178935456,0.04391689006672762,0.2793222956269146,0.04511894038395031,0.09488272412507659,0.08314614370442017,0.0376962322553198,0.03090615704007861,0.041771471610747575,0.03211694879227166,0.09733131572231163,0.04406800284029186,0.0884106917593383,0.041217511966412435,0.0657053398798059,0.03547597786545684,0.03432358314697615,0.03177007104754705,0.03043698404341472,0.0323415738199056,0.05624817950998851,0.04197336752722931,0.03581510625127028,0.032955049536984984,0.06982230731595132,0.08857361244681139,0.08953923375578049,0.06965973894556887,0.05889602338004829,0.05469093174075912,0.056745584862268314,0.06382293961627353
0.03399039242469583,0.037438013262642886,0.05697000990138018,0.05343904190638393,0.040008635154882066,0.0695463528905895,0.04005533078129664,0.044352498353103564,0.04611449703187129,0.03904958223044888,0.032621231741953916,0.042489190740653396,0.05593789570792222,0.04472361353405416,0.05560883145226879,0.05336895247751548,0.07225013963263031,0.04419330195241241,0.03960000066038265,0.03960146157841793,0.08283488276100101,0.040274898893770936,0.04368467536104577,0.03577089635529278,0.044459989746754996,0.04050563431992975,0.061213719440193506,0.037006081209982236,0.04664872575212823,0.042747657241080136,0.03909168264535948,0.03629861976206693,0.05447879041439041,0.04461701665156829,0.0725239439059166,0.033165297255628334,0.06874871891145576,0.08039341050615384,0.0663905304992046,0.03919898574180847,0.042622949416298475,0.05446046157428873,0.05472669274662047,0.09131805750315741,0.1512152199701379,0.04577878981734636,0.09546239551858333,0.18294615269175996,0.13491008909268187,0.04023310329736575,0.03673420429144726,0.058827884891660145,0.09424208609640158,0.24565616165563242,0.08104254650029066,0.040857414520369756,0.09098770569197458,0.1627229247077242,0.11245847483834331,0.07351277149345531,0.07080864590717288,0.0450434668224802,0.059417137616857435,0.04358440092224557,0.04859134086661632,0.054446537974338356,0.03147172057259694,0.05793798747788322,0.06561088509436111,0.03566366420237169,0.03514793866124476,0.09411651541384991,0.06004446823828126,0.06920693428593394,0.05587113822569471,0.04135581723749501,0.07483384737227045,0.27290146977308183,0.049293472671561894,0.05340997407068204,0.05951918456349252,0.13676802840114888,0.04093505037237789,0.1625737380933982,0.04391689006672762,0.3329865405542951,0.042044976216319585,0.2956744058943634,0.034413438245228425,0.17139217027140694,0.0374005562378381,0.03620906471804858,0.03794576363367602,0.042899986287285724,0.056534869471916604,0.03768394190583034,0.0603875863897049,0.03136334467776858,0.05128530880960046,0.04065372901881721,0.03547811057067405,0.03812796501149686,0.035963274296928346,0.03495474529950384,0.040228342479605605,0.03419677124119322,0.042883620256558876,0.030737753937873043,0.03486564687289935,0.03986950798501471,0.06853962185929638,0.060259589380600845,0.053204048696606915,0.04380611917710932,0.040515688837167455,0.03792410069292344
0.03737254007786294,0.07679412693480858,0.03240031597417149,0.03511061650122721,0.05216959460728872,0.07288350566501477,0.11546111958759353,0.13756751647248777,0.17182414389946266,0.16736973957212242,0.08412780534387834,0.13041026847100884,0.09331279979850474,0.09404312418826379,0.10441865089344994,0.05213560767473949,0.0399335167428727,0.03975007672157037,0.049921909030627334,0.03546269169379421,0.03664678784691172,0.04258260920136273,0.04535309145546798,0.0312904320187716,0.05663898558712407,0.04153901478618194,0.08541956320344404,0.04389107415070241,0.09492385960936048,0.079998694184538,0.06549663355262511,0.07577781011235674,0.12476320157760044,0.06028425256088529,0.05813493952241157,0.07994576378972906,0.08802109749937209,0.038098841299304353,0.1794297269928506,0.03855774821124926,0.04286971071918337,0.04190598455658891,0.035557016851356565,0.045850910002013315,0.03877574157418026,0.05981850883555398,0.04776896655981533,0.04447840993296631,0.04741541835841507,0.07093871181477601,0.10062113605469336,0.07804368085282595,0.04833921054104704,0.03709374806274317,0.05152924753957905,0.04694322964428972,0.03758860998966526,0.03145120613896561,0.033609305782050514,0.03784583893212916,0.04251859158189177,0.03467718641076263,0.0419670369739321,0.048305908159488875,0.04760935216656244,0.0573786190177166,0.03730237976039047,0.06316707596977933,0.04537627745327223,0.045061517688917196,0.04463035487951304,0.04714193028989268,0.04183537046175471,0.037253421337026374,0.06466065813109059,0.09931410349006045,0.056006238791197496,0.04235630064665956,0.1662770304842596,0.048024050348842426,0.18464370192447954,0.0385789109435564,0.14917151778536514,0.05952202291458878,0.2793222956269146,0.042044976216319585,0.3134890694650711,0.0434801768778874,0.10351799159334386,0.0841882183727618,0.04170150259743799,0.03092927415886226,0.04870261206996784,0.032296683233885064,0.11618867786821535,0.048917175834372065,0.09799915269295978,0.04567831578231316,0.07702632343885482,0.03840044270746437,0.03460345911285122,0.031982723561824564,0.03069750855727554,0.034602124227822294,0.072611191032735,0.04718511902097204,0.03834109646700151,0.034944328031640354,0.08767003369599427,0.10646152855392277,0.10788733927845173,0.08746479809786312,0.0730515756108544,0.0681082915331492,0.07317694107219858,0.07994139306902516
0.03654042991307589,0.0413984271025338,0.05563138736435161,0.05073750716265574,0.04386866182352693,0.072175221937744,0.04423665164078175,0.04720888743600384,0.04551898591248357,0.040191875373536995,0.032180668833604625,0.044647455524499516,0.05485490664151742,0.041014338076572024,0.05438327086055514,0.04836922914164673,0.06934483266882777,0.04268155399523001,0.03966765070682574,0.03927045549062076,0.08241497435020624,0.041294760344430935,0.04706794621154546,0.03306441950467749,0.05098663607649076,0.04347726072916489,0.07091473845493773,0.03573277297437681,0.046181019913168905,0.04352403472037998,0.039552558671411144,0.03508108781535975,0.05642126874031595,0.04730674111463182,0.08018941042212305,0.03404419142303526,0.06964105752665738,0.09039409842561175,0.0653179248092639,0.037647908982800626,0.041638047153419955,0.05312691007112738,0.0504586164159744,0.09352503647290736,0.15759625206611733,0.04425327994460618,0.08092876722402473,0.14884949036732462,0.1039994946149694,0.034793364155794496,0.037404705075474984,0.05590952720581124,0.08907856646236245,0.21924567459651023,0.0782195741679439,0.038180160232489865,0.08774541764515427,0.1500922875272482,0.11251758164026308,0.07919736093285523,0.07646361387025383,0.04656012505339745,0.061429520233058796,0.05093858904451441,0.05664824428848515,0.0619144892558126,0.03466359091998529,0.05170744509666641,0.07525332662766222,0.03619201821237057,0.03406533140774583,0.0958998932876173,0.07596176076989869,0.08580694336325173,0.052513349126686065,0.04129547699614875,0.08704435105362279,0.23747969080203485,0.04772353246837323,0.06662384244293965,0.05994291370871196,0.1542504838717088,0.0424472555365203,0.15885839906638197,0.04511894038395031,0.2956744058943634,0.0434801768778874,0.3261597245313766,0.03334935134073565,0.17005844751230154,0.03635019847485746,0.03504391874074028,0.03733910675060366,0.04178726058424061,0.06144867315540843,0.04312300976246984,0.07060301134750402,0.03226639510620507,0.05567561655981405,0.03909532860790241,0.03594765876503843,0.03747876353392714,0.03542926920908325,0.03476574525475168,0.04211697690528217,0.036178303910994955,0.04707848724471566,0.03242638609913623,0.03538366367626198,0.041151083229467644,0.07531998705027974,0.06590484286074921,0.05559662945377564,0.04716749109875858,0.0412712456379624,0.03901693390891734
0.04321916608351333,0.03572256307043653,0.05864551023297965,0.051650522152703826,0.041959350471626154,0.06571501360383837,0.041990836169608914,0.04902730013784681,0.09334781297280811,0.05412898630974301,0.03940576309110799,0.08968758454135023,0.10149794043041399,0.1409930400053528,0.08824867528816949,0.09999758246773971,0.08351748317766844,0.08680718773337423,0.07568719348130834,0.07388123681564157,0.08708341454440574,0.0371974239233752,0.04475536684738454,0.05685183381977919,0.03513597308094123,0.035741913523224804,0.03982409018171287,0.11608993982735902,0.12393732096831972,0.08675663951048562,0.0848629213220351,0.09561553616952972,0.033467160297974474,0.03834953432691736,0.043301414587144385,0.04226796093892096,0.14403857431914324,0.07458165075400314,0.0659960573641798,0.06224691023728371,0.06657604680894383,0.06636297445119627,0.06233865505218734,0.05300113135472351,0.04286104956619112,0.042144737125003454,0.03742750952482804,0.03669665234254138,0.04185075982477271,0.03681170495182251,0.054422684656316764,0.07491424424336371,0.03875003361611461,0.03379234684007576,0.03709722627563622,0.042249059149726945,0.03686484111858064,0.03788797751816473,0.03617214802147081,0.06365410946646945,0.044108115793680625,0.0388146308398377,0.04512967538153924,0.0519806793029668,0.04023297239689752,0.06041700338421345,0.03919440439891257,0.06049834335066559,0.041624374477736814,0.04003153546964154,0.04044899659654634,0.0400824574029261,0.03750049442160415,0.03561446655834495,0.04541476250037577,0.06903914458075583,0.0399205473956976,0.03493179910270364,0.1577113591828971,0.0484923246830497,0.04706857468747516,0.034193728200810035,0.04552522505913832,0.04211736497977921,0.09488272412507659,0.034413438245228425,0.10351799159334386,0.03334935134073565,0.30962002089115437,0.04358901647101873,0.06899483413531571,0.031082681253356757,0.0721817538798672,0.03513969514474112,0.036225264315936596,0.041732357796137584,0.03285499546581863,0.04815908263042397,0.038328947982055314,0.04815391042369038,0.05072456750857057,0.0328876680262305,0.04377961815379389,0.035292967751586524,0.05230379139179818,0.04627548949992226,0.03995255446700195,0.03308380591893621,0.04813642878964803,0.04293507991054042,0.050997064740228755,0.07263122678165954,0.07694321733187146,0.06257410225728145,0.05820860337323017,0.05526823571382269
0.034289111828389965,0.03733964453251812,0.0604009237633107,0.060329829876647006,0.0394168740573663,0.04907472967012184,0.041447692126919844,0.04711522210880775,0.0665822016418392,0.055023079802171165,0.04637402141587153,0.04782888964636468,0.039794929610734345,0.05707344715414048,0.07662272689551664,0.05436154841793521,0.0503771437980585,0.043817647832737464,0.04633984425143365,0.03676314806628117,0.055057816335161686,0.046384222534729194,0.04684584291151852,0.03556578044800421,0.0628396387484294,0.04784818601719727,0.10071374373561587,0.04406718345549958,0.07062049419898117,0.06644994071197266,0.060367322456945316,0.056235841879028255,0.08379347312676463,0.05662229655213037,0.08578611268461206,0.052469332074812775,0.03680816653619558,0.06870591122904313,0.09824982631781333,0.04203178321668673,0.03618090068800012,0.05494238924866085,0.0609376484940152,0.058724164025570465,0.06421312224827891,0.06567700128510393,0.09170385566658515,0.13138022173039038,0.08535609371717653,0.05924096662466083,0.05104467514921133,0.04504464763898109,0.10983546023134952,0.1582031303833742,0.11119131288671219,0.03683642413892445,0.10925431521869966,0.11962521160086129,0.10671624540368665,0.05681031281869732,0.08970600067528209,0.05238677509254627,0.07381018400096451,0.07076274319374294,0.06470496276952337,0.09029654214702595,0.033091994297364286,0.09727361198135506,0.044208819542524,0.03742724245680264,0.034830009006193804,0.05155600407729821,0.03858087612113774,0.04331243423352485,0.08159997360169335,0.05805954833300432,0.09267535380688878,0.1489626334010189,0.08453934944743668,0.0355033727162951,0.10122131829887751,0.07537070108660204,0.04820967981865157,0.16317188358858276,0.08314614370442017,0.17139217027140694,0.0841882183727618,0.17005844751230154,0.04358901647101873,0.3140163394859414,0.05107909747597192,0.03689453334758462,0.05564501910530586,0.04399291377298876,0.09488758833599045,0.02951098835916811,0.09936125029819709,0.03405862798658331,0.07511300518595601,0.052360845357587775,0.03795460790945873,0.037619052655152516,0.0355207329991558,0.03639312342807173,0.05723877252265598,0.042802399860634735,0.04600509424930935,0.02850544711158027,0.05303128428052692,0.08029216601432082,0.13043397678283414,0.10875343821307124,0.08659085495370256,0.06818608042209871,0.0613914318847646,0.057343981719209305
0.030480682274395744,0.03129448766810057,0.04421409673526226,0.04489714475915578,0.03295834133530162,0.034305757584611546,0.03190288439466535,0.03211278117369311,0.03317950282721346,0.028005397224361166,0.03428450164166663,0.03667951600680955,0.039653200892537405,0.03964259088234151,0.05314736328679817,0.0439338656046052,0.04707537964813087,0.04974812972162948,0.049617846452630586,0.0609549451633441,0.05654791406161961,0.04693122448329881,0.06659353453984615,0.14196975871457235,0.032422237880285254,0.03801100575408506,0.032724892112699286,0.139852880496513,0.07568881611807982,0.06550638666416855,0.0775214054043227,0.04793597598474266,0.035267466431916264,0.030950895583510794,0.030079244381126656,0.033695297170848515,0.05153072251421818,0.04965721113843784,0.04242304918299873,0.031082963551968087,0.03459351567881061,0.035731931982347434,0.03622094789449985,0.038204392175989296,0.03682173608028755,0.03060454755760724,0.03594070939684013,0.04073799948087163,0.043109867673463795,0.03552899386072869,0.0351006517626542,0.0390618098883304,0.03815372921379352,0.03718453040062975,0.03897885566160553,0.035964696608861244,0.041319102807270594,0.03469462850533096,0.03781464857128798,0.045789983298559114,0.03438011338244659,0.03742212727619357,0.040456823411747445,0.04653242573286241,0.03256966159684947,0.0651938669855599,0.04387257848689048,0.04915230101195131,0.02920011821990686,0.0306372075420989,0.03722460589381364,0.03194128232460801,0.0279681886735582,0.027121677915585216,0.035592189889038464,0.04159012870173892,0.03539183902376581,0.038775104857925805,0.08388279786565012,0.03376999867429718,0.04290785150534121,0.027996339975685354,0.030893576080348713,0.039286163209377584,0.0376962322553198,0.0374005562378381,0.04170150259743799,0.03635019847485746,0.06899483413531571,0.05107909747597192,0.26662022380713774,0.0344512445567568,0.19896875336954273,0.043791639944541244,0.03191089993710899,0.04024566485373565,0.031672017434525586,0.05314414662559215,0.03789361060684375,0.06336682596653807,0.15443950227755032,0.03677294823770272,0.10400077423220352,0.048345346793101235,0.035435288851665366,0.04637011264331213,0.06392398538635943,0.03664265492209333,0.039386239121746325,0.041651118445033136,0.05316663127385166,0.07058501203323744,0.08898581610946299,0.07408818577694024,0.05554171906555125,0.0452456722932701
0.03359503608625271,0.030795926142507177,0.03534046058361395,0.036470787340152286,0.034354157404302144,0.03849761073926179,0.03730759156928597,0.04223651927747289,0.031811684629237946,0.038355753078455554,0.03522020987435917,0.03758936115029492,0.03992164712824053,0.03201493090654693,0.029630905611270082,0.033574081603050115,0.032164642999982423,0.031066907089597917,0.02832527477834329,0.0294566251652627,0.03382949245793277,0.037350832082035296,0.033969548433545146,0.03309089442536117,0.03861768969725604,0.038151802570142515,0.03653684826616617,0.03354416651381352,0.025860851477552297,0.028138987810113394,0.030981378393120786,0.028704157705124266,0.031415854092900736,0.031304923449934186,0.03342867977869196,0.03279863315930796,0.03526155019435012,0.037329255218311166,0.028795744954162705,0.032065948916329606,0.03226890075274452,0.036227643102971226,0.03156974958193195,0.04500390378808525,0.039971935226569784,0.03210221876855754,0.03241409693688459,0.03426484685843857,0.03241787240585237,0.03083485796525373,0.03320349816626823,0.03863472090358411,0.034228317210256015,0.0433917657029798,0.034636025683818364,0.03144234353709652,0.039402894663185195,0.048236545727466815,0.04285224044007263,0.033984678533890735,0.042124606856323715,0.05582390345743571,0.0380750591002055,0.031343096313771496,0.04773653381570303,0.05022532572232534,0.09165154772239797,0.03429580364838174,0.034978042747817545,0.03148433784594361,0.0501753715855273,0.02988048181958135,0.037175457933140435,0.03129725730835899,0.02945417280251949,0.03391911489581854,0.03311338274722678,0.03368118263489907,0.026153999375864555,0.0312786031914209,0.031019978260272366,0.02930961401102858,0.03158113252189155,0.037091965563497475,0.03090615704007861,0.03620906471804858,0.03092927415886226,0.03504391874074028,0.031082681253356757,0.03689453334758462,0.0344512445567568,0.2640250023615276,0.03423908925440837,0.1812703090809104,0.03152675678447368,0.05895790901143512,0.037920081450977826,0.08580474189149576,0.04057420949213808,0.14181537672558953,0.042862926824409536,0.2010397072321726,0.04893500751519149,0.1068428931970051,0.03659904979237673,0.049872677343434486,0.045305178794799346,0.09979611172736272,0.03521420264299557,0.035484806366009106,0.03226754105868247,0.030422430196999087,0.03230370027548281,0.036614930729104087,0.03785083160447193,0.037112390314624794
0.03275951964538883,0.0342547238205383,0.04548733800858684,0.04588764055301196,0.036378815368692,0.035384285528022766,0.031543129376059506,0.031356299463947815,0.03272234498101534,0.029432310349323195,0.03782561192463918,0.03880182068938671,0.041018387232597465,0.038482214160097505,0.04144366132435012,0.038723748046847695,0.050395836537397,0.04142433648062406,0.038496550080484915,0.0494055896942073,0.061839132439234806,0.05605801280229294,0.06867258937854225,0.11234575278038544,0.03221176372465361,0.037861675221221,0.03376926560360566,0.12068834217874125,0.05872363514872796,0.04939164440347801,0.0614584486543117,0.05025417919613989,0.04119912289287412,0.03486867989813078,0.03365441045666763,0.03513476365733148,0.05491272302932623,0.05492997421469328,0.03927785828858356,0.03427499081196586,0.03616103539376368,0.040104758914501853,0.037894437275258555,0.03832931996289341,0.03673913366705571,0.032517863370450616,0.03717558620379152,0.03947402141324216,0.04262038708600582,0.036837598676944444,0.03538090091958199,0.038771800822839375,0.03692177914032267,0.03701199771898418,0.036690915684105097,0.034443123663272825,0.03640340700878278,0.03238676033397021,0.035834432286331486,0.04478725627838222,0.03645079420463334,0.03434940941011641,0.039780633481986044,0.05195382693917011,0.03387855112825197,0.072538596186555,0.0397800897391125,0.04586423012657739,0.02769554338615684,0.029612243874523266,0.03448072011654524,0.03511000183121839,0.028533689815232566,0.028757326076441644,0.03956202106618844,0.04289655173771602,0.03355767220420611,0.03991766331560476,0.085424635603539,0.030726440544905496,0.050594752520624,0.03207719555985393,0.03388111216450125,0.04046806511289119,0.041771471610747575,0.03794576363367602,0.04870261206996784,0.03733910675060366,0.0721817538798672,0.05564501910530586,0.19896875336954273,0.03423908925440837,0.2736003516685675,0.04366898637777203,0.037086573702254835,0.0417581773689682,0.03291989063373013,0.052528856781752814,0.032277801451797386,0.06688066693076283,0.13762091536584709,0.03693913839988991,0.08245364348925806,0.05547639860608868,0.044816135089741624,0.060568867405381026,0.0430229794489429,0.03632159932000382,0.049958234531331844,0.048720044463812846,0.05933130091525257,0.09406269467730638,0.12349519711418872,0.10578758282988235,0.07837095383412092,0.06370168696146383
0.029645349500016308,0.02957578735469437,0.032918917503109976,0.03344701123735827,0.029917971883911758,0.03743450638860736,0.03776851554020533,0.04286861936062521,0.03303060874485155,0.037036107858082035,0.032340388462950925,0.03959737745585165,0.04257199898375651,0.0316830933785501,0.033975772281936226,0.03354231232658693,0.03448219423359854,0.03183656944129061,0.0312409304476842,0.03238446859254081,0.03363592752487833,0.04176691980562826,0.036722854592273244,0.038016308017642594,0.046905225255831795,0.04599319353438246,0.03960732130047939,0.04210724727104333,0.030981774516106154,0.03271221555294032,0.03393425009936847,0.03161322500352434,0.031576878119693244,0.028935576468660792,0.03200532308514692,0.030451155550105698,0.03678832055254877,0.03980854662461716,0.03245986246854507,0.03323736440095128,0.030461628636731367,0.03346953302432357,0.031665557769774956,0.04148796500854948,0.04247184280840377,0.03221848835477256,0.030636662718032094,0.03797468125089153,0.03669908232708062,0.02739365740648772,0.038518972376296284,0.042171389994017774,0.03241041438078759,0.04878673556713033,0.0340939294065563,0.037742345994051324,0.038606737906593955,0.047471172776979466,0.04254167696081266,0.03522562962856653,0.039310433348939314,0.05080566391512765,0.04102492667853184,0.033596017956775144,0.048916636102846495,0.056360839356213166,0.06127283740828719,0.03798761906826656,0.042057018937764964,0.032034155824225016,0.03349687074600483,0.0374078458412548,0.03852013812306146,0.03139462181026531,0.030015903205697615,0.03828324322808426,0.03751363382471758,0.044478267960610746,0.030415937540610186,0.031674796051430934,0.030563304788027653,0.03641827097437647,0.03392099779146411,0.038818168059346306,0.03211694879227166,0.042899986287285724,0.032296683233885064,0.04178726058424061,0.03513969514474112,0.04399291377298876,0.043791639944541244,0.1812703090809104,0.04366898637777203,0.26253365289324015,0.035664241556134846,0.046798209051454265,0.039071691828954896,0.0674866378844112,0.04518935847330839,0.13609670657446177,0.054807301333344424,0.22330040821290562,0.06601002002097886,0.13364889546358338,0.03725800162809584,0.05805254016116558,0.05074218561810354,0.07706424082853014,0.035343868816314766,0.0351182648319381,0.03717984323133168,0.03618013158159532,0.03972362586811114,0.046418411151718846,0.04568906349452445,0.041136776392198454
0.050332408066994405,0.09706846679543579,0.05288553153551884,0.05527628780392188,0.040377417840877755,0.03944207119000488,0.06805973061502771,0.071043497890836,0.05707099595923953,0.07533290448450528,0.06319290777188122,0.062026126774977666,0.04888675351437295,0.03748715435223558,0.043337442583687394,0.03549976215943561,0.04145687848782062,0.03841111462051586,0.03612105693934975,0.03895837753459103,0.039721017970899275,0.0666773871990704,0.0654626345420044,0.03418224403012952,0.139520431362754,0.09495319018120359,0.17153561810207968,0.03681207464494057,0.04070430170996095,0.04214158893901654,0.039567317424904574,0.04356679440399497,0.10221458081285928,0.09415251223014631,0.129472352239623,0.0852420086856071,0.047585228014663264,0.07001592122433309,0.06844563670303663,0.05340133344938003,0.06230725572617825,0.05537967714592735,0.06190599787688651,0.04558349500179498,0.03679164513389591,0.07844483833304497,0.057133323423029195,0.04682299409359238,0.04528993761684923,0.06155303312341421,0.07052236259588957,0.05131579992991968,0.054002988963201,0.045398721734250996,0.050564906853369444,0.05411813185460247,0.03875492918862611,0.03731944684160794,0.03828880914146878,0.05984466381530937,0.06148590292912259,0.03858868773749075,0.03433920172039959,0.08304563033326819,0.08574356596062671,0.08035675356832914,0.03349109314886635,0.03656365171930899,0.036762688956581115,0.037909548176688554,0.03940874856496998,0.036020281895708654,0.037440184473203936,0.03769609561644795,0.0889964213383799,0.08334970516829876,0.1346651636130721,0.04765292992168649,0.059026645779488504,0.037271819636987724,0.13521117866296067,0.03853447105273916,0.11458266769901027,0.09956862136641623,0.09733131572231163,0.056534869471916604,0.11618867786821535,0.06144867315540843,0.036225264315936596,0.09488758833599045,0.03191089993710899,0.03152675678447368,0.037086573702254835,0.035664241556134846,0.30684993864253995,0.045539235717102444,0.23584598324324058,0.03757557718169016,0.18178505909133588,0.033056008885330265,0.03566375732900977,0.03360205644011552,0.059929731809914975,0.029132437366541995,0.13577396736512545,0.054530969421453065,0.11478003733875144,0.030385994594982715,0.13835954408349366,0.16980843757241965,0.17993455752451692,0.13035745137398425,0.08448076019901357,0.07929799393772094,0.09960820412032252,0.11806247079648943
0.03260635108920926,0.05790085106000743,0.03264308970032416,0.034450748951920546,0.032073911384166286,0.044854024962292176,0.047956151600701255,0.04195274789787196,0.03490456707141136,0.042790871754800244,0.04880642889930134,0.0444937183453232,0.04209976262752315,0.028469103335936732,0.029998276454070584,0.025880555994019814,0.046436507612074615,0.027039634532215272,0.027748884089114544,0.02968329533828106,0.05278679920580986,0.03634112667793078,0.035078302264898095,0.031768068193835056,0.034372011299224806,0.035061864198511775,0.03244869316124655,0.05002512390516324,0.03027707133162981,0.030657459564055557,0.037114613524510606,0.04666370781005081,0.031058186302302296,0.0339665403147366,0.040604820741997685,0.05503300386124062,0.057535509917123855,0.04549170154960988,0.03566335143514393,0.0485949866848134,0.07432620959076794,0.043966436222881475,0.040431714754085024,0.03669871820458636,0.04922898594825252,0.08017856522801578,0.057116606994636346,0.03649859951941467,0.038866466651705955,0.049325358022562264,0.06174889134255854,0.04948663758470541,0.05441475327000672,0.034740254201795474,0.04754828968163875,0.05801516301826046,0.033198649502235916,0.03435918062658376,0.035058066782908834,0.04097435251973917,0.040676627784326846,0.03530506308038629,0.04196325967173415,0.042680195943630934,0.03503236523875307,0.054844377852351606,0.12429048098492876,0.03159895547563933,0.06481169622701291,0.05877415084139412,0.07209710378181465,0.0828001244189158,0.08651302368650608,0.13975061940913114,0.057366932552132946,0.0786956457750182,0.0448062316848917,0.04434929774225821,0.04449092143726933,0.09296073559882154,0.03701514558217639,0.10154512665184542,0.06287833677664575,0.045078110406301414,0.04406800284029186,0.03768394190583034,0.048917175834372065,0.04312300976246984,0.041732357796137584,0.02951098835916811,0.04024566485373565,0.05895790901143512,0.0417581773689682,0.046798209051454265,0.045539235717102444,0.2830486070669281,0.034164064047292116,0.1983897845924527,0.03359991933270119,0.0915131842592057,0.0471580400216308,0.05221633988384798,0.037750472530587734,0.07247064479044824,0.06144473937395549,0.10199070460879531,0.038295989300763555,0.16420587235185757,0.1351601161733731,0.11487847629576886,0.0645262124085898,0.051646341756166406,0.04826848410253105,0.06912602851683461,0.09106167646783032,0.10915978900851797
0.043274487193336944,0.07873161330985382,0.055736114848328897,0.05383838552571889,0.03931888400735277,0.032499506853807786,0.06195927385395779,0.06641058497222979,0.05180947669865919,0.07089606023955311,0.05170836209500755,0.053717776440977874,0.041359423648681136,0.034340994084359436,0.04336435381800788,0.034129052468654025,0.03645503081819294,0.03582717041209038,0.03507490974959693,0.03677461717065413,0.044038951629122455,0.08156382444667824,0.08649706884913583,0.03594360417869924,0.14375783876674186,0.10145088086280202,0.19809597129464301,0.04431842258534872,0.03940614758992811,0.04340663201510783,0.04059735657668177,0.035916586528960834,0.10492040748731787,0.09764770338545299,0.1535424066873885,0.06918659159968708,0.03729526926352325,0.09347401365629869,0.06718533618628839,0.04895889608672241,0.052903427027333444,0.05050262338129227,0.058989651396541394,0.04593912501629699,0.03739802250400012,0.06465249924541674,0.049341399967549535,0.04182882741746645,0.03822788074948966,0.05149198175056297,0.05723403408155425,0.04202906642125888,0.05050002757017749,0.04394302980371197,0.04726655025320545,0.04723394046408662,0.038148580421562675,0.03722081177163745,0.039326943229507486,0.06943741502114482,0.06251995022517703,0.0373072839528886,0.03638304855732109,0.06863932286995078,0.08654922069339371,0.06405380250188686,0.03701168137653019,0.03464707166622316,0.03983971238659423,0.03956790915450231,0.038887265292721004,0.03615642983562643,0.04095600209413083,0.04497140678573058,0.07645721429947888,0.06582894071742484,0.1322044894992625,0.04804319247867288,0.05043917729741032,0.04369308295743997,0.1310191321363247,0.04496476130172922,0.09572394873311024,0.0999751372288459,0.0884106917593383,0.0603875863897049,0.09799915269295978,0.07060301134750402,0.03285499546581863,0.09936125029819709,0.031672017434525586,0.037920081450977826,0.03291989063373013,0.039071691828954896,0.23584598324324058,0.034164064047292116,0.29435922018332294,0.030333770783151068,0.19447307495410815,0.029688659931579188,0.0459693256576284,0.03693420995881436,0.06841237131110747,0.031598510732734175,0.0943465935327597,0.03631969267641921,0.12545025901126822,0.034627634345195474,0.09120104737610413,0.12265753322273482,0.150901263720347,0.10339245574120934,0.06264188015488889,0.055466075686602084,0.06728754531428316,0.07740636414795021
0.030389922918339366,0.04127525743148423,0.029521838837976516,0.031059448482745805,0.029593174314311813,0.034886758887164526,0.04002050645001971,0.03715657047664109,0.0354898266512044,0.03864158098604442,0.040298210265689784,0.04115538301638316,0.039931734427168686,0.028552007497099248,0.03382952846530715,0.02781884988796234,0.043807418298022927,0.02733963043636039,0.029518389587899534,0.030756328961877556,0.05361062671151312,0.03498421577026438,0.03528051004699223,0.03726959746749102,0.03185879565456705,0.032911017385509334,0.029144869207397277,0.060165061410732065,0.03630990265626181,0.035491801389825786,0.04125326564950742,0.048183304775344646,0.02846569088625215,0.029941976231933263,0.03469764307790753,0.04321614153552511,0.055210091237962444,0.045061612566305365,0.03518471089131345,0.03762003062121658,0.05478060330278736,0.03783261230662401,0.0343867148342159,0.03877954152270453,0.035186236886751966,0.06144345234433271,0.05280565422315958,0.039619533867179174,0.03207125621955651,0.036796491276641,0.05342104790254153,0.04608681115607924,0.05576450044177979,0.032854295556587726,0.053598503179282324,0.04595578177264585,0.04281216141920336,0.0387115366829838,0.03632656164440277,0.044153606558326154,0.03986609264475589,0.04007084096517516,0.03357635856593824,0.043694934061222844,0.03666091873344252,0.06898597932414213,0.15323069855946653,0.04209687524355239,0.04975560001433603,0.06319869820744053,0.08395453030219246,0.05473400524505055,0.05812377570485959,0.10374232751948136,0.04616675219922639,0.07284818203119015,0.039232541055052486,0.0325749487102341,0.05041569656095386,0.08036356037383888,0.03373456859637866,0.06357243111017569,0.05054375034981516,0.05103144885536716,0.041217511966412435,0.03136334467776858,0.04567831578231316,0.03226639510620507,0.04815908263042397,0.03405862798658331,0.05314414662559215,0.08580474189149576,0.052528856781752814,0.0674866378844112,0.03757557718169016,0.1983897845924527,0.030333770783151068,0.2652645901336197,0.032613043060213245,0.1385898969004472,0.06034734208070357,0.07425496891474154,0.050562793286898874,0.08771607726993855,0.048117936389095374,0.08779849030620812,0.04555337861428164,0.168645845375625,0.10717581797214362,0.09924927778820414,0.0638759888749222,0.054576950732460806,0.05353522994454844,0.06812670038312113,0.08006509883126434,0.0912101557099374
0.036428011139128025,0.05938314239118166,0.042405945869532016,0.044708417425549825,0.03714999933927762,0.03913799418589478,0.0483766821364882,0.04943394127527759,0.04122372370678677,0.053430092857478156,0.04078358265522461,0.044364950794124655,0.04009605904985446,0.034392612239776785,0.03778102996314785,0.03618530312390542,0.043988182822221306,0.03968927540107571,0.036599373709507,0.04178465578291375,0.03711831704461202,0.07502316319776292,0.07705940175832499,0.05274123456648007,0.15095635962556886,0.10013905062294165,0.17476534083028405,0.042594272925894405,0.03708775234872144,0.03924583971845111,0.043664956199678334,0.048639563014359705,0.06363093138284642,0.06208215379291479,0.09309808818364321,0.05201411728032106,0.046522568589635216,0.06364481417996976,0.04707328809201969,0.043694412382355996,0.048810854764219716,0.0453610186460541,0.048459752084559174,0.041888948147252164,0.03899038748216967,0.04579072182941443,0.038954613446392505,0.04004762856661173,0.038751564785294776,0.04208119874009264,0.04537553571844205,0.03973981481676928,0.03916490094644142,0.041857543987419296,0.03929734251434298,0.041326963111292594,0.039528867427615064,0.039817621194783236,0.04028427533861483,0.05583965035535405,0.05207133396198273,0.033714998405670916,0.03504943423796124,0.061581688464235416,0.07604676799698465,0.056540508822374894,0.04126622729632421,0.03494717670454292,0.03880792871141482,0.04028070028465852,0.043886316808161324,0.034914058177154136,0.036232484553997024,0.04422912085717584,0.05319911002626701,0.05694385322070364,0.10845371594741551,0.044201565962278075,0.04986197803019514,0.0426429023530744,0.08153683705381881,0.03924299776770214,0.07430812836900348,0.06833730036561261,0.0657053398798059,0.05128530880960046,0.07702632343885482,0.05567561655981405,0.038328947982055314,0.07511300518595601,0.03789361060684375,0.04057420949213808,0.032277801451797386,0.04518935847330839,0.18178505909133588,0.03359991933270119,0.19447307495410815,0.032613043060213245,0.2844807918044582,0.03177499173246069,0.05610799702640839,0.044308262969068396,0.10964344729586656,0.03487095412001684,0.12780885417879312,0.038159276251365226,0.1386020672596564,0.03547796713310657,0.08994473125459895,0.10148973530943825,0.12077866530234305,0.09150350549916272,0.05508034959484971,0.054519831147707726,0.07052218135527097,0.08123799511374036
0.028772418899961728,0.02730130492189745,0.029106652496022137,0.031553922053011954,0.032116151435663445,0.0305137757061823,0.030024906544898224,0.03341563852594215,0.032977677558355525,0.03444537072862745,0.028569041301637985,0.03083087347481573,0.03315063324789944,0.03007482504254442,0.03844496707917785,0.0327518835376181,0.03849643407612399,0.032229310454910384,0.030519556929727167,0.03229444196947201,0.04440764599091637,0.04009933876824609,0.034115755909414056,0.042902348815268276,0.03223411977640324,0.03779355713976604,0.030888222991461357,0.059427984471674106,0.04001900673893831,0.03729532272800192,0.04402352084694963,0.04307753842603718,0.027801626993507203,0.026482040572949502,0.028428419756324146,0.02794370020984566,0.04032693606678067,0.041968412754745596,0.034754745008845886,0.029638172201777755,0.03539160144519424,0.03510692783661641,0.030721668168802913,0.04529405105005577,0.035571789994695555,0.037660619260556694,0.039949899772512384,0.0412316686968278,0.03207608357726083,0.02689858053554363,0.03370801614343419,0.03536396439356555,0.04737721865590479,0.047202339273515886,0.049117824819813624,0.03668540092985551,0.04945348974438779,0.04924786385513396,0.050497584630064124,0.03948262564445734,0.03582993116596235,0.06527414816705435,0.041579404807042114,0.059971512676543715,0.0341272318613174,0.10731519492698355,0.09682078455735388,0.03842674045292775,0.02794515052519636,0.0329596161174562,0.0476891058172739,0.026699296872923356,0.028619816279518068,0.03869581850965699,0.03199796465253582,0.04413659580400532,0.03846287252229906,0.03449624402044593,0.048061042894689585,0.033227154515490145,0.029869777999159408,0.02677725075225483,0.031165749863948433,0.05368065941707855,0.03547597786545684,0.04065372901881721,0.03840044270746437,0.03909532860790241,0.04815391042369038,0.052360845357587775,0.06336682596653807,0.14181537672558953,0.06688066693076283,0.13609670657446177,0.033056008885330265,0.0915131842592057,0.029688659931579188,0.1385898969004472,0.03177499173246069,0.2553290539874787,0.06505965527555457,0.13008992417799392,0.056058733111318135,0.14271360336256017,0.04258794394720064,0.09689287361149967,0.04399812696644005,0.11539023447954937,0.07203906896089188,0.06946987304380903,0.06680216770610721,0.0693647364723868,0.07555344977680772,0.08506836179619594,0.0856639213774913,0.08237733956704016
0.026972937220130933,0.027671873499497273,0.03524313982044537,0.03806519051650724,0.03056060692359723,0.029408590070434164,0.03125463267545414,0.02896190910801136,0.03314688543156036,0.02996133262092431,0.032825612675877094,0.03596255252040306,0.0367087561436625,0.03745719685935735,0.03839380651813534,0.03840563920172384,0.0363881970388515,0.038156936483685136,0.03492833341222887,0.043031986114765344,0.04529877507801691,0.049612814690506477,0.0738826929224142,0.09025990891956795,0.041415901284761795,0.045892001090839865,0.04136415437769868,0.12631244331874342,0.04670601886698157,0.041395335793472335,0.04753864555938918,0.039689186818351596,0.032862887776427666,0.023854753460756686,0.03603286483576107,0.0290075370380373,0.044502968674219,0.05696049958476461,0.03424072034531861,0.029737627629337123,0.03152621949637852,0.03487942037577042,0.03606324784619937,0.03713137566098258,0.036364876653667014,0.030984481915656767,0.03325842453294975,0.03950330385100086,0.03977595615975604,0.031466970117246806,0.0345450023528929,0.03855024445627102,0.036447853807859684,0.03387895163797586,0.03615760011345602,0.03640948023087381,0.03730241558302495,0.03349271952428935,0.036848814841343655,0.04502511069458755,0.034050911715857946,0.035227334136028396,0.032961336650408346,0.03526200439725498,0.03779371368356614,0.04682101725585609,0.0463746670094333,0.042774000381216384,0.033463617173813395,0.035064648579993946,0.0376424027736497,0.02717040826549001,0.03207882406792173,0.034890740439494056,0.03281299782971271,0.037767997936430805,0.04049443337099994,0.03585400914994251,0.05275183798862443,0.04189308289475334,0.0309045120398415,0.027065675164540788,0.027721716129567912,0.038710161609028806,0.03432358314697615,0.03547811057067405,0.03460345911285122,0.03594765876503843,0.05072456750857057,0.03795460790945873,0.15443950227755032,0.042862926824409536,0.13762091536584709,0.054807301333344424,0.03566375732900977,0.0471580400216308,0.0459693256576284,0.06034734208070357,0.05610799702640839,0.06505965527555457,0.27034098056846356,0.05250077573935402,0.15679991897363926,0.07430382860202744,0.03463152092298788,0.057280242438353085,0.10128097318125799,0.0516292921500383,0.03319639595899905,0.034945027066926905,0.03782603937973958,0.04547691403296157,0.06178845807206251,0.0710280008199618,0.054634050054273284,0.044889490885012234
0.030475588022452406,0.03074072917191734,0.03172813391152714,0.03276630920096743,0.031156018928723613,0.03677768678285536,0.03834471518962997,0.04033616432593064,0.033923781368091016,0.03609767760151268,0.03442004862066672,0.03964167167686042,0.0421152473955312,0.03421419964840414,0.034435421129524926,0.03389448567131334,0.03161625445768937,0.031149455220523717,0.03183105795891278,0.032455267831075336,0.033510017690389415,0.0378755823674997,0.03464636952244951,0.03454623375683527,0.044727478452399154,0.0408453555906455,0.03945136420482047,0.036833674432172815,0.031201249824434105,0.03249301616763481,0.03309461837880526,0.0290597260739602,0.03141646220360883,0.029516651079204717,0.0314610367122133,0.03190552580753624,0.03702009199966498,0.03650274366639632,0.03103168372522512,0.032070864553119346,0.03024922759273542,0.03319013762622841,0.03057810870852041,0.0420385972859888,0.041447483072493393,0.03277529981667526,0.029364618643647297,0.03645387406252783,0.035137021351703907,0.02982793208713523,0.03775515751125991,0.042770449831923844,0.03199424551802865,0.04520642835939219,0.03336305519263784,0.03538503768362222,0.03691009135425828,0.04527658839467724,0.04013218510618395,0.03078644166254855,0.04130804053189531,0.041976465225628715,0.03486413279422726,0.032124977967395885,0.04829062906626937,0.04844466497290022,0.06925831499901952,0.035957641790948666,0.040249553684262904,0.03122712040467934,0.03911279953674149,0.035364352084335596,0.036926433648269655,0.031417732975606655,0.029412363465542168,0.037791562736971915,0.03409453935592245,0.03960441651790163,0.02844767799719255,0.030933510049292748,0.030253894729496612,0.03303440866204221,0.03197302900011391,0.036011999709618034,0.03177007104754705,0.03812796501149686,0.031982723561824564,0.03747876353392714,0.0328876680262305,0.037619052655152516,0.03677294823770272,0.2010397072321726,0.03693913839988991,0.22330040821290562,0.03360205644011552,0.05221633988384798,0.03693420995881436,0.07425496891474154,0.044308262969068396,0.13008992417799392,0.05250077573935402,0.26268972633598364,0.06243533533654612,0.1371412317785132,0.03640415778740637,0.05938921433255007,0.05136120230543062,0.0925096522342154,0.03582453745570562,0.033012833364060676,0.033917852115878194,0.03373931549708878,0.035821783172997945,0.04357500687492358,0.04302159717733902,0.04101033971322578
0.027324745923527766,0.03001537178958321,0.03789827796435313,0.0402759260501091,0.030619709594008844,0.03626178122598178,0.031214609158726283,0.02914693558264194,0.03034829452368044,0.03169080137610569,0.03171129425590859,0.03533200890213013,0.036494596872501256,0.04310822610691148,0.03933006398306717,0.044129226581257966,0.03431963347776519,0.04580175801086613,0.041492373518675366,0.0519644154484345,0.03811251518487055,0.05689241453458103,0.0652358719298255,0.09194416369459393,0.07813627378186358,0.06903789530772544,0.06694785147113108,0.10039816239489846,0.046719510303889294,0.04176820225564241,0.03860582405368758,0.03133888998334473,0.03275396198842219,0.028262388096357026,0.04381394945175934,0.027618558093086873,0.040504892546757945,0.0543931354954218,0.031461854617610426,0.03279487315371528,0.04182098492283694,0.03717093993036945,0.03545286000991381,0.039531072317756585,0.03510706676432522,0.03013653498238151,0.03558463395398523,0.04471080286654287,0.04568880473566849,0.03096407537343023,0.03251873529872581,0.0331800881000901,0.03645691811835265,0.03430448412905369,0.03600826616734078,0.03643658233308582,0.035788098457069935,0.032579730233552144,0.03410681000136294,0.048351887041214806,0.037384733893892824,0.03553742406730795,0.03621967985223237,0.03606782241992684,0.05242415524240622,0.03336133477775863,0.05131616083249574,0.045431087500513015,0.03953083657953023,0.041520812459676024,0.04413863541315004,0.029312882234582997,0.038884397830013295,0.04294806308137307,0.03309512990573197,0.03224038939672454,0.05688647566914244,0.03854386809611768,0.04282823869210571,0.053413701969426644,0.029523595007070486,0.02922093221977015,0.025330021753733622,0.03735882078098768,0.03043698404341472,0.035963274296928346,0.03069750855727554,0.03542926920908325,0.04377961815379389,0.0355207329991558,0.10400077423220352,0.04893500751519149,0.08245364348925806,0.06601002002097886,0.059929731809914975,0.037750472530587734,0.06841237131110747,0.050562793286898874,0.10964344729586656,0.056058733111318135,0.15679991897363926,0.06243533533654612,0.2754286666161996,0.06704544179928798,0.06230210547782178,0.03569267894510167,0.1520392655847883,0.05150148271682183,0.03424406755455956,0.03122064980315374,0.03393815957573372,0.03271814726951025,0.035960433601255684,0.03782375945547192,0.03469639752030908,0.033487796308633064
0.028859911629232498,0.026822547027423572,0.03330862289349103,0.033645472025445544,0.030489597210895565,0.03284565816751696,0.029020980116842385,0.03050185948075318,0.03487880864056786,0.03281220820819143,0.03108903606005414,0.03437482809831953,0.03476860477006839,0.030334686556293636,0.03427624823777804,0.0329078682471966,0.03357919814101814,0.03285106699314437,0.032171264343466136,0.033170155185459925,0.03523547214353501,0.0349657281939368,0.037004400279579464,0.03559994360393481,0.03463424912318967,0.03256773422327254,0.03689053972761881,0.046735333786082515,0.032745059716747904,0.032967163974277534,0.03550169256673727,0.03723364956467,0.030535139190382875,0.02986989592312799,0.033187606403037376,0.029543857983681216,0.03646936442516097,0.03697706996623748,0.03488130793131114,0.03223811397672782,0.03131414279486808,0.03151488350245214,0.031249436489766767,0.03722995861169619,0.036498508649124704,0.031051413554181343,0.02969564322194783,0.035441376430600524,0.03506945229683313,0.026947057325157703,0.03305814377866435,0.035945150915535365,0.0326791581047078,0.040867152180658256,0.03334314491400438,0.030956715124185914,0.03604348011789214,0.0381503352472545,0.04116407935085856,0.029547611108791526,0.033839704533346546,0.04224105876620232,0.033741872273755955,0.04862166281249143,0.03595035660237804,0.0780481296765507,0.048736028208323276,0.030948779495004276,0.03543614294315317,0.028378085236617025,0.030286305152123945,0.030306367248699614,0.02909863945785655,0.031264558861724696,0.03044969135059178,0.033275304821622415,0.03431934741835824,0.035002916608443846,0.03394140173332719,0.030028319577731166,0.030347331765271206,0.029040396934345757,0.027143590631865652,0.03831145053376901,0.0323415738199056,0.03495474529950384,0.034602124227822294,0.03476574525475168,0.035292967751586524,0.03639312342807173,0.048345346793101235,0.1068428931970051,0.05547639860608868,0.13364889546358338,0.029132437366541995,0.07247064479044824,0.031598510732734175,0.08771607726993855,0.03487095412001684,0.14271360336256017,0.07430382860202744,0.1371412317785132,0.06704544179928798,0.2542807064329741,0.04600451246997127,0.13716065905850902,0.04633883428879135,0.10117791159224376,0.06330781385999051,0.044538723393496155,0.04515517861154625,0.05627880936843136,0.06984038297452269,0.09545038600871852,0.09386075613610778,0.08608086489111483
0.03701560514402205,0.05519977138056208,0.04111712982637984,0.04337992475159221,0.039228751961338015,0.05361764597158253,0.04061575083629769,0.0439574215890864,0.040076220869726856,0.045423666995401665,0.043112905133803364,0.04575602990081329,0.044139490662953376,0.03496406757293584,0.03856554421004547,0.037475159664683774,0.04801667900283708,0.04508213980839472,0.039438528053511855,0.04572160017998027,0.04488087442017863,0.03520767156929491,0.034600478626406625,0.046266091878492455,0.09892319253501244,0.0638745516004719,0.08172442951744342,0.03655609200448559,0.03683853654095434,0.03766752427791069,0.03996327733452355,0.07440006558712312,0.0509718809023888,0.043259868636519136,0.040243963121976645,0.047716831869194724,0.05832457394936022,0.0345418295578097,0.03999445615479376,0.041411248572987516,0.04878588417538496,0.040422316951146696,0.04067477642685825,0.042127991296004114,0.038188965495313365,0.04500790426221827,0.03821605213900588,0.03815434541769247,0.043913011315289366,0.04139187974765734,0.048946573554437364,0.046411462515143706,0.03486901067782643,0.040354887328371655,0.03681857263983808,0.04606398827021821,0.03636575566598621,0.039419635682891405,0.039857443660841305,0.044182080882358324,0.05412784248294902,0.035254387955561045,0.03308618652322058,0.09155851965952018,0.07101604567192307,0.08930392757003189,0.03790307239261449,0.03565519710566628,0.0394623857971866,0.04176032513200649,0.04453947014345307,0.03429207688527332,0.03541189986016552,0.03403311898234099,0.04516848446644653,0.06359737037824648,0.0864618666876576,0.03988363622365361,0.059806754941150925,0.04075437311324241,0.061802394883033185,0.036049518304734005,0.06305833340466421,0.051106104581113435,0.05624817950998851,0.040228342479605605,0.072611191032735,0.04211697690528217,0.05230379139179818,0.05723877252265598,0.035435288851665366,0.03659904979237673,0.044816135089741624,0.03725800162809584,0.13577396736512545,0.06144473937395549,0.0943465935327597,0.048117936389095374,0.12780885417879312,0.04258794394720064,0.03463152092298788,0.03640415778740637,0.06230210547782178,0.04600451246997127,0.3046038548823404,0.12914008097849722,0.07268898603471058,0.03984713150558683,0.15954936738085362,0.11850001017438533,0.1213432640768581,0.13258236701328485,0.10850323501593503,0.13886193748308778,0.17616467209052994,0.1876276252383724
0.033265828695144405,0.03697797121533905,0.036996980991684136,0.03816205021161885,0.03572627178331182,0.042384612837042715,0.0337772997023698,0.03474246645079636,0.03456197459413464,0.03736279341631443,0.03403834800401283,0.040264673189536214,0.03771707714061978,0.032096808346266284,0.03327280839603107,0.036301167006481616,0.0459281578320051,0.04142813688457222,0.03667068267227011,0.0430551998931282,0.04652422579107479,0.03214952312166083,0.034286256607024015,0.03600778366464931,0.0338420776477697,0.02881539865235925,0.03195269234693567,0.049412217972493615,0.03138673410861684,0.029743014251518273,0.0347888952785164,0.05683482665980957,0.035008164730798055,0.031340532008709614,0.032851922874953046,0.036172223053147254,0.05083652905153785,0.036959827692731026,0.03585405904606881,0.03898324985110582,0.05240828049452986,0.03826024835684727,0.03626748881390944,0.04162502509275863,0.03703232929952563,0.03852360543732207,0.03212600575414313,0.03416056769073794,0.038512698844284016,0.03447083572008605,0.038317466001322076,0.04030038889601484,0.03701740709360018,0.03979784368037528,0.038182347207296616,0.03713218873414545,0.03654018945972268,0.03660761440348724,0.04034452648649532,0.036219275039895034,0.04472022572779727,0.03588612930630232,0.036419587386345945,0.08137566504421158,0.040010328091142675,0.10264823201928731,0.03825728608593928,0.031790079097077664,0.033457346582839664,0.03393284887399203,0.03718900776394706,0.0365956185303888,0.03306092003107375,0.03721530911306421,0.03705387481024114,0.04861936324269982,0.05659074186242904,0.03389208856131229,0.04387726626542067,0.032426327826485454,0.03769146827102053,0.034734827873405136,0.041521428356818435,0.0424126351934591,0.04197336752722931,0.03419677124119322,0.04718511902097204,0.036178303910994955,0.04627548949992226,0.042802399860634735,0.04637011264331213,0.049872677343434486,0.060568867405381026,0.05805254016116558,0.054530969421453065,0.10199070460879531,0.03631969267641921,0.08779849030620812,0.038159276251365226,0.09689287361149967,0.057280242438353085,0.05938921433255007,0.03569267894510167,0.13716065905850902,0.12914008097849722,0.2849775392487218,0.03226402417411623,0.08852117378282792,0.1455236280814345,0.09011434688080969,0.08394688765967506,0.10276573306534911,0.11227176136066712,0.17572504913111833,0.20277159746426288,0.19474006585182557
0.030994369139283023,0.0483980149304116,0.03749473823697519,0.039504011201546715,0.03248224416416448,0.04091761537533095,0.03110134060160477,0.03624795278096134,0.03273617091740475,0.038552758733657405,0.0335967185091626,0.0297751845836739,0.031082470906606558,0.037049791103127686,0.038530600331976896,0.04570942975831556,0.03434500661633903,0.0490891541239368,0.04504326084272427,0.05258591134554893,0.03544359906622724,0.0539506531645363,0.06485432561967291,0.060578759628946,0.09129511537062845,0.07255151802044463,0.09639461682657899,0.10354195374695577,0.044776598361431705,0.04119936968421631,0.03728338037834755,0.03794088854022491,0.0470958499765034,0.06707284894273001,0.1011467167216977,0.03442562540279953,0.033624723172555576,0.05885614931964123,0.030980211722166195,0.03949551293148341,0.0509143111372002,0.04323907238208467,0.041518990346043186,0.042676572593787,0.0392009156992147,0.033106824761286305,0.034376647266196714,0.04017301830612406,0.04195776923729541,0.03572757787548066,0.028925549355338153,0.026410718072723653,0.034048144014371375,0.0369339134139928,0.033199065323589946,0.034400001270317865,0.03436985074871282,0.03737058297863023,0.03787263937947717,0.05040398212238403,0.048344191823591676,0.03612463241071088,0.032746081079187986,0.04752728468853973,0.06177005093862991,0.03803542319346602,0.0554413272724289,0.0393176720561557,0.04333820074965869,0.04127847424351244,0.04359083265641248,0.0339766565763044,0.04555798719382756,0.05648718173723309,0.0370186713452179,0.031066118551575657,0.07494121417275373,0.04089757232384239,0.03829849368722761,0.06002298329314125,0.049247864762522756,0.03975130560350722,0.038371259071251024,0.04571013605146644,0.03581510625127028,0.042883620256558876,0.03834109646700151,0.04707848724471566,0.03995255446700195,0.04600509424930935,0.06392398538635943,0.045305178794799346,0.0430229794489429,0.05074218561810354,0.11478003733875144,0.038295989300763555,0.12545025901126822,0.04555337861428164,0.1386020672596564,0.04399812696644005,0.10128097318125799,0.05136120230543062,0.1520392655847883,0.04633883428879135,0.07268898603471058,0.03226402417411623,0.2838522984364433,0.05207078100512015,0.04770001782656745,0.04575262689258508,0.053513622265445746,0.047714935612151704,0.03461865235078506,0.03423853838936473,0.0390325988108929,0.04325619991098529
0.027516952374972935,0.03220534980819313,0.03479141873641621,0.03354732825373598,0.02851618172465826,0.031959930029797384,0.0318797491424639,0.03148440842299545,0.029803122593435566,0.03458908465488993,0.03332400202169247,0.030923205295659346,0.03071685517578432,0.02938464253902178,0.03165269807407202,0.0274911928987248,0.034157064201152026,0.025225583098523144,0.02890568215730211,0.028393732836760506,0.040369216475544964,0.03261178862896724,0.03523246521501848,0.030752503368444074,0.035037549896903324,0.03188039202643672,0.03579788909576807,0.046253120149032975,0.029114870946622816,0.030732897825418472,0.03208327315038395,0.03772831077943464,0.03325979537119379,0.03790064379688965,0.046834958226549456,0.03454617055756835,0.03521367541171846,0.03843092434324059,0.03324088524144041,0.03841600586503664,0.051980944720046385,0.037702350764628856,0.03321037013710505,0.035433483392872556,0.030338440662517188,0.04794592666460178,0.04601605773386684,0.04181052256370031,0.03833759717232271,0.035144686164315084,0.03625995756233423,0.030826295782821797,0.04380969457611651,0.03303867039793869,0.03803151562838265,0.031101721240655248,0.032083386389912094,0.036623873460492715,0.03237370870616273,0.03394106616662815,0.04230732637866261,0.034445684014155264,0.03963096338662389,0.0333084097656402,0.04024103149242808,0.040580598233956405,0.1392230756772404,0.03455358147536497,0.03895756856325307,0.059946841840607695,0.0878650176606787,0.04941888782319714,0.05332976395440495,0.1023437910579042,0.03902628664244788,0.04077448020022838,0.03193171520002504,0.032348443769785816,0.03585014422504175,0.06909845263235612,0.03318757057012184,0.0584847402309073,0.033943028269447784,0.04107666399902757,0.032955049536984984,0.030737753937873043,0.034944328031640354,0.03242638609913623,0.03308380591893621,0.02850544711158027,0.03664265492209333,0.09979611172736272,0.03632159932000382,0.07706424082853014,0.030385994594982715,0.16420587235185757,0.034627634345195474,0.168645845375625,0.03547796713310657,0.11539023447954937,0.0516292921500383,0.0925096522342154,0.05150148271682183,0.10117791159224376,0.03984713150558683,0.08852117378282792,0.05207078100512015,0.2590310250007025,0.07899056639355759,0.06331586014399856,0.03908025348337814,0.03288199381006089,0.03326524179218845,0.04942502330372773,0.06314600624703517,0.07328437363366533
0.04273299460136713,0.0852940654722229,0.03791029442026557,0.04390804148268484,0.03955902549341686,0.048492694612841725,0.0583142547656547,0.05591625293994233,0.04821367517276813,0.05617325612437621,0.05681520025045911,0.0578878078062811,0.04987276866167485,0.03188290823514302,0.041073166740076356,0.036355384009425555,0.051014631836279814,0.04113294043484246,0.03696102718929737,0.04057847995049994,0.04297073831659937,0.03958911303585047,0.03322205029373314,0.03377951848650504,0.0814250347129539,0.06324639680035729,0.07187875610612003,0.03677996260308994,0.04097123727602489,0.039113252752353785,0.03986369819692066,0.057150484587067896,0.04874243864726644,0.04064398894428188,0.038940960614470096,0.07357247005662435,0.06580657640208029,0.03492437281807945,0.04679908939840776,0.05649793821207633,0.08575164054999707,0.0524345860592509,0.051942856672974526,0.044937725100258244,0.03715458131306173,0.08058041108942476,0.055798446445684734,0.041822584080625114,0.04339604771689422,0.05688664518000964,0.06999675561708668,0.05816193404205872,0.05139703362098555,0.03816686443443753,0.05063124340644882,0.06179228875703918,0.037025612763218765,0.039187561513429045,0.04186307306928197,0.041622360626938,0.044890815998106945,0.03737714641694381,0.03893628630388004,0.08510664648379083,0.059186438826504165,0.10132492187038106,0.05404921980029065,0.033696114772388375,0.03667945866748375,0.039453196669136,0.04242192663326001,0.04506415700131465,0.0419871216631125,0.0521557316026217,0.07409537881429387,0.09597662738195609,0.09505235447079521,0.03682172122991202,0.06305283059741407,0.03999526248911711,0.0683554240394525,0.04447845287049573,0.09708943384823812,0.0708191724425567,0.06982230731595132,0.03486564687289935,0.08767003369599427,0.03538366367626198,0.04813642878964803,0.05303128428052692,0.039386239121746325,0.03521420264299557,0.049958234531331844,0.035343868816314766,0.13835954408349366,0.1351601161733731,0.09120104737610413,0.10717581797214362,0.08994473125459895,0.07203906896089188,0.03319639595899905,0.03582453745570562,0.03424406755455956,0.06330781385999051,0.15954936738085362,0.1455236280814345,0.04770001782656745,0.07899056639355759,0.2976426085764986,0.21057437229277304,0.15036681625286313,0.12998561056088095,0.10205320048091897,0.13310913616216996,0.18212680964044758,0.22455609039588265
0.05176644360140954,0.09962914536537437,0.04544094688388284,0.0546014824743599,0.038502108119552646,0.0392289389027404,0.07665662755425351,0.06997833171705067,0.05704739981896264,0.06985043643525196,0.07454393920462687,0.07305019178926672,0.05758352783675545,0.03451972244728068,0.04535763756367235,0.03448847516643626,0.04442861343385919,0.03718204438255298,0.03610292033417227,0.03674013859192454,0.036487685624946475,0.05139637115007159,0.0419375881409559,0.03210248765514624,0.09718316668092539,0.076117036306447,0.1028790525524774,0.03652634693825407,0.04493487430928848,0.046532791789274205,0.049837651894698715,0.05887726028531244,0.07301967281603954,0.052977454846167386,0.060344680465826445,0.10591387613192746,0.062246696970749985,0.0470574949656114,0.06720186232814065,0.06304283447143824,0.08744748287202644,0.061384969950813696,0.06556880165714074,0.047341900240767024,0.03569706934523026,0.11315947746325236,0.072187594206577,0.04554579391366935,0.039587072337056654,0.07146177226375647,0.096838768620469,0.07078347557960629,0.07633608812872111,0.038400875174270155,0.07249283155986963,0.07647281458420142,0.04748179200149645,0.038608274435866466,0.040766460444749145,0.04836490343964586,0.049913570314130115,0.037298875557298494,0.037319470611490456,0.08522850293863378,0.06794198330789786,0.100210307349903,0.05445306966667933,0.03817658574409118,0.03654729990509879,0.03884296647673173,0.04099713928584551,0.04170496423631695,0.043641735546449206,0.04850275941987954,0.10945501451706158,0.12468747489547127,0.1216872712232932,0.0342284788328706,0.07035592685069139,0.04115838350975633,0.09929636308059611,0.03858482692163361,0.12514734625828483,0.10684392104875862,0.08857361244681139,0.03986950798501471,0.10646152855392277,0.041151083229467644,0.04293507991054042,0.08029216601432082,0.041651118445033136,0.035484806366009106,0.048720044463812846,0.0351182648319381,0.16980843757241965,0.11487847629576886,0.12265753322273482,0.09924927778820414,0.10148973530943825,0.06946987304380903,0.034945027066926905,0.033012833364060676,0.03122064980315374,0.044538723393496155,0.11850001017438533,0.09011434688080969,0.04575262689258508,0.06331586014399856,0.21057437229277304,0.30367758777819553,0.1984813860827287,0.13010927711585663,0.08952065308298865,0.1028703624106855,0.13041343631858876,0.15574423579523644
0.04598962349598499,0.07004220387979168,0.05420913987468508,0.057572545919862245,0.04004590403339317,0.03495374047061256,0.05464581671671492,0.05264397141284188,0.060874745826156915,0.0552836580157514,0.05910452411035147,0.06136832677494798,0.05335961892051068,0.04565824251110227,0.06513867488534297,0.04141864067279627,0.04297164670077336,0.04083113549754912,0.04763996758019482,0.03889870196499304,0.03675991276518009,0.051606214499876915,0.04174074831765769,0.03104341208490454,0.1264297026097865,0.08249834594666237,0.1487637976629596,0.04004406216754498,0.06445994730952512,0.06297349174235492,0.06485727810864893,0.06656896321706014,0.07865781688360876,0.058257794145851596,0.07808461322997023,0.07797210876172873,0.05456477438695216,0.054571935762653845,0.07876060419306907,0.05471003535760585,0.05907936285975443,0.054559464207716554,0.05933241951193557,0.04995920444283497,0.04178069130898537,0.08297085179302424,0.06664869463258036,0.05719920339818878,0.04492689111653375,0.05925747247787287,0.07638572117949136,0.059991771810541175,0.07491225852775532,0.05966618406129779,0.07556951756368717,0.06827746521120723,0.05822602891515115,0.05135127528439977,0.05480720166789976,0.054938576906494785,0.08129981575606973,0.044275749626443414,0.03535479377909597,0.12529973366117464,0.10524422303291783,0.13783642617242076,0.038278224412635745,0.04374349068068595,0.037613431667337424,0.037110279691330225,0.03747758647565762,0.03327745879191606,0.03529399577529939,0.03447024688302988,0.08839870168073569,0.10252632353831592,0.15216088197611827,0.055860828621845646,0.08578434030261062,0.03581951105900169,0.10715812773800044,0.035675376328740835,0.08615580805653622,0.12367359590302854,0.08953923375578049,0.06853962185929638,0.10788733927845173,0.07531998705027974,0.050997064740228755,0.13043397678283414,0.05316663127385166,0.03226754105868247,0.05933130091525257,0.03717984323133168,0.17993455752451692,0.0645262124085898,0.150901263720347,0.0638759888749222,0.12077866530234305,0.06680216770610721,0.03782603937973958,0.033917852115878194,0.03393815957573372,0.04515517861154625,0.1213432640768581,0.08394688765967506,0.053513622265445746,0.03908025348337814,0.15036681625286313,0.1984813860827287,0.29903335042473544,0.19175448627927827,0.12482911263682323,0.12111232499736316,0.13689733991386682,0.14326966522659051
0.040363520122204385,0.05127446242697116,0.045646429928276236,0.0470567264012388,0.036501944301026726,0.03559483593997261,0.04032797696496172,0.04327453682248329,0.05108104151157755,0.043802727495098934,0.044174114487448554,0.04973956912259839,0.04612363675059542,0.044939296336107167,0.05277480626977412,0.040729389978234457,0.05566232338809814,0.04008569975796028,0.04148575138089984,0.04150867584199898,0.049724964326767054,0.04041310057145622,0.03700240868753174,0.04184972243273381,0.09374407586302166,0.0498791119570704,0.1056849916140892,0.0547531626993354,0.06018149807820837,0.05418418904050532,0.06038967979193328,0.07009470748981608,0.057661935220578844,0.045005898541821784,0.05668680325423489,0.052129370101522146,0.06365777973468034,0.03642100793943895,0.05696523709476433,0.042608734067024714,0.04304039513243568,0.04347940068045944,0.04523485731630046,0.04434859540663397,0.04343119085331549,0.04982676175355713,0.0459985132980701,0.04557572931205847,0.043755257133215694,0.04384798779061093,0.052612808569608385,0.051301939816143324,0.04842790457673085,0.05076431551912941,0.0517309034999833,0.04924657679070241,0.04446513418321009,0.04241682207519003,0.04414220889594483,0.03885529007084436,0.08608378479093681,0.04649927695867393,0.042211730744770276,0.1623593649036107,0.09474315258752883,0.178896011430157,0.030754940557118852,0.04183274356726177,0.037491006671805126,0.03634454029617218,0.03822280865562766,0.03692753772079779,0.03884169015025718,0.03722229178820963,0.055950068917688014,0.07890317671151886,0.09861083047946301,0.05243755717679779,0.08882263577960064,0.03762977799405337,0.07926277953060237,0.04208197842112966,0.05973977921410104,0.08127184356217373,0.06965973894556887,0.060259589380600845,0.08746479809786312,0.06590484286074921,0.07263122678165954,0.10875343821307124,0.07058501203323744,0.030422430196999087,0.09406269467730638,0.03618013158159532,0.13035745137398425,0.051646341756166406,0.10339245574120934,0.054576950732460806,0.09150350549916272,0.0693647364723868,0.04547691403296157,0.03373931549708878,0.03271814726951025,0.05627880936843136,0.13258236701328485,0.10276573306534911,0.047714935612151704,0.03288199381006089,0.12998561056088095,0.13010927711585663,0.19175448627927827,0.28561217206004463,0.20746305757427314,0.175379941021411,0.1635328621271631,0.15084950433661987
0.037346965768807014,0.04213824104388647,0.042834653782176976,0.043024303566949126,0.03313978377241296,0.036684744256652205,0.03333849014704374,0.036902802270610824,0.04349438535678879,0.03802828056524811,0.0376470537006086,0.04388988822075543,0.04239677579917757,0.03988354620586938,0.04343959787668037,0.03776945097033982,0.056478690281973644,0.03718327111482108,0.033753402336782416,0.03953756203414169,0.061402104073409694,0.04909517996813795,0.04467727068758515,0.05080163521398367,0.04970187473984782,0.035634390629376775,0.0603618623045596,0.06999740051975392,0.050888215286560026,0.043809176567546806,0.052683402872760486,0.06543290662177623,0.05323983945826635,0.043283591264270005,0.04213475992308577,0.04185357606884629,0.06179474299431309,0.041496766578537195,0.045409122694052825,0.039610246929805824,0.03636133589618275,0.03898095387064465,0.03915369829428057,0.03889079376056151,0.04345830728118598,0.03731754153124377,0.03823804147833046,0.038275387766057524,0.04345625023075355,0.03582915806669405,0.04232574093626906,0.04438131052586854,0.038831019580227416,0.04389926753658567,0.04019809981307945,0.037383936701937834,0.04043587429722236,0.0369379462839735,0.040179338415325026,0.03798562139334394,0.07124517672741532,0.04476378498452696,0.04385333935697604,0.14074927260201525,0.06481073222681843,0.16079356583206475,0.03039116162143396,0.04070188769055051,0.030966169553716814,0.03223318757016809,0.036562951671736774,0.04008848925580187,0.03450304358662895,0.035186411244170615,0.04348320372268015,0.06007442311554534,0.05764168683476277,0.05020695993976849,0.08490244834485183,0.032364468469205626,0.06719416297514763,0.04254076970497697,0.04643086241959908,0.05740184729311082,0.05889602338004829,0.053204048696606915,0.0730515756108544,0.05559662945377564,0.07694321733187146,0.08659085495370256,0.08898581610946299,0.03230370027548281,0.12349519711418872,0.03972362586811114,0.08448076019901357,0.04826848410253105,0.06264188015488889,0.05353522994454844,0.05508034959484971,0.07555344977680772,0.06178845807206251,0.035821783172997945,0.035960433601255684,0.06984038297452269,0.10850323501593503,0.11227176136066712,0.03461865235078506,0.03326524179218845,0.10205320048091897,0.08952065308298865,0.12482911263682323,0.20746305757427314,0.288029639012517,0.20464748363720614,0.16016648237972161,0.1358506470886836
0.03743973353042558,0.04471009145146196,0.03620443396548215,0.04046997659538591,0.030831744018853028,0.03709039558235598,0.03330527611677295,0.033442700642685244,0.037911070569785654,0.03755972018244292,0.039028839855230306,0.04259031064138089,0.04011681424100826,0.03479125236939505,0.0383984644793204,0.036167988123897404,0.049310877310429074,0.0380358843956843,0.037677165790519745,0.04004482368556333,0.05336467182589076,0.03844490405416548,0.037778116531413365,0.03889447375414157,0.04632186124044371,0.03284626882447407,0.04996230838468611,0.06740620890918325,0.03993898400635232,0.037904083009024384,0.04594420564837156,0.06756370356277508,0.04497163763228275,0.036138211495473985,0.03348899179663621,0.042660508481213166,0.0582582700125156,0.03938096144670214,0.03814954317706616,0.04197188329254009,0.0412167638692645,0.038293540387147856,0.0405264125453315,0.039493885115015004,0.039511051858100374,0.04027694058251372,0.03498493111664536,0.03650506561059051,0.03714573187212333,0.03582740652363813,0.04304450858495788,0.04474740090705998,0.038763351278103264,0.04025553777165179,0.03990799306504503,0.037403689237160614,0.0382167356951464,0.03671708870084142,0.03959420674514276,0.0362380312207959,0.05953167412168583,0.03942240418006668,0.035222857045593164,0.11146921373595962,0.055498534550369925,0.13675819296372677,0.033009554433518835,0.034748511253290155,0.032522521173632954,0.033236686922814826,0.039257504956296166,0.03212293536077075,0.032449660844755035,0.03073220547218688,0.04245199480620547,0.05965483999309927,0.06173237279857053,0.03958016892987354,0.07006231177929925,0.031469514573676846,0.055923230356211606,0.033097033222079186,0.04852813466790794,0.05392244033432644,0.05469093174075912,0.04380611917710932,0.0681082915331492,0.04716749109875858,0.06257410225728145,0.06818608042209871,0.07408818577694024,0.036614930729104087,0.10578758282988235,0.046418411151718846,0.07929799393772094,0.06912602851683461,0.055466075686602084,0.06812670038312113,0.054519831147707726,0.08506836179619594,0.0710280008199618,0.04357500687492358,0.03782375945547192,0.09545038600871852,0.13886193748308778,0.17572504913111833,0.03423853838936473,0.04942502330372773,0.13310913616216996,0.1028703624106855,0.12111232499736316,0.175379941021411,0.20464748363720614,0.28100509680610153,0.22409712844328478,0.18703753998485287
0.03722542688362365,0.0507454124996578,0.03746563218078329,0.04111691344501761,0.034809033550431606,0.04141555955692762,0.03644691169630353,0.03628262593576599,0.040763877522223435,0.04158238713135219,0.04139956415523398,0.04483205015307812,0.04054678533976507,0.03431442199277367,0.03844540260768253,0.03491946199574073,0.05086055788325525,0.03902442534374578,0.037024619918863994,0.03909189668846565,0.0492580124925758,0.033575854867401625,0.03444851688702767,0.03366152312856488,0.058031206127791404,0.03970978207967929,0.05763497899481674,0.055065001820380315,0.03800632543848784,0.037216617011966976,0.044932522661485924,0.07230842649183677,0.04169694420639172,0.03457807473389603,0.0337727367037127,0.04717054180475011,0.058740562390980834,0.03467106741795757,0.039736174019016045,0.04388335960258821,0.050720475301835155,0.03890177550916503,0.041478533840293055,0.04172273163463373,0.03794744198150278,0.046924687159674766,0.03914047007697606,0.03917027067128166,0.04054872593137507,0.039458433431209916,0.04700950209638821,0.04550688949140268,0.040062355311336714,0.04104014598115745,0.040229027068649933,0.04406712777135989,0.03814952529034005,0.03783933085092728,0.040728560486217424,0.03823674841238377,0.052058335194290234,0.03737561536751487,0.03515313094034088,0.10718039329449484,0.05609692092439256,0.1279091690895477,0.03464710797750886,0.03413019990519494,0.03165613864173365,0.033217646638104115,0.03622490913233263,0.033450445155109684,0.03288536314520413,0.032059848439829286,0.04710847089185326,0.0664625189408309,0.075151631900546,0.03876616748468476,0.06891499520221153,0.030106086690619337,0.05573355872487256,0.03272955568157665,0.0581277926824354,0.055495893963499986,0.056745584862268314,0.040515688837167455,0.07317694107219858,0.0412712456379624,0.05820860337323017,0.0613914318847646,0.05554171906555125,0.03785083160447193,0.07837095383412092,0.04568906349452445,0.09960820412032252,0.09106167646783032,0.06728754531428316,0.08006509883126434,0.07052218135527097,0.0856639213774913,0.054634050054273284,0.04302159717733902,0.03469639752030908,0.09386075613610778,0.17616467209052994,0.20277159746426288,0.0390325988108929,0.06314600624703517,0.18212680964044758,0.13041343631858876,0.13689733991386682,0.1635328621271631,0.16016648237972161,0.22409712844328478,0.28589215360841336,0.25477961220230405
0.03686626291077877,0.061428534675315255,0.03766336099015294,0.04176874265110654,0.037718773715697346,0.04630096709225617,0.04413117449836751,0.043187142413517454,0.04562443784372791,0.048068859548344674,0.04851259740355246,0.04841283289224819,0.043085629362691634,0.033072367616420115,0.04059026035439474,0.035096298577010465,0.05018011174751841,0.04077397450903249,0.037975095937221634,0.0400144560198786,0.047520683906807124,0.035344091141948974,0.03315803086127721,0.03330958163695538,0.06828937656040301,0.04816775989679409,0.06242129997875687,0.045547794312224145,0.03859208061576179,0.037122458262861646,0.04295015901122635,0.069133111089163,0.04521880756827825,0.03583986921666666,0.03419307256679899,0.055827509357936386,0.06011172027993347,0.035935323693795644,0.042726629451773815,0.04537533272912746,0.05863668778640094,0.041674520653648156,0.0425244729504031,0.04300738754542185,0.03660784972805552,0.05740221031071742,0.04468361145496612,0.03986786527459331,0.040120524538210606,0.047258533637885417,0.05443278332752573,0.04755507586467357,0.04352171520743482,0.040181185888896694,0.043523985772047094,0.04928960801533656,0.03762452718836658,0.03699624305003464,0.041315099867739125,0.040565867957589805,0.050235686942409666,0.03650748208600101,0.034778950719506055,0.09890084521227534,0.05824961030767299,0.11874667078881943,0.04061248260826048,0.03390556283276211,0.03452747570929651,0.033992342392162714,0.03605441570786927,0.035206369491047135,0.036207141741305904,0.03926186250213441,0.056434278006114946,0.07440321916706066,0.0846835604226902,0.03703044361879915,0.0657556485216545,0.03313246462503543,0.0597794537801104,0.03535285581987026,0.07135575770550781,0.05985991353478589,0.06382293961627353,0.03792410069292344,0.07994139306902516,0.03901693390891734,0.05526823571382269,0.057343981719209305,0.0452456722932701,0.037112390314624794,0.06370168696146383,0.041136776392198454,0.11806247079648943,0.10915978900851797,0.07740636414795021,0.0912101557099374,0.08123799511374036,0.08237733956704016,0.044889490885012234,0.04101033971322578,0.033487796308633064,0.08608086489111483,0.1876276252383724,0.19474006585182557,0.04325619991098529,0.07328437363366533,0.22455609039588265,0.15574423579523644,0.14326966522659051,0.15084950433661987,0.1358506470886836,0.18703753998485287,0.25477961220230405,0.29338452478890237
