0,1,2,3,4,5,6,7,8,9,10,11,12,13,14,15,16,17,18,19,20,21,22,23,24,25,26,27,28,29,30,31,32,33,34,35,36,37,38,39,40,41,42,43,44,45,46,47,48,49,50,51,52,53,54,55,56,57,58,59,60,61,62,63,64,65,66,67,68,69,70,71,72,73,74,75,76,77,78,79,80,81,82,83,84,85,86,87,88,89,90,91,92,93,94,95,96,97,98,99,100,101,102,103,104,105,106,107,108,109,110,111,112,113,114,115
1.00000795304522,0.9021504988369903,0.8859071522598081,0.9304535284110295,-0.5631171481388656,-0.12443057185487039,-0.17435171024376775,-0.20102167329158513,-0.32711401453463934,-0.15019644934129248,0.12362058211298015,-0.338827523094209,-0.07370342582139501,-0.19229896701705437,-0.4212473473881574,-0.25614378992763204,-0.2923547659401887,-0.30498194069177775,-0.3602238344203065,-0.36808977473248994,-0.35770058072173544,-0.3752093844239309,0.38857712412836454,0.3184438777006801,-0.47138243531043983,-0.39668218740083433,0.42481467548614965,0.05454762704757684,-0.39548475878186945,-0.41866959519220054,0.3591906051731594,0.16886088374185834,-0.0870854940099382,-0.17032646196328574,-0.5068546056387843,0.6517535884534024,-0.4892353362362899,-0.5542764089445443,-0.13064348929154013,0.5730140863881553,0.7373924737975873,0.37608294697259614,0.8219472265169914,0.1440663083369213,-0.059310677007500354,0.24786955981950498,0.41848523516423886,0.42995301467954244,0.40158272184445104,0.192056688134633,-0.35195193828183585,0.004084604731764952,0.048947786323111996,0.4394436620974672,0.08771862055641647,-0.20370800022852237,0.14541046494793375,0.19847986470099666,-0.23179945328614662,-0.3399546472489056,0.3238268893888291,-0.2938798544397682,-0.3134764218199693,-0.4291275285236099,0.3722862846385537,-0.43707780820979447,-0.14634652586801195,0.41615642363356925,0.41649933514132986,-0.3581959076989784,-0.2743434493491467,-0.12818464760359735,0.026812593433103233,0.2539622985872444,-0.22620690820903183,-0.4602128596178614,-0.5482408679751193,0.3019438148458754,-0.07989933884252305,-0.09956589069584133,-0.4725752305855187,0.26468873792157915,0.3747966441971407,-0.19475156587649334,0.07453999236354973,0.15912503771018258,-0.21728027626465304,0.006773562982693268,-0.3683965940035546,0.4807166463931579,0.06254750003818044,-0.07824745890649719,0.05660261447988056,-0.06629666891502538,-0.6337544442600719,0.41901002370564844,-0.2536116009827519,0.12686310081059327,-0.007470964413007884,-0.10325010242000553,-0.23271972035130092,0.15810761379507635,-0.40910866292710735,0.33667301963580915,-0.6257681056646893,0.5894348193716991,-0.6271458492005321,0.3800013762756443,0.7025848623569368,0.44024991396163743,-0.4176945131791895,0.5267041076730671,0.5137893883776308,0.5674210573666163,0.6257549731728557,0.6686620043895348
0.9021504988369903,1.0000079530452208,0.9017094246168188,0.8591607566463864,-0.7171564229681091,-0.43080890010944406,-0.05214090649522051,0.0017579541679413001,-0.024061949154585444,0.17006878433507017,0.1655007436275218,-0.37608648926146754,0.08326022164985346,-0.26369415972427734,-0.1630453533692909,-0.24164870041616748,-0.39583662083860777,-0.3392822796796956,-0.2833450082689572,-0.3925021056879986,-0.4827673749319835,-0.45248894286286817,0.37514383435879617,0.20647004418353532,-0.5535136492032928,-0.5105136748540403,0.4011086178738086,-0.18827581770271584,-0.17133753652853503,-0.1956923343689134,0.1491016942567714,-0.1112444113398213,-0.4096001978360545,-0.47253269069951626,-0.7591545206382414,0.6845430613253223,-0.6013328419384135,-0.6735962507552147,0.1969953744117155,0.3871522570078662,0.6219320251714746,0.22607033616483932,0.7244298947139293,0.03171757689079625,-0.17390600368481188,0.3033621980655038,0.4055853060362176,0.42134965719899514,0.4487795553630222,0.1799994975346885,-0.46222313968461815,0.18225114102310833,0.188832750166182,0.5226167415669457,0.2789134545524355,-0.3352428337668616,0.28164251683846414,0.30108201689731423,-0.40094012112098076,-0.4982294990206641,0.4502590021336277,-0.4787146160747151,-0.5023876072599667,-0.6132311848403255,0.49758811606878783,-0.6301845427151775,-0.27673373087627817,0.4942511863705405,0.493236673133265,-0.4754382747143764,-0.4009473949173598,-0.22521214163438574,-0.12896961396512985,0.12202901658546896,-0.25650829206913894,-0.6165404452839954,-0.7080309667310302,0.31692894071377187,-0.3612735287179148,-0.2088826644775563,-0.7472254948154575,0.11805277352412315,0.6270527922424965,-0.17233749297019677,0.38432822987257786,0.18688224407236934,-0.5158131996618547,0.049277162336539414,-0.22900540724922785,0.5167785833051534,-0.1346588778878664,-0.18447011260640658,-0.17691685608915753,-0.22849219639734478,-0.8205440672632103,0.37381803324418483,-0.4819747424356529,0.03192334299226278,-0.21088996761952947,-0.2389025264983101,-0.45931032800973326,0.05730181900565141,-0.608580648281914,0.3438417051953702,-0.7791682995161159,0.634708278899339,-0.8013406985681597,0.31727977856549566,0.7943799863596097,0.41734891847315514,-0.5839586340262798,0.6994310300440298,0.6857920751098281,0.7042456259330495,0.7427788795223186,0.7748671888197148
0.8859071522598081,0.9017094246168188,1.0000079530452215,0.8736247498883738,-0.8185414159452974,-0.3737910004698014,-0.11224305856814246,-0.14583003374297931,-0.212202233199874,0.010213570787311685,0.15651379829990858,-0.23752841965399157,0.04834764545637937,-0.21598472553755851,-0.33848081623067106,-0.17851189679809723,-0.23389863149218684,-0.22805321676752716,-0.30816113414538077,-0.28531359760057823,-0.29822058474092633,-0.29313333359484345,0.2808841045096701,0.19834245226370945,-0.3776980453078123,-0.3237953033217896,0.3070031574665328,-0.06856589096684124,-0.31518622534034346,-0.3572712353591559,0.2777918550399588,0.03414853105813368,-0.3072165373357933,-0.3971027975247234,-0.6092687183076088,0.607703630536068,-0.4147539751497302,-0.47446826116302926,0.021058224918264028,0.26266966106640527,0.4852966567919236,0.0179694782820408,0.5913209719061412,-0.19923310324327392,-0.3253401731943668,0.3269819489868119,0.38387770404790056,0.36249464433473344,0.43790854978792776,0.19495261737017827,-0.3232851883230323,0.10240126418287777,0.15259769869046183,0.402033215046712,0.14346839203398265,-0.18727844616094028,0.1436087774058787,0.18436835955945766,-0.23496668478999844,-0.3013788501762076,0.26128195165794577,-0.29583781254892166,-0.3548674219403942,-0.3989951356527294,0.29917717288330126,-0.42853639173319247,-0.24279700326660533,0.3838949802650696,0.3717067941077368,-0.3562102842421775,-0.32995675342593467,-0.30172575356990966,-0.23799748797688106,0.03904194026552167,-0.18854368529387458,-0.42651166074116337,-0.4826338280858336,0.3172022129329116,-0.20104417672333286,-0.2042315582292662,-0.6095797684762696,0.0249507801162915,0.46469302244144645,-0.043157788917232105,0.21380706395393748,0.22662773167734973,-0.3369425580513452,0.11138148874375489,-0.2783551202556963,0.4305188367725531,-0.05128859748322318,-0.17887252831019665,-0.08362332270607335,-0.20376855864093,-0.6317849183587477,0.2471980168168139,-0.33263961333671854,-0.011799787266408672,-0.1128454227586484,-0.2008466444533241,-0.31444367054593725,0.0005547953438655446,-0.4342171320934956,0.21513423397404516,-0.5893387023415557,0.4625880057475548,-0.6960889999420266,0.1548666207949159,0.5920649698393339,0.3235056374123743,-0.4189853010665557,0.48777475645521035,0.4737382337952424,0.4991122831272759,0.5401441728128041,0.5722303376903405
0.9304535284110295,0.8591607566463864,0.8736247498883738,1.0000079530452224,-0.4529708678681023,0.005022596021533195,-0.172309059707149,-0.19078628124307384,-0.41608410873539525,-0.24006363876756928,0.22845280013274125,-0.3615835506252432,-0.18509128890478793,-0.11681571138538874,-0.4546768867818327,-0.27875910531331005,-0.252144116584582,-0.279501000711032,-0.3584051532328907,-0.3409200600690685,-0.3145774206338992,-0.3135946911519958,0.33555922061491983,0.286866023543427,-0.397035095297618,-0.3280872273627547,0.363893148406808,0.06749865907921412,-0.3971260874921898,-0.40925929629329455,0.3457403080599291,0.18580649761787177,0.00375758406852992,-0.07465055976248065,-0.4485734038677405,0.7496768239884986,-0.41870732096231017,-0.49725097983430105,-0.18941059780559583,0.6258308456718326,0.7485188858382102,0.424882672374138,0.8874459045872364,0.15395124922652442,-0.07664431972850218,0.24472856588079905,0.4497884102492437,0.4376780562586141,0.4013156512499873,0.3047191468197238,-0.3223417390257073,-0.09954226516054333,-0.029371985691664045,0.410892378869327,0.0076104606310476225,-0.17796223506630052,0.105881123144898,0.14894875366703292,-0.17082663545325888,-0.2903047502916422,0.21305646852321256,-0.21421422559150421,-0.24015679893755879,-0.3456983253860864,0.26681737073493433,-0.3638192830113432,-0.14694010233549817,0.39449298235893643,0.3867742816959653,-0.3180166261737136,-0.2588744655523748,-0.15283342748767292,0.007275428811114147,0.2184532608395034,-0.12770426221175776,-0.4365306846807149,-0.4913777272552244,0.2775303738905668,-0.05459890227871726,-0.11438383477539242,-0.40627531497624164,0.24619492731904344,0.3252625896239993,-0.17596773459841952,0.022473925438785083,0.14596555242622644,-0.1700148700143482,0.0031815855284731314,-0.3733968187981689,0.4416502215552749,0.0795468274050753,-0.08143194693306481,0.09552820271065472,-0.05866341283985267,-0.5802547274126166,0.3588934767003421,-0.22648759303420557,0.09232460160183732,0.008351698510622157,-0.09897068910929092,-0.16135848190969945,0.12071952461226394,-0.3220374275126743,0.24124927177897706,-0.5246367356618336,0.481667447110896,-0.5537202960278341,0.30749866969306944,0.6243280593901237,0.4294525950925115,-0.3933562698191773,0.43920552519060607,0.40463222626220624,0.45315349456380993,0.5191491578303828,0.5719692391648656
-0.5631171481388656,-0.7171564229681091,-0.8185414159452974,-0.4529708678681023,1.0000079530452208,0.78082206920928,-0.03155068017511964,-0.03312937110064025,-0.17691759547739783,-0.4149576899184543,-0.07621142445864339,0.07222067542685785,-0.3222533279267388,0.3242617553457498,0.03188782373538558,0.05789553710482199,0.1853457878243116,0.14732314154318246,0.18031799684410238,0.16892910307620013,0.23430713527234437,0.21520769697582887,-0.15694741468665396,-0.03083625515833003,0.2759395998642388,0.2592145114008561,-0.16547540992763304,0.2653283761872932,0.07052269264220569,0.12892944367459266,-0.06623171003010916,0.23242245678883952,0.6699480188731582,0.7285685007335859,0.6883753159245284,-0.316731218869587,0.3469001174049346,0.3592668168737542,-0.36491360329422756,0.24218259087235924,-0.039572264122032866,0.4372153782329205,-0.09629755078023061,0.5283869190831544,0.5249419347048604,-0.3616128363168925,-0.2452491182354562,-0.21217219614259236,-0.4000926173969693,-0.04120881702159482,0.2642743347338085,-0.34138736761273364,-0.33757379328865755,-0.3350223185565965,-0.29675952623846413,0.16605380092819672,-0.15931551052224996,-0.18749435827967734,0.26037337446477254,0.2643055494452815,-0.27126579893597497,0.32723256235007364,0.4128326377586756,0.3812508026436102,-0.2846309238490851,0.4190523792420087,0.3179383343401881,-0.30719934200945115,-0.2950201706843896,0.3358452351537555,0.3605665589219193,0.40657760576624824,0.47254864163236104,0.20629687220154114,0.2113361335162207,0.3358622704402201,0.38205037584288426,-0.30762496444519494,0.392649746586993,0.2874173177850699,0.7453958583476278,0.2649015137342515,-0.5668080615795741,-0.11828405055129718,-0.46694793218341696,-0.28339396317580356,0.5207652239815913,-0.23021788692044584,0.05829077598362362,-0.3332286299235933,0.22267641493078563,0.25735525761921957,0.3117451702591399,0.3424980080089004,0.5640890835412353,-0.046569390799366596,0.41601274039307307,0.1467245965409728,0.25985526593927255,0.2885390367541843,0.44617770433921417,0.1584077322236847,0.4815944135109117,-0.11851483311063601,0.5283528733627714,-0.3163744156774999,0.6939955138096382,0.06788634787068386,-0.41934759674137945,-0.10350326001703336,0.3686513507290687,-0.4440066032650046,-0.45500983224427544,-0.43869082520062325,-0.4380123953223155,-0.43882517511797636
-0.12443057185487039,-0.43080890010944406,-0.3737910004698014,0.005022596021533195,0.78082206920928,1.0000079530452204,-0.24988663512701653,-0.37054779383869646,-0.6780715329492278,-0.821836525138762,-0.11149492869421039,0.0001818478848135555,-0.5135697350115774,0.3170029267698415,-0.4918548193206622,-0.06327967512071646,0.1714063226326856,0.05583406231270877,-0.09217637911825767,0.015581399519105104,0.19568606013941442,0.11597912132292001,0.04603164412629171,0.25511891153357746,0.1343731823070239,0.18608245072336693,0.07597636716366728,0.5884346558298998,-0.4032194935110668,-0.3613776938640808,0.3708558045723158,0.6521379247855736,0.9686713686376903,0.9616614057105721,0.7570513333168684,-0.10348272996180995,0.26861530055632526,0.21881755441716222,-0.7974993395739877,0.5930210305739406,0.3596579547761227,0.6158588999675504,0.25061268108286067,0.5905459029067596,0.6336120055238137,-0.32942435872345954,-0.16965098460932054,-0.1698521474335219,-0.40096992880773297,-0.016264964850664112,0.207778533217832,-0.5279758831835506,-0.4319339482052087,-0.3532753693050878,-0.4062856312462652,0.16630831465168042,-0.18068272999008458,-0.20998569319565938,0.2925719319322424,0.24924576704076326,-0.2889057566972449,0.3775014039192802,0.4914021497364277,0.37381681744573664,-0.2738436013645466,0.43832771047499997,0.4685763041353865,-0.3196212047611474,-0.31298370873436115,0.3842895124425325,0.47064866400856,0.535740351288583,0.675998315270576,0.507700591545039,0.09886533413519322,0.2584394349896896,0.29352187119459516,-0.36550104273097067,0.7059085161994351,0.45858855039706475,0.8461085131869938,0.5744785648071618,-0.656164021864428,-0.2754510916932458,-0.7813589767104859,-0.3824105789185025,0.7713923592859433,-0.3857306441126028,-0.3158704791375314,-0.29390933639249356,0.4829228161876232,0.3752644991615531,0.6079722803505646,0.5232284315900381,0.49790064985379806,0.23231689764181768,0.5834094388836574,0.3667489005781892,0.5025521181131014,0.4432920277173855,0.599853375695256,0.3660715123167895,0.5271310057508664,0.06719157055144699,0.41816822045343865,-0.07758472748738501,0.5911440751799693,0.31946648361303426,-0.1908706247774648,0.21352170645707857,0.385985686972641,-0.39256956799416876,-0.40602251908047593,-0.32002178408485477,-0.2706060749732572,-0.24120744529056842
-0.17435171024376775,-0.05214090649522051,-0.11224305856814246,-0.172309059707149,-0.03155068017511964,-0.24988663512701653,1.0000079530452222,0.8771661566436018,0.5563906511034894,0.4890315604032163,0.7685502570550546,0.140883974012449,-0.4572267593192252,0.5621538465561361,0.5900165603135283,0.12742124368110547,-0.16190577514961282,0.018340808631781717,0.37985109824753666,0.05958578679783117,-0.1328540269077967,-0.09317982947109164,-0.15550028426191342,-0.4070416806188219,-0.031365373415129294,-0.10518429131358621,-0.29586163528902837,-0.5937516043510618,0.6489759752019304,0.639413054843555,-0.6262416922836538,-0.5795261939257288,-0.32572643250711414,-0.24844367049187702,-0.3515652264442088,0.3466784032070868,0.08871893100472882,0.041707865937097785,0.5581912930444205,-0.17240836227980663,-0.18461412921715908,-0.16095559996582318,-0.21489801430083919,-0.13634888821694488,-0.2582607106350964,0.5630389727675656,0.37296325338484443,0.21658022741078028,0.16949485718104912,0.6170580860780748,-0.20869154392157566,-0.43705389131065125,-0.1886611428208052,0.11339059126553111,-0.2144301752959326,-0.11631534897871337,0.09720840866321083,0.10795346294865346,-0.11430505734895596,-0.1355540272446851,0.13798688861541045,-0.1692355669451182,-0.26844490855174546,-0.1871387968356751,0.13084672712029163,-0.274311721005425,-0.39111310664585874,0.23166908692154384,0.1727356648811643,-0.22995749019850764,-0.2946695393337567,-0.3209110502584609,-0.2770168399145756,-0.3943710487017252,0.6127303665385699,-0.2185452457001886,-0.12802222442600758,0.28636851728289586,-0.5832211010389158,-0.3914465066540581,-0.29778218134651596,-0.34489069075479956,0.5260464691163507,0.4257843097178307,0.583391387554633,0.3542724208222043,-0.5410408483785629,0.36372480617827424,0.6765265840680477,0.3562818559141149,-0.5461319806242597,-0.3754505856213117,-0.4849271916174172,-0.356504808440083,-0.2918800387278298,-0.4067603405856614,-0.5353405223633799,-0.4525463063637403,-0.5522325839142754,-0.40134397528828203,-0.46584148853231333,-0.3373179259157762,-0.40563704716934107,-0.3009410913024058,-0.19527534725915827,-0.20474320317942532,-0.30526064753028015,-0.4150959835568333,-0.10140678846780352,-0.34310035646232323,-0.44970371911953355,0.2147250283201424,0.15514974035508514,0.03256515096957638,-0.02116670306468723,-0.05512116938636572
-0.20102167329158513,0.0017579541679413001,-0.14583003374297931,-0.19078628124307384,-0.03312937110064025,-0.37054779383869646,0.8771661566436018,1.0000079530452226,0.7342092436685858,0.6968238547582768,0.6906674543375284,-0.1326990885968268,-0.2657432307994132,0.28221900830090907,0.7316886403863987,-0.07262317884667752,-0.2817179005940065,-0.137074362061604,0.31085193072328315,-0.022844870018431787,-0.2522985008043019,-0.139579011336872,-0.13589311199602164,-0.437645738468662,-0.08430959464760145,-0.17125802938074908,-0.264027183697327,-0.6935735251734282,0.7533223948988973,0.7732347433342538,-0.7313386190279364,-0.7236305321795331,-0.47729975774606587,-0.36505304303495767,-0.472368977142919,0.4003135271485508,-0.1444238387562387,-0.10302167885655517,0.7551493249494579,-0.22092596412584337,-0.20142521770136498,-0.1730005586470894,-0.21441158124405263,-0.1350418788878611,-0.2602728335758175,0.3941578309446505,0.24829369230055856,0.17157479499753422,0.1633963055865632,0.4951701984126006,-0.3173211183016204,-0.19604225089228264,-0.061586637089257504,0.1367946803510158,-0.05584791214368621,-0.1703481632630008,0.12448669610136157,0.10792624382854057,-0.16992221462480958,-0.231883080793543,0.20592969800219374,-0.24184576065454913,-0.3496510380061844,-0.2659145613882402,0.20403377270000947,-0.34937502180879526,-0.4180391543388903,0.2283730765183163,0.18757447950604944,-0.2620132488257802,-0.33559465609838157,-0.3233187863137602,-0.30663853169437943,-0.4198979503420745,0.4711432101075968,-0.3234074922139845,-0.2378226190764808,0.2674482960321772,-0.7204841852668452,-0.3996793195507997,-0.43621001667835385,-0.3726730794169404,0.6699493576087492,0.315182871043367,0.7596334851145206,0.31798282448438037,-0.7039788790833827,0.3287916829522126,0.6816867315308117,0.34421030592306434,-0.6084323225974362,-0.4092932294536894,-0.5626863233262777,-0.4188200848637584,-0.3905741474436042,-0.377205801425754,-0.6250436166154989,-0.4507448748288744,-0.6179697553694072,-0.436773009433678,-0.5342260925782797,-0.3915483427742661,-0.45919612107997465,-0.3000415171564384,-0.24399808880530144,-0.18671655066940437,-0.3593939141515998,-0.413321204789538,-0.023063053561251986,-0.30388724952890783,-0.505627023512942,0.2914265079570056,0.22224598577391574,0.08284492356266565,0.03185367232127024,0.006386626412628687
-0.32711401453463934,-0.024061949154585444,-0.212202233199874,-0.41608410873539525,-0.17691759547739783,-0.6780715329492278,0.5563906511034894,0.7342092436685858,1.0000079530452208,0.8663190335292544,0.1641214405191393,0.0722474043552973,0.3582126174006012,0.011276911986899327,0.9426432264114031,0.18204657166800653,-0.20130369344621524,0.026010229369160944,0.494311740199576,0.14099259631549496,-0.18008994685839338,-0.04890302032541778,-0.2627901888565429,-0.548450496992562,-0.007381782511140213,-0.12808222513804193,-0.3369855720865701,-0.7703453015515849,0.8729276947172809,0.873095658972294,-0.823694721155605,-0.8511346024723001,-0.7395082540256577,-0.6530954948243402,-0.5228430803812716,-0.06882536490820168,-0.11429363350848488,-0.03747971699610451,0.9278772827224062,-0.5781178082399571,-0.49394872315850985,-0.4714722002327434,-0.4431328193149294,-0.3666320648587862,-0.41835452709655996,0.28534596165513976,0.09258723600802171,0.10159101671111588,0.22663505901395442,0.01634533665922614,-0.17834338904762304,0.35191198010186114,0.31836642503970497,0.24294456533838893,0.2770610722722648,-0.17326008327657574,0.19732415245093993,0.2264041167182156,-0.28844311364786757,-0.228909832791182,0.2848852618135653,-0.3831141533446501,-0.47693367141631837,-0.3300066514203632,0.2443476997229074,-0.40545045443502237,-0.472925479242711,0.26487952574030577,0.2512939059283356,-0.34452396131030133,-0.41219162476662086,-0.39351000949761594,-0.4941634050996246,-0.5396211967865494,0.11233138925416089,-0.21122314996091526,-0.19087339439664494,0.2744453052830744,-0.7945300841987326,-0.4487342415808213,-0.5593302400220795,-0.5573410063857697,0.6187849835262645,0.36216803359909006,0.8493781713043196,0.3389654960167206,-0.7738511595032815,0.38630657283326414,0.7166713312482274,0.2315419594482341,-0.6839955814140011,-0.43441102130391235,-0.7347220319772552,-0.5349014852971108,-0.3186598352179107,-0.40866024379818383,-0.6258010740467285,-0.4748604266756001,-0.672832267838691,-0.4941017861548501,-0.6159498294813743,-0.4513333808483482,-0.476247697796218,-0.2509545333108571,-0.2328347416014586,-0.16968999100002052,-0.30830665643630667,-0.4236927843899894,-0.06622175292332516,-0.41498751861571065,-0.40816447730428024,0.2952046722657849,0.2773531440069156,0.12860403705080645,0.046494469753750316,-0.0030332835746890905
-0.15019644934129248,0.17006878433507017,0.010213570787311685,-0.24006363876756928,-0.4149576899184543,-0.821836525138762,0.4890315604032163,0.6968238547582768,0.8663190335292544,1.0000079530452215,0.2971527186577039,-0.017707391256632787,0.24098067447492894,-0.20380018847245265,0.7019061469246749,-0.06193259480500657,-0.24552725065372955,-0.13577477967417959,0.12607946466996117,-0.053352150937378835,-0.26161199565003185,-0.19211517014838775,-0.07186787270362426,-0.39595771367348914,-0.1712715583580403,-0.2484218976022376,-0.1593900215287341,-0.7417553075137138,0.6422565525530062,0.6456985362306995,-0.6391508067432939,-0.8345593179658982,-0.8577982823449285,-0.7429579546122028,-0.6795283375857769,0.17485529254623614,-0.24154884234180715,-0.20651082070211965,0.9497554697362767,-0.4963676910316468,-0.35761237932805984,-0.45137503543669816,-0.35556861467585843,-0.37288811613467987,-0.4239253769006155,0.3074558270172927,0.1258611807247055,0.11493713247007349,0.23698861010897868,0.14064449895375702,-0.25438519095900913,0.2508749550359393,0.22711155416071319,0.20925918123424508,0.24566182387266208,-0.2308471711226468,0.2097405843950141,0.15686735145761457,-0.29455301911820053,-0.29822144457422656,0.329401836410701,-0.3849932230687001,-0.49085306314725874,-0.39561249501703993,0.31667890296416396,-0.46019358711168085,-0.4479613975978633,0.24039064990810033,0.2180636407905957,-0.3169762776451577,-0.396698112959279,-0.40054255422500473,-0.47755260215630735,-0.4813672187869204,0.13561969090311649,-0.3047797984082259,-0.30953441969490114,0.28290581871707565,-0.8068379849385314,-0.4204175513374412,-0.7106824627308782,-0.49507868617482026,0.7458397844472785,0.2814738538356296,0.9025761771296057,0.32644740407104345,-0.8366545531712327,0.34654819551939103,0.5373868735689572,0.3021642931823186,-0.6548429383461843,-0.4196232775240684,-0.7020356152513001,-0.5019309940479248,-0.4945821111737515,-0.30925147450105994,-0.6769052183033768,-0.4162738434539867,-0.6507682359424911,-0.4638613168672563,-0.692285072318633,-0.4125824670934096,-0.5947703275715128,-0.16952596544546883,-0.3929347901935749,-0.04374897343350562,-0.5304667594391322,-0.38331912055612827,0.10784045918270634,-0.25400329495332946,-0.4926729072828848,0.42105447018335557,0.4019556984374741,0.2649073142113785,0.1971300592992172,0.1588991514526757
0.12362058211298015,0.1655007436275218,0.15651379829990858,0.22845280013274125,-0.07621142445864339,-0.11149492869421039,0.7685502570550546,0.6906674543375284,0.1641214405191393,0.2971527186577039,1.000007953045221,-0.08331839928932137,-0.6688785113947249,0.3450079255101458,0.1975322885758655,-0.2197010785569067,-0.20385331297882306,-0.19581410870407284,-0.033746448283149266,-0.16435285740718347,-0.1730116049821865,-0.18877249692073636,0.060658365743064026,-0.15223260801782987,-0.13703794699557878,-0.15561545809193303,-0.08498005138101451,-0.40925203958656137,0.29219881110546403,0.30355763897149474,-0.31600184587454283,-0.38945156281298715,-0.2283947033773385,-0.16749655633291816,-0.39803799984764804,0.7048997855081001,-0.00161377643900237,-0.0779901238124337,0.33803594407480086,0.13516997933761574,0.08931050296094556,0.10424849046421682,0.14429562244322444,0.022931131327538483,-0.262575182936456,0.4550068651865212,0.5192082322493459,0.34468948410586125,0.26800590571677796,0.9499265939198174,-0.10866243635609198,-0.6049417923437197,-0.4809441553775992,0.09485178504317995,-0.424863455020733,-0.06215576518110157,-0.046972541930698206,-0.08051656042001132,0.03624830614306239,-0.09761031104858617,0.05013086264560604,-0.016894680477295226,-0.12332672816309949,-0.1089370575427132,0.08750190804515222,-0.17979303253525272,-0.31056299109597924,0.20254697665047147,0.14186041285587503,-0.13553281397438266,-0.2476154634501908,-0.39294318119889204,-0.26800505662077345,-0.31136429545620486,0.769327403756295,-0.15630787231879426,-0.13777281096841304,0.36329147379767457,-0.455979839177347,-0.36148404785925753,-0.3287263756586579,-0.24776254719906482,0.43297095914235495,0.2976750130708346,0.4162633484879143,0.3610863852154913,-0.4341735084281768,0.31116324761240904,0.3692297709042203,0.3755517926786873,-0.33816280572283114,-0.24215473672289245,-0.25656268955308537,-0.20562613028570093,-0.3745062632777694,-0.29202792789840065,-0.45246657142631724,-0.34816434724423223,-0.36887566062241384,-0.27268721059804746,-0.33924134259904143,-0.20015118927966197,-0.34638817088313406,-0.21684549092162078,-0.23312723079609624,-0.10802317348838064,-0.3994135403466231,-0.33970625543731336,0.028109913011205242,-0.16513338774169697,-0.42029926243745147,0.2069668963156048,0.1422374169390151,0.06792508576923738,0.049898628530760054,0.04209176387869653
-0.338827523094209,-0.37608648926146754,-0.23752841965399157,-0.3615835506252432,0.07222067542685785,0.0001818478848135555,0.140883974012449,-0.1326990885968268,0.0722474043552973,-0.017707391256632787,-0.08331839928932137,1.000007953045222,0.08077411186063142,0.36714861729770537,0.13916496615288532,0.6307242068841752,0.7264867258748284,0.7348995775384521,0.42865768758660483,0.6853623002356589,0.688505282024273,0.5753999862423858,-0.6448712298592371,-0.542943225813644,0.5587648005984818,0.5327544867626067,-0.6536275691922361,-0.21020618724289988,0.21055369964664544,0.15104787788634075,-0.2371523964415585,-0.13828605109880807,0.026022920484513927,0.018720700488828387,0.17515370020470694,-0.4002420921189852,0.8532758885730787,0.7116461004766582,-0.007224539837674191,-0.2972646683986616,-0.41844631567336266,-0.26894520106701364,-0.3974709411513237,-0.18603764317236604,-0.2158199516461789,0.4255788437600009,0.1947202040073767,0.1526609951824537,0.09158411716231515,-0.03619874020557966,0.451811768551839,-0.24143053038042228,0.13964027465496612,0.14227547613607905,-0.1503050344545221,0.24685970315745775,0.09742728168653028,0.3101942352648337,-0.047302458497166675,0.44931217179582816,-0.20904907914005746,-0.042796773548120746,-0.16473991685638756,0.18731063750609822,-0.35720559533048624,0.043538820266187286,-0.37909314773950836,0.253325605460286,0.2116064649255638,-0.27568707788899344,-0.2798575958983765,-0.23617822150634174,-0.21662429942273387,-0.4155421369579555,0.2928871869525553,0.40262693641402997,0.44463619833530144,0.23818826707355167,-0.03192078247525042,-0.37754789260796545,0.18498411175678658,-0.37888576846603506,-0.21294055583883695,0.6319906257632398,-0.06997665176468017,0.37191116954838077,0.12025564005713092,0.45980526510138103,0.3946364909710083,0.21533615486101387,-0.3186232826314763,-0.42714980867265995,-0.3344585686052334,-0.37844257339108506,0.29525335898301197,-0.5703855025697252,-0.0646196442702345,-0.5104160221204875,-0.28435809709776194,-0.4080207132840715,-0.08901758169978209,-0.4623286157708114,0.06137586233852393,-0.48810480796503103,0.27092371465762494,-0.49574595673246397,0.18457640812822948,-0.4726777391072155,-0.5450609774144978,-0.5966564439733365,0.002567428599472597,-0.27273455064883245,-0.2840293299644264,-0.3944121762910202,-0.45096527037463857,-0.48980285423766073
-0.07370342582139501,0.08326022164985346,0.04834764545637937,-0.18509128890478793,-0.3222533279267388,-0.5135697350115774,-0.4572267593192252,-0.2657432307994132,0.3582126174006012,0.24098067447492894,-0.6688785113947249,0.08077411186063142,1.0000079530452197,-0.4088348400932918,0.3072252712313791,0.3489875002880951,0.1837972394390827,0.2877714271870458,0.2997696049794969,0.3394486800979742,0.16103829829546942,0.2951759354915959,-0.3201991562444,-0.2367757561591526,0.24488751794239597,0.19441615104458476,-0.2112411818453477,-0.15118969138719746,0.1897276538416624,0.15150483448254518,-0.13556482920263724,-0.19940355843507573,-0.4580605872992307,-0.5209574659024486,-0.15875184675292184,-0.5113146535754066,-0.048388321244753424,0.10406253839207627,0.28119267859238545,-0.5538834681619315,-0.42820188889772537,-0.4998250083735037,-0.2523199579913866,-0.4509869210966803,-0.3748154162213296,-0.13642661741716794,-0.1868052046957223,-0.026416249233337945,0.2186527903342005,-0.6569161043002836,0.07085608596557272,0.9342251561012859,0.7094815274619993,0.2825177553633121,0.5840202065242964,0.03770941241308438,0.10385786926972701,0.2352550294702816,-0.18468251969529123,0.04174720786759365,0.06416420802138761,-0.21373592655841517,-0.2522249361122506,-0.06371757410484784,-0.016197014263564784,-0.0985620831891175,-0.2186114685521768,0.16696393081537142,0.21272122092062912,-0.2463564533747943,-0.25972053351170554,-0.23473521414936868,-0.41815685089158594,-0.2947663284542803,-0.5815787726405895,0.08514409554237543,0.05479200136829304,0.12081491688780117,-0.17403635232672623,-0.20209353960298762,-0.2868588552454391,-0.3825022996851385,0.012117560025141891,0.11053780673188661,0.18933014569216727,0.13683478559029422,-0.17784771407939387,0.18887108515820158,0.059891476295974924,-0.04853045227522642,-0.11558664829967097,-0.17163459772808412,-0.27860652626015664,-0.3265686688387521,0.06568333022991005,-0.13141893719873332,-0.055308054834322974,-0.15406516622418842,-0.11171839963126873,-0.21376128094835356,-0.08278264183850326,-0.2470293800299665,0.03056418079252467,-0.07131599946689364,0.06561242695820625,-0.07036136352219904,0.05083847310209023,-0.12086519686617826,-0.08641087403996361,-0.24413505709702107,0.10631547675392151,-0.04205976306758548,0.001810577737812143,-0.028073084794122773,-0.0542015785159279,-0.06727850129152742
-0.19229896701705437,-0.26369415972427734,-0.21598472553755851,-0.11681571138538874,0.3242617553457498,0.3170029267698415,0.5621538465561361,0.28221900830090907,0.011276911986899327,-0.20380018847245265,0.3450079255101458,0.36714861729770537,-0.4088348400932918,1.000007953045222,0.24040575715182344,0.6480732119064171,0.17169886115194777,0.5341084762256498,0.6658123369794389,0.47169765001778075,0.11463759412376545,0.18282866643410456,-0.4385034075237405,-0.48849759847568913,0.20306476832548273,0.11827984040383317,-0.4702221993039912,-0.3026638586617275,0.40042187078540065,0.3634129549757683,-0.4248158924658246,-0.18171205721148848,0.24350466121855513,0.2533126073406462,0.09934769133650947,0.07576050242224656,0.39368004824346103,0.29660608418149675,-0.034744669847270586,0.08313513606876624,-0.04602437151022795,0.09178775383376989,-0.07805493628961523,0.10394743944733224,0.029560149250824647,0.29745925485012875,0.14672975352186968,0.1102916299413893,-0.033913412148513976,0.29634258220165854,-0.16369836816207148,-0.47849761799707774,-0.14484746609286836,0.006590263530895445,-0.19368839885334238,-0.15621059975679077,0.20235660471038286,0.18121158862743267,-0.1807399180145631,-0.04058953310448125,0.08973754575876994,-0.1833755610443002,-0.20267533946468141,-0.08668875414881043,0.0102235691085332,-0.16208534486061132,-0.2526082005758225,0.14911302497716172,0.09958282316780723,-0.17252587616744516,-0.14543555600700633,-0.058363722237005006,0.02821699852300138,-0.16845370017433572,0.4482015928015924,-0.11272367355040859,0.027444727133973685,0.102968470650139,-0.14946767951981396,-0.2061354028558691,0.1966431630327877,-0.08510713432493656,0.03353049741756576,0.3338430703294055,0.019026201185123992,0.17629867900374943,-0.016934437144899634,0.20726770464546881,0.5329990877933274,0.2584053142527626,-0.38148124605410644,-0.32046663178032575,-0.28404896704664356,-0.24714603275986435,0.032996952698468626,-0.3487189505742658,-0.23979037471884027,-0.3554862312455926,-0.37228394895621547,-0.3139769114807892,-0.18213273058145324,-0.2620229301104966,-0.10729799702511368,-0.3210310765357628,0.057972617634330106,-0.2842702663206189,0.06295739662542141,-0.26762807122322724,-0.26800187189434166,-0.3512089889874143,-0.27746074185341224,0.00590640809797139,-0.06010920221043542,-0.16880498820038894,-0.21006552839347362,-0.23574641267398003
-0.4212473473881574,-0.1630453533692909,-0.33848081623067106,-0.4546768867818327,0.03188782373538558,-0.4918548193206622,0.5900165603135283,0.7316886403863987,0.9426432264114031,0.7019061469246749,0.1975322885758655,0.13916496615288532,0.3072252712313791,0.24040575715182344,1.000007953045222,0.35792001902336423,-0.09499457954382763,0.205067596117329,0.7076093891481725,0.32526846125907166,-0.07212786325081269,0.09945679794286008,-0.44641791988037705,-0.69282655695901,0.15014508213149633,0.002685687706539817,-0.5145232869419409,-0.7999644994444771,0.9731977594634804,0.9718204098772862,-0.9268851582336531,-0.8563399076463979,-0.6030246388071492,-0.5278146901954862,-0.40873234562160415,-0.10168799707633445,0.03221590247979255,0.12087754953368003,0.8457939018027141,-0.5467827515370536,-0.538473819386665,-0.4027321302870162,-0.4382295361622747,-0.2974593532383563,-0.4046170676511177,0.27069665553602396,0.10149045854340916,0.12799578197991435,0.21875589323361277,0.06445072804919366,-0.13392100545558921,0.2825787701637601,0.2852188152062549,0.2469281529252976,0.22113897350167278,-0.14044779125562923,0.19364616222429598,0.25056906575714744,-0.27285994501842337,-0.15411179897526076,0.22706699642437955,-0.36162051078696505,-0.46544695948340115,-0.2572710426284594,0.15752287573125115,-0.35813259944564585,-0.5291087538235055,0.29049795569391557,0.2742993529236382,-0.37027481972457504,-0.4464486960324772,-0.4196817001055277,-0.5021416033499558,-0.6119203463486266,0.21760095525595233,-0.14417723333867286,-0.08958594590233503,0.30433275240795366,-0.7761137186877438,-0.5085094912817948,-0.42834844357716123,-0.6056768020392858,0.5016144172622241,0.44064207684282214,0.7636696850992876,0.3817326224412078,-0.6936846472448223,0.4447550723768354,0.831992438267319,0.24522128588378164,-0.7240814203747334,-0.49400533440310745,-0.7573672006744665,-0.5859757864933631,-0.20406919452545874,-0.5392123438857186,-0.6114139680258375,-0.5765862569699854,-0.7116040738409223,-0.5563700511978733,-0.5572520256781163,-0.5332297251294786,-0.38003696671889425,-0.38579818756385664,-0.09418908500430881,-0.32581847146485715,-0.16248097041200218,-0.517292886316259,-0.22614316895722825,-0.5634009051143719,-0.38786526835766366,0.18399769261124915,0.14838766088327524,-0.023716420505649954,-0.11253250661830694,-0.16408372016860678
-0.25614378992763204,-0.24164870041616748,-0.17851189679809723,-0.27875910531331005,0.05789553710482199,-0.06327967512071646,0.12742124368110547,-0.07262317884667752,0.18204657166800653,-0.06193259480500657,-0.2197010785569067,0.6307242068841752,0.3489875002880951,0.6480732119064171,0.35792001902336423,1.0000079530452208,0.473836540674096,0.8922900533331332,0.8474977470397085,0.8114540938210822,0.3610742416727178,0.4765501610948138,-0.7332609124819255,-0.6789242895081491,0.4461572669244361,0.33302378454007786,-0.668827105507493,-0.37112640191119994,0.4411862521953173,0.3627745705781286,-0.445294012189762,-0.27908168894993696,-0.07617067973252609,-0.11747549687621898,0.03398066830454874,-0.3794193840545506,0.4851917915836477,0.4701228247311064,0.09974276334037321,-0.3508126258512897,-0.39735842414316913,-0.3084988164089625,-0.3063696008817953,-0.25125149306572364,-0.25332105040575126,0.23489637770666819,0.01570852776527172,0.06798814559275354,0.11327694472769798,-0.22742218640239525,-0.025346648226986988,0.16677153160449268,0.37250849489463717,0.1948348634603457,0.2442064474352278,-0.12248902875235987,0.3132821950307353,0.3716567066597331,-0.32835529070754793,0.05296139151950588,0.1287379100204581,-0.33336451629917435,-0.3774710178139297,-0.0993078113150794,-0.031645123642278596,-0.20526241989463034,-0.4129777410313829,0.26218467057666484,0.24174786031898138,-0.34703964014747324,-0.3277911406240915,-0.2288769116537959,-0.28282133027251927,-0.3966615845683453,0.021172412990639457,0.03127700913346986,0.13620601536612387,0.18627346860977598,-0.2073664622174859,-0.35595837871501623,0.03266034599593678,-0.3796007433751709,-0.051809344703836226,0.45499780183228766,0.07260970954506067,0.28482244145170904,-0.05994929676168493,0.36537881103658754,0.5274381285313613,0.21335989316350068,-0.45216937034913096,-0.4556763766729062,-0.4881907064708081,-0.48899561547143416,0.1432865221296375,-0.47698500357610374,-0.23255880519080988,-0.48509667392445915,-0.43237500574720733,-0.4757189330496362,-0.2216586028787988,-0.4621658743197862,-0.04930493289725778,-0.3932303905989729,0.1481041959681221,-0.3695236830696869,0.13428659724914258,-0.3796754169726337,-0.38673774927669297,-0.5712034255267842,-0.15727533918227762,-0.0705256377615022,-0.09445803903353807,-0.22774626956115657,-0.2940372130133764,-0.33376258813932386
-0.2923547659401887,-0.39583662083860777,-0.23389863149218684,-0.252144116584582,0.1853457878243116,0.1714063226326856,-0.16190577514961282,-0.2817179005940065,-0.20130369344621524,-0.24552725065372955,-0.20385331297882306,0.7264867258748284,0.1837972394390827,0.17169886115194777,-0.09499457954382763,0.473836540674096,1.0000079530452217,0.7908826191143068,0.24267090336475644,0.7724838440325612,0.9401213755840245,0.8996921201114867,-0.7558505583953513,-0.43889930306709496,0.8301008203949921,0.8549134773396678,-0.6997545940325224,0.046435014598148305,-0.029777122876458565,-0.07878968860338699,0.019501757486917033,0.11439978651662581,0.18206650109983924,0.14112402261660978,0.3645105401959878,-0.3547785452677343,0.8102644574703288,0.8174660336259082,-0.23948115607422985,-0.2320486573975615,-0.3730524405387205,-0.1951265353146155,-0.26425156027403146,-0.14945854597418598,-0.15327797021283537,0.1888439776681562,0.013918425758435883,0.06777964091110557,0.03932907436615296,-0.19336350978795314,0.38563920761955434,-0.09122602304158259,0.33903696430651065,0.15963907304496083,0.008494166616239572,0.4309018246516488,0.03160710022061848,0.3265960125084621,0.07374543666462234,0.6725601661372379,-0.455840062397235,0.15577201926660586,0.0012327728883337193,0.44455515516581523,-0.6281185638850416,0.27068119412570585,-0.32750680958182843,0.22504417377462305,0.21420512938184647,-0.26384352128468,-0.26535643871461567,-0.16340202417103097,-0.1752583306992582,-0.37713117811767893,0.05662183118855286,0.4535878870115883,0.591710589322034,0.160061386272852,0.20280970200939855,-0.32185541930898515,0.33447713406397017,-0.32993968818948727,-0.4278129221049972,0.48343137308837697,-0.3140795798830208,0.27730948614595097,0.35060983838257076,0.382090537442095,0.13252935325668339,0.15073208471732658,-0.02908855635262995,-0.39908391907602314,-0.07893337954068924,-0.34907858648669937,0.5016328382726241,-0.5492416619383083,0.18748866268426978,-0.4598422089012079,-0.02170522355457062,-0.34486820624854014,0.2656405499729122,-0.5197361047374136,0.4197912366745363,-0.6134501220976201,0.5577520418948719,-0.6442997989381202,0.43626061469522676,-0.45707658391903183,-0.6530888052595717,-0.5950930911996484,0.23596729064260577,-0.5588747767223634,-0.5933437575464721,-0.6668402589110147,-0.6720105635331729,-0.6652815087068034
-0.30498194069177775,-0.3392822796796956,-0.22805321676752716,-0.279501000711032,0.14732314154318246,0.05583406231270877,0.018340808631781717,-0.137074362061604,0.026010229369160944,-0.13577477967417959,-0.19581410870407284,0.7348995775384521,0.2877714271870458,0.5341084762256498,0.205067596117329,0.8922900533331332,0.7908826191143068,1.0000079530452206,0.688264815452198,0.9338978589923725,0.6547112532908065,0.7335276837837671,-0.8788000737698868,-0.7108886062311598,0.6747857551062384,0.5995112585080609,-0.8033087699824271,-0.2767738303375552,0.3097520925119538,0.23882039866179675,-0.33222886383713324,-0.1760607370144407,0.0341694727771055,0.0004144378841462588,0.1643696959997321,-0.3477112530632356,0.6802436120105555,0.6723978335102517,-0.01994722658217795,-0.3110106231584235,-0.41389172346715697,-0.266106171670564,-0.3063331958871726,-0.21145650142437405,-0.22940745507269794,0.23455641366136015,0.010775385692011976,0.07586888320846419,0.08599506597187001,-0.20713514455454707,0.09751221145093321,0.03992654166489628,0.37978120566774815,0.19090139189043176,0.18029665336318698,0.04105787243726825,0.2779230342325596,0.4004983766681531,-0.2393246749760454,0.29191188189149925,-0.07366862346301134,-0.20295353006814537,-0.29860334537750666,0.0924487036534907,-0.2704495320719505,-0.06162649995332652,-0.45336235176500184,0.28131258474067894,0.25824082824986677,-0.3672145204277195,-0.35669978242909073,-0.2314438068701333,-0.2616763598499235,-0.4490647484245547,0.07336315724272359,0.17244321530527182,0.3187943892033824,0.20142774972009872,-0.08609129425282831,-0.40094373470448774,0.16096145986937685,-0.4030352750260956,-0.18982917223746948,0.5200280525460313,-0.06362111019758276,0.3209587217728608,0.08786764237486576,0.42240029563568626,0.44689754209577814,0.2452202973243621,-0.37070056469997725,-0.5283929538566378,-0.4067790489263641,-0.5225725984379578,0.2873800302893044,-0.5914673448159657,-0.12292570719460988,-0.567684222050324,-0.3553580485917554,-0.5155498083936664,-0.06549141951272806,-0.5847401316323626,0.12980613159366458,-0.5724367748954623,0.3376649288835773,-0.559923162677263,0.2666270908740545,-0.48733740213364185,-0.5514786231248915,-0.6655224273120809,-0.058909946481108366,-0.2687234283575531,-0.3134082720545672,-0.4539334888552353,-0.503082857731153,-0.5252768162501732
-0.3602238344203065,-0.2833450082689572,-0.30816113414538077,-0.3584051532328907,0.18031799684410238,-0.09217637911825767,0.37985109824753666,0.31085193072328315,0.494311740199576,0.12607946466996117,-0.033746448283149266,0.42865768758660483,0.2997696049794969,0.6658123369794389,0.7076093891481725,0.8474977470397085,0.24267090336475644,0.688264815452198,1.00000795304522,0.7190024302306329,0.20874511253322936,0.39682214715730596,-0.741637184574359,-0.8037155065128982,0.41068501825492665,0.25802191556375476,-0.7282282384185899,-0.5841071689634882,0.7766566320384534,0.7303214990676662,-0.7557275117457705,-0.5192160726068095,-0.17033271336550737,-0.17464536720626217,-0.07552902626007342,-0.2744036592232913,0.3522150607599477,0.40393201247091004,0.35708339070682504,-0.3876960054929903,-0.4526816569446325,-0.2972592255204033,-0.34011245402488044,-0.22904128031542398,-0.2958195925860421,0.2688478061871907,0.0758737384781491,0.12592988048586665,0.15934495353911576,-0.09622112344515163,-0.06506607865265508,0.17680680190628872,0.3385427730361493,0.24223211271644754,0.18900288193638162,-0.10440737755793408,0.2589499966322633,0.36694697398158854,-0.30530527112445394,-0.005046301258697484,0.14865679469778337,-0.3540767100660128,-0.4332102414836843,-0.14314855355314685,0.009765243205380471,-0.26649417252077223,-0.5089229930714748,0.31748683354707014,0.29697852970069644,-0.40021651319051854,-0.41128213595294105,-0.30984479503942014,-0.3541161145201306,-0.5118827284599781,0.14895631706091123,-0.03317338462859195,0.07947339238143926,0.2566147159405663,-0.4424085267039905,-0.4584320793262632,-0.06532265426759096,-0.4795456286732552,0.14271748143720767,0.5046163811234551,0.3216450055166686,0.356481735356568,-0.288745023932763,0.43590888609786366,0.7612946437748336,0.25521652193781413,-0.6143505182050086,-0.5329166817661892,-0.6254661430549004,-0.5761196301802426,0.05322128809072546,-0.5738152689176068,-0.4008032482593219,-0.5905271037202123,-0.5966313616797394,-0.5671218370528022,-0.33584358695516847,-0.5494456506689628,-0.14273251895426947,-0.48184769922671533,0.11732329102433896,-0.44087493737325445,0.09600023230997429,-0.48259503310115975,-0.40409187725516116,-0.6492168328283141,-0.270813213056253,-0.012768919082059646,-0.06043358808173253,-0.22872532011255509,-0.30652402884808855,-0.3505187066278068
-0.36808977473248994,-0.3925021056879986,-0.28531359760057823,-0.3409200600690685,0.16892910307620013,0.015581399519105104,0.05958578679783117,-0.022844870018431787,0.14099259631549496,-0.053352150937378835,-0.16435285740718347,0.6853623002356589,0.3394486800979742,0.47169765001778075,0.32526846125907166,0.8114540938210822,0.7724838440325612,0.9338978589923725,0.7190024302306329,1.0000079530452213,0.6973143544477433,0.8034919803078665,-0.935855779416478,-0.7745805726913212,0.7648943619319286,0.6823363471952039,-0.8810026604577451,-0.3335298643693992,0.41461877425774324,0.3540853264783206,-0.4234922953662971,-0.25127844908924124,-0.021869437189426386,-0.04547263854692443,0.1566697996355843,-0.35744241926105347,0.6979320291137587,0.7348402273677517,0.07285999961688841,-0.39703233285808287,-0.5129359046463,-0.334667018884575,-0.37137002269907476,-0.2738640971034249,-0.3098849253955443,0.2634266936524856,0.04554609451475279,0.11744726914238181,0.13815834001410288,-0.19778962773723185,0.15446561274465925,0.10029975934216556,0.4361559006676553,0.24045435426791054,0.14241154066149028,0.17005542115820307,0.177806056559153,0.3943279073636641,-0.14897866933858323,0.3889244879541646,-0.16911645089446575,-0.13206714793535698,-0.2789507580220044,0.1762050815440979,-0.37771497710893337,-0.004864853290538707,-0.5229370276879859,0.3212832257332134,0.30191384844850266,-0.40063269087029535,-0.4219689944053742,-0.31426900763367993,-0.353947709144188,-0.5650405370334403,0.10092239621528515,0.24896671473955723,0.4002783357005826,0.30002565284045724,-0.14869380946137006,-0.488006203211299,0.13952561508758107,-0.5169320660225354,-0.16381789059488402,0.604203639093522,0.00816939874239658,0.4345514373740272,0.033330781911269015,0.5500104856928518,0.5658569461955568,0.2881645996120104,-0.4035000080419915,-0.5883421379296541,-0.44491939367206684,-0.5895691609636615,0.3283814882450883,-0.7006727965683593,-0.1393643963931649,-0.65686771349746,-0.3869326498714306,-0.5720744746008317,-0.049882444532923224,-0.6856440720361355,0.17287257735062636,-0.6927594705331656,0.41746270633688093,-0.6817820223700719,0.30691449332261966,-0.6045942628427935,-0.6489587704333467,-0.7935761847364137,-0.02576794953955537,-0.3463682878982144,-0.4003142739971711,-0.5582425528179151,-0.6086898382099333,-0.6283935399954056
-0.35770058072173544,-0.4827673749319835,-0.29822058474092633,-0.3145774206338992,0.23430713527234437,0.19568606013941442,-0.1328540269077967,-0.2522985008043019,-0.18008994685839338,-0.26161199565003185,-0.1730116049821865,0.688505282024273,0.16103829829546942,0.11463759412376545,-0.07212786325081269,0.3610742416727178,0.9401213755840245,0.6547112532908065,0.20874511253322936,0.6973143544477433,1.0000079530452206,0.9436017232288775,-0.717076353835451,-0.38105837216314037,0.9222341615340686,0.9588196977957841,-0.7029374972349943,0.1144282793609813,-0.029967893161159522,-0.06940807998735349,0.04086568459859712,0.15518261803414587,0.20776109064599577,0.16424993749503822,0.44691610745841576,-0.4207521593247089,0.8712585375730897,0.9227013212881151,-0.25971366288408626,-0.2869591804239736,-0.46549443018352354,-0.23404350491865084,-0.3174830768621618,-0.1869017651376044,-0.22100212388482354,0.21333107659911643,0.09349946790090762,0.1439477323636206,0.10806775725907829,-0.14987293489389802,0.5950450043705756,-0.09511980641590487,0.2993592726728789,0.19771954228010263,-0.19412155227378367,0.7016345453139513,-0.2522891258661387,0.2201169145759243,0.3454228122505685,0.8777493879659852,-0.6842280185622959,0.39234307944558144,0.16688237520159122,0.660176826820188,-0.8217326652135925,0.46967907598985836,-0.318642287521838,0.2316936911276718,0.2317305135336881,-0.21949253438428068,-0.26911473368494093,-0.23907567199953353,-0.24231449385166567,-0.4553950473903771,0.11804039637472562,0.6665841528756254,0.7875184722272854,0.23673424277079674,0.25932296261639426,-0.36877763443566786,0.4002683068736128,-0.4173041261772824,-0.5234582887487838,0.5806100930137351,-0.3619661873113097,0.3593722218134434,0.41371569196144437,0.46743457042112485,0.12014834170943739,0.09374159891662462,0.060420556438250284,-0.35675487898623953,0.011970748269735845,-0.3041511344377997,0.6341130944419529,-0.6274343793311532,0.29777833637103385,-0.47979625299642953,0.07568181886196457,-0.29479261640718163,0.38289755432757033,-0.5276774782200927,0.544036069170379,-0.6965773412076803,0.6934506240967072,-0.7580515879180836,0.5370398529297341,-0.5406583424247146,-0.7851645030200016,-0.6614474322055187,0.3958510969507183,-0.7312614774572531,-0.756017522847791,-0.8097267300915523,-0.8089831472322573,-0.8004113504813672
-0.3752093844239309,-0.45248894286286817,-0.29313333359484345,-0.3135946911519958,0.21520769697582887,0.11597912132292001,-0.09317982947109164,-0.139579011336872,-0.04890302032541778,-0.19211517014838775,-0.18877249692073636,0.5753999862423858,0.2951759354915959,0.18282866643410456,0.09945679794286008,0.4765501610948138,0.8996921201114867,0.7335276837837671,0.39682214715730596,0.8034919803078665,0.9436017232288775,1.0000079530452206,-0.8460860860013177,-0.5250916989974008,0.97833618809762,0.9728874559572229,-0.8119422646205744,-0.018536567967884093,0.1435087781935034,0.1002596357807246,-0.12011624053165544,0.023674298268049548,0.10427855630259636,0.05861990363585807,0.3647936879285505,-0.39299889177534064,0.7747883978560505,0.8962026050515871,-0.1295767262710927,-0.38584265013296676,-0.5377870891798358,-0.3246148862674178,-0.3320592364204625,-0.28752847769523426,-0.3199656880590768,0.2220478327698333,0.0723611346951756,0.15872766765294052,0.17840263864418923,-0.2164669997963625,0.4378919516040428,0.07793914680896201,0.4487871339108653,0.2790772514830774,-0.041041213118921865,0.6178632316568179,-0.1931371589580165,0.26574017555812474,0.2662130472172028,0.7914072654260762,-0.6274068174893938,0.3087651848162455,0.06852340836381593,0.6004711173195579,-0.7803225551239508,0.39209981407645544,-0.42469102138175174,0.29474205423918154,0.3009613326226621,-0.3064712018618736,-0.3736388845618851,-0.31876308448848284,-0.35780618189319713,-0.5631668361427088,0.02861517388407352,0.54525232142356,0.7186580690305454,0.2884857153739269,0.12203411411614278,-0.45861453193083973,0.3019178891100937,-0.5261992947153357,-0.4105646903046619,0.6090627736260447,-0.2300337297207283,0.4146952992330821,0.2819235017522083,0.5328089776882015,0.24287437457879268,0.14170429387693217,-0.04798764827014217,-0.46299626818855455,-0.11142472068781148,-0.4465799780409486,0.5898555877981341,-0.7014855221429647,0.1911520280283107,-0.5766485357397394,-0.039451375044328156,-0.4093378647976543,0.3237129992258004,-0.6575998860389669,0.5249778743046299,-0.7915924889238597,0.7060535380401473,-0.8281470443958253,0.5323442381967188,-0.6253452124529157,-0.8039733515429152,-0.7476142708013231,0.3269943606631886,-0.7084359385309665,-0.7538563678669563,-0.8388811061973782,-0.8421974625805475,-0.8290680398578228
0.38857712412836454,0.37514383435879617,0.2808841045096701,0.33555922061491983,-0.15694741468665396,0.04603164412629171,-0.15550028426191342,-0.13589311199602164,-0.2627901888565429,-0.07186787270362426,0.060658365743064026,-0.6448712298592371,-0.3201991562444,-0.4385034075237405,-0.44641791988037705,-0.7332609124819255,-0.7558505583953513,-0.8788000737698868,-0.741637184574359,-0.935855779416478,-0.717076353835451,-0.8460860860013177,1.0000079530452204,0.8836459219417742,-0.8211722644183266,-0.7316913475413257,0.9767406638713796,0.46697366680790453,-0.5433249240840327,-0.4927760404951299,0.558886889953845,0.38978776743618904,0.10858362430101838,0.10840355117420676,-0.06259217901815582,0.26380065964465055,-0.6862620967194816,-0.7646871625249029,-0.21116730263303765,0.4271240432193827,0.5537811437018885,0.36104348345578313,0.3834825633544094,0.3043081384117043,0.39920200894598545,-0.34458849751642684,-0.12471244914053155,-0.22211266178769476,-0.23202319658191434,0.12562423888113475,-0.18085569386058578,-0.07614616026610818,-0.4581723659794101,-0.33798184820124694,-0.0756773937308795,-0.2535319782034674,-0.11533284601638763,-0.41956491737203777,0.10034256626296818,-0.44608607710718323,0.23274114016363426,0.11460885657255351,0.34014492594961854,-0.19938145010205158,0.4274800237936385,0.0277234457355097,0.6647724046069717,-0.430559162689321,-0.41038482244009666,0.5073662256674583,0.5582296938200743,0.43470512779245957,0.44856016245194774,0.700163943627498,-0.17451689012432917,-0.2478389436553841,-0.4212315199218129,-0.3926078606334524,0.2845807115583816,0.6337607278776223,-0.049881279323108756,0.634155176254621,0.046801189312986664,-0.7205625621458014,-0.14752875839242457,-0.5338159549018403,0.09417144654253798,-0.6479093825081264,-0.633352265303593,-0.36654248967558484,0.5224857848359964,0.7316005943940401,0.554139797558968,0.7244571437343231,-0.26980219068800826,0.8265074527190118,0.25264072144234945,0.8012003049271178,0.5066309440692658,0.7064606151108528,0.13446847204507556,0.838106410501608,-0.11392185773993035,0.8351987303102046,-0.40777807896183993,0.7846078832813576,-0.24234510017921523,0.743533425893122,0.6947353478748465,0.8606053725552922,0.10415242458805804,0.3469815729038435,0.4216673533955492,0.6093220137813012,0.6622375759707584,0.6792948660192621
0.3184438777006801,0.20647004418353532,0.19834245226370945,0.286866023543427,-0.03083625515833003,0.25511891153357746,-0.4070416806188219,-0.437645738468662,-0.548450496992562,-0.39595771367348914,-0.15223260801782987,-0.542943225813644,-0.2367757561591526,-0.48849759847568913,-0.69282655695901,-0.6789242895081491,-0.43889930306709496,-0.7108886062311598,-0.8037155065128982,-0.7745805726913212,-0.38105837216314037,-0.5250916989974008,0.8836459219417742,1.0000079530452213,-0.5169541735192997,-0.3865129886711265,0.9113328122830777,0.8058577370945775,-0.8036225999718394,-0.7646021389895694,0.848853210292716,0.7350546640277899,0.3565428753121012,0.30103360840092325,0.2819483123417136,0.039198696806502155,-0.46074225015784886,-0.49585767946058734,-0.5517874774126698,0.3999631008374399,0.47972744946626406,0.3384852941595623,0.3636304671775851,0.2740112824169451,0.4447297671118099,-0.4360480314262734,-0.20762952884178032,-0.29952045855275694,-0.2900775114905343,-0.05497801965941307,0.03058224390814103,-0.028551019937154042,-0.3624632500210057,-0.3728939669812824,-0.08554925199380213,0.011050028794266377,-0.2667850793644337,-0.4485113737034269,0.31142638518313054,-0.12109309569091282,-0.08431652435531806,0.39402604487932025,0.6154570683653001,0.1444941247657126,0.08921642734764833,0.3635033267263887,0.7956743970580309,-0.5115262236568877,-0.47365517032098625,0.6152954424007617,0.6683975115797619,0.5249794562947621,0.4994440925448845,0.7494334708783656,-0.32804160650434694,0.021474113695701617,-0.10903281642481752,-0.48021207872959076,0.6449961442260935,0.7320653786531877,0.25198450189693944,0.6684541592316705,-0.3399634977593277,-0.730526535600108,-0.5258894459589432,-0.60582890185814,0.4738036557834909,-0.6890190335336921,-0.8617400308358621,-0.5342891187049316,0.8525279286511032,0.8584466527629616,0.8505422066277221,0.8569203218214849,0.10014174186076802,0.819343348648816,0.6269527674728521,0.8881659441568039,0.8344264465629222,0.859242784712473,0.5430769462634599,0.8758214017674186,0.30442051850413704,0.7535832233539861,-0.045835835359960914,0.6193111429572982,0.12006765845874472,0.7624162507424778,0.46825755226872284,0.8113332948194912,0.46916438598126575,-0.03077062421219313,0.055544483394723114,0.29759156213004406,0.38184483784995565,0.4208328828997969
-0.47138243531043983,-0.5535136492032928,-0.3776980453078123,-0.397035095297618,0.2759395998642388,0.1343731823070239,-0.031365373415129294,-0.08430959464760145,-0.007381782511140213,-0.1712715583580403,-0.13703794699557878,0.5587648005984818,0.24488751794239597,0.20306476832548273,0.15014508213149633,0.4461572669244361,0.8301008203949921,0.6747857551062384,0.41068501825492665,0.7648943619319286,0.9222341615340686,0.97833618809762,-0.8211722644183266,-0.5169541735192997,1.0000079530452208,0.9814046986418404,-0.8159118802693888,-0.01265999333782891,0.18850776441078718,0.1536476148258681,-0.1595680816939037,0.0051445529905492955,0.11530892195226443,0.08334124948146045,0.4208498232368571,-0.43559528109333273,0.7999387021112904,0.9408899454669306,-0.11014764510938524,-0.4491339742723329,-0.6293107832742586,-0.37451271220611815,-0.4149400232407876,-0.3290584759585961,-0.36463814394295035,0.21474894111138154,0.08944614524637944,0.16079681773346097,0.19158642091068445,-0.16336756937948596,0.5128665248795695,0.047985074744124216,0.354980131238436,0.22657483318589342,-0.16354594645490406,0.6804929826596524,-0.33755966637788726,0.12216914280948953,0.40973904529547284,0.8410833048252899,-0.711119152913417,0.43704402041105583,0.18152568006167674,0.7042535115188886,-0.8388767410905963,0.5055232177495198,-0.3860997784037012,0.22592243661574557,0.23356622110270264,-0.20992326530474784,-0.3256949782377758,-0.3579626313616153,-0.4009677902073786,-0.6146209570320853,0.1093421728721924,0.6416931590655617,0.8142292217051268,0.30358833674881475,0.13116920776491536,-0.4570564218972525,0.35329200257639726,-0.5853279074992236,-0.45231411232374397,0.6593196585394439,-0.23247382916722872,0.43679012695112573,0.30159119911594434,0.5604084242316419,0.2829470587819612,0.0637930533679808,-0.0333787779014382,-0.41136067824615674,-0.08265020847206264,-0.39815057171819085,0.6706757428592004,-0.7586726444653339,0.2379614624787605,-0.579483048609156,-0.011919510605596985,-0.3554358690665702,0.3648010215898861,-0.6498572972381809,0.5820897628380309,-0.8350066274764015,0.7887312995399682,-0.9083006147365412,0.5977258971463373,-0.6972906123548194,-0.8977017855255033,-0.7898294375472301,0.40990581473884213,-0.7942855813571522,-0.8352493346319125,-0.9170553614392303,-0.9262126175246376,-0.9185668566748335
-0.39668218740083433,-0.5105136748540403,-0.3237953033217896,-0.3280872273627547,0.2592145114008561,0.18608245072336693,-0.10518429131358621,-0.17125802938074908,-0.12808222513804193,-0.2484218976022376,-0.15561545809193303,0.5327544867626067,0.19441615104458476,0.11827984040383317,0.002685687706539817,0.33302378454007786,0.8549134773396678,0.5995112585080609,0.25802191556375476,0.6823363471952039,0.9588196977957841,0.9728874559572229,-0.7316913475413257,-0.3865129886711265,0.9814046986418404,1.0000079530452213,-0.7244542179164859,0.1151357486923481,0.03323874419269615,0.0006912064587127014,-0.0035740493144886714,0.13599036708273965,0.18613696751421963,0.14299768370261623,0.466385448431061,-0.4103673551859232,0.7961084118909197,0.9243265361929363,-0.22067450161462077,-0.35929659681278575,-0.5365748428141487,-0.3015141489716038,-0.3381374333724397,-0.26905422841321525,-0.29593948729822,0.19418441113001414,0.08988970473298935,0.1583545709356855,0.16397526210473043,-0.16749518703725155,0.5563394444849709,-0.000389612710481202,0.33975730331898385,0.22265755858035302,-0.20101787548604405,0.7588092735179145,-0.3812549287983293,0.12468173947905056,0.46632756274708986,0.904062206962705,-0.7767902015249576,0.5058766376277465,0.2501390796324724,0.7567605780428864,-0.8919410264370723,0.5630027428386154,-0.3214935005828082,0.21626957348400397,0.2279997825656578,-0.1864936383694353,-0.28134311869688483,-0.2944577537404849,-0.3215477115015156,-0.522401159820261,0.07163338652391733,0.6754090607288854,0.8355343369092768,0.26873983342870034,0.24324978769346672,-0.39526619304501065,0.3987386657177543,-0.492815256292496,-0.5152398231834304,0.5957058241777328,-0.33377985255190656,0.3899156385099104,0.3937197704553311,0.5030361453008099,0.14172734243372942,0.04934820749917719,0.0921000297996959,-0.34687131866831133,0.04147212086330405,-0.3152139309600684,0.6907020732860298,-0.6721361151209077,0.3310939183386455,-0.4961953238343212,0.10717487006302893,-0.280400250796969,0.4527513715162873,-0.5727073267119666,0.6342989135287794,-0.7761169118121701,0.7922650088789034,-0.849375720963858,0.6080300963488812,-0.6100026872561314,-0.8510084865728388,-0.6998111415578332,0.46999323116964137,-0.8242008406398291,-0.8583569294003349,-0.909194266043202,-0.9008334865839945,-0.8830301941598944
0.42481467548614965,0.4011086178738086,0.3070031574665328,0.363893148406808,-0.16547540992763304,0.07597636716366728,-0.29586163528902837,-0.264027183697327,-0.3369855720865701,-0.1593900215287341,-0.08498005138101451,-0.6536275691922361,-0.2112411818453477,-0.4702221993039912,-0.5145232869419409,-0.668827105507493,-0.6997545940325224,-0.8033087699824271,-0.7282282384185899,-0.8810026604577451,-0.7029374972349943,-0.8119422646205744,0.9767406638713796,0.9113328122830777,-0.8159118802693888,-0.7244542179164859,1.0000079530452206,0.5431569570407041,-0.6173977914258885,-0.5732317545590858,0.6362864671546833,0.47791503048299616,0.15636194369610606,0.13548822153533158,-0.014718835322505326,0.2045731980118293,-0.7179107591250296,-0.790202329108055,-0.2941532975550702,0.4419062784479149,0.5924335048519863,0.3681172123468387,0.42048323492378986,0.3061411814290403,0.45680834638356965,-0.4157410456678112,-0.20810957261667998,-0.2954054492808384,-0.2840813927429061,-0.012601588917268248,-0.231939014825871,0.026785044919935778,-0.3673615670406198,-0.3544822103057126,0.06366690483963253,-0.31859707457075354,-0.019384544730674746,-0.36204657999945256,0.011770460018264334,-0.48820922094000996,0.28606927700355256,0.054931729488741574,0.3270725462012913,-0.23719089697574147,0.46336029786949395,0.007603558229616174,0.7217719162556989,-0.4599569764832268,-0.43436740866049567,0.5175324673776885,0.6045629570973285,0.5228797267058856,0.5078441837549258,0.7864644551877924,-0.32644334869725977,-0.29444727749027044,-0.4625609347698366,-0.47598101391394976,0.363047214952281,0.713625000765147,-0.012985300159836528,0.7115742387026474,-0.007407157494207078,-0.8152296163308861,-0.22680852315921485,-0.622862536976941,0.16287650160876346,-0.7332469272475333,-0.717473685181985,-0.4071577865551347,0.5889781667158991,0.775648941383972,0.6015989100060727,0.7572376883333184,-0.2435365531228572,0.914227727648151,0.3129519723969051,0.8780539277562224,0.568536685488368,0.7491463221699357,0.19533296476650894,0.8879093923900384,-0.06025390844153989,0.900953388736253,-0.3928752744036875,0.8416128469726445,-0.1905155307799837,0.8405798721975788,0.7393002371447872,0.9182748914996124,0.13687853989799914,0.3504548039103531,0.42965839381801324,0.6304844806519261,0.6911847362401965,0.7147458792764407
0.05454762704757684,-0.18827581770271584,-0.06856589096684124,0.06749865907921412,0.2653283761872932,0.5884346558298998,-0.5937516043510618,-0.6935735251734282,-0.7703453015515849,-0.7417553075137138,-0.40925203958656137,-0.21020618724289988,-0.15118969138719746,-0.3026638586617275,-0.7999644994444771,-0.37112640191119994,0.046435014598148305,-0.2767738303375552,-0.5841071689634882,-0.3335298643693992,0.1144282793609813,-0.018536567967884093,0.46697366680790453,0.8058577370945775,-0.01265999333782891,0.1151357486923481,0.5431569570407041,1.0000079530452206,-0.8676704473772381,-0.8448557461129614,0.9106417282564818,0.972277219960502,0.7121785079686536,0.6322490539290087,0.740878273341728,-0.30222157858594867,-0.005666219039448458,0.004025606215616031,-0.8755609033071775,0.3086101672638219,0.26881178769673625,0.2615505838786505,0.1829767712284007,0.21972571044928782,0.48067295769658497,-0.4608798711121798,-0.3010240812160706,-0.3613090849242537,-0.3753501984643815,-0.2960454539675152,0.29029288306001183,-0.07100090811296277,-0.23205001080346993,-0.41647896855905386,-0.16675055451310528,0.2951029952940879,-0.3780635959471883,-0.4094771892907853,0.49106004872859427,0.29206830663012207,-0.4235616352382615,0.6276092782818075,0.8036798420022399,0.5269426641293158,-0.3263590625303642,0.6895927527309023,0.7957551265487356,-0.5464340236161513,-0.5048302999014082,0.6509988702827559,0.7063078236681752,0.5888214255918867,0.5499864304820766,0.66827643744521,-0.3773167227121795,0.3599885539757121,0.32624239584752285,-0.5259392532051255,0.9641859443066713,0.722290730787176,0.698406847280018,0.6085497257991002,-0.7620169226142345,-0.5367158656250679,-0.9011997607640487,-0.5807006085713753,0.8839224078223278,-0.5952233407914423,-0.8461396295004575,-0.6296172898759054,0.9736220199061069,0.7864608229877729,0.9756534781219962,0.8307927890907797,0.5832577003942538,0.5807846463906408,0.9368328094420351,0.7702721346381868,0.980107236564511,0.8401809412666635,0.8874865597848327,0.6976423097980909,0.7367375234697624,0.42568333360175115,0.4422513623735243,0.20673876995482227,0.5941091123543047,0.5772716595743737,0.009433386854082633,0.5343972866825653,0.7833244362147898,-0.49400541698976724,-0.4245938184926406,-0.1979728431807966,-0.1075032467931255,-0.05914388053276733
-0.39548475878186945,-0.17133753652853503,-0.31518622534034346,-0.3971260874921898,0.07052269264220569,-0.4032194935110668,0.6489759752019304,0.7533223948988973,0.8729276947172809,0.6422565525530062,0.29219881110546403,0.21055369964664544,0.1897276538416624,0.40042187078540065,0.9731977594634804,0.4411862521953173,-0.029777122876458565,0.3097520925119538,0.7766566320384534,0.41461877425774324,-0.029967893161159522,0.1435087781935034,-0.5433249240840327,-0.8036225999718394,0.18850776441078718,0.03323874419269615,-0.6173977914258885,-0.8676704473772381,1.0000079530452206,0.9937330290727233,-0.9835672391689857,-0.8851228691696925,-0.5342844759860024,-0.45139453369766996,-0.4153127406637112,-0.00501075985787068,0.11281759183308311,0.17473648976526718,0.8103583308144766,-0.46284015874717754,-0.48745555693213966,-0.33763167528744525,-0.3967840449319413,-0.24584004665478565,-0.3955555734511326,0.3358339841117977,0.15593878944450337,0.18610128899291167,0.22764561218729495,0.15912226073672936,-0.16421530856889832,0.13409460860225514,0.23015748639529016,0.26142822819568123,0.14589833678030426,-0.1691560631010489,0.24124135546428574,0.2944328194486411,-0.31603938452268754,-0.15216865077194514,0.24766495298534313,-0.41154639180090347,-0.538171014133284,-0.2861641739671748,0.15730402071633187,-0.41504357804981407,-0.6132231637707278,0.3499981094436091,0.3205527044786882,-0.43647174977629805,-0.5070159561661501,-0.4494353444790984,-0.484814081760794,-0.6465749293775154,0.33645809230370705,-0.1750430071564982,-0.09708138143890285,0.3562847141448257,-0.8053990408089202,-0.5762640571562271,-0.4021418366617812,-0.6087850717432913,0.5239146067829182,0.5156986280739962,0.7571725182257442,0.44402847533275713,-0.6941522885841493,0.5052917769425549,0.9102335737331949,0.3536984200601513,-0.8217970960469664,-0.6051269206698229,-0.8239909213906286,-0.6640156469917918,-0.23855109832249366,-0.6194424042264478,-0.6871751023074117,-0.6765454249101334,-0.8088338141181327,-0.6563118266170715,-0.6176769420498748,-0.6196529936284287,-0.4287566099212311,-0.47767573215217657,-0.11098551527032567,-0.3873665245305411,-0.19965568483905155,-0.5885509551589541,-0.2614599506951708,-0.6235476676352426,-0.4888177530964263,0.2073310400417013,0.14900721089734315,-0.053468494101358045,-0.14662943744456292,-0.1986763815846111
-0.41866959519220054,-0.1956923343689134,-0.3572712353591559,-0.40925929629329455,0.12892944367459266,-0.3613776938640808,0.639413054843555,0.7732347433342538,0.873095658972294,0.6456985362306995,0.30355763897149474,0.15104787788634075,0.15150483448254518,0.3634129549757683,0.9718204098772862,0.3627745705781286,-0.07878968860338699,0.23882039866179675,0.7303214990676662,0.3540853264783206,-0.06940807998735349,0.1002596357807246,-0.4927760404951299,-0.7646021389895694,0.1536476148258681,0.0006912064587127014,-0.5732317545590858,-0.8448557461129614,0.9937330290727233,1.00000795304522,-0.9793184028716527,-0.8754558777921382,-0.502423962783201,-0.4069392664477443,-0.390951279851015,0.010543646033621356,0.0748048871788099,0.1406672942361993,0.806625466123126,-0.428732006238777,-0.4632219662600093,-0.293203836976681,-0.38593663532722716,-0.19847116175897087,-0.3433596718844636,0.28698171812573153,0.1288599319912584,0.1575926941895408,0.1875195684952908,0.16950466808782075,-0.16410217438790414,0.1125725673396683,0.1825797036102585,0.2181699965028925,0.1219779201662615,-0.17262926716496363,0.22020362099179203,0.2524173446037859,-0.290606607917395,-0.16607100783844767,0.242967002361496,-0.3835777160260596,-0.49675094746137116,-0.2761605371291124,0.1655082093557705,-0.3912199280750676,-0.5619639130639894,0.30386235875520196,0.2762049761499437,-0.386082965924977,-0.4570273148127828,-0.40382774091943774,-0.43546773413894024,-0.6045867220564368,0.34376358407190727,-0.1769077873854481,-0.10481219857705656,0.3150173780510404,-0.7877866350831987,-0.528134505115018,-0.37331646881372377,-0.5644748746968566,0.5157344493226912,0.4644472665128877,0.7484066325964238,0.39697056265482505,-0.6810260294048183,0.45585401681936955,0.8868473103109769,0.31439866083587664,-0.7940880683014485,-0.5564928665258413,-0.786402086534247,-0.6099029226063899,-0.23142430129354663,-0.5830871051958466,-0.6632359752428013,-0.6301113051345844,-0.7788952510968002,-0.60545793325415,-0.5942782835610514,-0.5764366616293315,-0.413652585264861,-0.45040439534231747,-0.10332762527705702,-0.37317087408233457,-0.178602943737448,-0.5565084745149168,-0.24690678855675427,-0.5806765551392503,-0.4708670286804657,0.2052310782329855,0.14689924584012296,-0.04843416704355458,-0.13872149874868142,-0.18880758308872705
0.3591906051731594,0.1491016942567714,0.2777918550399588,0.3457403080599291,-0.06623171003010916,0.3708558045723158,-0.6262416922836538,-0.7313386190279364,-0.823694721155605,-0.6391508067432939,-0.31600184587454283,-0.2371523964415585,-0.13556482920263724,-0.4248158924658246,-0.9268851582336531,-0.445294012189762,0.019501757486917033,-0.33222886383713324,-0.7557275117457705,-0.4234922953662971,0.04086568459859712,-0.12011624053165544,0.558886889953845,0.848853210292716,-0.1595680816939037,-0.0035740493144886714,0.6362864671546833,0.9106417282564818,-0.9835672391689857,-0.9793184028716527,1.0000079530452206,0.9115272710950431,0.5100035896542338,0.4114901497959407,0.44531079425737025,-0.06472012191448195,-0.12165220770858612,-0.15913484270314954,-0.8012300452942991,0.39493186509885814,0.42976856337531183,0.28725761292757324,0.3627603757641646,0.2015947230082638,0.3687830134794143,-0.34424716492256413,-0.16536272659231138,-0.20779313742009656,-0.21713108262335978,-0.18894342946381623,0.1916622733628826,-0.05855366575279433,-0.19102778219201286,-0.2539813750068788,-0.11006045882239018,0.2141410597360128,-0.28192469726439373,-0.30742951399483726,0.35857471580277755,0.1844504323409944,-0.29363867488521117,0.4637872094342923,0.5984159134886624,0.3379548180975797,-0.19627964825771685,0.47493782136658613,0.6463345027377345,-0.3694708687549744,-0.33294823001745694,0.46507718550390825,0.5284053824601936,0.44623967758251687,0.44952608505682323,0.6383716716316598,-0.3813979669631073,0.21293455633373934,0.13705249553165724,-0.37034029014263503,0.8269985705853238,0.5935160629706919,0.4090848983338375,0.5816907219986175,-0.5593504642671595,-0.5262892987162198,-0.7668578747924906,-0.45899915084426024,0.7071349660297379,-0.5147951438093531,-0.9230696800882853,-0.41637818310749464,0.8904519815044006,0.662496970737611,0.8717141735025458,0.6982772163763851,0.29609795633512176,0.631560546544903,0.7456579105847357,0.709975719051728,0.8730083445405475,0.7035861586526952,0.6869412487473495,0.6536405936077597,0.49672360205210897,0.49859653248811847,0.16537325338141504,0.38423358048074063,0.2630969220379305,0.6050547337418489,0.23723727762874275,0.6142635154162991,0.5694726652508499,-0.26475611153766276,-0.19601725629363068,0.024562432775750608,0.12094323224685435,0.1736762991187191
0.16886088374185834,-0.1112444113398213,0.03414853105813368,0.18580649761787177,0.23242245678883952,0.6521379247855736,-0.5795261939257288,-0.7236305321795331,-0.8511346024723001,-0.8345593179658982,-0.38945156281298715,-0.13828605109880807,-0.19940355843507573,-0.18171205721148848,-0.8563399076463979,-0.27908168894993696,0.11439978651662581,-0.1760607370144407,-0.5192160726068095,-0.25127844908924124,0.15518261803414587,0.023674298268049548,0.38978776743618904,0.7350546640277899,0.0051445529905492955,0.13599036708273965,0.47791503048299616,0.972277219960502,-0.8851228691696925,-0.8754558777921382,0.9115272710950431,1.000007953045221,0.7810597982255746,0.6857971209465178,0.7140454763708481,-0.22251635465286954,0.04393336874354557,0.024220843685394237,-0.9427458350959245,0.4205814798947759,0.37707588604013625,0.3360918493902551,0.2859843255761474,0.26608188686945566,0.49319104263325775,-0.36872717845710246,-0.22390871663015363,-0.2756507152309941,-0.33147833900308005,-0.26991835727686686,0.2477297294585186,-0.1548372651959613,-0.20868302907975506,-0.33482307116577625,-0.18400462090264116,0.27085581602984343,-0.30349786397565137,-0.2981408981443461,0.4107491673008598,0.28371150701390757,-0.38253090692484704,0.5390678034798109,0.6964862217397463,0.4621847791286487,-0.30908490297100555,0.5961067064609211,0.706928786432922,-0.4319741306742814,-0.39874539312160784,0.5311684922498557,0.6193688545777509,0.5728933914032959,0.5827841854566573,0.6799341416187131,-0.35602843025364816,0.30040473804774637,0.2803793567759947,-0.46519652804645883,0.9609824050672608,0.6603920434302182,0.6971379489697858,0.6434920761578745,-0.7294391432562364,-0.4846005813733774,-0.9254049977241408,-0.5196068222289554,0.8890109993383043,-0.5454148798029965,-0.8211425004512056,-0.4956790294875398,0.9136456626574398,0.6767292934372499,0.9320303958005471,0.7492960249412323,0.5194269862437744,0.5650148039849328,0.8729018791314898,0.704006043465839,0.91267277351245,0.7388107197052981,0.8357940026845065,0.6397010115960156,0.6766558384044343,0.3869449058926687,0.37981525034347235,0.21959191614680051,0.5290849749615167,0.579139749936565,0.041914871015510564,0.5223746912869239,0.6763704554026454,-0.4374267572041817,-0.3848829536693624,-0.17496599408623853,-0.08082703977813414,-0.028368709248433804
-0.0870854940099382,-0.4096001978360545,-0.3072165373357933,0.00375758406852992,0.6699480188731582,0.9686713686376903,-0.32572643250711414,-0.47729975774606587,-0.7395082540256577,-0.8577982823449285,-0.2283947033773385,0.026022920484513927,-0.4580605872992307,0.24350466121855513,-0.6030246388071492,-0.07617067973252609,0.18206650109983924,0.0341694727771055,-0.17033271336550737,-0.021869437189426386,0.20776109064599577,0.10427855630259636,0.10858362430101838,0.3565428753121012,0.11530892195226443,0.18613696751421963,0.15636194369610606,0.7121785079686536,-0.5342844759860024,-0.502423962783201,0.5100035896542338,0.7810597982255746,1.0000079530452202,0.9788173110908199,0.8186487569530053,-0.18580260115976313,0.2548283427233321,0.20254106902700933,-0.8801933906446874,0.5562823896175749,0.3651601265454454,0.5328787924666869,0.2142546211988256,0.503326262912178,0.6466544261041359,-0.3261901399565333,-0.21096792546897752,-0.23178472065503608,-0.433532510252118,-0.13480109089704648,0.21900100216119067,-0.48086546218479664,-0.375897181443722,-0.3922845934116259,-0.3741920134571073,0.19099450506315183,-0.20049164928316116,-0.22767683178548323,0.32025795976881866,0.27014250976528176,-0.3145828542699883,0.4207784280932143,0.5545704900169666,0.40717547342039706,-0.2909310519490834,0.4928319948588387,0.5614536639778994,-0.3791077837584936,-0.36999240577422493,0.44785292770550833,0.5532192643894351,0.6093528201378378,0.7230124422263725,0.5964074652357509,-0.03062041982370121,0.27580243106004404,0.3115193002437674,-0.43756178214752456,0.8250042846880942,0.5539262478973133,0.890977836853624,0.6418331567420463,-0.6989007177743443,-0.3175675367726417,-0.861632331897828,-0.4487193635258381,0.8575125088118919,-0.4502377954181507,-0.4340920509046098,-0.36118128843522573,0.5887181657901828,0.4512706357509237,0.7029429485333446,0.6026027213785751,0.5474010445672889,0.3240915608226819,0.6908998136299206,0.469651348521216,0.6132889357118763,0.5341391190997528,0.6753270223357477,0.4416261702465487,0.5828682715917456,0.13869439981985177,0.4328720708742638,-0.018571846455695325,0.6143950654196416,0.39641616746625424,-0.1595590503319337,0.30079462358901626,0.4736838496617335,-0.4220813828087722,-0.4211714057901099,-0.3070867224558493,-0.24762796699552567,-0.2139042345332252
-0.17032646196328574,-0.47253269069951626,-0.3971027975247234,-0.07465055976248065,0.7285685007335859,0.9616614057105721,-0.24844367049187702,-0.36505304303495767,-0.6530954948243402,-0.7429579546122028,-0.16749655633291816,0.018720700488828387,-0.5209574659024486,0.2533126073406462,-0.5278146901954862,-0.11747549687621898,0.14112402261660978,0.0004144378841462588,-0.17464536720626217,-0.04547263854692443,0.16424993749503822,0.05861990363585807,0.10840355117420676,0.30103360840092325,0.08334124948146045,0.14299768370261623,0.13548822153533158,0.6322490539290087,-0.45139453369766996,-0.4069392664477443,0.4114901497959407,0.6857971209465178,0.9788173110908199,1.0000079530452217,0.8028397832207393,-0.15287490665429043,0.23925330843889664,0.18382233523772015,-0.7865126256640966,0.5471049287293783,0.34303573490782246,0.5356198670222031,0.1528483017406803,0.523966181921403,0.6794525021645873,-0.3198343962595111,-0.22674915292878633,-0.25272640913893163,-0.4732065712713144,-0.10121572126327429,0.17997840759529277,-0.5452063390592045,-0.42387390679799253,-0.43924948537344755,-0.4059322405836451,0.14777153443874108,-0.18155073601455682,-0.25324528573567456,0.3056730463051561,0.2298243883489277,-0.27794086793909284,0.4007440938301487,0.5334306205937198,0.37728981071336565,-0.25182583126545244,0.4638373684056528,0.5552146858757492,-0.4071739687006063,-0.4051452609788836,0.46786678544329663,0.568034927139053,0.6325737281909597,0.7562448123933507,0.584043394722501,0.032234370822425036,0.23903304199970649,0.28494293163959744,-0.45453285849166397,0.7589538276495571,0.554701150474463,0.8894187502258247,0.642204884806114,-0.6271210503414881,-0.30493682355375257,-0.7784460029209409,-0.45386562493166915,0.7964476599449957,-0.44903644633866285,-0.3543611186093788,-0.3462851526009723,0.5028425162102198,0.4211112193816449,0.6387307380977817,0.5885412471528835,0.5185678162131704,0.29201002238471696,0.6305294276630371,0.4421787925239243,0.5376654491032423,0.5124757099441972,0.6058958032277183,0.4083862399590372,0.5269586462747633,0.10350330975065303,0.4148243436052741,-0.053224820171273626,0.5935486476815587,0.3548954403541557,-0.17240723023937757,0.2874044266834039,0.4180491974860325,-0.38638359385030946,-0.39553262229804836,-0.30400570502605606,-0.2537070729029807,-0.22446239223405365
-0.5068546056387843,-0.7591545206382414,-0.6092687183076088,-0.4485734038677405,0.6883753159245284,0.7570513333168684,-0.3515652264442088,-0.472368977142919,-0.5228430803812716,-0.6795283375857769,-0.39803799984764804,0.17515370020470694,-0.15875184675292184,0.09934769133650947,-0.40873234562160415,0.03398066830454874,0.3645105401959878,0.1643696959997321,-0.07552902626007342,0.1566697996355843,0.44691610745841576,0.3647936879285505,-0.06259217901815582,0.2819483123417136,0.4208498232368571,0.466385448431061,-0.014718835322505326,0.740878273341728,-0.4153127406637112,-0.390951279851015,0.44531079425737025,0.7140454763708481,0.8186487569530053,0.8028397832207393,1.0000079530452204,-0.608592167871013,0.447517368845099,0.4943905782567983,-0.7464119489028876,0.025337788354495447,-0.1685615470688256,0.07749838812923182,-0.27103220773469017,0.14361764093805077,0.43670470840572106,-0.40877108766475995,-0.3935700643263472,-0.43659563497568943,-0.49199412429744477,-0.3375064853047443,0.44800781408470974,-0.2043689793913357,-0.20751382103880261,-0.5222105454601628,-0.2828567504784992,0.40175855768537844,-0.37247739380426015,-0.3584082930619655,0.525018488886003,0.5259632144783394,-0.5598908815508398,0.6642836867923178,0.7787114038542814,0.7182964147426555,-0.5526384605829725,0.8060251775846428,0.6165202645241945,-0.5716082074301531,-0.550095746464124,0.6289365456226621,0.6436443180566739,0.5276923357174125,0.46968914236338255,0.3490505305176773,-0.10374153351952885,0.5886816343997096,0.6604420875135486,-0.5033234230839493,0.8632537469311369,0.5468663475614848,0.9806497569617308,0.33485528505080675,-0.8931788837502278,-0.1757212210419881,-0.860843942011257,-0.4453538434359155,0.927894899868216,-0.3647551214311735,-0.34905199158061595,-0.6390623582618451,0.660891875636497,0.5257164525797277,0.7040537202413822,0.6062036160625258,0.9094183620958186,0.09406551912694608,0.8866565707773287,0.4074196655136163,0.7132309688176085,0.6067836806245792,0.8623259779327237,0.3330546840487063,0.8739842136501573,-0.03485014461668663,0.8073643299526548,-0.33034849805718736,0.9271231670248312,0.14559557401171463,-0.5337066997864746,0.03205341821841678,0.8250347913348788,-0.775793282296972,-0.7435624761464616,-0.6301410103351259,-0.5931437606450951,-0.5756270174855611
0.6517535884534024,0.6845430613253223,0.607703630536068,0.7496768239884986,-0.316731218869587,-0.10348272996180995,0.3466784032070868,0.4003135271485508,-0.06882536490820168,0.17485529254623614,0.7048997855081001,-0.4002420921189852,-0.5113146535754066,0.07576050242224656,-0.10168799707633445,-0.3794193840545506,-0.3547785452677343,-0.3477112530632356,-0.2744036592232913,-0.35744241926105347,-0.4207521593247089,-0.39299889177534064,0.26380065964465055,0.039198696806502155,-0.43559528109333273,-0.4103673551859232,0.2045731980118293,-0.30222157858594867,-0.00501075985787068,0.010543646033621356,-0.06472012191448195,-0.22251635465286954,-0.18580260115976313,-0.15287490665429043,-0.608592167871013,1.0000079530452222,-0.4342082632889947,-0.5166635152218724,0.20857697030272482,0.5321862637331864,0.620319104309644,0.3969038589059728,0.6647684619389418,0.20446262026673118,-0.04708966500453753,0.4037685197715805,0.4961921129572421,0.41248350115661964,0.299769281264274,0.6467273598625365,-0.4934338152242719,-0.4012330160600786,-0.1974998846355767,0.32471792482362716,-0.09865908323081332,-0.2947806921438921,0.19986896929540413,0.1596349290265094,-0.24626114274124591,-0.4017305137784766,0.30947582027694337,-0.2938698883532874,-0.3535304875595565,-0.4456478323230385,0.3605948532925239,-0.4976657060560451,-0.2954110652166361,0.39602681153184965,0.3549307338902755,-0.34995693230228575,-0.32684143717236175,-0.18664043272599698,-0.016258196021266026,0.03605639897837482,0.25096060408252574,-0.5994393844849011,-0.5876940495833958,0.2979650157765605,-0.40600981008678655,-0.24491273525548415,-0.5229385739855131,0.11755964623416987,0.6432407925295435,-0.05579967257730075,0.3986479679086916,0.21839441175845234,-0.48750512614720815,0.10442106633879922,0.009992988493558178,0.5882264772397815,-0.256709386845368,-0.26811904572612566,-0.18435363816742514,-0.21092696994518761,-0.732847914398666,0.13209444742335005,-0.5337509567875659,-0.13188566728932857,-0.3208662402588546,-0.2812590087807616,-0.42131489023809676,-0.08279385862000363,-0.5312410991030235,0.038762792352779546,-0.5844309295064086,0.3022314047010212,-0.6777673987965807,0.0580784430353836,0.5432964080159817,0.2617842362082495,-0.654025259578166,0.5533598903307594,0.46897724314998995,0.4275276364993478,0.46209055944535526,0.5005541286617697
-0.4892353362362899,-0.6013328419384135,-0.4147539751497302,-0.41870732096231017,0.3469001174049346,0.26861530055632526,0.08871893100472882,-0.1444238387562387,-0.11429363350848488,-0.24154884234180715,-0.00161377643900237,0.8532758885730787,-0.048388321244753424,0.39368004824346103,0.03221590247979255,0.4851917915836477,0.8102644574703288,0.6802436120105555,0.3522150607599477,0.6979320291137587,0.8712585375730897,0.7747883978560505,-0.6862620967194816,-0.46074225015784886,0.7999387021112904,0.7961084118909197,-0.7179107591250296,-0.005666219039448458,0.11281759183308311,0.0748048871788099,-0.12165220770858612,0.04393336874354557,0.2548283427233321,0.23925330843889664,0.447517368845099,-0.4342082632889947,1.0000079530452206,0.9303385014598788,-0.21595504496145956,-0.2580530555880244,-0.49487595131102197,-0.18442874455383065,-0.404538596008158,-0.10754266320674816,-0.1988381078970119,0.2603602297191199,0.1670561257928636,0.1750009028627201,0.07807487833421213,0.06133759041187352,0.677030081197647,-0.3229622417282282,0.006231383656881476,0.0726827875828251,-0.4149998306532115,0.5634224424736566,-0.24602345246491839,0.09696867638484119,0.3212014875596959,0.7617936421628695,-0.5919946092080388,0.3294953922177191,0.14385552516220468,0.5701474850913775,-0.7175421263896817,0.4092634042826932,-0.29212515239413084,0.15394032518192857,0.130075926782749,-0.12443698544563876,-0.19646175795763157,-0.2584674371618453,-0.2112195519428245,-0.4665753027702252,0.424279984914392,0.6967934357003198,0.7715434104929584,0.2553511150966942,0.1811014255009682,-0.36073211124026533,0.4485936365305232,-0.4194103807269824,-0.5050381303503902,0.6697278200977537,-0.3137250147461019,0.38846297808158503,0.3734049869819813,0.48957176542584013,0.3101845992296065,0.06549739973215984,-0.09075257763416893,-0.3223637737559131,-0.0849511124042363,-0.2559523956901117,0.598774511504527,-0.6822207783732032,0.20002834009460255,-0.5048657942395537,-0.054502607930439324,-0.2796002719281558,0.23636021337096463,-0.4596721261411604,0.4025736058531246,-0.6476274351743434,0.609270277297281,-0.7383892993192023,0.4830977921325467,-0.5769241556501609,-0.8135953978093634,-0.6908065470438026,0.29762348061480115,-0.6341212478294797,-0.6514253182869909,-0.7286771685146999,-0.7623301575652714,-0.7854654200466298
-0.5542764089445443,-0.6735962507552147,-0.47446826116302926,-0.49725097983430105,0.3592668168737542,0.21881755441716222,0.041707865937097785,-0.10302167885655517,-0.03747971699610451,-0.20651082070211965,-0.0779901238124337,0.7116461004766582,0.10406253839207627,0.29660608418149675,0.12087754953368003,0.4701228247311064,0.8174660336259082,0.6723978335102517,0.40393201247091004,0.7348402273677517,0.9227013212881151,0.8962026050515871,-0.7646871625249029,-0.49585767946058734,0.9408899454669306,0.9243265361929363,-0.790202329108055,0.004025606215616031,0.17473648976526718,0.1406672942361993,-0.15913484270314954,0.024220843685394237,0.20254106902700933,0.18382233523772015,0.4943905782567983,-0.5166635152218724,0.9303385014598788,1.0000079530452204,-0.1666926846504239,-0.41264551953402123,-0.646679222391751,-0.3242034171648228,-0.49742406376232934,-0.24526177071588037,-0.3096422609574102,0.19215880314481296,0.1031518249851986,0.14684204213971733,0.12907498632750397,-0.050880177887950497,0.6615559878463948,-0.13173411931239723,0.13212759611470593,0.09821615896769739,-0.3585696288871117,0.6821851953501444,-0.382042790202756,0.027574229094320467,0.45288939292593383,0.8615147656479039,-0.6923634407058591,0.4573012927893697,0.2241381805334594,0.7142530977341004,-0.8142119283305007,0.5383280408954798,-0.3135167075788516,0.13465259904011587,0.13078536168544244,-0.10617193737346305,-0.22573806208333028,-0.33165396060259666,-0.331670334965085,-0.5773292312187436,0.3154384529308393,0.7687867272711254,0.8849055567221076,0.2802540084336546,0.18032634041265394,-0.4047400581694134,0.45777970618712943,-0.5465364667367202,-0.5408081796574917,0.7030927764042708,-0.29785708099162467,0.4193086950074585,0.3758329202445434,0.5385146362484095,0.3259370507318261,-0.0018789710429498445,-0.05067725464397534,-0.338062393682077,-0.06755240275189768,-0.29887055269440216,0.7157443102180442,-0.771010209447095,0.2656274678253806,-0.5500504787916299,-0.011489154179162037,-0.28679491366998855,0.3337003224922833,-0.5511116581259164,0.5399509998225085,-0.7666422295071219,0.7660988618316596,-0.8819645722800222,0.602245594834603,-0.6857175655298138,-0.9421453424039513,-0.7945068276176029,0.42594657851597956,-0.7854334204019016,-0.8054738449360286,-0.8835840656847737,-0.9127641046622514,-0.9286823128397633
-0.13064348929154013,0.1969953744117155,0.021058224918264028,-0.18941059780559583,-0.36491360329422756,-0.7974993395739877,0.5581912930444205,0.7551493249494579,0.9278772827224062,0.9497554697362767,0.33803594407480086,-0.007224539837674191,0.28119267859238545,-0.034744669847270586,0.8457939018027141,0.09974276334037321,-0.23948115607422985,-0.01994722658217795,0.35708339070682504,0.07285999961688841,-0.25971366288408626,-0.1295767262710927,-0.21116730263303765,-0.5517874774126698,-0.11014764510938524,-0.22067450161462077,-0.2941532975550702,-0.8755609033071775,0.8103583308144766,0.806625466123126,-0.8012300452942991,-0.9427458350959245,-0.8801933906446874,-0.7865126256640966,-0.7464119489028876,0.20857697030272482,-0.21595504496145956,-0.1666926846504239,1.000007953045223,-0.4935651531156984,-0.37375008521911635,-0.4277665585426849,-0.2971289564754206,-0.36569237014686734,-0.5001117878338639,0.35638594147217395,0.19152485328699564,0.20488891926027908,0.324299173791848,0.18805315249518934,-0.29630556242684497,0.2908977708351107,0.28061325641967183,0.3197569736041364,0.28398357045184824,-0.2664596220633418,0.26634404376528903,0.25119167368350487,-0.37285471631619466,-0.33078000849679384,0.3766457722142346,-0.4819950080299696,-0.6071698350656561,-0.4577073112004339,0.3407227313845936,-0.5533007818147359,-0.5884260226293586,0.3629851902685228,0.33890455916082823,-0.4475512609272211,-0.5317880682122639,-0.5096419760790213,-0.5774558430066674,-0.5919429762002665,0.18404060353969473,-0.3513625351266005,-0.34010213129896605,0.3858229157700838,-0.9284269208887567,-0.5526089099852287,-0.7688842031550984,-0.5926143717456798,0.7891442427894855,0.36432232569869,0.9691638242205348,0.42791894609754877,-0.9233044499340085,0.44753467067865643,0.6878355587806338,0.40116494613835874,-0.7779657616999819,-0.538831073840133,-0.8264393073846836,-0.6390795415550922,-0.5404750128263129,-0.4127517235004178,-0.7968771368336633,-0.549529987653928,-0.7833990258568931,-0.6041347317186897,-0.7693079581229827,-0.5187075899652347,-0.6447708198012658,-0.2546611765512744,-0.40749258532048016,-0.09994828709361675,-0.5464649586959999,-0.46226040356717124,0.0737492736251309,-0.3750614993452054,-0.592913897338365,0.4537522772658602,0.41877174969834385,0.2510525541660658,0.17310133154238538,0.13076242747610817
0.5730140863881553,0.3871522570078662,0.26266966106640527,0.6258308456718326,0.24218259087235924,0.5930210305739406,-0.17240836227980663,-0.22092596412584337,-0.5781178082399571,-0.4963676910316468,0.13516997933761574,-0.2972646683986616,-0.5538834681619315,0.08313513606876624,-0.5467827515370536,-0.3508126258512897,-0.2320486573975615,-0.3110106231584235,-0.3876960054929903,-0.39703233285808287,-0.2869591804239736,-0.38584265013296676,0.4271240432193827,0.3999631008374399,-0.4491339742723329,-0.35929659681278575,0.4419062784479149,0.3086101672638219,-0.46284015874717754,-0.428732006238777,0.39493186509885814,0.4205814798947759,0.5562823896175749,0.5471049287293783,0.025337788354495447,0.5321862637331864,-0.2580530555880244,-0.41264551953402123,-0.4935651531156984,1.0000079530452202,0.9358909339529453,0.9444918785084593,0.8361504009666718,0.8125477067364718,0.6057698440435432,-0.06398810922296894,0.20356328578513003,0.23920768028739497,-0.0486140778327901,0.2282178075533002,-0.18465377023748236,-0.49515744912169063,-0.39054387490889786,0.09473860051186615,-0.24767065393939727,-0.17384270968249024,0.09767482582597453,0.056255182652002286,-0.09961693090881146,-0.24167285730491253,0.18918211543712174,-0.11290519292635638,-0.03094843844831116,-0.2528709757656779,0.248887445470133,-0.20670217193336002,0.1922851191978516,0.1405373037033893,0.14408866340690676,-0.06851819232714988,0.09351963311017851,0.37698747795575993,0.6675143119956352,0.6265366550268243,0.02169949150617607,-0.3007611855460538,-0.3842410716545881,-0.06730832242254255,0.283774310128225,0.25052612695765847,0.15894172110190943,0.713426086768157,-0.018999602015685232,-0.41821237788775134,-0.33024080328295835,-0.2033811904364779,0.22549853156223026,-0.33402520497887306,-0.4221267395328473,0.22105437573783468,0.2434122393634715,0.17137192405916157,0.35665088698923936,0.30696398393590296,-0.3156779649452198,0.5482778053278046,0.047504933426162375,0.36188183525169154,0.2035543817256895,0.18895346567790747,0.050264521183922675,0.4151661668618796,-0.16145904580961268,0.39338846253645243,-0.3815475842414288,0.5182332768714627,-0.20545262091552896,0.6108561955175937,0.5482756316323264,0.5772594396010361,-0.24443244820768453,0.3353100887179484,0.31142982140497816,0.38947084371588697,0.45645345626224476,0.5001086702898248
0.7373924737975873,0.6219320251714746,0.4852966567919236,0.7485188858382102,-0.039572264122032866,0.3596579547761227,-0.18461412921715908,-0.20142521770136498,-0.49394872315850985,-0.35761237932805984,0.08931050296094556,-0.41844631567336266,-0.42820188889772537,-0.04602437151022795,-0.538473819386665,-0.39735842414316913,-0.3730524405387205,-0.41389172346715697,-0.4526816569446325,-0.5129359046463,-0.46549443018352354,-0.5377870891798358,0.5537811437018885,0.47972744946626406,-0.6293107832742586,-0.5365748428141487,0.5924335048519863,0.26881178769673625,-0.48745555693213966,-0.4632219662600093,0.42976856337531183,0.37707588604013625,0.3651601265454454,0.34303573490782246,-0.1685615470688256,0.620319104309644,-0.49487595131102197,-0.646679222391751,-0.37375008521911635,0.9358909339529453,1.000007953045222,0.820968663113331,0.880547835443421,0.6649651118323745,0.5587612874144745,-0.013468614169747654,0.17297073366388144,0.1704331353026255,-0.05036530719001962,0.1435544178188619,-0.3937940015274399,-0.3286063143319758,-0.2251016753826377,0.1321034024459053,-0.01447223700827651,-0.32949999762016485,0.2495222648252387,0.15902608304704757,-0.27117585322539256,-0.4431081353491759,0.36427087333037234,-0.2702462706518807,-0.1436002084044827,-0.4489787559161621,0.4373069801594813,-0.376186226652139,0.2051413367835387,0.15703463941099483,0.15777800459946822,-0.11102362608068886,0.08790370907706152,0.40870653241043103,0.6273870074895326,0.695112141401901,-0.1836228016621244,-0.5337500740498942,-0.6179370236504078,-0.1275863668899493,0.18801093105987846,0.300506429347309,-0.05940385714136766,0.7555268315655674,0.18980694728185377,-0.5428430783770319,-0.18013944789278044,-0.2724387725652791,0.06153258280781306,-0.41419707682756723,-0.491663643977928,0.25845682870295317,0.22666895898816958,0.1866763027258436,0.30613510270177186,0.2890923006252301,-0.5127420442812645,0.7040129056919544,-0.05202258733336617,0.4476177404250327,0.17297775684720715,0.19224075680889818,-0.06043356570578322,0.46852856941710347,-0.30363580902788756,0.5421260845816014,-0.572657083662207,0.715962004252434,-0.39449389914517,0.7229469317054218,0.7797307231044542,0.7306941158171368,-0.35704457769539016,0.5317787573250651,0.512538277314593,0.6016834967666143,0.6756186271892659,0.7258672556467188
0.37608294697259614,0.22607033616483932,0.0179694782820408,0.424882672374138,0.4372153782329205,0.6158588999675504,-0.16095559996582318,-0.1730005586470894,-0.4714722002327434,-0.45137503543669816,0.10424849046421682,-0.26894520106701364,-0.4998250083735037,0.09178775383376989,-0.4027321302870162,-0.3084988164089625,-0.1951265353146155,-0.266106171670564,-0.2972592255204033,-0.334667018884575,-0.23404350491865084,-0.3246148862674178,0.36104348345578313,0.3384852941595623,-0.37451271220611815,-0.3015141489716038,0.3681172123468387,0.2615505838786505,-0.33763167528744525,-0.293203836976681,0.28725761292757324,0.3360918493902551,0.5328787924666869,0.5356198670222031,0.07749838812923182,0.3969038589059728,-0.18442874455383065,-0.3242034171648228,-0.4277665585426849,0.9444918785084593,0.820968663113331,1.0000079530452215,0.7373225806100766,0.9408720525655636,0.6694761184624202,-0.1687571025671235,0.14115079773340772,0.22542658447214145,-0.09051337036561266,0.20280435834848495,-0.08378015479997779,-0.4428539571107556,-0.4113171279602431,0.09030831483606391,-0.24758755166364743,-0.13330489436389528,0.0705497768712343,0.04609275952819812,-0.0735091077671642,-0.1897280272734434,0.15645573684721875,-0.09348648908226036,-0.013804439346796475,-0.2053089896722398,0.20562538006234907,-0.1630853078044432,0.1790948826145711,0.13035030759282937,0.14740806099804063,-0.06681983799629312,0.07991627446171158,0.38222872990900864,0.6723533983392581,0.5631336875226706,0.08062449032043635,-0.19701500542763356,-0.3006512638771514,-0.07002551176726939,0.24578298551110894,0.22198873638304412,0.2069395970545204,0.6528157878967071,-0.10606327758545299,-0.40615247081985895,-0.31904066707924666,-0.2061592218670414,0.22939047475877855,-0.3183171083908602,-0.3355169856190484,0.15939486173362477,0.21953340940789434,0.18380817390024684,0.31987648691856413,0.29866245021175497,-0.22809525874406664,0.4734013139380076,0.05840010953364812,0.3227315251601436,0.1839473908787764,0.18196980485360892,0.06624510837801753,0.3962723588975557,-0.11702193704413563,0.36163759565623854,-0.29919928410243474,0.4421375925634406,-0.09251247719341045,0.5791814119388261,0.44404724441999477,0.4692856543142148,-0.189257708971507,0.26878653484149145,0.25576948684512063,0.3239510169700427,0.3763981345327829,0.40845900937327473
0.8219472265169914,0.7244298947139293,0.5913209719061412,0.8874459045872364,-0.09629755078023061,0.25061268108286067,-0.21489801430083919,-0.21441158124405263,-0.4431328193149294,-0.35556861467585843,0.14429562244322444,-0.3974709411513237,-0.2523199579913866,-0.07805493628961523,-0.4382295361622747,-0.3063696008817953,-0.26425156027403146,-0.3063331958871726,-0.34011245402488044,-0.37137002269907476,-0.3174830768621618,-0.3320592364204625,0.3834825633544094,0.3636304671775851,-0.4149400232407876,-0.3381374333724397,0.42048323492378986,0.1829767712284007,-0.3967840449319413,-0.38593663532722716,0.3627603757641646,0.2859843255761474,0.2142546211988256,0.1528483017406803,-0.27103220773469017,0.6647684619389418,-0.404538596008158,-0.49742406376232934,-0.2971289564754206,0.8361504009666718,0.880547835443421,0.7373225806100766,1.0000079530452208,0.49561492396773343,0.21990650618122792,0.13735742115908323,0.4306979506021032,0.4466157046845976,0.3110947425763623,0.23636632424479914,-0.27291803978706686,-0.15455288110408513,-0.1002653645326701,0.42332868297574666,-0.024919824479769922,-0.16164368308950064,0.09726469226835444,0.16529695342185066,-0.14586267323352967,-0.2792618164425898,0.19943205449144832,-0.17612090582974727,-0.15266851434650994,-0.3165569153218651,0.2604743212777363,-0.311224099378512,-0.028295193282036713,0.39013664010967436,0.39864997516205314,-0.2859059424033365,-0.17216482669023012,0.06113052358956893,0.2784421965813889,0.4016620040813778,-0.17081309926493166,-0.40563859907246413,-0.4809611024778115,0.18208443993197654,0.07132957898576803,0.005068952716588205,-0.20814948448873544,0.4478916949876224,0.17803158499605207,-0.30981571410677244,-0.1155447115375809,0.023986705725036882,-0.027836944928488806,-0.12473336342762208,-0.4253041008059135,0.38410318447977976,0.19406842248932,0.04244487703058192,0.22590815988275975,0.08819471222249357,-0.4815884517176591,0.48678641511573423,-0.10307860879082505,0.22555471047788078,0.12311498059884267,0.018952237896873343,-0.036483674244610693,0.2642586758870278,-0.22675687368956876,0.3263021381986144,-0.4624668974972173,0.5319372603614722,-0.37022515058195155,0.5040816187528078,0.64122190610945,0.507765641633677,-0.3179941981710357,0.3968355657393372,0.36864476154818593,0.44208183519814503,0.5182615155943903,0.5770089522276738
0.1440663083369213,0.03171757689079625,-0.19923310324327392,0.15395124922652442,0.5283869190831544,0.5905459029067596,-0.13634888821694488,-0.1350418788878611,-0.3666320648587862,-0.37288811613467987,0.022931131327538483,-0.18603764317236604,-0.4509869210966803,0.10394743944733224,-0.2974593532383563,-0.25125149306572364,-0.14945854597418598,-0.21145650142437405,-0.22904128031542398,-0.2738640971034249,-0.1869017651376044,-0.28752847769523426,0.3043081384117043,0.2740112824169451,-0.3290584759585961,-0.26905422841321525,0.3061411814290403,0.21972571044928782,-0.24584004665478565,-0.19847116175897087,0.2015947230082638,0.26608188686945566,0.503326262912178,0.523966181921403,0.14361764093805077,0.20446262026673118,-0.10754266320674816,-0.24526177071588037,-0.36569237014686734,0.8125477067364718,0.6649651118323745,0.9408720525655636,0.49561492396773343,1.0000079530452224,0.7737659508453557,-0.2895886621079771,-0.0421358872852775,0.08548235674369568,-0.2629851267658347,0.09845470326831773,-0.021228102997528305,-0.4164368605247161,-0.40757586167477466,-0.026302965376947176,-0.21935448611581498,-0.12882346719622584,0.09910859961492514,0.05052193532025973,-0.09480421477099192,-0.1632707605378159,0.1632005621312952,-0.11129130296715828,-0.01929356126066852,-0.18982641349457952,0.195715113679341,-0.14041763880772218,0.20908537804454105,0.035260413772979025,0.06017155269068831,-0.019074485289007383,0.1317305421714259,0.4648970416879352,0.7266408408694826,0.5401408675208665,0.1155865222456012,-0.12192365136303852,-0.23322091855307864,-0.17129612966532784,0.23336495352504816,0.2644254756996451,0.2748802712562538,0.6308262119911529,-0.16662315122129984,-0.4148272029655098,-0.30580416270566935,-0.28169285079036294,0.24765864063005286,-0.3596982349856158,-0.25045489364056095,0.05960320828223956,0.17225514722950677,0.1931449409464131,0.2672375929387995,0.30350009406081846,-0.14242883538308362,0.41752002971012975,0.07219197273967744,0.3111728605741438,0.15146533739246298,0.19169717522380716,0.049296738647687986,0.38236305581275204,-0.10630334988023121,0.35817624756435795,-0.2446421286910896,0.3881726303332607,-0.016379398635038712,0.5501167859738415,0.34739577999533694,0.39143028962890997,-0.14408594182600148,0.23181612709177132,0.2329867312118717,0.28670723325936015,0.3193111698616691,0.3335912482332454
-0.059310677007500354,-0.17390600368481188,-0.3253401731943668,-0.07664431972850218,0.5249419347048604,0.6336120055238137,-0.2582607106350964,-0.2602728335758175,-0.41835452709655996,-0.4239253769006155,-0.262575182936456,-0.2158199516461789,-0.3748154162213296,0.029560149250824647,-0.4046170676511177,-0.25332105040575126,-0.15327797021283537,-0.22940745507269794,-0.2958195925860421,-0.3098849253955443,-0.22100212388482354,-0.3199656880590768,0.39920200894598545,0.4447297671118099,-0.36463814394295035,-0.29593948729822,0.45680834638356965,0.48067295769658497,-0.3955555734511326,-0.3433596718844636,0.3687830134794143,0.49319104263325775,0.6466544261041359,0.6794525021645873,0.43670470840572106,-0.04708966500453753,-0.1988381078970119,-0.3096422609574102,-0.5001117878338639,0.6057698440435432,0.5587612874144745,0.6694761184624202,0.21990650618122792,0.7737659508453557,1.0000079530452217,-0.44226121854163297,-0.4404316007476854,-0.4404153972656891,-0.7269454276216694,-0.26556456430446196,-0.16552542438498324,-0.324690235835763,-0.23345515711081685,-0.4035459237946021,0.03334784713926866,-0.21419148706950972,0.22984876208279173,0.06282519319666428,-0.15018457004833388,-0.22760663154137842,0.18089543013102474,-0.04124405979217709,0.2155474025893696,-0.13163889071966867,0.22105427356436427,0.015579013284166176,0.6007475730698748,-0.36124532487873484,-0.3458893281967834,0.3259290536979826,0.5640416398797965,0.9128917059126169,0.9684635199255378,0.8336445722118384,-0.23590814741755736,-0.21402498827510566,-0.24556812533739317,-0.6863032442552598,0.5144507390906751,0.7081577619781322,0.5280255749403978,0.8861351757763336,-0.28226150269349026,-0.7115855286280328,-0.47705780522156993,-0.726655289417093,0.4719243763430591,-0.7384504030733673,-0.4307869856175023,-0.2749266937004049,0.4055348868340267,0.4784309682647227,0.4886969161880787,0.6018658130879566,0.0830015701845564,0.6591314085966461,0.3670891116128881,0.6468508938342066,0.41041844858114157,0.5204229285707646,0.29917039493945397,0.6003506807410751,0.13507284332332023,0.5154377168574293,-0.05706734354762435,0.43384461894986737,0.23896584323495756,0.7352827327735515,0.34467400234218415,0.6056899847035478,0.10188519121239659,0.11634376968702727,0.1297393912373731,0.23075636445691206,0.27832892237855217,0.3038083722298396
0.24786955981950498,0.3033621980655038,0.3269819489868119,0.24472856588079905,-0.3616128363168925,-0.32942435872345954,0.5630389727675656,0.3941578309446505,0.28534596165513976,0.3074558270172927,0.4550068651865212,0.4255788437600009,-0.13642661741716794,0.29745925485012875,0.27069665553602396,0.23489637770666819,0.1888439776681562,0.23455641366136015,0.2688478061871907,0.2634266936524856,0.21333107659911643,0.2220478327698333,-0.34458849751642684,-0.4360480314262734,0.21474894111138154,0.19418441113001414,-0.4157410456678112,-0.4608798711121798,0.3358339841117977,0.28698171812573153,-0.34424716492256413,-0.36872717845710246,-0.3261901399565333,-0.3198343962595111,-0.40877108766475995,0.4037685197715805,0.2603602297191199,0.19215880314481296,0.35638594147217395,-0.06398810922296894,-0.013468614169747654,-0.1687571025671235,0.13735742115908323,-0.2895886621079771,-0.44226121854163297,1.0000079530452213,0.8108896268515965,0.6353144368837602,0.5766916752155392,0.36281758900304106,-0.027982494823429068,-0.26347075923123664,0.23175200500200147,0.6726143900335704,-0.17386246909286718,0.17085620268479498,0.013250289822723438,0.41461723327957817,-0.05151118931183604,0.1498380917759863,-0.06696899176431668,-0.1208497768740904,-0.3531183357735695,-0.07979514342794025,-0.11669948173178615,-0.27441971527318854,-0.6644737940584141,0.7196731605918129,0.6641124077152206,-0.6251257270068358,-0.6487283732485889,-0.48634796593217017,-0.4036631683270489,-0.4767030096759738,0.2139854771727036,-0.12908010745849738,-0.038088324296947675,0.6093730758644431,-0.4492546018278317,-0.6664999434974291,-0.4016752035371346,-0.42000940287065275,0.48065352217237384,0.6584800671552358,0.4312946966571665,0.6799503548868033,-0.43328686531454,0.6716077853594563,0.4192585472093514,0.7278005302186646,-0.4534593794707312,-0.6282477683564224,-0.4591551654879285,-0.589547750276454,-0.30240515962926734,-0.4403304413974198,-0.47565943763760976,-0.6059660869896923,-0.4801878778892393,-0.6278912823009817,-0.36640498758037116,-0.5696788898040482,-0.2999459543469109,-0.5088360991354821,-0.15500218936499283,-0.27333502698157813,-0.3465616296469823,-0.4499182461537503,-0.07418816727208019,-0.38638012536908806,-0.42668640186151124,0.11032333230431832,0.03211041877908129,-0.08797550816657763,-0.09620981190175837,-0.08339767040225676
0.41848523516423886,0.4055853060362176,0.38387770404790056,0.4497884102492437,-0.2452491182354562,-0.16965098460932054,0.37296325338484443,0.24829369230055856,0.09258723600802171,0.1258611807247055,0.5192082322493459,0.1947202040073767,-0.1868052046957223,0.14672975352186968,0.10149045854340916,0.01570852776527172,0.013918425758435883,0.010775385692011976,0.0758737384781491,0.04554609451475279,0.09349946790090762,0.0723611346951756,-0.12471244914053155,-0.20762952884178032,0.08944614524637944,0.08988970473298935,-0.20810957261667998,-0.3010240812160706,0.15593878944450337,0.1288599319912584,-0.16536272659231138,-0.22390871663015363,-0.21096792546897752,-0.22674915292878633,-0.3935700643263472,0.4961921129572421,0.1670561257928636,0.1031518249851986,0.19152485328699564,0.20356328578513003,0.17297073366388144,0.14115079773340772,0.4306979506021032,-0.0421358872852775,-0.4404316007476854,0.8108896268515965,1.00000795304522,0.8798447992055581,0.8028341193522196,0.5624110733270924,0.17998235329898135,-0.24719454455395623,-0.09387289293360072,0.7300749066420287,-0.4380324071515289,0.23720167722079058,-0.25485091862663595,0.11535481385699815,0.16430787810811393,0.16977578442450986,-0.12848934458251687,0.025620651114326567,-0.21140759732421613,-0.002528507162873704,-0.12197823256286613,-0.1589565625693403,-0.5645399205882958,0.7146323061668426,0.6829167125234413,-0.5226295663007604,-0.6088044309395638,-0.5907595168104953,-0.38273652710288136,-0.40154690824694433,0.33943643242516597,0.053867375267845914,0.015137439747121019,0.7684041416823953,-0.3403301580614129,-0.6547577668679676,-0.37444179273340583,-0.35965292649067576,0.31641602508889066,0.5911030823206218,0.2774869153568247,0.7423890024166903,-0.3267423932077013,0.6620890669249079,0.22179806640877286,0.6505653936415204,-0.2686070821312126,-0.42685037960072636,-0.25684030314840206,-0.4068295743306543,-0.30494302709718013,-0.32260876728928495,-0.3642277261370504,-0.4740107852307176,-0.304746502683504,-0.46204630130188945,-0.26275968205524997,-0.3488028592747186,-0.25511806061791414,-0.3430999070823878,-0.1933377156664558,-0.13604649363371782,-0.35035662351655145,-0.3103633918552029,0.011229693790268409,-0.2596674187041035,-0.3246684576286598,0.09555111221212854,0.048633454182714225,-0.013524661686664507,-0.00845767868166774,0.005406042932264045
0.42995301467954244,0.42134965719899514,0.36249464433473344,0.4376780562586141,-0.21217219614259236,-0.1698521474335219,0.21658022741078028,0.17157479499753422,0.10159101671111588,0.11493713247007349,0.34468948410586125,0.1526609951824537,-0.026416249233337945,0.1102916299413893,0.12799578197991435,0.06798814559275354,0.06777964091110557,0.07586888320846419,0.12592988048586665,0.11744726914238181,0.1439477323636206,0.15872766765294052,-0.22211266178769476,-0.29952045855275694,0.16079681773346097,0.1583545709356855,-0.2954054492808384,-0.3613090849242537,0.18610128899291167,0.1575926941895408,-0.20779313742009656,-0.2756507152309941,-0.23178472065503608,-0.25272640913893163,-0.43659563497568943,0.41248350115661964,0.1750009028627201,0.14684204213971733,0.20488891926027908,0.23920768028739497,0.1704331353026255,0.22542658447214145,0.4466157046845976,0.08548235674369568,-0.4404153972656891,0.6353144368837602,0.8798447992055581,1.000007953045222,0.8890338385394408,0.3933954873005362,0.18468570245541632,-0.09112265759266615,0.017132171845550683,0.8502849919647714,-0.40196115299041285,0.2729895919189127,-0.297528102224668,0.11167107560031961,0.17060706462207198,0.20885930067972783,-0.14778767663526787,-0.026804905162830493,-0.3447603255902987,-0.011724583285476937,-0.15941079762104876,-0.2072620651123709,-0.6964888336243866,0.8259773820262634,0.8275230901349443,-0.6724921813747504,-0.7734243429306397,-0.6835202739931883,-0.3965724187560443,-0.47352029865523926,0.2713005324731996,0.08787559547750708,0.04618322638303493,0.9056142500991124,-0.3838364451224659,-0.7736504812766064,-0.4072796345969276,-0.41865254361726023,0.2914707477276534,0.6340497481939538,0.28589324332047084,0.8442284415624847,-0.34413316148113793,0.7518670912229927,0.24834182533882024,0.716323848106709,-0.344172057168888,-0.5637995797114079,-0.33624947019241097,-0.5522535396042781,-0.3235070759125273,-0.38960252569441856,-0.41826934560535795,-0.5744838323609288,-0.3796478752166549,-0.5916949946050217,-0.3344611090279395,-0.46544523741387367,-0.30751437863650344,-0.3978869321210922,-0.2300763043355353,-0.15804955741972582,-0.38416528781375975,-0.3396233054762636,-0.012608115907791715,-0.3400105789692432,-0.3573654188821854,0.10544268602866493,0.06265236888814762,-0.017509636145061458,-0.017063393445381162,-0.008048898411867886
0.40158272184445104,0.4487795553630222,0.43790854978792776,0.4013156512499873,-0.4000926173969693,-0.40096992880773297,0.16949485718104912,0.1633963055865632,0.22663505901395442,0.23698861010897868,0.26800590571677796,0.09158411716231515,0.2186527903342005,-0.033913412148513976,0.21875589323361277,0.11327694472769798,0.03932907436615296,0.08599506597187001,0.15934495353911576,0.13815834001410288,0.10806775725907829,0.17840263864418923,-0.23202319658191434,-0.2900775114905343,0.19158642091068445,0.16397526210473043,-0.2840813927429061,-0.3753501984643815,0.22764561218729495,0.1875195684952908,-0.21713108262335978,-0.33147833900308005,-0.433532510252118,-0.4732065712713144,-0.49199412429744477,0.299769281264274,0.07807487833421213,0.12907498632750397,0.324299173791848,-0.0486140778327901,-0.05036530719001962,-0.09051337036561266,0.3110947425763623,-0.2629851267658347,-0.7269454276216694,0.5766916752155392,0.8028341193522196,0.8890338385394408,1.0000079530452206,0.31485972904841625,0.1337749053288979,0.19130213431995613,0.11887457404452627,0.7771906717398437,-0.1985040975485898,0.2126343634694112,-0.2938683937478543,-0.019407615017496535,0.1704312392238988,0.16400869593394057,-0.13396427826271776,-0.004200592460337001,-0.2993092267289821,0.018186886442203433,-0.14159819675026902,-0.14868757067760563,-0.662650027425279,0.6969240899177774,0.7044533871392421,-0.5618820033838676,-0.735341594010968,-0.8382688671621701,-0.6586758447890141,-0.5963866326645478,0.15291187061318248,0.10214930742902707,0.07229970449257761,0.9012234641315768,-0.43704665382508345,-0.77017370904045,-0.5270900359431046,-0.603794497050218,0.31708935529348553,0.6459375867983455,0.3733914570752247,0.8410254114618132,-0.42323072920124893,0.76137925053603,0.243253835873498,0.550106565509634,-0.31831390133222404,-0.4987261498351554,-0.36377005889600134,-0.5702898507547489,-0.27659124609713287,-0.4233416365462457,-0.39180932811860436,-0.5593217898286758,-0.3507645588190954,-0.5458784517837899,-0.311964153071053,-0.47950703716830656,-0.24836933876555153,-0.3832497407490706,-0.16647322414262922,-0.1861970274327703,-0.361609461009729,-0.42547141843915803,-0.05702210753387238,-0.3815785368574495,-0.24853859034178605,0.05299829900412165,0.030205531405701678,-0.03887360439677953,-0.047863388374141655,-0.0454404299961042
0.192056688134633,0.1799994975346885,0.19495261737017827,0.3047191468197238,-0.04120881702159482,-0.016264964850664112,0.6170580860780748,0.4951701984126006,0.01634533665922614,0.14064449895375702,0.9499265939198174,-0.03619874020557966,-0.6569161043002836,0.29634258220165854,0.06445072804919366,-0.22742218640239525,-0.19336350978795314,-0.20713514455454707,-0.09622112344515163,-0.19778962773723185,-0.14987293489389802,-0.2164669997963625,0.12562423888113475,-0.05497801965941307,-0.16336756937948596,-0.16749518703725155,-0.012601588917268248,-0.2960454539675152,0.15912226073672936,0.16950466808782075,-0.18894342946381623,-0.26991835727686686,-0.13480109089704648,-0.10121572126327429,-0.3375064853047443,0.6467273598625365,0.06133759041187352,-0.050880177887950497,0.18805315249518934,0.2282178075533002,0.1435544178188619,0.20280435834848495,0.23636632424479914,0.09845470326831773,-0.26556456430446196,0.36281758900304106,0.5624110733270924,0.3933954873005362,0.31485972904841625,1.0000079530452215,0.0689108454131874,-0.6126902352203204,-0.6157136922454522,0.06823235441137052,-0.5303560642396119,-0.019063644841197415,-0.1207044032882677,-0.16543320629511354,0.09865774180489525,-0.049368099901473304,0.027107487549191032,0.029139949655771664,-0.057056277894998356,-0.0675087451531582,0.0720124771091933,-0.1164183164022101,-0.23930406145248118,0.16573754178511615,0.10927018931299651,-0.0690034119896486,-0.1909542289830971,-0.41920368692071064,-0.25742901550619984,-0.2610249506665707,0.8288452414469293,-0.010277098134575063,-0.06819861839363392,0.390104129475819,-0.34396299528893176,-0.32318446455416566,-0.2638188495630081,-0.21053517573821023,0.27431514020863834,0.27909938406553386,0.2681793207766954,0.3578311713169577,-0.31132310272427804,0.2855861398413658,0.26297328941338594,0.302914467768805,-0.2374484383161862,-0.1331597296791633,-0.15656134699246219,-0.10183032612954482,-0.3229494389679354,-0.24102486812317855,-0.3579521746370675,-0.27595326385023383,-0.2667022888570153,-0.1804519651987843,-0.27159364138950937,-0.07789258821519887,-0.30217135921260774,-0.11948755776890137,-0.2277964646593765,-0.041877761501084305,-0.3679361081994606,-0.267511660920447,0.034809860049570755,-0.12353413427283723,-0.33946144622063695,0.17760109864176649,0.13802577486847953,0.09401308042424102,0.07597346128415049,0.06168993614695901
-0.35195193828183585,-0.46222313968461815,-0.3232851883230323,-0.3223417390257073,0.2642743347338085,0.207778533217832,-0.20869154392157566,-0.3173211183016204,-0.17834338904762304,-0.25438519095900913,-0.10866243635609198,0.451811768551839,0.07085608596557272,-0.16369836816207148,-0.13392100545558921,-0.025346648226986988,0.38563920761955434,0.09751221145093321,-0.06506607865265508,0.15446561274465925,0.5950450043705756,0.4378919516040428,-0.18085569386058578,0.03058224390814103,0.5128665248795695,0.5563394444849709,-0.231939014825871,0.29029288306001183,-0.16421530856889832,-0.16410217438790414,0.1916622733628826,0.2477297294585186,0.21900100216119067,0.17997840759529277,0.44800781408470974,-0.4934338152242719,0.677030081197647,0.6615559878463948,-0.29630556242684497,-0.18465377023748236,-0.3937940015274399,-0.08378015479997779,-0.27291803978706686,-0.021228102997528305,-0.16552542438498324,-0.027982494823429068,0.17998235329898135,0.18468570245541632,0.1337749053288979,0.0689108454131874,1.000007953045223,-0.08306005496025141,-0.22039806302260426,0.0013999730524465472,-0.5894716044344854,0.7449464439866695,-0.6328409284061742,-0.2407710750324517,0.6424336802393189,0.7737784462610493,-0.6867728923883676,0.5893195475808317,0.4400005305263961,0.6844050244402563,-0.6873823890429527,0.6262121136055018,0.024396164022846008,-0.03527338356962521,-0.01836345625425258,0.15210743077236732,0.030255699912892755,-0.22035672671405276,-0.17435380677434947,-0.2679145601763543,0.31998194948955977,0.9241724441302975,0.8036428819700497,0.20062188444638096,0.35178156138993943,-0.1404299459995682,0.4059812514515465,-0.29185835949868977,-0.6429639083104303,0.40158430125513356,-0.4231558450571992,0.23884253033525535,0.46130347100121144,0.27849213980917903,-0.09042676107747628,-0.26169626966913395,0.2756532858841805,0.11165159913731823,0.25005157463754973,0.12232874635602785,0.6122662602591346,-0.3586769327907085,0.4479322831946459,-0.12947143947588916,0.3106438414868368,0.11872950313917506,0.42421848172114085,-0.04356121386561853,0.4921692678773963,-0.26774053574659246,0.549718303917924,-0.4378306079171837,0.4749921860971153,-0.2870838007976777,-0.6023889668716316,-0.35682423999862584,0.5721396367436563,-0.6439738949819597,-0.5868903645869826,-0.5444442336407342,-0.5542877508162615,-0.5741563335593989
0.004084604731764952,0.18225114102310833,0.10240126418287777,-0.09954226516054333,-0.34138736761273364,-0.5279758831835506,-0.43705389131065125,-0.19604225089228264,0.35191198010186114,0.2508749550359393,-0.6049417923437197,-0.24143053038042228,0.9342251561012859,-0.47849761799707774,0.2825787701637601,0.16677153160449268,-0.09122602304158259,0.03992654166489628,0.17680680190628872,0.10029975934216556,-0.09511980641590487,0.07793914680896201,-0.07614616026610818,-0.028551019937154042,0.047985074744124216,-0.000389612710481202,0.026785044919935778,-0.07100090811296277,0.13409460860225514,0.1125725673396683,-0.05855366575279433,-0.1548372651959613,-0.48086546218479664,-0.5452063390592045,-0.2043689793913357,-0.4012330160600786,-0.3229622417282282,-0.13173411931239723,0.2908977708351107,-0.49515744912169063,-0.3286063143319758,-0.4428539571107556,-0.15455288110408513,-0.4164368605247161,-0.324690235835763,-0.26347075923123664,-0.24719454455395623,-0.09112265759266615,0.19130213431995613,-0.6126902352203204,-0.08306005496025141,1.0000079530452204,0.6237674782925396,0.20781635197017276,0.619595438420242,-0.05708892792696451,0.04126388316498413,0.0756235796690075,-0.13541926732315343,-0.12028574655869619,0.1182698845442362,-0.16225187962313364,-0.15007953970678928,-0.10383844405808512,0.09882222900016517,-0.07839315011565394,-0.06163230322201972,0.04385171783625201,0.10369268161817458,-0.10617409078860002,-0.1356343370136891,-0.16701429637042772,-0.3710308442278618,-0.16611096151945692,-0.6509129058193991,-0.03774262844362865,-0.07735397316191106,0.036776393003374694,-0.16078303450185788,-0.060887488607719954,-0.3424509640339267,-0.27670513095810456,0.0681929598902663,-0.0959459888533215,0.211627840987175,0.008475454214108412,-0.2149299131692672,0.03283424519167307,-0.057767634111618844,-0.16550301994761676,0.012538126576142353,0.01771834872606805,-0.1485765941058713,-0.16747734532498373,-0.007086921360292297,0.057612773039695316,-0.01285722813946456,0.03592890811935443,0.006267217641742352,-0.03865144034605523,-0.03600861270749289,-0.06075397732622835,0.027851537385072494,0.11126180796149109,-0.005935992099409185,0.09503876513351506,0.011360169521381282,0.03347030182324275,0.07802998701591718,-0.05155850269263621,0.14101051998262518,0.028659244884685988,0.08377213575803992,0.09938136568509345,0.08873557941295791,0.08433445000750822
0.048947786323111996,0.188832750166182,0.15259769869046183,-0.029371985691664045,-0.33757379328865755,-0.4319339482052087,-0.1886611428208052,-0.061586637089257504,0.31836642503970497,0.22711155416071319,-0.4809441553775992,0.13964027465496612,0.7094815274619993,-0.14484746609286836,0.2852188152062549,0.37250849489463717,0.33903696430651065,0.37978120566774815,0.3385427730361493,0.4361559006676553,0.2993592726728789,0.4487871339108653,-0.4581723659794101,-0.3624632500210057,0.354980131238436,0.33975730331898385,-0.3673615670406198,-0.23205001080346993,0.23015748639529016,0.1825797036102585,-0.19102778219201286,-0.20868302907975506,-0.375897181443722,-0.42387390679799253,-0.20751382103880261,-0.1974998846355767,0.006231383656881476,0.13212759611470593,0.28061325641967183,-0.39054387490889786,-0.2251016753826377,-0.4113171279602431,-0.1002653645326701,-0.40757586167477466,-0.23345515711081685,0.23175200500200147,-0.09387289293360072,0.017132171845550683,0.11887457404452627,-0.6157136922454522,-0.22039806302260426,0.6237674782925396,1.0000079530452217,0.48942290456266035,0.6441954612320397,0.13685765220830087,0.26375473359245466,0.6696708619886221,-0.2910652644186965,0.11400017813626223,-0.018636435589970492,-0.2662772306716518,-0.3834223926596273,-0.09825941924391908,-0.12798210088096018,-0.23303646415425275,-0.4231247082036266,0.4506225589436918,0.46961685243156026,-0.5522030204204703,-0.45117126806043756,-0.10874687351215777,-0.2835824608176306,-0.27027355296261146,-0.6420768041418092,-0.20778374156599932,-0.06687153227086456,0.11396165875145302,-0.22966015649762453,-0.3135767730084753,-0.30034587734516593,-0.27879977328516525,0.2287317132825577,0.1646129191125233,0.25831813112735047,0.18998776820257535,-0.24535643126873108,0.26577495423645,0.13984755485932843,0.32861651734025726,-0.2142059203578291,-0.4681444259367662,-0.3459962330615278,-0.5235434026452321,-0.058507734129558515,-0.18283761107476723,-0.18835710102919337,-0.317377602366239,-0.2350971866395135,-0.4525025554592204,-0.12341472166446324,-0.48395247399178615,-0.021646819845835344,-0.31257770162904686,0.03713645796335774,-0.1738780136861472,-0.0265769394080441,-0.17789906908520015,-0.04543399768291272,-0.2692746471330488,-0.11458455431464898,-0.006755234123423707,-0.03974812161892466,-0.11253165334257298,-0.10520579725153206,-0.07967725358820393
0.4394436620974672,0.5226167415669457,0.402033215046712,0.410892378869327,-0.3350223185565965,-0.3532753693050878,0.11339059126553111,0.1367946803510158,0.24294456533838893,0.20925918123424508,0.09485178504317995,0.14227547613607905,0.2825177553633121,0.006590263530895445,0.2469281529252976,0.1948348634603457,0.15963907304496083,0.19090139189043176,0.24223211271644754,0.24045435426791054,0.19771954228010263,0.2790772514830774,-0.33798184820124694,-0.3728939669812824,0.22657483318589342,0.22265755858035302,-0.3544822103057126,-0.41647896855905386,0.26142822819568123,0.2181699965028925,-0.2539813750068788,-0.33482307116577625,-0.3922845934116259,-0.43924948537344755,-0.5222105454601628,0.32471792482362716,0.0726827875828251,0.09821615896769739,0.3197569736041364,0.09473860051186615,0.1321034024459053,0.09030831483606391,0.42332868297574666,-0.026302965376947176,-0.4035459237946021,0.6726143900335704,0.7300749066420287,0.8502849919647714,0.7771906717398437,0.06823235441137052,0.0013999730524465472,0.20781635197017276,0.48942290456266035,1.00000795304522,0.002773734925598655,0.2568471791421884,-0.08189109747491385,0.4854036995198913,-0.045198111451885306,0.16552144685757575,-0.07941406619948904,-0.19531041753380088,-0.49882517708003715,-0.12751917274177194,-0.1296067720799619,-0.3497864824054674,-0.7833083957807528,0.9600668346289497,0.973303891153223,-0.8735756083626295,-0.8816654640806297,-0.5755052915347527,-0.41657011076791656,-0.46765396431471545,-0.10186237711913289,-0.1011154871880857,-0.08654013981786192,0.7788328067005806,-0.45892235760051264,-0.784722208589952,-0.5375968605604309,-0.41979803885787254,0.3983147253972347,0.5318611385224631,0.3879962853727374,0.7511446431303003,-0.44563124411024596,0.7008803238206727,0.23160522146762005,0.78506195615297,-0.3750183088090201,-0.6737962484459565,-0.43797098274172513,-0.6929424213525835,-0.3788532685387063,-0.33506359050937023,-0.47482348023963017,-0.5917205090248776,-0.4268448971059379,-0.7036855527866304,-0.3606423498181436,-0.5698865404758416,-0.31576256368816397,-0.41361389239578444,-0.25063964184615267,-0.12492472464972643,-0.38371157915446963,-0.2812521661812154,0.07210918593256926,-0.3383789601976531,-0.40917454842384293,0.16166568743731208,0.10975816120621947,0.017523405769520318,0.02815101913318667,0.053427451447932754
0.08771862055641647,0.2789134545524355,0.14346839203398265,0.0076104606310476225,-0.29675952623846413,-0.4062856312462652,-0.2144301752959326,-0.05584791214368621,0.2770610722722648,0.24566182387266208,-0.424863455020733,-0.1503050344545221,0.5840202065242964,-0.19368839885334238,0.22113897350167278,0.2442064474352278,0.008494166616239572,0.18029665336318698,0.18900288193638162,0.14241154066149028,-0.19412155227378367,-0.041041213118921865,-0.0756773937308795,-0.08554925199380213,-0.16354594645490406,-0.20101787548604405,0.06366690483963253,-0.16675055451310528,0.14589833678030426,0.1219779201662615,-0.11006045882239018,-0.18400462090264116,-0.3741920134571073,-0.4059322405836451,-0.2828567504784992,-0.09865908323081332,-0.4149998306532115,-0.3585696288871117,0.28398357045184824,-0.24767065393939727,-0.01447223700827651,-0.24758755166364743,-0.024919824479769922,-0.21935448611581498,0.03334784713926866,-0.17386246909286718,-0.4380324071515289,-0.40196115299041285,-0.1985040975485898,-0.5303560642396119,-0.5894716044344854,0.619595438420242,0.6441954612320397,0.002773734925598655,1.0000079530452208,-0.521382708338086,0.7288997279338294,0.45359261960109887,-0.7024830757273857,-0.48754999598385645,0.5049671366468624,-0.5740079635422167,-0.39296590529005376,-0.505465916608357,0.429791230430031,-0.45671647149353595,-0.005943922545349908,-0.024414400131858246,-0.013761872940071026,-0.15954145024339123,-0.02594802016742612,0.2018731061482839,-0.031273167892497795,0.12685165886729383,-0.650123446545205,-0.5876051758001769,-0.5172073919081991,-0.30003302786795893,-0.22588444479258463,0.15120148922236445,-0.3511092788182983,0.08026341429367904,0.3113334784793575,-0.387150687289031,0.28351678765032895,-0.30339988236936594,-0.3025899018762894,-0.26750334120545916,-0.008742358467549248,-0.011787970275439477,-0.12346682396799473,-0.05395827378800598,-0.24398558963773173,-0.17015940574402216,-0.2773903885669837,0.26894680225687306,-0.2140371914812099,0.12645031137679463,-0.15356900242531735,-0.09200958408765117,-0.20453925923073754,-0.016022496676559753,-0.19626606973524804,0.2407995884818314,-0.2483287669691049,0.30085580440252985,-0.1514125134428026,0.246820778051486,0.36358600153458387,0.15787319376850945,-0.22822805444818559,0.3617922721402371,0.36100513391309696,0.34165911053481923,0.33906121463831174,0.34847512073890685
-0.20370800022852237,-0.3352428337668616,-0.18727844616094028,-0.17796223506630052,0.16605380092819672,0.16630831465168042,-0.11631534897871337,-0.1703481632630008,-0.17326008327657574,-0.2308471711226468,-0.06215576518110157,0.24685970315745775,0.03770941241308438,-0.15621059975679077,-0.14044779125562923,-0.12248902875235987,0.4309018246516488,0.04105787243726825,-0.10440737755793408,0.17005542115820307,0.7016345453139513,0.6178632316568179,-0.2535319782034674,0.011050028794266377,0.6804929826596524,0.7588092735179145,-0.31859707457075354,0.2951029952940879,-0.1691560631010489,-0.17262926716496363,0.2141410597360128,0.27085581602984343,0.19099450506315183,0.14777153443874108,0.40175855768537844,-0.2947806921438921,0.5634224424736566,0.6821851953501444,-0.2664596220633418,-0.17384270968249024,-0.32949999762016485,-0.13330489436389528,-0.16164368308950064,-0.12882346719622584,-0.21419148706950972,0.17085620268479498,0.23720167722079058,0.2729895919189127,0.2126343634694112,-0.019063644841197415,0.7449464439866695,-0.05708892792696451,0.13685765220830087,0.2568471791421884,-0.521382708338086,1.0000079530452217,-0.75155901127181,-0.043644930924695145,0.7731620877775024,0.9413905730958481,-0.8813943489261361,0.7286408191685385,0.44240555361791434,0.8200792768934898,-0.8777684951253788,0.6732042621505205,-0.14884467515282668,0.20047248532018389,0.22953885651762174,-0.07754997003172372,-0.17622178464657162,-0.2508140572185394,-0.2192461153657474,-0.34208574146555415,0.10430634178022502,0.7866721817560965,0.8134664169129617,0.2877561007189067,0.32939579852993467,-0.28459112749261756,0.3383151391695115,-0.33574128620936655,-0.49933846531028264,0.46082442680792945,-0.36134962249855374,0.3505255787669785,0.40425989587636696,0.40307733635963766,-0.10501263158216965,-0.01758867013072436,0.3108018019843533,-0.09810734724004146,0.27647552873684594,-0.050437855112105835,0.5897954135990459,-0.42493170016412435,0.43606603375975805,-0.256142134435035,0.3233188335684247,-0.03995314379819463,0.5027291530182537,-0.27344196112118646,0.574881424164542,-0.5141185134524223,0.6295131428722862,-0.5839959699586275,0.468752620849487,-0.38953357721235704,-0.6239146411149123,-0.41542106092786696,0.5585987490773778,-0.7511037849662989,-0.7438007472994633,-0.7105917678963806,-0.6783342673375194,-0.6552284185422911
0.14541046494793375,0.28164251683846414,0.1436087774058787,0.105881123144898,-0.15931551052224996,-0.18068272999008458,0.09720840866321083,0.12448669610136157,0.19732415245093993,0.2097405843950141,-0.046972541930698206,0.09742728168653028,0.10385786926972701,0.20235660471038286,0.19364616222429598,0.3132821950307353,0.03160710022061848,0.2779230342325596,0.2589499966322633,0.177806056559153,-0.2522891258661387,-0.1931371589580165,-0.11533284601638763,-0.2667850793644337,-0.33755966637788726,-0.3812549287983293,-0.019384544730674746,-0.3780635959471883,0.24124135546428574,0.22020362099179203,-0.28192469726439373,-0.30349786397565137,-0.20049164928316116,-0.18155073601455682,-0.37247739380426015,0.19986896929540413,-0.24602345246491839,-0.382042790202756,0.26634404376528903,0.09767482582597453,0.2495222648252387,0.0705497768712343,0.09726469226835444,0.09910859961492514,0.22984876208279173,0.013250289822723438,-0.25485091862663595,-0.297528102224668,-0.2938683937478543,-0.1207044032882677,-0.6328409284061742,0.04126388316498413,0.26375473359245466,-0.08189109747491385,0.7288997279338294,-0.75155901127181,1.0000079530452213,0.5941294911459705,-0.9681265094875244,-0.6541254172077493,0.7645585169333047,-0.8618260996000626,-0.6462142665047921,-0.7860596336816079,0.6504176054373766,-0.7572748727905069,-0.11067445929395366,0.05833931673477606,0.012929025971821755,-0.26078978170600897,-0.0556457908040717,0.2636479908758191,0.1897191552582443,0.20934728687803666,-0.1717229174902232,-0.7380662238018613,-0.7017558661676381,-0.2723618547767997,-0.35640053905728375,0.10399963971820163,-0.3168391338792489,0.24593157271958058,0.46726213381815274,-0.2981921838108284,0.3484272922677276,-0.26229088986089893,-0.38346136341226067,-0.25565031573966773,0.21454341061874393,0.24971295892060377,-0.4174557390130143,-0.21901083014678635,-0.432982543284142,-0.22901805845749512,-0.5222379001489207,0.22366963059836556,-0.4943353907739423,0.0008937504887607708,-0.4466398224548004,-0.2552502880709967,-0.4994958930597994,-0.027182052573969488,-0.5238988461929672,0.25181259467999595,-0.5169468642739893,0.3823431349164368,-0.39105407326299063,0.2508347164706908,0.46536798468068447,0.16882726145602964,-0.6268145201227042,0.6503322745948482,0.6114257732959999,0.5254263659540129,0.49628684900097914,0.4842232680456047
0.19847986470099666,0.30108201689731423,0.18436835955945766,0.14894875366703292,-0.18749435827967734,-0.20998569319565938,0.10795346294865346,0.10792624382854057,0.2264041167182156,0.15686735145761457,-0.08051656042001132,0.3101942352648337,0.2352550294702816,0.18121158862743267,0.25056906575714744,0.3716567066597331,0.3265960125084621,0.4004983766681531,0.36694697398158854,0.3943279073636641,0.2201169145759243,0.26574017555812474,-0.41956491737203777,-0.4485113737034269,0.12216914280948953,0.12468173947905056,-0.36204657999945256,-0.4094771892907853,0.2944328194486411,0.2524173446037859,-0.30742951399483726,-0.2981408981443461,-0.22767683178548323,-0.25324528573567456,-0.3584082930619655,0.1596349290265094,0.09696867638484119,0.027574229094320467,0.25119167368350487,0.056255182652002286,0.15902608304704757,0.04609275952819812,0.16529695342185066,0.05052193532025973,0.06282519319666428,0.41461723327957817,0.11535481385699815,0.11167107560031961,-0.019407615017496535,-0.16543320629511354,-0.2407710750324517,0.0756235796690075,0.6696708619886221,0.4854036995198913,0.45359261960109887,-0.043644930924695145,0.5941294911459705,1.0000079530452215,-0.6261437296380464,-0.06247773921255107,0.2748023690103939,-0.6120122924283226,-0.6751573043755035,-0.44463718678888015,0.1311971354308938,-0.6013646681993526,-0.5272500323902686,0.6185921769139519,0.5885058935685897,-0.7452125410732939,-0.5137645178274193,0.01775489679053665,-0.009809402115381538,-0.11086944995316193,-0.2024344293108449,-0.39873071827178874,-0.3366302146599383,0.10012225976117886,-0.3704810745689287,-0.34325968822022024,-0.33194051483029097,-0.03330862071492481,0.38751658156774416,0.13109681111914995,0.31774782209783253,0.16579600914533052,-0.3497108946138127,0.20095418155731443,0.2785305810021768,0.615041185824102,-0.43553692829684415,-0.5921523163946353,-0.4950854834735488,-0.5529062197360987,-0.37903350907002165,-0.11950036886106033,-0.47880899052792125,-0.38304703293009684,-0.4805467558262262,-0.6019101099514711,-0.398244848120758,-0.41236399641003263,-0.3711489721222978,-0.19221022967584664,-0.3053707672064859,0.037077486634785835,-0.2966879940150076,-0.032697486536388404,0.18474202440849055,-0.1831925865234958,-0.5462504872161974,0.35033036701796055,0.2872838638465192,0.17205655322624486,0.165109611967744,0.1774646261434577
-0.23179945328614662,-0.40094012112098076,-0.23496668478999844,-0.17082663545325888,0.26037337446477254,0.2925719319322424,-0.11430505734895596,-0.16992221462480958,-0.28844311364786757,-0.29455301911820053,0.03624830614306239,-0.047302458497166675,-0.18468251969529123,-0.1807399180145631,-0.27285994501842337,-0.32835529070754793,0.07374543666462234,-0.2393246749760454,-0.30530527112445394,-0.14897866933858323,0.3454228122505685,0.2662130472172028,0.10034256626296818,0.31142638518313054,0.40973904529547284,0.46632756274708986,0.011770460018264334,0.49106004872859427,-0.31603938452268754,-0.290606607917395,0.35857471580277755,0.4107491673008598,0.32025795976881866,0.3056730463051561,0.525018488886003,-0.24626114274124591,0.3212014875596959,0.45288939292593383,-0.37285471631619466,-0.09961693090881146,-0.27117585322539256,-0.0735091077671642,-0.14586267323352967,-0.09480421477099192,-0.15018457004833388,-0.05151118931183604,0.16430787810811393,0.17060706462207198,0.1704312392238988,0.09865774180489525,0.6424336802393189,-0.13541926732315343,-0.2910652644186965,-0.045198111451885306,-0.7024830757273857,0.7731620877775024,-0.9681265094875244,-0.6261437296380464,1.0000079530452206,0.720594273061361,-0.8441912451351061,0.9575030923525524,0.777969960621839,0.8912617952724174,-0.7349526444619765,0.8759536982454856,0.2161409266595969,-0.18055134095043224,-0.14047354252512223,0.37707714804467046,0.1751226183250188,-0.15558821763255237,-0.11048816398946298,-0.14777578158522076,0.1628854883481699,0.7715037111516858,0.7773160595285448,0.15010023013645005,0.4864680962184876,0.003347868763118693,0.46552023607313864,-0.18063756442142595,-0.5812374826897703,0.24325999740475793,-0.4706097706009473,0.15699160260805858,0.5190150619769867,0.17039012160864697,-0.2707449967813796,-0.34451020524773307,0.5224774376592498,0.2936142901699283,0.5448948849836799,0.3211808370315673,0.6540445170882472,-0.2071069426261115,0.625209554596242,0.06381023022085515,0.5561137436825622,0.34948148231739523,0.6419034606415257,0.05874341668744088,0.6677059007075291,-0.27852886278126265,0.6545261649698723,-0.4511986961584289,0.5339629164255574,-0.24126133673534253,-0.5442765732908571,-0.15483620208733678,0.7385141954736609,-0.7719277292101296,-0.7391832884907231,-0.6388089388834289,-0.5995540693906529,-0.5790868390694741
-0.3399546472489056,-0.4982294990206641,-0.3013788501762076,-0.2903047502916422,0.2643055494452815,0.24924576704076326,-0.1355540272446851,-0.231883080793543,-0.228909832791182,-0.29822144457422656,-0.09761031104858617,0.44931217179582816,0.04174720786759365,-0.04058953310448125,-0.15411179897526076,0.05296139151950588,0.6725601661372379,0.29191188189149925,-0.005046301258697484,0.3889244879541646,0.8777493879659852,0.7914072654260762,-0.44608607710718323,-0.12109309569091282,0.8410833048252899,0.904062206962705,-0.48820922094000996,0.29206830663012207,-0.15216865077194514,-0.16607100783844767,0.1844504323409944,0.28371150701390757,0.27014250976528176,0.2298243883489277,0.5259632144783394,-0.4017305137784766,0.7617936421628695,0.8615147656479039,-0.33078000849679384,-0.24167285730491253,-0.4431081353491759,-0.1897280272734434,-0.2792618164425898,-0.1632707605378159,-0.22760663154137842,0.1498380917759863,0.16977578442450986,0.20885930067972783,0.16400869593394057,-0.049368099901473304,0.7737784462610493,-0.12028574655869619,0.11400017813626223,0.16552144685757575,-0.48754999598385645,0.9413905730958481,-0.6541254172077493,-0.06247773921255107,0.720594273061361,1.0000079530452215,-0.9034509190149334,0.7177730757225785,0.4502890930140671,0.8792032607711848,-0.9479705632907952,0.7220156474818993,-0.16083424741920824,0.13501608509855123,0.154383745906419,-0.0366594260109883,-0.15007375209962084,-0.2537947229469919,-0.2305041073039604,-0.40267038051976034,0.16687086807496468,0.8529413368996491,0.9223031396422386,0.26054830204001356,0.3834144215063933,-0.2915311903259872,0.4659610698482668,-0.3877375204428889,-0.6154896502715401,0.5396825799629772,-0.4463955137771941,0.3520447148841326,0.5038373429437567,0.4329726848758111,-0.03620637698221856,-0.056881122021601074,0.27524265998516023,-0.1448445257528045,0.24585851094978145,-0.09015476526652616,0.7246407927709286,-0.5454410222322412,0.4781320379314808,-0.33080972654341145,0.29793401307602907,-0.07643210419249667,0.5492471492152243,-0.35856451784099935,0.6674790653013032,-0.6249127724687057,0.7669087341194027,-0.732808931224192,0.5960053542047863,-0.49307825523908394,-0.7913789762230099,-0.5442241826563002,0.604009870925883,-0.8607305490991681,-0.8618287050498766,-0.8532090376310751,-0.8329373275208483,-0.8168753389493794
0.3238268893888291,0.4502590021336277,0.26128195165794577,0.21305646852321256,-0.27126579893597497,-0.2889057566972449,0.13798688861541045,0.20592969800219374,0.2848852618135653,0.329401836410701,0.05013086264560604,-0.20904907914005746,0.06416420802138761,0.08973754575876994,0.22706699642437955,0.1287379100204581,-0.455840062397235,-0.07366862346301134,0.14865679469778337,-0.16911645089446575,-0.6842280185622959,-0.6274068174893938,0.23274114016363426,-0.08431652435531806,-0.711119152913417,-0.7767902015249576,0.28606927700355256,-0.4235616352382615,0.24766495298534313,0.242967002361496,-0.29363867488521117,-0.38253090692484704,-0.3145828542699883,-0.27794086793909284,-0.5598908815508398,0.30947582027694337,-0.5919946092080388,-0.6923634407058591,0.3766457722142346,0.18918211543712174,0.36427087333037234,0.15645573684721875,0.19943205449144832,0.1632005621312952,0.18089543013102474,-0.06696899176431668,-0.12848934458251687,-0.14778767663526787,-0.13396427826271776,0.027107487549191032,-0.6867728923883676,0.1182698845442362,-0.018636435589970492,-0.07941406619948904,0.5049671366468624,-0.8813943489261361,0.7645585169333047,0.2748023690103939,-0.8441912451351061,-0.9034509190149334,1.0000079530452213,-0.862891190320511,-0.6370901912933095,-0.9323784716807497,0.9722732853266157,-0.830503409370344,-0.016723659580892024,0.009561973036622316,-0.02016930746770694,-0.14572176439024903,0.001050297193967795,0.17532666283800444,0.17196542773766843,0.280118039999481,-0.09080069636272402,-0.7742193383112344,-0.8654635815638885,-0.16475503694623264,-0.4650513719503376,0.14088820939050709,-0.4872601983453577,0.28355236949153456,0.6101542957711268,-0.37426225195136986,0.4838237357676984,-0.22974773909856838,-0.5377736886325541,-0.29504804192767686,0.20214734460519881,0.21241883830677954,-0.43964856106048694,-0.049046851660561504,-0.4262620887935355,-0.08711040195888477,-0.7299018713791532,0.3844734994005833,-0.5878251377043611,0.14259392296008544,-0.4604049119476811,-0.12331270735020042,-0.6671216463821518,0.20087505504596445,-0.7470356026930721,0.5139965766749962,-0.7849320908704706,0.6488037719367407,-0.623994315888939,0.38314112813818163,0.6968974123954766,0.3385785615080474,-0.7029928739640116,0.8826018654111788,0.881939254086168,0.8246059478579144,0.7809586056000573,0.7485200650857933
-0.2938798544397682,-0.4787146160747151,-0.29583781254892166,-0.21421422559150421,0.32723256235007364,0.3775014039192802,-0.1692355669451182,-0.24184576065454913,-0.3831141533446501,-0.3849932230687001,-0.016894680477295226,-0.042796773548120746,-0.21373592655841517,-0.1833755610443002,-0.36162051078696505,-0.33336451629917435,0.15577201926660586,-0.20295353006814537,-0.3540767100660128,-0.13206714793535698,0.39234307944558144,0.3087651848162455,0.11460885657255351,0.39402604487932025,0.43704402041105583,0.5058766376277465,0.054931729488741574,0.6276092782818075,-0.41154639180090347,-0.3835777160260596,0.4637872094342923,0.5390678034798109,0.4207784280932143,0.4007440938301487,0.6642836867923178,-0.2938698883532874,0.3294953922177191,0.4573012927893697,-0.4819950080299696,-0.11290519292635638,-0.2702462706518807,-0.09348648908226036,-0.17612090582974727,-0.11129130296715828,-0.04124405979217709,-0.1208497768740904,0.025620651114326567,-0.026804905162830493,-0.004200592460337001,0.029139949655771664,0.5893195475808317,-0.16225187962313364,-0.2662772306716518,-0.19531041753380088,-0.5740079635422167,0.7286408191685385,-0.8618260996000626,-0.6120122924283226,0.9575030923525524,0.7177730757225785,-0.862891190320511,1.0000079530452224,0.8988065620460305,0.9400228509246789,-0.7602117572765114,0.9578323793108799,0.36865175644603065,-0.33333529056581696,-0.29913756306616024,0.5119371267068888,0.33805747468976505,0.01317226508645797,-0.009585143849059268,-0.02916093329710973,0.06963847690078559,0.7354317849490372,0.7832495124936979,-0.04652665121936601,0.6255484132084607,0.17271935518554596,0.5909344145660218,-0.06803239755106723,-0.6793305133759809,0.10362941609609391,-0.5919119458809442,-0.024396864953902572,0.6470566819414524,0.011336183680194841,-0.3700559229146957,-0.4695457383641018,0.6600286444998195,0.4155055356768998,0.6749701028736922,0.4470370601902535,0.7616343148160797,-0.11556525552129444,0.7648255412883298,0.19239098320300593,0.6923674062996135,0.4829794701035717,0.7968231337356529,0.14354266925720133,0.8132604527987999,-0.23519360618925472,0.7678751845527013,-0.45391984196635193,0.6734641999896095,-0.16168351094061445,-0.5579685228647789,-0.0797427361928047,0.8461677924635844,-0.8536686499801355,-0.824113981181952,-0.6994538785898686,-0.6461155889869646,-0.613758569457855
-0.3134764218199693,-0.5023876072599667,-0.3548674219403942,-0.24015679893755879,0.4128326377586756,0.4914021497364277,-0.26844490855174546,-0.3496510380061844,-0.47693367141631837,-0.49085306314725874,-0.12332672816309949,-0.16473991685638756,-0.2522249361122506,-0.20267533946468141,-0.46544695948340115,-0.3774710178139297,0.0012327728883337193,-0.29860334537750666,-0.4332102414836843,-0.2789507580220044,0.16688237520159122,0.06852340836381593,0.34014492594961854,0.6154570683653001,0.18152568006167674,0.2501390796324724,0.3270725462012913,0.8036798420022399,-0.538171014133284,-0.49675094746137116,0.5984159134886624,0.6964862217397463,0.5545704900169666,0.5334306205937198,0.7787114038542814,-0.3535304875595565,0.14385552516220468,0.2241381805334594,-0.6071698350656561,-0.03094843844831116,-0.1436002084044827,-0.013804439346796475,-0.15266851434650994,-0.01929356126066852,0.2155474025893696,-0.3531183357735695,-0.21140759732421613,-0.3447603255902987,-0.2993092267289821,-0.057056277894998356,0.4400005305263961,-0.15007953970678928,-0.3834223926596273,-0.49882517708003715,-0.39296590529005376,0.44240555361791434,-0.6462142665047921,-0.6751573043755035,0.777969960621839,0.4502890930140671,-0.6370901912933095,0.8988065620460305,1.000007953045222,0.7864886032746089,-0.514199674863865,0.9247686503772992,0.716175979347945,-0.6438857435438354,-0.6160327541498104,0.7954274688741699,0.6912798759359067,0.3453843127011864,0.24727632850223638,0.30713109234485897,-0.06184736410621798,0.5731696221858982,0.590977742916,-0.40378066084831415,0.7831024463010205,0.5521870502077784,0.7096154275213036,0.2408975385507617,-0.7466678278834982,-0.2583693631072263,-0.7143778514025053,-0.4011404173399846,0.7615522032083036,-0.3691931840186959,-0.5331527386341363,-0.720919528028988,0.8314954755459267,0.7414754214021101,0.8524153451354609,0.7606344174784181,0.7635060319321805,0.21481894181153902,0.8996365957453449,0.5457923846900997,0.866249610681452,0.7922516246299963,0.8906968038408203,0.4926845303889577,0.8452589722475463,0.10786229905787378,0.7078222563470616,-0.1882945232021443,0.7419421666127057,0.16098861048506802,-0.35774660845998396,0.2143768871599838,0.9016706925219338,-0.7366273325038286,-0.6831642668240295,-0.5048747262128408,-0.44600507978069015,-0.4152440067782485
-0.4291275285236099,-0.6132311848403255,-0.3989951356527294,-0.3456983253860864,0.3812508026436102,0.37381681744573664,-0.1871387968356751,-0.2659145613882402,-0.3300066514203632,-0.39561249501703993,-0.1089370575427132,0.18731063750609822,-0.06371757410484784,-0.08668875414881043,-0.2572710426284594,-0.0993078113150794,0.44455515516581523,0.0924487036534907,-0.14314855355314685,0.1762050815440979,0.660176826820188,0.6004711173195579,-0.19938145010205158,0.1444941247657126,0.7042535115188886,0.7567605780428864,-0.23719089697574147,0.5269426641293158,-0.2861641739671748,-0.2761605371291124,0.3379548180975797,0.4621847791286487,0.40717547342039706,0.37728981071336565,0.7182964147426555,-0.4456478323230385,0.5701474850913775,0.7142530977341004,-0.4577073112004339,-0.2528709757656779,-0.4489787559161621,-0.2053089896722398,-0.3165569153218651,-0.18982641349457952,-0.13163889071966867,-0.07979514342794025,-0.002528507162873704,-0.011724583285476937,0.018186886442203433,-0.0675087451531582,0.6844050244402563,-0.10383844405808512,-0.09825941924391908,-0.12751917274177194,-0.505465916608357,0.8200792768934898,-0.7860596336816079,-0.44463718678888015,0.8912617952724174,0.8792032607711848,-0.9323784716807497,0.9400228509246789,0.7864886032746089,1.0000079530452202,-0.9030006885348928,0.9535308722929315,0.19614182053521415,-0.23094925414312292,-0.20016890899655332,0.3666149490548514,0.1982205660402559,-0.08001879274898668,-0.11766729858957078,-0.2097197792718031,0.09182239400350795,0.844784465629169,0.9313046406119803,0.027011258728451067,0.5842483028576919,0.0188219049900016,0.6372328916693569,-0.23425068266013038,-0.7497418897503133,0.29092566926004604,-0.5955050903308199,0.09297005417432418,0.6655752330165674,0.16891408766623775,-0.21386762516313776,-0.3980059793522514,0.5364382822249818,0.21770229977591257,0.5290077975726144,0.24803611424639038,0.8767144744788609,-0.3419448985148491,0.7280977203797396,-0.020738830163916738,0.5728039772815827,0.29097270348483056,0.7842540945177325,-0.08019153553161087,0.8718383218542161,-0.4475613076219776,0.902910044795555,-0.6669402447701138,0.7770466920925903,-0.3469348915253957,-0.7713229223066727,-0.3326441263059752,0.8475196014295104,-0.9709606297128058,-0.9537396854089247,-0.877737047701966,-0.8411914075407877,-0.8169875395764996
0.3722862846385537,0.49758811606878783,0.29917717288330126,0.26681737073493433,-0.2846309238490851,-0.2738436013645466,0.13084672712029163,0.20403377270000947,0.2443476997229074,0.31667890296416396,0.08750190804515222,-0.35720559533048624,-0.016197014263564784,0.0102235691085332,0.15752287573125115,-0.031645123642278596,-0.6281185638850416,-0.2704495320719505,0.009765243205380471,-0.37771497710893337,-0.8217326652135925,-0.7803225551239508,0.4274800237936385,0.08921642734764833,-0.8388767410905963,-0.8919410264370723,0.46336029786949395,-0.3263590625303642,0.15730402071633187,0.1655082093557705,-0.19627964825771685,-0.30908490297100555,-0.2909310519490834,-0.25182583126545244,-0.5526384605829725,0.3605948532925239,-0.7175421263896817,-0.8142119283305007,0.3407227313845936,0.248887445470133,0.4373069801594813,0.20562538006234907,0.2604743212777363,0.195715113679341,0.22105427356436427,-0.11669948173178615,-0.12197823256286613,-0.15941079762104876,-0.14159819675026902,0.0720124771091933,-0.6873823890429527,0.09882222900016517,-0.12798210088096018,-0.1296067720799619,0.429791230430031,-0.8777684951253788,0.6504176054373766,0.1311971354308938,-0.7349526444619765,-0.9479705632907952,0.9722732853266157,-0.7602117572765114,-0.514199674863865,-0.9030006885348928,1.0000079530452217,-0.7617290169147888,0.10824329828338282,-0.074127963628503,-0.09649974243142224,-0.02727713852814627,0.10216034078154757,0.22170074228351247,0.2232102229370447,0.3770244751899375,-0.10667785777823446,-0.780090547121894,-0.8947017634302651,-0.2146614309375535,-0.40574195590308443,0.24001873729297704,-0.483190652075484,0.36568821571953775,0.6048357373124761,-0.47704592217227326,0.4536226221500665,-0.30600614917147767,-0.512433213891502,-0.3928237314593715,0.07654578505963101,0.11715796409055673,-0.32382889972091095,0.09823977584390263,-0.2997043189814226,0.05664598279287437,-0.7449128378501446,0.5092046802396949,-0.5152042970301518,0.28178878783259753,-0.3442619913235945,0.022908723792231658,-0.6099240118422964,0.34431810110530936,-0.7291539470173928,0.6305763501341105,-0.8150253477292292,0.7482733750736261,-0.6399013064773204,0.48204798048262654,0.7845790860694941,0.4877111733917212,-0.64017989991117,0.893686135766881,0.9056981074178907,0.8874829203050948,0.8560684874537076,0.8289510460553072
-0.43707780820979447,-0.6301845427151775,-0.42853639173319247,-0.3638192830113432,0.4190523792420087,0.43832771047499997,-0.274311721005425,-0.34937502180879526,-0.40545045443502237,-0.46019358711168085,-0.17979303253525272,0.043538820266187286,-0.0985620831891175,-0.16208534486061132,-0.35813259944564585,-0.20526241989463034,0.27068119412570585,-0.06162649995332652,-0.26649417252077223,-0.004864853290538707,0.46967907598985836,0.39209981407645544,0.0277234457355097,0.3635033267263887,0.5055232177495198,0.5630027428386154,0.007603558229616174,0.6895927527309023,-0.41504357804981407,-0.3912199280750676,0.47493782136658613,0.5961067064609211,0.4928319948588387,0.4638373684056528,0.8060251775846428,-0.4976657060560451,0.4092634042826932,0.5383280408954798,-0.5533007818147359,-0.20670217193336002,-0.376186226652139,-0.1630853078044432,-0.311224099378512,-0.14041763880772218,0.015579013284166176,-0.27441971527318854,-0.1589565625693403,-0.2072620651123709,-0.14868757067760563,-0.1164183164022101,0.6262121136055018,-0.07839315011565394,-0.23303646415425275,-0.3497864824054674,-0.45671647149353595,0.6732042621505205,-0.7572748727905069,-0.6013646681993526,0.8759536982454856,0.7220156474818993,-0.830503409370344,0.9578323793108799,0.9247686503772992,0.9535308722929315,-0.7617290169147888,1.0000079530452213,0.4717754248069361,-0.4802666336699417,-0.4453846099671096,0.6168218818076365,0.46589514594841425,0.11796767439027014,0.0398141293428732,0.01855697458047473,0.010384702438497867,0.7925404055226675,0.8420709466875311,-0.19503352835602353,0.720373621079095,0.29106581472557963,0.7219122059056243,-0.035645003121021514,-0.8197551955978023,0.04272983652914654,-0.6953398875240628,-0.1543620200041703,0.7627418887030974,-0.09004432028983175,-0.371510355544532,-0.6217711556959312,0.7028588386889073,0.493224444846099,0.7024407898244869,0.5096173962268625,0.9004757643725524,-0.10275974959957754,0.8651369808451693,0.25542398841887853,0.7454557521244611,0.557621888297344,0.8780918005454144,0.19602291963592514,0.9161497917338068,-0.19112678173802455,0.8733638336888654,-0.4773677638426144,0.8248098417877787,-0.12618900945712222,-0.6399037376656276,-0.10576760717048377,0.9459719075566336,-0.92280652644221,-0.8785973006854849,-0.7500224457196992,-0.7073209902286403,-0.685080967201675
-0.14634652586801195,-0.27673373087627817,-0.24279700326660533,-0.14694010233549817,0.3179383343401881,0.4685763041353865,-0.39111310664585874,-0.4180391543388903,-0.472925479242711,-0.4479613975978633,-0.31056299109597924,-0.37909314773950836,-0.2186114685521768,-0.2526082005758225,-0.5291087538235055,-0.4129777410313829,-0.32750680958182843,-0.45336235176500184,-0.5089229930714748,-0.5229370276879859,-0.318642287521838,-0.42469102138175174,0.6647724046069717,0.7956743970580309,-0.3860997784037012,-0.3214935005828082,0.7217719162556989,0.7957551265487356,-0.6132231637707278,-0.5619639130639894,0.6463345027377345,0.706928786432922,0.5614536639778994,0.5552146858757492,0.6165202645241945,-0.2954110652166361,-0.29212515239413084,-0.3135167075788516,-0.5884260226293586,0.1922851191978516,0.2051413367835387,0.1790948826145711,-0.028295193282036713,0.20908537804454105,0.6007475730698748,-0.6644737940584141,-0.5645399205882958,-0.6964888336243866,-0.662650027425279,-0.23930406145248118,0.024396164022846008,-0.06163230322201972,-0.4231247082036266,-0.7833083957807528,-0.005943922545349908,-0.14884467515282668,-0.11067445929395366,-0.5272500323902686,0.2161409266595969,-0.16083424741920824,-0.016723659580892024,0.36865175644603065,0.716175979347945,0.19614182053521415,0.10824329828338282,0.4717754248069361,1.000007953045221,-0.8744233678849389,-0.8537817503027041,0.9059730582258926,0.9747289206250072,0.772198444411048,0.644475633849754,0.7971756352974279,-0.28533577865166293,0.08288680727148723,0.015793293032540037,-0.8137502387810925,0.7495065782843479,0.9668658489712979,0.5990739552653352,0.7175497660329141,-0.5271288696982052,-0.7801280733715643,-0.6320583411268847,-0.8627137453758434,0.6462910838480668,-0.8687024774466668,-0.6650914732997,-0.8292142139563432,0.7835024718800566,0.9600426346360809,0.8180680514413774,0.9728596417122742,0.39706626211279145,0.7317289148806406,0.7522569497549427,0.9395597188659137,0.8120323114656817,0.9815858311105764,0.6364336647053591,0.8948102844939947,0.47999243801565583,0.6897870478415817,0.2236070551754555,0.412812554685449,0.45951460126383886,0.6884074739150358,0.19428223965608485,0.6942327477530484,0.603920896915839,-0.18516182886129104,-0.10334405389229731,0.10116186814055977,0.14956363715002802,0.16379825766022957
0.41615642363356925,0.4942511863705405,0.3838949802650696,0.39449298235893643,-0.30719934200945115,-0.3196212047611474,0.23166908692154384,0.2283730765183163,0.26487952574030577,0.24039064990810033,0.20254697665047147,0.253325605460286,0.16696393081537142,0.14911302497716172,0.29049795569391557,0.26218467057666484,0.22504417377462305,0.28131258474067894,0.31748683354707014,0.3212832257332134,0.2316936911276718,0.29474205423918154,-0.430559162689321,-0.5115262236568877,0.22592243661574557,0.21626957348400397,-0.4599569764832268,-0.5464340236161513,0.3499981094436091,0.30386235875520196,-0.3694708687549744,-0.4319741306742814,-0.3791077837584936,-0.4071739687006063,-0.5716082074301531,0.39602681153184965,0.15394032518192857,0.13465259904011587,0.3629851902685228,0.1405373037033893,0.15703463941099483,0.13035030759282937,0.39013664010967436,0.035260413772979025,-0.36124532487873484,0.7196731605918129,0.7146323061668426,0.8259773820262634,0.6969240899177774,0.16573754178511615,-0.03527338356962521,0.04385171783625201,0.4506225589436918,0.9600668346289497,-0.024414400131858246,0.20047248532018389,0.05833931673477606,0.6185921769139519,-0.18055134095043224,0.13501608509855123,0.009561973036622316,-0.33333529056581696,-0.6438857435438354,-0.23094925414312292,-0.074127963628503,-0.4802666336699417,-0.8744233678849389,1.0000079530452213,0.9939603781248121,-0.9579026047792106,-0.9323381243831732,-0.56912470068872,-0.38055132169763706,-0.495370925149975,0.055713093964611035,-0.16085485491639312,-0.13790286985528602,0.7728030758817557,-0.549189663330955,-0.8355329625020431,-0.5474870269324188,-0.4136584484813189,0.4745816110314055,0.5854734785023209,0.45214382530986535,0.7682304139441707,-0.5076504505253626,0.7259473382070473,0.36513375995963904,0.8915780419265583,-0.5348019193287166,-0.8051298042353466,-0.5708622368863635,-0.7879347985171419,-0.4602644234861598,-0.4138173406791481,-0.611228165977601,-0.7000886007171262,-0.5857646810135638,-0.8285222232650558,-0.4960425973636312,-0.6544954566129938,-0.4415165953905065,-0.4688389304850653,-0.32833445938177863,-0.14913484058570495,-0.46937203903740343,-0.3418325480318756,0.06433776946794155,-0.4020735956473833,-0.5706510039757238,0.25412174660715176,0.18337318673570951,0.049862960671567584,0.045441658709502286,0.06066902315608277
0.41649933514132986,0.493236673133265,0.3717067941077368,0.3867742816959653,-0.2950201706843896,-0.31298370873436115,0.1727356648811643,0.18757447950604944,0.2512939059283356,0.2180636407905957,0.14186041285587503,0.2116064649255638,0.21272122092062912,0.09958282316780723,0.2742993529236382,0.24174786031898138,0.21420512938184647,0.25824082824986677,0.29697852970069644,0.30191384844850266,0.2317305135336881,0.3009613326226621,-0.41038482244009666,-0.47365517032098625,0.23356622110270264,0.2279997825656578,-0.43436740866049567,-0.5048302999014082,0.3205527044786882,0.2762049761499437,-0.33294823001745694,-0.39874539312160784,-0.36999240577422493,-0.4051452609788836,-0.550095746464124,0.3549307338902755,0.130075926782749,0.13078536168544244,0.33890455916082823,0.14408866340690676,0.15777800459946822,0.14740806099804063,0.39864997516205314,0.06017155269068831,-0.3458893281967834,0.6641124077152206,0.6829167125234413,0.8275230901349443,0.7044533871392421,0.10927018931299651,-0.01836345625425258,0.10369268161817458,0.46961685243156026,0.973303891153223,-0.013761872940071026,0.22953885651762174,0.012929025971821755,0.5885058935685897,-0.14047354252512223,0.154383745906419,-0.02016930746770694,-0.29913756306616024,-0.6160327541498104,-0.20016890899655332,-0.09649974243142224,-0.4453846099671096,-0.8537817503027041,0.9939603781248121,1.000007953045221,-0.9496192555821159,-0.9289572722659677,-0.5618569391365402,-0.36948836330372614,-0.4801137210893097,0.003751427244965521,-0.13217451888121923,-0.11622137509342702,0.7701835530006038,-0.5156129640780153,-0.8214134933219737,-0.5334428123308197,-0.40465957887958887,0.43489144977493405,0.5575232037977561,0.42003776264983245,0.7541550974971616,-0.4773995101768883,0.7092751740088827,0.3187625608114356,0.8549446726010994,-0.48755657872216074,-0.7759253798343568,-0.5314669120786635,-0.767347048794152,-0.43239745967289334,-0.3890191827505365,-0.5682504793019035,-0.6700242506191151,-0.5389510938990895,-0.7995123231454749,-0.45728597352101713,-0.6327747259500826,-0.40692559933515393,-0.4482148674817887,-0.30943183643493877,-0.1366574009916641,-0.44040549326628575,-0.31193222333954423,0.0658565345656413,-0.3853705888896007,-0.5220429148115464,0.22691761089268458,0.1638693588628304,0.042746688942160084,0.04260654860946038,0.059829019555649454
-0.3581959076989784,-0.4754382747143764,-0.3562102842421775,-0.3180166261737136,0.3358452351537555,0.3842895124425325,-0.22995749019850764,-0.2620132488257802,-0.34452396131030133,-0.3169762776451577,-0.13553281397438266,-0.27568707788899344,-0.2463564533747943,-0.17252587616744516,-0.37027481972457504,-0.34703964014747324,-0.26384352128468,-0.3672145204277195,-0.40021651319051854,-0.40063269087029535,-0.21949253438428068,-0.3064712018618736,0.5073662256674583,0.6152954424007617,-0.20992326530474784,-0.1864936383694353,0.5175324673776885,0.6509988702827559,-0.43647174977629805,-0.386082965924977,0.46507718550390825,0.5311684922498557,0.44785292770550833,0.46786678544329663,0.6289365456226621,-0.34995693230228575,-0.12443698544563876,-0.10617193737346305,-0.4475512609272211,-0.06851819232714988,-0.11102362608068886,-0.06681983799629312,-0.2859059424033365,-0.019074485289007383,0.3259290536979826,-0.6251257270068358,-0.5226295663007604,-0.6724921813747504,-0.5618820033838676,-0.0690034119896486,0.15210743077236732,-0.10617409078860002,-0.5522030204204703,-0.8735756083626295,-0.15954145024339123,-0.07754997003172372,-0.26078978170600897,-0.7452125410732939,0.37707714804467046,-0.0366594260109883,-0.14572176439024903,0.5119371267068888,0.7954274688741699,0.3666149490548514,-0.02727713852814627,0.6168218818076365,0.9059730582258926,-0.9579026047792106,-0.9496192555821159,1.0000079530452208,0.9387032396465494,0.518708003682673,0.3669582442512686,0.4966770513670631,-0.022069266535106106,0.2714283450433638,0.23243663920009225,-0.6771311012102182,0.6344396243221717,0.8115015875794604,0.5968396746673885,0.4087745741671119,-0.5471105371137086,-0.5288689644457759,-0.5350174869200465,-0.6883774975655856,0.5845442677051337,-0.6660014567136231,-0.44650847764974366,-0.8874135718275309,0.6517797564457887,0.8798195784416649,0.697243945716541,0.8698363330370342,0.5238405967687044,0.42318288682466637,0.7108138542151046,0.7322899357888173,0.7016396697960103,0.9020783102702309,0.6083602755386464,0.7086886383219405,0.5370740383148711,0.4508554659367303,0.396930807457461,0.12221350779109397,0.5236608201055895,0.34456037936283507,-0.0943092183563619,0.4244477516822123,0.672450270028403,-0.35333702074385137,-0.2786957747943945,-0.11733232912654765,-0.09832015157190804,-0.10377413782648541
-0.2743434493491467,-0.4009473949173598,-0.32995675342593467,-0.2588744655523748,0.3605665589219193,0.47064866400856,-0.2946695393337567,-0.33559465609838157,-0.41219162476662086,-0.396698112959279,-0.2476154634501908,-0.2798575958983765,-0.25972053351170554,-0.14543555600700633,-0.4464486960324772,-0.3277911406240915,-0.26535643871461567,-0.35669978242909073,-0.41128213595294105,-0.4219689944053742,-0.26911473368494093,-0.3736388845618851,0.5582296938200743,0.6683975115797619,-0.3256949782377758,-0.28134311869688483,0.6045629570973285,0.7063078236681752,-0.5070159561661501,-0.4570273148127828,0.5284053824601936,0.6193688545777509,0.5532192643894351,0.568034927139053,0.6436443180566739,-0.32684143717236175,-0.19646175795763157,-0.22573806208333028,-0.5317880682122639,0.09351963311017851,0.08790370907706152,0.07991627446171158,-0.17216482669023012,0.1317305421714259,0.5640416398797965,-0.6487283732485889,-0.6088044309395638,-0.7734243429306397,-0.735341594010968,-0.1909542289830971,0.030255699912892755,-0.1356343370136891,-0.45117126806043756,-0.8816654640806297,-0.02594802016742612,-0.17622178464657162,-0.0556457908040717,-0.5137645178274193,0.1751226183250188,-0.15007375209962084,0.001050297193967795,0.33805747468976505,0.6912798759359067,0.1982205660402559,0.10216034078154757,0.46589514594841425,0.9747289206250072,-0.9323381243831732,-0.9289572722659677,0.9387032396465494,1.0000079530452213,0.7597181093532305,0.6043551711326483,0.721276221468552,-0.168989932236449,0.10110117277057092,0.05856591177015901,-0.8456836033386493,0.6977362469254124,0.949969596030041,0.635729396050468,0.6504773828723476,-0.5150519980175812,-0.7054312412324267,-0.587988890974356,-0.8570606913420296,0.623612814313428,-0.837373059400949,-0.5294601305307262,-0.8387239877855812,0.6781266756040283,0.904580326742317,0.7277339161781989,0.9288463682907873,0.43601312156909944,0.6161670604054961,0.7050240955811591,0.8568328774758494,0.7186654087723878,0.9320205813301923,0.5887629840623796,0.8204519668354794,0.4694816062467232,0.6022677909178363,0.2741736292948566,0.30417908174029973,0.48696191710033687,0.5680464868048796,0.0852293876256744,0.5892376292868706,0.5742556707800114,-0.2085020807290131,-0.13710053760462326,0.034791257628343085,0.06494598824281952,0.06728682576149482
-0.12818464760359735,-0.22521214163438574,-0.30172575356990966,-0.15283342748767292,0.40657760576624824,0.535740351288583,-0.3209110502584609,-0.3233187863137602,-0.39351000949761594,-0.40054255422500473,-0.39294318119889204,-0.23617822150634174,-0.23473521414936868,-0.058363722237005006,-0.4196817001055277,-0.2288769116537959,-0.16340202417103097,-0.2314438068701333,-0.30984479503942014,-0.31426900763367993,-0.23907567199953353,-0.31876308448848284,0.43470512779245957,0.5249794562947621,-0.3579626313616153,-0.2944577537404849,0.5228797267058856,0.5888214255918867,-0.4494353444790984,-0.40382774091943774,0.44623967758251687,0.5728933914032959,0.6093528201378378,0.6325737281909597,0.5276923357174125,-0.18664043272599698,-0.2584674371618453,-0.33165396060259666,-0.5096419760790213,0.37698747795575993,0.40870653241043103,0.38222872990900864,0.06113052358956893,0.4648970416879352,0.9128917059126169,-0.48634796593217017,-0.5907595168104953,-0.6835202739931883,-0.8382688671621701,-0.41920368692071064,-0.22035672671405276,-0.16701429637042772,-0.10874687351215777,-0.5755052915347527,0.2018731061482839,-0.2508140572185394,0.2636479908758191,0.01775489679053665,-0.15558821763255237,-0.2537947229469919,0.17532666283800444,0.01317226508645797,0.3453843127011864,-0.08001879274898668,0.22170074228351247,0.11796767439027014,0.772198444411048,-0.56912470068872,-0.5618569391365402,0.518708003682673,0.7597181093532305,1.000007953045221,0.9101396725319628,0.8831769260117336,-0.42362881395191476,-0.22979232406549224,-0.22419953202313628,-0.8778796021702373,0.6098384234952343,0.8794156048643638,0.5685340202141345,0.8870141112159927,-0.31699517861059795,-0.7978917835306629,-0.5109844143037692,-0.8831192584153821,0.5285381065656618,-0.8630412102504578,-0.5072704405771833,-0.4722286335007426,0.5210574961468666,0.6271791702488998,0.5731913857902241,0.7188571541161691,0.20019665594939756,0.7322474994101308,0.5054120840236264,0.7838201605083236,0.5370699686345207,0.6766693416204905,0.4202320257758365,0.6856994648619215,0.26914529760054706,0.5785217516785276,0.055519096463705876,0.4328211892216238,0.34876368582275974,0.7541604799915504,0.31583956317753153,0.6679293365439096,0.2590481056891835,0.03417151262852382,0.06168640572687756,0.1894506336667945,0.23953273087816052,0.26701556239936053
0.026812593433103233,-0.12896961396512985,-0.23799748797688106,0.007275428811114147,0.47254864163236104,0.675998315270576,-0.2770168399145756,-0.30663853169437943,-0.4941634050996246,-0.47755260215630735,-0.26800505662077345,-0.21662429942273387,-0.41815685089158594,0.02821699852300138,-0.5021416033499558,-0.28282133027251927,-0.1752583306992582,-0.2616763598499235,-0.3541161145201306,-0.353947709144188,-0.24231449385166567,-0.35780618189319713,0.44856016245194774,0.4994440925448845,-0.4009677902073786,-0.3215477115015156,0.5078441837549258,0.5499864304820766,-0.484814081760794,-0.43546773413894024,0.44952608505682323,0.5827841854566573,0.7230124422263725,0.7562448123933507,0.46968914236338255,-0.016258196021266026,-0.2112195519428245,-0.331670334965085,-0.5774558430066674,0.6675143119956352,0.6273870074895326,0.6723533983392581,0.2784421965813889,0.7266408408694826,0.9684635199255378,-0.4036631683270489,-0.38273652710288136,-0.3965724187560443,-0.6586758447890141,-0.25742901550619984,-0.17435380677434947,-0.3710308442278618,-0.2835824608176306,-0.41657011076791656,-0.031273167892497795,-0.2192461153657474,0.1897191552582443,-0.009809402115381538,-0.11048816398946298,-0.2305041073039604,0.17196542773766843,-0.009585143849059268,0.24727632850223638,-0.11766729858957078,0.2232102229370447,0.0398141293428732,0.644475633849754,-0.38055132169763706,-0.36948836330372614,0.3669582442512686,0.6043551711326483,0.9101396725319628,1.00000795304522,0.8941380255974254,-0.25163949778757866,-0.21389058269141636,-0.24405858545821163,-0.6661167940184958,0.587757050287919,0.7441708702447923,0.5670767332340907,0.9399353524742123,-0.28445208531914146,-0.696660737473351,-0.5310002564871892,-0.7152606392302409,0.523719246198916,-0.7453740594238577,-0.49172538305334534,-0.27821621347911224,0.44975368435882535,0.5082062741493558,0.5508928478767589,0.6486328775015519,0.08499407411474165,0.7097704059259227,0.4123157084269729,0.695627197439907,0.45891324918809595,0.5644280311078949,0.32531137780926206,0.6474772201194658,0.14259643575640604,0.5471127320854038,-0.07504536946396528,0.4727594101020662,0.22232169789134915,0.7729273206414434,0.3751208301474074,0.6741044103216005,0.11841702372218647,0.11848588230890601,0.1329282457415351,0.24761329025542161,0.30245327481216006,0.33132992701911873
0.2539622985872444,0.12202901658546896,0.03904194026552167,0.2184532608395034,0.20629687220154114,0.507700591545039,-0.3943710487017252,-0.4198979503420745,-0.5396211967865494,-0.4813672187869204,-0.31136429545620486,-0.4155421369579555,-0.2947663284542803,-0.16845370017433572,-0.6119203463486266,-0.3966615845683453,-0.37713117811767893,-0.4490647484245547,-0.5118827284599781,-0.5650405370334403,-0.4553950473903771,-0.5631668361427088,0.700163943627498,0.7494334708783656,-0.6146209570320853,-0.522401159820261,0.7864644551877924,0.66827643744521,-0.6465749293775154,-0.6045867220564368,0.6383716716316598,0.6799341416187131,0.5964074652357509,0.584043394722501,0.3490505305176773,0.03605639897837482,-0.4665753027702252,-0.5773292312187436,-0.5919429762002665,0.6265366550268243,0.695112141401901,0.5631336875226706,0.4016620040813778,0.5401408675208665,0.8336445722118384,-0.4767030096759738,-0.40154690824694433,-0.47352029865523926,-0.5963866326645478,-0.2610249506665707,-0.2679145601763543,-0.16611096151945692,-0.27027355296261146,-0.46765396431471545,0.12685165886729383,-0.34208574146555415,0.20934728687803666,-0.11086944995316193,-0.14777578158522076,-0.40267038051976034,0.280118039999481,-0.02916093329710973,0.30713109234485897,-0.2097197792718031,0.3770244751899375,0.01855697458047473,0.7971756352974279,-0.495370925149975,-0.4801137210893097,0.4966770513670631,0.721276221468552,0.8831769260117336,0.8941380255974254,1.0000079530452215,-0.4205604527146484,-0.3165588563201691,-0.39513675104949497,-0.7273101464724934,0.6173516388835723,0.8775075931071684,0.40260856094089564,0.984332393445087,-0.23168110607760647,-0.8800562069549496,-0.5200921161246701,-0.8212799317243866,0.4758045379935903,-0.8851555537788357,-0.697112906009267,-0.4084722313536671,0.6111369470189645,0.717719515650529,0.6698102515058405,0.7930136680972844,-0.02211320688633679,0.9349987421189754,0.46302430512566906,0.9072375289354939,0.6048028340882121,0.7425790977092183,0.3564920365273366,0.8627354531297369,0.11819019211305368,0.8062984942333534,-0.20180166363713734,0.7226562604796202,0.10644186335088511,0.9417708125048071,0.599392847717353,0.8942930171686523,0.16742538697587137,0.2284039497150621,0.27457014508090927,0.4511377891465826,0.5197107807187089,0.5536315329629374
-0.22620690820903183,-0.25650829206913894,-0.18854368529387458,-0.12770426221175776,0.2113361335162207,0.09886533413519322,0.6127303665385699,0.4711432101075968,0.11233138925416089,0.13561969090311649,0.769327403756295,0.2928871869525553,-0.5815787726405895,0.4482015928015924,0.21760095525595233,0.021172412990639457,0.05662183118855286,0.07336315724272359,0.14895631706091123,0.10092239621528515,0.11804039637472562,0.02861517388407352,-0.17451689012432917,-0.32804160650434694,0.1093421728721924,0.07163338652391733,-0.32644334869725977,-0.3773167227121795,0.33645809230370705,0.34376358407190727,-0.3813979669631073,-0.35602843025364816,-0.03062041982370121,0.032234370822425036,-0.10374153351952885,0.25096060408252574,0.424279984914392,0.3154384529308393,0.18404060353969473,0.02169949150617607,-0.1836228016621244,0.08062449032043635,-0.17081309926493166,0.1155865222456012,-0.23590814741755736,0.2139854771727036,0.33943643242516597,0.2713005324731996,0.15291187061318248,0.8288452414469293,0.31998194948955977,-0.6509129058193991,-0.6420768041418092,-0.10186237711913289,-0.650123446545205,0.10430634178022502,-0.1717229174902232,-0.2024344293108449,0.1628854883481699,0.16687086807496468,-0.09080069636272402,0.06963847690078559,-0.06184736410621798,0.09182239400350795,-0.10667785777823446,0.010384702438497867,-0.28533577865166293,0.055713093964611035,0.003751427244965521,-0.022069266535106106,-0.168989932236449,-0.42362881395191476,-0.25163949778757866,-0.4205604527146484,1.0000079530452226,0.2880107490324294,0.23918727747113364,0.35387599251675483,-0.30568867217201595,-0.36821896489840245,-0.010076726017480699,-0.35381522993067027,0.053181842874307994,0.48259005374718306,0.1866530287843866,0.38694538964675906,-0.17098228859382808,0.3783649971640162,0.502602463013674,0.16888787949417142,-0.38428684442168837,-0.2418455788509344,-0.2822463479536681,-0.18587139285025536,-0.042243427506190666,-0.5241907374049091,-0.3020059646357897,-0.44865610074408635,-0.37086079534657024,-0.26423323361234735,-0.27042433257640075,-0.24138299940167415,-0.20670694187614833,-0.3210561691128923,-0.0017605377688598377,-0.33096653339400794,-0.1419221608550667,-0.4918642395370575,-0.33741749667200954,-0.42108645413103785,-0.22190056475881195,-0.028303069203845902,-0.0571808925322892,-0.15430087137533507,-0.21564608212964234,-0.2660882179686178
-0.4602128596178614,-0.6165404452839954,-0.42651166074116337,-0.4365306846807149,0.3358622704402201,0.2584394349896896,-0.2185452457001886,-0.3234074922139845,-0.21122314996091526,-0.3047797984082259,-0.15630787231879426,0.40262693641402997,0.08514409554237543,-0.11272367355040859,-0.14417723333867286,0.03127700913346986,0.4535878870115883,0.17244321530527182,-0.03317338462859195,0.24896671473955723,0.6665841528756254,0.54525232142356,-0.2478389436553841,0.021474113695701617,0.6416931590655617,0.6754090607288854,-0.29444727749027044,0.3599885539757121,-0.1750430071564982,-0.1769077873854481,0.21293455633373934,0.30040473804774637,0.27580243106004404,0.23903304199970649,0.5886816343997096,-0.5994393844849011,0.6967934357003198,0.7687867272711254,-0.3513625351266005,-0.3007611855460538,-0.5337500740498942,-0.19701500542763356,-0.40563859907246413,-0.12192365136303852,-0.21402498827510566,-0.12908010745849738,0.053867375267845914,0.08787559547750708,0.10214930742902707,-0.010277098134575063,0.9241724441302975,-0.03774262844362865,-0.20778374156599932,-0.1011154871880857,-0.5876051758001769,0.7866721817560965,-0.7380662238018613,-0.39873071827178874,0.7715037111516858,0.8529413368996491,-0.7742193383112344,0.7354317849490372,0.5731696221858982,0.844784465629169,-0.780090547121894,0.7925404055226675,0.08288680727148723,-0.16085485491639312,-0.13217451888121923,0.2714283450433638,0.10110117277057092,-0.22979232406549224,-0.21389058269141636,-0.3165588563201691,0.2880107490324294,1.0000079530452217,0.9424618235927376,0.16330117797875582,0.44046576793188985,-0.10346530666200814,0.5281865877780945,-0.3520586345105851,-0.7560759884598675,0.4215214919338855,-0.5065732218013492,0.21692632252482177,0.5658402491125367,0.279420229366557,-0.07003347079985253,-0.36620331711382137,0.3453827676707575,0.15069466258798012,0.3221156603633683,0.1540464871999322,0.7864690649869064,-0.4327731756391251,0.5713905579389159,-0.1293490335922191,0.3918058270108717,0.1770176643275183,0.5527625589027413,-0.07872805593545966,0.6550194340013032,-0.35702609711511074,0.7317562985937771,-0.580895962085167,0.6340356653834359,-0.37609082348301676,-0.7651896547176227,-0.4492064087364372,0.7286964635626545,-0.8182896985881393,-0.7611529120969429,-0.7145788986121375,-0.7237924465830782,-0.7428964989532132
-0.5482408679751193,-0.7080309667310302,-0.4826338280858336,-0.4913777272552244,0.38205037584288426,0.29352187119459516,-0.12802222442600758,-0.2378226190764808,-0.19087339439664494,-0.30953441969490114,-0.13777281096841304,0.44463619833530144,0.05479200136829304,0.027444727133973685,-0.08958594590233503,0.13620601536612387,0.591710589322034,0.3187943892033824,0.07947339238143926,0.4002783357005826,0.7875184722272854,0.7186580690305454,-0.4212315199218129,-0.10903281642481752,0.8142292217051268,0.8355343369092768,-0.4625609347698366,0.32624239584752285,-0.09708138143890285,-0.10481219857705656,0.13705249553165724,0.2803793567759947,0.3115193002437674,0.28494293163959744,0.6604420875135486,-0.5876940495833958,0.7715434104929584,0.8849055567221076,-0.34010213129896605,-0.3842410716545881,-0.6179370236504078,-0.3006512638771514,-0.4809611024778115,-0.23322091855307864,-0.24556812533739317,-0.038088324296947675,0.015137439747121019,0.04618322638303493,0.07229970449257761,-0.06819861839363392,0.8036428819700497,-0.07735397316191106,-0.06687153227086456,-0.08654013981786192,-0.5172073919081991,0.8134664169129617,-0.7017558661676381,-0.3366302146599383,0.7773160595285448,0.9223031396422386,-0.8654635815638885,0.7832495124936979,0.590977742916,0.9313046406119803,-0.8947017634302651,0.8420709466875311,0.015793293032540037,-0.13790286985528602,-0.11622137509342702,0.23243663920009225,0.05856591177015901,-0.22419953202313628,-0.24405858545821163,-0.39513675104949497,0.23918727747113364,0.9424618235927376,1.000007953045221,0.14557353440527018,0.43874996664203053,-0.15078476147253514,0.5924364666313036,-0.4123659264997935,-0.7372355652303011,0.49862801795942124,-0.4985086000077624,0.2407999148223738,0.5796727888770327,0.3366274787031953,0.015584913473451272,-0.31720692005917017,0.3053111145380937,0.03451732604858255,0.2894725713113854,0.05575819422064053,0.8726967865082275,-0.5520053914816849,0.578105039931712,-0.23317662327961747,0.3535511227585295,0.0913508755718926,0.607295389580555,-0.24279269460422395,0.7532411720243463,-0.5550612950164053,0.8756932248211441,-0.7690053151260037,0.7357768488804883,-0.5112891892210305,-0.9018933230026827,-0.5594412797489735,0.743599938724517,-0.9361957971429066,-0.9132531301156415,-0.8945764572790182,-0.897206079665628,-0.9033646007603868
0.3019438148458754,0.31692894071377187,0.3172022129329116,0.2775303738905668,-0.30762496444519494,-0.36550104273097067,0.28636851728289586,0.2674482960321772,0.2744453052830744,0.28290581871707565,0.36329147379767457,0.23818826707355167,0.12081491688780117,0.102968470650139,0.30433275240795366,0.18627346860977598,0.160061386272852,0.20142774972009872,0.2566147159405663,0.30002565284045724,0.23673424277079674,0.2884857153739269,-0.3926078606334524,-0.48021207872959076,0.30358833674881475,0.26873983342870034,-0.47598101391394976,-0.5259392532051255,0.3562847141448257,0.3150173780510404,-0.37034029014263503,-0.46519652804645883,-0.43756178214752456,-0.45453285849166397,-0.5033234230839493,0.2979650157765605,0.2553511150966942,0.2802540084336546,0.3858229157700838,-0.06730832242254255,-0.1275863668899493,-0.07002551176726939,0.18208443993197654,-0.17129612966532784,-0.6863032442552598,0.6093730758644431,0.7684041416823953,0.9056142500991124,0.9012234641315768,0.390104129475819,0.20062188444638096,0.036776393003374694,0.11396165875145302,0.7788328067005806,-0.30003302786795893,0.2877561007189067,-0.2723618547767997,0.10012225976117886,0.15010023013645005,0.26054830204001356,-0.16475503694623264,-0.04652665121936601,-0.40378066084831415,0.027011258728451067,-0.2146614309375535,-0.19503352835602353,-0.8137502387810925,0.7728030758817557,0.7701835530006038,-0.6771311012102182,-0.8456836033386493,-0.8778796021702373,-0.6661167940184958,-0.7273101464724934,0.35387599251675483,0.16330117797875582,0.14557353440527018,1.0000079530452224,-0.5347106436301207,-0.8986887721512463,-0.5033952839140784,-0.6897605461080203,0.3285844166166625,0.7802077881371784,0.4276468963643187,0.9744772641709329,-0.4625314450326374,0.9187392330053801,0.4650083981045171,0.7073851795434277,-0.49050109286659366,-0.6812816666969086,-0.5128864386349948,-0.7132370702774663,-0.2746589582593312,-0.6207095923536148,-0.5073734501383432,-0.7551556641422915,-0.5166892676747842,-0.7159352487186695,-0.41721624509294297,-0.6542572101516838,-0.31592368020291584,-0.5537415351843045,-0.14824286714519458,-0.3386893656208819,-0.38297912799633954,-0.5944318839475091,-0.19358461357871035,-0.5963381333450145,-0.34753743137630694,0.0399344872977685,-0.0022017355248925906,-0.12634755924372387,-0.15478823956727922,-0.16473608667694337
-0.07989933884252305,-0.3612735287179148,-0.20104417672333286,-0.05459890227871726,0.392649746586993,0.7059085161994351,-0.5832211010389158,-0.7204841852668452,-0.7945300841987326,-0.8068379849385314,-0.455979839177347,-0.03192078247525042,-0.17403635232672623,-0.14946767951981396,-0.7761137186877438,-0.2073664622174859,0.20280970200939855,-0.08609129425282831,-0.4424085267039905,-0.14869380946137006,0.25932296261639426,0.12203411411614278,0.2845807115583816,0.6449961442260935,0.13116920776491536,0.24324978769346672,0.363047214952281,0.9641859443066713,-0.8053990408089202,-0.7877866350831987,0.8269985705853238,0.9609824050672608,0.8250042846880942,0.7589538276495571,0.8632537469311369,-0.40600981008678655,0.1811014255009682,0.18032634041265394,-0.9284269208887567,0.283774310128225,0.18801093105987846,0.24578298551110894,0.07132957898576803,0.23336495352504816,0.5144507390906751,-0.4492546018278317,-0.3403301580614129,-0.3838364451224659,-0.43704665382508345,-0.34396299528893176,0.35178156138993943,-0.16078303450185788,-0.22966015649762453,-0.45892235760051264,-0.22588444479258463,0.32939579852993467,-0.35640053905728375,-0.3704810745689287,0.4864680962184876,0.3834144215063933,-0.4650513719503376,0.6255484132084607,0.7831024463010205,0.5842483028576919,-0.40574195590308443,0.720373621079095,0.7495065782843479,-0.549189663330955,-0.5156129640780153,0.6344396243221717,0.6977362469254124,0.6098384234952343,0.587757050287919,0.6173516388835723,-0.30568867217201595,0.44046576793188985,0.43874996664203053,-0.5347106436301207,1.0000079530452204,0.6901608755658777,0.8415477688674153,0.5810665282833317,-0.8480062097816119,-0.42808410838249045,-0.9664637394265488,-0.5528024065585154,0.9694963913767254,-0.5400636097681167,-0.7358195258885175,-0.6141449728699906,0.8902037248018734,0.692224058367825,0.9154399525163719,0.7696150391170664,0.6970037316093066,0.44986158017832617,0.9488519779263462,0.669352129291191,0.9140161758621499,0.7670482949902369,0.8920163062187954,0.5916231836234347,0.7840454649387159,0.28792116702292064,0.5495091678032258,0.0533690601722023,0.6983929928435394,0.4712121867462454,-0.15386291202575933,0.4015557633474597,0.7926112386715897,-0.58151534090909,-0.5246942803071577,-0.33212266794928275,-0.2550767850330269,-0.21478922326653624
-0.09956589069584133,-0.2088826644775563,-0.2042315582292662,-0.11438383477539242,0.2874173177850699,0.45858855039706475,-0.3914465066540581,-0.3996793195507997,-0.4487342415808213,-0.4204175513374412,-0.36148404785925753,-0.37754789260796545,-0.20209353960298762,-0.2061354028558691,-0.5085094912817948,-0.35595837871501623,-0.32185541930898515,-0.40094373470448774,-0.4584320793262632,-0.488006203211299,-0.36877763443566786,-0.45861453193083973,0.6337607278776223,0.7320653786531877,-0.4570564218972525,-0.39526619304501065,0.713625000765147,0.722290730787176,-0.5762640571562271,-0.528134505115018,0.5935160629706919,0.6603920434302182,0.5539262478973133,0.554701150474463,0.5468663475614848,-0.24491273525548415,-0.36073211124026533,-0.4047400581694134,-0.5526089099852287,0.25052612695765847,0.300506429347309,0.22198873638304412,0.005068952716588205,0.2644254756996451,0.7081577619781322,-0.6664999434974291,-0.6547577668679676,-0.7736504812766064,-0.77017370904045,-0.32318446455416566,-0.1404299459995682,-0.060887488607719954,-0.3135767730084753,-0.784722208589952,0.15120148922236445,-0.28459112749261756,0.10399963971820163,-0.34325968822022024,0.003347868763118693,-0.2915311903259872,0.14088820939050709,0.17271935518554596,0.5521870502077784,0.0188219049900016,0.24001873729297704,0.29106581472557963,0.9668658489712979,-0.8355329625020431,-0.8214134933219737,0.8115015875794604,0.949969596030041,0.8794156048643638,0.7441708702447923,0.8775075931071684,-0.36821896489840245,-0.10346530666200814,-0.15078476147253514,-0.8986887721512463,0.6901608755658777,1.0000079530452208,0.5502443672043124,0.8173314540930137,-0.41426530440136305,-0.8643489827735716,-0.5693273299038842,-0.9402962342545927,0.5777195470866381,-0.9422920108254799,-0.6344537948893523,-0.7461777167896615,0.6883575590536077,0.8799101001621888,0.72653285469079,0.9092461812197962,0.27375435249020336,0.7987432745751561,0.6447986116965473,0.9417158048288963,0.7114000057677562,0.907893310007098,0.5248889900238534,0.872107985367385,0.35785023624923257,0.7333171408779199,0.09887333191820512,0.5020749259647093,0.3675169123852196,0.7640220128179425,0.3125629559500722,0.7528824524598312,0.44992479476124664,-0.03394887475405045,0.03351448851478039,0.21673647590488665,0.26394302697503985,0.28015230236637173
-0.4725752305855187,-0.7472254948154575,-0.6095797684762696,-0.40627531497624164,0.7453958583476278,0.8461085131869938,-0.29778218134651596,-0.43621001667835385,-0.5593302400220795,-0.7106824627308782,-0.3287263756586579,0.18498411175678658,-0.2868588552454391,0.1966431630327877,-0.42834844357716123,0.03266034599593678,0.33447713406397017,0.16096145986937685,-0.06532265426759096,0.13952561508758107,0.4002683068736128,0.3019178891100937,-0.049881279323108756,0.25198450189693944,0.35329200257639726,0.3987386657177543,-0.012985300159836528,0.698406847280018,-0.4021418366617812,-0.37331646881372377,0.4090848983338375,0.6971379489697858,0.890977836853624,0.8894187502258247,0.9806497569617308,-0.5229385739855131,0.4485936365305232,0.45777970618712943,-0.7688842031550984,0.15894172110190943,-0.05940385714136766,0.2069395970545204,-0.20814948448873544,0.2748802712562538,0.5280255749403978,-0.4016752035371346,-0.37444179273340583,-0.4072796345969276,-0.5270900359431046,-0.2638188495630081,0.4059812514515465,-0.3424509640339267,-0.30034587734516593,-0.5375968605604309,-0.3511092788182983,0.3383151391695115,-0.3168391338792489,-0.33194051483029097,0.46552023607313864,0.4659610698482668,-0.4872601983453577,0.5909344145660218,0.7096154275213036,0.6372328916693569,-0.483190652075484,0.7219122059056243,0.5990739552653352,-0.5474870269324188,-0.5334428123308197,0.5968396746673885,0.635729396050468,0.5685340202141345,0.5670767332340907,0.40260856094089564,-0.010076726017480699,0.5281865877780945,0.5924364666313036,-0.5033952839140784,0.8415477688674153,0.5502443672043124,1.0000079530452206,0.4144800544069104,-0.8528091718538608,-0.18794635742105412,-0.8563364051827029,-0.4516722426596499,0.9162423505753045,-0.3841538765958053,-0.310894221321031,-0.5721543410026164,0.5932858213074323,0.48647554630371836,0.6706129959052357,0.5998460200457784,0.8339855798634064,0.11235989563421436,0.8182918512865417,0.39577992205845225,0.6461996821021265,0.5729549864350825,0.7855863121751784,0.3431610913552275,0.7807780805851806,-0.015945508507771936,0.7203030434713591,-0.28584103664482896,0.8593218483151177,0.17844864441697383,-0.48107918786809567,0.06482492365295717,0.7165097329842645,-0.6865834920255283,-0.6648616928329483,-0.5651583672792911,-0.5315511869473457,-0.5173000531954742
0.26468873792157915,0.11805277352412315,0.0249507801162915,0.24619492731904344,0.2649015137342515,0.5744785648071618,-0.34489069075479956,-0.3726730794169404,-0.5573410063857697,-0.49507868617482026,-0.24776254719906482,-0.37888576846603506,-0.3825022996851385,-0.08510713432493656,-0.6056768020392858,-0.3796007433751709,-0.32993968818948727,-0.4030352750260956,-0.4795456286732552,-0.5169320660225354,-0.4173041261772824,-0.5261992947153357,0.634155176254621,0.6684541592316705,-0.5853279074992236,-0.492815256292496,0.7115742387026474,0.6085497257991002,-0.6087850717432913,-0.5644748746968566,0.5816907219986175,0.6434920761578745,0.6418331567420463,0.642204884806114,0.33485528505080675,0.11755964623416987,-0.4194103807269824,-0.5465364667367202,-0.5926143717456798,0.713426086768157,0.7555268315655674,0.6528157878967071,0.4478916949876224,0.6308262119911529,0.8861351757763336,-0.42000940287065275,-0.35965292649067576,-0.41865254361726023,-0.603794497050218,-0.21053517573821023,-0.29185835949868977,-0.27670513095810456,-0.27879977328516525,-0.41979803885787254,0.08026341429367904,-0.33574128620936655,0.24593157271958058,-0.03330862071492481,-0.18063756442142595,-0.3877375204428889,0.28355236949153456,-0.06803239755106723,0.2408975385507617,-0.23425068266013038,0.36568821571953775,-0.035645003121021514,0.7175497660329141,-0.4136584484813189,-0.40465957887958887,0.4087745741671119,0.6504773828723476,0.8870141112159927,0.9399353524742123,0.984332393445087,-0.35381522993067027,-0.3520586345105851,-0.4123659264997935,-0.6897605461080203,0.5810665282833317,0.8173314540930137,0.4144800544069104,1.0000079530452208,-0.19565995200351305,-0.837888873342533,-0.5040953893373008,-0.7767044813929557,0.4582142288636585,-0.8407103210750649,-0.6384253664297088,-0.2999024712809753,0.5352077461521748,0.6160084281355892,0.6154899983673361,0.7226160775854269,-0.06205588769234145,0.8842139516638267,0.3959088926270994,0.8282924117944015,0.5266809914548772,0.6518099747526073,0.3070219380896102,0.7846782390833201,0.07332126543781294,0.728500771971625,-0.22289466036801817,0.6790371557782099,0.07711700900602152,0.9043798654391194,0.5882554338863288,0.8552975537765869,0.07881877498709275,0.25320353379663135,0.27901506990983865,0.4313551075310842,0.5003163706106056,0.5376523095281674
0.3747966441971407,0.6270527922424965,0.46469302244144645,0.3252625896239993,-0.5668080615795741,-0.656164021864428,0.5260464691163507,0.6699493576087492,0.6187849835262645,0.7458397844472785,0.43297095914235495,-0.21294055583883695,0.012117560025141891,0.03353049741756576,0.5016144172622241,-0.051809344703836226,-0.4278129221049972,-0.18982917223746948,0.14271748143720767,-0.16381789059488402,-0.5234582887487838,-0.4105646903046619,0.046801189312986664,-0.3399634977593277,-0.45231411232374397,-0.5152398231834304,-0.007407157494207078,-0.7620169226142345,0.5239146067829182,0.5157344493226912,-0.5593504642671595,-0.7294391432562364,-0.6989007177743443,-0.6271210503414881,-0.8931788837502278,0.6432407925295435,-0.5050381303503902,-0.5408081796574917,0.7891442427894855,-0.018999602015685232,0.18980694728185377,-0.10606327758545299,0.17803158499605207,-0.16662315122129984,-0.28226150269349026,0.48065352217237384,0.31641602508889066,0.2914707477276534,0.31708935529348553,0.27431514020863834,-0.6429639083104303,0.0681929598902663,0.2287317132825577,0.3983147253972347,0.3113334784793575,-0.49933846531028264,0.46726213381815274,0.38751658156774416,-0.5812374826897703,-0.6154896502715401,0.6101542957711268,-0.6793305133759809,-0.7466678278834982,-0.7497418897503133,0.6048357373124761,-0.8197551955978023,-0.5271288696982052,0.4745816110314055,0.43489144977493405,-0.5471105371137086,-0.5150519980175812,-0.31699517861059795,-0.28445208531914146,-0.23168110607760647,0.053181842874307994,-0.7560759884598675,-0.7372355652303011,0.3285844166166625,-0.8480062097816119,-0.41426530440136305,-0.8528091718538608,-0.19565995200351305,1.0000079530452217,0.1201730504819549,0.9082554891450084,0.31426167224037377,-0.9307686157006502,0.2584104218584539,0.4432452048019613,0.6268364179375253,-0.7094590686045871,-0.5243310345789612,-0.7044872937314269,-0.5542269583113592,-0.8847024449931804,-0.04933388029102142,-0.8841257815937507,-0.3528040155465849,-0.7464730214509742,-0.5669573938947444,-0.8516907513451818,-0.3359521426388582,-0.8568743178368703,-0.010915792467804348,-0.7625337757665245,0.2804999629384548,-0.8513993199006376,-0.12413899837205664,0.5249294294958804,0.028357263837635573,-0.8665502515595439,0.7867710323489804,0.7217032271495887,0.5874710805136761,0.554288487605749,0.5455468933851125
-0.19475156587649334,-0.17233749297019677,-0.043157788917232105,-0.17596773459841952,-0.11828405055129718,-0.2754510916932458,0.4257843097178307,0.315182871043367,0.36216803359909006,0.2814738538356296,0.2976750130708346,0.6319906257632398,0.11053780673188661,0.3338430703294055,0.44064207684282214,0.45499780183228766,0.48343137308837697,0.5200280525460313,0.5046163811234551,0.604203639093522,0.5806100930137351,0.6090627736260447,-0.7205625621458014,-0.730526535600108,0.6593196585394439,0.5957058241777328,-0.8152296163308861,-0.5367158656250679,0.5156986280739962,0.4644472665128877,-0.5262892987162198,-0.4846005813733774,-0.3175675367726417,-0.30493682355375257,-0.1757212210419881,-0.05579967257730075,0.6697278200977537,0.7030927764042708,0.36432232569869,-0.41821237788775134,-0.5428430783770319,-0.40615247081985895,-0.30981571410677244,-0.4148272029655098,-0.7115855286280328,0.6584800671552358,0.5911030823206218,0.6340497481939538,0.6459375867983455,0.27909938406553386,0.40158430125513356,-0.0959459888533215,0.1646129191125233,0.5318611385224631,-0.387150687289031,0.46082442680792945,-0.2981921838108284,0.13109681111914995,0.24325999740475793,0.5396825799629772,-0.37426225195136986,0.10362941609609391,-0.2583693631072263,0.29092566926004604,-0.47704592217227326,0.04272983652914654,-0.7801280733715643,0.5854734785023209,0.5575232037977561,-0.5288689644457759,-0.7054312412324267,-0.7978917835306629,-0.696660737473351,-0.8800562069549496,0.48259005374718306,0.4215214919338855,0.49862801795942124,0.7802077881371784,-0.42808410838249045,-0.8643489827735716,-0.18794635742105412,-0.837888873342533,0.1201730504819549,1.000007953045222,0.32507423361241955,0.8849449472697765,-0.2776717064850024,0.9321411259975448,0.6551888497891152,0.506115861705981,-0.5546148875658888,-0.7362820578641094,-0.5639852048672765,-0.7316523605379573,0.10854467110965,-0.9139499574673533,-0.3573193342642334,-0.8934810594855697,-0.5376376034021868,-0.7286740894492574,-0.28041923073187974,-0.8224422421924247,-0.07131219314379925,-0.8345411350901809,0.23093422330003957,-0.73345508324777,-0.04413548037098011,-0.8787701670845403,-0.6419077727807034,-0.8655510296042095,-0.1416941103663051,-0.29047835614068895,-0.34156085920509444,-0.5088912441742979,-0.5669499293654979,-0.5971661694020443
0.07453999236354973,0.38432822987257786,0.21380706395393748,0.022473925438785083,-0.46694793218341696,-0.7813589767104859,0.583391387554633,0.7596334851145206,0.8493781713043196,0.9025761771296057,0.4162633484879143,-0.06997665176468017,0.18933014569216727,0.019026201185123992,0.7636696850992876,0.07260970954506067,-0.3140795798830208,-0.06362111019758276,0.3216450055166686,0.00816939874239658,-0.3619661873113097,-0.2300337297207283,-0.14752875839242457,-0.5258894459589432,-0.23247382916722872,-0.33377985255190656,-0.22680852315921485,-0.9011997607640487,0.7571725182257442,0.7484066325964238,-0.7668578747924906,-0.9254049977241408,-0.861632331897828,-0.7784460029209409,-0.860843942011257,0.3986479679086916,-0.3137250147461019,-0.29785708099162467,0.9691638242205348,-0.33024080328295835,-0.18013944789278044,-0.31904066707924666,-0.1155447115375809,-0.30580416270566935,-0.47705780522156993,0.4312946966571665,0.2774869153568247,0.28589324332047084,0.3733914570752247,0.2681793207766954,-0.4231558450571992,0.211627840987175,0.25831813112735047,0.3879962853727374,0.28351678765032895,-0.36134962249855374,0.3484272922677276,0.31774782209783253,-0.4706097706009473,-0.4463955137771941,0.4838237357676984,-0.5919119458809442,-0.7143778514025053,-0.5955050903308199,0.4536226221500665,-0.6953398875240628,-0.6320583411268847,0.45214382530986535,0.42003776264983245,-0.5350174869200465,-0.587988890974356,-0.5109844143037692,-0.5310002564871892,-0.5200921161246701,0.1866530287843866,-0.5065732218013492,-0.4985086000077624,0.4276468963643187,-0.9664637394265488,-0.5693273299038842,-0.8563364051827029,-0.5040953893373008,0.9082554891450084,0.32507423361241955,1.000007953045221,0.4473458870827132,-0.9849892263598236,0.4352342297274471,0.6542815730362496,0.5322453389558917,-0.8165320653242701,-0.5890702806431501,-0.8455996617630247,-0.6695937359113063,-0.7110692506765837,-0.3289401971045822,-0.8961587510087442,-0.5403477784072321,-0.8360971026864882,-0.6536350588211202,-0.8607698280148797,-0.49855594325177904,-0.7755348462374296,-0.1937854011914316,-0.5731953726426225,0.027806261213030776,-0.7097055662799973,-0.385624862437607,0.2367186439448274,-0.27206480153378637,-0.747428396921298,0.6080365378794267,0.5588250379232013,0.3898064374058071,0.32191329644654704,0.2876224326171588
0.15912503771018258,0.18688224407236934,0.22662773167734973,0.14596555242622644,-0.28339396317580356,-0.3824105789185025,0.3542724208222043,0.31798282448438037,0.3389654960167206,0.32644740407104345,0.3610863852154913,0.37191116954838077,0.13683478559029422,0.17629867900374943,0.3817326224412078,0.28482244145170904,0.27730948614595097,0.3209587217728608,0.356481735356568,0.4345514373740272,0.3593722218134434,0.4146952992330821,-0.5338159549018403,-0.60582890185814,0.43679012695112573,0.3899156385099104,-0.622862536976941,-0.5807006085713753,0.44402847533275713,0.39697056265482505,-0.45899915084426024,-0.5196068222289554,-0.4487193635258381,-0.45386562493166915,-0.4453538434359155,0.21839441175845234,0.38846297808158503,0.4193086950074585,0.42791894609754877,-0.2033811904364779,-0.2724387725652791,-0.2061592218670414,0.023986705725036882,-0.28169285079036294,-0.726655289417093,0.6799503548868033,0.7423890024166903,0.8442284415624847,0.8410254114618132,0.3578311713169577,0.23884253033525535,0.008475454214108412,0.18998776820257535,0.7511446431303003,-0.30339988236936594,0.3505255787669785,-0.26229088986089893,0.16579600914533052,0.15699160260805858,0.3520447148841326,-0.22974773909856838,-0.024396864953902572,-0.4011404173399846,0.09297005417432418,-0.30600614917147767,-0.1543620200041703,-0.8627137453758434,0.7682304139441707,0.7541550974971616,-0.6883774975655856,-0.8570606913420296,-0.8831192584153821,-0.7152606392302409,-0.8212799317243866,0.38694538964675906,0.21692632252482177,0.2407999148223738,0.9744772641709329,-0.5528024065585154,-0.9402962342545927,-0.4516722426596499,-0.7767044813929557,0.31426167224037377,0.8849449472697765,0.4473458870827132,1.000007953045221,-0.45501177060659637,0.9820119846417462,0.5736509919373011,0.7128976213127989,-0.5579541039894192,-0.7604020256254832,-0.5809453603775419,-0.7804278721128793,-0.1855397737796723,-0.7522105066852315,-0.5098070630106407,-0.8532880002649658,-0.5731748940294782,-0.7807617921515181,-0.4114458822302484,-0.7687027583027649,-0.26601010321250085,-0.6909154254856937,-0.040399563351840126,-0.4913282572469736,-0.3076721480307337,-0.7284405959400505,-0.33907581074464366,-0.7244958825804122,-0.3239653367759901,-0.04935894450171587,-0.10277179807892042,-0.255001883514195,-0.29373235470195763,-0.3080418216259365
-0.21728027626465304,-0.5158131996618547,-0.3369425580513452,-0.1700148700143482,0.5207652239815913,0.7713923592859433,-0.5410408483785629,-0.7039788790833827,-0.7738511595032815,-0.8366545531712327,-0.4341735084281768,0.12025564005713092,-0.17784771407939387,-0.016934437144899634,-0.6936846472448223,-0.05994929676168493,0.35060983838257076,0.08786764237486576,-0.288745023932763,0.033330781911269015,0.41371569196144437,0.2819235017522083,0.09417144654253798,0.4738036557834909,0.30159119911594434,0.3937197704553311,0.16287650160876346,0.8839224078223278,-0.6941522885841493,-0.6810260294048183,0.7071349660297379,0.8890109993383043,0.8575125088118919,0.7964476599449957,0.927894899868216,-0.48750512614720815,0.3734049869819813,0.3758329202445434,-0.9233044499340085,0.22549853156223026,0.06153258280781306,0.22939047475877855,-0.027836944928488806,0.24765864063005286,0.4719243763430591,-0.43328686531454,-0.3267423932077013,-0.34413316148113793,-0.42323072920124893,-0.31132310272427804,0.46130347100121144,-0.2149299131692672,-0.24535643126873108,-0.44563124411024596,-0.3025899018762894,0.40425989587636696,-0.38346136341226067,-0.3497108946138127,0.5190150619769867,0.5038373429437567,-0.5377736886325541,0.6470566819414524,0.7615522032083036,0.6655752330165674,-0.512433213891502,0.7627418887030974,0.6462910838480668,-0.5076504505253626,-0.4773995101768883,0.5845442677051337,0.623612814313428,0.5285381065656618,0.523719246198916,0.4758045379935903,-0.17098228859382808,0.5658402491125367,0.5796727888770327,-0.4625314450326374,0.9694963913767254,0.5777195470866381,0.9162423505753045,0.4582142288636585,-0.9307686157006502,-0.2776717064850024,-0.9849892263598236,-0.45501177060659637,1.0000079530452208,-0.4191638568742654,-0.5931275172366726,-0.5844431533824432,0.7948494732826479,0.5831747708208599,0.8274832226335681,0.6687974774825621,0.7985785434738605,0.2598174400188229,0.9268973632394986,0.5130573456786411,0.8278361093165194,0.6595339538387802,0.8842817677063174,0.45474772564562327,0.8278090906639988,0.12358563769480972,0.6637541111645411,-0.12803179009417442,0.7891134655873874,0.3114574083682686,-0.34262982405032966,0.20564564839078958,0.8046431989310717,-0.6857758098656803,-0.6377399411957494,-0.4805912059975303,-0.42057413404380806,-0.3911116551576661
0.006773562982693268,0.049277162336539414,0.11138148874375489,0.0031815855284731314,-0.23021788692044584,-0.3857306441126028,0.36372480617827424,0.3287916829522126,0.38630657283326414,0.34654819551939103,0.31116324761240904,0.45980526510138103,0.18887108515820158,0.20726770464546881,0.4447550723768354,0.36537881103658754,0.382090537442095,0.42240029563568626,0.43590888609786366,0.5500104856928518,0.46743457042112485,0.5328089776882015,-0.6479093825081264,-0.6890190335336921,0.5604084242316419,0.5030361453008099,-0.7332469272475333,-0.5952233407914423,0.5052917769425549,0.45585401681936955,-0.5147951438093531,-0.5454148798029965,-0.4502377954181507,-0.44903644633866285,-0.3647551214311735,0.10442106633879922,0.48957176542584013,0.5385146362484095,0.44753467067865643,-0.33402520497887306,-0.41419707682756723,-0.3183171083908602,-0.12473336342762208,-0.3596982349856158,-0.7384504030733673,0.6716077853594563,0.6620890669249079,0.7518670912229927,0.76137925053603,0.2855861398413658,0.27849213980917903,0.03283424519167307,0.26577495423645,0.7008803238206727,-0.26750334120545916,0.40307733635963766,-0.25565031573966773,0.20095418155731443,0.17039012160864697,0.4329726848758111,-0.29504804192767686,0.011336183680194841,-0.3691931840186959,0.16891408766623775,-0.3928237314593715,-0.09004432028983175,-0.8687024774466668,0.7259473382070473,0.7092751740088827,-0.6660014567136231,-0.837373059400949,-0.8630412102504578,-0.7453740594238577,-0.8851555537788357,0.3783649971640162,0.279420229366557,0.3366274787031953,0.9187392330053801,-0.5400636097681167,-0.9422920108254799,-0.3841538765958053,-0.8407103210750649,0.2584104218584539,0.9321411259975448,0.4352342297274471,0.9820119846417462,-0.4191638568742654,1.000007953045221,0.6378504626294418,0.663899874009296,-0.576511112353437,-0.7882071957634916,-0.6084830348155427,-0.8088828729742972,-0.07341043940187353,-0.8441021506113557,-0.4716379754146126,-0.9033882182154807,-0.5821095328794479,-0.7990867458359717,-0.3669338578181185,-0.8410955147432023,-0.1828481848397078,-0.7865004471182655,0.08338611811025841,-0.6186192253421675,-0.19868113158173048,-0.8187455139618475,-0.47210512291970386,-0.8254074300833651,-0.25794393568785046,-0.15258368788152696,-0.20965441649505637,-0.3771997640371431,-0.42335373746760036,-0.4408894302578938
-0.3683965940035546,-0.22900540724922785,-0.2783551202556963,-0.3733968187981689,0.05829077598362362,-0.3158704791375314,0.6765265840680477,0.6816867315308117,0.7166713312482274,0.5373868735689572,0.3692297709042203,0.3946364909710083,0.059891476295974924,0.5329990877933274,0.831992438267319,0.5274381285313613,0.13252935325668339,0.44689754209577814,0.7612946437748336,0.5658569461955568,0.12014834170943739,0.24287437457879268,-0.633352265303593,-0.8617400308358621,0.2829470587819612,0.14172734243372942,-0.717473685181985,-0.8461396295004575,0.9102335737331949,0.8868473103109769,-0.9230696800882853,-0.8211425004512056,-0.4340920509046098,-0.3543611186093788,-0.34905199158061595,0.009992988493558178,0.3101845992296065,0.3259370507318261,0.6878355587806338,-0.4221267395328473,-0.491663643977928,-0.3355169856190484,-0.4253041008059135,-0.25045489364056095,-0.4307869856175023,0.4192585472093514,0.22179806640877286,0.24834182533882024,0.243253835873498,0.26297328941338594,-0.09042676107747628,-0.057767634111618844,0.13984755485932843,0.23160522146762005,-0.008742358467549248,-0.10501263158216965,0.21454341061874393,0.2785305810021768,-0.2707449967813796,-0.03620637698221856,0.20214734460519881,-0.3700559229146957,-0.5331527386341363,-0.21386762516313776,0.07654578505963101,-0.371510355544532,-0.6650914732997,0.36513375995963904,0.3187625608114356,-0.44650847764974366,-0.5294601305307262,-0.5072704405771833,-0.49172538305334534,-0.697112906009267,0.502602463013674,-0.07003347079985253,0.015584913473451272,0.4650083981045171,-0.7358195258885175,-0.6344537948893523,-0.310894221321031,-0.6384253664297088,0.4432452048019613,0.6551888497891152,0.6542815730362496,0.5736509919373011,-0.5931275172366726,0.6378504626294418,1.000007953045221,0.4607094339390577,-0.8459702367423074,-0.6833461003235667,-0.8231904208824001,-0.7003340695604153,-0.18038759439684696,-0.7331840077362305,-0.6691607490305026,-0.7712496777588991,-0.826863473698017,-0.71389415119034,-0.6076511196487221,-0.692142258091291,-0.40859434058134864,-0.5825155003079332,-0.0630242006210004,-0.48702141487796463,-0.1969968740386163,-0.6939472246923273,-0.3747803012386167,-0.753005853923626,-0.4900544452106639,0.14049470698081393,0.07348761149767938,-0.1479396876008419,-0.2456919571653185,-0.3023072026381132
0.4807166463931579,0.5167785833051534,0.4305188367725531,0.4416502215552749,-0.3332286299235933,-0.29390933639249356,0.3562818559141149,0.34421030592306434,0.2315419594482341,0.3021642931823186,0.3755517926786873,0.21533615486101387,-0.04853045227522642,0.2584053142527626,0.24522128588378164,0.21335989316350068,0.15073208471732658,0.2452202973243621,0.25521652193781413,0.2881645996120104,0.09374159891662462,0.14170429387693217,-0.36654248967558484,-0.5342891187049316,0.0637930533679808,0.04934820749917719,-0.4071577865551347,-0.6296172898759054,0.3536984200601513,0.31439866083587664,-0.41637818310749464,-0.4956790294875398,-0.36118128843522573,-0.3462851526009723,-0.6390623582618451,0.5882264772397815,0.06549739973215984,-0.0018789710429498445,0.40116494613835874,0.22105437573783468,0.25845682870295317,0.15939486173362477,0.38410318447977976,0.05960320828223956,-0.2749266937004049,0.7278005302186646,0.6505653936415204,0.716323848106709,0.550106565509634,0.302914467768805,-0.26169626966913395,-0.16550301994761676,0.32861651734025726,0.78506195615297,-0.011787970275439477,-0.01758867013072436,0.24971295892060377,0.615041185824102,-0.34451020524773307,-0.056881122021601074,0.21241883830677954,-0.4695457383641018,-0.720919528028988,-0.3980059793522514,0.11715796409055673,-0.6217711556959312,-0.8292142139563432,0.8915780419265583,0.8549446726010994,-0.8874135718275309,-0.8387239877855812,-0.4722286335007426,-0.27821621347911224,-0.4084722313536671,0.16888787949417142,-0.36620331711382137,-0.31720692005917017,0.7073851795434277,-0.6141449728699906,-0.7461777167896615,-0.5721543410026164,-0.2999024712809753,0.6268364179375253,0.506115861705981,0.5322453389558917,0.7128976213127989,-0.5844431533824432,0.663899874009296,0.4607094339390577,1.000007953045221,-0.6448495670827488,-0.8211894378467451,-0.6337595829533809,-0.7637207607023151,-0.6067861574768075,-0.3651003067329933,-0.7334034910796461,-0.6756720702983687,-0.6925290310656242,-0.8295469167461855,-0.6273953908146646,-0.6325853410718623,-0.5904670428027391,-0.4253230130726715,-0.4610444496432459,-0.0827425211836018,-0.6084969524281559,-0.32880011263981573,0.16841747658231104,-0.34897497052460985,-0.7480142148571769,0.42232948466683806,0.3269812769165828,0.16486589863001264,0.1536315104193996,0.16630155036129746
0.06254750003818044,-0.1346588778878664,-0.05128859748322318,0.0795468274050753,0.22267641493078563,0.4829228161876232,-0.5461319806242597,-0.6084323225974362,-0.6839955814140011,-0.6548429383461843,-0.33816280572283114,-0.3186232826314763,-0.11558664829967097,-0.38148124605410644,-0.7240814203747334,-0.45216937034913096,-0.02908855635262995,-0.37070056469997725,-0.6143505182050086,-0.4035000080419915,0.060420556438250284,-0.04798764827014217,0.5224857848359964,0.8525279286511032,-0.0333787779014382,0.0921000297996959,0.5889781667158991,0.9736220199061069,-0.8217970960469664,-0.7940880683014485,0.8904519815044006,0.9136456626574398,0.5887181657901828,0.5028425162102198,0.660891875636497,-0.256709386845368,-0.09075257763416893,-0.05067725464397534,-0.7779657616999819,0.2434122393634715,0.22666895898816958,0.21953340940789434,0.19406842248932,0.17225514722950677,0.4055348868340267,-0.4534593794707312,-0.2686070821312126,-0.344172057168888,-0.31831390133222404,-0.2374484383161862,0.2756532858841805,0.012538126576142353,-0.2142059203578291,-0.3750183088090201,-0.12346682396799473,0.3108018019843533,-0.4174557390130143,-0.43553692829684415,0.5224774376592498,0.27524265998516023,-0.43964856106048694,0.6600286444998195,0.8314954755459267,0.5364382822249818,-0.32382889972091095,0.7028588386889073,0.7835024718800566,-0.5348019193287166,-0.48755657872216074,0.6517797564457887,0.6781266756040283,0.5210574961468666,0.44975368435882535,0.6111369470189645,-0.38428684442168837,0.3453827676707575,0.3053111145380937,-0.49050109286659366,0.8902037248018734,0.6883575590536077,0.5932858213074323,0.5352077461521748,-0.7094590686045871,-0.5546148875658888,-0.8165320653242701,-0.5579541039894192,0.7948494732826479,-0.576511112353437,-0.8459702367423074,-0.6448495670827488,1.0000079530452215,0.8197384804373106,0.9770268461786601,0.8275375155958725,0.5492513218468486,0.5805976440944188,0.9142212794320044,0.7717728924013151,0.9943614137766754,0.852369537636301,0.8941077413667636,0.7050784521758664,0.7416153376511292,0.4417575864518775,0.43843198277711565,0.2187968139025332,0.5727465924334393,0.563065961576021,0.035290687065769405,0.5293204504856336,0.7994868476958839,-0.49347475759609427,-0.41985700127619247,-0.1827847677234531,-0.08920517485360298,-0.037700118577293315
-0.07824745890649719,-0.18447011260640658,-0.17887252831019665,-0.08143194693306481,0.25735525761921957,0.3752644991615531,-0.3754505856213117,-0.4092932294536894,-0.43441102130391235,-0.4196232775240684,-0.24215473672289245,-0.42714980867265995,-0.17163459772808412,-0.32046663178032575,-0.49400533440310745,-0.4556763766729062,-0.39908391907602314,-0.5283929538566378,-0.5329166817661892,-0.5883421379296541,-0.35675487898623953,-0.46299626818855455,0.7316005943940401,0.8584466527629616,-0.41136067824615674,-0.34687131866831133,0.775648941383972,0.7864608229877729,-0.6051269206698229,-0.5564928665258413,0.662496970737611,0.6767292934372499,0.4512706357509237,0.4211112193816449,0.5257164525797277,-0.26811904572612566,-0.3223637737559131,-0.338062393682077,-0.538831073840133,0.17137192405916157,0.1866763027258436,0.18380817390024684,0.04244487703058192,0.1931449409464131,0.4784309682647227,-0.6282477683564224,-0.42685037960072636,-0.5637995797114079,-0.4987261498351554,-0.1331597296791633,0.11165159913731823,0.01771834872606805,-0.4681444259367662,-0.6737962484459565,-0.05395827378800598,-0.09810734724004146,-0.21901083014678635,-0.5921523163946353,0.2936142901699283,-0.1448445257528045,-0.049046851660561504,0.4155055356768998,0.7414754214021101,0.21770229977591257,0.09823977584390263,0.493224444846099,0.9600426346360809,-0.8051298042353466,-0.7759253798343568,0.8798195784416649,0.904580326742317,0.6271791702488998,0.5082062741493558,0.717719515650529,-0.2418455788509344,0.15069466258798012,0.03451732604858255,-0.6812816666969086,0.692224058367825,0.8799101001621888,0.48647554630371836,0.6160084281355892,-0.5243310345789612,-0.7362820578641094,-0.5890702806431501,-0.7604020256254832,0.5831747708208599,-0.7882071957634916,-0.6833461003235667,-0.8211894378467451,0.8197384804373106,1.0000079530452195,0.8277792973607131,0.9702889324178506,0.36221048560472774,0.7195107963049969,0.7359861844143596,0.9248895360906124,0.8359285054110133,0.9866412950572139,0.6340055706071737,0.9267690021396847,0.46861268056355887,0.7284517224346627,0.19404564838241817,0.45076062123338617,0.41585665752596357,0.6803031002355574,0.21990217008494378,0.6731589260156431,0.629570735683272,-0.18364137110954898,-0.08437072266043914,0.1383289716987023,0.18620591782558923,0.1974133217064198
0.05660261447988056,-0.17691685608915753,-0.08362332270607335,0.09552820271065472,0.3117451702591399,0.6079722803505646,-0.4849271916174172,-0.5626863233262777,-0.7347220319772552,-0.7020356152513001,-0.25656268955308537,-0.3344585686052334,-0.27860652626015664,-0.28404896704664356,-0.7573672006744665,-0.4881907064708081,-0.07893337954068924,-0.4067790489263641,-0.6254661430549004,-0.44491939367206684,0.011970748269735845,-0.11142472068781148,0.554139797558968,0.8505422066277221,-0.08265020847206264,0.04147212086330405,0.6015989100060727,0.9756534781219962,-0.8239909213906286,-0.786402086534247,0.8717141735025458,0.9320303958005471,0.7029429485333446,0.6387307380977817,0.7040537202413822,-0.18435363816742514,-0.0849511124042363,-0.06755240275189768,-0.8264393073846836,0.35665088698923936,0.30613510270177186,0.31987648691856413,0.22590815988275975,0.2672375929387995,0.4886969161880787,-0.4591551654879285,-0.25684030314840206,-0.33624947019241097,-0.36377005889600134,-0.15656134699246219,0.25005157463754973,-0.1485765941058713,-0.3459962330615278,-0.43797098274172513,-0.24398558963773173,0.27647552873684594,-0.432982543284142,-0.4950854834735488,0.5448948849836799,0.24585851094978145,-0.4262620887935355,0.6749701028736922,0.8524153451354609,0.5290077975726144,-0.2997043189814226,0.7024407898244869,0.8180680514413774,-0.5708622368863635,-0.5314669120786635,0.697243945716541,0.7277339161781989,0.5731913857902241,0.5508928478767589,0.6698102515058405,-0.2822463479536681,0.3221156603633683,0.2894725713113854,-0.5128864386349948,0.9154399525163719,0.72653285469079,0.6706129959052357,0.6154899983673361,-0.7044872937314269,-0.5639852048672765,-0.8455996617630247,-0.5809453603775419,0.8274832226335681,-0.6084830348155427,-0.8231904208824001,-0.6337595829533809,0.9770268461786601,0.8277792973607131,1.0000079530452208,0.8743232578923108,0.5369470191195488,0.593264610091497,0.9068869017151823,0.787751639427161,0.9786080467380478,0.875221222091301,0.880047878164648,0.7340634857065876,0.7151152702094095,0.4388128923108591,0.41953879839435715,0.21849806299543098,0.5633679990347001,0.5745798690200115,0.0400523231771088,0.5687162070671727,0.7578202466846378,-0.4710124320549587,-0.40950748968053335,-0.17829714058010462,-0.08453142226806834,-0.03359212458523905
-0.06629666891502538,-0.22849219639734478,-0.20376855864093,-0.05866341283985267,0.3424980080089004,0.5232284315900381,-0.356504808440083,-0.4188200848637584,-0.5349014852971108,-0.5019309940479248,-0.20562613028570093,-0.37844257339108506,-0.3265686688387521,-0.24714603275986435,-0.5859757864933631,-0.48899561547143416,-0.34907858648669937,-0.5225725984379578,-0.5761196301802426,-0.5895691609636615,-0.3041511344377997,-0.4465799780409486,0.7244571437343231,0.8569203218214849,-0.39815057171819085,-0.3152139309600684,0.7572376883333184,0.8307927890907797,-0.6640156469917918,-0.6099029226063899,0.6982772163763851,0.7492960249412323,0.6026027213785751,0.5885412471528835,0.6062036160625258,-0.21092696994518761,-0.2559523956901117,-0.29887055269440216,-0.6390795415550922,0.30696398393590296,0.2890923006252301,0.29866245021175497,0.08819471222249357,0.30350009406081846,0.6018658130879566,-0.589547750276454,-0.4068295743306543,-0.5522535396042781,-0.5702898507547489,-0.10183032612954482,0.12232874635602785,-0.16747734532498373,-0.5235434026452321,-0.6929424213525835,-0.17015940574402216,-0.050437855112105835,-0.22901805845749512,-0.5529062197360987,0.3211808370315673,-0.09015476526652616,-0.08711040195888477,0.4470370601902535,0.7606344174784181,0.24803611424639038,0.05664598279287437,0.5096173962268625,0.9728596417122742,-0.7879347985171419,-0.767347048794152,0.8698363330370342,0.9288463682907873,0.7188571541161691,0.6486328775015519,0.7930136680972844,-0.18587139285025536,0.1540464871999322,0.05575819422064053,-0.7132370702774663,0.7696150391170664,0.9092461812197962,0.5998460200457784,0.7226160775854269,-0.5542269583113592,-0.7316523605379573,-0.6695937359113063,-0.7804278721128793,0.6687974774825621,-0.8088828729742972,-0.7003340695604153,-0.7637207607023151,0.8275375155958725,0.9702889324178506,0.8743232578923108,1.000007953045222,0.38112155348880195,0.7279582382491152,0.7643368406511022,0.9263047248442793,0.848272932570002,0.9847325989918986,0.6608301364023988,0.9247373958158218,0.4804652950788355,0.6879391670363959,0.20692127369410224,0.42571741078656755,0.4339127338490043,0.6980222916766243,0.20591681075954163,0.7008297238791447,0.606191842322903,-0.20104077191402714,-0.11797181677884752,0.09991922525202658,0.15611907010773748,0.17396123906945204
-0.6337544442600719,-0.8205440672632103,-0.6317849183587477,-0.5802547274126166,0.5640890835412353,0.49790064985379806,-0.2918800387278298,-0.3905741474436042,-0.3186598352179107,-0.4945821111737515,-0.3745062632777694,0.29525335898301197,0.06568333022991005,0.032996952698468626,-0.20406919452545874,0.1432865221296375,0.5016328382726241,0.2873800302893044,0.05322128809072546,0.3283814882450883,0.6341130944419529,0.5898555877981341,-0.26980219068800826,0.10014174186076802,0.6706757428592004,0.6907020732860298,-0.2435365531228572,0.5832577003942538,-0.23855109832249366,-0.23142430129354663,0.29609795633512176,0.5194269862437744,0.5474010445672889,0.5185678162131704,0.9094183620958186,-0.732847914398666,0.598774511504527,0.7157443102180442,-0.5404750128263129,-0.3156779649452198,-0.5127420442812645,-0.22809525874406664,-0.4815884517176591,-0.14242883538308362,0.0830015701845564,-0.30240515962926734,-0.30494302709718013,-0.3235070759125273,-0.27659124609713287,-0.3229494389679354,0.6122662602591346,-0.007086921360292297,-0.058507734129558515,-0.3788532685387063,-0.2773903885669837,0.5897954135990459,-0.5222379001489207,-0.37903350907002165,0.6540445170882472,0.7246407927709286,-0.7299018713791532,0.7616343148160797,0.7635060319321805,0.8767144744788609,-0.7449128378501446,0.9004757643725524,0.39706626211279145,-0.4602644234861598,-0.43239745967289334,0.5238405967687044,0.43601312156909944,0.20019665594939756,0.08499407411474165,-0.02211320688633679,-0.042243427506190666,0.7864690649869064,0.8726967865082275,-0.2746589582593312,0.6970037316093066,0.27375435249020336,0.8339855798634064,-0.06205588769234145,-0.8847024449931804,0.10854467110965,-0.7110692506765837,-0.1855397737796723,0.7985785434738605,-0.07341043940187353,-0.18038759439684696,-0.6067861574768075,0.5492513218468486,0.36221048560472774,0.5369470191195488,0.38112155348880195,1.0000079530452224,-0.21665839372787726,0.8213673308946787,0.14491305975140248,0.6043351844205453,0.42618148231633873,0.8268609178626875,0.07389609386750828,0.9265716953538693,-0.2825573192720624,0.9522667469982803,-0.5880740463093184,0.9572035965823174,-0.17822675453559675,-0.7781851593828426,-0.2807244992918336,0.9010305770178295,-0.9405671304004289,-0.9032274345962428,-0.8255611950393086,-0.8096286510505422,-0.8040857297045532
0.41901002370564844,0.37381803324418483,0.2471980168168139,0.3588934767003421,-0.046569390799366596,0.23231689764181768,-0.4067603405856614,-0.377205801425754,-0.40866024379818383,-0.30925147450105994,-0.29202792789840065,-0.5703855025697252,-0.13141893719873332,-0.3487189505742658,-0.5392123438857186,-0.47698500357610374,-0.5492416619383083,-0.5914673448159657,-0.5738152689176068,-0.7006727965683593,-0.6274343793311532,-0.7014855221429647,0.8265074527190118,0.819343348648816,-0.7586726444653339,-0.6721361151209077,0.914227727648151,0.5807846463906408,-0.6194424042264478,-0.5830871051958466,0.631560546544903,0.5650148039849328,0.3240915608226819,0.29201002238471696,0.09406551912694608,0.13209444742335005,-0.6822207783732032,-0.771010209447095,-0.4127517235004178,0.5482778053278046,0.7040129056919544,0.4734013139380076,0.48678641511573423,0.41752002971012975,0.6591314085966461,-0.4403304413974198,-0.32260876728928495,-0.38960252569441856,-0.4233416365462457,-0.24102486812317855,-0.3586769327907085,0.057612773039695316,-0.18283761107476723,-0.33506359050937023,0.26894680225687306,-0.42493170016412435,0.22366963059836556,-0.11950036886106033,-0.2071069426261115,-0.5454410222322412,0.3844734994005833,-0.11556525552129444,0.21481894181153902,-0.3419448985148491,0.5092046802396949,-0.10275974959957754,0.7317289148806406,-0.4138173406791481,-0.3890191827505365,0.42318288682466637,0.6161670604054961,0.7322474994101308,0.7097704059259227,0.9349987421189754,-0.5241907374049091,-0.4327731756391251,-0.5520053914816849,-0.6207095923536148,0.44986158017832617,0.7987432745751561,0.11235989563421436,0.8842139516638267,-0.04933388029102142,-0.9139499574673533,-0.3289401971045822,-0.7522105066852315,0.2598174400188229,-0.8441021506113557,-0.7331840077362305,-0.3651003067329933,0.5805976440944188,0.7195107963049969,0.593264610091497,0.7279582382491152,-0.21665839372787726,1.0000079530452208,0.3354898858463236,0.9152985057134483,0.5563594388776083,0.7080404201452324,0.23103964035080835,0.8767794984830175,-0.024497008091888914,0.9106634960251623,-0.3768174973385103,0.8716883164290012,-0.09309598113360687,0.9721474104561326,0.7779380659493945,0.9607333647580033,0.08311768847894313,0.3832750195706486,0.44411935208237235,0.6320735596118406,0.7013424889047319,0.7360346416730479
-0.2536116009827519,-0.4819747424356529,-0.33263961333671854,-0.22648759303420557,0.41601274039307307,0.5834094388836574,-0.5353405223633799,-0.6250436166154989,-0.6258010740467285,-0.6769052183033768,-0.45246657142631724,-0.0646196442702345,-0.055308054834322974,-0.23979037471884027,-0.6114139680258375,-0.23255880519080988,0.18748866268426978,-0.12292570719460988,-0.4008032482593219,-0.1393643963931649,0.29777833637103385,0.1911520280283107,0.25264072144234945,0.6269527674728521,0.2379614624787605,0.3310939183386455,0.3129519723969051,0.9368328094420351,-0.6871751023074117,-0.6632359752428013,0.7456579105847357,0.8729018791314898,0.6908998136299206,0.6305294276630371,0.8866565707773287,-0.5337509567875659,0.20002834009460255,0.2656274678253806,-0.7968771368336633,0.047504933426162375,-0.05202258733336617,0.05840010953364812,-0.10307860879082505,0.07219197273967744,0.3670891116128881,-0.47565943763760976,-0.3642277261370504,-0.41826934560535795,-0.39180932811860436,-0.3579521746370675,0.4479322831946459,-0.01285722813946456,-0.18835710102919337,-0.47482348023963017,-0.2140371914812099,0.43606603375975805,-0.4943353907739423,-0.47880899052792125,0.625209554596242,0.4781320379314808,-0.5878251377043611,0.7648255412883298,0.8996365957453449,0.7280977203797396,-0.5152042970301518,0.8651369808451693,0.7522569497549427,-0.611228165977601,-0.5682504793019035,0.7108138542151046,0.7050240955811591,0.5054120840236264,0.4123157084269729,0.46302430512566906,-0.3020059646357897,0.5713905579389159,0.578105039931712,-0.5073734501383432,0.9488519779263462,0.6447986116965473,0.8182918512865417,0.3959088926270994,-0.8841257815937507,-0.3573193342642334,-0.8961587510087442,-0.5098070630106407,0.9268973632394986,-0.4716379754146126,-0.6691607490305026,-0.7334034910796461,0.9142212794320044,0.7359861844143596,0.9068869017151823,0.7643368406511022,0.8213673308946787,0.3354898858463236,1.0000079530452217,0.6278498754017086,0.9447950034960096,0.7968426849570721,0.9600590658218514,0.542865636185437,0.8968524638711363,0.2064805813789126,0.7016390011591964,-0.08521464710246741,0.8143264879677836,0.3390384809375741,-0.3044706839804537,0.2774183500440125,0.9382066637005794,-0.7282778958868672,-0.6591799092604514,-0.46440702229020364,-0.39653821967305247,-0.36216222650395336
0.12686310081059327,0.03192334299226278,-0.011799787266408672,0.09232460160183732,0.1467245965409728,0.3667489005781892,-0.4525463063637403,-0.4507448748288744,-0.4748604266756001,-0.4162738434539867,-0.34816434724423223,-0.5104160221204875,-0.15406516622418842,-0.3554862312455926,-0.5765862569699854,-0.48509667392445915,-0.4598422089012079,-0.567684222050324,-0.5905271037202123,-0.65686771349746,-0.47979625299642953,-0.5766485357397394,0.8012003049271178,0.8881659441568039,-0.579483048609156,-0.4961953238343212,0.8780539277562224,0.7702721346381868,-0.6765454249101334,-0.6301113051345844,0.709975719051728,0.704006043465839,0.469651348521216,0.4421787925239243,0.4074196655136163,-0.13188566728932857,-0.5048657942395537,-0.5500504787916299,-0.549529987653928,0.36188183525169154,0.4476177404250327,0.3227315251601436,0.22555471047788078,0.3111728605741438,0.6468508938342066,-0.6059660869896923,-0.4740107852307176,-0.5744838323609288,-0.5593217898286758,-0.27595326385023383,-0.12947143947588916,0.03592890811935443,-0.317377602366239,-0.5917205090248776,0.12645031137679463,-0.256142134435035,0.0008937504887607708,-0.38304703293009684,0.06381023022085515,-0.33080972654341145,0.14259392296008544,0.19239098320300593,0.5457923846900997,-0.020738830163916738,0.28178878783259753,0.25542398841887853,0.9395597188659137,-0.7000886007171262,-0.6700242506191151,0.7322899357888173,0.8568328774758494,0.7838201605083236,0.695627197439907,0.9072375289354939,-0.44865610074408635,-0.1293490335922191,-0.23317662327961747,-0.7551556641422915,0.669352129291191,0.9417158048288963,0.39577992205845225,0.8282924117944015,-0.3528040155465849,-0.8934810594855697,-0.5403477784072321,-0.8532880002649658,0.5130573456786411,-0.9033882182154807,-0.7712496777588991,-0.6756720702983687,0.7717728924013151,0.9248895360906124,0.787751639427161,0.9263047248442793,0.14491305975140248,0.9152985057134483,0.6278498754017086,1.0000079530452213,0.7751028374723911,0.9287788570411655,0.5099670295040827,0.9540210914702179,0.29359345055563496,0.8487125631615906,-0.03607731511467528,0.664303924544454,0.23655749917245184,0.876928871872964,0.4851471927934763,0.869739033450434,0.4299392407412733,0.05194843514026595,0.1352533421688208,0.3547109600223829,0.41936860726568215,0.44588472837815574
-0.007470964413007884,-0.21088996761952947,-0.1128454227586484,0.008351698510622157,0.25985526593927255,0.5025521181131014,-0.5522325839142754,-0.6179697553694072,-0.672832267838691,-0.6507682359424911,-0.36887566062241384,-0.28435809709776194,-0.11171839963126873,-0.37228394895621547,-0.7116040738409223,-0.43237500574720733,-0.02170522355457062,-0.3553580485917554,-0.5966313616797394,-0.3869326498714306,0.07568181886196457,-0.039451375044328156,0.5066309440692658,0.8344264465629222,-0.011919510605596985,0.10717487006302893,0.568536685488368,0.980107236564511,-0.8088338141181327,-0.7788952510968002,0.8730083445405475,0.91267277351245,0.6132889357118763,0.5376654491032423,0.7132309688176085,-0.3208662402588546,-0.054502607930439324,-0.011489154179162037,-0.7833990258568931,0.2035543817256895,0.17297775684720715,0.1839473908787764,0.12311498059884267,0.15146533739246298,0.41041844858114157,-0.4801878778892393,-0.304746502683504,-0.3796478752166549,-0.3507645588190954,-0.2667022888570153,0.3106438414868368,0.006267217641742352,-0.2350971866395135,-0.4268448971059379,-0.15356900242531735,0.3233188335684247,-0.4466398224548004,-0.4805467558262262,0.5561137436825622,0.29793401307602907,-0.4604049119476811,0.6923674062996135,0.866249610681452,0.5728039772815827,-0.3442619913235945,0.7454557521244611,0.8120323114656817,-0.5857646810135638,-0.5389510938990895,0.7016396697960103,0.7186654087723878,0.5370699686345207,0.45891324918809595,0.6048028340882121,-0.37086079534657024,0.3918058270108717,0.3535511227585295,-0.5166892676747842,0.9140161758621499,0.7114000057677562,0.6461996821021265,0.5266809914548772,-0.7464730214509742,-0.5376376034021868,-0.8360971026864882,-0.5731748940294782,0.8278361093165194,-0.5821095328794479,-0.826863473698017,-0.6925290310656242,0.9943614137766754,0.8359285054110133,0.9786080467380478,0.848272932570002,0.6043351844205453,0.5563594388776083,0.9447950034960096,0.7751028374723911,1.0000079530452215,0.8754406817822211,0.9077673620324176,0.7042934427266911,0.7684138096000538,0.4229606151356585,0.4826413183830332,0.17819811141153635,0.6182087908173935,0.5362907516800398,-0.01901724867267411,0.5079323927182742,0.8392757670581086,-0.5322764818513067,-0.4552947356792681,-0.22154581337734,-0.133866442519003,-0.08732795481027988
-0.10325010242000553,-0.2389025264983101,-0.2008466444533241,-0.09897068910929092,0.2885390367541843,0.4432920277173855,-0.40134397528828203,-0.436773009433678,-0.4941017861548501,-0.4638613168672563,-0.27268721059804746,-0.4080207132840715,-0.21376128094835356,-0.3139769114807892,-0.5563700511978733,-0.4757189330496362,-0.34486820624854014,-0.5155498083936664,-0.5671218370528022,-0.5720744746008317,-0.29479261640718163,-0.4093378647976543,0.7064606151108528,0.859242784712473,-0.3554358690665702,-0.280400250796969,0.7491463221699357,0.8401809412666635,-0.6563118266170715,-0.60545793325415,0.7035861586526952,0.7388107197052981,0.5341391190997528,0.5124757099441972,0.6067836806245792,-0.2812590087807616,-0.2796002719281558,-0.28679491366998855,-0.6041347317186897,0.18895346567790747,0.19224075680889818,0.18196980485360892,0.018952237896873343,0.19169717522380716,0.5204229285707646,-0.6278912823009817,-0.46204630130188945,-0.5916949946050217,-0.5458784517837899,-0.1804519651987843,0.11872950313917506,-0.03865144034605523,-0.4525025554592204,-0.7036855527866304,-0.09200958408765117,-0.03995314379819463,-0.2552502880709967,-0.6019101099514711,0.34948148231739523,-0.07643210419249667,-0.12331270735020042,0.4829794701035717,0.7922516246299963,0.29097270348483056,0.022908723792231658,0.557621888297344,0.9815858311105764,-0.8285222232650558,-0.7995123231454749,0.9020783102702309,0.9320205813301923,0.6766693416204905,0.5644280311078949,0.7425790977092183,-0.26423323361234735,0.1770176643275183,0.0913508755718926,-0.7159352487186695,0.7670482949902369,0.907893310007098,0.5729549864350825,0.6518099747526073,-0.5669573938947444,-0.7286740894492574,-0.6536350588211202,-0.7807617921515181,0.6595339538387802,-0.7990867458359717,-0.71389415119034,-0.8295469167461855,0.852369537636301,0.9866412950572139,0.875221222091301,0.9847325989918986,0.42618148231633873,0.7080404201452324,0.7968426849570721,0.9287788570411655,0.8754406817822211,1.0000079530452222,0.6933167370906296,0.8996093485518923,0.5315861330686458,0.6706347055617256,0.2605994791920822,0.3908734064078237,0.4704825638783555,0.6607806366779833,0.16810977732056012,0.6753526682152405,0.6750956399415836,-0.25323001024856534,-0.1630718204157908,0.05985659179626856,0.11570138415332032,0.13404825637923196
-0.23271972035130092,-0.45931032800973326,-0.31444367054593725,-0.16135848190969945,0.44617770433921417,0.599853375695256,-0.46584148853231333,-0.5342260925782797,-0.6159498294813743,-0.692285072318633,-0.33924134259904143,-0.08901758169978209,-0.08278264183850326,-0.18213273058145324,-0.5572520256781163,-0.2216586028787988,0.2656405499729122,-0.06549141951272806,-0.33584358695516847,-0.049882444532923224,0.38289755432757033,0.3237129992258004,0.13446847204507556,0.5430769462634599,0.3648010215898861,0.4527513715162873,0.19533296476650894,0.8874865597848327,-0.6176769420498748,-0.5942782835610514,0.6869412487473495,0.8357940026845065,0.6753270223357477,0.6058958032277183,0.8623259779327237,-0.42131489023809676,0.23636021337096463,0.3337003224922833,-0.7693079581229827,0.050264521183922675,-0.06043356570578322,0.06624510837801753,-0.036483674244610693,0.049296738647687986,0.29917039493945397,-0.36640498758037116,-0.26275968205524997,-0.3344611090279395,-0.311964153071053,-0.27159364138950937,0.42421848172114085,-0.03600861270749289,-0.12341472166446324,-0.3606423498181436,-0.20453925923073754,0.5027291530182537,-0.4994958930597994,-0.398244848120758,0.6419034606415257,0.5492471492152243,-0.6671216463821518,0.7968231337356529,0.8906968038408203,0.7842540945177325,-0.6099240118422964,0.8780918005454144,0.6364336647053591,-0.4960425973636312,-0.45728597352101713,0.6083602755386464,0.5887629840623796,0.4202320257758365,0.32531137780926206,0.3564920365273366,-0.27042433257640075,0.5527625589027413,0.607295389580555,-0.41721624509294297,0.8920163062187954,0.5248889900238534,0.7855863121751784,0.3070219380896102,-0.8516907513451818,-0.28041923073187974,-0.8607698280148797,-0.4114458822302484,0.8842817677063174,-0.3669338578181185,-0.6076511196487221,-0.6273953908146646,0.8941077413667636,0.6340055706071737,0.880047878164648,0.6608301364023988,0.8268609178626875,0.23103964035080835,0.9600590658218514,0.5099670295040827,0.9077673620324176,0.6933167370906296,1.0000079530452215,0.41439499599690055,0.9579259858253576,0.05628591333793155,0.7807738723042251,-0.208948893401077,0.8493586131953338,0.23528538571213842,-0.3722384331068726,0.17366987504916398,0.9134583363396369,-0.7975892814942894,-0.7571968901226561,-0.5803979091933501,-0.5018933886587742,-0.4523580861384514
0.15810761379507635,0.05730181900565141,0.0005547953438655446,0.12071952461226394,0.1584077322236847,0.3660715123167895,-0.3373179259157762,-0.3915483427742661,-0.4513333808483482,-0.4125824670934096,-0.20015118927966197,-0.4623286157708114,-0.2470293800299665,-0.2620229301104966,-0.5332297251294786,-0.4621658743197862,-0.5197361047374136,-0.5847401316323626,-0.5494456506689628,-0.6856440720361355,-0.5276774782200927,-0.6575998860389669,0.838106410501608,0.8758214017674186,-0.6498572972381809,-0.5727073267119666,0.8879093923900384,0.6976423097980909,-0.6196529936284287,-0.5764366616293315,0.6536405936077597,0.6397010115960156,0.4416261702465487,0.4083862399590372,0.3330546840487063,-0.08279385862000363,-0.4596721261411604,-0.5511116581259164,-0.5187075899652347,0.4151661668618796,0.46852856941710347,0.3962723588975557,0.2642586758870278,0.38236305581275204,0.6003506807410751,-0.5696788898040482,-0.3488028592747186,-0.46544523741387367,-0.47950703716830656,-0.07789258821519887,-0.04356121386561853,-0.06075397732622835,-0.48395247399178615,-0.5698865404758416,-0.016022496676559753,-0.27344196112118646,-0.027182052573969488,-0.41236399641003263,0.05874341668744088,-0.35856451784099935,0.20087505504596445,0.14354266925720133,0.4926845303889577,-0.08019153553161087,0.34431810110530936,0.19602291963592514,0.8948102844939947,-0.6544954566129938,-0.6327747259500826,0.7086886383219405,0.8204519668354794,0.6856994648619215,0.6474772201194658,0.8627354531297369,-0.24138299940167415,-0.07872805593545966,-0.24279269460422395,-0.6542572101516838,0.5916231836234347,0.872107985367385,0.3431610913552275,0.7846782390833201,-0.3359521426388582,-0.8224422421924247,-0.49855594325177904,-0.7687027583027649,0.45474772564562327,-0.8410955147432023,-0.692142258091291,-0.6325853410718623,0.7050784521758664,0.9267690021396847,0.7340634857065876,0.9247373958158218,0.07389609386750828,0.8767794984830175,0.542865636185437,0.9540210914702179,0.7042934427266911,0.8996093485518923,0.41439499599690055,1.0000079530452215,0.1853572121723016,0.9030375058098964,-0.1324494524868528,0.719027185740769,0.14739176064741566,0.8659690603449118,0.5060072358103646,0.8334969473163515,0.35167615540849195,0.13087852850093099,0.2265064918608286,0.4413543940268331,0.4888995393202143,0.49690069780980917
-0.40910866292710735,-0.608580648281914,-0.4342171320934956,-0.3220374275126743,0.4815944135109117,0.5271310057508664,-0.40563704716934107,-0.45919612107997465,-0.476247697796218,-0.5947703275715128,-0.34638817088313406,0.06137586233852393,0.03056418079252467,-0.10729799702511368,-0.38003696671889425,-0.04930493289725778,0.4197912366745363,0.12980613159366458,-0.14273251895426947,0.17287257735062636,0.544036069170379,0.5249778743046299,-0.11392185773993035,0.30442051850413704,0.5820897628380309,0.6342989135287794,-0.06025390844153989,0.7367375234697624,-0.4287566099212311,-0.413652585264861,0.49672360205210897,0.6766558384044343,0.5828682715917456,0.5269586462747633,0.8739842136501573,-0.5312410991030235,0.4025736058531246,0.5399509998225085,-0.6447708198012658,-0.16145904580961268,-0.30363580902788756,-0.11702193704413563,-0.22675687368956876,-0.10630334988023121,0.13507284332332023,-0.2999459543469109,-0.25511806061791414,-0.30751437863650344,-0.24836933876555153,-0.30217135921260774,0.4921692678773963,0.027851537385072494,-0.021646819845835344,-0.31576256368816397,-0.19626606973524804,0.574881424164542,-0.5238988461929672,-0.3711489721222978,0.6677059007075291,0.6674790653013032,-0.7470356026930721,0.8132604527987999,0.8452589722475463,0.8718383218542161,-0.7291539470173928,0.9161497917338068,0.47999243801565583,-0.4415165953905065,-0.40692559933515393,0.5370740383148711,0.4694816062467232,0.26914529760054706,0.14259643575640604,0.11819019211305368,-0.20670694187614833,0.6550194340013032,0.7532411720243463,-0.31592368020291584,0.7840454649387159,0.35785023624923257,0.7807780805851806,0.07332126543781294,-0.8568743178368703,-0.07131219314379925,-0.7755348462374296,-0.26601010321250085,0.8278090906639988,-0.1828481848397078,-0.40859434058134864,-0.5904670428027391,0.7416153376511292,0.46861268056355887,0.7151152702094095,0.4804652950788355,0.9265716953538693,-0.024497008091888914,0.8968524638711363,0.29359345055563496,0.7684138096000538,0.5315861330686458,0.9579259858253576,0.1853572121723016,1.0000079530452224,-0.18074947653058762,0.9225513397654362,-0.4573495796418476,0.9305212367005267,-0.017362538970020217,-0.6006070374245429,-0.08344263174085323,0.9267112750448266,-0.9185521973718158,-0.8917481222437814,-0.7671548190323156,-0.7106232068443187,-0.6714173534360837
0.33667301963580915,0.3438417051953702,0.21513423397404516,0.24124927177897706,-0.11851483311063601,0.06719157055144699,-0.3009410913024058,-0.3000415171564384,-0.2509545333108571,-0.16952596544546883,-0.21684549092162078,-0.48810480796503103,-0.07131599946689364,-0.3210310765357628,-0.38579818756385664,-0.3932303905989729,-0.6134501220976201,-0.5724367748954623,-0.48184769922671533,-0.6927594705331656,-0.6965773412076803,-0.7915924889238597,0.8351987303102046,0.7535832233539861,-0.8350066274764015,-0.7761169118121701,0.900953388736253,0.42568333360175115,-0.47767573215217657,-0.45040439534231747,0.49859653248811847,0.3869449058926687,0.13869439981985177,0.10350330975065303,-0.03485014461668663,0.038762792352779546,-0.6476274351743434,-0.7666422295071219,-0.2546611765512744,0.39338846253645243,0.5421260845816014,0.36163759565623854,0.3263021381986144,0.35817624756435795,0.5154377168574293,-0.5088360991354821,-0.3430999070823878,-0.3978869321210922,-0.3832497407490706,-0.11948755776890137,-0.26774053574659246,0.11126180796149109,-0.31257770162904686,-0.41361389239578444,0.2407995884818314,-0.5141185134524223,0.25181259467999595,-0.19221022967584664,-0.27852886278126265,-0.6249127724687057,0.5139965766749962,-0.23519360618925472,0.10786229905787378,-0.4475613076219776,0.6305763501341105,-0.19112678173802455,0.6897870478415817,-0.4688389304850653,-0.4482148674817887,0.4508554659367303,0.6022677909178363,0.5785217516785276,0.5471127320854038,0.8062984942333534,-0.3210561691128923,-0.35702609711511074,-0.5550612950164053,-0.5537415351843045,0.28792116702292064,0.7333171408779199,-0.015945508507771936,0.728500771971625,-0.010915792467804348,-0.8345411350901809,-0.1937854011914316,-0.6909154254856937,0.12358563769480972,-0.7865004471182655,-0.5825155003079332,-0.4253230130726715,0.4417575864518775,0.7284517224346627,0.4388128923108591,0.6879391670363959,-0.2825573192720624,0.9106634960251623,0.2064805813789126,0.8487125631615906,0.4229606151356585,0.6706347055617256,0.05628591333793155,0.9030375058098964,-0.18074947653058762,1.0000079530452217,-0.48853890196469757,0.9255745198641125,-0.20595682151130698,0.9022601139746302,0.7628286150145941,0.8616025923880252,0.01766709238412091,0.48884226993914004,0.5834854509399022,0.7552343435129099,0.7835274080338931,0.7790532510354718
-0.6257681056646893,-0.7791682995161159,-0.5893387023415557,-0.5246367356618336,0.5283528733627714,0.41816822045343865,-0.19527534725915827,-0.24399808880530144,-0.2328347416014586,-0.3929347901935749,-0.23312723079609624,0.27092371465762494,0.06561242695820625,0.057972617634330106,-0.09418908500430881,0.1481041959681221,0.5577520418948719,0.3376649288835773,0.11732329102433896,0.41746270633688093,0.6934506240967072,0.7060535380401473,-0.40777807896183993,-0.045835835359960914,0.7887312995399682,0.7922650088789034,-0.3928752744036875,0.4422513623735243,-0.11098551527032567,-0.10332762527705702,0.16537325338141504,0.37981525034347235,0.4328720708742638,0.4148243436052741,0.8073643299526548,-0.5844309295064086,0.609270277297281,0.7660988618316596,-0.40749258532048016,-0.3815475842414288,-0.572657083662207,-0.29919928410243474,-0.4624668974972173,-0.2446421286910896,-0.05706734354762435,-0.15500218936499283,-0.1933377156664558,-0.2300763043355353,-0.16647322414262922,-0.2277964646593765,0.549718303917924,-0.005935992099409185,0.03713645796335774,-0.25063964184615267,-0.2483287669691049,0.6295131428722862,-0.5169468642739893,-0.3053707672064859,0.6545261649698723,0.7669087341194027,-0.7849320908704706,0.7678751845527013,0.7078222563470616,0.902910044795555,-0.8150253477292292,0.8733638336888654,0.2236070551754555,-0.32833445938177863,-0.30943183643493877,0.396930807457461,0.2741736292948566,0.055519096463705876,-0.07504536946396528,-0.20180166363713734,-0.0017605377688598377,0.7317562985937771,0.8756932248211441,-0.14824286714519458,0.5495091678032258,0.09887333191820512,0.7203030434713591,-0.22289466036801817,-0.7625337757665245,0.23093422330003957,-0.5731953726426225,-0.040399563351840126,0.6637541111645411,0.08338611811025841,-0.0630242006210004,-0.4610444496432459,0.43843198277711565,0.19404564838241817,0.41953879839435715,0.20692127369410224,0.9522667469982803,-0.3768174973385103,0.7016390011591964,-0.03607731511467528,0.4826413183830332,0.2605994791920822,0.7807738723042251,-0.1324494524868528,0.9225513397654362,-0.48853890196469757,1.0000079530452217,-0.7489550409047657,0.925780439227786,-0.36315833518936674,-0.8506278125555454,-0.4192071499174588,0.8204972602782703,-0.9736534322922338,-0.9723631016205628,-0.9347892358085262,-0.9158030667724109,-0.8974516809911026
0.5894348193716991,0.634708278899339,0.4625880057475548,0.481667447110896,-0.3163744156774999,-0.07758472748738501,-0.20474320317942532,-0.18671655066940437,-0.16968999100002052,-0.04374897343350562,-0.10802317348838064,-0.49574595673246397,-0.07036136352219904,-0.2842702663206189,-0.32581847146485715,-0.3695236830696869,-0.6442997989381202,-0.559923162677263,-0.44087493737325445,-0.6817820223700719,-0.7580515879180836,-0.8281470443958253,0.7846078832813576,0.6193111429572982,-0.9083006147365412,-0.849375720963858,0.8416128469726445,0.20673876995482227,-0.3873665245305411,-0.37317087408233457,0.38423358048074063,0.21959191614680051,-0.018571846455695325,-0.053224820171273626,-0.33034849805718736,0.3022314047010212,-0.7383892993192023,-0.8819645722800222,-0.09994828709361675,0.5182332768714627,0.715962004252434,0.4421375925634406,0.5319372603614722,0.3881726303332607,0.43384461894986737,-0.27333502698157813,-0.13604649363371782,-0.15804955741972582,-0.1861970274327703,-0.041877761501084305,-0.4378306079171837,0.09503876513351506,-0.1738780136861472,-0.12492472464972643,0.30085580440252985,-0.5839959699586275,0.3823431349164368,0.037077486634785835,-0.4511986961584289,-0.732808931224192,0.6488037719367407,-0.45391984196635193,-0.1882945232021443,-0.6669402447701138,0.7482733750736261,-0.4773677638426144,0.412812554685449,-0.14913484058570495,-0.1366574009916641,0.12221350779109397,0.30417908174029973,0.4328211892216238,0.4727594101020662,0.7226562604796202,-0.33096653339400794,-0.580895962085167,-0.7690053151260037,-0.3386893656208819,0.0533690601722023,0.5020749259647093,-0.28584103664482896,0.6790371557782099,0.2804999629384548,-0.73345508324777,0.027806261213030776,-0.4913282572469736,-0.12803179009417442,-0.6186192253421675,-0.48702141487796463,-0.0827425211836018,0.2187968139025332,0.45076062123338617,0.21849806299543098,0.42571741078656755,-0.5880740463093184,0.8716883164290012,-0.08521464710246741,0.664303924544454,0.17819811141153635,0.3908734064078237,-0.208948893401077,0.719027185740769,-0.4573495796418476,0.9255745198641125,-0.7489550409047657,1.0000079530452224,-0.5078630473809035,0.8614341771157886,0.939679632146119,0.8474494972239046,-0.29815088665528966,0.728096312346321,0.7902724901171672,0.915300684651287,0.9464283690854124,0.9509686425666206
-0.6271458492005321,-0.8013406985681597,-0.6960889999420266,-0.5537202960278341,0.6939955138096382,0.5911440751799693,-0.30526064753028015,-0.3593939141515998,-0.30830665643630667,-0.5304667594391322,-0.3994135403466231,0.18457640812822948,0.05083847310209023,0.06295739662542141,-0.16248097041200218,0.13428659724914258,0.43626061469522676,0.2666270908740545,0.09600023230997429,0.30691449332261966,0.5370398529297341,0.5323442381967188,-0.24234510017921523,0.12006765845874472,0.5977258971463373,0.6080300963488812,-0.1905155307799837,0.5941091123543047,-0.19965568483905155,-0.178602943737448,0.2630969220379305,0.5290849749615167,0.6143950654196416,0.5935486476815587,0.9271231670248312,-0.6777673987965807,0.4830977921325467,0.602245594834603,-0.5464649586959999,-0.20545262091552896,-0.39449389914517,-0.09251247719341045,-0.37022515058195155,-0.016379398635038712,0.23896584323495756,-0.3465616296469823,-0.35035662351655145,-0.38416528781375975,-0.361609461009729,-0.3679361081994606,0.4749921860971153,0.011360169521381282,-0.0265769394080441,-0.38371157915446963,-0.1514125134428026,0.468752620849487,-0.39105407326299063,-0.2966879940150076,0.5339629164255574,0.5960053542047863,-0.623994315888939,0.6734641999896095,0.7419421666127057,0.7770466920925903,-0.6399013064773204,0.8248098417877787,0.45951460126383886,-0.46937203903740343,-0.44040549326628575,0.5236608201055895,0.48696191710033687,0.34876368582275974,0.22232169789134915,0.10644186335088511,-0.1419221608550667,0.6340356653834359,0.7357768488804883,-0.38297912799633954,0.6983929928435394,0.3675169123852196,0.8593218483151177,0.07711700900602152,-0.8513993199006376,-0.04413548037098011,-0.7097055662799973,-0.3076721480307337,0.7891134655873874,-0.19868113158173048,-0.1969968740386163,-0.6084969524281559,0.5727465924334393,0.41585665752596357,0.5633679990347001,0.4339127338490043,0.9572035965823174,-0.09309598113360687,0.8143264879677836,0.23655749917245184,0.6182087908173935,0.4704825638783555,0.8493586131953338,0.14739176064741566,0.9305212367005267,-0.20595682151130698,0.925780439227786,-0.5078630473809035,1.000007953045222,-0.039722205217202114,-0.6752144812290187,-0.18432513022871688,0.8527142086886967,-0.8702509687663892,-0.844987229705603,-0.7626251397049685,-0.7371142153671686,-0.7203851776119939
0.3800013762756443,0.31727977856549566,0.1548666207949159,0.30749866969306944,0.06788634787068386,0.31946648361303426,-0.4150959835568333,-0.413321204789538,-0.4236927843899894,-0.38331912055612827,-0.33970625543731336,-0.4726777391072155,-0.12086519686617826,-0.26762807122322724,-0.517292886316259,-0.3796754169726337,-0.45707658391903183,-0.48733740213364185,-0.48259503310115975,-0.6045942628427935,-0.5406583424247146,-0.6253452124529157,0.743533425893122,0.7624162507424778,-0.6972906123548194,-0.6100026872561314,0.8405798721975788,0.5772716595743737,-0.5885509551589541,-0.5565084745149168,0.6050547337418489,0.579139749936565,0.39641616746625424,0.3548954403541557,0.14559557401171463,0.0580784430353836,-0.5769241556501609,-0.6857175655298138,-0.46226040356717124,0.6108561955175937,0.7229469317054218,0.5791814119388261,0.5040816187528078,0.5501167859738415,0.7352827327735515,-0.4499182461537503,-0.3103633918552029,-0.3396233054762636,-0.42547141843915803,-0.267511660920447,-0.2870838007976777,0.03347030182324275,-0.17789906908520015,-0.2812521661812154,0.246820778051486,-0.38953357721235704,0.2508347164706908,-0.032697486536388404,-0.24126133673534253,-0.49307825523908394,0.38314112813818163,-0.16168351094061445,0.16098861048506802,-0.3469348915253957,0.48204798048262654,-0.12618900945712222,0.6884074739150358,-0.3418325480318756,-0.31193222333954423,0.34456037936283507,0.5680464868048796,0.7541604799915504,0.7729273206414434,0.9417708125048071,-0.4918642395370575,-0.37609082348301676,-0.5112891892210305,-0.5944318839475091,0.4712121867462454,0.7640220128179425,0.17844864441697383,0.9043798654391194,-0.12413899837205664,-0.8787701670845403,-0.385624862437607,-0.7284405959400505,0.3114574083682686,-0.8187455139618475,-0.6939472246923273,-0.32880011263981573,0.563065961576021,0.6803031002355574,0.5745798690200115,0.6980222916766243,-0.17822675453559675,0.9721474104561326,0.3390384809375741,0.876928871872964,0.5362907516800398,0.6607806366779833,0.23528538571213842,0.8659690603449118,-0.017362538970020217,0.9022601139746302,-0.36315833518936674,0.8614341771157886,-0.039722205217202114,1.0000079530452215,0.7394994466446999,0.90190160961826,0.07395149931772027,0.3694134635701276,0.43438820443801074,0.6155763505536941,0.6793288688782142,0.7079698700901746
0.7025848623569368,0.7943799863596097,0.5920649698393339,0.6243280593901237,-0.41934759674137945,-0.1908706247774648,-0.10140678846780352,-0.023063053561251986,-0.06622175292332516,0.10784045918270634,0.028109913011205242,-0.5450609774144978,-0.08641087403996361,-0.26800187189434166,-0.22614316895722825,-0.38673774927669297,-0.6530888052595717,-0.5514786231248915,-0.40409187725516116,-0.6489587704333467,-0.7851645030200016,-0.8039733515429152,0.6947353478748465,0.46825755226872284,-0.8977017855255033,-0.8510084865728388,0.7393002371447872,0.009433386854082633,-0.2614599506951708,-0.24690678855675427,0.23723727762874275,0.041914871015510564,-0.1595590503319337,-0.17240723023937757,-0.5337066997864746,0.5432964080159817,-0.8135953978093634,-0.9421453424039513,0.0737492736251309,0.5482756316323264,0.7797307231044542,0.44404724441999477,0.64122190610945,0.34739577999533694,0.34467400234218415,-0.07418816727208019,0.011229693790268409,-0.012608115907791715,-0.05702210753387238,0.034809860049570755,-0.6023889668716316,0.07802998701591718,-0.04543399768291272,0.07210918593256926,0.36358600153458387,-0.6239146411149123,0.46536798468068447,0.18474202440849055,-0.5442765732908571,-0.7913789762230099,0.6968974123954766,-0.5579685228647789,-0.35774660845998396,-0.7713229223066727,0.7845790860694941,-0.6399037376656276,0.19428223965608485,0.06433776946794155,0.0658565345656413,-0.0943092183563619,0.0852293876256744,0.31583956317753153,0.3751208301474074,0.599392847717353,-0.33741749667200954,-0.7651896547176227,-0.9018933230026827,-0.19358461357871035,-0.15386291202575933,0.3125629559500722,-0.48107918786809567,0.5882554338863288,0.5249294294958804,-0.6419077727807034,0.2367186439448274,-0.33907581074464366,-0.34262982405032966,-0.47210512291970386,-0.3747803012386167,0.16841747658231104,0.035290687065769405,0.21990217008494378,0.0400523231771088,0.20591681075954163,-0.7781851593828426,0.7779380659493945,-0.3044706839804537,0.4851471927934763,-0.01901724867267411,0.16810977732056012,-0.3722384331068726,0.5060072358103646,-0.6006070374245429,0.7628286150145941,-0.8506278125555454,0.939679632146119,-0.6752144812290187,0.7394994466446999,1.0000079530452206,0.7878122985383654,-0.5126079480443855,0.8389022303857762,0.8572473585102066,0.9320325725859994,0.9685917233255718,0.9889050514043993
0.44024991396163743,0.41734891847315514,0.3235056374123743,0.4294525950925115,-0.10350326001703336,0.21352170645707857,-0.34310035646232323,-0.30388724952890783,-0.41498751861571065,-0.25400329495332946,-0.16513338774169697,-0.5966564439733365,-0.24413505709702107,-0.3512089889874143,-0.5634009051143719,-0.5712034255267842,-0.5950930911996484,-0.6655224273120809,-0.6492168328283141,-0.7935761847364137,-0.6614474322055187,-0.7476142708013231,0.8606053725552922,0.8113332948194912,-0.7898294375472301,-0.6998111415578332,0.9182748914996124,0.5343972866825653,-0.6235476676352426,-0.5806765551392503,0.6142635154162991,0.5223746912869239,0.30079462358901626,0.2874044266834039,0.03205341821841678,0.2617842362082495,-0.6908065470438026,-0.7945068276176029,-0.3750614993452054,0.5772594396010361,0.7306941158171368,0.4692856543142148,0.507765641633677,0.39143028962890997,0.6056899847035478,-0.38638012536908806,-0.2596674187041035,-0.3400105789692432,-0.3815785368574495,-0.12353413427283723,-0.35682423999862584,-0.05155850269263621,-0.2692746471330488,-0.3383789601976531,0.15787319376850945,-0.41542106092786696,0.16882726145602964,-0.1831925865234958,-0.15483620208733678,-0.5442241826563002,0.3385785615080474,-0.0797427361928047,0.2143768871599838,-0.3326441263059752,0.4877111733917212,-0.10576760717048377,0.6942327477530484,-0.4020735956473833,-0.3853705888896007,0.4244477516822123,0.5892376292868706,0.6679293365439096,0.6741044103216005,0.8942930171686523,-0.42108645413103785,-0.4492064087364372,-0.5594412797489735,-0.5963381333450145,0.4015557633474597,0.7528824524598312,0.06482492365295717,0.8552975537765869,0.028357263837635573,-0.8655510296042095,-0.27206480153378637,-0.7244958825804122,0.20564564839078958,-0.8254074300833651,-0.753005853923626,-0.34897497052460985,0.5293204504856336,0.6731589260156431,0.5687162070671727,0.7008297238791447,-0.2807244992918336,0.9607333647580033,0.2774183500440125,0.869739033450434,0.5079323927182742,0.6753526682152405,0.17366987504916398,0.8334969473163515,-0.08344263174085323,0.8616025923880252,-0.4192071499174588,0.8474494972239046,-0.18432513022871688,0.90190160961826,0.7878122985383654,1.0000079530452213,0.02484894381780555,0.4078853171496333,0.45566821943841035,0.6348864593034307,0.705896252097955,0.7427241021907511
-0.4176945131791895,-0.5839586340262798,-0.4189853010665557,-0.3933562698191773,0.3686513507290687,0.385985686972641,-0.44970371911953355,-0.505627023512942,-0.40816447730428024,-0.4926729072828848,-0.42029926243745147,0.002567428599472597,0.10631547675392151,-0.27746074185341224,-0.38786526835766366,-0.15727533918227762,0.23596729064260577,-0.058909946481108366,-0.270813213056253,-0.02576794953955537,0.3958510969507183,0.3269943606631886,0.10415242458805804,0.46916438598126575,0.40990581473884213,0.46999323116964137,0.13687853989799914,0.7833244362147898,-0.4888177530964263,-0.4708670286804657,0.5694726652508499,0.6763704554026454,0.4736838496617335,0.4180491974860325,0.8250347913348788,-0.654025259578166,0.29762348061480115,0.42594657851597956,-0.592913897338365,-0.24443244820768453,-0.35704457769539016,-0.189257708971507,-0.3179941981710357,-0.14408594182600148,0.10188519121239659,-0.42668640186151124,-0.3246684576286598,-0.3573654188821854,-0.24853859034178605,-0.33946144622063695,0.5721396367436563,0.14101051998262518,-0.11458455431464898,-0.40917454842384293,-0.22822805444818559,0.5585987490773778,-0.6268145201227042,-0.5462504872161974,0.7385141954736609,0.604009870925883,-0.7029928739640116,0.8461677924635844,0.9016706925219338,0.8475196014295104,-0.64017989991117,0.9459719075566336,0.603920896915839,-0.5706510039757238,-0.5220429148115464,0.672450270028403,0.5742556707800114,0.2590481056891835,0.11841702372218647,0.16742538697587137,-0.22190056475881195,0.7286964635626545,0.743599938724517,-0.34753743137630694,0.7926112386715897,0.44992479476124664,0.7165097329842645,0.07881877498709275,-0.8665502515595439,-0.1416941103663051,-0.747428396921298,-0.3239653367759901,0.8046431989310717,-0.25794393568785046,-0.4900544452106639,-0.7480142148571769,0.7994868476958839,0.629570735683272,0.7578202466846378,0.606191842322903,0.9010305770178295,0.08311768847894313,0.9382066637005794,0.4299392407412733,0.8392757670581086,0.6750956399415836,0.9134583363396369,0.35167615540849195,0.9267112750448266,0.01766709238412091,0.8204972602782703,-0.29815088665528966,0.8527142086886967,0.07395149931772027,-0.5126079480443855,0.02484894381780555,1.0000079530452206,-0.8519842720320561,-0.7772263004533946,-0.6154332353047612,-0.5713270385418175,-0.5521046364754961
0.5267041076730671,0.6994310300440298,0.48777475645521035,0.43920552519060607,-0.4440066032650046,-0.39256956799416876,0.2147250283201424,0.2914265079570056,0.2952046722657849,0.42105447018335557,0.2069668963156048,-0.27273455064883245,-0.04205976306758548,0.00590640809797139,0.18399769261124915,-0.0705256377615022,-0.5588747767223634,-0.2687234283575531,-0.012768919082059646,-0.3463682878982144,-0.7312614774572531,-0.7084359385309665,0.3469815729038435,-0.03077062421219313,-0.7942855813571522,-0.8242008406398291,0.3504548039103531,-0.49400541698976724,0.2073310400417013,0.2052310782329855,-0.26475611153766276,-0.4374267572041817,-0.4220813828087722,-0.38638359385030946,-0.775793282296972,0.5533598903307594,-0.6341212478294797,-0.7854334204019016,0.4537522772658602,0.3353100887179484,0.5317787573250651,0.26878653484149145,0.3968355657393372,0.23181612709177132,0.11634376968702727,0.11032333230431832,0.09555111221212854,0.10544268602866493,0.05299829900412165,0.17760109864176649,-0.6439738949819597,0.028659244884685988,-0.006755234123423707,0.16166568743731208,0.3617922721402371,-0.7511037849662989,0.6503322745948482,0.35033036701796055,-0.7719277292101296,-0.8607305490991681,0.8826018654111788,-0.8536686499801355,-0.7366273325038286,-0.9709606297128058,0.893686135766881,-0.92280652644221,-0.18516182886129104,0.25412174660715176,0.22691761089268458,-0.35333702074385137,-0.2085020807290131,0.03417151262852382,0.11848588230890601,0.2284039497150621,-0.028303069203845902,-0.8182896985881393,-0.9361957971429066,0.0399344872977685,-0.58151534090909,-0.03394887475405045,-0.6865834920255283,0.25320353379663135,0.7867710323489804,-0.29047835614068895,0.6080365378794267,-0.04935894450171587,-0.6857758098656803,-0.15258368788152696,0.14049470698081393,0.42232948466683806,-0.49347475759609427,-0.18364137110954898,-0.4710124320549587,-0.20104077191402714,-0.9405671304004289,0.3832750195706486,-0.7282778958868672,0.05194843514026595,-0.5322764818513067,-0.25323001024856534,-0.7975892814942894,0.13087852850093099,-0.9185521973718158,0.48884226993914004,-0.9736534322922338,0.728096312346321,-0.8702509687663892,0.3694134635701276,0.8389022303857762,0.4078853171496333,-0.8519842720320561,1.0000079530452204,0.9885686674514276,0.9321136268705142,0.904366519492499,0.8834546195319125
0.5137893883776308,0.6857920751098281,0.4737382337952424,0.40463222626220624,-0.45500983224427544,-0.40602251908047593,0.15514974035508514,0.22224598577391574,0.2773531440069156,0.4019556984374741,0.1422374169390151,-0.2840293299644264,0.001810577737812143,-0.06010920221043542,0.14838766088327524,-0.09445803903353807,-0.5933437575464721,-0.3134082720545672,-0.06043358808173253,-0.4003142739971711,-0.756017522847791,-0.7538563678669563,0.4216673533955492,0.055544483394723114,-0.8352493346319125,-0.8583569294003349,0.42965839381801324,-0.4245938184926406,0.14900721089734315,0.14689924584012296,-0.19601725629363068,-0.3848829536693624,-0.4211714057901099,-0.39553262229804836,-0.7435624761464616,0.46897724314998995,-0.6514253182869909,-0.8054738449360286,0.41877174969834385,0.31142982140497816,0.512538277314593,0.25576948684512063,0.36864476154818593,0.2329867312118717,0.1297393912373731,0.03211041877908129,0.048633454182714225,0.06265236888814762,0.030205531405701678,0.13802577486847953,-0.5868903645869826,0.08377213575803992,-0.03974812161892466,0.10975816120621947,0.36100513391309696,-0.7438007472994633,0.6114257732959999,0.2872838638465192,-0.7391832884907231,-0.8618287050498766,0.881939254086168,-0.824113981181952,-0.6831642668240295,-0.9537396854089247,0.9056981074178907,-0.8785973006854849,-0.10334405389229731,0.18337318673570951,0.1638693588628304,-0.2786957747943945,-0.13710053760462326,0.06168640572687756,0.1329282457415351,0.27457014508090927,-0.0571808925322892,-0.7611529120969429,-0.9132531301156415,-0.0022017355248925906,-0.5246942803071577,0.03351448851478039,-0.6648616928329483,0.27901506990983865,0.7217032271495887,-0.34156085920509444,0.5588250379232013,-0.10277179807892042,-0.6377399411957494,-0.20965441649505637,0.07348761149767938,0.3269812769165828,-0.41985700127619247,-0.08437072266043914,-0.40950748968053335,-0.11797181677884752,-0.9032274345962428,0.44411935208237235,-0.6591799092604514,0.1352533421688208,-0.4552947356792681,-0.1630718204157908,-0.7571968901226561,0.2265064918608286,-0.8917481222437814,0.5834854509399022,-0.9723631016205628,0.7902724901171672,-0.844987229705603,0.43438820443801074,0.8572473585102066,0.45566821943841035,-0.7772263004533946,0.9885686674514276,1.000007953045221,0.9679339604851014,0.9385224143424036,0.9114819728996173
0.5674210573666163,0.7042456259330495,0.4991122831272759,0.45315349456380993,-0.43869082520062325,-0.32002178408485477,0.03256515096957638,0.08284492356266565,0.12860403705080645,0.2649073142113785,0.06792508576923738,-0.3944121762910202,-0.028073084794122773,-0.16880498820038894,-0.023716420505649954,-0.22774626956115657,-0.6668402589110147,-0.4539334888552353,-0.22872532011255509,-0.5582425528179151,-0.8097267300915523,-0.8388811061973782,0.6093220137813012,0.29759156213004406,-0.9170553614392303,-0.909194266043202,0.6304844806519261,-0.1979728431807966,-0.053468494101358045,-0.04843416704355458,0.024562432775750608,-0.17496599408623853,-0.3070867224558493,-0.30400570502605606,-0.6301410103351259,0.4275276364993478,-0.7286771685146999,-0.8835840656847737,0.2510525541660658,0.38947084371588697,0.6016834967666143,0.3239510169700427,0.44208183519814503,0.28670723325936015,0.23075636445691206,-0.08797550816657763,-0.013524661686664507,-0.017509636145061458,-0.03887360439677953,0.09401308042424102,-0.5444442336407342,0.09938136568509345,-0.11253165334257298,0.017523405769520318,0.34165911053481923,-0.7105917678963806,0.5254263659540129,0.17205655322624486,-0.6388089388834289,-0.8532090376310751,0.8246059478579144,-0.6994538785898686,-0.5048747262128408,-0.877737047701966,0.8874829203050948,-0.7500224457196992,0.10116186814055977,0.049862960671567584,0.042746688942160084,-0.11733232912654765,0.034791257628343085,0.1894506336667945,0.24761329025542161,0.4511377891465826,-0.15430087137533507,-0.7145788986121375,-0.8945764572790182,-0.12634755924372387,-0.33212266794928275,0.21673647590488665,-0.5651583672792911,0.4313551075310842,0.5874710805136761,-0.5088912441742979,0.3898064374058071,-0.255001883514195,-0.4805912059975303,-0.3771997640371431,-0.1479396876008419,0.16486589863001264,-0.1827847677234531,0.1383289716987023,-0.17829714058010462,0.09991922525202658,-0.8255611950393086,0.6320735596118406,-0.46440702229020364,0.3547109600223829,-0.22154581337734,0.05985659179626856,-0.5803979091933501,0.4413543940268331,-0.7671548190323156,0.7552343435129099,-0.9347892358085262,0.915300684651287,-0.7626251397049685,0.6155763505536941,0.9320325725859994,0.6348864593034307,-0.6154332353047612,0.9321136268705142,0.9679339604851014,1.000007953045222,0.9918941018019757,0.974359852915976
0.6257549731728557,0.7427788795223186,0.5401441728128041,0.5191491578303828,-0.4380123953223155,-0.2706060749732572,-0.02116670306468723,0.03185367232127024,0.046494469753750316,0.1971300592992172,0.049898628530760054,-0.45096527037463857,-0.0542015785159279,-0.21006552839347362,-0.11253250661830694,-0.2940372130133764,-0.6720105635331729,-0.503082857731153,-0.30652402884808855,-0.6086898382099333,-0.8089831472322573,-0.8421974625805475,0.6622375759707584,0.38184483784995565,-0.9262126175246376,-0.9008334865839945,0.6911847362401965,-0.1075032467931255,-0.14662943744456292,-0.13872149874868142,0.12094323224685435,-0.08082703977813414,-0.24762796699552567,-0.2537070729029807,-0.5931437606450951,0.46209055944535526,-0.7623301575652714,-0.9127641046622514,0.17310133154238538,0.45645345626224476,0.6756186271892659,0.3763981345327829,0.5182615155943903,0.3193111698616691,0.27832892237855217,-0.09620981190175837,-0.00845767868166774,-0.017063393445381162,-0.047863388374141655,0.07597346128415049,-0.5542877508162615,0.08873557941295791,-0.10520579725153206,0.02815101913318667,0.33906121463831174,-0.6783342673375194,0.49628684900097914,0.165109611967744,-0.5995540693906529,-0.8329373275208483,0.7809586056000573,-0.6461155889869646,-0.44600507978069015,-0.8411914075407877,0.8560684874537076,-0.7073209902286403,0.14956363715002802,0.045441658709502286,0.04260654860946038,-0.09832015157190804,0.06494598824281952,0.23953273087816052,0.30245327481216006,0.5197107807187089,-0.21564608212964234,-0.7237924465830782,-0.897206079665628,-0.15478823956727922,-0.2550767850330269,0.26394302697503985,-0.5315511869473457,0.5003163706106056,0.554288487605749,-0.5669499293654979,0.32191329644654704,-0.29373235470195763,-0.42057413404380806,-0.42335373746760036,-0.2456919571653185,0.1536315104193996,-0.08920517485360298,0.18620591782558923,-0.08453142226806834,0.15611907010773748,-0.8096286510505422,0.7013424889047319,-0.39653821967305247,0.41936860726568215,-0.133866442519003,0.11570138415332032,-0.5018933886587742,0.4888995393202143,-0.7106232068443187,0.7835274080338931,-0.9158030667724109,0.9464283690854124,-0.7371142153671686,0.6793288688782142,0.9685917233255718,0.705896252097955,-0.5713270385418175,0.904366519492499,0.9385224143424036,0.9918941018019757,1.0000079530452222,0.9946499748768478
0.6686620043895348,0.7748671888197148,0.5722303376903405,0.5719692391648656,-0.43882517511797636,-0.24120744529056842,-0.05512116938636572,0.006386626412628687,-0.0030332835746890905,0.1588991514526757,0.04209176387869653,-0.48980285423766073,-0.06727850129152742,-0.23574641267398003,-0.16408372016860678,-0.33376258813932386,-0.6652815087068034,-0.5252768162501732,-0.3505187066278068,-0.6283935399954056,-0.8004113504813672,-0.8290680398578228,0.6792948660192621,0.4208328828997969,-0.9185668566748335,-0.8830301941598944,0.7147458792764407,-0.05914388053276733,-0.1986763815846111,-0.18880758308872705,0.1736762991187191,-0.028368709248433804,-0.2139042345332252,-0.22446239223405365,-0.5756270174855611,0.5005541286617697,-0.7854654200466298,-0.9286823128397633,0.13076242747610817,0.5001086702898248,0.7258672556467188,0.40845900937327473,0.5770089522276738,0.3335912482332454,0.3038083722298396,-0.08339767040225676,0.005406042932264045,-0.008048898411867886,-0.0454404299961042,0.06168993614695901,-0.5741563335593989,0.08433445000750822,-0.07967725358820393,0.053427451447932754,0.34847512073890685,-0.6552284185422911,0.4842232680456047,0.1774646261434577,-0.5790868390694741,-0.8168753389493794,0.7485200650857933,-0.613758569457855,-0.4152440067782485,-0.8169875395764996,0.8289510460553072,-0.685080967201675,0.16379825766022957,0.06066902315608277,0.059829019555649454,-0.10377413782648541,0.06728682576149482,0.26701556239936053,0.33132992701911873,0.5536315329629374,-0.2660882179686178,-0.7428964989532132,-0.9033646007603868,-0.16473608667694337,-0.21478922326653624,0.28015230236637173,-0.5173000531954742,0.5376523095281674,0.5455468933851125,-0.5971661694020443,0.2876224326171588,-0.3080418216259365,-0.3911116551576661,-0.4408894302578938,-0.3023072026381132,0.16630155036129746,-0.037700118577293315,0.1974133217064198,-0.03359212458523905,0.17396123906945204,-0.8040857297045532,0.7360346416730479,-0.36216222650395336,0.44588472837815574,-0.08732795481027988,0.13404825637923196,-0.4523580861384514,0.49690069780980917,-0.6714173534360837,0.7790532510354718,-0.8974516809911026,0.9509686425666206,-0.7203851776119939,0.7079698700901746,0.9889050514043993,0.7427241021907511,-0.5521046364754961,0.8834546195319125,0.9114819728996173,0.974359852915976,0.9946499748768478,1.0000079530452195
