0,1,2,3,4,5,6,7,8,9,10,11,12,13,14,15,16,17,18,19,20,21,22,23,24,25,26,27,28,29,30,31,32,33,34,35,36,37,38,39,40,41,42,43,44,45,46,47,48,49,50,51,52,53,54,55,56,57,58,59,60,61,62,63,64,65,66,67,68,69,70,71,72,73,74,75,76,77,78,79,80,81,82,83,84,85,86,87,88,89,90,91,92,93,94,95,96,97,98,99,100,101,102,103,104,105,106,107,108,109,110,111,112,113,114,115
1.0000079530452215,0.18997886650227055,0.9414262935130278,0.7713139034064684,0.7360277765203251,0.6958047518539957,-0.34039850157932205,-0.19036145423627052,-0.06758273996304394,-0.21139446291350897,-0.20048063343774092,-0.41067863510323843,-0.44244980905942377,0.021788239818528277,0.03190477334199138,0.15553159536472586,0.17463098697315463,0.14708879985612888,0.029973428066092652,0.09812493360696138,0.0213435715448325,-0.2533504831314356,-0.18199501649523658,-0.04730787118587675,-0.17201683214194782,-0.1557294681837915,-0.16218897305557028,0.06061967912081604,-0.0425534467073668,-0.013816940634053334,-0.1493397227106875,0.27626007769475674,-0.3999013712189421,0.7607411408919968,0.5338071434798647,0.07956023389307677,0.24108489531004726,-0.1376604023873553,-0.01609441641136614,0.9415582974344674,0.755324454229221,0.7876878898078993,0.7903982843124671,0.5901441964050198,0.0050004184049472124,0.29868072492611525,0.4561858051559476,0.44095622379245386,0.4945064005166035,-0.05201629350574207,-0.13180599891526887,-0.24177871634945844,0.3493088039220847,0.3250411893202206,0.2737399232504478,-0.03090958393307536,0.16094150451034198,0.2909206883134366,-0.12239315861551821,-0.09048988936947969,-0.152267445870136,-0.13193438651852968,-0.06622904011799231,-0.13884202011630548,-0.14778686793648033,-0.07929474408979574,0.08130905740261841,0.10483498603213147,0.16232696514466924,-0.14565822761067482,-0.02518540547313702,0.1625882520491208,0.2188276169300883,0.28796773606069465,0.21900528729063223,-0.09000513257664866,-0.13503292608164955,0.34839722315410326,0.2587187449413992,0.11435779132889956,-0.21583900351153829,0.45159898589724706,-0.26000015155857475,0.5653020421696054,-0.09858758232780528,0.39138501851070806,-0.11605743155183264,0.34566779203688897,-0.12245155955775505,0.13816751652020856,0.07033167112460681,-0.055152739021773846,0.12254779197401963,-0.05901305495066534,0.0036566851252597924,0.1856601475926078,-0.047486492034842745,0.12486452966026917,0.018581717847240185,0.07658533929093707,0.14789139728608566,-0.025274713117026785,0.14205131918149339,0.04494828683627962,0.09949163876891207,0.05961889105821904,0.2803966058966788,0.16483688573860936,0.10560442832823484,0.021743167019635953,-0.09099621809771995,-0.0038102482702296954,0.05732683390615644,0.07252507848143425,0.07637442952819895,0.08926556369830871
0.18997886650227055,1.0000079530452224,0.23743783617235767,0.16663387651231285,0.14819766013677668,0.4110263293318987,-0.061151423438218985,-0.24274672454645096,-0.2907600902615053,-0.12037915858983617,0.28719330732461623,0.28368848814106074,0.24001700810503093,-0.422288956380957,-0.3283460607632473,-0.3839371484878949,-0.20835731295510154,-0.30185453497673986,-0.3524896709274072,-0.20188273170095042,-0.3287138167086747,-0.16899780545488624,-0.12480432937612948,-0.14165825283092606,-0.2675375734595273,-0.2599086194005456,-0.33838500033058305,-0.31486669889264324,-0.37232436446803047,-0.3505291512112855,-0.3780517469356077,0.3676170548143153,0.4321165330536388,0.29435950690810486,0.6127811131402523,0.5698661794237887,-0.416930147481873,-0.45806780437910827,-0.02876475253287419,0.14067650496421286,0.5379228006256007,-0.08884327283009516,0.17060822574165768,-0.13360283331850065,-0.04484509238314708,0.5653156187478974,0.4943816996577839,0.4225998971594963,0.39893752492607004,0.4011631241472344,0.4788237452904413,0.39522411995674817,0.36969487520187094,0.3242625399578092,0.32869345733896654,-0.22571395385536894,0.20088539559883967,0.20625606632767057,-0.10013976871712936,-0.3252701190103301,-0.1045528890361934,-0.04527677146709481,-0.06883243835322735,-0.19677110782062018,-0.18643391307155174,-0.23589225897879298,-0.28912050422946395,0.2985949644769757,0.2677781840216573,-0.24828198585709454,-0.2890172640453124,-0.22053280291275532,-0.4273848249516457,-0.328253482704304,0.5308550436844178,0.4757426112332118,-0.41015047096946117,0.34432352140960887,0.01672877760086035,-0.3430187517382598,0.5923106806372159,-0.19761130707911628,0.4360811277655497,0.5772480252403351,0.08738687739553544,0.36123131669278924,0.2558136074757407,0.3028341003789001,-0.3631345671666127,0.5017985000184508,-0.22313184466468544,0.11844892079263088,-0.17627306718547192,0.13167215135910498,-0.6312304032816405,-0.3804122631268133,-0.5399877112452537,-0.32648585300313215,-0.3602145657685383,-0.23443271136535504,-0.23996232280037796,0.1348551198164426,-0.3347059193389733,-0.21041095474981902,-0.4200829037582041,-0.33873478975836885,0.5071404435979753,-0.33048422942381955,-0.5057730338318304,-0.5301204630381756,-0.4518159025139854,-0.3162568333912895,-0.24663359938283738,-0.2838721818480079,-0.3624047387286254,-0.429760971818574
0.9414262935130278,0.23743783617235767,1.0000079530452208,0.8916242331032934,0.9050316668968528,0.8081391655603776,-0.38359214987324536,-0.211593862331648,-0.061162125547655204,-0.20602166611653674,-0.09707800341671734,-0.45144097033570363,-0.49789746776842936,0.013467933832240323,0.05725949886640176,0.18093872838974,0.22019042194811064,0.18231957773007756,0.04835406762722176,0.13651292543878008,0.06916037523393415,-0.22532296162007742,-0.16677901782200652,-0.0386984617519232,-0.13375389240999905,-0.10599329039251759,-0.1310006894979615,0.0503279982027651,-0.007876276299723503,0.01736457986125611,-0.11866452467810235,0.20807421789261396,-0.366726506986143,0.7197112780787559,0.4551224252173026,0.2495102636999081,0.28605234739811686,-0.07940931858955552,0.03659800046821657,0.8196819363763114,0.656355599105389,0.6671526459143127,0.8504245711333766,0.4539709665639179,0.1097456040234059,0.3584844806718351,0.4992901504515954,0.4495363995883938,0.530712120440204,0.10157858898002599,-0.11832359425349863,-0.2572694112317227,0.34258652645388077,0.29853380752619585,0.257220216415187,-0.007528290870219336,0.13486048981817708,0.24846981557023964,-0.08968940007835524,-0.04285149971545568,-0.1060783760395467,-0.09192603607391633,-0.07328920450180479,-0.09580880669346892,-0.10035093939825174,-0.0485214753438175,0.07320387052878234,0.09012331954644955,0.13777681288558724,-0.1355540198028018,-0.02588995467963518,0.02137588958911831,0.11767348561428252,0.20736114658391042,0.3889990084883253,-0.10596126164928132,-0.07860666438453563,0.38250465109896525,0.1964625472926484,0.06463069616850307,-0.16763748684769825,0.3075024818529697,-0.21931168450098798,0.6231343296091546,-0.05008977703687084,0.4307863905228619,-0.07591708877067783,0.39704100059826575,-0.08057635109196983,0.15055165485986527,0.08687639720403506,-0.10502335946339773,0.14452101720192287,-0.09951843818219835,0.03466040664327332,0.1719053382272022,-0.025053848389027994,0.12503686149958337,0.04739831670163209,0.1029163917288798,0.17313128229527208,-0.08292187840805633,0.18402735040568696,0.10734292675057298,0.1579934724575277,0.12525884364636522,0.1643636896218553,0.14784198684502622,0.13675631617892928,0.034800231678429966,-0.062024661939374344,0.03363952837278284,0.1004200267094903,0.12770307258804647,0.13355547367752624,0.13989090267710055
0.7713139034064684,0.16663387651231285,0.8916242331032934,1.0000079530452197,0.905902865646699,0.7154047365902071,-0.27519360967371814,-0.04809271755176411,0.05836407829375548,0.007967528948617936,0.06408862670901994,-0.5150201921455517,-0.5684613023168869,0.06025795514846768,0.11199076523564772,0.19067488992966555,0.23645832765842095,0.17170157516616613,0.02045817944703946,0.13056814763414776,0.0904646745574446,-0.2369035599989024,-0.1846641987865274,-0.08563698898515358,-0.18574305593790405,-0.13325930925222432,-0.20281789662899646,-0.08628147449752777,0.0334124165622417,0.025126460644701427,-0.17352975360557957,0.10866930643296015,-0.11718757486563851,0.4441102776970956,0.34500762680559743,0.4019951888407063,0.3524485054237429,-0.07038599908123956,0.22731405034529795,0.7028028519941797,0.4923578431237022,0.6964578842305735,0.9714535428030566,0.5365491036327242,0.3032291893661219,0.29910095991939667,0.5221299882229533,0.5008882733924146,0.6419729749797033,0.22861259653556584,-0.21559157946797242,-0.35215841907061607,0.3427173340289035,0.33003034477783616,0.25550065079864626,0.006803388242233965,0.14334185646303652,0.27900657622018515,-0.12278257744693942,-0.03974278922401033,-0.13501491058167778,-0.12574137211536135,-0.10537235118179614,-0.14431235088836097,-0.13187242969640503,-0.10612273622318769,0.03140623014696019,0.09465077015896076,0.1428388063877361,-0.1583817386879837,-0.047762529707200775,-0.0333431312688827,0.15752925359565148,0.17225735602473705,0.5256886197711008,-0.18089379992191068,-0.09075177239310418,0.4738546465266032,0.0037844842568276913,0.04195701442212307,0.030543392200502166,0.28141161943784526,-0.07533389418037664,0.6873760290233082,0.16037116107800684,0.5348265914546312,0.11948670157180837,0.5141735742589938,0.04205644390652281,0.17213870557497318,0.003474595053186804,-0.08068066415094169,0.06714663652083351,-0.05895504593612195,-0.0706086168408252,0.10904788008043258,-0.14161600700393318,0.07034871163125848,-0.051184183177227165,0.05482103317292991,0.08076201383736845,-0.05247862153489783,0.08516099925578785,0.06529544064193298,0.07324493610573123,0.07249871776578339,0.09347084805582916,0.08052596723219713,0.06488810390182678,-0.043285593463691985,-0.13750158422122205,-0.037960105449184,0.03510363930219518,0.06510469586213109,0.0688589282082774,0.07122218875047268
0.7360277765203251,0.14819766013677668,0.9050316668968528,0.905902865646699,1.0000079530452208,0.845858250945109,-0.3740853462584124,-0.17359406741647343,-0.015233777657111935,-0.12223964162792054,0.04720661517105385,-0.47120141626939427,-0.5352991282694991,0.007119721702366739,0.09988159362763278,0.20467675720323292,0.2635755369045654,0.2199440021976438,0.06802158496542704,0.1867892312968528,0.1321179627660963,-0.17379100541999054,-0.1329034412649643,-0.010728396495767985,-0.0632102838062383,-0.030370100603228447,-0.06294263923284175,0.06069971838506589,0.04317872552390181,0.056550540314461085,-0.06719762539704627,0.10672772149984946,-0.2919416648525704,0.5700760691632506,0.3027936636872211,0.4044860157783965,0.33586838955315923,0.011704788257137999,0.13477128497332158,0.5844319608257555,0.4189905499585682,0.4995789426479237,0.7985712524116623,0.3212848777711194,0.2156634242640679,0.33977694618317317,0.428686978967996,0.3623087044351551,0.4497203545752902,0.22734235253434504,-0.12038880740514708,-0.2781364600064084,0.2750833131133887,0.21423538766032854,0.1937675283397706,0.03486922524653712,0.08353152715416902,0.17576160121033463,-0.04434379777119528,0.032099099217952023,-0.04158412680652074,-0.040323484262108404,-0.06435854798950337,-0.023994465046746582,-0.02909889351173992,0.014437199216589881,0.10266154409458919,0.03294684925454148,0.07383810899563581,-0.08692077101972615,0.016544897343168292,-0.049504391935805775,0.1134984691614064,0.17672730844914025,0.491236308075669,-0.1481944658990361,0.016652989977981335,0.3330161782789964,0.11300810453769491,0.07074386322129811,-0.13074157822019414,0.20160130194431478,-0.1475251000633201,0.574909420506807,0.03882883053861392,0.38831140115601176,-0.022019814965488327,0.38255349864514315,-0.006916770559399711,0.09329277764550399,0.128500929867479,-0.15922667159512724,0.187329617391681,-0.15226228357415383,0.11594370876029157,0.1969428092550767,0.0411174861675254,0.16137129718939042,0.11091977281291415,0.15394956269668733,0.22498708120188599,-0.14833107556947137,0.2597103981923739,0.18690255845466086,0.2568396072371068,0.2226460923093218,-0.009635878701311095,0.17147533140421234,0.21129189633171336,0.09741336719380747,0.014461766388749896,0.10574433226138867,0.17020675667112695,0.2106540055641467,0.22445459026768225,0.22887776428580547
0.6958047518539957,0.4110263293318987,0.8081391655603776,0.7154047365902071,0.845858250945109,1.0000079530452202,-0.33016097665058364,-0.29101923688197434,-0.21431024329365692,-0.23913702600432207,0.16398463227632143,-0.3071282714737619,-0.3900625658541933,-0.1764778931569124,-0.06829946052587987,0.0648675672407316,0.2411947279610157,0.17940271978704123,-0.006387855075488126,0.2138671154966374,0.10600704762518048,-0.2355893524582652,-0.20964117121857884,-0.05993047318650668,-0.0916184209565929,-0.03798412070359051,-0.09368079503903723,0.07052115452713398,-0.09315770362452905,-0.07207789522214313,-0.15534526558201367,0.31232441542068656,-0.22620374589388928,0.8254876771705945,0.5757448800470238,0.5156198165464815,0.23406243534104676,-0.023936134589986613,0.02068502052387526,0.501143212251617,0.44937199698967967,0.32598104639398906,0.6191878748692148,0.17250300917581707,0.2330536890844431,0.3626133642395636,0.3975579020483431,0.34456058732289957,0.41086397508121403,0.32493332302454364,0.004324987775355706,-0.1630218052751096,0.2651609320298228,0.20629213682314093,0.19256738809978394,0.007451183815548901,0.07692691794590266,0.1544917097305731,-0.029323275551338266,0.009283948236921828,-0.049778910879093474,-0.045565766243853535,-0.09978860562973701,-0.03528326863468032,-0.032391650426920084,0.008227711894674626,0.12242541954168763,0.034593403511750685,0.07162545413561185,-0.09400286512061741,0.029338517069859023,-0.09904147664976407,0.09253657831077908,0.18779152468008098,0.5376107479218375,-0.06058839229930318,-0.005134812211597847,0.3342242447689787,0.24790084127056408,0.06258418683632888,-0.0539679158596111,0.1660214592793448,-0.010624553766299468,0.5653977210537219,-0.01897375673127723,0.3865006129321363,-0.031392953434850504,0.3863789640824133,-0.11756818738399083,0.13759784910567352,0.14315204367485643,-0.209066987876818,0.2237381707990374,-0.18975001727495297,0.09225736754517179,0.23119906235858545,0.021032380035489694,0.19131604730313817,0.12238946733883657,0.18550604502217347,0.2807578699076313,-0.20695638548469292,0.32338097848542025,0.25652719418322695,0.30970026009659757,0.2862911060080829,0.11885889393929204,0.22698676428449463,0.2334610536545317,0.09909653223961754,0.009365192743201092,0.12064996291278174,0.20567938136786812,0.26348455771583834,0.27496776401798995,0.27060505631601617
-0.34039850157932205,-0.061151423438218985,-0.38359214987324536,-0.27519360967371814,-0.3740853462584124,-0.33016097665058364,1.0000079530452206,0.9118227461889927,0.782176941066519,0.766520473519906,0.7346749535312977,0.728159082754085,0.6330212104435075,0.6243281876364597,0.6268573778670496,0.430408175296753,0.09636101942826346,0.24747274469134417,0.253570501095969,0.16753734246443527,0.026614298673899608,-0.40849137695147003,-0.4557422426979154,-0.4309352757938121,-0.40221808967947453,-0.228289626093993,-0.4511360487928731,-0.5552526952822765,0.5069900839175867,0.35589573042019296,-0.46842204940124266,-0.32929491372587527,0.4631071240306164,-0.43041828330531157,-0.17093235622044176,0.4002777014607379,-0.05666739268829831,-0.00893862672215615,0.7497714883449663,-0.32240705498229677,-0.36351700441742196,-0.26251076216565844,-0.2509043790736012,-0.22682424456595057,0.16418594368089398,0.17480545180502152,0.12280472978399341,0.21960676511715538,0.06299354558894632,0.4947397083838871,0.4916597063559438,0.44440439653047686,0.2701212774583594,0.2714750266604148,0.32139950670980133,-0.22538719929175938,0.3017638767028013,0.2468510842754711,-0.2439500497741019,-0.145017524401243,-0.2347566627834491,-0.24681899725395073,-0.30697018183536295,-0.32212905988437746,-0.23222769250360892,-0.31976859299504584,-0.1447327872555698,0.2588431464556352,0.17681202950948888,-0.17554848651166813,-0.07595466709688084,-0.2571196290265055,-0.0511850325425467,-0.14503238170042418,0.32348329978285423,0.3470108953311808,-0.19469906433704248,0.26586907978412566,-0.6645321572194852,-0.22212445218156082,0.49082536037450014,-0.26298284098680014,0.7880342115624974,0.13802648891753683,0.8101797357795987,0.30120618781336167,0.7872766659724828,0.36066908880252274,0.6973504560273349,0.4065904147141623,-0.3853945030983501,-0.056234188260737394,-0.2728903505437149,0.0456877226813978,-0.2631156625657317,-0.12400440600320885,-0.39897609632025655,-0.14370032640542157,-0.39754544122525726,-0.1175582297603523,-0.2966230303298685,-0.07883667036719191,-0.24930700273083717,0.06747376058977199,-0.131657537515961,0.029164185365437807,-0.1594672993500352,-0.06664384696355696,-0.10559973170260176,-0.20952665982709148,-0.2998068517244069,-0.26776800270733264,-0.17586548375810407,-0.08858177526211619,-0.07351378239925524,-0.07915861648621185
-0.19036145423627052,-0.24274672454645096,-0.211593862331648,-0.04809271755176411,-0.17359406741647343,-0.29101923688197434,0.9118227461889927,1.0000079530452208,0.9348723140490143,0.8989130584922378,0.6102426187819397,0.5257732912003018,0.449421134789147,0.6546130023614306,0.7343326994051693,0.4576482868788509,0.03389010586961673,0.2134940989367816,0.2440712347672062,0.13730983700528784,-0.027709006118675005,-0.3581665223343651,-0.39654908259091337,-0.349895003027218,-0.3409612777768245,-0.20880265992682454,-0.3890079320475351,-0.481289139621303,0.5475065547182648,0.40297062670137695,-0.4764509560809694,-0.3640046782058772,0.35738644314322304,-0.44306299131251276,-0.23110112793534024,0.3366873474599895,-0.0316287884097611,-0.049317756714128747,0.8735979065835631,-0.14853093028991687,-0.29403108647596526,-0.02301365475025709,-0.025893415221694527,-0.004765882103656158,0.16336782990678897,0.13580118649169695,0.12198882586567271,0.18806645322086196,0.09031125346673417,0.3591223551554788,0.3346840914749866,0.30202823341387,0.2381445318285525,0.21130899730805483,0.2679100793485055,-0.18183007196313108,0.24027212969524914,0.2125830078631581,-0.20249617969235262,-0.14919740116152597,-0.20059442870362587,-0.2013172493362366,-0.21594917417301915,-0.26256485319666983,-0.20427093434689017,-0.24903413854999462,-0.07724640777515908,0.1688332097533138,0.11380834497987034,-0.11015066349251779,-0.026519190677876253,-0.12447282088721913,0.06785269494007819,-0.03801318757558643,0.27065593701311813,0.247169757999026,-0.175423692282963,0.21099187231249783,-0.6517040762669438,-0.10635769536355065,0.38067937528127643,-0.09939868214241296,0.6809298496771213,0.16272630909427452,0.8629017436319657,0.25624976916216985,0.7743398082609867,0.31045927614512053,0.6895731825750407,0.27274323005402545,-0.29702040315022593,-0.04023741657129436,-0.18902319786996896,0.031737513939661864,-0.18460506507727148,-0.057291432496608126,-0.32626174595555485,-0.08133777483254861,-0.3179704711439177,-0.07533507418746864,-0.20699810802418173,-0.054499477456475924,-0.16542583777252837,0.05532133559028267,-0.06604689108724618,0.04465126213995423,-0.21562394984489283,-0.020872328555636168,-0.04863962267472839,-0.14632497774814104,-0.24217067824176208,-0.20865308482962402,-0.12747450438522787,-0.05400178975451794,-0.03643283563523448,-0.03447040801840541
-0.06758273996304394,-0.2907600902615053,-0.061162125547655204,0.05836407829375548,-0.015233777657111935,-0.21431024329365692,0.782176941066519,0.9348723140490143,1.000007953045221,0.8332332858690767,0.454676841735421,0.4616299888568571,0.4230639236633083,0.6988624380970088,0.8829277671758998,0.5208553834062822,-0.04771918305087069,0.23562065861748066,0.3744146823400538,0.13847688139162675,-0.07424649634865776,-0.38609592562279016,-0.45062015605493266,-0.3962654899226662,-0.35928808794655326,-0.22616276588012274,-0.4068752241613707,-0.4855261969614941,0.6881735180164493,0.5702667668926164,-0.5094084798335815,-0.45870493938435086,0.20643810420120084,-0.37110595429125687,-0.2912425769234785,0.24580312951860692,-0.07527426104624575,-0.0644915052253244,0.887686923626688,-0.05168921412381035,-0.2298400810789158,0.05262714618176589,0.05653325903131155,0.03891744208054789,0.12294328472797958,0.11916294848533476,0.10923153367999475,0.1621028313205562,0.07721396074492816,0.25295964726038844,0.2894514766070361,0.2889956489296658,0.20373155780440524,0.19441631920508692,0.2320304483985514,-0.1709094745973281,0.2145480378931989,0.1899756105303178,-0.18828050230853544,-0.16177652257678524,-0.19186307041530593,-0.19898981173332903,-0.22273233596052394,-0.2664073813270332,-0.20532523113615023,-0.2582840006724567,-0.09465696185148682,0.17184029119480015,0.12299328339188552,-0.12101935480548122,-0.04418518242953417,-0.10194065999011466,0.06571766100642432,-0.041654804369384554,0.21078353688286472,0.24357178283478467,-0.1831217565525832,0.18655656369485246,-0.6852771221161649,-0.11426939103917597,0.28404490599272886,-0.07962982568130937,0.5523136484672447,0.14762793581675687,0.826411011284444,0.22528906932967047,0.7294011949851884,0.27599265884400837,0.7223828889068507,0.25910465309147196,-0.312587228209092,-0.025364937418283245,-0.1914706597295151,0.04404235488869665,-0.14454849461697958,-0.0641273587174598,-0.3028876346745624,-0.09499224265665235,-0.31936175088379704,-0.0906080923002335,-0.20028357875812,-0.042510237089358104,-0.14267202059957595,0.04960793992435838,-0.03809218570036997,0.0519203140344772,-0.27682333649163565,-0.03152847195069425,-0.03480442915962626,-0.14161243040371888,-0.24608628588206963,-0.2159032140002451,-0.1305197274423023,-0.04984897940291786,-0.028313281370131983,-0.022624952456217647
-0.21139446291350897,-0.12037915858983617,-0.20602166611653674,0.007967528948617936,-0.12223964162792054,-0.23913702600432207,0.766520473519906,0.8989130584922378,0.8332332858690767,1.0000079530452222,0.5662535449321898,0.4580571875179171,0.3990319654619853,0.2996066028843042,0.54871905554741,0.10147287945807527,-0.13653671342619894,-0.07436112839080189,-0.030718523754516135,-0.0067492164356539016,-0.12447815114283209,-0.2507788728269902,-0.3087107534274392,-0.3163664084662004,-0.3002254046949355,-0.172064593195823,-0.3798866972748049,-0.528023515341564,0.3470450635480498,0.2205963911875846,-0.5956011895514531,-0.2846578660090353,0.5746698208562692,-0.47964938755817765,-0.13195871179901453,0.40201774336188567,-0.1858965402811884,-0.13859972191723882,0.9208627803421221,-0.149441749056667,-0.2494506142320985,-0.0020912761427743527,0.019754648797948405,0.0275165509362178,0.16607217302272154,0.11305536838109889,0.07211597956147936,0.11859736094437799,0.06060932823162401,0.3044472326587215,0.2956151083799458,0.28071632047714723,0.1480008749380297,0.14438933684957922,0.16989823763966402,-0.13372384985986813,0.14926887728249735,0.13311797155613905,-0.1318717041914254,-0.156137321873993,-0.15271520264354652,-0.15263599614502094,-0.17950538077445524,-0.23349334601044794,-0.16711348064250467,-0.24388711039369745,-0.11030760994795598,0.13110315468258288,0.09217529675717795,-0.1026954831353258,-0.0511995187869476,-0.10595384184702294,0.06196140151910387,-0.06815864426062784,0.2664760983084808,0.24547501113621464,-0.19254453844007746,0.16044428585672899,-0.6448147844981309,-0.11385437503879438,0.5494040683511368,-0.08977415700698808,0.7537546787629463,0.1536736863855386,0.906536951041079,0.19788894975780413,0.8266462183581584,0.24925999080246497,0.506854523157882,0.23805900945541683,-0.3130583333051619,0.008453643649227032,-0.21529109947234865,0.07930103504135709,-0.30220169651875567,-0.12754156360322005,-0.41062024701879946,-0.13515411175212177,-0.35894612148158933,-0.12230939164293773,-0.24169161864769723,-0.0012892993085357285,-0.22110192347150429,-0.008435927431859207,-0.14386174860591094,-0.031996874873726495,-0.15114686277129014,-0.08275260009259919,-0.15211024400230533,-0.23517629974708146,-0.28806058583001626,-0.24728859034720965,-0.1754068065685777,-0.11757604133546143,-0.11382471313827307,-0.12413667708406963
-0.20048063343774092,0.28719330732461623,-0.09707800341671734,0.06408862670901994,0.04720661517105385,0.16398463227632143,0.7346749535312977,0.6102426187819397,0.454676841735421,0.5662535449321898,1.0000079530452204,0.4514919546320744,0.27662576501542513,0.3349685431437752,0.3479061071799978,0.27322345766430567,0.25761824305181225,0.20689525924458013,0.07435583252282585,0.1737737803711632,0.16203400431304724,-0.3686074678741297,-0.39846891741427054,-0.3981532379317724,-0.3750232219741804,-0.1742833902368591,-0.44559600907324054,-0.556996692114495,0.2764603047224744,0.1511535934032436,-0.43571209572753905,-0.17859202956707332,0.5602447094538415,-0.19011722262052172,0.06956955715559762,0.8717814286618781,0.16146255588829958,0.041427772749656165,0.6595177866582098,-0.29310922705452086,-0.2754003520461504,-0.3059297204012614,0.011820420407698675,-0.32642520411382836,0.41225969669847684,0.3870293884575464,0.39564728842276414,0.4610074795334842,0.3761945153228248,0.9176209971851615,0.43135182110321707,0.23231917073043384,0.3837662464133071,0.38454642066516476,0.3734765560142016,-0.11079193003827782,0.28250696622875504,0.300654787151003,-0.19611686282277316,-0.035664593006312896,-0.19593152294800423,-0.20893785009648982,-0.3385451394247303,-0.2830031836609895,-0.18390948013922226,-0.2839517105023698,-0.11412355325896706,0.2664332696559891,0.20383177505242545,-0.2275389110702845,-0.07951890811613954,-0.4925105046485047,-0.14825351647230217,-0.17238694349742115,0.8120199214196251,0.20023581908389465,-0.11508501833080666,0.5292120628999814,-0.5672722635830534,-0.2642874725036764,0.6336404444294531,-0.3656457287044051,0.8428212122605381,0.48876392183682754,0.7552621213828213,0.5873387249567094,0.7642835370279301,0.6445775506298566,0.5326072704313034,0.4991046873924282,-0.35593305853992835,-0.17610307123212962,-0.23774099244562763,-0.046950923774409035,-0.30807794931977667,-0.08117806605837043,-0.44270913142379315,-0.08903847370865293,-0.3775592007973073,-0.035854207670486235,-0.25882750968898693,-0.1884979669916681,-0.20501067354403965,0.1745276309581729,-0.08310615133900462,0.11597678682749879,-0.09310908907064497,-0.029525981923880576,-0.06613704120298507,-0.21213090572876558,-0.2956927802776015,-0.2193480933869726,-0.11194525323778526,-0.013843334037582738,0.001324009227097691,-0.013832248872679184
-0.41067863510323843,0.28368848814106074,-0.45144097033570363,-0.5150201921455517,-0.47120141626939427,-0.3071282714737619,0.728159082754085,0.5257732912003018,0.4616299888568571,0.4580571875179171,0.4514919546320744,1.0000079530452217,0.9735855697611832,0.2849855202935639,0.3826429189672905,0.1653679625485333,-0.13944732886806363,0.09818424995415521,0.17592203024582986,0.0941721925320671,-0.22212805709565528,-0.3501829941709247,-0.3978282221676649,-0.36209263420351456,-0.34744979891062927,-0.25033627515181744,-0.3804456800232909,-0.43714869561282743,0.31439664442361903,0.22091618726154938,-0.40112226168179427,-0.17042443980650462,0.41764536156678667,-0.29519851075839154,-0.06073265852288429,0.2631549595499827,-0.5316047473546723,-0.206017206527686,0.431752304420513,-0.4020759959006595,-0.1461611189815528,-0.4931022514913146,-0.5267444652980247,-0.45245611057494517,-0.25428925307788713,0.360692719618661,0.04529477547250439,0.03680266028971779,-0.22658041653805797,0.23499699036507493,0.851258125404698,0.8858403885940545,0.23558653215865713,0.17429071237370072,0.3211696768335351,-0.3933437568663659,0.3138379306534643,0.13654833311431097,-0.21759716870314863,-0.3110808435018501,-0.1716519352054185,-0.16605172229105183,-0.21926270724817787,-0.275593601538548,-0.21608151910445006,-0.30813387402544434,-0.29693216326769206,0.34564583821684214,0.22158642490133065,-0.17833252912249403,-0.20273839297775836,-0.19288889438722306,-0.36670517437622013,-0.386633375615832,0.10910977141308326,0.7552768453371539,-0.34992314121949575,0.011975736632548436,-0.4476378144968483,-0.38829618346270905,0.4689911058099611,-0.42244380904814915,0.7190185444969869,0.006109738688621694,0.5110898959660858,0.012814981265165913,0.5647986626845145,0.03863933849972215,0.33945984870273543,0.49238908489242694,-0.32423584943840505,0.0796277936515504,-0.23768602029512007,0.12300110423417596,-0.36445893939044477,-0.35299845021661114,-0.3907800228397987,-0.32572824290315006,-0.3614527560855514,-0.24207768584054007,-0.26309067374147393,0.04008013656549904,-0.257011673603995,-0.07143381852396227,-0.22417418253887486,-0.13327964477285087,-0.026634872137317914,-0.2643233280903891,-0.3220871571348041,-0.3799698976265303,-0.36329045527229537,-0.3049143400830695,-0.21860350977562754,-0.1744329154339798,-0.20606619199643542,-0.2506631528078058
-0.44244980905942377,0.24001700810503093,-0.49789746776842936,-0.5684613023168869,-0.5352991282694991,-0.3900625658541933,0.6330212104435075,0.449421134789147,0.4230639236633083,0.3990319654619853,0.27662576501542513,0.9735855697611832,1.0000079530452213,0.23797525361173177,0.3677728481104941,0.1191138439513777,-0.23792342533276822,0.06563445807928661,0.19906331338718544,0.07709560128489874,-0.30222924522784955,-0.32970916823514057,-0.3873879330603108,-0.3453100985299193,-0.3290371139935752,-0.2571939931980729,-0.3505418283455235,-0.39326697856643605,0.31324106545488073,0.23303415599390603,-0.3694850669498751,-0.1718251485439427,0.3761872542700259,-0.32305430322966966,-0.10274019087044862,0.10351466529193996,-0.6384480608164335,-0.2462046703138006,0.35557688679684984,-0.4096103409674523,-0.1400179810503599,-0.4821685364443927,-0.5659404595898752,-0.4205890479867972,-0.3012836657177469,0.24495984591742465,-0.07286419274824679,-0.08539337810962301,-0.3147307645481063,0.06434352685413487,0.7812883769797049,0.8908995755918668,0.12323880667387245,0.07577538029961922,0.22320384920196076,-0.4150820953107244,0.25019275255889095,0.051834373588514324,-0.1927611905053541,-0.3583077572314377,-0.1659060961402911,-0.14976814917897804,-0.17341970766625278,-0.266906994256423,-0.22079213125246808,-0.3029832640212012,-0.3117519584180969,0.2941712137129941,0.17361180050253808,-0.135065279414347,-0.20425299411383016,-0.11521854838757435,-0.34810080027448265,-0.38588719374945724,-0.05324562515316213,0.7605531453890634,-0.3783670719705534,-0.1023302106589662,-0.4102433085502537,-0.36035914437441,0.4121553387839707,-0.37907755500012963,0.6136316350674262,-0.11927164751542947,0.4241694979956865,-0.11529000930641677,0.4848063713126723,-0.0957135871958637,0.28455044461540974,0.4118498719939181,-0.30650792705797986,0.14489291683306174,-0.23229623696174695,0.16872299353133013,-0.3563684482482281,-0.386733373662658,-0.36035919484560375,-0.3563425756060073,-0.3443268941994644,-0.2807988433935449,-0.25497892224699326,0.103009637233575,-0.25966057053045183,-0.13392682386572322,-0.2484033563058354,-0.18841761937175314,-0.022619982453820377,-0.29948448018996665,-0.3594096540173057,-0.3933156143392934,-0.3608678572338362,-0.3168604318141334,-0.24192354676323602,-0.2102159755714703,-0.24766179272880673,-0.29306307936101805
0.021788239818528277,-0.422288956380957,0.013467933832240323,0.06025795514846768,0.007119721702366739,-0.1764778931569124,0.6243281876364597,0.6546130023614306,0.6988624380970088,0.2996066028843042,0.3349685431437752,0.2849855202935639,0.23797525361173177,1.000007953045221,0.8016991543267794,0.9357441612196176,0.38427711693343575,0.7206437124167004,0.7134754478254632,0.4298594849971327,0.21637725083939818,-0.47828280009227103,-0.4850326963310258,-0.34255132409910855,-0.3357008142411731,-0.21766101423412504,-0.29483791168205553,-0.2334875547258787,0.7579470493400985,0.6357173421490776,-0.0611090675515731,-0.4285602314321459,-0.2008657210738621,-0.188778685450546,-0.36131197151208416,0.06491070885226709,0.32686564323280615,0.18742239972886565,0.4424547774549354,0.0003187303497593472,-0.23907759407546783,0.06181449168554536,0.0632866228499297,0.02194706134538001,0.1362606631327626,0.09135725454071095,0.17348455434027582,0.2559269700162734,0.1513518904778719,0.26433178914505173,0.16619067732641446,0.133573414284821,0.28560075011948166,0.27642039151935294,0.31940916970627603,-0.18285510477775344,0.3118422409979761,0.2873977218966808,-0.2713677352814541,-0.05886008438703405,-0.2448621478756276,-0.25102595683873197,-0.2553668421777331,-0.2609193549675909,-0.22748361384258498,-0.20801015717002505,-0.013670586536361615,0.2007784992222615,0.14500182786907112,-0.12852767076562474,-0.00018452320737434764,-0.12371698870171678,0.0789472367582295,0.027533846987875248,0.18042333123377166,0.08744249938633626,-0.06715102297554235,0.26254120313814955,-0.4506710162243841,-0.07621782666130457,-0.10020962738071797,-0.06614197229229868,0.16288619216384279,0.14220324880235516,0.4177428024356705,0.30164726198030106,0.34523874765115614,0.343403201088525,0.7913523650745462,0.24918309045303588,-0.18296076022245591,-0.11891485516636881,-0.09203588300161974,-0.060239573714145817,0.12138335966986025,0.0848232394610223,-0.04558076076189479,0.030927368460812735,-0.13698681417050645,0.022437235391344137,-0.07149069843480049,-0.13783850664235733,0.010826274563143229,0.16067586188202382,0.12425550184014664,0.1870462041518266,-0.3177149527783768,0.09061761030250508,0.17434023722303602,0.06584823709392452,-0.08849356155649674,-0.08267857542537209,-0.004636445011603944,0.08864878806891699,0.13272743552115918,0.15933915467397247
0.03190477334199138,-0.3283460607632473,0.05725949886640176,0.11199076523564772,0.09988159362763278,-0.06829946052587987,0.6268573778670496,0.7343326994051693,0.8829277671758998,0.54871905554741,0.3479061071799978,0.3826429189672905,0.3677728481104941,0.8016991543267794,1.000007953045221,0.722190088986886,0.004737279170833084,0.4752219985415597,0.7284365111194203,0.27855704022232214,-0.01470574901025747,-0.4612010209563974,-0.5961779606926099,-0.5697559851496793,-0.42999764889397346,-0.26019944750910856,-0.46346234235908523,-0.4840529151834714,0.9260074341846959,0.8556951359438061,-0.3759891694932286,-0.6274717893081855,-0.039765096420935044,-0.18802354772747498,-0.37942312610902124,0.1708054096815448,0.013880350146402145,0.025033047562928096,0.7285960760896358,-0.007518395951016023,-0.22657809682243812,0.05421838123938588,0.08578428885051011,0.008349096725838613,0.14086909612971454,0.08474566162266886,0.10163487530527382,0.16801775300261587,0.08602557404796868,0.22954229330108372,0.23057710611926302,0.24381246719144525,0.1849746091420829,0.21645357332610482,0.22001045673563138,-0.15915774167086535,0.2242435969424822,0.1999906612061681,-0.2091344681160952,-0.13132466081772234,-0.20858409158057872,-0.2373459998564242,-0.2960860195808969,-0.30942043454287604,-0.22289692739847958,-0.3089262445092207,-0.13115868227312166,0.210656969929314,0.15897011022528354,-0.1663376176658338,-0.07635076181649969,-0.14721043525473784,0.05270213670565269,-0.06616979518456828,0.19269440909955365,0.19747028881840784,-0.15764754989935703,0.2159215034293313,-0.6964746690733559,-0.16141103711238694,0.099457990086626,-0.11752802553864969,0.3620375574569703,0.1260141629588014,0.6588818176922782,0.24744952110789098,0.5788829249936644,0.3024417652588335,0.8205082811923552,0.2920426223776327,-0.39582346196879553,-0.03650237560066525,-0.26055413020448454,0.053039572430425945,-0.03899942373268738,-0.06320437781752664,-0.23780035808974267,-0.11357586581200388,-0.33406118215514696,-0.11140808934026283,-0.2247079210379318,-0.06421347759255193,-0.10110004425698756,0.08359412128263674,0.037706230717103086,0.10985719569311288,-0.42454592861190277,-0.03090846069103615,0.027385955730154506,-0.11323821030383274,-0.2512870265767139,-0.2409820554815363,-0.14679548975937973,-0.02890008399682919,0.016555736424451465,0.035866836334246775
0.15553159536472586,-0.3839371484878949,0.18093872838974,0.19067488992966555,0.20467675720323292,0.0648675672407316,0.430408175296753,0.4576482868788509,0.5208553834062822,0.10147287945807527,0.27322345766430567,0.1653679625485333,0.1191138439513777,0.9357441612196176,0.722190088986886,1.0000079530452208,0.48377072517228686,0.8919282283653315,0.811834297924049,0.6091240461584245,0.2526619641816443,-0.5118146964937491,-0.5332747746191723,-0.3257255678706045,-0.3102758538495059,-0.20589991734514865,-0.23442328044535815,-0.07866806217303363,0.7366421503110837,0.6205919775417508,0.09552527656796413,-0.34840611157585977,-0.38157673240492795,0.04220272768309778,-0.2929946320156867,0.1005599989182683,0.3878527180213447,0.2266325404776695,0.29518772860396414,0.08723074299048306,-0.1529473288860127,0.10805865548181287,0.16088617516546405,0.03882508597296271,0.13002221665872807,0.1372673832112335,0.20681671489196587,0.2630944966327026,0.17652424983641493,0.2561750170824608,0.13620848521114773,0.08804700693218605,0.2890397716835606,0.26452706112704033,0.3114466726969455,-0.17732399432391457,0.294552845001014,0.2742364771322366,-0.2548463976543218,-0.05152126013463873,-0.23332722952758364,-0.23312093727420258,-0.2356327582882793,-0.233696043148731,-0.21848038809491932,-0.17023033156782566,0.017658789512039263,0.17961679054957322,0.13078637844580407,-0.11300873921160651,0.01338335071870672,-0.11020532427251811,0.07731850685701722,0.05627306437712595,0.22245963655839313,0.05978904891968444,-0.04253449394842167,0.2597521502104354,-0.2820121821144614,-0.050999409001539535,-0.26362283265003184,-0.0362725730857935,0.03273016968765467,0.19379015366970548,0.2600687591156219,0.3022523167704824,0.17648027158254465,0.3396082456227231,0.7188546990125915,0.22451437340695046,-0.06599011377620898,-0.14554610148962074,0.016571958072421657,-0.10243973434013597,0.2557451723670217,0.13907756449051317,0.09101081494803656,0.07829862905159124,-0.003496903398326129,0.06882762093231681,0.08399386583298984,-0.16988953909304233,0.18674110446602263,0.2166563337142908,0.2758662306738361,0.2763258700054582,-0.3709796952012905,0.13696636123974512,0.2696614657348576,0.1367331644150185,-0.02818691119115261,-0.00991776863585833,0.07758513579666569,0.1868683341547131,0.2382121683264115,0.26526216839376265
0.17463098697315463,-0.20835731295510154,0.22019042194811064,0.23645832765842095,0.2635755369045654,0.2411947279610157,0.09636101942826346,0.03389010586961673,-0.04771918305087069,-0.13653671342619894,0.25761824305181225,-0.13944732886806363,-0.23792342533276822,0.38427711693343575,0.004737279170833084,0.48377072517228686,1.0000079530452208,0.6150560484361076,0.11141969394423214,0.5922251893021577,0.7913850731706762,-0.2918199709678945,-0.15440280762313865,0.10389768794745696,-0.041934361983248604,0.166366730173825,0.08088917023776973,0.19265735108869012,0.07057066785141404,-0.06780353435728043,0.27003856577833335,0.07186841891215542,-0.2414630173150523,0.19515903301511198,-0.015670581999812708,0.1750775681529629,0.7569921562409141,0.6067511273023932,-0.04405823231487654,0.07562250340171718,-0.1454108602555665,0.06940054465176206,0.19192941439603167,0.004237436199649129,0.23748364349811255,0.09245411207170147,0.21953486534450248,0.2982447079490477,0.233266869876197,0.332790145218369,-0.04326243961107456,-0.17207774080299099,0.271362385551168,0.2885039771977781,0.29702865721940397,-0.1270633645988507,0.3183604779737287,0.2814872294488002,-0.30555336692741863,0.22904101734086996,-0.3181734452864799,-0.3348125197036172,-0.318390045692458,-0.2216926606432209,-0.1426184768142861,-0.12144939095983394,0.09854782716348183,0.1733311421010803,0.12479148498595607,-0.11953121300543385,0.0570044087190121,-0.2059169509977685,0.08560191188472953,0.09950823795236431,0.29848401723590595,-0.18250529626415454,0.1877311997674038,0.33846233100700873,0.08756246182468129,-0.03711953562760584,-0.23856132527265317,-0.06538291376675004,-0.10401082710628952,0.21059650210879338,-0.026075807867333826,0.37183235128852316,-0.0745625677919969,0.40977242021416443,0.3905152766818745,0.20393878811701094,0.24951836998530694,-0.2702640790528849,0.2566500458661643,-0.19735860992510973,0.3845145541952065,0.26758286967458095,0.28682515649991186,0.20049995640707938,0.2725321992792845,0.18472846447715374,0.3033430525870851,-0.2940474576219783,0.35261485010946203,0.3537600794764731,0.40925441660754397,0.41907902877219216,-0.20786126922863585,0.25223020542426455,0.4267530689603337,0.3041515558697616,0.15960214740615608,0.17651740165938098,0.24991707027918955,0.3595668711045098,0.4095210280873329,0.42977360988550495
0.14708879985612888,-0.30185453497673986,0.18231957773007756,0.17170157516616613,0.2199440021976438,0.17940271978704123,0.24747274469134417,0.2134940989367816,0.23562065861748066,-0.07436112839080189,0.20689525924458013,0.09818424995415521,0.06563445807928661,0.7206437124167004,0.4752219985415597,0.8919282283653315,0.6150560484361076,1.0000079530452204,0.7638491164393847,0.8569170842039742,0.32839233630391007,-0.5191487522515149,-0.588122626702024,-0.3227404561681933,-0.3083356307450604,-0.1803888981059288,-0.17902521217732442,0.06632098653873815,0.5901875640276842,0.44000424127587096,0.2802615396830517,-0.21207386327957878,-0.4097008462697995,0.17945710575880378,-0.2268640877133945,0.09719418186891633,0.4082484633627608,0.3095204614430178,0.09368315472937963,0.05825221665777855,-0.14184105040561068,0.05463426087351763,0.12888366908114116,-0.009575996898223721,0.12828326536217818,0.09824985929225319,0.1588896200535849,0.21759723160806763,0.14654105639793139,0.22754671015138617,0.09847758701825826,0.06591314635995604,0.22618941550397617,0.2323195408186017,0.25679740923105826,-0.1838501203640006,0.2645103526240428,0.23175285460304917,-0.2476158002143002,-0.050210244741368794,-0.27487007201603186,-0.252560877957292,-0.24351242550161514,-0.27355784154708196,-0.25752141795630457,-0.20743357589674305,-0.014558233663377005,0.1765725093020146,0.1247203030744842,-0.11358145913420047,-0.008509649366722619,-0.1282549412832329,0.04115588980934272,0.016466886907730512,0.20103931894995727,0.03941804464687963,-0.03907757085812887,0.2354682643535921,-0.1081854754138962,-0.0814623387729763,-0.3357769253694083,-0.07146218602564597,-0.04915294545350062,0.1494925078186871,0.08443737758801283,0.2660511950483662,0.016084146562716103,0.3008588607381282,0.6128705579890786,0.2242701253127502,0.028842132410337847,-0.11995660031795087,0.06475911272459012,-0.07020640341383559,0.33903678513526414,0.10920778653509278,0.20263449986202053,0.04505126305504093,0.1005362437897003,0.03524991994746588,0.19848189760453816,-0.15125444890487547,0.31067382484194767,0.21202453622054368,0.36357474210805896,0.3025104360325351,-0.42452952486193785,0.10939165466507404,0.28981399626617804,0.14074537291011333,-0.021769935085805336,-0.014539840877255331,0.07476024836091207,0.21303219137732585,0.2749475765247579,0.29985055510604913
0.029973428066092652,-0.3524896709274072,0.04835406762722176,0.02045817944703946,0.06802158496542704,-0.006387855075488126,0.253570501095969,0.2440712347672062,0.3744146823400538,-0.030718523754516135,0.07435583252282585,0.17592203024582986,0.19906331338718544,0.7134754478254632,0.7284365111194203,0.811834297924049,0.11141969394423214,0.7638491164393847,1.000007953045221,0.4930758132748117,0.046720367901748446,-0.36432638881263074,-0.5625166265587226,-0.5690058943825005,-0.3426900571876906,-0.23431550361288414,-0.312451668442255,-0.19747996697103715,0.8820600508276685,0.8605077949173923,0.14925812525650026,-0.6044457260168132,-0.3826231680706206,0.014106813669381216,-0.45826201429786323,-0.06499371902895522,0.13114537543343208,0.14037706301557093,0.16689424790871574,-0.029175337198640985,-0.20525406817383116,-0.01259362025761572,-0.008295276151449866,-0.05310720855053228,0.05052513049790513,-0.022490048397883523,0.011326505977851075,0.07007692665871544,0.008287251756920622,0.07167577206076713,0.07894802292586987,0.11930773462277025,0.07353335578284481,0.13300022455301555,0.11042934903104949,-0.0904755410064544,0.14770215167664694,0.12602620283878163,-0.14852493218114166,-0.06332714629096792,-0.13203841697742272,-0.16290052484912595,-0.2170053544702468,-0.22000040913493987,-0.16517852305908928,-0.2289264210680907,-0.13120314808896902,0.16604055977177792,0.12585314175725018,-0.1284213255044938,-0.08383979242674883,-0.10399144566541747,-0.004151465967543047,-0.0935724636263403,0.020225748430319365,0.07431796067580156,-0.06698525468579644,0.1087784266487752,-0.38810805745669685,-0.1508756063298299,-0.26654642220577857,-0.1322480008170892,-0.04791391919206472,-0.025223906097460783,0.1326741770296061,0.115093268603932,0.08979400118543515,0.14935392316777096,0.6459458467894724,0.18345429976400962,-0.3108151310219125,0.0015338883340924143,-0.24762921319791426,0.061650765395781536,0.17138751912409148,-0.05975883556819841,0.019204829847918027,-0.10783872799273218,-0.17101602713042333,-0.10805929778515182,-0.13913243120245863,-0.02847387335999585,0.021582406432248628,0.05481722090517221,0.1320511122377122,0.11430769706223112,-0.5162170188071453,-0.047000957270562804,0.09321023656473348,-0.017455161349634197,-0.13447270656336693,-0.17227075528952787,-0.12025741851793967,-0.005809284992611627,0.05631898015640063,0.08848819127211797
0.09812493360696138,-0.20188273170095042,0.13651292543878008,0.13056814763414776,0.1867892312968528,0.2138671154966374,0.16753734246443527,0.13730983700528784,0.13847688139162675,-0.0067492164356539016,0.1737737803711632,0.0941721925320671,0.07709560128489874,0.4298594849971327,0.27855704022232214,0.6091240461584245,0.5922251893021577,0.8569170842039742,0.4930758132748117,1.0000079530452213,0.32967728736158086,-0.4386004001751396,-0.5775376469169169,-0.23927740551128343,-0.2692069953463228,-0.09048439822649158,-0.10793793014603213,0.16017397657413554,0.3788087179417353,0.16743976437928412,0.24930104771078448,-0.030558899014843384,-0.28179923205326374,0.20929865178179993,-0.14373073229539698,0.11897126284461573,0.29453632459866635,0.3329522521674809,0.09118282235306285,0.013564449352250492,-0.13527766837710362,0.009471647400047172,0.084932872428786,-0.03668370657198564,0.12113683071806948,0.044447166687164176,0.08532661505584001,0.14140098800702613,0.09603540068903747,0.18134741855628053,0.07812230782784818,0.07190489351055382,0.131357331816367,0.16505904585744452,0.1657798897699671,-0.17623318294854723,0.19430553116532748,0.15090192578352832,-0.2137257793423885,-0.07583123762830447,-0.3243680609693717,-0.27263805256506335,-0.2295216041178474,-0.33785303093513275,-0.29603335968607053,-0.28436366849448835,-0.08322962833478624,0.14947235015200128,0.09409925805730442,-0.09305137148294929,-0.04057922486287142,-0.13281350238732384,0.005771921662614444,-0.04746290093187771,0.16472721942572321,0.04904017030972299,-0.07207352982551929,0.18358495347373668,-0.009332117265265415,-0.11889944374236096,-0.2651721973389479,-0.10316650882382268,0.008816727926534498,0.09115441399944661,0.08443770944785395,0.20046162844975693,0.015733713388661492,0.2332237033153178,0.49350080373043403,0.21331180890702123,0.15829239239906628,-0.02865036225778681,0.13412389324899676,0.04095139891277881,0.3439439400835445,0.01673511606852376,0.2531218214126341,-0.04756022540943092,0.18903808045299297,-0.06537004384746452,0.323757400641881,-0.06344649496769848,0.40729046242454,0.1393109915363002,0.3988634924527195,0.2664818740813298,-0.46339452303061884,0.021407663425347803,0.23484560068217167,0.07678174495108675,-0.06460093324152927,-0.0704098119137506,0.017652464011322363,0.18395352777521587,0.24941713903847143,0.26533532515638164
0.0213435715448325,-0.3287138167086747,0.06916037523393415,0.0904646745574446,0.1321179627660963,0.10600704762518048,0.026614298673899608,-0.027709006118675005,-0.07424649634865776,-0.12447815114283209,0.16203400431304724,-0.22212805709565528,-0.30222924522784955,0.21637725083939818,-0.01470574901025747,0.2526619641816443,0.7913850731706762,0.32839233630391007,0.046720367901748446,0.32967728736158086,1.000007953045221,0.014321171633663464,0.06197069897950643,0.15530856215915823,0.24498253731022948,0.5578294692560212,0.2770015729939644,0.1484972321503498,0.0852932682631187,0.0016505188758094596,0.23539510394484053,-0.08747941847916066,-0.15841559378817968,0.05804401951097229,-0.1879027007220707,0.03243903608932988,0.8198531487270091,0.9253942300130432,-0.0609069921747351,-0.08766680211044296,-0.38628882500741296,-0.05560895509912666,0.03735410868278043,-0.10459115361474239,0.3005627848437082,-0.17747610603768535,0.003995612114636126,0.15928754322669553,0.10852890317626337,0.24687512002602008,-0.2452879222893088,-0.3654130776445612,0.010735423044507706,0.25845778690006876,0.046464091694944955,0.24936182344991925,0.17301585468742448,0.20518035892034103,-0.21131229737075427,0.7025671355536598,-0.019193231563782224,-0.31983976514571916,-0.5598643121071057,-0.03113490819494037,0.26998861138683655,-0.04587064317471234,-0.008793156346703414,0.2502640819170164,0.2373952182293051,-0.28437831267839603,-0.06468708134329766,-0.3570087705715653,0.050975678742737986,-0.034595215671233595,0.1471617154630121,-0.4537992029288924,0.5898012783153287,0.3276446205225514,-0.02114379268441156,-0.19791013240533092,-0.2084228632791273,-0.2626934101715192,-0.16925386779253299,-0.04935901395234988,-0.053952807005608144,0.3102566997132903,-0.09744766760960076,0.37085922031015844,0.4174274637386839,0.1534661635979722,0.22510379811616402,-0.3417041096701287,0.24755637806931483,-0.2070645948948917,0.5064202632394841,0.26086309341606073,0.39008439686140256,0.17829032576530562,0.32873058969838,0.18348527166301645,0.257368058975649,-0.38580296076339876,0.34944535816661126,0.47375536015718517,0.4846344174607534,0.5480332286014813,-0.37557070124908326,0.2108259404607369,0.541352553151691,0.44058770158280247,0.3500233989758313,0.3234687632457741,0.37447620511261287,0.4880482496660048,0.5351578198432368,0.5486793618383723
-0.2533504831314356,-0.16899780545488624,-0.22532296162007742,-0.2369035599989024,-0.17379100541999054,-0.2355893524582652,-0.40849137695147003,-0.3581665223343651,-0.38609592562279016,-0.2507788728269902,-0.3686074678741297,-0.3501829941709247,-0.32970916823514057,-0.47828280009227103,-0.4612010209563974,-0.5118146964937491,-0.2918199709678945,-0.5191487522515149,-0.36432638881263074,-0.4386004001751396,0.014321171633663464,1.0000079530452215,0.8936137992810466,0.5533146147677189,0.7530977008233047,0.645963911483918,0.6704584009706612,0.4198238325507809,-0.3756892056963561,-0.23235945823383558,0.5398060563956725,-0.11983347098006461,-0.1709041332523327,-0.1933489708689898,-0.3931844697587684,-0.3611437924808821,-0.01727757526793172,0.18581193406275104,-0.4452162914752332,-0.20322189539153074,-0.1255513551541864,-0.1478671173916255,-0.2374128314915423,-0.08146628419716592,-0.19417417017723834,-0.2590690825528819,-0.2857755690892347,-0.35606120088898335,-0.27286342229466165,-0.33145219340933363,-0.32089760463031425,-0.3161626278477706,-0.3717811160191804,-0.36930127295819265,-0.41277111094872915,0.37861502886887094,-0.3821223001028095,-0.35290483156084335,0.34454109785672765,0.3731482796650852,0.528082927899661,0.379981660207485,0.30588001844419377,0.49108741754485763,0.5851142493734083,0.31842295451442026,-0.1267143208426084,-0.23486593174705625,-0.18216721075160885,0.15803630963661813,-0.09788437476156148,0.11419106467999511,-0.15068969841758767,-0.21180832321132295,-0.3746729463151485,-0.3307287889071262,0.40012876419558485,-0.3749112689101789,0.28405329370896115,-0.021951200738604213,-0.2972078425338245,-0.10245686418191384,-0.40047945322771994,-0.40097823011423117,-0.47981208816146803,-0.43381827199080253,-0.5061717631050288,-0.4710111786013608,-0.4806121439269865,-0.4182105239851036,0.28646019302649245,0.25257325404044806,0.10649060039290359,0.2090177705114998,0.23928718311526695,-0.18606473794022552,0.41197442104228404,-0.141798437105685,0.3568808086686888,-0.13489735603435854,0.09908284975519513,0.2551432302899457,0.07604730969901327,-0.23498313133778478,0.00698452475969765,-0.16628183560600127,-0.2867210565355365,-0.2761971025417296,-0.060155747036927054,0.10036935538350562,0.3223172778144018,0.21186604042694276,0.054277422651666164,-0.04619911508664956,-0.06656051462408662,-0.07303643084609747
-0.18199501649523658,-0.12480432937612948,-0.16677901782200652,-0.1846641987865274,-0.1329034412649643,-0.20964117121857884,-0.4557422426979154,-0.39654908259091337,-0.45062015605493266,-0.3087107534274392,-0.39846891741427054,-0.3978282221676649,-0.3873879330603108,-0.4850326963310258,-0.5961779606926099,-0.5332747746191723,-0.15440280762313865,-0.588122626702024,-0.5625166265587226,-0.5775376469169169,0.06197069897950643,0.8936137992810466,1.0000079530452206,0.791742584696176,0.8148424347293176,0.6229047042661704,0.7625966870261482,0.5414225427685658,-0.5968958254972042,-0.4437445303670733,0.48508526542328617,0.14073706368472716,-0.18694830754192993,-0.13776599863356134,-0.18165910656707632,-0.36306256280284205,0.043813406625607815,0.1432496296289793,-0.5169831159092346,-0.12190070677165622,-0.019193032555579085,-0.08453829267767668,-0.1780283826393113,-0.021823002691851126,-0.23789482432770193,-0.18426960740692092,-0.21846877106592466,-0.3206501044727657,-0.2437599869810849,-0.34876553632446583,-0.3053390715607402,-0.3172847570999675,-0.29454056696013864,-0.36630033001442996,-0.3412414582477464,0.3042724196618257,-0.3359173399317529,-0.32299388601581025,0.32310331920842655,0.3525075076976874,0.49773797104759937,0.4008303898624537,0.3824293364788691,0.5757874522700444,0.5721167066360503,0.48109850325451003,0.06797168349643867,-0.28907608174830013,-0.2311412673909564,0.23383831522019088,0.030650528126715756,0.18734068697247433,-0.10152784169280173,-0.05094495897577617,-0.362311505235204,-0.3161371904652891,0.41284387752505997,-0.39031670364853943,0.47419720795463366,0.1270829367524629,-0.3188426491508813,0.016647080428352088,-0.45404433026699903,-0.3304564005665017,-0.5488903545187923,-0.43417115654117494,-0.5732994440485503,-0.4819879525694705,-0.626509794947044,-0.4828236231992391,0.46917575767689434,0.10535466610518425,0.3266485278058297,-0.0002558416540237728,0.2629268369957913,0.015547966822247216,0.45475531739792935,0.07339652628997971,0.48058406656739616,0.08308489590840208,0.241227695667519,0.11598888515439001,0.15513636490038382,-0.10178992254572966,0.06219564198023107,-0.0719939421484768,0.004937340008146743,-0.07637154724123284,0.056155447155967056,0.24721873797403485,0.46314862988387645,0.40423796555210867,0.25663143583044945,0.10299423630691865,0.053705071677726056,0.03766396602039245
-0.04730787118587675,-0.14165825283092606,-0.0386984617519232,-0.08563698898515358,-0.010728396495767985,-0.05993047318650668,-0.4309352757938121,-0.349895003027218,-0.3962654899226662,-0.3163664084662004,-0.3981532379317724,-0.36209263420351456,-0.3453100985299193,-0.34255132409910855,-0.5697559851496793,-0.3257255678706045,0.10389768794745696,-0.3227404561681933,-0.5690058943825005,-0.23927740551128343,0.15530856215915823,0.5533146147677189,0.791742584696176,1.0000079530452224,0.8283050994588265,0.6207634346903809,0.879344258449279,0.8017679635419783,-0.6758331327212357,-0.6318573909880544,0.4007541105568679,0.5299067261678457,-0.31465575545999247,0.07150518798849792,0.05769714477132627,-0.33199273378531935,0.09534413326709375,0.20794775892711556,-0.49326183450587235,-0.01846901787195428,0.059368124607872,-0.010698204657175489,-0.09401155115289293,0.029408513887140608,-0.2651296623049916,-0.11148918979587846,-0.1627816265077079,-0.29211364950501273,-0.2253069422441119,-0.3531475196466832,-0.24406035271059728,-0.24342024693959113,-0.22075122072355938,-0.35940439459710793,-0.26314539342688836,0.16550242220952732,-0.27274324821496515,-0.29704436975330006,0.26569393519407114,0.27580549063675275,0.39270368124248556,0.3505796608487457,0.3680205051378446,0.5658693957521451,0.49509657690909087,0.5554485300521488,0.2123846052039797,-0.31436785308329096,-0.2662648889595929,0.28303227476602527,0.12103293382713275,0.23712519218323194,-0.0484500811742281,0.0841918584075532,-0.3292576641529197,-0.24212449653522602,0.40213732765479093,-0.39433449371653856,0.7221702222734228,0.2270932075414743,-0.4509086996964873,0.10617541593655284,-0.47299121901828184,-0.2612053571018919,-0.542352472351982,-0.42073103207392015,-0.605088834165196,-0.4652049952390151,-0.5848646617250194,-0.5029851413549492,0.8715494587890651,-0.04462561573814546,0.7855470362800675,-0.19561101177907314,0.4905488633994897,0.2353228669249747,0.6729208776338589,0.2730372721543604,0.8032524920301223,0.2786351853017219,0.7023690829126267,-0.057097632309014115,0.56352175021533,0.1353784161290451,0.40556628606228073,0.20813077493999096,0.10851540645745905,0.13547417033801945,0.31929822315831075,0.4666041849764709,0.6289793676845227,0.6440238344357374,0.5697734801541255,0.4396704982583974,0.3696920536678018,0.3316428822514061
-0.17201683214194782,-0.2675375734595273,-0.13375389240999905,-0.18574305593790405,-0.0632102838062383,-0.0916184209565929,-0.40221808967947453,-0.3409612777768245,-0.35928808794655326,-0.3002254046949355,-0.3750232219741804,-0.34744979891062927,-0.3290371139935752,-0.3357008142411731,-0.42999764889397346,-0.3102758538495059,-0.041934361983248604,-0.3083356307450604,-0.3426900571876906,-0.2692069953463228,0.24498253731022948,0.7530977008233047,0.8148424347293176,0.8283050994588265,1.000007953045222,0.8592670164379798,0.9643479199223944,0.7094304459718496,-0.4289987431718269,-0.3452990203872137,0.4728048806186466,0.19851400165832941,-0.33174898109245426,0.007993266180334729,-0.21662102510986161,-0.36591310514940234,0.1347497576003681,0.44325227820701707,-0.45441821062155385,-0.18964284152757063,-0.18405164761092757,-0.16255357981745436,-0.2266288174948596,-0.12411300379826878,-0.19986314162626936,-0.2550359789371758,-0.31457998064296494,-0.4159937010983302,-0.34232988696215805,-0.33588637693316475,-0.30955970547252554,-0.3084430492947183,-0.3937112396813278,-0.42342795587977655,-0.432003768474527,0.38541555406659944,-0.3937724362847874,-0.4055067736054077,0.38285847966085357,0.5767442876174429,0.7251244287105878,0.47835581357766405,0.19172388430947834,0.7639023576780047,0.8521430695075288,0.6146976047004902,0.02643036503043997,-0.2553366103627136,-0.1841243846931223,0.12762329491183427,-0.07965741880875325,0.07609540896871833,-0.13549426393811073,-0.13676816409119702,-0.37831017186795457,-0.3732614924552063,0.695523232702663,-0.4218735050856078,0.5254444792561433,0.005896268480893512,-0.47835182157800277,-0.14046564953613397,-0.47288505404876224,-0.44777974244226487,-0.5123313441200016,-0.480065892434945,-0.58564592743407,-0.496237894396818,-0.4109118934037685,-0.5215353303507553,0.7393733249591853,-0.09031813796575601,0.6815744026828444,-0.18752432629847435,0.6310145127961245,0.14648013130119855,0.7661511200920723,0.17174776315167584,0.8045063761095108,0.22392808249963286,0.6206506653221651,-0.14399540498790736,0.5907414452377316,0.2569665165061477,0.5311899689712029,0.35345481882865865,-0.25386836108828265,0.01202564130062564,0.40462915980283193,0.5349356885453002,0.7469919550199847,0.7298181058170918,0.6541279950109887,0.5583893339906717,0.49323332613784815,0.4440256398073217
-0.1557294681837915,-0.2599086194005456,-0.10599329039251759,-0.13325930925222432,-0.030370100603228447,-0.03798412070359051,-0.228289626093993,-0.20880265992682454,-0.22616276588012274,-0.172064593195823,-0.1742833902368591,-0.25033627515181744,-0.2571939931980729,-0.21766101423412504,-0.26019944750910856,-0.20589991734514865,0.166366730173825,-0.1803888981059288,-0.23431550361288414,-0.09048439822649158,0.5578294692560212,0.645963911483918,0.6229047042661704,0.6207634346903809,0.8592670164379798,1.000007953045222,0.7902048261155259,0.46137976184467433,-0.21593027041799384,-0.18943167091173935,0.3474484909954956,0.0070687850206717995,-0.19632741414419844,-0.019067457475253128,-0.2946352386184045,-0.212560928617963,0.2906107501635139,0.7157844457775495,-0.25862070597362835,-0.2083611213197506,-0.2979905840451438,-0.1731076544620727,-0.18206590228292813,-0.15490299682095743,-0.009832051679465114,-0.27278868112773896,-0.26502452924080727,-0.26793923145893295,-0.2231393690498419,-0.13919550099967806,-0.2730949866317971,-0.2901258631287499,-0.3160090053260267,-0.20957267011881184,-0.31420094277491045,0.3287408087166183,-0.20504344545952674,-0.23075782711221698,0.11941132302465671,0.6846046795849113,0.502698932365465,0.09528278610255961,-0.22398977556661315,0.4235659694530153,0.776445778660136,0.22892559936398255,-0.2113205115972236,-0.012869104534529944,0.0009415781956597167,-0.08437361321522316,-0.22677682813803465,-0.10519345701078188,-0.1162301043073334,-0.2603987642897825,-0.21293427004762558,-0.3704077278736494,0.6809194751146982,-0.18092251356024752,0.23639433860337064,-0.21983810554085909,-0.3116753187050409,-0.2690326319601603,-0.29858653319356326,-0.36163627000561066,-0.29420294925465723,-0.23440257878831386,-0.3515830519253594,-0.21750889924825542,-0.08313757626393235,-0.22011979052440278,0.5614752735254562,0.0007919600176204266,0.5369538742187098,0.023709834290396255,0.5650395520328472,-0.011092148825739877,0.6301452108700876,-0.0449881095019527,0.642840017268362,-0.015126395624251653,0.4901954457105236,-0.08105495464779737,0.5050159397243212,0.2311520594702264,0.5037849220942341,0.36414259691905615,-0.45269124007185174,-0.11699303411436635,0.35500719780784923,0.3877666682965988,0.53628309596684,0.513898858470919,0.5038500384123084,0.500666254396572,0.45672848661659143,0.40951194448281225
-0.16218897305557028,-0.33838500033058305,-0.1310006894979615,-0.20281789662899646,-0.06294263923284175,-0.09368079503903723,-0.4511360487928731,-0.3890079320475351,-0.4068752241613707,-0.3798866972748049,-0.44559600907324054,-0.3804456800232909,-0.3505418283455235,-0.29483791168205553,-0.46346234235908523,-0.23442328044535815,0.08088917023776973,-0.17902521217732442,-0.312451668442255,-0.10793793014603213,0.2770015729939644,0.6704584009706612,0.7625966870261482,0.879344258449279,0.9643479199223944,0.7902048261155259,1.000007953045222,0.8525577371494922,-0.4546452205102764,-0.40016865728395373,0.5775574399896369,0.29128116648901614,-0.4539927122243053,0.062135141591645834,-0.2070505159807119,-0.44375592587605234,0.18214483499386458,0.4601391421928107,-0.5431779860935724,-0.1835826739462889,-0.18660651642502493,-0.16110387045024263,-0.24642871586782028,-0.12299598024676474,-0.2421550073735943,-0.27616567781088436,-0.33760135916762835,-0.44915408133411316,-0.37984496473872575,-0.39503510541123993,-0.33416930458168226,-0.31774516175453343,-0.40517067385264227,-0.46473927252499214,-0.43904791709033864,0.3429124015126857,-0.40047822711725545,-0.42946647407577415,0.3932333337503951,0.5209405743838715,0.6277871752819246,0.47938531070097384,0.2828699456362219,0.7433782466210703,0.7395169489640061,0.6599435969194033,0.14685987748672408,-0.32121734298443577,-0.25129946722922,0.2179455529377471,0.02752590182344482,0.11445054173242332,-0.11585120369676996,-0.052536660881308414,-0.43963629118735936,-0.3834280109194695,0.6723047766477771,-0.4722430689790262,0.6540014188996469,0.10352263696045655,-0.6176385248005595,-0.09731538406854007,-0.5745182630569795,-0.4902950329373012,-0.6092242596172728,-0.5305931889980599,-0.6985659841957724,-0.5491641388209333,-0.4244767186353187,-0.587504068942737,0.8532703730679007,-0.14646043670329412,0.7678095456870613,-0.26382344027083054,0.7432566596805078,0.24947560516560932,0.8813369323568873,0.2780691583355976,0.9094577705329366,0.3183012434598275,0.7428261478039504,-0.19183185232396288,0.7060230471005847,0.30114673951063714,0.6230810155395942,0.4120180601435327,-0.24516473685178164,0.11750545035797877,0.4964601387090041,0.6274082788472959,0.8086112201292952,0.778240650419185,0.6934864702744685,0.6079062249032632,0.5610580904685613,0.5249633907135136
0.06061967912081604,-0.31486669889264324,0.0503279982027651,-0.08628147449752777,0.06069971838506589,0.07052115452713398,-0.5552526952822765,-0.481289139621303,-0.4855261969614941,-0.528023515341564,-0.556996692114495,-0.43714869561282743,-0.39326697856643605,-0.2334875547258787,-0.4840529151834714,-0.07866806217303363,0.19265735108869012,0.06632098653873815,-0.19747996697103715,0.16017397657413554,0.1484972321503498,0.4198238325507809,0.5414225427685658,0.8017679635419783,0.7094304459718496,0.46137976184467433,0.8525577371494922,1.000007953045221,-0.47229891351708125,-0.4488911835891106,0.6675660156798543,0.49249004730677565,-0.6860838061491795,0.3333271343713741,-0.010085910272443871,-0.4922789143011648,0.17025192159816183,0.2517061251418106,-0.6600766168168359,0.040983917633298686,0.05086718209799066,0.014698823205618673,-0.11464153386831628,0.02614399044679873,-0.3259591413444461,-0.18479151315509007,-0.24596262873746058,-0.3822544175703239,-0.31973876162424814,-0.4848195881866426,-0.3143038961793623,-0.2850768041110796,-0.2863292425500141,-0.434507832680582,-0.32152105790315655,0.18015098350522668,-0.31426932660256324,-0.34497069165569816,0.30371856437133155,0.23884113562328715,0.34304822363818926,0.3743744100443309,0.44818114242874874,0.5579481776109584,0.39088569625888214,0.6028586431201617,0.3448358611869261,-0.3964199854465704,-0.34197280122920215,0.37591766081553296,0.24248346300327933,0.29882479659800354,0.014621393302435694,0.2034425222813172,-0.461115150321321,-0.29550143833045317,0.4090205556193364,-0.48954569430334177,0.8841036575226543,0.34601860224016,-0.8158509600698236,0.17160361806317562,-0.7021183434963735,-0.37009329760211185,-0.7420359048764791,-0.520395413268596,-0.8448670818057349,-0.5591005619965037,-0.5130142667139171,-0.6089958549177522,0.9102790017154294,-0.11121206970282758,0.7852148400182323,-0.27731000086667934,0.7617188509491276,0.3791646399157077,0.9004653376313849,0.4002550659097007,0.9232723481720736,0.3812279432587981,0.8438323971944071,-0.12315023418240831,0.7892934727783797,0.21722933421141322,0.6336823236629743,0.348099579410102,-0.08467005697994753,0.2824438247797836,0.5080476373475072,0.6186111681083906,0.7102514498628475,0.6818004124111317,0.5942597662191187,0.5189771507914325,0.5059950930932241,0.5031896096974062
-0.0425534467073668,-0.37232436446803047,-0.007876276299723503,0.0334124165622417,0.04317872552390181,-0.09315770362452905,0.5069900839175867,0.5475065547182648,0.6881735180164493,0.3470450635480498,0.2764603047224744,0.31439664442361903,0.31324106545488073,0.7579470493400985,0.9260074341846959,0.7366421503110837,0.07057066785141404,0.5901875640276842,0.8820600508276685,0.3788087179417353,0.0852932682631187,-0.3756892056963561,-0.5968958254972042,-0.6758331327212357,-0.4289987431718269,-0.21593027041799384,-0.4546452205102764,-0.47229891351708125,1.0000079530452208,0.9557636734681776,-0.14247915307086148,-0.7892129195282208,-0.12337115037613881,-0.18951248242375018,-0.5405898985468541,0.08275685590629797,0.09937746942534843,0.15833816157750313,0.5357276581226528,-0.09418080514247232,-0.3194823626610247,-0.031417939128638654,0.0017717889431632622,-0.06867160417498906,0.15497918320042936,-0.009778244923213992,0.03146263708429347,0.12411553642716536,0.04572462427930756,0.20516428178511167,0.15119441588641797,0.17837929921939064,0.10993898515757872,0.2034399328312946,0.15776113347369258,-0.11074431569983499,0.20179801551628482,0.17372132977018326,-0.20772051853068413,-0.053821002546551894,-0.19912953821827856,-0.25589169699773034,-0.34554569997383555,-0.3362752889779076,-0.20414369800033372,-0.3678006261827903,-0.22062732966105836,0.2425730435391243,0.18582051231168295,-0.20616335655433882,-0.1400730934107507,-0.20541488906066518,0.0002353678374504756,-0.16459460729931052,0.13166801383197183,0.11922184130520753,-0.10000805055451455,0.20823838400916625,-0.709660196274363,-0.24849067521512508,0.0007138115833896081,-0.2169224593323943,0.2283142220820874,0.022792600719831885,0.4881747141018476,0.22116098896636643,0.4311359252105532,0.2787581815698605,0.8472016296531525,0.30495965698040506,-0.489267075139588,0.012730777566939746,-0.3933871266962651,0.13163596558989274,0.017146098593909483,-0.1489858503468838,-0.18105164965729048,-0.20411655247632235,-0.3603458004449896,-0.1984706614248643,-0.31385826996605976,-0.021199599147261432,-0.14061841638033232,0.036498647504403826,0.023462245386355076,0.07901111987408195,-0.5929308746840809,-0.11954493421404261,0.005236363722765986,-0.13742829249943722,-0.2679398867308547,-0.3048708866083199,-0.2316186060209786,-0.08945363688159212,-0.022213863414325706,0.008251602847513938
-0.013816940634053334,-0.3505291512112855,0.01736457986125611,0.025126460644701427,0.056550540314461085,-0.07207789522214313,0.35589573042019296,0.40297062670137695,0.5702667668926164,0.2205963911875846,0.1511535934032436,0.22091618726154938,0.23303415599390603,0.6357173421490776,0.8556951359438061,0.6205919775417508,-0.06780353435728043,0.44000424127587096,0.8605077949173923,0.16743976437928412,0.0016505188758094596,-0.23235945823383558,-0.4437445303670733,-0.6318573909880544,-0.3452990203872137,-0.18943167091173935,-0.40016865728395373,-0.4488911835891106,0.9557636734681776,1.000007953045221,-0.0951367850395737,-0.8405293334720756,-0.19920083582835624,-0.14242521195727373,-0.5479307483495843,-0.001169109396042612,0.04708839859124548,0.08877799527429377,0.41229794550992915,-0.06179522622488245,-0.2553449791951951,-0.01589964491542754,-0.005376627981518024,-0.05216698537894757,0.08818010962398802,-0.028148611167421726,-0.0005947981415815512,0.0628245543961882,0.001569617941107171,0.10673579501284682,0.09415074966388141,0.12667213937312963,0.05798817154630126,0.13145282279863102,0.09304098155365412,-0.05699503841030181,0.130758146392065,0.11184497490384074,-0.13455616964831638,-0.03476872285250957,-0.10669053415117692,-0.16582018943757473,-0.2503927076503625,-0.23470054433227908,-0.12619264281117812,-0.27975055312077735,-0.19267841568806415,0.18072292551765415,0.14007956594303136,-0.15548403854183326,-0.12065655257751708,-0.14275224125321592,-0.00542120162354752,-0.14667746067793383,0.05090106661597013,0.08176129004545844,-0.07277206162374023,0.12322707839221911,-0.6523780330930954,-0.2018590378096249,-0.062350418918614654,-0.17506863646750476,0.1114471897211691,-0.021662876297966684,0.3522465225483944,0.12965305165431776,0.30704779234221685,0.17433024950196294,0.6946243293264591,0.21470006372417813,-0.5197095579864949,0.03737267672972095,-0.4309559926499082,0.13058841232038323,0.0018752712082012576,-0.14857065609924888,-0.17348377085537706,-0.1895388904995631,-0.37017440963373327,-0.18424284185676598,-0.3724508690164034,0.011255717941910723,-0.1961969307408821,-0.01004509396980133,-0.032621019731059846,0.019410902648209823,-0.5471619408431455,-0.12363112102119406,-0.028830271042623316,-0.13404655894967624,-0.23025396490860042,-0.27909462091915876,-0.23868536373445076,-0.13330122077310416,-0.07177206593170427,-0.03752244718624707
-0.1493397227106875,-0.3780517469356077,-0.11866452467810235,-0.17352975360557957,-0.06719762539704627,-0.15534526558201367,-0.46842204940124266,-0.4764509560809694,-0.5094084798335815,-0.5956011895514531,-0.43571209572753905,-0.40112226168179427,-0.3694850669498751,-0.0611090675515731,-0.3759891694932286,0.09552527656796413,0.27003856577833335,0.2802615396830517,0.14925812525650026,0.24930104771078448,0.23539510394484053,0.5398060563956725,0.48508526542328617,0.4007541105568679,0.4728048806186466,0.3474484909954956,0.5775574399896369,0.6675660156798543,-0.14247915307086148,-0.0951367850395737,1.0000079530452204,-0.09467199675422194,-0.6162998561489154,-0.011252881387522702,-0.487640566130626,-0.4704598626640099,0.2949599755969169,0.34328344392700644,-0.7115155394817507,-0.13340867694453915,-0.13105585519063204,-0.1003948618168046,-0.18698396710371537,-0.06357531162454713,-0.22679625072991041,-0.2159690359830028,-0.19877441777290258,-0.25002064426027726,-0.2152153741716737,-0.3273507102740065,-0.3144433673699754,-0.29561206913096183,-0.22893314874252652,-0.2528439132385584,-0.23945388365539264,0.17871602868369368,-0.18918154514020533,-0.20302063138980156,0.15962679715673486,0.23982117561429192,0.2254000276312841,0.2130741307551549,0.2826155488639469,0.296050985092458,0.25104740443975904,0.25849533259781604,0.013660363617269342,-0.17582554702151065,-0.16042722107660914,0.18819710995283517,0.02106035120252696,0.13971911656334968,-0.12069011996503382,-0.08996741135492094,-0.37382117793459657,-0.30640674985830063,0.3015943400137671,-0.3071806740897683,0.4739663641470508,0.058773274007691514,-0.7187804038584527,-0.05049676901776179,-0.6828601950963019,-0.35538412955723075,-0.7350399742349043,-0.3500559025545314,-0.7862120847949126,-0.38738069436222156,-0.2567556544142269,-0.3493924307956366,0.3912243820966994,0.1328250526050297,0.18521413983294924,0.059252703738145666,0.521747710276631,-0.012751533939967403,0.6458041576674184,0.00887188093878723,0.5001324521301181,0.002338654836074687,0.28714519346514433,0.13333452820187597,0.31073779286987413,-0.10649622283569316,0.2344791717904138,-0.0005115809394076591,-0.39866700792041515,-0.09195761528519122,0.16126244462917738,0.2620378843915431,0.36003008487479504,0.24325711835901703,0.11805419754818888,0.07927553215779481,0.10604449086468838,0.1299155831449512
0.27626007769475674,0.3676170548143153,0.20807421789261396,0.10866930643296015,0.10672772149984946,0.31232441542068656,-0.32929491372587527,-0.3640046782058772,-0.45870493938435086,-0.2846578660090353,-0.17859202956707332,-0.17042443980650462,-0.1718251485439427,-0.4285602314321459,-0.6274717893081855,-0.34840611157585977,0.07186841891215542,-0.21207386327957878,-0.6044457260168132,-0.030558899014843384,-0.08747941847916066,-0.11983347098006461,0.14073706368472716,0.5299067261678457,0.19851400165832941,0.0070687850206717995,0.29128116648901614,0.49249004730677565,-0.7892129195282208,-0.8405293334720756,-0.09467199675422194,1.0000079530452222,-0.013737746886769833,0.48277136206155397,0.7971468783511065,0.014707799265758896,-0.07039141850488542,-0.19353867848301382,-0.3537642061219862,0.2717802957753147,0.41763554714967743,0.1548754547435295,0.1310126264565207,0.14064739019717587,-0.10955545877855888,0.11557700526552438,0.0719242889950393,-0.009484378088154432,0.035681426474724484,-0.12933135661359724,-0.024561371223081396,-0.04978347175024292,0.03396586739217734,-0.09294740458862624,-0.004302029029130215,-0.031875074821760246,-0.07266804942822337,-0.05472288081615366,0.0988766932989208,-0.0781052768086566,0.029831061562196667,0.1318473338950688,0.2403464896496176,0.21228584277994958,0.027162309129323856,0.33426857960809403,0.36792379341723874,-0.20224199346554247,-0.15546277394754865,0.18696327162807874,0.24209352346294297,0.21311231829581162,0.12352419474667178,0.35431704634154626,-0.02223999389194429,0.002868526329036512,0.0020360339554661554,-0.10099102956826128,0.7572159849900083,0.34350380730267777,-0.07035066134650746,0.3359457236645797,-0.13734705283318027,0.12686703400616706,-0.3253806324030342,-0.08528449274537243,-0.29815673281343186,-0.12446257844860925,-0.6138635400055608,-0.21591471541160392,0.6035166318456089,-0.19226830100917855,0.6077517276304077,-0.31690851677365967,0.10539581994922595,0.3809589400532107,0.2143111230216065,0.3970894313678791,0.44010650438811777,0.3738360398543851,0.5645278927809991,-0.17221339183818912,0.4037985097922837,0.20186149690259833,0.2384226370194221,0.18342125052219985,0.6773954819055616,0.369662844565194,0.22602817852656587,0.27880881787458156,0.28893572799341366,0.39340264522277196,0.40915102264033476,0.32604145905395643,0.26838547240166005,0.23805460549135377
-0.3999013712189421,0.4321165330536388,-0.366726506986143,-0.11718757486563851,-0.2919416648525704,-0.22620374589388928,0.4631071240306164,0.35738644314322304,0.20643810420120084,0.5746698208562692,0.5602447094538415,0.41764536156678667,0.3761872542700259,-0.2008657210738621,-0.039765096420935044,-0.38157673240492795,-0.2414630173150523,-0.4097008462697995,-0.3826231680706206,-0.28179923205326374,-0.15841559378817968,-0.1709041332523327,-0.18694830754192993,-0.31465575545999247,-0.33174898109245426,-0.19632741414419844,-0.4539927122243053,-0.6860838061491795,-0.12337115037613881,-0.19920083582835624,-0.6162998561489154,-0.013737746886769833,1.0000079530452208,-0.5170717732829087,0.17954558219408157,0.5239506282693607,-0.2974563772669009,-0.22710442193769578,0.5035201044789165,-0.3245747781343857,-0.18133519391369063,-0.2356492933656305,-0.08613853176281085,-0.1597634954513878,0.28336047367803274,0.10165996345744524,0.08944041883430885,0.17004968474943655,0.15666660126071968,0.439216287250429,0.28306360617540577,0.2698444500101533,0.09585146210227123,0.19795011468881804,0.12189635676454852,-0.09642442726619371,0.1190781571986168,0.12039306135368272,-0.11491348634786659,-0.13706985811024386,-0.1270146337164787,-0.15134023008314762,-0.2565726864036075,-0.26361298130558997,-0.15554370982525728,-0.31832275953457667,-0.2508410121697858,0.21495149368648586,0.1803863365506873,-0.22643648716854148,-0.1840401322924229,-0.2869682384678474,-0.10947446639906622,-0.24175702594651102,0.3847512396441478,0.2524440661154592,-0.23908531562831933,0.2792843207928283,-0.5512434246210328,-0.2758041644683331,0.9456666621758131,-0.2502380728787177,0.7745486125822615,0.19815300755129284,0.6379320390555584,0.2902577260031163,0.7425501940790884,0.3209195967739038,0.1312421884071886,0.3796125083342707,-0.4877481794991968,0.057588298493338574,-0.40967716578114943,0.1560187503551874,-0.6847552151792472,-0.3215519593951299,-0.6978390345893913,-0.29187324254299196,-0.5817715588671308,-0.23981851759754616,-0.516223973745045,0.06242071887586832,-0.5696589915077473,-0.13708354927352584,-0.5110925077978506,-0.271661582060021,0.25830776186554993,-0.2538302003829645,-0.4477634423178013,-0.4726221883960254,-0.44410991134694033,-0.3901080071699765,-0.33193965876523485,-0.32510530756692313,-0.3660034358798163,-0.40652490514435763
0.7607411408919968,0.29435950690810486,0.7197112780787559,0.4441102776970956,0.5700760691632506,0.8254876771705945,-0.43041828330531157,-0.44306299131251276,-0.37110595429125687,-0.47964938755817765,-0.19011722262052172,-0.29519851075839154,-0.32305430322966966,-0.188778685450546,-0.18802354772747498,0.04220272768309778,0.19515903301511198,0.17945710575880378,0.014106813669381216,0.20929865178179993,0.05804401951097229,-0.1933489708689898,-0.13776599863356134,0.07150518798849792,0.007993266180334729,-0.019067457475253128,0.062135141591645834,0.3333271343713741,-0.18951248242375018,-0.14242521195727373,-0.011252881387522702,0.48277136206155397,-0.5170717732829087,1.000007953045221,0.6403447861622148,0.07637627017808023,0.16203197382600326,-0.034928146312879174,-0.2938065160739051,0.6019859884554517,0.5617664580887006,0.3634329272024149,0.40773411750685,0.2170088631083036,-0.025255484656179286,0.21347560081759256,0.2249739746247336,0.16682754249021475,0.19972294752066497,-0.040496230128418347,-0.05612454537786633,-0.14537418910828698,0.15720222339378115,0.07650883204072874,0.10380419618033437,-0.003458599862589272,0.021022780308452428,0.0731161639019136,0.013631317836983917,-0.011257997394785559,-0.03533306619084893,-0.000574719731064027,0.027457023566889706,0.04407482662338665,-0.015976934317983027,0.12360046376242988,0.23769522506843493,-0.06072579681121468,-0.014565609707384419,0.02291080650345302,0.12557627769321905,0.11549996999645591,0.16290247169299457,0.3247613626706562,0.12932532758080895,-0.06753942173692191,0.01637941549468798,0.1021836263992196,0.5529637300078909,0.2110707465302407,-0.37380611144526615,0.326187380816729,-0.2976745594829523,0.3071488968594637,-0.34524749738160365,0.13019927732256215,-0.3500867038319696,0.10752024681273618,-0.2843458325754645,-0.04166404655599335,0.3089032964750155,-0.1889916618961882,0.3530613127146332,-0.22183578991167818,0.26815743413105736,0.35093053299847504,0.2361162069086808,0.3015596502970877,0.29924109946075833,0.25889331101855934,0.4293229248637003,-0.1856878359822011,0.453772854796859,0.24757989348567044,0.3948566272003318,0.30139505551856416,0.23923246482704133,0.34085747221959434,0.33193293393861006,0.25240682344227355,0.1599304276887995,0.23501265246695185,0.28414761447246756,0.3144708586803366,0.3291454595151653,0.3389698763727902
0.5338071434798647,0.6127811131402523,0.4551224252173026,0.34500762680559743,0.3027936636872211,0.5757448800470238,-0.17093235622044176,-0.23110112793534024,-0.2912425769234785,-0.13195871179901453,0.06956955715559762,-0.06073265852288429,-0.10274019087044862,-0.36131197151208416,-0.37942312610902124,-0.2929946320156867,-0.015670581999812708,-0.2268640877133945,-0.45826201429786323,-0.14373073229539698,-0.1879027007220707,-0.3931844697587684,-0.18165910656707632,0.05769714477132627,-0.21662102510986161,-0.2946352386184045,-0.2070505159807119,-0.010085910272443871,-0.5405898985468541,-0.5479307483495843,-0.487640566130626,0.7971468783511065,0.17954558219408157,0.6403447861622148,1.0000079530452213,0.3212139112014675,-0.10272007898483163,-0.3925066229611952,-0.053860133914087734,0.49133967481158747,0.5947333224148246,0.31840579001991404,0.37086846783324157,0.2434814602030308,0.06571928773858446,0.2999680723956588,0.2954538027067429,0.2659643547443731,0.2871028069330659,0.12005046475802826,0.11430748666731552,0.03114045889069456,0.2604945007135158,0.17452862887358045,0.21739353124156324,-0.11727707449456495,0.10690989700633621,0.17146316614366977,-0.05627136597823294,-0.22091130211607407,-0.16185004533838768,-0.05967744787280814,0.027637783030851334,-0.07085212265905601,-0.19760374061912922,0.0556362434366313,0.28601718277058624,-0.02114660055409676,0.01732153783056824,0.0022579416202065067,0.1768499781320097,0.11807150170550121,0.21466046271007636,0.3939727202133458,0.2823556502772301,0.12638136408925096,-0.2292745724513248,0.20196097558683782,0.40427581603100227,0.26140166040609075,0.25533100897270616,0.39777860370725915,0.14990578699154009,0.45648880920786966,-0.008563428334175196,0.25091620981457413,0.06724234188947818,0.2269037636424131,-0.4259444273426015,0.08922400035666112,0.1179570615829017,-0.197437313497559,0.21522158074322484,-0.24363528086188632,-0.259909513793683,0.3063437648632053,-0.25434427583581215,0.2953049844550068,-0.03829278251820445,0.2617698405287011,0.15869743008973827,-0.1625907496379285,0.054605804021311086,0.14932686213888524,-0.0233241524827243,0.06692491351225563,0.8058578097573207,0.350235325294881,0.041513596460725936,0.008382114072940103,-0.06964873391056758,0.07066549244548086,0.14091053775021475,0.10203012031246277,0.06358251432269794,0.047409592702649064
0.07956023389307677,0.5698661794237887,0.2495102636999081,0.4019951888407063,0.4044860157783965,0.5156198165464815,0.4002777014607379,0.3366873474599895,0.24580312951860692,0.40201774336188567,0.8717814286618781,0.2631549595499827,0.10351466529193996,0.06491070885226709,0.1708054096815448,0.1005599989182683,0.1750775681529629,0.09719418186891633,-0.06499371902895522,0.11897126284461573,0.03243903608932988,-0.3611437924808821,-0.36306256280284205,-0.33199273378531935,-0.36591310514940234,-0.212560928617963,-0.44375592587605234,-0.4922789143011648,0.08275685590629797,-0.001169109396042612,-0.4704598626640099,0.014707799265758896,0.5239506282693607,0.07637627017808023,0.3212139112014675,1.0000079530452202,0.059602542549684175,-0.12575006327529986,0.5626067459176521,-0.04261736050030151,0.05434525556962984,-0.11727981686051415,0.32382497033099344,-0.18633782182409386,0.37683970163254416,0.5654870626977796,0.5669686624358157,0.5585157550875725,0.5315641225643725,0.8872363549859625,0.4248426094900757,0.20923786608963937,0.46034308024628684,0.4210559009664606,0.41361379553050753,-0.1372671225424448,0.27552550917169283,0.3144979144362097,-0.17550666620814206,-0.12392672511371296,-0.17463166278520978,-0.16493033203532045,-0.2720199841677319,-0.2620698352206314,-0.19196931513491955,-0.2664835922881389,-0.14212289437880865,0.2793479799404579,0.23434267007609597,-0.25087128128536296,-0.1348778446170034,-0.4510848538141125,-0.21594963818602647,-0.18802515000439599,0.9440302655788766,0.25453440549860584,-0.20912029399537604,0.5791150635257962,-0.3938223745866059,-0.27528569480812887,0.6551984497585773,-0.2846843849795631,0.7570248402181183,0.7191857939036921,0.6399587963985272,0.6468477967547817,0.6699626741425322,0.6724587843450246,0.2625121605364414,0.5355928555639748,-0.2800443901785747,-0.13395923594265316,-0.16009611878480742,-0.039004055137545374,-0.39803377719518984,-0.13217914240086973,-0.48647011231002146,-0.12426508900763805,-0.3484939050780104,-0.053602247724675894,-0.18092952762866754,-0.1359033513641614,-0.16135151769453354,0.11589510067001679,-0.10570199608936028,0.047178423349491454,0.05921329456470673,-0.08421340674387483,-0.15376781956867813,-0.30448471106021835,-0.355449524634378,-0.22356778545267816,-0.10264731435952813,-0.03133984917003751,-0.043193351260328264,-0.0782911908063207
0.24108489531004726,-0.416930147481873,0.28605234739811686,0.3524485054237429,0.33586838955315923,0.23406243534104676,-0.05666739268829831,-0.0316287884097611,-0.07527426104624575,-0.1858965402811884,0.16146255588829958,-0.5316047473546723,-0.6384480608164335,0.32686564323280615,0.013880350146402145,0.3878527180213447,0.7569921562409141,0.4082484633627608,0.13114537543343208,0.29453632459866635,0.8198531487270091,-0.01727757526793172,0.043813406625607815,0.09534413326709375,0.1347497576003681,0.2906107501635139,0.18214483499386458,0.17025192159816183,0.09937746942534843,0.04708839859124548,0.2949599755969169,-0.07039141850488542,-0.2974563772669009,0.16203197382600326,-0.10272007898483163,0.059602542549684175,1.0000079530452208,0.7091373957717126,-0.0787372630632035,0.14089681063612006,-0.26449426448756796,0.2047017574541338,0.321916169055655,0.1226070567522209,0.4531616849695042,-0.19647290621818742,0.12730379388345128,0.28604107561101577,0.3322002468506454,0.3043825695671593,-0.4966501880419237,-0.6811885723448899,0.05027379906757051,0.2493749856941806,0.016165465262008016,0.3853843381756799,0.042790104097098616,0.21257506252459576,-0.04665070948597636,0.5995283643027741,-0.004259776520218766,-0.1434002402365816,-0.28944909709100214,0.05464719347730069,0.15837004872819396,0.10945684947895024,0.2521418627146393,0.032281789484011184,0.09275203519708078,-0.13541060069803504,0.1441196716837629,-0.2666178938751726,0.26458761117061325,0.2606557286831071,0.2520721444556219,-0.6970623400041007,0.545664748989028,0.423197681797658,0.053145362347870255,0.10103072112119106,-0.3180154201778497,0.01607761480164514,-0.31038282217447677,0.11963413226149903,-0.0953319028704828,0.4318820976527802,-0.16527676257472923,0.47639212600687836,0.361600556005771,-0.041852229401760005,0.16656281774331394,-0.4090446887476186,0.16875701894083778,-0.30833077798739666,0.4943542055168194,0.4742146548140617,0.3518677802706823,0.39694650317518615,0.2697502999971827,0.35338349632712146,0.20024527699406783,-0.3974155980067477,0.2943731124659952,0.45155987690237576,0.42992211727238383,0.508009152062513,-0.24417959089284588,0.40188838316884895,0.6010006357062084,0.5229599326208623,0.3750715164471964,0.32867648691011886,0.3319569455766003,0.41552298123412984,0.4948829929780317,0.5497930883950467
-0.1376604023873553,-0.45806780437910827,-0.07940931858955552,-0.07038599908123956,0.011704788257137999,-0.023936134589986613,-0.00893862672215615,-0.049317756714128747,-0.0644915052253244,-0.13859972191723882,0.041427772749656165,-0.206017206527686,-0.2462046703138006,0.18742239972886565,0.025033047562928096,0.2266325404776695,0.6067511273023932,0.3095204614430178,0.14037706301557093,0.3329522521674809,0.9253942300130432,0.18581193406275104,0.1432496296289793,0.20794775892711556,0.44325227820701707,0.7157844457775495,0.4601391421928107,0.2517061251418106,0.15833816157750313,0.08877799527429377,0.34328344392700644,-0.19353867848301382,-0.22710442193769578,-0.034928146312879174,-0.3925066229611952,-0.12575006327529986,0.7091373957717126,1.000007953045222,-0.11315259002744942,-0.2493970915833604,-0.5467593018980071,-0.19277520955779,-0.1367735636906531,-0.2172643776017194,0.248669704196336,-0.3436166275143215,-0.2000289037747905,-0.05603363158281333,-0.07426399601795669,0.11022946818522596,-0.31569698842279764,-0.37988081216486724,-0.22301153235244459,0.07169679076095269,-0.19046341424945623,0.3965412054006164,-0.03878605113142533,-0.0027487814130550694,-0.013001074026904067,0.814974546766395,0.23193704534912285,-0.12428628976972826,-0.5069559852575873,0.1784323533804107,0.49617256726600767,0.09177987699066517,-0.07194097170585591,0.16432845007826755,0.183324514933343,-0.26899370994627836,-0.13810944276361126,-0.3825962226238889,-0.028984701490388405,-0.16152647583478194,-0.035866883450468554,-0.5207891424546935,0.7593183914416657,0.16012410490185605,-0.017534056877957307,-0.26082960899403923,-0.3167118654901213,-0.39215643483676665,-0.25036801328260694,-0.29851056887438104,-0.1259298722847579,0.10623773803825737,-0.18880188204684853,0.17176999140516724,0.41975019955355936,-0.005991091668488103,0.3088521794255905,-0.33219309621535914,0.3187772758103611,-0.20572702055611047,0.6624098992417261,0.21732718440741508,0.5644972452960153,0.14604125849928026,0.4643421794317187,0.17720246399824155,0.34390051306191705,-0.3963944539482978,0.46169901279902387,0.5100471604075588,0.6024714795067113,0.6151844148078897,-0.5841725659610651,0.13118776270982452,0.6007782086056531,0.5314574622653235,0.5037338972773531,0.4455462337303472,0.4728093560773002,0.5826344116181852,0.622002142800504,0.6236299427759332
-0.01609441641136614,-0.02876475253287419,0.03659800046821657,0.22731405034529795,0.13477128497332158,0.02068502052387526,0.7497714883449663,0.8735979065835631,0.887686923626688,0.9208627803421221,0.6595177866582098,0.431752304420513,0.35557688679684984,0.4424547774549354,0.7285960760896358,0.29518772860396414,-0.04405823231487654,0.09368315472937963,0.16689424790871574,0.09118282235306285,-0.0609069921747351,-0.4452162914752332,-0.5169831159092346,-0.49326183450587235,-0.45441821062155385,-0.25862070597362835,-0.5431779860935724,-0.6600766168168359,0.5357276581226528,0.41229794550992915,-0.7115155394817507,-0.3537642061219862,0.5035201044789165,-0.2938065160739051,-0.053860133914087734,0.5626067459176521,-0.0787372630632035,-0.11315259002744942,1.0000079530452213,-0.02674416489854679,-0.17600840288835395,0.06897772731909219,0.20525556719051974,0.0419953598835445,0.2952304140530503,0.2177495000036346,0.21833919661699205,0.2823236457633267,0.22708383208744543,0.47004288627606644,0.32294553759070604,0.26710942986719216,0.2665122732364934,0.2855814157467788,0.28060832377267814,-0.16341337033294914,0.23892479500465325,0.24236513537348534,-0.2081056511897607,-0.16402806158878966,-0.23028570394871842,-0.24529509316645676,-0.32040718284190817,-0.3404786496022765,-0.2400982628588971,-0.34168202825496835,-0.13222101913252735,0.22408458062942135,0.18171639585576604,-0.20710008560930315,-0.08682306101295198,-0.2177155834668808,0.07292035189747556,-0.05930579175123691,0.4737559781690428,0.2512820430263335,-0.22567834619428256,0.3502909753337156,-0.7503967692213337,-0.1719152901200553,0.5774356223450617,-0.10749103224978188,0.7718126935879881,0.34465166601797975,0.9771146509763711,0.4037557639482112,0.912205923456973,0.4655815048145075,0.6618126818419301,0.38427264540795586,-0.4185154910128581,-0.0651148874995356,-0.2641394395720486,0.04384138749512081,-0.3262540106790405,-0.09792969743422397,-0.499316937151419,-0.1286315051938753,-0.4521836258223437,-0.111925125809821,-0.2824175016849626,-0.07908739101830897,-0.2246126896080176,0.07618707589128808,-0.10658965377684926,0.04784927969026272,-0.1693371384788502,-0.0453678084569221,-0.10741622183809725,-0.255306904901639,-0.36624802701434706,-0.2966131843482835,-0.17916782828915678,-0.08005610337899258,-0.06464463659802852,-0.0716094836936223
0.9415582974344674,0.14067650496421286,0.8196819363763114,0.7028028519941797,0.5844319608257555,0.501143212251617,-0.32240705498229677,-0.14853093028991687,-0.05168921412381035,-0.149441749056667,-0.29310922705452086,-0.4020759959006595,-0.4096103409674523,0.0003187303497593472,-0.007518395951016023,0.08723074299048306,0.07562250340171718,0.05825221665777855,-0.029175337198640985,0.013564449352250492,-0.08766680211044296,-0.20322189539153074,-0.12190070677165622,-0.01846901787195428,-0.18964284152757063,-0.2083611213197506,-0.1835826739462889,0.040983917633298686,-0.09418080514247232,-0.06179522622488245,-0.13340867694453915,0.2717802957753147,-0.3245747781343857,0.6019859884554517,0.49133967481158747,-0.04261736050030151,0.14089681063612006,-0.2493970915833604,-0.02674416489854679,1.0000079530452204,0.8331584317204955,0.9223932182369154,0.7843001099858479,0.7857819220688287,-0.12704479994555984,0.279185204445194,0.46370006244840345,0.4618410050223735,0.49911701638166095,-0.20230223272831077,-0.14453155634090678,-0.21533511742672137,0.3835692430786882,0.3703379475373378,0.3098022974172769,-0.07244846741537105,0.19944353403526147,0.3473722654641107,-0.15963719336327664,-0.17998724619069462,-0.17865118039244654,-0.14224648144829627,-0.010588949342239456,-0.17894287252772922,-0.19644704891727124,-0.13294608540064315,-0.00981340709501951,0.15726735965789312,0.22059107894017035,-0.17824575781543084,-0.1081833013603467,0.32057433439230654,0.23500805113284326,0.24524828119621936,0.08613508378326386,-0.03885309669588331,-0.24114395089336704,0.31632396805547863,0.24602697757516087,0.08493931275503809,-0.17879988606817995,0.5446783849832644,-0.2690649027296192,0.5517513224726903,-0.10196788591497295,0.3548787695545501,-0.11433270640745684,0.2838433047219526,-0.1917979841887702,0.15736822216521087,0.03302919865749593,0.08804778567893508,0.05694305835905587,0.05997297983436182,-0.12215888798000973,0.052748670591831595,-0.12602856629555578,0.0032937110143474364,-0.050874157722017345,-0.045039775791408325,0.06541005174118564,0.13072835595170082,0.018555449147199636,-0.13571362876502455,-0.0664894667872971,-0.13451282091828945,0.3452762824288204,0.027367430202614985,-0.06619019869850312,-0.10985021719008718,-0.18938216640776082,-0.1049594069253516,-0.05942195964553142,-0.0794734754471576,-0.09566821067738544,-0.09042872538989463
0.755324454229221,0.5379228006256007,0.656355599105389,0.4923578431237022,0.4189905499585682,0.44937199698967967,-0.36351700441742196,-0.29403108647596526,-0.2298400810789158,-0.2494506142320985,-0.2754003520461504,-0.1461611189815528,-0.1400179810503599,-0.23907759407546783,-0.22657809682243812,-0.1529473288860127,-0.1454108602555665,-0.14184105040561068,-0.20525406817383116,-0.13527766837710362,-0.38628882500741296,-0.1255513551541864,-0.019193032555579085,0.059368124607872,-0.18405164761092757,-0.2979905840451438,-0.18660651642502493,0.05086718209799066,-0.3194823626610247,-0.2553449791951951,-0.13105585519063204,0.41763554714967743,-0.18133519391369063,0.5617664580887006,0.5947333224148246,0.05434525556962984,-0.26449426448756796,-0.5467593018980071,-0.17600840288835395,0.8331584317204955,1.0000079530452208,0.6653203054450375,0.5728530607498791,0.5812345857968102,-0.40110490613831995,0.5474665584612367,0.5689637509705204,0.45444470602311016,0.41431824659328426,-0.18485525192652352,0.19352383465012785,0.14583874659249865,0.5147265619365118,0.3589729561075146,0.44496682847547087,-0.27333251508924816,0.2971025900647564,0.35848218267606474,-0.19160916626181113,-0.426029318747565,-0.15606311443568577,-0.05307506761644167,0.1410844587400985,-0.1700018843031252,-0.24462592793340326,-0.1553697350473969,-0.17531000096353663,0.24952717638035188,0.2614501923518781,-0.16481887302815648,-0.23454166797541623,0.3893739950813167,-0.06989166879896215,0.002444229702283165,0.1156059234807355,0.34475659264012193,-0.48638959752217287,0.1712284641124773,0.3461221525954689,-0.06243985608886169,-0.011270478120948136,0.4100895328151965,-0.1235485328878305,0.614460737885451,-0.19859516977362524,0.21590273077151287,-0.13951856995493833,0.10343435937402279,-0.49746026828382905,0.28522772567329086,0.029952951229162104,0.27053258030199795,0.023172150197814975,0.17820181856587808,-0.37864416586018396,-0.23362682929169573,-0.2633421915840781,-0.22208058436620176,-0.1196459762628505,-0.2108504678168723,0.0032512149513799714,0.3079683134210943,-0.11546068291858527,-0.35566451912328956,-0.29386033047082777,-0.4034949410729178,0.5303944609798963,-0.22395830473362474,-0.39635831003319094,-0.38749611140689083,-0.35291300790116165,-0.22547728640348497,-0.18750287618536413,-0.2695448409752468,-0.3411509037170621,-0.37812495767646065
0.7876878898078993,-0.08884327283009516,0.6671526459143127,0.6964578842305735,0.4995789426479237,0.32598104639398906,-0.26251076216565844,-0.02301365475025709,0.05262714618176589,-0.0020912761427743527,-0.3059297204012614,-0.4931022514913146,-0.4821685364443927,0.06181449168554536,0.05421838123938588,0.10805865548181287,0.06940054465176206,0.05463426087351763,-0.01259362025761572,0.009471647400047172,-0.05560895509912666,-0.1478671173916255,-0.08453829267767668,-0.010698204657175489,-0.16255357981745436,-0.1731076544620727,-0.16110387045024263,0.014698823205618673,-0.031417939128638654,-0.01589964491542754,-0.1003948618168046,0.1548754547435295,-0.2356492933656305,0.3634329272024149,0.31840579001991404,-0.11727981686051415,0.2047017574541338,-0.19277520955779,0.06897772731909219,0.9223932182369154,0.6653203054450375,1.0000079530452204,0.8076444832758896,0.9417319923776349,-0.04472599444537679,0.10158123584931508,0.3530850658795087,0.3909984938340431,0.46866765068676935,-0.2819239371034048,-0.3100688927203195,-0.3390075103124395,0.3007145038818447,0.32291268104476817,0.23679426370703582,-0.03520465907545085,0.16283167611905647,0.3233555659803085,-0.16046962923590158,-0.14214816021937904,-0.17334924859012568,-0.14948513955923062,-0.0014717220313492936,-0.17641325011706252,-0.18015076653735265,-0.1390875565647969,-0.020011818598936623,0.11314389043710651,0.19013021178142195,-0.16028440671368513,-0.10941034568089221,0.39856304739736464,0.359336253715978,0.26894094622567877,-0.007122374024631386,-0.1587757268524436,-0.19919579588996955,0.27417069628034485,0.13765412330881996,0.12115756019748836,-0.16040017647684537,0.6072854800177673,-0.279592993030903,0.44917521924439296,-0.013941794846674117,0.31209893731652555,-0.05945099168396256,0.25247341691516817,-0.09323545326066829,0.06740395695170301,0.015062062364416267,0.1281737354386933,0.02562735945910304,0.1030406220670191,-0.10543035668519583,0.03919034938565467,-0.11558623509249362,-0.013748130923688701,-0.05987665682840683,-0.07537636267973478,0.03289736144400045,0.17265014939706058,-0.011469658558008494,-0.17691851359292052,-0.08624512334329824,-0.16139890596843456,0.23433391854579846,-0.0006929015358672154,-0.06996181000095876,-0.09903507382541661,-0.17708079839110974,-0.1179930436871668,-0.08642335608558253,-0.10761090646260923,-0.11815862248969214,-0.10692123876095976
0.7903982843124671,0.17060822574165768,0.8504245711333766,0.9714535428030566,0.7985712524116623,0.6191878748692148,-0.2509043790736012,-0.025893415221694527,0.05653325903131155,0.019754648797948405,0.011820420407698675,-0.5267444652980247,-0.5659404595898752,0.0632866228499297,0.08578428885051011,0.16088617516546405,0.19192941439603167,0.12888366908114116,-0.008295276151449866,0.084932872428786,0.03735410868278043,-0.2374128314915423,-0.1780283826393113,-0.09401155115289293,-0.2266288174948596,-0.18206590228292813,-0.24642871586782028,-0.11464153386831628,0.0017717889431632622,-0.005376627981518024,-0.18698396710371537,0.1310126264565207,-0.08613853176281085,0.40773411750685,0.37086846783324157,0.32382497033099344,0.321916169055655,-0.1367735636906531,0.20525556719051974,0.7843001099858479,0.5728530607498791,0.8076444832758896,1.0000079530452204,0.6760184580838633,0.2725949923805188,0.2598941755847594,0.5467682036336015,0.552591287537324,0.7096960013742252,0.15885918664404225,-0.2631380709328685,-0.3750997868203283,0.36821145600954225,0.381183140681925,0.27940598033092834,-0.014326146911818724,0.16904003088907066,0.33029563759399844,-0.15892279687658478,-0.0960651448190621,-0.17829464870182227,-0.16034257932522608,-0.09447950277607989,-0.1981373889952546,-0.18295506872660128,-0.1624078061557313,-0.01658218978272459,0.12655732040102327,0.18198528994739066,-0.18775635475069732,-0.09285231579134678,0.041237608964845636,0.1832980876918863,0.17147540659511984,0.4630120340869251,-0.18245141533262918,-0.16337576803200554,0.5039653018307817,0.005225525215497392,0.03411614585333935,0.05608644919236967,0.3594952665715283,-0.08678304029967199,0.7057506519899333,0.15042157684356908,0.5623634346301405,0.12394564452948703,0.5235415736334847,0.011064156514253668,0.19443757793887084,-0.038483942173987644,-0.00023827956001976617,0.01345604679701842,0.016325532300188232,-0.15895906090993434,0.04564400173394076,-0.2093675424291223,0.005937379420483901,-0.11421277189661559,-0.01830767975168544,0.017266891100100587,0.038594316335345456,-0.0026357506866630524,-0.04032227240456117,-0.03703217148248399,-0.04420109897127921,0.17082475397293181,0.01340922546944989,-0.033225638955614645,-0.12306898274898155,-0.21309446305172913,-0.1151049969371141,-0.046824873691797476,-0.033223343290383844,-0.038502752745771335,-0.037178839664148665
0.5901441964050198,-0.13360283331850065,0.4539709665639179,0.5365491036327242,0.3212848777711194,0.17250300917581707,-0.22682424456595057,-0.004765882103656158,0.03891744208054789,0.0275165509362178,-0.32642520411382836,-0.45245611057494517,-0.4205890479867972,0.02194706134538001,0.008349096725838613,0.03882508597296271,0.004237436199649129,-0.009575996898223721,-0.05310720855053228,-0.03668370657198564,-0.10459115361474239,-0.08146628419716592,-0.021823002691851126,0.029408513887140608,-0.12411300379826878,-0.15490299682095743,-0.12299598024676474,0.02614399044679873,-0.06867160417498906,-0.05216698537894757,-0.06357531162454713,0.14064739019717587,-0.1597634954513878,0.2170088631083036,0.2434814602030308,-0.18633782182409386,0.1226070567522209,-0.2172643776017194,0.0419953598835445,0.7857819220688287,0.5812345857968102,0.9417319923776349,0.6760184580838633,1.0000079530452204,-0.10910480960515036,0.02217667546743947,0.27071723340948073,0.31941838677931295,0.38196078356691654,-0.36609890998116856,-0.3237171398937488,-0.3058383389860941,0.26312693400284437,0.2847343736027432,0.20979616858225295,-0.060861011874474714,0.1530778797539108,0.2979700580476101,-0.14688544514071808,-0.1707081950209451,-0.16003724255621785,-0.11764526158130559,0.05397489503677691,-0.15716557012212012,-0.17204092665312348,-0.13016582554862013,-0.06521994182698294,0.11434390048747804,0.19574932350863652,-0.15349056647132578,-0.15444772466019877,0.49494560990297326,0.357862759589624,0.20922078661523544,-0.12314871999500906,-0.13023088230895202,-0.21883846834679516,0.1814712315755873,0.1273444338222352,0.09292732410832905,-0.1278424694570616,0.6056409638183377,-0.26187196092185994,0.34221048263973536,-0.025479299404514922,0.21136415188234223,-0.06628381093574168,0.14613228821817406,-0.12791639449114003,0.031017374401269747,0.019332988324766435,0.18223110130405104,0.010046998571959124,0.14448479500241676,-0.1411381614279085,-0.03640751649233356,-0.11839811734156949,-0.07337468330187656,-0.06217153215195805,-0.12293920273627451,0.010274386686264063,0.2255697569255912,-0.05113957009143767,-0.24492523732248572,-0.14448659095137614,-0.23562265942185648,0.22399159632232044,-0.07769543313658386,-0.1450869867686086,-0.14327882478593426,-0.1858848569164909,-0.13793904959375602,-0.1214618554857918,-0.15971730692059555,-0.1813703269250262,-0.1784822848939292
0.0050004184049472124,-0.04484509238314708,0.1097456040234059,0.3032291893661219,0.2156634242640679,0.2330536890844431,0.16418594368089398,0.16336782990678897,0.12294328472797958,0.16607217302272154,0.41225969669847684,-0.25428925307788713,-0.3012836657177469,0.1362606631327626,0.14086909612971454,0.13002221665872807,0.23748364349811255,0.12828326536217818,0.05052513049790513,0.12113683071806948,0.3005627848437082,-0.19417417017723834,-0.23789482432770193,-0.2651296623049916,-0.19986314162626936,-0.009832051679465114,-0.2421550073735943,-0.3259591413444461,0.15497918320042936,0.08818010962398802,-0.22679625072991041,-0.10955545877855888,0.28336047367803274,-0.025255484656179286,0.06571928773858446,0.37683970163254416,0.4531616849695042,0.248669704196336,0.2952304140530503,-0.12704479994555984,-0.40110490613831995,-0.04472599444537679,0.2725949923805188,-0.10910480960515036,1.0000079530452213,-0.46349224981774156,-0.22532465138054444,-0.006662536986398573,0.30656888346085726,0.4942862870775175,-0.45633236683497425,-0.48670451899457967,-0.3266237838801673,-0.07902847416131309,-0.30619018523746483,0.19023762551225923,-0.22923135574092018,-0.13745468326812224,0.00992537491731786,0.19223628697053785,-0.1396339107603915,-0.2142947985650045,-0.2975532723481393,-0.18373527897985634,-0.0650834094485741,-0.15885889221035832,0.15979283481019133,-0.2453074515057313,-0.1987641365429083,0.015410667212290553,0.201646345321261,-0.41546021275676354,0.43519678645562776,0.3073166532998519,0.41417622691986994,-0.5105983035008834,0.1695190395400089,0.3867843582679694,-0.325468288966628,0.21457946522741214,0.2986225475141071,0.07762114878995412,0.1869646758613933,0.04495524666264118,0.3363352352390537,0.3944354281026994,0.34514719482729084,0.4851824383275838,0.4018276103628666,-0.10275336121506277,-0.22793686770938598,-0.15907986640553665,-0.16125953738508994,-0.023019175714923346,-0.026778915961384965,0.2584310742979306,-0.18321441764878044,0.18412919907468486,-0.19990085136604926,0.08670843841658216,-0.1608661045896238,-0.13926235584898902,-0.10085960850271214,0.1779877686694495,0.026307045903128917,0.1898792915192621,-0.06371531051270678,0.2357708319814432,0.21280069954735542,0.12130006942103166,-0.037444815596789506,-0.07096052504546328,-0.03347957324865622,0.053979148204944066,0.11551250375949484,0.16308076616905132
0.29868072492611525,0.5653156187478974,0.3584844806718351,0.29910095991939667,0.33977694618317317,0.3626133642395636,0.17480545180502152,0.13580118649169695,0.11916294848533476,0.11305536838109889,0.3870293884575464,0.360692719618661,0.24495984591742465,0.09135725454071095,0.08474566162266886,0.1372673832112335,0.09245411207170147,0.09824985929225319,-0.022490048397883523,0.044447166687164176,-0.17747610603768535,-0.2590690825528819,-0.18426960740692092,-0.11148918979587846,-0.2550359789371758,-0.27278868112773896,-0.27616567781088436,-0.18479151315509007,-0.009778244923213992,-0.028148611167421726,-0.2159690359830028,0.11557700526552438,0.10165996345744524,0.21347560081759256,0.2999680723956588,0.5654870626977796,-0.19647290621818742,-0.3436166275143215,0.2177495000036346,0.279185204445194,0.5474665584612367,0.10158123584931508,0.2598941755847594,0.02217667546743947,-0.46349224981774156,1.0000079530452213,0.8188099269666755,0.6104411871171024,0.31704962883253895,0.38836189206153293,0.7609812476718609,0.5633001769140168,0.8379349746679011,0.5285602745117655,0.7800278684547786,-0.3794856684014494,0.5716432393963602,0.5069578022766269,-0.28401183825306453,-0.3322433026329064,-0.13534509525716124,-0.04620040346003605,-0.023446706542090946,-0.16761928435254514,-0.21419018813274987,-0.1667015313845602,-0.2470807851628817,0.4953882991408277,0.40112258135824685,-0.259753660863122,-0.28244794625482206,-0.016834956550140185,-0.48458865281049873,-0.34193415242125014,0.5594009595763703,0.6688182864800706,-0.4072688429484717,0.2722304685830385,-0.06040281667901426,-0.3849090183267287,0.26940336428709105,-0.1996645093949765,0.41525485417375746,0.7506698490069161,0.24461178963062044,0.35003889618646056,0.27493158590989875,0.2922125042075512,-0.06470489256707872,0.6264244178663301,-0.09566072261892095,0.022650316870323522,-0.03800853567066163,-0.009271291215546634,-0.361673367286764,-0.3024380199027889,-0.32605662036221533,-0.25144947687781355,-0.19225076047999756,-0.12593009294342278,-0.06194143744252312,0.011940124736418329,-0.0999818900384406,-0.06816838674198711,-0.15674502250295008,-0.1464903279939183,0.18888279436116573,-0.23961337586052822,-0.3186834056206664,-0.39268171149818876,-0.3464937527788287,-0.18731129461137794,-0.09833270064774027,-0.10763074445054548,-0.1655251079766201,-0.22656818318443947
0.4561858051559476,0.4943816996577839,0.4992901504515954,0.5221299882229533,0.428686978967996,0.3975579020483431,0.12280472978399341,0.12198882586567271,0.10923153367999475,0.07211597956147936,0.39564728842276414,0.04529477547250439,-0.07286419274824679,0.17348455434027582,0.10163487530527382,0.20681671489196587,0.21953486534450248,0.1588896200535849,0.011326505977851075,0.08532661505584001,0.003995612114636126,-0.2857755690892347,-0.21846877106592466,-0.1627816265077079,-0.31457998064296494,-0.26502452924080727,-0.33760135916762835,-0.24596262873746058,0.03146263708429347,-0.0005947981415815512,-0.19877441777290258,0.0719242889950393,0.08944041883430885,0.2249739746247336,0.2954538027067429,0.5669686624358157,0.12730379388345128,-0.2000289037747905,0.21833919661699205,0.46370006244840345,0.5689637509705204,0.3530850658795087,0.5467682036336015,0.27071723340948073,-0.22532465138054444,0.8188099269666755,1.0000079530452208,0.919816373273,0.7500004973569756,0.5141300885473038,0.3685779498582485,0.13851292458428424,0.8456644827397879,0.7506703469839505,0.7347138855726377,-0.14055133319136492,0.5243889924682887,0.6606159694628885,-0.27904864938646806,-0.1802090446973953,-0.1997281015695173,-0.1432662743498263,-0.13014576497380817,-0.2537438546820006,-0.24723012018912344,-0.24701428739294312,-0.2484886524843591,0.5500469401008498,0.5122363185629457,-0.38164640746123996,-0.308309460205791,-0.14474024014957954,-0.428379110391177,-0.2961517140673896,0.6997672152825362,0.28844673555458783,-0.3077896842759527,0.6262787293632038,-0.12234037846926923,-0.4018790260479448,0.2720454367067941,-0.15696033352518451,0.30154076008290787,0.9217751584185263,0.25032904290586466,0.6945869337372987,0.2862303470845589,0.6149341227638939,0.05217648775769957,0.6735913381288017,-0.1602106835061485,-0.008724463469793038,-0.10809258728285678,0.015440572055636224,-0.36230782565482605,-0.2564735815664552,-0.3633014391015339,-0.23128272547593456,-0.2512609825030792,-0.12956674464735748,-0.13023446747161777,0.01018080461323584,-0.16222542809472243,-0.07063433038151343,-0.19282029100361053,-0.14826143746331732,0.17688492830678706,-0.23090075694836254,-0.27486683184963745,-0.36653308315030675,-0.3735101698921574,-0.23454350480298522,-0.14617443269504085,-0.13534467386282725,-0.17180789923292328,-0.21328161570754178
0.44095622379245386,0.4225998971594963,0.4495363995883938,0.5008882733924146,0.3623087044351551,0.34456058732289957,0.21960676511715538,0.18806645322086196,0.1621028313205562,0.11859736094437799,0.4610074795334842,0.03680266028971779,-0.08539337810962301,0.2559269700162734,0.16801775300261587,0.2630944966327026,0.2982447079490477,0.21759723160806763,0.07007692665871544,0.14140098800702613,0.15928754322669553,-0.35606120088898335,-0.3206501044727657,-0.29211364950501273,-0.4159937010983302,-0.26793923145893295,-0.44915408133411316,-0.3822544175703239,0.12411553642716536,0.0628245543961882,-0.25002064426027726,-0.009484378088154432,0.17004968474943655,0.16682754249021475,0.2659643547443731,0.5585157550875725,0.28604107561101577,-0.05603363158281333,0.2823236457633267,0.4618410050223735,0.45444470602311016,0.3909984938340431,0.552591287537324,0.31941838677931295,-0.006662536986398573,0.6104411871171024,0.919816373273,1.0000079530452215,0.8652027868225831,0.5802667387145248,0.22655205594663277,-0.0037045483322384765,0.7425420622276173,0.8893621840570692,0.6445501407036321,0.024933180076316272,0.4832620640433043,0.7366121378999634,-0.2954811605590302,-0.041045818375637186,-0.2639561931126971,-0.28622047198553835,-0.33083480111418007,-0.3756675867419568,-0.2770988689219787,-0.37826359095619927,-0.2827773332243096,0.6280362932801146,0.6279642482350443,-0.5312665449145774,-0.33624741824259535,-0.2644030239444133,-0.30378300770949673,-0.2568162273768882,0.7171972008577817,0.10137942653412006,-0.22613113893525005,0.8465096046696187,-0.2609872210147927,-0.4400089075677037,0.34809934297862105,-0.1518319579951469,0.3370266904865521,0.8894320011062888,0.33393052869538725,0.8896404748262811,0.383582964006499,0.8261353228880683,0.2283838269620636,0.7504263676473848,-0.2905420429809565,-0.023836656483446045,-0.23103598817907187,0.07095988918753117,-0.39206844859817375,-0.2346166149332675,-0.4433357854467638,-0.243812173824044,-0.3659966659125275,-0.17185337459763492,-0.24958595023013058,0.014954476066829914,-0.2632098937738425,-0.0740558433877809,-0.24988938271553532,-0.15036214698768466,0.14671790622817169,-0.22526708384634989,-0.24972446631187045,-0.36490913246758716,-0.4295159969621541,-0.31922456047308967,-0.22271282600055808,-0.1791131847205326,-0.19283795909346615,-0.21543030413458464
0.4945064005166035,0.39893752492607004,0.530712120440204,0.6419729749797033,0.4497203545752902,0.41086397508121403,0.06299354558894632,0.09031125346673417,0.07721396074492816,0.06060932823162401,0.3761945153228248,-0.22658041653805797,-0.3147307645481063,0.1513518904778719,0.08602557404796868,0.17652424983641493,0.233266869876197,0.14654105639793139,0.008287251756920622,0.09603540068903747,0.10852890317626337,-0.27286342229466165,-0.2437599869810849,-0.2253069422441119,-0.34232988696215805,-0.2231393690498419,-0.37984496473872575,-0.31973876162424814,0.04572462427930756,0.001569617941107171,-0.2152153741716737,0.035681426474724484,0.15666660126071968,0.19972294752066497,0.2871028069330659,0.5315641225643725,0.3322002468506454,-0.07426399601795669,0.22708383208744543,0.49911701638166095,0.41431824659328426,0.46866765068676935,0.7096960013742252,0.38196078356691654,0.30656888346085726,0.31704962883253895,0.7500004973569756,0.8652027868225831,1.0000079530452217,0.5713180780590605,-0.10895693598783968,-0.28254805078294315,0.4255230876032183,0.6268890994926991,0.3140865946921997,0.08040330172334428,0.17290728939566669,0.43661942774228574,-0.14306189858723486,-0.053649634188610365,-0.24362282721591144,-0.23326605170935633,-0.21918422737300142,-0.3187483509876081,-0.2469592412802835,-0.31065121730311,-0.17295922825252008,0.30713755785514474,0.3454525379515088,-0.33503423231769036,-0.2088272337002284,-0.36353404893702707,-0.19526625711878984,-0.12716862083958622,0.7229040738897466,-0.15425809645649707,-0.17863718345068974,0.8566757723129028,-0.19757729994018092,-0.2496419901731527,0.3221456972316214,-0.05383243158253636,0.21257974744162234,0.8180402848501944,0.2685731566571165,0.8781895206087721,0.3149237895240498,0.8169297155613554,0.15442799812105704,0.4865016192167459,-0.23302843473648588,0.002455047750374055,-0.1859230389933704,0.092345941741103,-0.34893043092016685,-0.14764576537759144,-0.39364014837259703,-0.16057207742327642,-0.3112049486435699,-0.13390953426649885,-0.20422201480693802,0.054586917922037674,-0.22874754471595574,-0.09425205783848148,-0.23079254594804816,-0.15078158690296165,0.15522630286390682,-0.17528749585069056,-0.19991702203487907,-0.2932787325251926,-0.36417759279143996,-0.2778802528269408,-0.2029659711736041,-0.17167979913973813,-0.17907595190864012,-0.1889951757601057
-0.05201629350574207,0.4011631241472344,0.10157858898002599,0.22861259653556584,0.22734235253434504,0.32493332302454364,0.4947397083838871,0.3591223551554788,0.25295964726038844,0.3044472326587215,0.9176209971851615,0.23499699036507493,0.06434352685413487,0.26433178914505173,0.22954229330108372,0.2561750170824608,0.332790145218369,0.22754671015138617,0.07167577206076713,0.18134741855628053,0.24687512002602008,-0.33145219340933363,-0.34876553632446583,-0.3531475196466832,-0.33588637693316475,-0.13919550099967806,-0.39503510541123993,-0.4848195881866426,0.20516428178511167,0.10673579501284682,-0.3273507102740065,-0.12933135661359724,0.439216287250429,-0.040496230128418347,0.12005046475802826,0.8872363549859625,0.3043825695671593,0.11022946818522596,0.47004288627606644,-0.20230223272831077,-0.18485525192652352,-0.2819239371034048,0.15885918664404225,-0.36609890998116856,0.4942862870775175,0.38836189206153293,0.5141300885473038,0.5802667387145248,0.5713180780590605,1.00000795304522,0.2759187847223539,0.04333903601315733,0.36609258347773327,0.4260391671470462,0.32134307336413925,0.0004932463968011143,0.21460715615517362,0.2951631790669252,-0.14069208619545218,0.04843139784881132,-0.17235714755935774,-0.18677611974210145,-0.3375941494833085,-0.25033006764285937,-0.15480695710501582,-0.24896389613779024,-0.09172371270485309,0.2503012967965389,0.20684667766989057,-0.24191762894433025,-0.07415024479123929,-0.6374740062735971,-0.24781822452194088,-0.19072182407928479,0.9283171493987874,0.03895682711696616,-0.03874886075243191,0.6681169782621019,-0.4622632501644352,-0.27937079383150315,0.5577839467001761,-0.4271726306002692,0.6599964772356758,0.5927343807477103,0.5680516755212119,0.7147712784664148,0.60788076943103,0.7525826478150599,0.446249883758852,0.5000327318842658,-0.3176207892563953,-0.21988988627004724,-0.2146571431987513,-0.0815284466689449,-0.2631050616309254,-0.04808945323453986,-0.3882239619856439,-0.05324791806724136,-0.3300501703746196,0.005130909609780813,-0.23420780065894187,-0.22073751592749596,-0.18098672713827507,0.20458342863395987,-0.06130009229772804,0.14105485826882608,-0.06257368120533938,-0.016783606503916835,-0.02285647043546377,-0.16691419451650188,-0.24991539267014873,-0.17771898644925338,-0.08017711342256824,0.01510322940635383,0.034701856387738705,0.023804670258358814
-0.13180599891526887,0.4788237452904413,-0.11832359425349863,-0.21559157946797242,-0.12038880740514708,0.004324987775355706,0.4916597063559438,0.3346840914749866,0.2894514766070361,0.2956151083799458,0.43135182110321707,0.851258125404698,0.7812883769797049,0.16619067732641446,0.23057710611926302,0.13620848521114773,-0.04326243961107456,0.09847758701825826,0.07894802292586987,0.07812230782784818,-0.2452879222893088,-0.32089760463031425,-0.3053390715607402,-0.24406035271059728,-0.30955970547252554,-0.2730949866317971,-0.33416930458168226,-0.3143038961793623,0.15119441588641797,0.09415074966388141,-0.3144433673699754,-0.024561371223081396,0.28306360617540577,-0.05612454537786633,0.11430748666731552,0.4248426094900757,-0.4966501880419237,-0.31569698842279764,0.32294553759070604,-0.14453155634090678,0.19352383465012785,-0.3100688927203195,-0.2631380709328685,-0.3237171398937488,-0.45633236683497425,0.7609812476718609,0.3685779498582485,0.22655205594663277,-0.10895693598783968,0.2759187847223539,1.0000079530452208,0.935759689495452,0.548539216338476,0.30280564335205845,0.5937210017977425,-0.5107289490913655,0.4975242764153706,0.28948539299721876,-0.29511797149716884,-0.3884056528730566,-0.16413989850920244,-0.11625157074597366,-0.12445100721958871,-0.23526218582969877,-0.2279661452808148,-0.25649626078164595,-0.31284226362446677,0.44672865960594893,0.3052497590863207,-0.20600859978505695,-0.264215963547285,-0.07994498404964911,-0.4781804202460343,-0.4210814172609102,0.2895039741126656,0.8980907952851319,-0.4408200482539815,0.036209555862335305,-0.25465612240430524,-0.42648542469163264,0.3924498184825986,-0.3598376392551762,0.6354927251169064,0.3208533175904966,0.3833434277350279,0.07579152886780881,0.4328724372327002,0.0675046821593512,0.11506700221167873,0.5990893445178544,-0.21200139287823275,0.0813165210510419,-0.13716828167846626,0.07385947663126256,-0.3901209095634399,-0.38595685773762645,-0.370950225053729,-0.3381743674790852,-0.28288439627455947,-0.21950171135296628,-0.1621106570810042,0.04301185891348657,-0.18030766849445165,-0.08780293809514292,-0.20205996103968474,-0.16108835041484854,0.0801028123508722,-0.29157106178993764,-0.36873091358081717,-0.4345698810665445,-0.38401447211133316,-0.26446644349327125,-0.16878159213281185,-0.1535486879417325,-0.20822113398985637,-0.27129704515027847
-0.24177871634945844,0.39522411995674817,-0.2572694112317227,-0.35215841907061607,-0.2781364600064084,-0.1630218052751096,0.44440439653047686,0.30202823341387,0.2889956489296658,0.28071632047714723,0.23231917073043384,0.8858403885940545,0.8908995755918668,0.133573414284821,0.24381246719144525,0.08804700693218605,-0.17207774080299099,0.06591314635995604,0.11930773462277025,0.07190489351055382,-0.3654130776445612,-0.3161626278477706,-0.3172847570999675,-0.24342024693959113,-0.3084430492947183,-0.2901258631287499,-0.31774516175453343,-0.2850768041110796,0.17837929921939064,0.12667213937312963,-0.29561206913096183,-0.04978347175024292,0.2698444500101533,-0.14537418910828698,0.03114045889069456,0.20923786608963937,-0.6811885723448899,-0.37988081216486724,0.26710942986719216,-0.21533511742672137,0.14583874659249865,-0.3390075103124395,-0.3750997868203283,-0.3058383389860941,-0.48670451899457967,0.5633001769140168,0.13851292458428424,-0.0037045483322384765,-0.28254805078294315,0.04333903601315733,0.935759689495452,1.0000079530452217,0.36810454156568223,0.11601268482814156,0.45388204815799416,-0.6237032103452993,0.4230646181703222,0.14001234332584991,-0.30099328228882655,-0.5037804458793133,-0.19850117431660963,-0.12955712994966806,-0.07121411248553723,-0.2646673354153941,-0.2665058886043273,-0.2887811233801354,-0.34705054652720463,0.34994599795367926,0.19653218048355547,-0.11441382078274125,-0.258352143586347,0.048185540201281976,-0.41473419964312513,-0.4125606669646704,0.04363531918411673,0.9551390677795633,-0.5233286930555161,-0.16831740670722234,-0.2473991939437338,-0.37277137528246995,0.3478028277194795,-0.28622353064044465,0.5509594384573483,0.10053565064168667,0.31939380857305794,-0.14309983914268234,0.3760592737139298,-0.14981148695464938,0.08551229200302303,0.47697920324232385,-0.20815335945757937,0.2031407820010473,-0.14592248466682972,0.16922782511027795,-0.3983124414218805,-0.4530244722568483,-0.3522621825952156,-0.4050827110017246,-0.28292149926016746,-0.30575997586723763,-0.16744862289802215,0.15343590077506541,-0.19984879360447155,-0.1929523255111193,-0.24972435548348673,-0.25155221121526045,0.06779763279170789,-0.3517448903359068,-0.44166253442234893,-0.4785069649824578,-0.4112253003189917,-0.31302551113195065,-0.22616728752859744,-0.22237532893460543,-0.2853830588994182,-0.3500734517531068
0.3493088039220847,0.36969487520187094,0.34258652645388077,0.3427173340289035,0.2750833131133887,0.2651609320298228,0.2701212774583594,0.2381445318285525,0.20373155780440524,0.1480008749380297,0.3837662464133071,0.23558653215865713,0.12323880667387245,0.28560075011948166,0.1849746091420829,0.2890397716835606,0.271362385551168,0.22618941550397617,0.07353335578284481,0.131357331816367,0.010735423044507706,-0.3717811160191804,-0.29454056696013864,-0.22075122072355938,-0.3937112396813278,-0.3160090053260267,-0.40517067385264227,-0.2863292425500141,0.10993898515757872,0.05798817154630126,-0.22893314874252652,0.03396586739217734,0.09585146210227123,0.15720222339378115,0.2604945007135158,0.46034308024628684,0.05027379906757051,-0.22301153235244459,0.2665122732364934,0.3835692430786882,0.5147265619365118,0.3007145038818447,0.36821145600954225,0.26312693400284437,-0.3266237838801673,0.8379349746679011,0.8456644827397879,0.7425420622276173,0.4255230876032183,0.36609258347773327,0.548539216338476,0.36810454156568223,1.000007953045221,0.7332283793555198,0.9766301132611303,-0.40158092458484446,0.8509063129613218,0.8266697949239813,-0.5860292138255366,-0.286953860772389,-0.2965050254468807,-0.27531999498034987,-0.20574548695944772,-0.36845690262605024,-0.3265770616274833,-0.35925937998996976,-0.3124017081426293,0.6640357253631918,0.5478250817452156,-0.38891251281212835,-0.3365110783437437,0.18767668143780902,-0.20318877613327688,-0.21444278980031825,0.5108319824454427,0.5218896179343472,-0.4447298054824372,0.35553173272188027,-0.16978947024077626,-0.3600756958187453,0.25318618115037417,0.02994100254123456,0.35202409482123154,0.786321902722134,0.3007898386389708,0.4751731928312866,0.32947145641195125,0.4252368095940865,0.1332799063796184,0.7147280283245759,-0.20721580656515295,0.08825428343485299,-0.14910571294118688,0.08246158365683273,-0.3894748206128869,-0.29957846181646974,-0.3985243655800664,-0.30161939451798353,-0.30094655274530413,-0.22268240460539837,-0.16710472361034442,0.07235919253307795,-0.19528881850607913,-0.12529944374922433,-0.22452977610028968,-0.19188943924298474,0.19001902354402553,-0.22383953578721885,-0.32383298392107396,-0.426367170419512,-0.4535548083952239,-0.30835544147652294,-0.20042928606388577,-0.18275561694007225,-0.22265177679935272,-0.2637150517467223
0.3250411893202206,0.3242625399578092,0.29853380752619585,0.33003034477783616,0.21423538766032854,0.20629213682314093,0.2714750266604148,0.21130899730805483,0.19441631920508692,0.14438933684957922,0.38454642066516476,0.17429071237370072,0.07577538029961922,0.27642039151935294,0.21645357332610482,0.26452706112704033,0.2885039771977781,0.2323195408186017,0.13300022455301555,0.16505904585744452,0.25845778690006876,-0.36930127295819265,-0.36630033001442996,-0.35940439459710793,-0.42342795587977655,-0.20957267011881184,-0.46473927252499214,-0.434507832680582,0.2034399328312946,0.13145282279863102,-0.2528439132385584,-0.09294740458862624,0.19795011468881804,0.07650883204072874,0.17452862887358045,0.4210559009664606,0.2493749856941806,0.07169679076095269,0.2855814157467788,0.3703379475373378,0.3589729561075146,0.32291268104476817,0.381183140681925,0.2847343736027432,-0.07902847416131309,0.5285602745117655,0.7506703469839505,0.8893621840570692,0.6268890994926991,0.4260391671470462,0.30280564335205845,0.11601268482814156,0.7332283793555198,1.0000079530452208,0.693089237791582,0.08606349835243525,0.6293698312639876,0.8931346519389998,-0.41970294078143844,0.10115801506214177,-0.20585826625422904,-0.3794266785182494,-0.5629181876998581,-0.41483940859453816,-0.20029902795311222,-0.47203293537833707,-0.4329000074858395,0.8704435014052838,0.8701933378636426,-0.7680479888012722,-0.482855442241587,-0.13631236068227162,-0.1999548540182532,-0.3092346970029768,0.5285778305419219,0.16473312999949485,-0.15242613206247482,0.7613313172997251,-0.33837329567235086,-0.5690766852657245,0.34785703421109676,-0.14240236502834674,0.3395511908625911,0.7157623689028847,0.34100765180447423,0.7977554636807597,0.397545572434653,0.7562510920719517,0.3163548613001053,0.8614802241254514,-0.35258665260250693,0.018972829299557403,-0.29020932173895586,0.13197297288863213,-0.38118961515199956,-0.30967303283955977,-0.4444584700800805,-0.3461953764157401,-0.40227033965356696,-0.26897026507665683,-0.3063012311947615,0.04373111256134119,-0.3034580290899521,-0.09521684935178247,-0.26884158024214966,-0.16314091803945788,0.08544112628304924,-0.29046748240707215,-0.2651059327636176,-0.3861479590723781,-0.4496351894899119,-0.34919314452128325,-0.24151971440499925,-0.18578290369598066,-0.2034250143665832,-0.23001179142582798
0.2737399232504478,0.32869345733896654,0.257220216415187,0.25550065079864626,0.1937675283397706,0.19256738809978394,0.32139950670980133,0.2679100793485055,0.2320304483985514,0.16989823763966402,0.3734765560142016,0.3211696768335351,0.22320384920196076,0.31940916970627603,0.22001045673563138,0.3114466726969455,0.29702865721940397,0.25679740923105826,0.11042934903104949,0.1657798897699671,0.046464091694944955,-0.41277111094872915,-0.3412414582477464,-0.26314539342688836,-0.432003768474527,-0.31420094277491045,-0.43904791709033864,-0.32152105790315655,0.15776113347369258,0.09304098155365412,-0.23945388365539264,-0.004302029029130215,0.12189635676454852,0.10380419618033437,0.21739353124156324,0.41361379553050753,0.016165465262008016,-0.19046341424945623,0.28060832377267814,0.3098022974172769,0.44496682847547087,0.23679426370703582,0.27940598033092834,0.20979616858225295,-0.30619018523746483,0.7800278684547786,0.7347138855726377,0.6445501407036321,0.3140865946921997,0.32134307336413925,0.5937210017977425,0.45388204815799416,0.9766301132611303,0.693089237791582,1.0000079530452217,-0.5024703075689945,0.9357466940083393,0.8352443265458757,-0.7156957212963934,-0.3081176440564726,-0.35729173509270656,-0.3799407340538986,-0.28505005407559353,-0.44756355350602145,-0.35826515368691864,-0.4420983890434321,-0.35348365412626037,0.6874867687733272,0.5302847562384313,-0.3792666984441709,-0.33733538313296874,0.23153747128722538,-0.14215078485604746,-0.20309207737436177,0.4392153830105204,0.5927076624549376,-0.4859753188075732,0.27690211174362106,-0.21781997648599796,-0.35705988286706875,0.2669785845581762,0.051196235680543094,0.3740955610497112,0.6953132191419693,0.32168371188412814,0.40325563967645245,0.35588424639385446,0.3698518839968273,0.19287870236071078,0.7345456866674677,-0.24345976091120702,0.14251045483103514,-0.18199976646935576,0.13803507732028544,-0.4010989685769396,-0.3329676380135215,-0.41725926581842643,-0.34922548604188214,-0.33354695158685826,-0.28497357785227007,-0.19819383848797847,0.11082593052024577,-0.2216144617205064,-0.15360527613356084,-0.2445908717548131,-0.21120731957904018,0.16812270811097862,-0.23785099301542387,-0.34698691103944396,-0.4579356043066674,-0.4969318357200683,-0.35671782606543917,-0.2375503992690611,-0.2094811935036118,-0.24835392402119477,-0.2881209673672454
-0.03090958393307536,-0.22571395385536894,-0.007528290870219336,0.006803388242233965,0.03486922524653712,0.007451183815548901,-0.22538719929175938,-0.18183007196313108,-0.1709094745973281,-0.13372384985986813,-0.11079193003827782,-0.3933437568663659,-0.4150820953107244,-0.18285510477775344,-0.15915774167086535,-0.17732399432391457,-0.1270633645988507,-0.1838501203640006,-0.0904755410064544,-0.17623318294854723,0.24936182344991925,0.37861502886887094,0.3042724196618257,0.16550242220952732,0.38541555406659944,0.3287408087166183,0.3429124015126857,0.18015098350522668,-0.11074431569983499,-0.05699503841030181,0.17871602868369368,-0.031875074821760246,-0.09642442726619371,-0.003458599862589272,-0.11727707449456495,-0.1372671225424448,0.3853843381756799,0.3965412054006164,-0.16341337033294914,-0.07244846741537105,-0.27333251508924816,-0.03520465907545085,-0.014326146911818724,-0.060861011874474714,0.19023762551225923,-0.3794856684014494,-0.14055133319136492,0.024933180076316272,0.08040330172334428,0.0004932463968011143,-0.5107289490913655,-0.6237032103452993,-0.40158092458484446,0.08606349835243525,-0.5024703075689945,1.00000795304522,-0.4961081875179605,-0.07405403396434587,0.5523464226041771,0.7597516750510401,0.5667196365228719,0.34462167553525724,-0.07294196509349474,0.49804271070768885,0.5402594921970801,0.42263349217563495,0.20582942341772348,-0.033628475244269034,0.16924967193996784,-0.21314424364035378,0.06094128481071257,-0.3207745542154341,0.01125709570785181,0.05812956654286846,-0.06006027359695912,-0.7509951615194077,0.7449705907009414,0.23618018882789074,0.11576296591254726,0.005351921143685612,-0.17435918674212847,-0.1873460910498618,-0.2643346548614288,-0.21054728896742578,-0.19155412724550555,0.14387963477665655,-0.2268998672797202,0.15122364621817505,-0.062488040391217116,-0.24115826276404953,0.13137558418047837,-0.35849001712210077,0.09710588359530928,-0.28781274256871187,0.3630566372876366,0.3401756854179393,0.32047842650719033,0.3387729600425904,0.24482757210479145,0.3524639037532768,0.10240945775329426,-0.2988404853056555,0.15904834932520298,0.30942275504257283,0.25162296873162115,0.31814707559641964,-0.14874613800209052,0.22690485684555878,0.4188124052394095,0.47248902246747,0.49097142042544817,0.40317495084135335,0.3094410136046588,0.2977059627736785,0.3397927728478219,0.37280430043060203
0.16094150451034198,0.20088539559883967,0.13486048981817708,0.14334185646303652,0.08353152715416902,0.07692691794590266,0.3017638767028013,0.24027212969524914,0.2145480378931989,0.14926887728249735,0.28250696622875504,0.3138379306534643,0.25019275255889095,0.3118422409979761,0.2242435969424822,0.294552845001014,0.3183604779737287,0.2645103526240428,0.14770215167664694,0.19430553116532748,0.17301585468742448,-0.3821223001028095,-0.3359173399317529,-0.27274324821496515,-0.3937724362847874,-0.20504344545952674,-0.40047822711725545,-0.31426932660256324,0.20179801551628482,0.130758146392065,-0.18918154514020533,-0.07266804942822337,0.1190781571986168,0.021022780308452428,0.10690989700633621,0.27552550917169283,0.042790104097098616,-0.03878605113142533,0.23892479500465325,0.19944353403526147,0.2971025900647564,0.16283167611905647,0.16904003088907066,0.1530778797539108,-0.22923135574092018,0.5716432393963602,0.5243889924682887,0.4832620640433043,0.17290728939566669,0.21460715615517362,0.4975242764153706,0.4230646181703222,0.8509063129613218,0.6293698312639876,0.9357466940083393,-0.4961081875179605,1.0000079530452204,0.8446495809488326,-0.8816178580457529,-0.19419423850730647,-0.36074663732104795,-0.5326213884669927,-0.4517890430480221,-0.505774417324008,-0.295106093332942,-0.5317857154546608,-0.4197707403874654,0.7221657503465538,0.5223460967362179,-0.393863325101486,-0.3460613050733423,0.2853358691536002,-0.02372603823896361,-0.1759958215309139,0.2885369283119649,0.5355409228491439,-0.4198756098745979,0.17141419693666668,-0.25229678379178544,-0.3496139755222272,0.22509088797644933,0.08562392377443212,0.3043175019098395,0.5032723675501124,0.2801892962854627,0.29606240845541537,0.31548317866315423,0.28553966851972556,0.25725160486756016,0.7083848113014917,-0.25144030504918696,0.22193181654144886,-0.1978795744965401,0.2248517570837049,-0.33863992243952495,-0.35645226549113657,-0.3631683420220045,-0.4034641443303743,-0.3163805499348443,-0.3694207359687034,-0.20896755396968045,0.1671089256483961,-0.21905445619409347,-0.17913357099055915,-0.2278843720284309,-0.20642567458490607,0.08644996895921142,-0.25046127586738354,-0.3229640978387843,-0.43679111905811024,-0.48538391550537846,-0.36919234769930914,-0.2463754933636638,-0.20564962148591395,-0.23988349915370505,-0.27379467101551447
0.2909206883134366,0.20625606632767057,0.24846981557023964,0.27900657622018515,0.17576160121033463,0.1544917097305731,0.2468510842754711,0.2125830078631581,0.1899756105303178,0.13311797155613905,0.300654787151003,0.13654833311431097,0.051834373588514324,0.2873977218966808,0.1999906612061681,0.2742364771322366,0.2814872294488002,0.23175285460304917,0.12602620283878163,0.15090192578352832,0.20518035892034103,-0.35290483156084335,-0.32299388601581025,-0.29704436975330006,-0.4055067736054077,-0.23075782711221698,-0.42946647407577415,-0.34497069165569816,0.17372132977018326,0.11184497490384074,-0.20302063138980156,-0.05472288081615366,0.12039306135368272,0.0731161639019136,0.17146316614366977,0.3144979144362097,0.21257506252459576,-0.0027487814130550694,0.24236513537348534,0.3473722654641107,0.35848218267606474,0.3233555659803085,0.33029563759399844,0.2979700580476101,-0.13745468326812224,0.5069578022766269,0.6606159694628885,0.7366121378999634,0.43661942774228574,0.2951631790669252,0.28948539299721876,0.14001234332584991,0.8266697949239813,0.8931346519389998,0.8352443265458757,-0.07405403396434587,0.8446495809488326,1.0000079530452208,-0.6670237126462397,0.0017533624767235294,-0.2445555458471864,-0.4505228132362037,-0.5113053290172438,-0.44504098101104045,-0.2328724210191669,-0.49073111507074463,-0.39331903127938245,0.8344576582930329,0.7551887072189235,-0.6188783209934985,-0.38004901247909045,0.19371742343447856,0.020296050883914053,-0.12742273440547053,0.3916756793045368,0.23875228974381643,-0.2610374516705134,0.47659085176136995,-0.24905944415552556,-0.37855464983663745,0.23903819683692518,0.11132038203911518,0.2624997161847998,0.6359253220662281,0.2806881695686563,0.5735184589875628,0.3152068827365862,0.5418956883132482,0.24839331272291928,0.758859692216834,-0.29242890843791675,0.1542157646124642,-0.24657558187772666,0.1974001212436607,-0.3495816444867333,-0.28329509539086944,-0.3949820932678827,-0.34047795756672383,-0.3543960380460284,-0.3143443010114359,-0.25622162894491624,0.1528080193384704,-0.26740001726340407,-0.17782884908644958,-0.264667703413997,-0.2146966395284028,0.13339309998279297,-0.22014153383062118,-0.2772914241632228,-0.3870326608918401,-0.4587392084380656,-0.35597714271926706,-0.253923981813674,-0.21907388054946772,-0.23939464862543236,-0.2570803140801393
-0.12239315861551821,-0.10013976871712936,-0.08968940007835524,-0.12278257744693942,-0.04434379777119528,-0.029323275551338266,-0.2439500497741019,-0.20249617969235262,-0.18828050230853544,-0.1318717041914254,-0.19611686282277316,-0.21759716870314863,-0.1927611905053541,-0.2713677352814541,-0.2091344681160952,-0.2548463976543218,-0.30555336692741863,-0.2476158002143002,-0.14852493218114166,-0.2137257793423885,-0.21131229737075427,0.34454109785672765,0.32310331920842655,0.26569393519407114,0.38285847966085357,0.11941132302465671,0.3932333337503951,0.30371856437133155,-0.20772051853068413,-0.13455616964831638,0.15962679715673486,0.0988766932989208,-0.11491348634786659,0.013631317836983917,-0.05627136597823294,-0.17550666620814206,-0.04665070948597636,-0.013001074026904067,-0.2081056511897607,-0.15963719336327664,-0.19160916626181113,-0.16046962923590158,-0.15892279687658478,-0.14688544514071808,0.00992537491731786,-0.28401183825306453,-0.27904864938646806,-0.2954811605590302,-0.14306189858723486,-0.14069208619545218,-0.29511797149716884,-0.30099328228882655,-0.5860292138255366,-0.41970294078143844,-0.7156957212963934,0.5523464226041771,-0.8816178580457529,-0.6670237126462397,1.0000079530452215,0.2145135565812169,0.47740743512590267,0.7781105025737739,0.549051613468129,0.660183868762496,0.31855795380538143,0.6952910971273373,0.4086804979479151,-0.5256168846893227,-0.27314401008755634,0.19601340920056318,0.19045052231168674,-0.2849149651696016,-0.17558485347226055,0.01371027568491579,-0.1880979041785447,-0.413856007894109,0.4637462960180007,-0.10601880135565228,0.2581263166265428,0.16780453008706916,-0.19202401885919465,-0.22960445682254407,-0.22498393086306767,-0.34492598509507344,-0.24374931100569128,-0.22303744900990471,-0.2770995531367089,-0.23250021260125778,-0.27155349764020514,-0.5720743820050344,0.2527593468991262,-0.43663450555948896,0.21473968033799257,-0.444536125711632,0.3242459831905097,0.360133343579752,0.3499273602523857,0.44967630921101787,0.32340207162276796,0.5143674083932066,0.21996170427019154,-0.37167096079000017,0.23935187551237055,0.3239213230588528,0.26749802584495336,0.29130833538873074,-0.053215099986070276,0.239103821814189,0.34529728375199675,0.4622106637159886,0.5459615448730358,0.4633336163625807,0.3403758517943193,0.2925049519483849,0.3154872609442097,0.32834985635433916
-0.09048988936947969,-0.3252701190103301,-0.04285149971545568,-0.03974278922401033,0.032099099217952023,0.009283948236921828,-0.145017524401243,-0.14919740116152597,-0.16177652257678524,-0.156137321873993,-0.035664593006312896,-0.3110808435018501,-0.3583077572314377,-0.05886008438703405,-0.13132466081772234,-0.05152126013463873,0.22904101734086996,-0.050210244741368794,-0.06332714629096792,-0.07583123762830447,0.7025671355536598,0.3731482796650852,0.3525075076976874,0.27580549063675275,0.5767442876174429,0.6846046795849113,0.5209405743838715,0.23884113562328715,-0.053821002546551894,-0.03476872285250957,0.23982117561429192,-0.0781052768086566,-0.13706985811024386,-0.011257997394785559,-0.22091130211607407,-0.12392672511371296,0.5995283643027741,0.814974546766395,-0.16402806158878966,-0.17998724619069462,-0.426029318747565,-0.14214816021937904,-0.0960651448190621,-0.1707081950209451,0.19223628697053785,-0.3322433026329064,-0.1802090446973953,-0.041045818375637186,-0.053649634188610365,0.04843139784881132,-0.3884056528730566,-0.5037804458793133,-0.286953860772389,0.10115801506214177,-0.3081176440564726,0.7597516750510401,-0.19419423850730647,0.0017533624767235294,0.2145135565812169,1.000007953045222,0.5921096208864663,0.14122382915917836,-0.41020078140812666,0.49928741352878103,0.7608339078343954,0.3703758393440992,0.03435915871559346,0.15495964894562203,0.2620663763085637,-0.34183645993289286,-0.12360339904102391,-0.35629978580932864,-0.03279056026193983,-0.10038024039033228,-0.054251066923834045,-0.6551244186958682,0.9345378653741361,0.16898551873761317,0.08051461061596032,-0.20498427241632988,-0.23128930611488416,-0.34219759003753014,-0.26600322839198476,-0.27556833233961936,-0.18306624047048703,0.09715142488205056,-0.22973570958489103,0.1410313269565536,0.12978548982824883,-0.10859595124454154,0.2718751745511645,-0.44919020373832996,0.29050538051112196,-0.3630954103362494,0.5688527620988587,0.31966950169935787,0.498837844663254,0.2830478345695434,0.4307405174085222,0.34297935007723557,0.26268718470956426,-0.474098484153642,0.35775010691920534,0.5477904314370604,0.5054362975906411,0.5847835251816179,-0.33556364392169735,0.20565243730391553,0.5978385296392095,0.6002544152400049,0.6347362515715708,0.5912701086400772,0.5669700814061231,0.5930386134500655,0.608159835414113,0.6051968228502831
-0.152267445870136,-0.1045528890361934,-0.1060783760395467,-0.13501491058167778,-0.04158412680652074,-0.049778910879093474,-0.2347566627834491,-0.20059442870362587,-0.19186307041530593,-0.15271520264354652,-0.19593152294800423,-0.1716519352054185,-0.1659060961402911,-0.2448621478756276,-0.20858409158057872,-0.23332722952758364,-0.3181734452864799,-0.27487007201603186,-0.13203841697742272,-0.3243680609693717,-0.019193231563782224,0.528082927899661,0.49773797104759937,0.39270368124248556,0.7251244287105878,0.502698932365465,0.6277871752819246,0.34304822363818926,-0.19912953821827856,-0.10669053415117692,0.2254000276312841,0.029831061562196667,-0.1270146337164787,-0.03533306619084893,-0.16185004533838768,-0.17463166278520978,-0.004259776520218766,0.23193704534912285,-0.23028570394871842,-0.17865118039244654,-0.15606311443568577,-0.17334924859012568,-0.17829464870182227,-0.16003724255621785,-0.1396339107603915,-0.13534509525716124,-0.1997281015695173,-0.2639561931126971,-0.24362282721591144,-0.17235714755935774,-0.16413989850920244,-0.19850117431660963,-0.2965050254468807,-0.20585826625422904,-0.35729173509270656,0.5667196365228719,-0.36074663732104795,-0.2445555458471864,0.47740743512590267,0.5921096208864663,1.0000079530452224,0.7026369979766345,0.0486175286521146,0.8797260658011298,0.9086067636413803,0.6543156961458301,-0.10298096275750618,-0.02101242599647331,0.11404389057443128,-0.21238446208896575,-0.3029240275762923,-0.034170837021987456,-0.1889393164958016,-0.26318510649970706,-0.20368130958432165,-0.29003411052233175,0.696764217868093,-0.23654193536763096,0.23330733727132033,-0.1998443911090681,-0.20471627652403926,-0.24863099595224744,-0.22529210151288417,-0.30140332506104,-0.26327067142643235,-0.2945285766877095,-0.2979094163756886,-0.3035347230167989,-0.2633257662451667,-0.3217787101325757,0.3537890361528029,-0.23780941501264394,0.36843509570940347,-0.31843761083158995,0.38857750941589425,0.07476366048443953,0.4547263191142653,0.11394832705459196,0.46701822412912064,0.24813530483963686,0.3067823951297178,-0.28276792594009414,0.336828882787649,0.3373192856381277,0.3685564987658015,0.33564511808008124,-0.19269311807432482,-0.06106422492578097,0.2993986717046403,0.40547654581802967,0.6180094172822029,0.64166238997096,0.592367300924639,0.4980219885660707,0.42107735669118834,0.3569183092337726
-0.13193438651852968,-0.04527677146709481,-0.09192603607391633,-0.12574137211536135,-0.040323484262108404,-0.045565766243853535,-0.24681899725395073,-0.2013172493362366,-0.19898981173332903,-0.15263599614502094,-0.20893785009648982,-0.16605172229105183,-0.14976814917897804,-0.25102595683873197,-0.2373459998564242,-0.23312093727420258,-0.3348125197036172,-0.252560877957292,-0.16290052484912595,-0.27263805256506335,-0.31983976514571916,0.379981660207485,0.4008303898624537,0.3505796608487457,0.47835581357766405,0.09528278610255961,0.47938531070097384,0.3743744100443309,-0.25589169699773034,-0.16582018943757473,0.2130741307551549,0.1318473338950688,-0.15134023008314762,-0.000574719731064027,-0.05967744787280814,-0.16493033203532045,-0.1434002402365816,-0.12428628976972826,-0.24529509316645676,-0.14224648144829627,-0.05307506761644167,-0.14948513955923062,-0.16034257932522608,-0.11764526158130559,-0.2142947985650045,-0.04620040346003605,-0.1432662743498263,-0.28622047198553835,-0.23326605170935633,-0.18677611974210145,-0.11625157074597366,-0.12955712994966806,-0.27531999498034987,-0.3794266785182494,-0.3799407340538986,0.34462167553525724,-0.5326213884669927,-0.4505228132362037,0.7781105025737739,0.14122382915917836,0.7026369979766345,1.0000079530452217,0.6157946472152198,0.8556204975778122,0.44959113763184055,0.8222500122743326,0.21615314388156795,-0.3364132594232287,-0.13696137121492905,0.06970907745689141,-0.08258937215312595,0.012941222599281151,-0.23704507159867974,-0.1402246960991868,-0.19973873734296702,-0.1750505207479345,0.4064523015539482,-0.32306371032647613,0.3227591291083223,0.02995946682425308,-0.21846191425950365,-0.17481732152024554,-0.22117683594721196,-0.25400619527081636,-0.28113936454470045,-0.37753515631621193,-0.31597921922088795,-0.40769448329639973,-0.37244213862394104,-0.5109480389522874,0.32665563295341443,-0.41247872271516606,0.29736211186193434,-0.5246765114451718,0.299224067703199,0.21364879756483235,0.37906415613895944,0.32479601450114776,0.39336822826854856,0.47731408424629873,0.27968592964473404,-0.39930555998101175,0.2856866496617377,0.3382020196089191,0.28538836132951817,0.2722965178822968,-0.02549543126306507,0.08995412139491296,0.25743218160260334,0.39785510416246056,0.5737070463730344,0.5640048969464626,0.46124836065047825,0.36430899667047456,0.32756471964508665,0.29132652254331803
-0.06622904011799231,-0.06883243835322735,-0.07328920450180479,-0.10537235118179614,-0.06435854798950337,-0.09978860562973701,-0.30697018183536295,-0.21594917417301915,-0.22273233596052394,-0.17950538077445524,-0.3385451394247303,-0.21926270724817787,-0.17341970766625278,-0.2553668421777331,-0.2960860195808969,-0.2356327582882793,-0.318390045692458,-0.24351242550161514,-0.2170053544702468,-0.2295216041178474,-0.5598643121071057,0.30588001844419377,0.3824293364788691,0.3680205051378446,0.19172388430947834,-0.22398977556661315,0.2828699456362219,0.44818114242874874,-0.34554569997383555,-0.2503927076503625,0.2826155488639469,0.2403464896496176,-0.2565726864036075,0.027457023566889706,0.027637783030851334,-0.2720199841677319,-0.28944909709100214,-0.5069559852575873,-0.32040718284190817,-0.010588949342239456,0.1410844587400985,-0.0014717220313492936,-0.09447950277607989,0.05397489503677691,-0.2975532723481393,-0.023446706542090946,-0.13014576497380817,-0.33083480111418007,-0.21918422737300142,-0.3375941494833085,-0.12445100721958871,-0.07121411248553723,-0.20574548695944772,-0.5629181876998581,-0.28505005407559353,-0.07294196509349474,-0.4517890430480221,-0.5113053290172438,0.549051613468129,-0.41020078140812666,0.0486175286521146,0.6157946472152198,1.0000079530452193,0.3971436339222268,-0.148482519826373,0.5670410604674356,0.5175728884367974,-0.6807926644496269,-0.5980671590646381,0.6627108739472819,0.42047080470184006,0.2847706742685221,-0.06072405079164974,0.23501338861169427,-0.30268855204713346,-0.009964482388287255,-0.14935657199690466,-0.4914681082574439,0.4729508081590847,0.5098574267681883,-0.3256446831807287,0.21194285614893718,-0.30808105666052926,-0.1984054492975212,-0.37211031671998207,-0.5021270693268003,-0.4177673679751365,-0.5583207096569932,-0.5539442594277674,-0.6476222558521375,0.297260200557371,-0.08122494488547485,0.17259935670156937,-0.2405538006093743,0.11599017826166423,0.2399214820235933,0.24699988338649853,0.3602583107458726,0.25775392765083427,0.35663651677655894,0.2056562212424386,-0.012856310328272624,0.13435183812380333,-0.08074484614693196,0.010994728864082511,-0.10780840110963784,0.2008292351689198,0.2107742610805483,0.01934779157851167,0.18213995767780997,0.26437804150965677,0.19880340840237476,0.04394009635032123,-0.0699175362001115,-0.05363760933407705,-0.024843793186044485
-0.13884202011630548,-0.19677110782062018,-0.09580880669346892,-0.14431235088836097,-0.023994465046746582,-0.03528326863468032,-0.32212905988437746,-0.26256485319666983,-0.2664073813270332,-0.23349334601044794,-0.2830031836609895,-0.275593601538548,-0.266906994256423,-0.2609193549675909,-0.30942043454287604,-0.233696043148731,-0.2216926606432209,-0.27355784154708196,-0.22000040913493987,-0.33785303093513275,-0.03113490819494037,0.49108741754485763,0.5757874522700444,0.5658693957521451,0.7639023576780047,0.4235659694530153,0.7433782466210703,0.5579481776109584,-0.3362752889779076,-0.23470054433227908,0.296050985092458,0.21228584277994958,-0.26361298130558997,0.04407482662338665,-0.07085212265905601,-0.2620698352206314,0.05464719347730069,0.1784323533804107,-0.3404786496022765,-0.17894287252772922,-0.1700018843031252,-0.17641325011706252,-0.1981373889952546,-0.15716557012212012,-0.18373527897985634,-0.16761928435254514,-0.2537438546820006,-0.3756675867419568,-0.3187483509876081,-0.25033006764285937,-0.23526218582969877,-0.2646673354153941,-0.36845690262605024,-0.41483940859453816,-0.44756355350602145,0.49804271070768885,-0.505774417324008,-0.44504098101104045,0.660183868762496,0.49928741352878103,0.8797260658011298,0.8556204975778122,0.3971436339222268,1.0000079530452208,0.7818201996845717,0.9288021759450534,0.2814799573940889,-0.3257002187641716,-0.15933874783429494,0.09069092750766916,-0.005926347655138604,-0.005117742714017578,-0.16399115304292552,-0.051934144692681254,-0.28494222622408255,-0.35302685250291505,0.7158746415521237,-0.3726566031759919,0.46131711750963056,0.08081395799988524,-0.375810117560421,-0.17483892139850055,-0.3643816961406937,-0.38072171691585793,-0.3944139417444522,-0.4333284156802198,-0.45965581123267957,-0.44417701749354804,-0.38815134625211756,-0.5911225018616164,0.5456500224939816,-0.48917312874156244,0.5458810986969297,-0.614656986349191,0.5565066328318938,0.3871116026884221,0.6240275152868306,0.4651285524619491,0.6466185441006909,0.5945115502554358,0.4900060272379553,-0.5077255638580171,0.5045767200668041,0.5255537162632644,0.5266503729375493,0.5043257682521225,-0.0627926310947712,0.24576157858245162,0.5170970451723701,0.6593968223593206,0.8406030002097706,0.844153529509947,0.7533841966773269,0.6422281253254553,0.5921670309800521,0.5511836130530662
-0.14778686793648033,-0.18643391307155174,-0.10035093939825174,-0.13187242969640503,-0.02909889351173992,-0.032391650426920084,-0.23222769250360892,-0.20427093434689017,-0.20532523113615023,-0.16711348064250467,-0.18390948013922226,-0.21608151910445006,-0.22079213125246808,-0.22748361384258498,-0.22289692739847958,-0.21848038809491932,-0.1426184768142861,-0.25752141795630457,-0.16517852305908928,-0.29603335968607053,0.26998861138683655,0.5851142493734083,0.5721167066360503,0.49509657690909087,0.8521430695075288,0.776445778660136,0.7395169489640061,0.39088569625888214,-0.20414369800033372,-0.12619264281117812,0.25104740443975904,0.027162309129323856,-0.15554370982525728,-0.015976934317983027,-0.19760374061912922,-0.19196931513491955,0.15837004872819396,0.49617256726600767,-0.2400982628588971,-0.19644704891727124,-0.24462592793340326,-0.18015076653735265,-0.18295506872660128,-0.17204092665312348,-0.0650834094485741,-0.21419018813274987,-0.24723012018912344,-0.2770988689219787,-0.2469592412802835,-0.15480695710501582,-0.2279661452808148,-0.2665058886043273,-0.3265770616274833,-0.20029902795311222,-0.35826515368691864,0.5402594921970801,-0.295106093332942,-0.2328724210191669,0.31855795380538143,0.7608339078343954,0.9086067636413803,0.44959113763184055,-0.148482519826373,0.7818201996845717,1.0000079530452222,0.5455543948598737,-0.1344430010502481,0.005073772505006325,0.09324594288187964,-0.19697921649473277,-0.2814713619726881,-0.09248131175320098,-0.14798295456365942,-0.25291738609244446,-0.20890661827532006,-0.37165869642094285,0.8076283267593741,-0.20438507422696459,0.2376704017583147,-0.2205929169829651,-0.25173534309389706,-0.27708334477336993,-0.2639821393489588,-0.3466030488707804,-0.27556763705982074,-0.26392600982676057,-0.3216900753706965,-0.2549171991825639,-0.1813156024795838,-0.289741255047204,0.4513098981438258,-0.2093810016451134,0.48169062027193643,-0.25111203659480985,0.5081696464890036,0.09975730590497638,0.5581121758589419,0.10296740922116299,0.5737061162053961,0.2040693234734672,0.40271710894764007,-0.2806440956517321,0.4396390184471087,0.39092497205346555,0.485042319430647,0.4377754829757594,-0.28508816774557716,-0.03314237822710022,0.40277794449615356,0.47962422007845845,0.6727358512031315,0.6928552282857298,0.6690865818544259,0.6022475591628746,0.5280143013344143,0.4639610169716665
-0.07929474408979574,-0.23589225897879298,-0.0485214753438175,-0.10612273622318769,0.014437199216589881,0.008227711894674626,-0.31976859299504584,-0.24903413854999462,-0.2582840006724567,-0.24388711039369745,-0.2839517105023698,-0.30813387402544434,-0.3029832640212012,-0.20801015717002505,-0.3089262445092207,-0.17023033156782566,-0.12144939095983394,-0.20743357589674305,-0.2289264210680907,-0.28436366849448835,-0.04587064317471234,0.31842295451442026,0.48109850325451003,0.5554485300521488,0.6146976047004902,0.22892559936398255,0.6599435969194033,0.6028586431201617,-0.3678006261827903,-0.27975055312077735,0.25849533259781604,0.33426857960809403,-0.31832275953457667,0.12360046376242988,0.0556362434366313,-0.2664835922881389,0.10945684947895024,0.09177987699066517,-0.34168202825496835,-0.13294608540064315,-0.1553697350473969,-0.1390875565647969,-0.1624078061557313,-0.13016582554862013,-0.15885889221035832,-0.1667015313845602,-0.24701428739294312,-0.37826359095619927,-0.31065121730311,-0.24896389613779024,-0.25649626078164595,-0.2887811233801354,-0.35925937998996976,-0.47203293537833707,-0.4420983890434321,0.42263349217563495,-0.5317857154546608,-0.49073111507074463,0.6952910971273373,0.3703758393440992,0.6543156961458301,0.8222500122743326,0.5670410604674356,0.9288021759450534,0.5455543948598737,1.0000079530452213,0.5848217608559194,-0.49349937774421904,-0.3228150480618675,0.29340611865941063,0.27038397379702467,0.0033031205667368047,-0.07755845011279322,0.18045871827201618,-0.2786641785363714,-0.3687888019342099,0.6289261475391517,-0.38137746652221416,0.5526266866834887,0.3193620406913955,-0.43303567929007475,-0.06620512114691987,-0.3956274689951995,-0.3618838901977123,-0.4035629973839557,-0.4321173018170311,-0.48260597125111626,-0.436978961265321,-0.40004817631263506,-0.6923727282572326,0.5721974267293046,-0.6523393017024232,0.5723344771445903,-0.788305232630396,0.5904985165928411,0.6278979281343045,0.6267175205664554,0.7180560741769805,0.6498231911288808,0.8151680528637388,0.5336756867760644,-0.639509335128261,0.5407728841886948,0.6232554276212701,0.5663761870932111,0.5820586080987062,0.08989697390931206,0.5120549891397098,0.637778907848267,0.7764985122481132,0.8799320944288682,0.8692568034188477,0.7632572427020745,0.6608379118412414,0.6480633315266439,0.639621431475454
0.08130905740261841,-0.28912050422946395,0.07320387052878234,0.03140623014696019,0.10266154409458919,0.12242541954168763,-0.1447327872555698,-0.07724640777515908,-0.09465696185148682,-0.11030760994795598,-0.11412355325896706,-0.29693216326769206,-0.3117519584180969,-0.013670586536361615,-0.13115868227312166,0.017658789512039263,0.09854782716348183,-0.014558233663377005,-0.13120314808896902,-0.08322962833478624,-0.008793156346703414,-0.1267143208426084,0.06797168349643867,0.2123846052039797,0.02643036503043997,-0.2113205115972236,0.14685987748672408,0.3448358611869261,-0.22062732966105836,-0.19267841568806415,0.013660363617269342,0.36792379341723874,-0.2508410121697858,0.23769522506843493,0.28601718277058624,-0.14212289437880865,0.2521418627146393,-0.07194097170585591,-0.13222101913252735,-0.00981340709501951,-0.17531000096353663,-0.020011818598936623,-0.01658218978272459,-0.06521994182698294,0.15979283481019133,-0.2470807851628817,-0.2484886524843591,-0.2827773332243096,-0.17295922825252008,-0.09172371270485309,-0.31284226362446677,-0.34705054652720463,-0.3124017081426293,-0.4329000074858395,-0.35348365412626037,0.20582942341772348,-0.4197707403874654,-0.39331903127938245,0.4086804979479151,0.03435915871559346,-0.10298096275750618,0.21615314388156795,0.5175728884367974,0.2814799573940889,-0.1344430010502481,0.5848217608559194,1.0000079530452213,-0.7061157175268316,-0.6280130951163169,0.6695252606286597,0.8904391019042251,-0.020986095288978213,0.3459774234527235,0.7705836292756698,-0.13171176936418835,-0.3918819641253341,0.21520682267396288,-0.20760031621909367,0.42130152604778237,0.8240383848291485,-0.3324216715979479,0.291805007700342,-0.2678764528746551,-0.226242248160796,-0.18737724765460287,-0.20950972438675253,-0.26731625374223444,-0.16944908291962485,-0.18431145569354185,-0.6477163976497531,0.28390896125606235,-0.5811630009858415,0.28693089546828543,-0.6431630809408019,0.39844186503630774,0.9101860783327629,0.3128897517043299,0.9377192320327191,0.2971811079301361,0.8320660844934021,0.30647841351824134,-0.5073838843188775,0.3159186148296874,0.48283092281244544,0.3661219865296577,0.4650272446204879,0.3353981928684996,0.9241999852509263,0.6360103750547933,0.6836227837289911,0.52920232736074,0.46060268558625417,0.36500182363877,0.3432328258217324,0.44006018747769626,0.5336677084927409
0.10483498603213147,0.2985949644769757,0.09012331954644955,0.09465077015896076,0.03294684925454148,0.034593403511750685,0.2588431464556352,0.1688332097533138,0.17184029119480015,0.13110315468258288,0.2664332696559891,0.34564583821684214,0.2941712137129941,0.2007784992222615,0.210656969929314,0.17961679054957322,0.1733311421010803,0.1765725093020146,0.16604055977177792,0.14947235015200128,0.2502640819170164,-0.23486593174705625,-0.28907608174830013,-0.31436785308329096,-0.2553366103627136,-0.012869104534529944,-0.32121734298443577,-0.3964199854465704,0.2425730435391243,0.18072292551765415,-0.17582554702151065,-0.20224199346554247,0.21495149368648586,-0.06072579681121468,-0.02114660055409676,0.2793479799404579,0.032281789484011184,0.16432845007826755,0.22408458062942135,0.15726735965789312,0.24952717638035188,0.11314389043710651,0.12655732040102327,0.11434390048747804,-0.2453074515057313,0.4953882991408277,0.5500469401008498,0.6280362932801146,0.30713755785514474,0.2503012967965389,0.44672865960594893,0.34994599795367926,0.6640357253631918,0.8704435014052838,0.6874867687733272,-0.033628475244269034,0.7221657503465538,0.8344576582930329,-0.5256168846893227,0.15495964894562203,-0.02101242599647331,-0.3364132594232287,-0.6807926644496269,-0.3257002187641716,0.005073772505006325,-0.49349937774421904,-0.7061157175268316,1.0000079530452222,0.9473312327173401,-0.8746105218523406,-0.728542579575808,-0.028401839565226985,-0.30744444728741044,-0.562114029242966,0.3160458870719935,0.36599089183229094,-0.10407163427593093,0.4742358207824167,-0.37902236472470396,-0.7846534487649901,0.33125042182737147,-0.280290683315132,0.33364956255421213,0.47427255568102267,0.28176763412789213,0.5046528271541173,0.349504341881687,0.4741530635990001,0.30593835015483145,0.8840573782520762,-0.31261245251296055,0.14699128852221843,-0.25294707861810467,0.23341950265318714,-0.33811745687376704,-0.5406466327618351,-0.35496700135041076,-0.5746153552888613,-0.3285375398330802,-0.4454139534788712,-0.27751966619083707,0.11084177057667349,-0.2635617639296215,-0.13543408573564056,-0.23664836890903632,-0.18468533082812658,-0.08976532289800966,-0.5175335621804636,-0.3529510732856115,-0.45641789846993885,-0.4252588970937793,-0.31726368453737036,-0.1953027807486685,-0.14643705996189316,-0.20431166646638585,-0.2705942618101115
0.16232696514466924,0.2677781840216573,0.13777681288558724,0.1428388063877361,0.07383810899563581,0.07162545413561185,0.17681202950948888,0.11380834497987034,0.12299328339188552,0.09217529675717795,0.20383177505242545,0.22158642490133065,0.17361180050253808,0.14500182786907112,0.15897011022528354,0.13078637844580407,0.12479148498595607,0.1247203030744842,0.12585314175725018,0.09409925805730442,0.2373952182293051,-0.18216721075160885,-0.2311412673909564,-0.2662648889595929,-0.1841243846931223,0.0009415781956597167,-0.25129946722922,-0.34197280122920215,0.18582051231168295,0.14007956594303136,-0.16042722107660914,-0.15546277394754865,0.1803863365506873,-0.014565609707384419,0.01732153783056824,0.23434267007609597,0.09275203519708078,0.183324514933343,0.18171639585576604,0.22059107894017035,0.2614501923518781,0.19013021178142195,0.18198528994739066,0.19574932350863652,-0.1987641365429083,0.40112258135824685,0.5122363185629457,0.6279642482350443,0.3454525379515088,0.20684667766989057,0.3052497590863207,0.19653218048355547,0.5478250817452156,0.8701933378636426,0.5302847562384313,0.16924967193996784,0.5223460967362179,0.7551887072189235,-0.27314401008755634,0.2620663763085637,0.11404389057443128,-0.13696137121492905,-0.5980671590646381,-0.15933874783429494,0.09324594288187964,-0.3228150480618675,-0.6280130951163169,0.9473312327173401,1.0000079530452215,-0.9565004612502751,-0.7556820611366185,-0.05942725261980303,-0.27754587995724406,-0.5392999868291412,0.2826504479252827,0.1938246917515564,0.04753409422464103,0.5348694646899296,-0.31458267647356386,-0.7729782963022283,0.28811771634007155,-0.2689639898483097,0.25149466480326976,0.4421157070892188,0.228408787830396,0.5354112466401876,0.28925422343562773,0.4985776475269269,0.25285264529833,0.776712399122669,-0.26506759729537754,0.0002970177709088551,-0.20707141552136937,0.09459596910458004,-0.26960127979987253,-0.4321905432255707,-0.29112190541028266,-0.4540311326984998,-0.2658607889960398,-0.30259417852181325,-0.23392621565611194,-0.008758933079208001,-0.21624585609384603,-0.03765499673073811,-0.17742321673599928,-0.10548769967220971,-0.063852344891947,-0.4575838711828058,-0.2513661110029426,-0.33042740677103605,-0.2909772483131401,-0.19441957125459428,-0.09652729389444457,-0.05982135310830368,-0.11440093690311165,-0.17814287915200014
-0.14565822761067482,-0.24828198585709454,-0.1355540198028018,-0.1583817386879837,-0.08692077101972615,-0.09400286512061741,-0.17554848651166813,-0.11015066349251779,-0.12101935480548122,-0.1026954831353258,-0.2275389110702845,-0.17833252912249403,-0.135065279414347,-0.12852767076562474,-0.1663376176658338,-0.11300873921160651,-0.11953121300543385,-0.11358145913420047,-0.1284213255044938,-0.09305137148294929,-0.28437831267839603,0.15803630963661813,0.23383831522019088,0.28303227476602527,0.12762329491183427,-0.08437361321522316,0.2179455529377471,0.37591766081553296,-0.20616335655433882,-0.15548403854183326,0.18819710995283517,0.18696327162807874,-0.22643648716854148,0.02291080650345302,0.0022579416202065067,-0.25087128128536296,-0.13541060069803504,-0.26899370994627836,-0.20710008560930315,-0.17824575781543084,-0.16481887302815648,-0.16028440671368513,-0.18775635475069732,-0.15349056647132578,0.015410667212290553,-0.259753660863122,-0.38164640746123996,-0.5312665449145774,-0.33503423231769036,-0.24191762894433025,-0.20600859978505695,-0.11441382078274125,-0.38891251281212835,-0.7680479888012722,-0.3792666984441709,-0.21314424364035378,-0.393863325101486,-0.6188783209934985,0.19601340920056318,-0.34183645993289286,-0.21238446208896575,0.06970907745689141,0.6627108739472819,0.09069092750766916,-0.19697921649473277,0.29340611865941063,0.6695252606286597,-0.8746105218523406,-0.9565004612502751,1.000007953045221,0.8177809340778759,0.1524487946757906,0.21224574992029735,0.5525879780865309,-0.2931433852539693,-0.09078255970160778,-0.15303026789219953,-0.5521987410231379,0.36655189225143964,0.7917284960451533,-0.3279002602036497,0.29303007151960025,-0.25659987374382026,-0.3649163965383241,-0.25828769231681503,-0.5374067788497418,-0.3236366194858607,-0.5208054327013997,-0.3121922926779302,-0.7050728794779018,0.27169121163274745,0.03599009580318616,0.19391422400489328,-0.07809849225518742,0.23143277014665123,0.4177518422197151,0.27170937502459025,0.4535457639811601,0.2496443667768308,0.2983446202087216,0.22917468239643354,0.05751538759408231,0.19382559728270377,-0.03005715301401239,0.12659651339001332,0.033338392419923916,0.12512240356589863,0.4721594032134646,0.19417258001280124,0.2786788881067924,0.2344357380368714,0.14113393111599823,0.03322957359340059,-0.014671249863793409,0.045077254234752125,0.11543451550209055
-0.02518540547313702,-0.2890172640453124,-0.02588995467963518,-0.047762529707200775,0.016544897343168292,0.029338517069859023,-0.07595466709688084,-0.026519190677876253,-0.04418518242953417,-0.0511995187869476,-0.07951890811613954,-0.20273839297775836,-0.20425299411383016,-0.00018452320737434764,-0.07635076181649969,0.01338335071870672,0.0570044087190121,-0.008509649366722619,-0.08383979242674883,-0.04057922486287142,-0.06468708134329766,-0.09788437476156148,0.030650528126715756,0.12103293382713275,-0.07965741880875325,-0.22677682813803465,0.02752590182344482,0.24248346300327933,-0.1400730934107507,-0.12065655257751708,0.02106035120252696,0.24209352346294297,-0.1840401322924229,0.12557627769321905,0.1768499781320097,-0.1348778446170034,0.1441196716837629,-0.13810944276361126,-0.08682306101295198,-0.1081833013603467,-0.23454166797541623,-0.10941034568089221,-0.09285231579134678,-0.15444772466019877,0.201646345321261,-0.28244794625482206,-0.308309460205791,-0.33624741824259535,-0.2088272337002284,-0.07415024479123929,-0.264215963547285,-0.258352143586347,-0.3365110783437437,-0.482855442241587,-0.33733538313296874,0.06094128481071257,-0.3460613050733423,-0.38004901247909045,0.19045052231168674,-0.12360339904102391,-0.3029240275762923,-0.08258937215312595,0.42047080470184006,-0.005926347655138604,-0.2814713619726881,0.27038397379702467,0.8904391019042251,-0.728542579575808,-0.7556820611366185,0.8177809340778759,1.00000795304522,0.008256394685991613,0.41015209389347357,0.8167740210145311,-0.1387069494943646,-0.2878796170029336,-0.009774581370508491,-0.26059224574225703,0.30264179898260907,0.89487830301482,-0.2682668328279716,0.3506121327449539,-0.19226146741122757,-0.25591412275128345,-0.13135967806075063,-0.24392373234675108,-0.2006861498130293,-0.19498939277854382,-0.13791094909157664,-0.5780639304653404,0.1570998750652405,-0.22182734892092013,0.12670187137145056,-0.272443036134483,0.2576864100836429,0.7231502426216393,0.1869016830726145,0.7190622091523321,0.14641512385834682,0.5222150527622832,0.16444252279913682,-0.15693745487846264,0.16065765877810095,0.17593251518570016,0.1757823682630769,0.21529486203286466,0.2685979213794429,0.7989113602213526,0.4193484418501044,0.4487458827439913,0.2722503158847877,0.1744450356137111,0.0817364620694419,0.07342828089824228,0.18281603016357623,0.2955733150341964
0.1625882520491208,-0.22053280291275532,0.02137588958911831,-0.0333431312688827,-0.049504391935805775,-0.09904147664976407,-0.2571196290265055,-0.12447282088721913,-0.10194065999011466,-0.10595384184702294,-0.4925105046485047,-0.19288889438722306,-0.11521854838757435,-0.12371698870171678,-0.14721043525473784,-0.11020532427251811,-0.2059169509977685,-0.1282549412832329,-0.10399144566541747,-0.13281350238732384,-0.3570087705715653,0.11419106467999511,0.18734068697247433,0.23712519218323194,0.07609540896871833,-0.10519345701078188,0.11445054173242332,0.29882479659800354,-0.20541488906066518,-0.14275224125321592,0.13971911656334968,0.21311231829581162,-0.2869682384678474,0.11549996999645591,0.11807150170550121,-0.4510848538141125,-0.2666178938751726,-0.3825962226238889,-0.2177155834668808,0.32057433439230654,0.3893739950813167,0.39856304739736464,0.041237608964845636,0.49494560990297326,-0.41546021275676354,-0.016834956550140185,-0.14474024014957954,-0.2644030239444133,-0.36353404893702707,-0.6374740062735971,-0.07994498404964911,0.048185540201281976,0.18767668143780902,-0.13631236068227162,0.23153747128722538,-0.3207745542154341,0.2853358691536002,0.19371742343447856,-0.2849149651696016,-0.35629978580932864,-0.034170837021987456,0.012941222599281151,0.2847706742685221,-0.005117742714017578,-0.09248131175320098,0.0033031205667368047,-0.020986095288978213,-0.028401839565226985,-0.05942725261980303,0.1524487946757906,0.008256394685991613,1.0000079530452222,0.5093700904958605,0.3370276465498578,-0.5331093805070988,0.19990190316165657,-0.33802247813138153,-0.5985862851988849,0.37092126737895376,0.3407995724668315,-0.3398530077695657,0.7694668008830629,-0.34065355242769485,-0.12628650622201892,-0.2873954646041918,-0.511818149812746,-0.33264967751054636,-0.5528129305232556,-0.40140833150103605,-0.24953356341484,0.19958677743000425,0.4144447206549495,0.13048512879028268,0.22951435157704575,-0.026743930101941395,-0.0691636187753725,0.09064032356868715,-0.09514235735145181,0.12372562751558301,-0.18587575718057286,0.13986574876862282,0.40052250532683475,0.04999677922689192,-0.3819547471365764,-0.11487702468788502,-0.3273288755797611,0.2525068881351143,-0.030709187224556685,-0.19672431806275992,-0.11477867933301499,-0.07684739089381684,-0.056388129901793975,-0.08970844157588506,-0.19006783733535068,-0.2326960654571162,-0.23222029476402412
0.2188276169300883,-0.4273848249516457,0.11767348561428252,0.15752925359565148,0.1134984691614064,0.09253657831077908,-0.0511850325425467,0.06785269494007819,0.06571766100642432,0.06196140151910387,-0.14825351647230217,-0.36670517437622013,-0.34810080027448265,0.0789472367582295,0.05270213670565269,0.07731850685701722,0.08560191188472953,0.04115588980934272,-0.004151465967543047,0.005771921662614444,0.050975678742737986,-0.15068969841758767,-0.10152784169280173,-0.0484500811742281,-0.13549426393811073,-0.1162301043073334,-0.11585120369676996,0.014621393302435694,0.0002353678374504756,-0.00542120162354752,-0.12069011996503382,0.12352419474667178,-0.10947446639906622,0.16290247169299457,0.21466046271007636,-0.21594963818602647,0.26458761117061325,-0.028984701490388405,0.07292035189747556,0.23500805113284326,-0.06989166879896215,0.359336253715978,0.1832980876918863,0.357862759589624,0.43519678645562776,-0.48458865281049873,-0.428379110391177,-0.30378300770949673,-0.19526625711878984,-0.24781822452194088,-0.4781804202460343,-0.41473419964312513,-0.20318877613327688,-0.1999548540182532,-0.14215078485604746,0.01125709570785181,-0.02372603823896361,0.020296050883914053,-0.17558485347226055,-0.03279056026193983,-0.1889393164958016,-0.23704507159867974,-0.06072405079164974,-0.16399115304292552,-0.14798295456365942,-0.07755845011279322,0.3459774234527235,-0.30744444728741044,-0.27754587995724406,0.21224574992029735,0.41015209389347357,0.5093700904958605,1.0000079530452217,0.8106876294235955,-0.25779297631635106,-0.36405191972042794,-0.037081835238030755,-0.2006563382298569,0.09532104560999088,0.6666308387698789,-0.17271693002911157,0.8349607816585418,-0.21197564018469975,-0.19962774389864477,0.019573343332321077,-0.13469013046783648,-0.042743095269513004,-0.06605327552856603,0.05720919150993505,-0.3830812267094215,-0.007109000250117912,0.09218663927786354,0.007426618785039192,0.06721947364766487,0.09965351760116066,0.42784592150062467,0.004219371606819285,0.30962308537049876,-0.021642838679418974,0.08650138540584867,0.026511893690570935,0.1127678731697542,0.027667873765827338,-0.04041310999956977,0.040159489694558494,0.03660899755286829,0.21470747413454577,0.4588930625478955,0.23114049089218172,0.2109928417268553,0.02610137545061067,-0.018254726289049724,-0.026314887275227218,-0.017917479733878527,0.03751087787663855,0.1161987254224898
0.28796773606069465,-0.328253482704304,0.20736114658391042,0.17225735602473705,0.17672730844914025,0.18779152468008098,-0.14503238170042418,-0.03801318757558643,-0.041654804369384554,-0.06815864426062784,-0.17238694349742115,-0.386633375615832,-0.38588719374945724,0.027533846987875248,-0.06616979518456828,0.05627306437712595,0.09950823795236431,0.016466886907730512,-0.0935724636263403,-0.04746290093187771,-0.034595215671233595,-0.21180832321132295,-0.05094495897577617,0.0841918584075532,-0.13676816409119702,-0.2603987642897825,-0.052536660881308414,0.2034425222813172,-0.16459460729931052,-0.14667746067793383,-0.08996741135492094,0.35431704634154626,-0.24175702594651102,0.3247613626706562,0.3939727202133458,-0.18802515000439599,0.2606557286831071,-0.16152647583478194,-0.05930579175123691,0.24524828119621936,0.002444229702283165,0.26894094622567877,0.17147540659511984,0.20922078661523544,0.3073166532998519,-0.34193415242125014,-0.2961517140673896,-0.2568162273768882,-0.12716862083958622,-0.19072182407928479,-0.4210814172609102,-0.4125606669646704,-0.21444278980031825,-0.3092346970029768,-0.20309207737436177,0.05812956654286846,-0.1759958215309139,-0.12742273440547053,0.01371027568491579,-0.10038024039033228,-0.26318510649970706,-0.1402246960991868,0.23501338861169427,-0.051934144692681254,-0.25291738609244446,0.18045871827201618,0.7705836292756698,-0.562114029242966,-0.5392999868291412,0.5525879780865309,0.8167740210145311,0.3370276465498578,0.8106876294235955,1.00000795304522,-0.18361435059312994,-0.37504797449579924,-0.034089822895214374,-0.20338760534354267,0.35124724885614417,0.9311081728852753,-0.2956942145659071,0.759814693371879,-0.2833366107680366,-0.1359556001647326,-0.12226746415961084,-0.14763238893980932,-0.19361390592589975,-0.09886263571965498,-0.14091396872553452,-0.5318471488432555,0.14499706583021008,-0.14482439964014868,0.15143181203838468,-0.21517300099865716,0.20689259718683253,0.7418455289710545,0.11533025762342974,0.673226036744434,0.10966227451405115,0.44007048631700707,0.17321212741352102,-0.08590940705727064,0.15419018900751372,0.13160991111558112,0.15324347708355832,0.17965156719968273,0.4265377873027549,0.7975052613904812,0.41669055822341017,0.42338933113562693,0.20685724113550533,0.1575860781792092,0.1079506506366,0.08937240460287778,0.17339629083243568,0.27931053446223075
0.21900528729063223,0.5308550436844178,0.3889990084883253,0.5256886197711008,0.491236308075669,0.5376107479218375,0.32348329978285423,0.27065593701311813,0.21078353688286472,0.2664760983084808,0.8120199214196251,0.10910977141308326,-0.05324562515316213,0.18042333123377166,0.19269440909955365,0.22245963655839313,0.29848401723590595,0.20103931894995727,0.020225748430319365,0.16472721942572321,0.1471617154630121,-0.3746729463151485,-0.362311505235204,-0.3292576641529197,-0.37831017186795457,-0.21293427004762558,-0.43963629118735936,-0.461115150321321,0.13166801383197183,0.05090106661597013,-0.37382117793459657,-0.02223999389194429,0.3847512396441478,0.12932532758080895,0.2823556502772301,0.9440302655788766,0.2520721444556219,-0.035866883450468554,0.4737559781690428,0.08613508378326386,0.1156059234807355,-0.007122374024631386,0.4630120340869251,-0.12314871999500906,0.41417622691986994,0.5594009595763703,0.6997672152825362,0.7171972008577817,0.7229040738897466,0.9283171493987874,0.2895039741126656,0.04363531918411673,0.5108319824454427,0.5285778305419219,0.4392153830105204,-0.06006027359695912,0.2885369283119649,0.3916756793045368,-0.1880979041785447,-0.054251066923834045,-0.20368130958432165,-0.19973873734296702,-0.30268855204713346,-0.28494222622408255,-0.20890661827532006,-0.2786641785363714,-0.13171176936418835,0.3160458870719935,0.2826504479252827,-0.2931433852539693,-0.1387069494943646,-0.5331093805070988,-0.25779297631635106,-0.18361435059312994,1.0000079530452213,0.11030618956836032,-0.15778940889019136,0.7337894586460084,-0.37431298714292977,-0.2922269492357109,0.5514361977428265,-0.29864119718114623,0.6031741569891034,0.8139438473585016,0.5452286561495031,0.7964817854377177,0.5819025080166358,0.8050286159305067,0.31238990778132214,0.5709693183665121,-0.28161055540769203,-0.1617354198637941,-0.172779994253124,-0.052198239831454434,-0.34669839420479914,-0.09897308187951889,-0.4471829074684484,-0.10007844378480094,-0.33738200030124027,-0.03413135287136796,-0.19195079771889365,-0.1513452003016452,-0.16692073008132174,0.1278612289078863,-0.09967360204908399,0.05977446128206721,0.04494471288381659,-0.07100264911072317,-0.10786791838935095,-0.26191821195613746,-0.3366598691841375,-0.2167824135615754,-0.1015144620705316,-0.02559030519226748,-0.026063653048443967,-0.049510149236281546
-0.09000513257664866,0.4757426112332118,-0.10596126164928132,-0.18089379992191068,-0.1481944658990361,-0.06058839229930318,0.3470108953311808,0.247169757999026,0.24357178283478467,0.24547501113621464,0.20023581908389465,0.7552768453371539,0.7605531453890634,0.08744249938633626,0.19747028881840784,0.05978904891968444,-0.18250529626415454,0.03941804464687963,0.07431796067580156,0.04904017030972299,-0.4537992029288924,-0.3307287889071262,-0.3161371904652891,-0.24212449653522602,-0.3732614924552063,-0.3704077278736494,-0.3834280109194695,-0.29550143833045317,0.11922184130520753,0.08176129004545844,-0.30640674985830063,0.002868526329036512,0.2524440661154592,-0.06753942173692191,0.12638136408925096,0.25453440549860584,-0.6970623400041007,-0.5207891424546935,0.2512820430263335,-0.03885309669588331,0.34475659264012193,-0.1587757268524436,-0.18245141533262918,-0.13023088230895202,-0.5105983035008834,0.6688182864800706,0.28844673555458783,0.10137942653412006,-0.15425809645649707,0.03895682711696616,0.8980907952851319,0.9551390677795633,0.5218896179343472,0.16473312999949485,0.5927076624549376,-0.7509951615194077,0.5355409228491439,0.23875228974381643,-0.413856007894109,-0.6551244186958682,-0.29003411052233175,-0.1750505207479345,-0.009964482388287255,-0.35302685250291505,-0.37165869642094285,-0.3687888019342099,-0.3918819641253341,0.36599089183229094,0.1938246917515564,-0.09078255970160778,-0.2878796170029336,0.19990190316165657,-0.36405191972042794,-0.37504797449579924,0.11030618956836032,1.000007953045221,-0.6903149783383891,-0.16098541875579242,-0.20524287706042402,-0.33626452321766476,0.35988012278955084,-0.12646896508887975,0.5136156316633297,0.2731083592119663,0.29757436774639795,-0.1015759235664203,0.36090737155371383,-0.13105210420536698,-0.01016865721417921,0.5104542212598441,-0.22703308865236338,0.32375783764125665,-0.17576372379248384,0.26253914691800534,-0.5111479953037604,-0.5303812653228414,-0.4385917152096704,-0.4842885813067019,-0.3398489569916861,-0.3993916177829215,-0.19739780980505953,0.2763620401424134,-0.2570010927385293,-0.32481220708471614,-0.3499333181693749,-0.3858870705256407,0.16233300548498,-0.415131973808168,-0.5689760530402646,-0.6079241304308316,-0.5390218824052787,-0.41703888312998355,-0.32315068328625957,-0.335257346169179,-0.40997201353755913,-0.47817269988798183
-0.13503292608164955,-0.41015047096946117,-0.07860666438453563,-0.09075177239310418,0.016652989977981335,-0.005134812211597847,-0.19469906433704248,-0.175423692282963,-0.1831217565525832,-0.19254453844007746,-0.11508501833080666,-0.34992314121949575,-0.3783670719705534,-0.06715102297554235,-0.15764754989935703,-0.04253449394842167,0.1877311997674038,-0.03907757085812887,-0.06698525468579644,-0.07207352982551929,0.5898012783153287,0.40012876419558485,0.41284387752505997,0.40213732765479093,0.695523232702663,0.6809194751146982,0.6723047766477771,0.4090205556193364,-0.10000805055451455,-0.07277206162374023,0.3015943400137671,0.0020360339554661554,-0.23908531562831933,0.01637941549468798,-0.2292745724513248,-0.20912029399537604,0.545664748989028,0.7593183914416657,-0.22567834619428256,-0.24114395089336704,-0.48638959752217287,-0.19919579588996955,-0.16337576803200554,-0.21883846834679516,0.1695190395400089,-0.4072688429484717,-0.3077896842759527,-0.22613113893525005,-0.17863718345068974,-0.03874886075243191,-0.4408200482539815,-0.5233286930555161,-0.4447298054824372,-0.15242613206247482,-0.4859753188075732,0.7449705907009414,-0.4198756098745979,-0.2610374516705134,0.4637462960180007,0.9345378653741361,0.696764217868093,0.4064523015539482,-0.14935657199690466,0.7158746415521237,0.8076283267593741,0.6289261475391517,0.21520682267396288,-0.10407163427593093,0.04753409422464103,-0.15303026789219953,-0.009774581370508491,-0.33802247813138153,-0.037081835238030755,-0.034089822895214374,-0.15778940889019136,-0.6903149783383891,1.000007953045221,-0.0059958124791080715,0.21811871712434758,-0.06032347243260025,-0.3622689462276651,-0.33492911313199497,-0.3552993891525992,-0.4159877835888463,-0.2657040281666158,-0.0912633082141303,-0.3400632812738174,-0.04525086745512655,0.05439099223290019,-0.3703000320818459,0.43865873512319664,-0.5858980981330056,0.4586874280614499,-0.545716987233746,0.7279222315147612,0.476813118569815,0.6693604465778682,0.46878003716374944,0.6080339729297572,0.5439926169343755,0.43444838200651803,-0.6117177418523023,0.5292022733150398,0.6855189880301322,0.6678623591376178,0.7242102215587679,-0.3443076970886573,0.33487828627101124,0.7480067354495358,0.7853815705921321,0.8404203315207275,0.7887535525025189,0.7401946875870582,0.7481155509959944,0.7625845146999497,0.7581758608494069
0.34839722315410326,0.34432352140960887,0.38250465109896525,0.4738546465266032,0.3330161782789964,0.3342242447689787,0.26586907978412566,0.21099187231249783,0.18655656369485246,0.16044428585672899,0.5292120628999814,0.011975736632548436,-0.1023302106589662,0.26254120313814955,0.2159215034293313,0.2597521502104354,0.33846233100700873,0.2354682643535921,0.1087784266487752,0.18358495347373668,0.3276446205225514,-0.3749112689101789,-0.39031670364853943,-0.39433449371653856,-0.4218735050856078,-0.18092251356024752,-0.4722430689790262,-0.48954569430334177,0.20823838400916625,0.12322707839221911,-0.3071806740897683,-0.10099102956826128,0.2792843207928283,0.1021836263992196,0.20196097558683782,0.5791150635257962,0.423197681797658,0.16012410490185605,0.3502909753337156,0.31632396805547863,0.1712284641124773,0.27417069628034485,0.5039653018307817,0.1814712315755873,0.3867843582679694,0.2722304685830385,0.6262787293632038,0.8465096046696187,0.8566757723129028,0.6681169782621019,0.036209555862335305,-0.16831740670722234,0.35553173272188027,0.7613313172997251,0.27690211174362106,0.23618018882789074,0.17141419693666668,0.47659085176136995,-0.10601880135565228,0.16898551873761317,-0.23654193536763096,-0.32306371032647613,-0.4914681082574439,-0.3726566031759919,-0.20438507422696459,-0.38137746652221416,-0.20760031621909367,0.4742358207824167,0.5348694646899296,-0.5521987410231379,-0.26059224574225703,-0.5985862851988849,-0.2006563382298569,-0.20338760534354267,0.7337894586460084,-0.16098541875579242,-0.0059958124791080715,1.0000079530452215,-0.403050863755024,-0.41101792067116744,0.4351314434425097,-0.27056270806663785,0.3690530156410859,0.6947938018683972,0.4164907303559899,0.983674022424632,0.47458890267920506,0.9690203928574718,0.41240346596003613,0.6497419514056431,-0.3722128182967139,-0.15821892041248742,-0.2909522272078913,0.025252835928098124,-0.3169224650082133,-0.10316810994929188,-0.4370484981345131,-0.13643890512864149,-0.40160702853308056,-0.09186263670143739,-0.3061734452376543,-0.10279164496211601,-0.278089546224509,0.06016784391341427,-0.1891535154787134,-0.008718937746935686,0.03977234520928472,-0.13193739324291986,-0.09212944827292716,-0.2266247899580605,-0.3425845623267652,-0.281405175636035,-0.18723953369025648,-0.09961155154259885,-0.080414403944295,-0.0812574477462943
0.2587187449413992,0.01672877760086035,0.1964625472926484,0.0037844842568276913,0.11300810453769491,0.24790084127056408,-0.6645321572194852,-0.6517040762669438,-0.6852771221161649,-0.6448147844981309,-0.5672722635830534,-0.4476378144968483,-0.4102433085502537,-0.4506710162243841,-0.6964746690733559,-0.2820121821144614,0.08756246182468129,-0.1081854754138962,-0.38810805745669685,-0.009332117265265415,-0.02114379268441156,0.28405329370896115,0.47419720795463366,0.7221702222734228,0.5254444792561433,0.23639433860337064,0.6540014188996469,0.8841036575226543,-0.709660196274363,-0.6523780330930954,0.4739663641470508,0.7572159849900083,-0.5512434246210328,0.5529637300078909,0.40427581603100227,-0.3938223745866059,0.053145362347870255,-0.017534056877957307,-0.7503967692213337,0.24602697757516087,0.3461221525954689,0.13765412330881996,0.005225525215497392,0.1273444338222352,-0.325468288966628,-0.06040281667901426,-0.12234037846926923,-0.2609872210147927,-0.19757729994018092,-0.4622632501644352,-0.25465612240430524,-0.2473991939437338,-0.16978947024077626,-0.33837329567235086,-0.21781997648599796,0.11576296591254726,-0.25229678379178544,-0.24905944415552556,0.2581263166265428,0.08051461061596032,0.23330733727132033,0.3227591291083223,0.4729508081590847,0.46131711750963056,0.2376704017583147,0.5526266866834887,0.42130152604778237,-0.37902236472470396,-0.31458267647356386,0.36655189225143964,0.30264179898260907,0.37092126737895376,0.09532104560999088,0.35124724885614417,-0.37431298714292977,-0.20524287706042402,0.21811871712434758,-0.403050863755024,1.00000795304522,0.4425498133017911,-0.6387527951762585,0.3551700979109492,-0.6444629456862152,-0.18022971394864942,-0.7913495675250293,-0.4164102989005733,-0.8231861482554012,-0.47450961734978764,-0.7541430585764017,-0.528742220051112,0.7863766311111791,-0.10968942240076093,0.6837019299964137,-0.2896045148597032,0.49599279816422975,0.41599528594770274,0.6516395930785286,0.44079802934485035,0.7379715094049811,0.4006490186880165,0.7105671615651306,-0.09302464134631133,0.6097309660717224,0.146431576993364,0.42711359277718713,0.21108675468623372,0.33341978204960404,0.3578234613374114,0.37139733196034824,0.4883026655072684,0.554977147126068,0.5666838151596789,0.48808445964429514,0.3804151837049222,0.3537714825209164,0.35245690045055394
0.11435779132889956,-0.3430187517382598,0.06463069616850307,0.04195701442212307,0.07074386322129811,0.06258418683632888,-0.22212445218156082,-0.10635769536355065,-0.11426939103917597,-0.11385437503879438,-0.2642874725036764,-0.38829618346270905,-0.36035914437441,-0.07621782666130457,-0.16141103711238694,-0.050999409001539535,-0.03711953562760584,-0.0814623387729763,-0.1508756063298299,-0.11889944374236096,-0.19791013240533092,-0.021951200738604213,0.1270829367524629,0.2270932075414743,0.005896268480893512,-0.21983810554085909,0.10352263696045655,0.34601860224016,-0.24849067521512508,-0.2018590378096249,0.058773274007691514,0.34350380730267777,-0.2758041644683331,0.2110707465302407,0.26140166040609075,-0.27528569480812887,0.10103072112119106,-0.26082960899403923,-0.1719152901200553,0.08493931275503809,-0.06243985608886169,0.12115756019748836,0.03411614585333935,0.09292732410832905,0.21457946522741214,-0.3849090183267287,-0.4018790260479448,-0.4400089075677037,-0.2496419901731527,-0.27937079383150315,-0.42648542469163264,-0.37277137528246995,-0.3600756958187453,-0.5690766852657245,-0.35705988286706875,0.005351921143685612,-0.3496139755222272,-0.37855464983663745,0.16780453008706916,-0.20498427241632988,-0.1998443911090681,0.02995946682425308,0.5098574267681883,0.08081395799988524,-0.2205929169829651,0.3193620406913955,0.8240383848291485,-0.7846534487649901,-0.7729782963022283,0.7917284960451533,0.89487830301482,0.3407995724668315,0.6666308387698789,0.9311081728852753,-0.2922269492357109,-0.33626452321766476,-0.06032347243260025,-0.41101792067116744,0.4425498133017911,1.000007953045221,-0.3677474618350775,0.6801125016677847,-0.3485739777591574,-0.28221906139021957,-0.24045789475572826,-0.3717096375852471,-0.3193780919106898,-0.3377383790216071,-0.29507283327695155,-0.7287453390464849,0.2458436680527318,-0.08142000582993217,0.20261070430252806,-0.19815307650504907,0.24835211706461596,0.692360342638727,0.2216974368998957,0.6695599586988256,0.21042332457307986,0.4489654274312642,0.2299199278504919,-0.02190368782368801,0.19065867626111485,0.05595162185653046,0.1466042314526191,0.11113774703979415,0.36602886080288205,0.7374619882381281,0.36219917682351205,0.4277412051451927,0.2804951023681829,0.20255300247206098,0.10475623211847807,0.05063267295978252,0.12763506423290913,0.22906694227282653
-0.21583900351153829,0.5923106806372159,-0.16763748684769825,0.030543392200502166,-0.13074157822019414,-0.0539679158596111,0.49082536037450014,0.38067937528127643,0.28404490599272886,0.5494040683511368,0.6336404444294531,0.4689911058099611,0.4121553387839707,-0.10020962738071797,0.099457990086626,-0.26362283265003184,-0.23856132527265317,-0.3357769253694083,-0.26654642220577857,-0.2651721973389479,-0.2084228632791273,-0.2972078425338245,-0.3188426491508813,-0.4509086996964873,-0.47835182157800277,-0.3116753187050409,-0.6176385248005595,-0.8158509600698236,0.0007138115833896081,-0.062350418918614654,-0.7187804038584527,-0.07035066134650746,0.9456666621758131,-0.37380611144526615,0.25533100897270616,0.6551984497585773,-0.3180154201778497,-0.3167118654901213,0.5774356223450617,-0.17879988606817995,-0.011270478120948136,-0.16040017647684537,0.05608644919236967,-0.1278424694570616,0.2986225475141071,0.26940336428709105,0.2720454367067941,0.34809934297862105,0.3221456972316214,0.5577839467001761,0.3924498184825986,0.3478028277194795,0.25318618115037417,0.34785703421109676,0.2669785845581762,-0.17435918674212847,0.22509088797644933,0.23903819683692518,-0.19202401885919465,-0.23128930611488416,-0.20471627652403926,-0.21846191425950365,-0.3256446831807287,-0.375810117560421,-0.25173534309389706,-0.43303567929007475,-0.3324216715979479,0.33125042182737147,0.28811771634007155,-0.3279002602036497,-0.2682668328279716,-0.3398530077695657,-0.17271693002911157,-0.2956942145659071,0.5514361977428265,0.35988012278955084,-0.3622689462276651,0.4351314434425097,-0.6387527951762585,-0.3677474618350775,1.000007953045222,-0.26128678949804823,0.8365260886974194,0.4070408144386151,0.7065409430703619,0.4592041796603804,0.8328061778413577,0.47864298008617423,0.19568335538770618,0.5509744647856808,-0.6083866480671332,0.07944017165406184,-0.4982835603014215,0.1957040864169429,-0.8026882389095785,-0.397096446794798,-0.8382536557368904,-0.37338844733887167,-0.7141529286815288,-0.30831961225906995,-0.6075985694209625,0.08832755622935923,-0.6528160533048635,-0.1763944325689037,-0.5883773219334776,-0.32967673534736314,0.2969234897045049,-0.3207635999661612,-0.5353860053003854,-0.596760081643781,-0.5906631894513493,-0.5046466046092352,-0.4150859710185226,-0.39541290224352865,-0.4404233418128962,-0.48529343840453976
0.45159898589724706,-0.19761130707911628,0.3075024818529697,0.28141161943784526,0.20160130194431478,0.1660214592793448,-0.26298284098680014,-0.09939868214241296,-0.07962982568130937,-0.08977415700698808,-0.3656457287044051,-0.42244380904814915,-0.37907755500012963,-0.06614197229229868,-0.11752802553864969,-0.0362725730857935,-0.06538291376675004,-0.07146218602564597,-0.1322480008170892,-0.10316650882382268,-0.2626934101715192,-0.10245686418191384,0.016647080428352088,0.10617541593655284,-0.14046564953613397,-0.2690326319601603,-0.09731538406854007,0.17160361806317562,-0.2169224593323943,-0.17506863646750476,-0.05049676901776179,0.3359457236645797,-0.2502380728787177,0.326187380816729,0.39777860370725915,-0.2846843849795631,0.01607761480164514,-0.39215643483676665,-0.10749103224978188,0.5446783849832644,0.4100895328151965,0.6072854800177673,0.3594952665715283,0.6056409638183377,0.07762114878995412,-0.1996645093949765,-0.15696033352518451,-0.1518319579951469,-0.05383243158253636,-0.4271726306002692,-0.3598376392551762,-0.28622353064044465,0.02994100254123456,-0.14240236502834674,0.051196235680543094,-0.1873460910498618,0.08562392377443212,0.11132038203911518,-0.22960445682254407,-0.34219759003753014,-0.24863099595224744,-0.17481732152024554,0.21194285614893718,-0.17483892139850055,-0.27708334477336993,-0.06620512114691987,0.291805007700342,-0.280290683315132,-0.2689639898483097,0.29303007151960025,0.3506121327449539,0.7694668008830629,0.8349607816585418,0.759814693371879,-0.29864119718114623,-0.12646896508887975,-0.33492911313199497,-0.27056270806663785,0.3551700979109492,0.6801125016677847,-0.26128678949804823,1.000007953045222,-0.33186976052642647,0.03056694259017534,-0.17648320321539349,-0.18524680133231666,-0.22035310008166134,-0.1957673461336438,-0.30759541404601537,-0.34296545977866927,0.09995733279441012,0.29758742278323463,0.06896233293726074,0.1725811949421104,-0.06388883147201764,0.26053517790603953,-0.0439597756540574,0.1846060385509818,-0.0002690837879469963,-0.021325332898034163,0.08010430473068707,0.33762107568516636,-0.004789609691551266,-0.3014539388768236,-0.12754019112585513,-0.24457899549642922,0.45869915244927517,0.29810261494105106,-0.027640372009835323,0.0051648609719294695,-0.11095281815036853,-0.10504037921365647,-0.1286377040985387,-0.19730767167553184,-0.18732306882149216,-0.13155394164556783
-0.26000015155857475,0.4360811277655497,-0.21931168450098798,-0.07533389418037664,-0.1475251000633201,-0.010624553766299468,0.7880342115624974,0.6809298496771213,0.5523136484672447,0.7537546787629463,0.8428212122605381,0.7190185444969869,0.6136316350674262,0.16288619216384279,0.3620375574569703,0.03273016968765467,-0.10401082710628952,-0.04915294545350062,-0.04791391919206472,0.008816727926534498,-0.16925386779253299,-0.40047945322771994,-0.45404433026699903,-0.47299121901828184,-0.47288505404876224,-0.29858653319356326,-0.5745182630569795,-0.7021183434963735,0.2283142220820874,0.1114471897211691,-0.6828601950963019,-0.13734705283318027,0.7745486125822615,-0.2976745594829523,0.14990578699154009,0.7570248402181183,-0.31038282217447677,-0.25036801328260694,0.7718126935879881,-0.2690649027296192,-0.1235485328878305,-0.279592993030903,-0.08678304029967199,-0.26187196092185994,0.1869646758613933,0.41525485417375746,0.30154076008290787,0.3370266904865521,0.21257974744162234,0.6599964772356758,0.6354927251169064,0.5509594384573483,0.35202409482123154,0.3395511908625911,0.3740955610497112,-0.2643346548614288,0.3043175019098395,0.2624997161847998,-0.22498393086306767,-0.26600322839198476,-0.22529210151288417,-0.22117683594721196,-0.30808105666052926,-0.3643816961406937,-0.2639821393489588,-0.3956274689951995,-0.2678764528746551,0.33364956255421213,0.25149466480326976,-0.25659987374382026,-0.19226146741122757,-0.34065355242769485,-0.21197564018469975,-0.2833366107680366,0.6031741569891034,0.5136156316633297,-0.3552993891525992,0.3690530156410859,-0.6444629456862152,-0.3485739777591574,0.8365260886974194,-0.33186976052642647,1.0000079530452213,0.4035425516702888,0.8679720263892627,0.41332816313127807,0.909233859430894,0.45321261491535303,0.4066462486775529,0.570680112074833,-0.4720859884576449,0.011056101638120678,-0.3418546561925671,0.11427588939953773,-0.5740674863069725,-0.307468235173811,-0.6571488272798389,-0.2939998087192677,-0.5494979400529378,-0.22561310724457798,-0.38731568362929686,-0.00450518459555415,-0.3808734445005729,-0.03627149225714052,-0.31121589279104955,-0.12603507340637007,0.05250895943382447,-0.22198976691750907,-0.35373279752811615,-0.47058430938636575,-0.5007833085458582,-0.4015526906225294,-0.2839316693040499,-0.21687507605935824,-0.2399339933118041,-0.2811741550805995
0.5653020421696054,0.5772480252403351,0.6231343296091546,0.6873760290233082,0.574909420506807,0.5653977210537219,0.13802648891753683,0.16272630909427452,0.14762793581675687,0.1536736863855386,0.48876392183682754,0.006109738688621694,-0.11927164751542947,0.14220324880235516,0.1260141629588014,0.19379015366970548,0.21059650210879338,0.1494925078186871,-0.025223906097460783,0.09115441399944661,-0.04935901395234988,-0.40097823011423117,-0.3304564005665017,-0.2612053571018919,-0.44777974244226487,-0.36163627000561066,-0.4902950329373012,-0.37009329760211185,0.022792600719831885,-0.021662876297966684,-0.35538412955723075,0.12686703400616706,0.19815300755129284,0.3071488968594637,0.45648880920786966,0.7191857939036921,0.11963413226149903,-0.29851056887438104,0.34465166601797975,0.5517513224726903,0.614460737885451,0.44917521924439296,0.7057506519899333,0.34221048263973536,0.04495524666264118,0.7506698490069161,0.9217751584185263,0.8894320011062888,0.8180402848501944,0.5927343807477103,0.3208533175904966,0.10053565064168667,0.786321902722134,0.7157623689028847,0.6953132191419693,-0.21054728896742578,0.5032723675501124,0.6359253220662281,-0.34492598509507344,-0.27556833233961936,-0.30140332506104,-0.25400619527081636,-0.1984054492975212,-0.38072171691585793,-0.3466030488707804,-0.3618838901977123,-0.226242248160796,0.47427255568102267,0.4421157070892188,-0.3649163965383241,-0.25591412275128345,-0.12628650622201892,-0.19962774389864477,-0.1359556001647326,0.8139438473585016,0.2731083592119663,-0.4159877835888463,0.6947938018683972,-0.18022971394864942,-0.28221906139021957,0.4070408144386151,0.03056694259017534,0.4035425516702888,1.0000079530452204,0.38058317583968526,0.7809121939955771,0.4224087583564554,0.7234609415459317,0.0757380900109198,0.662780612394868,-0.24398086902405716,0.0492370663123807,-0.16425385509948942,0.0868755900932903,-0.48452052663503503,-0.22636235777429478,-0.5143889015982727,-0.2293794594791056,-0.3679346178577425,-0.17704971485366303,-0.18826941958135984,0.07823303901757847,-0.22927463556224392,-0.12651395746440444,-0.2651499356849832,-0.20097880190206932,0.2789522434968131,-0.19179219105888556,-0.31748654980207597,-0.44017845130160016,-0.4974554024379142,-0.3385369831341254,-0.2240826065614759,-0.20340046897983927,-0.23691105010124855,-0.269756122380759
-0.09858758232780528,0.08738687739553544,-0.05008977703687084,0.16037116107800684,0.03882883053861392,-0.01897375673127723,0.8101797357795987,0.8629017436319657,0.826411011284444,0.906536951041079,0.7552621213828213,0.5110898959660858,0.4241694979956865,0.4177428024356705,0.6588818176922782,0.2600687591156219,-0.026075807867333826,0.08443737758801283,0.1326741770296061,0.08443770944785395,-0.053952807005608144,-0.47981208816146803,-0.5488903545187923,-0.542352472351982,-0.5123313441200016,-0.29420294925465723,-0.6092242596172728,-0.7420359048764791,0.4881747141018476,0.3522465225483944,-0.7350399742349043,-0.3253806324030342,0.6379320390555584,-0.34524749738160365,-0.008563428334175196,0.6399587963985272,-0.0953319028704828,-0.1259298722847579,0.9771146509763711,-0.10196788591497295,-0.19859516977362524,-0.013941794846674117,0.15042157684356908,-0.025479299404514922,0.3363352352390537,0.24461178963062044,0.25032904290586466,0.33393052869538725,0.2685731566571165,0.5680516755212119,0.3833434277350279,0.31939380857305794,0.3007898386389708,0.34100765180447423,0.32168371188412814,-0.19155412724550555,0.2801892962854627,0.2806881695686563,-0.24374931100569128,-0.18306624047048703,-0.26327067142643235,-0.28113936454470045,-0.37211031671998207,-0.3944139417444522,-0.27556763705982074,-0.4035629973839557,-0.18737724765460287,0.28176763412789213,0.228408787830396,-0.25828769231681503,-0.13135967806075063,-0.2873954646041918,0.019573343332321077,-0.12226746415961084,0.5452286561495031,0.29757436774639795,-0.2657040281666158,0.4164907303559899,-0.7913495675250293,-0.24045789475572826,0.7065409430703619,-0.17648320321539349,0.8679720263892627,0.38058317583968526,1.0000079530452202,0.46905930576230964,0.9724549773724963,0.5309442960908963,0.6630036959578263,0.4730565627089069,-0.4927791040177136,-0.053275367882538734,-0.33562976217598445,0.07268602077643246,-0.4328816682461597,-0.1628688350650444,-0.5973475346456912,-0.18787123836480635,-0.538009172928383,-0.15892451503605354,-0.367747080347728,-0.0665350759402748,-0.3205334550983941,0.0484032398909361,-0.19814953150818163,-0.005686889954366995,-0.10658337696223624,-0.09981361220951582,-0.1868319743570844,-0.33543194285217537,-0.43978845916576154,-0.3636153186589066,-0.23803826837099254,-0.1382324741561117,-0.13015401465409648,-0.14444842883325082
0.39138501851070806,0.36123131669278924,0.4307863905228619,0.5348265914546312,0.38831140115601176,0.3865006129321363,0.30120618781336167,0.25624976916216985,0.22528906932967047,0.19788894975780413,0.5873387249567094,0.012814981265165913,-0.11529000930641677,0.30164726198030106,0.24744952110789098,0.3022523167704824,0.37183235128852316,0.2660511950483662,0.115093268603932,0.20046162844975693,0.3102566997132903,-0.43381827199080253,-0.43417115654117494,-0.42073103207392015,-0.480065892434945,-0.23440257878831386,-0.5305931889980599,-0.520395413268596,0.22116098896636643,0.12965305165431776,-0.3500559025545314,-0.08528449274537243,0.2902577260031163,0.13019927732256215,0.25091620981457413,0.6468477967547817,0.4318820976527802,0.10623773803825737,0.4037557639482112,0.3548787695545501,0.21590273077151287,0.31209893731652555,0.5623634346301405,0.21136415188234223,0.3944354281026994,0.35003889618646056,0.6945869337372987,0.8896404748262811,0.8781895206087721,0.7147712784664148,0.07579152886780881,-0.14309983914268234,0.4751731928312866,0.7977554636807597,0.40325563967645245,0.14387963477665655,0.29606240845541537,0.5735184589875628,-0.22303744900990471,0.09715142488205056,-0.2945285766877095,-0.37753515631621193,-0.5021270693268003,-0.4333284156802198,-0.26392600982676057,-0.4321173018170311,-0.20950972438675253,0.5046528271541173,0.5354112466401876,-0.5374067788497418,-0.24392373234675108,-0.511818149812746,-0.13469013046783648,-0.14763238893980932,0.7964817854377177,-0.1015759235664203,-0.0912633082141303,0.983674022424632,-0.4164102989005733,-0.3717096375852471,0.4592041796603804,-0.18524680133231666,0.41332816313127807,0.7809121939955771,0.46905930576230964,1.000007953045222,0.5218954859238033,0.9879600322089135,0.42723553561149086,0.688091670913493,-0.3906515862534009,-0.12194268080552063,-0.29907278137978877,0.04735079867324007,-0.35957834553093243,-0.10685148967020382,-0.4867627967090189,-0.14938557250184956,-0.43587852670606836,-0.11758723393093602,-0.31446167015008025,-0.0741674369601026,-0.29025078853399777,0.03676277992403548,-0.20750208394473824,-0.029851489147137065,0.07737940363345763,-0.1138143179242083,-0.11905397091944248,-0.27023986092408336,-0.4027178356441237,-0.3226316399304014,-0.21344568417915458,-0.12416712195993482,-0.10672362234115998,-0.10709850738093464
-0.11605743155183264,0.2558136074757407,-0.07591708877067783,0.11948670157180837,-0.022019814965488327,-0.031392953434850504,0.7872766659724828,0.7743398082609867,0.7294011949851884,0.8266462183581584,0.7642835370279301,0.5647986626845145,0.4848063713126723,0.34523874765115614,0.5788829249936644,0.17648027158254465,-0.0745625677919969,0.016084146562716103,0.08979400118543515,0.015733713388661492,-0.09744766760960076,-0.5061717631050288,-0.5732994440485503,-0.605088834165196,-0.58564592743407,-0.3515830519253594,-0.6985659841957724,-0.8448670818057349,0.4311359252105532,0.30704779234221685,-0.7862120847949126,-0.29815673281343186,0.7425501940790884,-0.3500867038319696,0.06724234188947818,0.6699626741425322,-0.16527676257472923,-0.18880188204684853,0.912205923456973,-0.11433270640745684,-0.13951856995493833,-0.05945099168396256,0.12394564452948703,-0.06628381093574168,0.34514719482729084,0.27493158590989875,0.2862303470845589,0.383582964006499,0.3149237895240498,0.60788076943103,0.4328724372327002,0.3760592737139298,0.32947145641195125,0.397545572434653,0.35588424639385446,-0.2268998672797202,0.31548317866315423,0.3152068827365862,-0.2770995531367089,-0.22973570958489103,-0.2979094163756886,-0.31597921922088795,-0.4177673679751365,-0.45965581123267957,-0.3216900753706965,-0.48260597125111626,-0.26731625374223444,0.349504341881687,0.28925422343562773,-0.3236366194858607,-0.2006861498130293,-0.33264967751054636,-0.042743095269513004,-0.19361390592589975,0.5819025080166358,0.36090737155371383,-0.3400632812738174,0.47458890267920506,-0.8231861482554012,-0.3193780919106898,0.8328061778413577,-0.22035310008166134,0.909233859430894,0.4224087583564554,0.9724549773724963,0.5218954859238033,1.0000079530452202,0.574967187910352,0.6099519495610254,0.5698881489547059,-0.6012550635458206,-0.009328507797296475,-0.44102951101940646,0.13069955763096597,-0.5863413872484246,-0.26049026070845754,-0.7328773849799424,-0.27868984174687567,-0.6627153778105721,-0.23795485020049056,-0.4951391582692546,-0.018582340488537935,-0.4654752259073134,-0.023545817757765656,-0.345184049525505,-0.11313793256197277,0.006499375272136646,-0.18486463775992834,-0.3167379712276964,-0.457939422055724,-0.548765110939157,-0.46544605985158477,-0.3347034357344957,-0.2435519608740528,-0.24812142058449999,-0.27070991631001773
0.34566779203688897,0.3028341003789001,0.39704100059826575,0.5141735742589938,0.38255349864514315,0.3863789640824133,0.36066908880252274,0.31045927614512053,0.27599265884400837,0.24925999080246497,0.6445775506298566,0.03863933849972215,-0.0957135871958637,0.343403201088525,0.3024417652588335,0.3396082456227231,0.40977242021416443,0.3008588607381282,0.14935392316777096,0.2332237033153178,0.37085922031015844,-0.4710111786013608,-0.4819879525694705,-0.4652049952390151,-0.496237894396818,-0.21750889924825542,-0.5491641388209333,-0.5591005619965037,0.2787581815698605,0.17433024950196294,-0.38738069436222156,-0.12446257844860925,0.3209195967739038,0.10752024681273618,0.2269037636424131,0.6724587843450246,0.47639212600687836,0.17176999140516724,0.4655815048145075,0.2838433047219526,0.10343435937402279,0.25247341691516817,0.5235415736334847,0.14613228821817406,0.4851824383275838,0.2922125042075512,0.6149341227638939,0.8261353228880683,0.8169297155613554,0.7525826478150599,0.0675046821593512,-0.14981148695464938,0.4252368095940865,0.7562510920719517,0.3698518839968273,0.15122364621817505,0.28553966851972556,0.5418956883132482,-0.23250021260125778,0.1410313269565536,-0.3035347230167989,-0.40769448329639973,-0.5583207096569932,-0.44417701749354804,-0.2549171991825639,-0.436978961265321,-0.16944908291962485,0.4741530635990001,0.4985776475269269,-0.5208054327013997,-0.19498939277854382,-0.5528129305232556,-0.06605327552856603,-0.09886263571965498,0.8050286159305067,-0.13105210420536698,-0.04525086745512655,0.9690203928574718,-0.47450961734978764,-0.3377383790216071,0.47864298008617423,-0.1957673461336438,0.45321261491535303,0.7234609415459317,0.5309442960908963,0.9879600322089135,0.574967187910352,1.000007953045221,0.516517007335871,0.6643121701660949,-0.4137131706137802,-0.17302665926282482,-0.305761503975691,0.01438130066045009,-0.31929964848813736,-0.0445939816750618,-0.4794539177746161,-0.09947072672998036,-0.44174699531626177,-0.07949734162540674,-0.3174135554084604,-0.13251591350994313,-0.2718040029493232,0.10703930599973525,-0.1570658799774549,0.04762999617087303,0.03254555475979045,-0.0445151276361122,-0.047037879123524626,-0.21577418967621773,-0.3737422312912142,-0.3023479747746193,-0.1859434919089307,-0.07641565667364596,-0.04600813180834071,-0.03868528527473691
-0.12245155955775505,-0.3631345671666127,-0.08057635109196983,0.04205644390652281,-0.006916770559399711,-0.11756818738399083,0.6973504560273349,0.6895731825750407,0.7223828889068507,0.506854523157882,0.5326072704313034,0.33945984870273543,0.28455044461540974,0.7913523650745462,0.8205082811923552,0.7188546990125915,0.3905152766818745,0.6128705579890786,0.6459458467894724,0.49350080373043403,0.4174274637386839,-0.4806121439269865,-0.626509794947044,-0.5848646617250194,-0.4109118934037685,-0.08313757626393235,-0.4244767186353187,-0.5130142667139171,0.8472016296531525,0.6946243293264591,-0.2567556544142269,-0.6138635400055608,0.1312421884071886,-0.2843458325754645,-0.4259444273426015,0.2625121605364414,0.361600556005771,0.41975019955355936,0.6618126818419301,-0.1917979841887702,-0.49746026828382905,-0.09323545326066829,0.011064156514253668,-0.12791639449114003,0.4018276103628666,-0.06470489256707872,0.05217648775769957,0.2283838269620636,0.15442799812105704,0.446249883758852,0.11506700221167873,0.08551229200302303,0.1332799063796184,0.3163548613001053,0.19287870236071078,-0.062488040391217116,0.25725160486756016,0.24839331272291928,-0.27155349764020514,0.12978548982824883,-0.2633257662451667,-0.37244213862394104,-0.5539442594277674,-0.38815134625211756,-0.1813156024795838,-0.40004817631263506,-0.18431145569354185,0.30593835015483145,0.25285264529833,-0.3121922926779302,-0.13791094909157664,-0.40140833150103605,0.05720919150993505,-0.14091396872553452,0.31238990778132214,-0.01016865721417921,0.05439099223290019,0.41240346596003613,-0.7541430585764017,-0.29507283327695155,0.19568335538770618,-0.30759541404601537,0.4066462486775529,0.0757380900109198,0.6630036959578263,0.42723553561149086,0.6099519495610254,0.516517007335871,1.000007953045221,0.39224866777253586,-0.39841266404014936,-0.1663043968933555,-0.27726390450022675,0.014843985462631706,0.05346955617751695,-0.026414670008321275,-0.1813362192580319,-0.10402389822575299,-0.3010395700096428,-0.09397586206430858,-0.23015871972445726,-0.20746848767404164,-0.07626372872540634,0.24097959706731764,0.12689410341585022,0.27222190442280564,-0.5419655016802944,-0.007943409001847222,0.16213582703268387,-0.01739850005486407,-0.18964554063682437,-0.20765907740651357,-0.09510831206033746,0.08422067396341307,0.15299403597985506,0.17570993517540692
0.13816751652020856,0.5017985000184508,0.15055165485986527,0.17213870557497318,0.09329277764550399,0.13759784910567352,0.4065904147141623,0.27274323005402545,0.25910465309147196,0.23805900945541683,0.4991046873924282,0.49238908489242694,0.4118498719939181,0.24918309045303588,0.2920426223776327,0.22451437340695046,0.20393878811701094,0.2242701253127502,0.18345429976400962,0.21331180890702123,0.1534661635979722,-0.4182105239851036,-0.4828236231992391,-0.5029851413549492,-0.5215353303507553,-0.22011979052440278,-0.587504068942737,-0.6089958549177522,0.30495965698040506,0.21470006372417813,-0.3493924307956366,-0.21591471541160392,0.3796125083342707,-0.04166404655599335,0.08922400035666112,0.5355928555639748,-0.041852229401760005,-0.005991091668488103,0.38427264540795586,0.15736822216521087,0.28522772567329086,0.06740395695170301,0.19443757793887084,0.031017374401269747,-0.10275336121506277,0.6264244178663301,0.6735913381288017,0.7504263676473848,0.4865016192167459,0.5000327318842658,0.5990893445178544,0.47697920324232385,0.7147280283245759,0.8614802241254514,0.7345456866674677,-0.24115826276404953,0.7083848113014917,0.758859692216834,-0.5720743820050344,-0.10859595124454154,-0.3217787101325757,-0.5109480389522874,-0.6476222558521375,-0.5911225018616164,-0.289741255047204,-0.6923727282572326,-0.6477163976497531,0.8840573782520762,0.776712399122669,-0.7050728794779018,-0.5780639304653404,-0.24953356341484,-0.3830812267094215,-0.5318471488432555,0.5709693183665121,0.5104542212598441,-0.3703000320818459,0.6497419514056431,-0.528742220051112,-0.7287453390464849,0.5509744647856808,-0.34296545977866927,0.570680112074833,0.662780612394868,0.4730565627089069,0.688091670913493,0.5698881489547059,0.6643121701660949,0.39224866777253586,1.000007953045221,-0.494919116230714,0.2019782420944531,-0.4160008155120205,0.33206886738495717,-0.5565885567285647,-0.5833913488213491,-0.6021121279009459,-0.6109653082606329,-0.5541117328568194,-0.5146536811759883,-0.43306720060919995,0.18285562176051764,-0.42469863177410005,-0.22506761126417743,-0.3942617152981988,-0.2928036127757036,-0.011290631709716909,-0.5148351238730517,-0.4927972183292653,-0.6411156548290197,-0.6684609232403693,-0.5543364175897297,-0.40828577388165654,-0.3262582611803729,-0.36290427826408883,-0.41493320531831335
0.07033167112460681,-0.22313184466468544,0.08687639720403506,0.003474595053186804,0.128500929867479,0.14315204367485643,-0.3853945030983501,-0.29702040315022593,-0.312587228209092,-0.3130583333051619,-0.35593305853992835,-0.32423584943840505,-0.30650792705797986,-0.18296076022245591,-0.39582346196879553,-0.06599011377620898,0.24951836998530694,0.028842132410337847,-0.3108151310219125,0.15829239239906628,0.22510379811616402,0.28646019302649245,0.46917575767689434,0.8715494587890651,0.7393733249591853,0.5614752735254562,0.8532703730679007,0.9102790017154294,-0.489267075139588,-0.5197095579864949,0.3912243820966994,0.6035166318456089,-0.4877481794991968,0.3089032964750155,0.1179570615829017,-0.2800443901785747,0.16656281774331394,0.3088521794255905,-0.4185154910128581,0.03302919865749593,0.029952951229162104,0.015062062364416267,-0.038483942173987644,0.019332988324766435,-0.22793686770938598,-0.09566072261892095,-0.1602106835061485,-0.2905420429809565,-0.23302843473648588,-0.3176207892563953,-0.21200139287823275,-0.20815335945757937,-0.20721580656515295,-0.35258665260250693,-0.24345976091120702,0.13137558418047837,-0.25144030504918696,-0.29242890843791675,0.2527593468991262,0.2718751745511645,0.3537890361528029,0.32665563295341443,0.297260200557371,0.5456500224939816,0.4513098981438258,0.5721974267293046,0.28390896125606235,-0.31261245251296055,-0.26506759729537754,0.27169121163274745,0.1570998750652405,0.19958677743000425,-0.007109000250117912,0.14499706583021008,-0.28161055540769203,-0.22703308865236338,0.43865873512319664,-0.3722128182967139,0.7863766311111791,0.2458436680527318,-0.6083866480671332,0.09995733279441012,-0.4720859884576449,-0.24398086902405716,-0.4927791040177136,-0.3906515862534009,-0.6012550635458206,-0.4137131706137802,-0.39841266404014936,-0.494919116230714,1.000007953045221,-0.18978993453991153,0.9560994695484996,-0.3349507391757618,0.7264712517428376,0.3857522978193982,0.8416107621279518,0.39571538295843695,0.9610730704204613,0.4034823248168237,0.957253057351668,-0.22638911507923581,0.8749746953913571,0.35440203559990047,0.7263640699895157,0.48052878791293285,-0.04521001172341388,0.2836138786306123,0.5596855538625115,0.6297181796977722,0.7211659888199469,0.7596657350783191,0.7388232917757441,0.6792904802345066,0.6327530610629326,0.5961593782842428
-0.055152739021773846,0.11844892079263088,-0.10502335946339773,-0.08068066415094169,-0.15922667159512724,-0.209066987876818,-0.056234188260737394,-0.04023741657129436,-0.025364937418283245,0.008453643649227032,-0.17610307123212962,0.0796277936515504,0.14489291683306174,-0.11891485516636881,-0.03650237560066525,-0.14554610148962074,-0.2702640790528849,-0.11995660031795087,0.0015338883340924143,-0.02865036225778681,-0.3417041096701287,0.25257325404044806,0.10535466610518425,-0.04462561573814546,-0.09031813796575601,0.0007919600176204266,-0.14646043670329412,-0.11121206970282758,0.012730777566939746,0.03737267672972095,0.1328250526050297,-0.19226830100917855,0.057588298493338574,-0.1889916618961882,-0.197437313497559,-0.13395923594265316,-0.4090446887476186,-0.33219309621535914,-0.0651148874995356,0.08804778567893508,0.27053258030199795,0.1281737354386933,-0.00023827956001976617,0.18223110130405104,-0.15907986640553665,0.022650316870323522,-0.008724463469793038,-0.023836656483446045,0.002455047750374055,-0.21988988627004724,0.0813165210510419,0.2031407820010473,0.08825428343485299,0.018972829299557403,0.14251045483103514,-0.35849001712210077,0.22193181654144886,0.1542157646124642,-0.43663450555948896,-0.44919020373832996,-0.23780941501264394,-0.41247872271516606,-0.08122494488547485,-0.48917312874156244,-0.2093810016451134,-0.6523393017024232,-0.5811630009858415,0.14699128852221843,0.0002970177709088551,0.03599009580318616,-0.22182734892092013,0.4144447206549495,0.09218663927786354,-0.14482439964014868,-0.1617354198637941,0.32375783764125665,-0.5858980981330056,-0.15821892041248742,-0.10968942240076093,-0.08142000582993217,0.07944017165406184,0.29758742278323463,0.011056101638120678,0.0492370663123807,-0.053275367882538734,-0.12194268080552063,-0.009328507797296475,-0.17302665926282482,-0.1663043968933555,0.2019782420944531,-0.18978993453991153,1.000007953045221,-0.3053154722888069,0.957952722673993,-0.43989207688932325,-0.7294586564372555,-0.2866261802678271,-0.775097761459659,-0.2866622685654284,-0.9012625140158196,-0.2859812378134095,0.9851285644076716,-0.38116677250512454,-0.9260529271092348,-0.5694255683527554,-0.8207712241859407,-0.07381234819679935,-0.6683201230762938,-0.7519433052379603,-0.7247515817370733,-0.6445902922032316,-0.6606606218977448,-0.6618075424397569,-0.7072090080070205,-0.755376879041201,-0.7666932361146012
0.12254779197401963,-0.17627306718547192,0.14452101720192287,0.06714663652083351,0.187329617391681,0.2237381707990374,-0.2728903505437149,-0.18902319786996896,-0.1914706597295151,-0.21529109947234865,-0.23774099244562763,-0.23768602029512007,-0.23229623696174695,-0.09203588300161974,-0.26055413020448454,0.016571958072421657,0.2566500458661643,0.06475911272459012,-0.24762921319791426,0.13412389324899676,0.24755637806931483,0.10649060039290359,0.3266485278058297,0.7855470362800675,0.6815744026828444,0.5369538742187098,0.7678095456870613,0.7852148400182323,-0.3933871266962651,-0.4309559926499082,0.18521413983294924,0.6077517276304077,-0.40967716578114943,0.3530613127146332,0.21522158074322484,-0.16009611878480742,0.16875701894083778,0.3187772758103611,-0.2641394395720486,0.05694305835905587,0.023172150197814975,0.02562735945910304,0.01345604679701842,0.010046998571959124,-0.16125953738508994,-0.03800853567066163,-0.10809258728285678,-0.23103598817907187,-0.1859230389933704,-0.2146571431987513,-0.13716828167846626,-0.14592248466682972,-0.14910571294118688,-0.29020932173895586,-0.18199976646935576,0.09710588359530928,-0.1978795744965401,-0.24657558187772666,0.21473968033799257,0.29050538051112196,0.36843509570940347,0.29736211186193434,0.17259935670156937,0.5458810986969297,0.48169062027193643,0.5723344771445903,0.28693089546828543,-0.25294707861810467,-0.20707141552136937,0.19391422400489328,0.12670187137145056,0.13048512879028268,0.007426618785039192,0.15143181203838468,-0.172779994253124,-0.17576372379248384,0.4586874280614499,-0.2909522272078913,0.6837019299964137,0.20261070430252806,-0.4982835603014215,0.06896233293726074,-0.3418546561925671,-0.16425385509948942,-0.33562976217598445,-0.29907278137978877,-0.44102951101940646,-0.305761503975691,-0.27726390450022675,-0.4160008155120205,0.9560994695484996,-0.3053154722888069,1.0000079530452195,-0.4387844877035534,0.7008473125535082,0.4476709049497451,0.7651314530373226,0.44637344841433274,0.9172056045817191,0.47368151468835706,0.9626426447933072,-0.360471467347426,0.8960927483199559,0.5039734040565838,0.7901094911003081,0.6096074255955389,0.0020114528141893123,0.3520575111421467,0.6307589786201748,0.6641310218208166,0.7313429022710632,0.8166644829370999,0.8464907162163638,0.8010587288413858,0.7395267491788537,0.6879471055872673
-0.05901305495066534,0.13167215135910498,-0.09951843818219835,-0.05895504593612195,-0.15226228357415383,-0.18975001727495297,0.0456877226813978,0.031737513939661864,0.04404235488869665,0.07930103504135709,-0.046950923774409035,0.12300110423417596,0.16872299353133013,-0.060239573714145817,0.053039572430425945,-0.10243973434013597,-0.19735860992510973,-0.07020640341383559,0.061650765395781536,0.04095139891277881,-0.2070645948948917,0.2090177705114998,-0.0002558416540237728,-0.19561101177907314,-0.18752432629847435,0.023709834290396255,-0.26382344027083054,-0.27731000086667934,0.13163596558989274,0.13058841232038323,0.059252703738145666,-0.31690851677365967,0.1560187503551874,-0.22183578991167818,-0.24363528086188632,-0.039004055137545374,-0.30833077798739666,-0.20572702055611047,0.04384138749512081,0.05997297983436182,0.17820181856587808,0.1030406220670191,0.016325532300188232,0.14448479500241676,-0.023019175714923346,-0.009271291215546634,0.015440572055636224,0.07095988918753117,0.092345941741103,-0.0815284466689449,0.07385947663126256,0.16922782511027795,0.08246158365683273,0.13197297288863213,0.13803507732028544,-0.28781274256871187,0.2248517570837049,0.1974001212436607,-0.444536125711632,-0.3630954103362494,-0.31843761083158995,-0.5246765114451718,-0.2405538006093743,-0.614656986349191,-0.25111203659480985,-0.788305232630396,-0.6431630809408019,0.23341950265318714,0.09459596910458004,-0.07809849225518742,-0.272443036134483,0.22951435157704575,0.06721947364766487,-0.21517300099865716,-0.052198239831454434,0.26253914691800534,-0.545716987233746,0.025252835928098124,-0.2896045148597032,-0.19815307650504907,0.1957040864169429,0.1725811949421104,0.11427588939953773,0.0868755900932903,0.07268602077643246,0.04735079867324007,0.13069955763096597,0.01438130066045009,0.014843985462631706,0.33206886738495717,-0.3349507391757618,0.957952722673993,-0.4387844877035534,1.0000079530452228,-0.4848098431308348,-0.7647642435248845,-0.38077867440546326,-0.8266642268027191,-0.4098584649734345,-0.9519333133543516,-0.4074226824097604,0.948610555334031,-0.4681993565499942,-0.8971845253819272,-0.6026067547367808,-0.7953067940776257,-0.1715354660995248,-0.7013437744536951,-0.7542319954024349,-0.7690689814986854,-0.7267644269431116,-0.7641189707612978,-0.7506633864297733,-0.7455241622622991,-0.7686982348948985,-0.7700787227647915
0.0036566851252597924,-0.6312304032816405,0.03466040664327332,-0.0706086168408252,0.11594370876029157,0.09225736754517179,-0.2631156625657317,-0.18460506507727148,-0.14454849461697958,-0.30220169651875567,-0.30807794931977667,-0.36445893939044477,-0.3563684482482281,0.12138335966986025,-0.03899942373268738,0.2557451723670217,0.3845145541952065,0.33903678513526414,0.17138751912409148,0.3439439400835445,0.5064202632394841,0.23928718311526695,0.2629268369957913,0.4905488633994897,0.6310145127961245,0.5650395520328472,0.7432566596805078,0.7617188509491276,0.017146098593909483,0.0018752712082012576,0.521747710276631,0.10539581994922595,-0.6847552151792472,0.26815743413105736,-0.259909513793683,-0.39803377719518984,0.4943542055168194,0.6624098992417261,-0.3262540106790405,-0.12215888798000973,-0.37864416586018396,-0.10543035668519583,-0.15895906090993434,-0.1411381614279085,-0.026778915961384965,-0.361673367286764,-0.36230782565482605,-0.39206844859817375,-0.34893043092016685,-0.2631050616309254,-0.3901209095634399,-0.3983124414218805,-0.3894748206128869,-0.38118961515199956,-0.4010989685769396,0.3630566372876366,-0.33863992243952495,-0.3495816444867333,0.3242459831905097,0.5688527620988587,0.38857750941589425,0.299224067703199,0.11599017826166423,0.5565066328318938,0.5081696464890036,0.5904985165928411,0.39844186503630774,-0.33811745687376704,-0.26960127979987253,0.23143277014665123,0.2576864100836429,-0.026743930101941395,0.09965351760116066,0.20689259718683253,-0.34669839420479914,-0.5111479953037604,0.7279222315147612,-0.3169224650082133,0.49599279816422975,0.24835211706461596,-0.8026882389095785,-0.06388883147201764,-0.5740674863069725,-0.48452052663503503,-0.4328816682461597,-0.35957834553093243,-0.5863413872484246,-0.31929964848813736,0.05346955617751695,-0.5565885567285647,0.7264712517428376,-0.43989207688932325,0.7008473125535082,-0.4848098431308348,1.000007953045221,0.5899137848198955,0.9540631091049833,0.5614182891269185,0.8708343164482047,0.555116742337809,0.7846516124968426,-0.4850862407982846,0.8782532153798698,0.616228600468425,0.9156190224253125,0.7674309903976296,-0.465306324458939,0.485827959721689,0.8646100133408069,0.8719492372929105,0.8571879343109804,0.7941662860356543,0.7524302686502803,0.7923713440971222,0.8401070708518923,0.862492536704533
0.1856601475926078,-0.3804122631268133,0.1719053382272022,0.10904788008043258,0.1969428092550767,0.23119906235858545,-0.12400440600320885,-0.057291432496608126,-0.0641273587174598,-0.12754156360322005,-0.08117806605837043,-0.35299845021661114,-0.386733373662658,0.0848232394610223,-0.06320437781752664,0.13907756449051317,0.26758286967458095,0.10920778653509278,-0.05975883556819841,0.01673511606852376,0.26086309341606073,-0.18606473794022552,0.015547966822247216,0.2353228669249747,0.14648013130119855,-0.011092148825739877,0.24947560516560932,0.3791646399157077,-0.1489858503468838,-0.14857065609924888,-0.012751533939967403,0.3809589400532107,-0.3215519593951299,0.35093053299847504,0.3063437648632053,-0.13217914240086973,0.4742146548140617,0.21732718440741508,-0.09792969743422397,0.052748670591831595,-0.23362682929169573,0.03919034938565467,0.04564400173394076,-0.03640751649233356,0.2584310742979306,-0.3024380199027889,-0.2564735815664552,-0.2346166149332675,-0.14764576537759144,-0.04808945323453986,-0.38595685773762645,-0.4530244722568483,-0.29957846181646974,-0.30967303283955977,-0.3329676380135215,0.3401756854179393,-0.35645226549113657,-0.28329509539086944,0.360133343579752,0.31966950169935787,0.07476366048443953,0.21364879756483235,0.2399214820235933,0.3871116026884221,0.09975730590497638,0.6278979281343045,0.9101860783327629,-0.5406466327618351,-0.4321905432255707,0.4177518422197151,0.7231502426216393,-0.0691636187753725,0.42784592150062467,0.7418455289710545,-0.09897308187951889,-0.5303812653228414,0.476813118569815,-0.10316810994929188,0.41599528594770274,0.692360342638727,-0.397096446794798,0.26053517790603953,-0.307468235173811,-0.22636235777429478,-0.1628688350650444,-0.10685148967020382,-0.26049026070845754,-0.0445939816750618,-0.026414670008321275,-0.5833913488213491,0.3857522978193982,-0.7294586564372555,0.4476709049497451,-0.7647642435248845,0.5899137848198955,1.0000079530452217,0.4514110017958264,0.983373864340954,0.4407770266607152,0.9037201723197608,0.4548471113484712,-0.6908490117892828,0.5029188526649415,0.7209091598552824,0.6050756797612086,0.7256616979604178,0.23104596665295088,0.9753379513265303,0.8618853898985024,0.8653747849599636,0.6956725122340875,0.6604761253579421,0.6152160272453503,0.6248866343253376,0.7084253713621768,0.78346339896099
-0.047486492034842745,-0.5399877112452537,-0.025053848389027994,-0.14161600700393318,0.0411174861675254,0.021032380035489694,-0.39897609632025655,-0.32626174595555485,-0.3028876346745624,-0.41062024701879946,-0.44270913142379315,-0.3907800228397987,-0.36035919484560375,-0.04558076076189479,-0.23780035808974267,0.09101081494803656,0.28682515649991186,0.20263449986202053,0.019204829847918027,0.2531218214126341,0.39008439686140256,0.41197442104228404,0.45475531739792935,0.6729208776338589,0.7661511200920723,0.6301452108700876,0.8813369323568873,0.9004653376313849,-0.18105164965729048,-0.17348377085537706,0.6458041576674184,0.2143111230216065,-0.6978390345893913,0.2361162069086808,-0.25434427583581215,-0.48647011231002146,0.3518677802706823,0.5644972452960153,-0.499316937151419,-0.12602856629555578,-0.2633421915840781,-0.11558623509249362,-0.2093675424291223,-0.11839811734156949,-0.18321441764878044,-0.32605662036221533,-0.3633014391015339,-0.4433357854467638,-0.39364014837259703,-0.3882239619856439,-0.370950225053729,-0.3522621825952156,-0.3985243655800664,-0.4444584700800805,-0.41725926581842643,0.32047842650719033,-0.3631683420220045,-0.3949820932678827,0.3499273602523857,0.498837844663254,0.4547263191142653,0.37906415613895944,0.24699988338649853,0.6240275152868306,0.5581121758589419,0.6267175205664554,0.3128897517043299,-0.35496700135041076,-0.29112190541028266,0.27170937502459025,0.1869016830726145,0.09064032356868715,0.004219371606819285,0.11533025762342974,-0.4471829074684484,-0.4385917152096704,0.6693604465778682,-0.4370484981345131,0.6516395930785286,0.2216974368998957,-0.8382536557368904,-0.0439597756540574,-0.6571488272798389,-0.5143889015982727,-0.5973475346456912,-0.4867627967090189,-0.7328773849799424,-0.4794539177746161,-0.1813362192580319,-0.6021121279009459,0.8416107621279518,-0.2866261802678271,0.7651314530373226,-0.38077867440546326,0.9540631091049833,0.4514110017958264,1.0000079530452206,0.4482454540987168,0.9496962247886767,0.45407074312438017,0.8351232298162252,-0.330127161967494,0.8731649347904178,0.45505452760026593,0.8325124403445823,0.6084331384304545,-0.399677789796073,0.3356042356662337,0.7219277238984607,0.7845512629371568,0.8482842469213231,0.7901954633208937,0.7223694721164955,0.7118072449262172,0.7266102915777625,0.7293808021864514
0.12486452966026917,-0.32648585300313215,0.12503686149958337,0.07034871163125848,0.16137129718939042,0.19131604730313817,-0.14370032640542157,-0.08133777483254861,-0.09499224265665235,-0.13515411175212177,-0.08903847370865293,-0.32572824290315006,-0.3563425756060073,0.030927368460812735,-0.11357586581200388,0.07829862905159124,0.20049995640707938,0.04505126305504093,-0.10783872799273218,-0.04756022540943092,0.17829032576530562,-0.141798437105685,0.07339652628997971,0.2730372721543604,0.17174776315167584,-0.0449881095019527,0.2780691583355976,0.4002550659097007,-0.20411655247632235,-0.1895388904995631,0.00887188093878723,0.3970894313678791,-0.29187324254299196,0.3015596502970877,0.2953049844550068,-0.12426508900763805,0.39694650317518615,0.14604125849928026,-0.1286315051938753,0.0032937110143474364,-0.22208058436620176,-0.013748130923688701,0.005937379420483901,-0.07337468330187656,0.18412919907468486,-0.25144947687781355,-0.23128272547593456,-0.243812173824044,-0.16057207742327642,-0.05324791806724136,-0.3381743674790852,-0.4050827110017246,-0.30161939451798353,-0.3461953764157401,-0.34922548604188214,0.3387729600425904,-0.4034641443303743,-0.34047795756672383,0.44967630921101787,0.2830478345695434,0.11394832705459196,0.32479601450114776,0.3602583107458726,0.4651285524619491,0.10296740922116299,0.7180560741769805,0.9377192320327191,-0.5746153552888613,-0.4540311326984998,0.4535457639811601,0.7190622091523321,-0.09514235735145181,0.30962308537049876,0.673226036744434,-0.10007844378480094,-0.4842885813067019,0.46878003716374944,-0.13643890512864149,0.44079802934485035,0.6695599586988256,-0.37338844733887167,0.1846060385509818,-0.2939998087192677,-0.2293794594791056,-0.18787123836480635,-0.14938557250184956,-0.27868984174687567,-0.09947072672998036,-0.10402389822575299,-0.6109653082606329,0.39571538295843695,-0.775097761459659,0.44637344841433274,-0.8266642268027191,0.5614182891269185,0.983373864340954,0.4482454540987168,1.0000079530452208,0.4462170341513031,0.9538591060208432,0.44581525378444126,-0.7278919109207158,0.48294704774330804,0.7273398830039944,0.5763270243526384,0.704696531887277,0.26060556025019854,0.9525455168344089,0.8277081633749063,0.8577677303281404,0.7223638985132541,0.6877391106446046,0.6239848503288925,0.6135195244363116,0.689817974747082,0.7574564663026243
0.018581717847240185,-0.3602145657685383,0.04739831670163209,-0.051184183177227165,0.11091977281291415,0.12238946733883657,-0.39754544122525726,-0.3179704711439177,-0.31936175088379704,-0.35894612148158933,-0.3775592007973073,-0.3614527560855514,-0.3443268941994644,-0.13698681417050645,-0.33406118215514696,-0.003496903398326129,0.2725321992792845,0.1005362437897003,-0.17101602713042333,0.18903808045299297,0.32873058969838,0.3568808086686888,0.48058406656739616,0.8032524920301223,0.8045063761095108,0.642840017268362,0.9094577705329366,0.9232723481720736,-0.3603458004449896,-0.37017440963373327,0.5001324521301181,0.44010650438811777,-0.5817715588671308,0.29924109946075833,-0.03829278251820445,-0.3484939050780104,0.2697502999971827,0.4643421794317187,-0.4521836258223437,-0.050874157722017345,-0.1196459762628505,-0.05987665682840683,-0.11421277189661559,-0.06217153215195805,-0.19990085136604926,-0.19225076047999756,-0.2512609825030792,-0.3659966659125275,-0.3112049486435699,-0.3300501703746196,-0.28288439627455947,-0.28292149926016746,-0.30094655274530413,-0.40227033965356696,-0.33354695158685826,0.24482757210479145,-0.3163805499348443,-0.3543960380460284,0.32340207162276796,0.4307405174085222,0.46701822412912064,0.39336822826854856,0.25775392765083427,0.6466185441006909,0.5737061162053961,0.6498231911288808,0.2971811079301361,-0.3285375398330802,-0.2658607889960398,0.2496443667768308,0.14641512385834682,0.12372562751558301,-0.021642838679418974,0.10966227451405115,-0.33738200030124027,-0.3398489569916861,0.6080339729297572,-0.40160702853308056,0.7379715094049811,0.21042332457307986,-0.7141529286815288,-0.0002690837879469963,-0.5494979400529378,-0.3679346178577425,-0.538009172928383,-0.43587852670606836,-0.6627153778105721,-0.44174699531626177,-0.3010395700096428,-0.5541117328568194,0.9610730704204613,-0.2866622685654284,0.9172056045817191,-0.4098584649734345,0.8708343164482047,0.4407770266607152,0.9496962247886767,0.4462170341513031,1.000007953045222,0.4687203850682419,0.9431712768415131,-0.33479256984071826,0.9243744579166335,0.4694109738852541,0.8355823868722602,0.6066614352044585,-0.22371985683720805,0.3232430477514777,0.6842958910783097,0.748035540364983,0.8375237378426899,0.8427426055230597,0.8069684707101706,0.7696985193045607,0.7447876934394807,0.7184236013474455
0.07658533929093707,-0.23443271136535504,0.1029163917288798,0.05482103317292991,0.15394956269668733,0.18550604502217347,-0.1175582297603523,-0.07533507418746864,-0.0906080923002335,-0.12230939164293773,-0.035854207670486235,-0.24207768584054007,-0.2807988433935449,0.022437235391344137,-0.11140808934026283,0.06882762093231681,0.18472846447715374,0.03524991994746588,-0.10805929778515182,-0.06537004384746452,0.18348527166301645,-0.13489735603435854,0.08308489590840208,0.2786351853017219,0.22392808249963286,-0.015126395624251653,0.3183012434598275,0.3812279432587981,-0.1984706614248643,-0.18424284185676598,0.002338654836074687,0.3738360398543851,-0.23981851759754616,0.25889331101855934,0.2617698405287011,-0.053602247724675894,0.35338349632712146,0.17720246399824155,-0.111925125809821,-0.045039775791408325,-0.2108504678168723,-0.07537636267973478,-0.01830767975168544,-0.12293920273627451,0.08670843841658216,-0.12593009294342278,-0.12956674464735748,-0.17185337459763492,-0.13390953426649885,0.005130909609780813,-0.21950171135296628,-0.30575997586723763,-0.22268240460539837,-0.26897026507665683,-0.28497357785227007,0.3524639037532768,-0.3694207359687034,-0.3143443010114359,0.5143674083932066,0.34297935007723557,0.24813530483963686,0.47731408424629873,0.35663651677655894,0.5945115502554358,0.2040693234734672,0.8151680528637388,0.8320660844934021,-0.4454139534788712,-0.30259417852181325,0.2983446202087216,0.5222150527622832,-0.18587575718057286,0.08650138540584867,0.44007048631700707,-0.03413135287136796,-0.3993916177829215,0.5439926169343755,-0.09186263670143739,0.4006490186880165,0.4489654274312642,-0.30831961225906995,-0.021325332898034163,-0.22561310724457798,-0.17704971485366303,-0.15892451503605354,-0.11758723393093602,-0.23795485020049056,-0.07949734162540674,-0.09397586206430858,-0.5146536811759883,0.4034823248168237,-0.9012625140158196,0.47368151468835706,-0.9519333133543516,0.555116742337809,0.9037201723197608,0.45407074312438017,0.9538591060208432,0.4687203850682419,1.0000079530452213,0.45711475392178824,-0.8668459870377583,0.5037490374390244,0.83608111399884,0.6147153326659752,0.7719992932041179,0.21316302512052543,0.8475029823305523,0.8191081478760175,0.8535669618761249,0.7750062139694579,0.7706540913392744,0.7197534443812793,0.7049123007139851,0.7559998388419238,0.7912220639211143
0.14789139728608566,-0.23996232280037796,0.17313128229527208,0.08076201383736845,0.22498708120188599,0.2807578699076313,-0.2966230303298685,-0.20699810802418173,-0.20028357875812,-0.24169161864769723,-0.25882750968898693,-0.26309067374147393,-0.25497892224699326,-0.07149069843480049,-0.2247079210379318,0.08399386583298984,0.3033430525870851,0.19848189760453816,-0.13913243120245863,0.323757400641881,0.257368058975649,0.09908284975519513,0.241227695667519,0.7023690829126267,0.6206506653221651,0.4901954457105236,0.7428261478039504,0.8438323971944071,-0.31385826996605976,-0.3724508690164034,0.28714519346514433,0.5645278927809991,-0.516223973745045,0.4293229248637003,0.15869743008973827,-0.18092952762866754,0.20024527699406783,0.34390051306191705,-0.2824175016849626,0.06541005174118564,0.0032512149513799714,0.03289736144400045,0.017266891100100587,0.010274386686264063,-0.1608661045896238,-0.06194143744252312,-0.13023446747161777,-0.24958595023013058,-0.20422201480693802,-0.23420780065894187,-0.1621106570810042,-0.16744862289802215,-0.16710472361034442,-0.3063012311947615,-0.19819383848797847,0.10240945775329426,-0.20896755396968045,-0.25622162894491624,0.21996170427019154,0.26268718470956426,0.3067823951297178,0.27968592964473404,0.2056562212424386,0.4900060272379553,0.40271710894764007,0.5336756867760644,0.30647841351824134,-0.27751966619083707,-0.23392621565611194,0.22917468239643354,0.16444252279913682,0.13986574876862282,0.026511893690570935,0.17321212741352102,-0.19195079771889365,-0.19739780980505953,0.43444838200651803,-0.3061734452376543,0.7105671615651306,0.2299199278504919,-0.6075985694209625,0.08010430473068707,-0.38731568362929686,-0.18826941958135984,-0.367747080347728,-0.31446167015008025,-0.4951391582692546,-0.3174135554084604,-0.23015871972445726,-0.43306720060919995,0.957253057351668,-0.2859812378134095,0.9626426447933072,-0.4074226824097604,0.7846516124968426,0.4548471113484712,0.8351232298162252,0.44581525378444126,0.9431712768415131,0.45711475392178824,1.0000079530452202,-0.3360215611305478,0.9666784119202209,0.48265422850763634,0.8539250141946575,0.6229572096032805,-0.12912647946890282,0.36316670519911903,0.6632121795613685,0.6733967596130694,0.7113437665552361,0.7676674295831776,0.7868893329573325,0.7763882605897464,0.7470338155407729,0.7134886045054241
-0.025274713117026785,0.1348551198164426,-0.08292187840805633,-0.05247862153489783,-0.14833107556947137,-0.20695638548469292,-0.07883667036719191,-0.054499477456475924,-0.042510237089358104,-0.0012892993085357285,-0.1884979669916681,0.04008013656549904,0.103009637233575,-0.13783850664235733,-0.06421347759255193,-0.16988953909304233,-0.2940474576219783,-0.15125444890487547,-0.02847387335999585,-0.06344649496769848,-0.38580296076339876,0.2551432302899457,0.11598888515439001,-0.057097632309014115,-0.14399540498790736,-0.08105495464779737,-0.19183185232396288,-0.12315023418240831,-0.021199599147261432,0.011255717941910723,0.13333452820187597,-0.17221339183818912,0.06242071887586832,-0.1856878359822011,-0.1625907496379285,-0.1359033513641614,-0.3974155980067477,-0.3963944539482978,-0.07908739101830897,0.13072835595170082,0.3079683134210943,0.17265014939706058,0.038594316335345456,0.2255697569255912,-0.13926235584898902,0.011940124736418329,0.01018080461323584,0.014954476066829914,0.054586917922037674,-0.22073751592749596,0.04301185891348657,0.15343590077506541,0.07235919253307795,0.04373111256134119,0.11082593052024577,-0.2988404853056555,0.1671089256483961,0.1528080193384704,-0.37167096079000017,-0.474098484153642,-0.28276792594009414,-0.39930555998101175,-0.012856310328272624,-0.5077255638580171,-0.2806440956517321,-0.639509335128261,-0.5073838843188775,0.11084177057667349,-0.008758933079208001,0.05751538759408231,-0.15693745487846264,0.40052250532683475,0.1127678731697542,-0.08590940705727064,-0.1513452003016452,0.2763620401424134,-0.6117177418523023,-0.10279164496211601,-0.09302464134631133,-0.02190368782368801,0.08832755622935923,0.33762107568516636,-0.00450518459555415,0.07823303901757847,-0.0665350759402748,-0.0741674369601026,-0.018582340488537935,-0.13251591350994313,-0.20746848767404164,0.18285562176051764,-0.22638911507923581,0.9851285644076716,-0.360471467347426,0.948610555334031,-0.4850862407982846,-0.6908490117892828,-0.330127161967494,-0.7278919109207158,-0.33479256984071826,-0.8668459870377583,-0.3360215611305478,1.0000079530452217,-0.441900048836913,-0.9667992504949746,-0.6369279554512433,-0.8755752102944471,-0.006324112673055911,-0.6326441480464323,-0.7734706242066235,-0.7333359890391882,-0.6687836288737109,-0.7001949167712116,-0.723144880336871,-0.7773626469560622,-0.8123993083727007,-0.8090603264482333
0.14205131918149339,-0.3347059193389733,0.18402735040568696,0.08516099925578785,0.2597103981923739,0.32338097848542025,-0.24930700273083717,-0.16542583777252837,-0.14267202059957595,-0.22110192347150429,-0.20501067354403965,-0.257011673603995,-0.25966057053045183,0.010826274563143229,-0.10110004425698756,0.18674110446602263,0.35261485010946203,0.31067382484194767,0.021582406432248628,0.40729046242454,0.34944535816661126,0.07604730969901327,0.15513636490038382,0.56352175021533,0.5907414452377316,0.5050159397243212,0.7060230471005847,0.7892934727783797,-0.14061841638033232,-0.1961969307408821,0.31073779286987413,0.4037985097922837,-0.5696589915077473,0.453772854796859,0.054605804021311086,-0.16135151769453354,0.2943731124659952,0.46169901279902387,-0.2246126896080176,0.018555449147199636,-0.11546068291858527,-0.011469658558008494,-0.0026357506866630524,-0.05113957009143767,-0.10085960850271214,-0.0999818900384406,-0.16222542809472243,-0.2632098937738425,-0.22874754471595574,-0.18098672713827507,-0.18030766849445165,-0.19984879360447155,-0.19528881850607913,-0.3034580290899521,-0.2216144617205064,0.15904834932520298,-0.21905445619409347,-0.26740001726340407,0.23935187551237055,0.35775010691920534,0.336828882787649,0.2856866496617377,0.13435183812380333,0.5045767200668041,0.4396390184471087,0.5407728841886948,0.3159186148296874,-0.2635617639296215,-0.21624585609384603,0.19382559728270377,0.16065765877810095,0.04999677922689192,0.027667873765827338,0.15419018900751372,-0.16692073008132174,-0.2570010927385293,0.5292022733150398,-0.278089546224509,0.6097309660717224,0.19065867626111485,-0.6528160533048635,-0.004789609691551266,-0.3808734445005729,-0.22927463556224392,-0.3205334550983941,-0.29025078853399777,-0.4654752259073134,-0.2718040029493232,-0.07626372872540634,-0.42469863177410005,0.8749746953913571,-0.38116677250512454,0.8960927483199559,-0.4681993565499942,0.8782532153798698,0.5029188526649415,0.8731649347904178,0.48294704774330804,0.9243744579166335,0.5037490374390244,0.9666784119202209,-0.441900048836913,1.0000079530452206,0.5941885385281849,0.9492260051972602,0.7448223880071954,-0.2952580952559114,0.41032057334515226,0.7663650162536811,0.7431595982861198,0.7532040197361359,0.7896004336371267,0.8132766097307607,0.8427090971094101,0.8402130994360923,0.8183023074964492
0.04494828683627962,-0.21041095474981902,0.10734292675057298,0.06529544064193298,0.18690255845466086,0.25652719418322695,0.06747376058977199,0.05532133559028267,0.04960793992435838,-0.008435927431859207,0.1745276309581729,-0.07143381852396227,-0.13392682386572322,0.16067586188202382,0.08359412128263674,0.2166563337142908,0.3537600794764731,0.21202453622054368,0.05481722090517221,0.1393109915363002,0.47375536015718517,-0.23498313133778478,-0.10178992254572966,0.1353784161290451,0.2569665165061477,0.2311520594702264,0.30114673951063714,0.21722933421141322,0.036498647504403826,-0.01004509396980133,-0.10649622283569316,0.20186149690259833,-0.13708354927352584,0.24757989348567044,0.14932686213888524,0.11589510067001679,0.45155987690237576,0.5100471604075588,0.07618707589128808,-0.13571362876502455,-0.35566451912328956,-0.17691851359292052,-0.04032227240456117,-0.24492523732248572,0.1779877686694495,-0.06816838674198711,-0.07063433038151343,-0.0740558433877809,-0.09425205783848148,0.20458342863395987,-0.08780293809514292,-0.1929523255111193,-0.12529944374922433,-0.09521684935178247,-0.15360527613356084,0.30942275504257283,-0.17913357099055915,-0.17782884908644958,0.3239213230588528,0.5477904314370604,0.3373192856381277,0.3382020196089191,-0.08074484614693196,0.5255537162632644,0.39092497205346555,0.6232554276212701,0.48283092281244544,-0.13543408573564056,-0.03765499673073811,-0.03005715301401239,0.17593251518570016,-0.3819547471365764,-0.04041310999956977,0.13160991111558112,0.1278612289078863,-0.32481220708471614,0.6855189880301322,0.06016784391341427,0.146431576993364,0.05595162185653046,-0.1763944325689037,-0.3014539388768236,-0.03627149225714052,-0.12651395746440444,0.0484032398909361,0.03676277992403548,-0.023545817757765656,0.10703930599973525,0.24097959706731764,-0.22506761126417743,0.35440203559990047,-0.9260529271092348,0.5039734040565838,-0.8971845253819272,0.616228600468425,0.7209091598552824,0.45505452760026593,0.7273398830039944,0.4694109738852541,0.83608111399884,0.48265422850763634,-0.9667992504949746,0.5941885385281849,1.0000079530452202,0.7783758974716449,0.964213287948795,-0.0808812492025051,0.6576669355180261,0.8692797949922771,0.8101455695036563,0.7412039997985598,0.78250454863556,0.8273717347783405,0.8924236817792185,0.9204612190844301,0.9122944523350596
0.09949163876891207,-0.4200829037582041,0.1579934724575277,0.07324493610573123,0.2568396072371068,0.30970026009659757,-0.131657537515961,-0.06604689108724618,-0.03809218570036997,-0.14386174860591094,-0.08310615133900462,-0.22417418253887486,-0.2484033563058354,0.12425550184014664,0.037706230717103086,0.2758662306738361,0.40925441660754397,0.36357474210805896,0.1320511122377122,0.3988634924527195,0.4846344174607534,0.00698452475969765,0.06219564198023107,0.40556628606228073,0.5311899689712029,0.5037849220942341,0.6230810155395942,0.6336823236629743,0.023462245386355076,-0.032621019731059846,0.2344791717904138,0.2384226370194221,-0.5110925077978506,0.3948566272003318,-0.0233241524827243,-0.10570199608936028,0.42992211727238383,0.6024714795067113,-0.10658965377684926,-0.0664894667872971,-0.29386033047082777,-0.08624512334329824,-0.03703217148248399,-0.14448659095137614,0.026307045903128917,-0.15674502250295008,-0.19282029100361053,-0.24988938271553532,-0.23079254594804816,-0.06130009229772804,-0.20205996103968474,-0.24972435548348673,-0.22452977610028968,-0.26884158024214966,-0.2445908717548131,0.25162296873162115,-0.2278843720284309,-0.264667703413997,0.26749802584495336,0.5054362975906411,0.3685564987658015,0.28538836132951817,0.010994728864082511,0.5266503729375493,0.485042319430647,0.5663761870932111,0.3661219865296577,-0.23664836890903632,-0.17742321673599928,0.12659651339001332,0.1757823682630769,-0.11487702468788502,0.040159489694558494,0.15324347708355832,-0.09967360204908399,-0.3499333181693749,0.6678623591376178,-0.1891535154787134,0.42711359277718713,0.1466042314526191,-0.5883773219334776,-0.12754019112585513,-0.31121589279104955,-0.2651499356849832,-0.19814953150818163,-0.20750208394473824,-0.345184049525505,-0.1570658799774549,0.12689410341585022,-0.3942617152981988,0.7263640699895157,-0.5694255683527554,0.7901094911003081,-0.6026067547367808,0.9156190224253125,0.6050756797612086,0.8325124403445823,0.5763270243526384,0.8355823868722602,0.6147153326659752,0.8539250141946575,-0.6369279554512433,0.9492260051972602,0.7783758974716449,1.000007953045221,0.9031471916937589,-0.3807426785997645,0.5155036256990297,0.8925109761752965,0.838732907566771,0.808933877951384,0.8282462322208703,0.8603775490630593,0.9266623553776732,0.9498532913323923,0.9404241466395026
0.05961889105821904,-0.33873478975836885,0.12525884364636522,0.07249871776578339,0.2226460923093218,0.2862911060080829,0.029164185365437807,0.04465126213995423,0.0519203140344772,-0.031996874873726495,0.11597678682749879,-0.13327964477285087,-0.18841761937175314,0.1870462041518266,0.10985719569311288,0.2763258700054582,0.41907902877219216,0.3025104360325351,0.11430769706223112,0.2664818740813298,0.5480332286014813,-0.16628183560600127,-0.0719939421484768,0.20813077493999096,0.35345481882865865,0.36414259691905615,0.4120180601435327,0.348099579410102,0.07901111987408195,0.019410902648209823,-0.0005115809394076591,0.18342125052219985,-0.271661582060021,0.30139505551856416,0.06692491351225563,0.047178423349491454,0.508009152062513,0.6151844148078897,0.04784927969026272,-0.13451282091828945,-0.4034949410729178,-0.16139890596843456,-0.04420109897127921,-0.23562265942185648,0.1898792915192621,-0.1464903279939183,-0.14826143746331732,-0.15036214698768466,-0.15078158690296165,0.14105485826882608,-0.16108835041484854,-0.25155221121526045,-0.19188943924298474,-0.16314091803945788,-0.21120731957904018,0.31814707559641964,-0.20642567458490607,-0.2146966395284028,0.29130833538873074,0.5847835251816179,0.33564511808008124,0.2722965178822968,-0.10780840110963784,0.5043257682521225,0.4377754829757594,0.5820586080987062,0.4650272446204879,-0.18468533082812658,-0.10548769967220971,0.033338392419923916,0.21529486203286466,-0.3273288755797611,0.03660899755286829,0.17965156719968273,0.05977446128206721,-0.3858870705256407,0.7242102215587679,-0.008718937746935686,0.21108675468623372,0.11113774703979415,-0.32967673534736314,-0.24457899549642922,-0.12603507340637007,-0.20097880190206932,-0.005686889954366995,-0.029851489147137065,-0.11313793256197277,0.04762999617087303,0.27222190442280564,-0.2928036127757036,0.48052878791293285,-0.8207712241859407,0.6096074255955389,-0.7953067940776257,0.7674309903976296,0.7256616979604178,0.6084331384304545,0.704696531887277,0.6066614352044585,0.7719992932041179,0.6229572096032805,-0.8755752102944471,0.7448223880071954,0.964213287948795,0.9031471916937589,1.0000079530452213,-0.23340611955640428,0.6564269532830643,0.9384125423526095,0.8645129695839929,0.7862428982051148,0.8110945607760048,0.8575797867784813,0.9409017516040887,0.978779188996097,0.9779811682358518
0.2803966058966788,0.5071404435979753,0.1643636896218553,0.09347084805582916,-0.009635878701311095,0.11885889393929204,-0.1594672993500352,-0.21562394984489283,-0.27682333649163565,-0.15114686277129014,-0.09310908907064497,-0.026634872137317914,-0.022619982453820377,-0.3177149527783768,-0.42454592861190277,-0.3709796952012905,-0.20786126922863585,-0.42452952486193785,-0.5162170188071453,-0.46339452303061884,-0.37557070124908326,-0.2867210565355365,0.004937340008146743,0.10851540645745905,-0.25386836108828265,-0.45269124007185174,-0.24516473685178164,-0.08467005697994753,-0.5929308746840809,-0.5471619408431455,-0.39866700792041515,0.6773954819055616,0.25830776186554993,0.23923246482704133,0.8058578097573207,0.05921329456470673,-0.24417959089284588,-0.5841725659610651,-0.1693371384788502,0.3452762824288204,0.5303944609798963,0.23433391854579846,0.17082475397293181,0.22399159632232044,-0.06371531051270678,0.18888279436116573,0.17688492830678706,0.14671790622817169,0.15522630286390682,-0.06257368120533938,0.0801028123508722,0.06779763279170789,0.19001902354402553,0.08544112628304924,0.16812270811097862,-0.14874613800209052,0.08644996895921142,0.13339309998279297,-0.053215099986070276,-0.33556364392169735,-0.19269311807432482,-0.02549543126306507,0.2008292351689198,-0.0627926310947712,-0.28508816774557716,0.08989697390931206,0.3353981928684996,-0.08976532289800966,-0.063852344891947,0.12512240356589863,0.2685979213794429,0.2525068881351143,0.21470747413454577,0.4265377873027549,0.04494471288381659,0.16233300548498,-0.3443076970886573,0.03977234520928472,0.33341978204960404,0.36602886080288205,0.2969234897045049,0.45869915244927517,0.05250895943382447,0.2789522434968131,-0.10658337696223624,0.07737940363345763,0.006499375272136646,0.03254555475979045,-0.5419655016802944,-0.011290631709716909,-0.04521001172341388,-0.07381234819679935,0.0020114528141893123,-0.1715354660995248,-0.465306324458939,0.23104596665295088,-0.399677789796073,0.26060556025019854,-0.22371985683720805,0.21316302512052543,-0.12912647946890282,-0.006324112673055911,-0.2952580952559114,-0.0808812492025051,-0.3807426785997645,-0.23340611955640428,1.000007953045221,0.29377988754075174,-0.1808131284948636,-0.10451615549442608,-0.14023607518976125,-0.049239249517630805,-0.05139905883547645,-0.17668162021810818,-0.22724357833492353,-0.22745230159149255
0.16483688573860936,-0.33048422942381955,0.14784198684502622,0.08052596723219713,0.17147533140421234,0.22698676428449463,-0.06664384696355696,-0.020872328555636168,-0.03152847195069425,-0.08275260009259919,-0.029525981923880576,-0.2643233280903891,-0.29948448018996665,0.09061761030250508,-0.03090846069103615,0.13696636123974512,0.25223020542426455,0.10939165466507404,-0.047000957270562804,0.021407663425347803,0.2108259404607369,-0.2761971025417296,-0.07637154724123284,0.13547417033801945,0.01202564130062564,-0.11699303411436635,0.11750545035797877,0.2824438247797836,-0.11954493421404261,-0.12363112102119406,-0.09195761528519122,0.369662844565194,-0.2538302003829645,0.34085747221959434,0.350235325294881,-0.08421340674387483,0.40188838316884895,0.13118776270982452,-0.0453678084569221,0.027367430202614985,-0.22395830473362474,-0.0006929015358672154,0.01340922546944989,-0.07769543313658386,0.2357708319814432,-0.23961337586052822,-0.23090075694836254,-0.22526708384634989,-0.17528749585069056,-0.016783606503916835,-0.29157106178993764,-0.3517448903359068,-0.22383953578721885,-0.29046748240707215,-0.23785099301542387,0.22690485684555878,-0.25046127586738354,-0.22014153383062118,0.239103821814189,0.20565243730391553,-0.06106422492578097,0.08995412139491296,0.2107742610805483,0.24576157858245162,-0.03314237822710022,0.5120549891397098,0.9241999852509263,-0.5175335621804636,-0.4575838711828058,0.4721594032134646,0.7989113602213526,-0.030709187224556685,0.4588930625478955,0.7975052613904812,-0.07100264911072317,-0.415131973808168,0.33487828627101124,-0.13193739324291986,0.3578234613374114,0.7374619882381281,-0.3207635999661612,0.29810261494105106,-0.22198976691750907,-0.19179219105888556,-0.09981361220951582,-0.1138143179242083,-0.18486463775992834,-0.0445151276361122,-0.007943409001847222,-0.5148351238730517,0.2836138786306123,-0.6683201230762938,0.3520575111421467,-0.7013437744536951,0.485827959721689,0.9753379513265303,0.3356042356662337,0.9525455168344089,0.3232430477514777,0.8475029823305523,0.36316670519911903,-0.6326441480464323,0.41032057334515226,0.6576669355180261,0.5155036256990297,0.6564269532830643,0.29377988754075174,1.0000079530452217,0.7840869028493621,0.7692792445325556,0.5706562345293295,0.5371115515615402,0.5018058836958257,0.5219291956091712,0.6150808260367889,0.6995349734151475
0.10560442832823484,-0.5057730338318304,0.13675631617892928,0.06488810390182678,0.21129189633171336,0.2334610536545317,-0.10559973170260176,-0.04863962267472839,-0.03480442915962626,-0.15211024400230533,-0.06613704120298507,-0.3220871571348041,-0.3594096540173057,0.17434023722303602,0.027385955730154506,0.2696614657348576,0.4267530689603337,0.28981399626617804,0.09321023656473348,0.23484560068217167,0.541352553151691,-0.060155747036927054,0.056155447155967056,0.31929822315831075,0.40462915980283193,0.35500719780784923,0.4964601387090041,0.5080476373475072,0.005236363722765986,-0.028830271042623316,0.16126244462917738,0.22602817852656587,-0.4477634423178013,0.33193293393861006,0.041513596460725936,-0.15376781956867813,0.6010006357062084,0.6007782086056531,-0.10741622183809725,-0.06619019869850312,-0.39635831003319094,-0.06996181000095876,-0.033225638955614645,-0.1450869867686086,0.21280069954735542,-0.3186834056206664,-0.27486683184963745,-0.24972446631187045,-0.19991702203487907,-0.02285647043546377,-0.36873091358081717,-0.44166253442234893,-0.32383298392107396,-0.2651059327636176,-0.34698691103944396,0.4188124052394095,-0.3229640978387843,-0.2772914241632228,0.34529728375199675,0.5978385296392095,0.2993986717046403,0.25743218160260334,0.01934779157851167,0.5170970451723701,0.40277794449615356,0.637778907848267,0.6360103750547933,-0.3529510732856115,-0.2513661110029426,0.19417258001280124,0.4193484418501044,-0.19672431806275992,0.23114049089218172,0.41669055822341017,-0.10786791838935095,-0.5689760530402646,0.7480067354495358,-0.09212944827292716,0.37139733196034824,0.36219917682351205,-0.5353860053003854,-0.027640372009835323,-0.35373279752811615,-0.31748654980207597,-0.1868319743570844,-0.11905397091944248,-0.3167379712276964,-0.047037879123524626,0.16213582703268387,-0.4927972183292653,0.5596855538625115,-0.7519433052379603,0.6307589786201748,-0.7542319954024349,0.8646100133408069,0.8618853898985024,0.7219277238984607,0.8277081633749063,0.6842958910783097,0.8191081478760175,0.6632121795613685,-0.7734706242066235,0.7663650162536811,0.8692797949922771,0.8925109761752965,0.9384125423526095,-0.1808131284948636,0.7840869028493621,1.0000079530452204,0.966490220313338,0.8577838731821111,0.8316841351471389,0.8243685782182315,0.8813134264331062,0.9457186424837126,0.9826274536524059
0.021743167019635953,-0.5301204630381756,0.034800231678429966,-0.043285593463691985,0.09741336719380747,0.09909653223961754,-0.20952665982709148,-0.14632497774814104,-0.14161243040371888,-0.23517629974708146,-0.21213090572876558,-0.3799698976265303,-0.3933156143392934,0.06584823709392452,-0.11323821030383274,0.1367331644150185,0.3041515558697616,0.14074537291011333,-0.017455161349634197,0.07678174495108675,0.44058770158280247,0.10036935538350562,0.24721873797403485,0.4666041849764709,0.5349356885453002,0.3877666682965988,0.6274082788472959,0.6186111681083906,-0.13742829249943722,-0.13404655894967624,0.2620378843915431,0.27880881787458156,-0.4726221883960254,0.25240682344227355,0.008382114072940103,-0.30448471106021835,0.5229599326208623,0.5314574622653235,-0.255306904901639,-0.10985021719008718,-0.38749611140689083,-0.09903507382541661,-0.12306898274898155,-0.14327882478593426,0.12130006942103166,-0.39268171149818876,-0.36653308315030675,-0.36490913246758716,-0.2932787325251926,-0.16691419451650188,-0.4345698810665445,-0.4785069649824578,-0.426367170419512,-0.3861479590723781,-0.4579356043066674,0.47248902246747,-0.43679111905811024,-0.3870326608918401,0.4622106637159886,0.6002544152400049,0.40547654581802967,0.39785510416246056,0.18213995767780997,0.6593968223593206,0.47962422007845845,0.7764985122481132,0.6836227837289911,-0.45641789846993885,-0.33042740677103605,0.2786788881067924,0.4487458827439913,-0.11477867933301499,0.2109928417268553,0.42338933113562693,-0.26191821195613746,-0.6079241304308316,0.7853815705921321,-0.2266247899580605,0.4883026655072684,0.4277412051451927,-0.596760081643781,0.0051648609719294695,-0.47058430938636575,-0.44017845130160016,-0.33543194285217537,-0.27023986092408336,-0.457939422055724,-0.21577418967621773,-0.01739850005486407,-0.6411156548290197,0.6297181796977722,-0.7247515817370733,0.6641310218208166,-0.7690689814986854,0.8719492372929105,0.8653747849599636,0.7845512629371568,0.8577677303281404,0.748035540364983,0.8535669618761249,0.6733967596130694,-0.7333359890391882,0.7431595982861198,0.8101455695036563,0.838732907566771,0.8645129695839929,-0.10451615549442608,0.7692792445325556,0.966490220313338,1.0000079530452206,0.9440802309586397,0.8985549906449903,0.8457536459512963,0.8510226285709589,0.9010520504682311,0.9360941047647984
-0.09099621809771995,-0.4518159025139854,-0.062024661939374344,-0.13750158422122205,0.014461766388749896,0.009365192743201092,-0.2998068517244069,-0.24217067824176208,-0.24608628588206963,-0.28806058583001626,-0.2956927802776015,-0.36329045527229537,-0.3608678572338362,-0.08849356155649674,-0.2512870265767139,-0.02818691119115261,0.15960214740615608,-0.021769935085805336,-0.13447270656336693,-0.06460093324152927,0.3500233989758313,0.3223172778144018,0.46314862988387645,0.6289793676845227,0.7469919550199847,0.53628309596684,0.8086112201292952,0.7102514498628475,-0.2679398867308547,-0.23025396490860042,0.36003008487479504,0.28893572799341366,-0.44410991134694033,0.1599304276887995,-0.06964873391056758,-0.355449524634378,0.3750715164471964,0.5037338972773531,-0.36624802701434706,-0.18938216640776082,-0.35291300790116165,-0.17708079839110974,-0.21309446305172913,-0.1858848569164909,-0.037444815596789506,-0.3464937527788287,-0.3735101698921574,-0.4295159969621541,-0.36417759279143996,-0.24991539267014873,-0.38401447211133316,-0.4112253003189917,-0.4535548083952239,-0.4496351894899119,-0.4969318357200683,0.49097142042544817,-0.48538391550537846,-0.4587392084380656,0.5459615448730358,0.6347362515715708,0.6180094172822029,0.5737070463730344,0.26437804150965677,0.8406030002097706,0.6727358512031315,0.8799320944288682,0.52920232736074,-0.4252588970937793,-0.2909772483131401,0.2344357380368714,0.2722503158847877,-0.07684739089381684,0.02610137545061067,0.20685724113550533,-0.3366598691841375,-0.5390218824052787,0.8404203315207275,-0.3425845623267652,0.554977147126068,0.2804951023681829,-0.5906631894513493,-0.11095281815036853,-0.5007833085458582,-0.4974554024379142,-0.43978845916576154,-0.4027178356441237,-0.548765110939157,-0.3737422312912142,-0.18964554063682437,-0.6684609232403693,0.7211659888199469,-0.6445902922032316,0.7313429022710632,-0.7267644269431116,0.8571879343109804,0.6956725122340875,0.8482842469213231,0.7223638985132541,0.8375237378426899,0.7750062139694579,0.7113437665552361,-0.6687836288737109,0.7532040197361359,0.7412039997985598,0.808933877951384,0.7862428982051148,-0.14023607518976125,0.5706562345293295,0.8577838731821111,0.9440802309586397,1.000007953045221,0.9679364278010668,0.896651779740535,0.8548360515070673,0.860654527058199,0.8599603321360949
-0.0038102482702296954,-0.3162568333912895,0.03363952837278284,-0.037960105449184,0.10574433226138867,0.12064996291278174,-0.26776800270733264,-0.20865308482962402,-0.2159032140002451,-0.24728859034720965,-0.2193480933869726,-0.3049143400830695,-0.3168604318141334,-0.08267857542537209,-0.2409820554815363,-0.00991776863585833,0.17651740165938098,-0.014539840877255331,-0.17227075528952787,-0.0704098119137506,0.3234687632457741,0.21186604042694276,0.40423796555210867,0.6440238344357374,0.7298181058170918,0.513898858470919,0.778240650419185,0.6818004124111317,-0.3048708866083199,-0.27909462091915876,0.24325711835901703,0.39340264522277196,-0.3901080071699765,0.23501265246695185,0.07066549244548086,-0.22356778545267816,0.32867648691011886,0.4455462337303472,-0.2966131843482835,-0.1049594069253516,-0.22547728640348497,-0.1179930436871668,-0.1151049969371141,-0.13793904959375602,-0.07096052504546328,-0.18731129461137794,-0.23454350480298522,-0.31922456047308967,-0.2778802528269408,-0.17771898644925338,-0.26446644349327125,-0.31302551113195065,-0.30835544147652294,-0.34919314452128325,-0.35671782606543917,0.40317495084135335,-0.36919234769930914,-0.35597714271926706,0.4633336163625807,0.5912701086400772,0.64166238997096,0.5640048969464626,0.19880340840237476,0.844153529509947,0.6928552282857298,0.8692568034188477,0.46060268558625417,-0.31726368453737036,-0.19441957125459428,0.14113393111599823,0.1744450356137111,-0.056388129901793975,-0.018254726289049724,0.1575860781792092,-0.2167824135615754,-0.41703888312998355,0.7887535525025189,-0.281405175636035,0.5666838151596789,0.20255300247206098,-0.5046466046092352,-0.10504037921365647,-0.4015526906225294,-0.3385369831341254,-0.3636153186589066,-0.3226316399304014,-0.46544605985158477,-0.3023479747746193,-0.20765907740651357,-0.5543364175897297,0.7596657350783191,-0.6606606218977448,0.8166644829370999,-0.7641189707612978,0.7941662860356543,0.6604761253579421,0.7901954633208937,0.6877391106446046,0.8427426055230597,0.7706540913392744,0.7676674295831776,-0.7001949167712116,0.7896004336371267,0.78250454863556,0.8282462322208703,0.8110945607760048,-0.049239249517630805,0.5371115515615402,0.8316841351471389,0.8985549906449903,0.9679364278010668,1.0000079530452208,0.972778159601413,0.9208426826671365,0.8931475464756223,0.8646704787175705
0.05732683390615644,-0.24663359938283738,0.1004200267094903,0.03510363930219518,0.17020675667112695,0.20567938136786812,-0.17586548375810407,-0.12747450438522787,-0.1305197274423023,-0.1754068065685777,-0.11194525323778526,-0.21860350977562754,-0.24192354676323602,-0.004636445011603944,-0.14679548975937973,0.07758513579666569,0.24991707027918955,0.07476024836091207,-0.12025741851793967,0.017652464011322363,0.37447620511261287,0.054277422651666164,0.25663143583044945,0.5697734801541255,0.6541279950109887,0.5038500384123084,0.6934864702744685,0.5942597662191187,-0.2316186060209786,-0.23868536373445076,0.11805419754818888,0.40915102264033476,-0.33193965876523485,0.28414761447246756,0.14091053775021475,-0.10264731435952813,0.3319569455766003,0.4728093560773002,-0.17916782828915678,-0.05942195964553142,-0.18750287618536413,-0.08642335608558253,-0.046824873691797476,-0.1214618554857918,-0.03347957324865622,-0.09833270064774027,-0.14617443269504085,-0.22271282600055808,-0.2029659711736041,-0.08017711342256824,-0.16878159213281185,-0.22616728752859744,-0.20042928606388577,-0.24151971440499925,-0.2375503992690611,0.3094410136046588,-0.2463754933636638,-0.253923981813674,0.3403758517943193,0.5669700814061231,0.592367300924639,0.46124836065047825,0.04394009635032123,0.7533841966773269,0.6690865818544259,0.7632572427020745,0.36500182363877,-0.1953027807486685,-0.09652729389444457,0.03322957359340059,0.0817364620694419,-0.08970844157588506,-0.026314887275227218,0.1079506506366,-0.1015144620705316,-0.32315068328625957,0.7401946875870582,-0.18723953369025648,0.48808445964429514,0.10475623211847807,-0.4150859710185226,-0.1286377040985387,-0.2839316693040499,-0.2240826065614759,-0.23803826837099254,-0.21344568417915458,-0.3347034357344957,-0.1859434919089307,-0.09510831206033746,-0.40828577388165654,0.7388232917757441,-0.6618075424397569,0.8464907162163638,-0.7506633864297733,0.7524302686502803,0.6152160272453503,0.7223694721164955,0.6239848503288925,0.8069684707101706,0.7197534443812793,0.7868893329573325,-0.723144880336871,0.8132766097307607,0.8273717347783405,0.8603775490630593,0.8575797867784813,-0.05139905883547645,0.5018058836958257,0.8243685782182315,0.8457536459512963,0.896651779740535,0.972778159601413,1.000007953045221,0.9722480253735115,0.9291756134793056,0.8830048649549329
0.07252507848143425,-0.2838721818480079,0.12770307258804647,0.06510469586213109,0.2106540055641467,0.26348455771583834,-0.08858177526211619,-0.05400178975451794,-0.04984897940291786,-0.11757604133546143,-0.013843334037582738,-0.1744329154339798,-0.2102159755714703,0.08864878806891699,-0.02890008399682919,0.1868683341547131,0.3595668711045098,0.21303219137732585,-0.005809284992611627,0.18395352777521587,0.4880482496660048,-0.04619911508664956,0.10299423630691865,0.4396704982583974,0.5583893339906717,0.500666254396572,0.6079062249032632,0.5189771507914325,-0.08945363688159212,-0.13330122077310416,0.07927553215779481,0.32604145905395643,-0.32510530756692313,0.3144708586803366,0.10203012031246277,-0.03133984917003751,0.41552298123412984,0.5826344116181852,-0.08005610337899258,-0.0794734754471576,-0.2695448409752468,-0.10761090646260923,-0.033223343290383844,-0.15971730692059555,0.053979148204944066,-0.10763074445054548,-0.13534467386282725,-0.1791131847205326,-0.17167979913973813,0.01510322940635383,-0.1535486879417325,-0.22237532893460543,-0.18275561694007225,-0.18578290369598066,-0.2094811935036118,0.2977059627736785,-0.20564962148591395,-0.21907388054946772,0.2925049519483849,0.5930386134500655,0.4980219885660707,0.36430899667047456,-0.0699175362001115,0.6422281253254553,0.6022475591628746,0.6608379118412414,0.3432328258217324,-0.14643705996189316,-0.05982135310830368,-0.014671249863793409,0.07342828089824228,-0.19006783733535068,-0.017917479733878527,0.08937240460287778,-0.02559030519226748,-0.335257346169179,0.7481155509959944,-0.09961155154259885,0.3804151837049222,0.05063267295978252,-0.39541290224352865,-0.19730767167553184,-0.21687507605935824,-0.20340046897983927,-0.1382324741561117,-0.12416712195993482,-0.2435519608740528,-0.07641565667364596,0.08422067396341307,-0.3262582611803729,0.6792904802345066,-0.7072090080070205,0.8010587288413858,-0.7455241622622991,0.7923713440971222,0.6248866343253376,0.7118072449262172,0.6135195244363116,0.7696985193045607,0.7049123007139851,0.7763882605897464,-0.7773626469560622,0.8427090971094101,0.8924236817792185,0.9266623553776732,0.9409017516040887,-0.17668162021810818,0.5219291956091712,0.8813134264331062,0.8510226285709589,0.8548360515070673,0.9208426826671365,0.9722480253735115,1.0000079530452213,0.9825683771592048,0.9454092631867785
0.07637442952819895,-0.3624047387286254,0.13355547367752624,0.0688589282082774,0.22445459026768225,0.27496776401798995,-0.07351378239925524,-0.03643283563523448,-0.028313281370131983,-0.11382471313827307,0.001324009227097691,-0.20606619199643542,-0.24766179272880673,0.13272743552115918,0.016555736424451465,0.2382121683264115,0.4095210280873329,0.2749475765247579,0.05631898015640063,0.24941713903847143,0.5351578198432368,-0.06656051462408662,0.053705071677726056,0.3696920536678018,0.49323332613784815,0.45672848661659143,0.5610580904685613,0.5059950930932241,-0.022213863414325706,-0.07177206593170427,0.10604449086468838,0.26838547240166005,-0.3660034358798163,0.3291454595151653,0.06358251432269794,-0.043193351260328264,0.4948829929780317,0.622002142800504,-0.06464463659802852,-0.09566821067738544,-0.3411509037170621,-0.11815862248969214,-0.038502752745771335,-0.1813703269250262,0.11551250375949484,-0.1655251079766201,-0.17180789923292328,-0.19283795909346615,-0.17907595190864012,0.034701856387738705,-0.20822113398985637,-0.2853830588994182,-0.22265177679935272,-0.2034250143665832,-0.24835392402119477,0.3397927728478219,-0.23988349915370505,-0.23939464862543236,0.3154872609442097,0.608159835414113,0.42107735669118834,0.32756471964508665,-0.05363760933407705,0.5921670309800521,0.5280143013344143,0.6480633315266439,0.44006018747769626,-0.20431166646638585,-0.11440093690311165,0.045077254234752125,0.18281603016357623,-0.2326960654571162,0.03751087787663855,0.17339629083243568,-0.026063653048443967,-0.40997201353755913,0.7625845146999497,-0.080414403944295,0.3537714825209164,0.12763506423290913,-0.4404233418128962,-0.18732306882149216,-0.2399339933118041,-0.23691105010124855,-0.13015401465409648,-0.10672362234115998,-0.24812142058449999,-0.04600813180834071,0.15299403597985506,-0.36290427826408883,0.6327530610629326,-0.755376879041201,0.7395267491788537,-0.7686982348948985,0.8401070708518923,0.7084253713621768,0.7266102915777625,0.689817974747082,0.7447876934394807,0.7559998388419238,0.7470338155407729,-0.8123993083727007,0.8402130994360923,0.9204612190844301,0.9498532913323923,0.978779188996097,-0.22724357833492353,0.6150808260367889,0.9457186424837126,0.9010520504682311,0.860654527058199,0.8931475464756223,0.9291756134793056,0.9825683771592048,1.0000079530452208,0.9883796274803047
0.08926556369830871,-0.429760971818574,0.13989090267710055,0.07122218875047268,0.22887776428580547,0.27060505631601617,-0.07915861648621185,-0.03447040801840541,-0.022624952456217647,-0.12413667708406963,-0.013832248872679184,-0.2506631528078058,-0.29306307936101805,0.15933915467397247,0.035866836334246775,0.26526216839376265,0.42977360988550495,0.29985055510604913,0.08848819127211797,0.26533532515638164,0.5486793618383723,-0.07303643084609747,0.03766396602039245,0.3316428822514061,0.4440256398073217,0.40951194448281225,0.5249633907135136,0.5031896096974062,0.008251602847513938,-0.03752244718624707,0.1299155831449512,0.23805460549135377,-0.40652490514435763,0.3389698763727902,0.047409592702649064,-0.0782911908063207,0.5497930883950467,0.6236299427759332,-0.0716094836936223,-0.09042872538989463,-0.37812495767646065,-0.10692123876095976,-0.037178839664148665,-0.1784822848939292,0.16308076616905132,-0.22656818318443947,-0.21328161570754178,-0.21543030413458464,-0.1889951757601057,0.023804670258358814,-0.27129704515027847,-0.3500734517531068,-0.2637150517467223,-0.23001179142582798,-0.2881209673672454,0.37280430043060203,-0.27379467101551447,-0.2570803140801393,0.32834985635433916,0.6051968228502831,0.3569183092337726,0.29132652254331803,-0.024843793186044485,0.5511836130530662,0.4639610169716665,0.639621431475454,0.5336677084927409,-0.2705942618101115,-0.17814287915200014,0.11543451550209055,0.2955733150341964,-0.23222029476402412,0.1161987254224898,0.27931053446223075,-0.049510149236281546,-0.47817269988798183,0.7581758608494069,-0.0812574477462943,0.35245690045055394,0.22906694227282653,-0.48529343840453976,-0.13155394164556783,-0.2811741550805995,-0.269756122380759,-0.14444842883325082,-0.10709850738093464,-0.27070991631001773,-0.03868528527473691,0.17570993517540692,-0.41493320531831335,0.5961593782842428,-0.7666932361146012,0.6879471055872673,-0.7700787227647915,0.862492536704533,0.78346339896099,0.7293808021864514,0.7574564663026243,0.7184236013474455,0.7912220639211143,0.7134886045054241,-0.8090603264482333,0.8183023074964492,0.9122944523350596,0.9404241466395026,0.9779811682358518,-0.22745230159149255,0.6995349734151475,0.9826274536524059,0.9360941047647984,0.8599603321360949,0.8646704787175705,0.8830048649549329,0.9454092631867785,0.9883796274803047,1.000007953045222
