0,1,2,3,4,5,6,7,8,9,10,11,12,13,14,15,16,17,18,19,20,21,22,23,24,25,26,27,28,29,30,31,32,33,34,35,36,37,38,39,40,41,42,43,44,45,46,47,48,49,50,51,52,53,54,55,56,57,58,59,60,61,62,63,64,65,66,67,68,69,70,71,72,73,74,75,76,77,78,79,80,81,82,83,84,85,86,87,88,89,90,91,92,93,94,95,96,97,98,99,100,101,102,103,104,105,106,107,108,109,110,111,112,113,114,115
8.745956702154887e+27,9.84236673296963e+27,6.799590020655207e+27,8.007252078134831e+27,4.714635557714107e+27,3.982604051871937e+27,-2.4515147969266964e+27,-6.738428260094076e+26,4.9355732680051925e+26,-8.54265114558708e+26,1.8958156759600502e+27,1.3555331552271198e+27,-2.002644363170212e+27,1.735776225025863e+27,1.483668948385836e+27,1.9113236927704329e+27,-9.486952619044517e+26,-1.7431788507962757e+27,1.756252296388091e+27,-1.0645612864580123e+27,-3.6237472842084947e+27,-1.5626546090896803e+27,7.710886978772264e+26,-1.6523363610746907e+26,-2.9599150710978096e+27,-2.657154291711862e+27,-1.9328240241672667e+27,1.6552769058355786e+27,-1.9228024040992048e+27,-1.2013294477275902e+27,-8.147201211897912e+25,1.8604659529672038e+27,3.7051543132439384e+27,4.557368553901999e+27,5.379301650067586e+27,5.627723281842872e+27,3.9411149215660834e+27,-8.814851190401784e+27,-1.1211258686586818e+27,1.0567891581823708e+28,1.3502626248702068e+28,1.073679626002129e+28,1.006528198085018e+28,1.123421050842204e+28,1.0260066853731759e+28,-8.82952330331496e+26,-5.072496860755165e+26,-1.4980346271904153e+27,1.4289536268648515e+27,2.0678705526472935e+27,-9.171044163887311e+26,-1.9648705406273926e+27,-2.5183583505619146e+27,-6.072563492960757e+27,-3.815801978725378e+27,-1.9470621169306208e+27,-4.148367200610172e+27,-5.3695132175633e+27,-3.1415206018128494e+27,-2.991914289956069e+27,-3.495036658363425e+27,-3.972563450313876e+27,-5.840126147726087e+27,-6.459448551293994e+27,-3.904042834295221e+27,-9.5562613440757e+27,-1.472038564224991e+28,-6.798902652553589e+27,-6.502912342611798e+27,-6.099022257554005e+27,-8.551161998645845e+27,6.005448762762119e+27,1.2100153111504455e+28,-1.3415303348262381e+28,5.095752493420996e+27,-3.0474675386007343e+27,-7.095525049734773e+27,-1.69672069134953e+27,3.362279588929912e+27,-3.933709793667615e+27,6.243213171323481e+27,1.405771567035047e+28,7.529433335157525e+27,7.03096289720254e+27,-2.704495099826073e+27,1.491170812598611e+27,-6.366218951094682e+27,8.093206851288912e+27,4.00980948625882e+27,-2.014626304235645e+28,-6.261551097580334e+25,-1.0624705139832837e+28,-1.0820272717916324e+27,-8.486375676807671e+27,1.3900672136146187e+27,-1.206877469501168e+28,7.284959105562e+26,-1.5951708118906059e+28,-3.5943901237145574e+26,-1.253533941621812e+28,-4.5974243832091925e+26,-8.558916263572423e+27,-3.792489597339027e+26,-6.286653424019715e+27,-9.598316110843074e+26,-3.574453420652361e+27,2.3038187486061095e+27,-4.694475219084532e+27,-2.779771651996859e+27,-7.454396719448538e+27,-9.504905202516446e+27,-5.651682967023057e+27,-4.4886335791656964e+27,-3.846134730159467e+27,-3.168254815476407e+27,-2.5608236598519397e+27
9.84236673296963e+27,1.131031792586364e+28,7.561878081885393e+27,8.760362808406388e+27,5.244572285188085e+27,4.5826623302588784e+27,-2.8229519568116216e+27,-1.0548148815649532e+27,1.2209342356574351e+26,-1.1937007091739128e+27,1.6338278479262982e+27,1.5083878664651087e+27,-2.151910761993008e+27,1.7067434132201124e+27,1.2288680518119641e+27,1.9235385370872455e+27,-1.0089469513947354e+27,-1.8487828352457268e+27,1.7731452951024205e+27,-1.1511095655510492e+27,-4.1809472599522906e+27,-1.74723330913396e+27,7.609621533080084e+26,1.5300459710349704e+26,-3.1539172302309256e+27,-3.009531559653147e+27,-1.5768080074358562e+27,2.7726649294040367e+27,-1.7491442361318912e+27,-9.835328518074702e+26,2.8110140034111443e+26,2.7772812345645485e+27,4.4775869199895406e+27,5.610669596563947e+27,7.187550053836056e+27,5.758402146769576e+27,4.252527349151877e+27,-1.0180070123398006e+28,-1.750480266379652e+27,1.1733428856424972e+28,1.4913013324955894e+28,1.1618082105107298e+28,1.084023167387195e+28,1.1744670817385433e+28,1.0535238742419282e+28,-1.5568355749453312e+27,-1.3325860128084712e+27,-2.7932019734655483e+27,5.402116421428536e+26,1.6393458327217613e+27,-1.4778775903748643e+27,-2.516104525642302e+27,-3.467776019176854e+27,-7.989776317595045e+27,-4.9129727715108525e+27,-2.3823107345069397e+27,-5.195681083638392e+27,-6.804314107973098e+27,-3.8863223094229636e+27,-3.621101499022589e+27,-4.1762959912024813e+27,-4.778186311192349e+27,-6.892851362113179e+27,-7.533415971443634e+27,-4.599483833381259e+27,-1.0898136093139488e+28,-1.6320035519355794e+28,-8.560936453708568e+27,-8.262967238111713e+27,-7.514888228979281e+27,-9.60397459148474e+27,5.342011858433852e+27,1.3110697688834494e+28,-1.308705742045095e+28,4.8196819676417666e+27,-4.03525035748028e+27,-8.565622185074705e+27,-3.783623839941281e+27,4.8205934338463504e+27,-3.771373847639162e+27,7.73731603311675e+27,1.4223551710985702e+28,8.310510208434025e+27,6.34588983871718e+27,-3.5005429253792266e+27,-5.32816336301902e+26,-7.806317637380327e+27,6.540010491488332e+27,3.2314647027893917e+27,-2.5232036990762986e+28,5.507804677706417e+26,-1.1559830007665176e+28,-6.226946470768474e+26,-8.841204096187601e+27,3.198756066034841e+27,-1.1360699777729327e+28,2.0910244611772962e+27,-1.6577409883496394e+28,4.3554575703260235e+26,-1.3398915536235906e+28,1.763318086732523e+26,-8.669030714641524e+27,4.001310640833461e+26,-5.893474459308408e+27,-3.2370297836166464e+25,-2.7481584869116266e+27,3.6634581338358345e+27,-3.651768544996125e+27,-1.2102879258932322e+27,-6.295640496219925e+27,-9.485249098752349e+27,-5.551504206616793e+27,-4.3383476846881943e+27,-3.365830805471597e+27,-2.357257389609511e+27,-1.4301681204314207e+27
6.799590020655207e+27,7.561878081885393e+27,5.415505565965072e+27,6.375615037929675e+27,3.825013872551563e+27,3.182756461159637e+27,-2.0773835292417708e+27,-6.1642588853429706e+26,2.9829447313828433e+26,-8.741228818188866e+26,1.4602295544859063e+27,1.3305558989841685e+27,-1.7825814763855317e+27,1.34854698073723e+27,1.086001645052968e+27,1.4579897564039348e+27,-7.091637082097911e+26,-1.2572319529382648e+27,1.2884046527287185e+27,-6.377961735344801e+26,-2.846008138791797e+27,-1.3846083725274273e+27,8.791447764585389e+26,-2.707101875795518e+26,-2.469788144642148e+27,-2.1068291238294373e+27,-1.8495297952561636e+27,9.705079385589937e+26,-1.366901187328917e+27,-8.397201035513955e+26,2.2343299414808076e+25,1.2771358231092895e+27,2.8418450426637e+27,3.3208307700170626e+27,3.7653719194608246e+27,4.444024619116761e+27,3.4039398413725346e+27,-6.646159038749379e+27,-1.0745042224805311e+27,8.147994118106341e+27,1.0379343474706206e+28,8.342447430948784e+27,7.933788214192069e+27,8.67478900133671e+27,8.005183992098059e+27,-7.752799030385775e+26,-4.5904492199947645e+26,-1.1166684534575814e+27,1.184026844905154e+27,1.5626694813724856e+27,-7.939592957436636e+26,-1.4997236834235664e+27,-1.9505155802063515e+27,-4.3922234232684914e+27,-2.818238233797074e+27,-1.1654642455756843e+27,-2.883292269546762e+27,-3.829441541033043e+27,-1.8812930229559257e+27,-1.874271303006617e+27,-2.1959739356475102e+27,-2.4384148224422647e+27,-3.83844310704274e+27,-4.428303062590977e+27,-2.6457476623369067e+27,-6.788597101431501e+27,-1.0415490978791498e+28,-4.822164544558383e+27,-4.643210188681372e+27,-3.8090428119497023e+27,-5.56064314095619e+27,5.055383428614186e+27,9.359084143762779e+27,-1.1007522701659981e+28,3.96779986605586e+27,-2.3127407556293685e+27,-4.845593969535706e+27,-9.734945074635385e+26,2.447434847966091e+27,-2.150145967845337e+27,4.6842193245124626e+27,1.131354645606526e+28,5.843817600637017e+27,5.452769803350303e+27,-2.3954710916698747e+27,1.4468453252140857e+27,-5.081596014165204e+27,6.637820489986927e+27,2.6693048223750453e+27,-1.4387619418316596e+28,-3.547703277643855e+26,-7.900256632376178e+27,-1.206197073991371e+27,-6.687887901526335e+27,2.4841161101211644e+26,-1.0343256772995242e+28,-4.641861350003556e+25,-1.2465200250126098e+28,-7.343880356934354e+26,-9.568694152678887e+27,-7.573549460632509e+26,-6.986586111267173e+27,-7.832330630157178e+26,-5.544312693302303e+27,-1.4024619715030905e+27,-3.5882428733077795e+27,1.239750745773008e+27,-4.6504738110691383e+27,-3.258652034341477e+27,-6.791909898617977e+27,-7.799525058955509e+27,-4.792508584635471e+27,-3.890288882805899e+27,-3.578745051993097e+27,-3.2103895910662527e+27,-2.8707208049291513e+27
8.007252078134831e+27,8.760362808406388e+27,6.375615037929675e+27,7.748917414162741e+27,4.4189563184980254e+27,3.518273458689445e+27,-2.3299528965576151e+27,-2.9071997953756265e+26,9.148015027300051e+26,-5.700050418428919e+26,2.489754648741823e+27,1.4019807129332478e+27,-2.1597744555316278e+27,1.9591571328688078e+27,1.734713722649559e+27,2.0564335504261233e+27,-9.889339185742799e+26,-1.7253689358759404e+27,1.7711314874119945e+27,-9.416597122149657e+26,-3.475642888585376e+27,-1.5507433543306012e+27,9.059563168481658e+26,-3.551475825319361e+26,-2.947154267664175e+27,-2.5294434700767066e+27,-2.2801934036535658e+27,8.289936699854676e+26,-2.037720573237137e+27,-1.300800502179383e+27,-2.0069409814150073e+26,1.2040062821819061e+27,3.009064418718529e+27,3.4974303426138783e+27,3.877534942414502e+27,6.106464340597532e+27,4.137715608784396e+27,-8.203469373869715e+27,-6.512543122108116e+26,9.87901498833058e+27,1.2804120626378756e+28,1.043616882512683e+28,9.969155985634852e+27,1.1437661202424211e+28,1.0777663515242046e+28,-8.714489214872655e+25,6.174647346784487e+26,8.995808147097027e+25,2.94205517733777e+27,2.933505333091365e+27,-3.105123259235045e+26,-1.545803796120755e+27,-1.5730669714365135e+27,-4.38931951069382e+27,-2.8946315572588477e+27,-1.6368869883729422e+27,-3.355748135555393e+27,-4.201972095078201e+27,-2.5392219666471373e+27,-2.5696129330180244e+27,-3.0024189004071934e+27,-3.340037849794425e+27,-5.009544282073873e+27,-5.7403052596614e+27,-3.463735439660213e+27,-8.681844028309786e+27,-1.3644309867762378e+28,-5.465625850169771e+27,-5.088394775710512e+27,-4.853657049865017e+27,-7.595608639721864e+27,7.325354656120027e+27,1.176935203251632e+28,-1.4550547053360228e+28,6.046770034623419e+27,-2.2294673738722132e+27,-6.119480294489928e+27,6.154368686386742e+26,2.2855775475525504e+27,-3.921366758382559e+27,4.988164915918787e+27,1.487691446607499e+28,7.297371430539786e+27,8.567379512630562e+27,-2.163195380370224e+27,3.9549962899113963e+27,-5.330094677052627e+27,1.0467522606009838e+28,4.6889419560388064e+27,-1.6569133786725474e+28,-4.9204497601959844e+26,-1.0019584557043285e+28,-1.4222331591511728e+27,-8.3573397043834e+27,-2.2312611790915288e+26,-1.345075162288428e+28,-4.242518178893423e+26,-1.6060747985382103e+28,-9.99455611312771e+26,-1.2161034638295485e+28,-9.412671891710293e+26,-8.679319802371763e+27,-1.0166664876257498e+27,-6.848236472356141e+27,-1.8099245557124076e+27,-4.4908382928775714e+27,1.1478285152668013e+27,-6.038163355185567e+27,-4.4609303306865776e+27,-8.967972161587661e+27,-9.942686971064187e+27,-5.931332578335002e+27,-4.729341973698822e+27,-4.3711729559712003e+27,-4.021906420254502e+27,-3.73936017443189e+27
4.714635557714107e+27,5.244572285188085e+27,3.825013872551563e+27,4.4189563184980254e+27,2.7722397445900206e+27,2.33837276355488e+27,-1.5689789270707885e+27,-6.249509641672883e+26,-2.7509185138050425e+25,-8.916989286045836e+26,7.465822382897076e+26,1.1397520669284883e+27,-1.3557051873099453e+27,8.154196398320937e+26,5.7767390522826466e+26,8.945380097587051e+26,-4.469028178089712e+26,-7.52550821976544e+26,7.798179727231054e+26,-2.863839673916232e+26,-1.9824523201465116e+27,-1.0972123696542877e+27,8.172919282580213e+26,-2.670173629917253e+26,-1.832007035570294e+27,-1.498977861324182e+27,-1.4813734470059981e+27,5.84424082010511e+26,-7.524412063427707e+26,-4.370862056021974e+26,1.3470530994550755e+26,8.868417162694651e+26,2.0666165987729536e+27,2.3163696158639038e+27,2.553248706847549e+27,2.8264845947388134e+27,2.5406107549270347e+27,-4.412206059428989e+27,-1.066129485758251e+27,5.521225327059138e+27,6.960910690508405e+27,5.58761455369671e+27,5.35469716305746e+27,5.644701771892271e+27,5.264522516623231e+27,-8.166069259840077e+26,-6.709266627421664e+26,-1.106185913842206e+27,4.80923764032299e+26,7.064124133146456e+26,-7.698733972244902e+26,-1.0650357906550508e+27,-1.5243217909745498e+27,-3.0445641086956294e+27,-1.9574579664351903e+27,-5.273033138144593e+26,-1.8037617614886028e+27,-2.5330140139509795e+27,-8.901430941157875e+26,-9.373144817593842e+26,-1.1293229496066563e+27,-1.2071152673020993e+27,-2.163010100805082e+27,-2.620039733850437e+27,-1.5426490280584678e+27,-4.200090681991707e+27,-6.296226280393624e+27,-3.1231659085287094e+27,-3.0880330508270603e+27,-2.0095022441842008e+27,-2.9785363792685485e+27,3.4525361131217634e+27,6.326892834085415e+27,-7.601787853105665e+27,2.3164002894360187e+27,-1.6862220287427415e+27,-2.8505582207396017e+27,-9.062932141753586e+26,1.78870662793277e+27,-5.66873602506561e+26,3.33005179658148e+27,7.704054467970691e+27,3.90303384754954e+27,3.158218833595007e+27,-2.0509796284668548e+27,5.993199130469055e+26,-3.818551882296649e+27,4.1314131134465495e+27,1.1416156354947469e+27,-9.260461726428202e+27,-4.0736867664321176e+26,-5.155908486935832e+27,-1.0615711289956561e+27,-4.631886043811941e+27,-1.713193538490978e+26,-7.443432642396647e+27,-2.9112481353252873e+26,-8.376851941607679e+27,-7.461126572766726e+26,-6.367796306446546e+27,-7.494839753920139e+26,-4.988733145118375e+27,-8.059566822304975e+26,-4.19571125984685e+27,-1.3226890486481922e+27,-2.919816532373825e+27,6.387916321655296e+26,-3.694230976121264e+27,-2.7545607662658006e+27,-5.07174343583929e+27,-5.502798666294945e+27,-3.527670022276225e+27,-2.934193257095809e+27,-2.8191378568160676e+27,-2.6265841832186694e+27,-2.4312315900052745e+27
3.982604051871937e+27,4.5826623302588784e+27,3.182756461159637e+27,3.518273458689445e+27,2.33837276355488e+27,2.1153769814108828e+27,-1.3845189775731386e+27,-8.094885077303635e+26,-4.2991653687905605e+26,-1.0675065549970547e+27,1.3774280917169213e+26,1.0583069059889051e+27,-1.1317306720513808e+27,4.478008189421954e+26,1.298057278743267e+26,5.373039542914997e+26,-3.0283639826885184e+26,-4.9626426487547695e+26,4.780098139825588e+26,-1.3647000135717713e+26,-1.701494871286956e+27,-9.753607209887406e+26,7.323203755925888e+26,-9.782604412389086e+25,-1.4960336879105177e+27,-1.272061690070066e+27,-1.0271976980058314e+27,9.50217303858742e+26,-2.95597559851404e+26,-9.445350635711558e+25,3.577488566935509e+26,1.130903199043641e+27,2.0183855329466453e+27,2.3214977638348163e+27,2.8159768146719323e+27,1.8008190549892696e+27,2.1065379935410413e+27,-3.7094799147276387e+27,-1.372642734702563e+27,4.5102820544356125e+27,5.579183286576302e+27,4.343218889316486e+27,4.084621721239483e+27,4.0827131674801563e+27,3.6646699991798634e+27,-1.1752423283248302e+27,-1.275615082409363e+27,-1.8757020187561873e+27,-6.050474174911136e+26,-7.923681945142828e+25,-1.0154817660019558e+27,-1.0680904800742423e+27,-1.7658110942679253e+27,-3.338151224464713e+27,-2.0266472449156607e+27,-4.001185874483197e+26,-1.7435705243695448e+27,-2.579133418715851e+27,-7.329636625782712e+26,-7.236201104850266e+26,-8.622701699514502e+26,-9.232203213417281e+26,-1.729258731126272e+27,-2.0926488853614715e+27,-1.2360682834709089e+27,-3.3255401030467154e+27,-4.651854102101627e+27,-3.080321714750822e+27,-3.182144902905877e+27,-1.7664552854758896e+27,-2.0232293983674248e+27,1.8916222901478576e+27,5.016400332895872e+27,-5.154689950737312e+27,1.0801534851822894e+27,-1.7911912630787265e+27,-2.425976420374487e+27,-2.1564232302230803e+27,2.1574082478107772e+27,4.572604517531621e+26,3.3139247570965677e+27,5.434576225027695e+27,3.0269611280697685e+27,1.3206888942446398e+27,-2.2176934889552738e+27,-1.1357849182287935e+27,-3.7613872053216967e+27,1.6137656668903365e+27,-1.8262750413438227e+26,-8.871395652785585e+27,-1.0970616503553657e+26,-3.9396239448905106e+27,-7.133366021982062e+26,-3.49282711342733e+27,6.273923257959066e+26,-5.074614520946268e+27,3.383992988431964e+26,-6.08287924065066e+27,-3.017618744701645e+26,-4.803463350283342e+27,-3.930752806038365e+26,-3.7225602351321276e+27,-3.757725474479816e+26,-3.0568828462775227e+27,-7.189095107857372e+26,-1.9684660140386673e+27,1.0471171250517831e+27,-2.3900197712704287e+27,-1.453258143698953e+27,-3.2158160644781106e+27,-3.9675187206175754e+27,-2.624252025618805e+27,-2.207148275608016e+27,-2.0270863175596547e+27,-1.747820953456748e+27,-1.4492936366635382e+27
-2.4515147969266964e+27,-2.8229519568116216e+27,-2.0773835292417708e+27,-2.3299528965576151e+27,-1.5689789270707885e+27,-1.3845189775731386e+27,1.2310795174661747e+27,7.356068231624782e+26,6.384290448324997e+26,1.0445226825692272e+27,-2.6234613647285752e+25,-1.1328001594206378e+27,1.1389871837120804e+27,-2.0545412201002256e+26,4.5270985791787266e+26,-1.5249031452601851e+26,6.0802586257807025e+25,2.44221262272483e+25,6.948430924627766e+25,-3.442649098069842e+26,1.3099120858110167e+27,8.015438800264976e+26,-7.419713159103603e+26,-2.3639764312352628e+26,8.388876294175503e+26,7.980946670066649e+26,3.0032164279350116e+26,-1.1677106718861171e+27,-5.235255166863208e+26,-5.4959900997088014e+26,-8.49439990811021e+26,-1.16060550852653e+27,-1.284740814961717e+27,-1.2878958480064178e+27,-2.1691129380614683e+27,-1.1681189416544558e+27,-1.8914326589377603e+27,2.4688716162168914e+27,1.5356874049725828e+27,-2.702109952233184e+27,-3.288013673899559e+27,-2.6219050083233834e+27,-2.6129023604076897e+27,-2.1833674235446372e+27,-1.7287664780337616e+27,1.1210333327810828e+27,1.2388514281146733e+27,1.8624163544362724e+27,9.512664957194472e+26,1.885591164703094e+26,9.750842219245081e+26,9.7208381258558e+26,1.588096239383759e+27,2.876701063253599e+27,1.721215628348989e+27,4.239246923672028e+25,1.2824089286095675e+27,2.022370409107868e+27,8.734732909110091e+25,1.5596534398981735e+26,2.482526049569314e+25,-5.113305542120783e+25,2.7980438882819623e+26,6.582894083154032e+26,3.8732673064436996e+26,1.1548046391574523e+27,1.0398490315262042e+27,2.4066551094045806e+27,2.562144946685177e+27,4.398733981662964e+26,-5.681275488561457e+26,-4.189747346392591e+26,-2.8429474882784524e+27,2.2039693795334513e+27,-5.096589422225774e+26,1.6157879270666956e+27,1.3201066430364445e+27,2.5843051499167e+27,-2.1807739512166748e+27,-2.5157471993667107e+27,-2.2794718168212559e+27,-2.776973309056946e+27,-1.8964825107543126e+27,-1.0512988392827062e+26,2.1552092519404e+27,2.115769039065116e+27,3.0096578039096937e+27,5.116833813026236e+26,2.1643705824224023e+27,7.15175005839258e+27,-2.8913805451797937e+26,1.1716322985908456e+27,1.5070413818268609e+26,1.1898129132609927e+27,-9.623828961711802e+26,2.273896384892372e+27,-7.782800685030132e+26,2.333519801999378e+27,-1.9714541804839305e+26,1.714685788000733e+27,-4.665919478613792e+25,1.415422685321884e+27,-5.0441390447319105e+25,1.3476785827563886e+27,1.80806015435483e+26,9.170304170798043e+26,-9.53290569628999e+26,1.2598912738732933e+27,4.315966999020259e+26,1.1352665817316842e+27,1.5367978369009915e+27,1.0730142487848214e+27,9.105728726082178e+26,8.478418094848232e+26,7.19920761867527e+26,5.3572306229690497e+26
-6.738428260094076e+26,-1.0548148815649532e+27,-6.1642588853429706e+26,-2.9071997953756265e+26,-6.249509641672883e+26,-8.094885077303635e+26,7.356068231624782e+26,1.1253262480024337e+27,1.4003472931213772e+27,1.276349568543596e+27,1.4305433734861352e+27,-8.137830820919879e+26,3.9708391155695214e+26,6.703374369718517e+26,1.2537014760091472e+27,6.834408468644509e+26,-3.27019619786462e+26,-5.858797942877699e+26,6.849949284312133e+26,-6.484132942509908e+26,2.9360473255806542e+26,4.283317599646399e+26,-5.236302780932105e+26,-3.575498837047626e+26,5.1770111888744585e+25,1.2622714987795657e+26,-4.115931918780187e+26,-1.3090049832256448e+27,-1.306437268717607e+27,-1.0537313637048972e+27,-9.89580672166151e+26,-1.1667157956930542e+27,-9.751414686591789e+26,-1.0475920039416378e+27,-1.9368413625194715e+27,1.2294968779957767e+27,-5.3132278647658215e+26,1.7926760580759355e+26,1.8680443057229589e+27,-2.2594129879764838e+26,1.4915850682848284e+26,3.4995277886140406e+26,3.19951556290474e+26,1.538974632710385e+27,1.8201398017580196e+27,1.9910423808305312e+27,2.563374980845816e+27,3.2589991470261585e+27,3.0138975801050274e+27,2.0842958376853494e+27,1.5905980998443036e+27,8.624564811567715e+26,1.9862862571545117e+27,2.615086774388301e+27,1.5189857340520116e+27,-4.683039474321202e+26,6.411931569879714e+26,1.4056301062048745e+27,-5.5737210671611995e+26,-6.325180660985629e+26,-8.404584892583544e+26,-9.534662000989023e+26,-9.436775221101618e+26,-9.105644591996084e+26,-5.996041059315587e+26,-1.1763658125182398e+27,-2.6747270102147813e+27,1.436374797934978e+27,1.754865110296418e+27,-5.334458697350216e+26,-2.4059162066278786e+27,2.2730311929570596e+27,4.29112590498038e+26,-2.6219672523937685e+27,2.412053393950605e+27,1.6644493049147904e+27,-2.599798204209579e+26,4.315114593219634e+27,-2.2035435326528538e+27,-3.959145308005873e+27,-1.73768109694775e+27,2.1302731130799142e+27,1.8498721025971473e+26,4.160125263294191e+27,2.145792680764025e+27,5.209255420484584e+27,2.36390340508306e+27,5.542504502371472e+27,4.456609304699074e+27,3.896131190216987e+27,-5.11000377676252e+26,-1.3648986995443932e+27,-2.3698382927956884e+26,-9.446479554222928e+26,-1.7372895173883972e+27,-2.2508078201987771e+27,-1.377091890399021e+27,-2.4603223270564007e+27,-6.512917446202465e+26,-1.633834240238361e+27,-3.8029503339005426e+26,-8.125905553878617e+26,-4.758833898699056e+26,-5.841362868666841e+26,-5.534658560858218e+26,-5.7199519418979146e+26,-1.1295130125703105e+27,-9.431061045940531e+26,-1.5281093891472748e+27,-2.1363513795166877e+27,-1.54033001236827e+27,-6.34658943353029e+26,-3.73254257209813e+26,-4.203135408889165e+26,-6.22715614841612e+26,-9.162836776375413e+26
4.9355732680051925e+26,1.2209342356574351e+26,2.9829447313828433e+26,9.148015027300051e+26,-2.7509185138050425e+25,-4.2991653687905605e+26,6.384290448324997e+26,1.4003472931213772e+27,2.0756582003803026e+27,1.6768498112268795e+27,2.1878588664885315e+27,-1.0277481184725732e+27,3.9465867989128144e+26,1.1934006466554517e+27,2.1566665411868436e+27,1.289150982385862e+27,-6.634104118429633e+26,-1.1654128047440257e+27,1.3481869899403952e+27,-1.187741214816334e+27,-3.245691864280581e+25,3.302587473180036e+26,-5.977279027471555e+26,-7.599481728038537e+26,-5.746103607196596e+26,-3.009824352276236e+26,-1.2544476205899596e+27,-1.992808050281471e+27,-2.3885430262944673e+27,-1.8803156013481636e+27,-1.6365424703636032e+27,-1.608200243738027e+27,-7.581789167689246e+26,-7.198695890198538e+26,-2.2182788529223128e+27,2.5619167924681583e+27,-3.3762484466333545e+26,-9.261542808835596e+26,2.5952515411086664e+27,1.3162129749323007e+27,2.2852507348278598e+27,2.0658228074117374e+27,2.018163492915446e+27,3.7085752881417315e+27,4.279066340533751e+27,2.58865776614789e+27,3.546282519326271e+27,4.613472784395972e+27,4.829802888867764e+27,3.096000282809344e+27,2.014360048768126e+27,9.762637490145019e+26,2.4944055232999005e+27,3.382694172705677e+27,1.778218683227589e+27,-8.633840315115949e+26,5.696549345405128e+26,1.6190579360964319e+27,-1.1722162380164556e+27,-1.2568848709975578e+27,-1.7432512164398582e+27,-1.9803877368697403e+27,-2.3800271944169005e+27,-2.3636427957846648e+27,-1.4766816934501914e+27,-3.3715632844363494e+27,-6.629412200475977e+27,1.5138010271676992e+27,2.1532325983215976e+27,-1.5964507886114172e+27,-5.342614292680229e+27,4.886935874083486e+27,2.3829036179313e+27,-6.52882982342707e+27,4.057370266548631e+27,1.9540358392490788e+27,-1.2518385620814253e+27,6.665188496573733e+27,-3.002089075801e+27,-7.124148088715175e+27,-1.5487669082457456e+27,5.516029615497962e+27,1.5308999549364686e+27,6.904966980195708e+27,2.734235650330293e+27,8.241235909757643e+27,2.4411205335436567e+27,9.719735598217495e+27,7.590106269554108e+27,3.841817425824319e+27,-1.0522519355583816e+27,-4.235638101545047e+27,-8.43197481863786e+26,-3.374578543311102e+27,-2.895704532930011e+27,-5.961672943319967e+27,-2.3889372317777195e+27,-6.798221980152121e+27,-1.386203027920344e+27,-4.939509278574668e+27,-9.383395913773153e+26,-3.29528855060595e+27,-1.0995739140471387e+27,-2.484659727206224e+27,-1.3736498347406826e+27,-1.919745047990738e+27,-1.6186541377188128e+27,-2.637405497825611e+27,-3.339087663170111e+27,-5.109962870638702e+27,-4.3887519394644886e+27,-2.3222182047283145e+27,-1.7288243932068036e+27,-1.7338187456067325e+27,-1.935795384398468e+27,-2.2972476442651423e+27
-8.54265114558708e+26,-1.1937007091739128e+27,-8.741228818188866e+26,-5.700050418428919e+26,-8.916989286045836e+26,-1.0675065549970547e+27,1.0445226825692272e+27,1.276349568543596e+27,1.6768498112268795e+27,1.9247308906150195e+27,1.384338018348103e+27,-1.5681220201309705e+27,1.1655771998862544e+27,6.228351500579577e+26,1.493183775823445e+27,6.676157523192065e+26,-2.40242315115308e+26,-6.780679138768118e+26,8.229178393935838e+26,-9.691727957756784e+26,8.678534902351662e+26,9.329582856940882e+26,-1.1325918912032977e+27,-2.293767719768963e+26,6.409183937580431e+26,5.228954231712767e+26,2.3064147839764778e+26,-1.2377860653458484e+27,-1.6828185486769975e+27,-1.396301377375302e+27,-1.421570997643971e+27,-1.3105689856576613e+27,-1.1248265289740698e+27,-9.045173248883146e+26,-1.8908112585028737e+27,1.0895697714708545e+27,-1.7876613628603025e+27,6.39420053120635e+26,2.604045326562163e+27,-4.5807221272100475e+26,-1.9375617309250382e+26,-7.737605025984326e+25,-2.8347003095672946e+25,7.924440618475567e+26,1.0319447550268011e+27,1.8603531099170195e+27,2.501393781530775e+27,3.167269104881445e+27,2.987830069807366e+27,2.0083247674476235e+27,1.4638619373090457e+27,7.035049332854178e+26,1.8119294257059974e+27,2.7248486444276447e+27,1.322402962576778e+27,-9.633440555028656e+26,4.1489314298198355e+26,1.431438431954717e+27,-1.3824057535512965e+27,-1.2250738310358601e+27,-1.4562761164261592e+27,-1.8340206109671913e+27,-1.8012383811593612e+27,-1.4392903850794245e+27,-8.876949670244268e+26,-1.6720797187548997e+27,-4.1896876124289185e+27,1.324379678358352e+27,2.0893126348187555e+27,-1.899836033810182e+27,-4.621356780593305e+27,1.7032344270688838e+27,-6.81137396609121e+26,-1.1966071112047893e+27,2.192466059303531e+27,1.3931477407217472e+27,-1.0540647537559809e+27,4.2582523099775515e+27,-2.5603738133805947e+27,-6.697433751428831e+27,-1.901344141893505e+27,6.218315694830834e+26,2.633951001588399e+26,3.539131876170623e+27,3.118450983815296e+27,4.711145333234824e+27,3.0910678874183895e+27,4.4711257043860464e+27,5.74207314181988e+27,3.1629075987122864e+27,-2.2937095838333586e+26,-1.6159887920759957e+27,2.654891556138023e+26,-5.723945398131302e+26,-8.208985942502015e+26,-2.4784450518422672e+26,-7.263440871935119e+26,-1.8284389906899478e+27,-9.806909346784759e+25,-1.41694187985565e+27,7.278969692562579e+25,-1.4063546398470759e+26,9.393506386241714e+25,6.593444520804174e+26,3.566007574882562e+26,8.161480776887728e+26,-7.109367964402223e+26,8.837740197358111e+26,2.055502001652977e+26,-3.295737419595791e+26,-4.209357454942633e+26,3.267992395170745e+26,4.9076822459721e+26,6.457313850537896e+26,6.357956318519914e+26,4.9711503202863164e+26
1.8958156759600502e+27,1.6338278479262982e+27,1.4602295544859063e+27,2.489754648741823e+27,7.465822382897076e+26,1.3774280917169213e+26,-2.6234613647285752e+25,1.4305433734861352e+27,2.1878588664885315e+27,1.384338018348103e+27,3.127759903426514e+27,-3.451696829621199e+26,-6.163655925364774e+26,1.7470741760793255e+27,2.185467027768715e+27,1.7454971886713875e+27,-8.956737378264594e+26,-1.4072012361527898e+27,1.4715913310870835e+27,-1.0641270806649939e+27,-1.2229612590295949e+27,-1.5358734675661117e+26,-1.96685431894504e+26,-4.853444642496714e+26,-1.118968410668338e+27,-9.053527688339683e+26,-1.3650846230430297e+27,-1.2680928178997452e+27,-2.2712274112934345e+27,-1.6306003669720025e+27,-1.069003361641704e+27,-9.485302181101345e+26,-3.185692445004017e+26,-4.1059517761337885e+26,-1.1892370308731362e+27,4.2478817331445214e+27,1.3344593335401673e+27,-3.1687740828300373e+27,2.0494198184746354e+27,3.2200819016600024e+27,4.925807369848916e+27,4.32572728892268e+27,4.226856828548893e+27,6.502457021024767e+27,6.8440902200024e+27,2.9711611135652754e+27,4.181111278884109e+27,5.004979751180124e+27,5.860218609262688e+27,4.319784664390307e+27,2.239905359368287e+27,6.313553094463851e+26,2.3845566359625097e+27,2.0935871765518564e+27,1.1166555371288943e+27,-1.2288302274946082e+27,-3.7299908094185536e+26,4.006299375425865e+26,-1.5946319170004996e+27,-1.8048542838073354e+27,-2.2015733525701345e+27,-2.4074543926063507e+27,-2.950616325059015e+27,-3.3238704037791345e+27,-2.125336406172954e+27,-4.7177033656907e+27,-8.251914409510429e+27,-9.731781797273564e+25,4.839396616778611e+26,-2.2121015278785992e+27,-5.469175120457741e+27,6.268999877640199e+27,5.128816264295401e+27,-9.238460138307545e+27,5.993767823965909e+27,1.533430209613576e+27,-2.6421660698705926e+27,6.567448726867156e+27,-1.8778730413701323e+27,-6.134428357799955e+27,-5.997762280207308e+26,8.864303666600633e+27,3.0520562822505016e+27,9.523906707130115e+27,1.844098507600174e+27,9.165742562371204e+27,1.0768752415045751e+27,1.214217069513017e+28,7.253584216058181e+27,-1.0270059737522199e+27,-7.167223429612059e+26,-5.280207411270439e+27,-7.217747371504399e+26,-4.1667658406241567e+27,-2.437676172781489e+27,-8.320319319589261e+27,-1.934973663497602e+27,-9.252709800867292e+27,-1.1427742816975512e+27,-6.561047895675984e+27,-7.374341103128413e+26,-4.13411602380765e+27,-9.270778539531594e+26,-3.290078357932771e+27,-1.4001123714915417e+27,-2.499418543675635e+27,-1.0864682425056106e+27,-3.7879318158784694e+27,-3.908838544636144e+27,-6.403681267851831e+27,-5.816985307061069e+27,-3.041136275875429e+27,-2.193907474663897e+27,-2.141787946201645e+27,-2.3538328494131813e+27,-2.711587667712247e+27
1.3555331552271198e+27,1.5083878664651087e+27,1.3305558989841685e+27,1.4019807129332478e+27,1.1397520669284883e+27,1.0583069059889051e+27,-1.1328001594206378e+27,-8.137830820919879e+26,-1.0277481184725732e+27,-1.5681220201309705e+27,-3.451696829621199e+26,1.6964546601317706e+27,-1.5570210995011813e+27,-9.425136091506853e+25,-9.440499473760421e+26,-2.0555859207843067e+26,8.073926529573806e+25,4.0495781355584574e+26,-5.0892738907868864e+26,8.58446098966699e+26,-1.23178996043947e+27,-1.0318366176492594e+27,1.2194607075273576e+27,1.1149051776912421e+26,-9.19823010292439e+26,-7.188736114334566e+26,-6.397363119269558e+26,7.955107704266021e+26,1.217316936149875e+27,1.0485519539710865e+27,1.2170294211106058e+27,9.628997096424111e+26,8.998085658031207e+26,5.2431033936687415e+26,1.3051880470025831e+27,2.993120182280841e+26,2.4738738448681875e+27,-1.4175973555641414e+27,-2.0983432372523073e+27,1.4004298472594556e+27,1.6133842668588855e+27,1.4965934596063096e+27,1.433919706429272e+27,1.3493598943064206e+27,1.1043572121670764e+27,-9.90625392205649e+26,-1.269696447482652e+27,-1.719312402364702e+27,-1.281192944142678e+27,-6.013144406457427e+26,-8.110511297104391e+26,-5.44457236945167e+26,-1.1423443502786297e+27,-2.1637559179136014e+27,-1.0067589909206554e+27,8.073553386366423e+26,-4.391968291589538e+26,-1.293515928926494e+27,1.2540004543954926e+27,9.892373069922851e+26,1.2124096181023141e+27,1.5999712436750534e+27,1.5006823799456056e+27,9.7872843841894e+26,6.03059441319327e+26,9.21026786855276e+26,2.738317282479223e+27,-1.291171721685917e+27,-1.9833800510317168e+27,1.8317634665273933e+27,4.000835767959123e+27,2.0610140530773836e+26,2.334542333062527e+27,-1.700057815626934e+27,-2.5413879598475144e+26,-9.45196854411736e+26,6.804801896170844e+26,-2.4000733484592845e+27,2.0008054092301278e+27,5.953720725072278e+27,1.5189551771851158e+27,2.2503139742846814e+27,5.623424009499189e+26,-6.170702363734874e+26,-2.728779051718232e+27,-2.0381223619533512e+27,-2.7732669384791767e+27,-8.649951523735389e+26,-4.232240023764746e+27,-3.3250435726519834e+27,-4.645963346087932e+25,6.245638010364259e+26,-5.585708231189491e+26,-3.762184279669352e+26,-1.8850978581731842e+26,-2.455870067133645e+27,-1.5184326525770242e+25,-5.165390336045202e+26,-3.543556181547826e+26,-2.2613195121333855e+25,-4.176630234257086e+26,-9.497692602629662e+26,-5.424539662129431e+26,-1.773055519817621e+27,-1.0256240081204603e+27,-1.8603960262406582e+27,1.437456178286378e+26,-2.478398419457565e+27,-1.7720751327464412e+27,-1.7590026517303139e+27,-1.1204758345080439e+27,-1.1648520858189845e+27,-1.1253975635168281e+27,-1.403703911966884e+27,-1.5709888708949307e+27,-1.621887618477943e+27
-2.002644363170212e+27,-2.151910761993008e+27,-1.7825814763855317e+27,-2.1597744555316278e+27,-1.3557051873099453e+27,-1.1317306720513808e+27,1.1389871837120804e+27,3.9708391155695214e+26,3.9465867989128144e+26,1.1655771998862544e+27,-6.163655925364774e+26,-1.5570210995011813e+27,1.7691208236549347e+27,-4.560970681736463e+26,3.054115158753344e+26,-3.609927323607489e+26,2.5772155823553914e+26,8.31954333575775e+25,4.44080762335181e+25,-4.873896164515812e+26,1.7677424166348114e+27,1.0816630551898746e+27,-1.1120899741384883e+27,-6.271308736516816e+25,1.2644502898915427e+27,1.064853903294734e+27,9.228903453441624e+26,-6.433019351853747e+26,-5.354010133698504e+26,-5.929269205737069e+26,-9.681530461130353e+26,-8.490761121263167e+26,-8.873965293758567e+26,-5.339336257098391e+26,-1.2477539654773747e+27,-1.617395615683556e+27,-2.9372693383917276e+27,2.7263637350142774e+27,1.5305204821740828e+27,-2.482820267674869e+27,-3.3105656729492614e+27,-2.888660758430023e+27,-2.757840167678401e+27,-3.53349920659192e+27,-3.553697590128159e+27,-2.313793637640611e+25,-1.765896933359515e+26,1.304408853194271e+25,-8.067711926768479e+26,-7.72741825222789e+26,5.9313695455457665e+25,3.587290142825714e+26,3.351166914660421e+26,1.6429306757567604e+27,7.072146829307278e+26,-2.476985731718823e+26,7.597559566491048e+26,1.3684653141806672e+27,-4.8491822779594534e+26,-1.899603852326388e+26,-2.5421810304479312e+26,-5.2945230635598254e+26,-2.2618694967222543e+26,4.0029091830909445e+26,2.9804373371551716e+26,9.36970431126321e+26,3.841642043786253e+26,1.6083745266193205e+27,2.089711530300042e+27,-7.065047204501782e+26,-1.7920535202166716e+27,-2.3847377343401282e+27,-4.2197934364764215e+27,4.607247500095297e+27,-1.6440753320863848e+27,5.0038571720238485e+26,5.293105942827376e+26,3.0823059891902798e+26,-1.6693789390472168e+27,-3.7764257670957237e+27,-1.5338254712666138e+27,-5.17707818865018e+27,-1.5811245868714777e+27,-2.508399389890273e+27,2.2140228933622316e+27,-9.171831742321389e+26,2.588825049269486e+27,-3.083971878574101e+27,1.9901463423013728e+27,4.3896367422555206e+27,9.276103333337068e+25,1.2834058865339974e+27,6.106363367051242e+26,1.7213658279558893e+27,5.2908464415117374e+26,4.839666855865839e+27,2.890088052727858e+26,3.569582444195869e+27,4.804562036926635e+26,2.284162729666502e+27,4.5320137009484393e+26,2.2002639630738386e+27,6.038678329835229e+26,2.612306782480776e+27,1.1865313055317027e+27,2.35947626602805e+27,-9.916199078840878e+25,3.3692967579531097e+27,2.5708694985870614e+27,3.424553279915327e+27,2.8715804702393834e+27,2.0058196511085707e+27,1.6779952691833854e+27,1.8597163746219212e+27,2.0285598800792598e+27,2.132900037685045e+27
1.735776225025863e+27,1.7067434132201124e+27,1.34854698073723e+27,1.9591571328688078e+27,8.154196398320937e+26,4.478008189421954e+26,-2.0545412201002256e+26,6.703374369718517e+26,1.1934006466554517e+27,6.228351500579577e+26,1.7470741760793255e+27,-9.425136091506853e+25,-4.560970681736463e+26,1.0671261316427136e+27,1.342883853931604e+27,1.1156303543876702e+27,-6.220968081732656e+26,-9.549252196256913e+26,9.89131309748482e+26,-7.251219782219512e+26,-9.757086422421696e+26,-2.627244060747919e+26,-1.5119187861121226e+25,-3.59070410847937e+26,-9.831154616844872e+26,-7.948952958824094e+26,-1.0660698385019645e+27,-6.408895122021691e+26,-1.465390871747241e+27,-1.0338934753262444e+27,-6.243976479298162e+26,-3.8560751851231326e+26,1.8125623063900657e+26,2.0204866867629138e+26,-2.3772694818215752e+26,2.6528381708545386e+27,1.0138207147815707e+27,-2.4340092858497204e+27,9.998461854833739e+26,2.5416136962294665e+27,3.686669928546313e+27,3.0906460062231357e+27,3.0029559716833804e+27,4.249664753953447e+27,4.4594493451597665e+27,1.511494986806272e+27,2.18592285847058e+27,2.6201106731076314e+27,3.2950573109134026e+27,2.3754482414576506e+27,1.1247200968172893e+27,2.459987948399265e+26,1.136008116006098e+27,8.235488908717958e+26,4.049318833919573e+26,-7.7482665528763e+26,-4.173946901482839e+26,-7.1836342108746964e+25,-1.0547674457255376e+27,-1.1898192450585943e+27,-1.5083513025189445e+27,-1.6335471247604875e+27,-2.1334095732577677e+27,-2.4066973504636506e+27,-1.532609708471648e+27,-3.470358108440032e+27,-5.765819656575487e+27,-4.204801858564397e+26,-8.463565088035297e+25,-1.60159370867793e+27,-3.708906190338099e+27,3.9748347939878684e+27,3.680639691169362e+27,-6.232042637062122e+27,3.51493534605636e+27,6.59940659321619e+26,-1.9225258213230577e+27,3.5897369146527226e+27,-8.154342281259178e+26,-3.7728630125241726e+27,2.2096955496063937e+26,5.946417798608377e+27,2.2374461338584244e+27,5.630094088105386e+27,7.53906984345354e+26,5.216290416541748e+27,3.6243933771901134e+25,7.34891837175233e+27,4.4474140947805897e+27,-1.6299061068990082e+27,-4.801544990880376e+26,-3.9431862576966977e+27,-5.90087392636293e+26,-3.193875939787818e+27,-1.3917029592135048e+27,-5.76742063642133e+27,-1.1528230408256623e+27,-6.573356839198824e+27,-7.757647319621675e+26,-4.828515858086887e+27,-5.212467332012321e+26,-3.187105084442823e+27,-6.259740840442189e+26,-2.5193161528192476e+27,-9.623601968774618e+26,-1.8251981746482128e+27,-4.685049793088097e+26,-2.6004579847965415e+27,-2.584002338036688e+27,-4.4129084680778205e+27,-4.2499210695093665e+27,-2.3583460546863488e+27,-1.7717526853371022e+27,-1.6761618679094197e+27,-1.7274842862032094e+27,-1.8751653295570542e+27
1.483668948385836e+27,1.2288680518119641e+27,1.086001645052968e+27,1.734713722649559e+27,5.7767390522826466e+26,1.298057278743267e+26,4.5270985791787266e+26,1.2537014760091472e+27,2.1566665411868436e+27,1.493183775823445e+27,2.185467027768715e+27,-9.440499473760421e+26,3.054115158753344e+26,1.342883853931604e+27,2.612178737366702e+27,1.5683525965351287e+27,-9.417879292346824e+26,-1.5164068792893677e+27,1.758381244800921e+27,-1.5345582080923635e+27,-3.5534638028799095e+26,-9.938383929843273e+24,-3.8922068748230566e+26,-1.2818179247574874e+27,-1.4719167781135068e+27,-8.72235869038969e+26,-2.3877372956997227e+27,-2.5760502643243856e+27,-3.0547444880915125e+27,-2.384894033682486e+27,-2.035946514901923e+27,-1.8225382632864047e+27,-2.6626991669272906e+26,-1.2631679564834725e+26,-2.1937681597140503e+27,2.9555626147792017e+27,-1.941249211892683e+25,-1.6478009256960758e+27,2.6341189035866385e+27,2.4056856424018144e+27,3.6931355104749926e+27,3.0888610397136977e+27,2.964766960862314e+27,4.8546925035249365e+27,5.786701847836878e+27,2.5912905767618643e+27,3.6356608112987737e+27,4.999214500753506e+27,5.459683715544769e+27,3.0833041082537887e+27,2.0075468348264625e+27,1.090333360944373e+27,2.6186621609685597e+27,3.8583125623474163e+27,1.9830201791101897e+27,-8.117843317513568e+26,7.494281475505523e+26,1.85059485320895e+27,-1.1905606444009865e+27,-1.3175221822584658e+27,-2.1531112221758126e+27,-2.3826115936691243e+27,-3.2765656039789834e+27,-3.285818574020788e+27,-2.027935114906143e+27,-4.966256255892494e+27,-9.106865441576843e+27,1.809914027642767e+27,2.4775363938120797e+27,-1.859694554112994e+27,-6.961950222436178e+27,6.728542014698763e+27,3.924509799367846e+27,-9.60979203894958e+27,4.3951574430107155e+27,2.1117438811756142e+27,-1.4276954780174243e+27,7.958761069656472e+27,-3.383357838625629e+27,-8.614425752531705e+27,-9.936325734621627e+26,7.956076129408537e+27,2.2580099776098762e+27,7.909625303967639e+27,2.580007172978847e+27,9.863428041409454e+27,1.9424660822852838e+27,1.2196684021396849e+28,9.263513099530273e+27,4.8481621288166495e+27,-1.7120139406071128e+27,-6.75299630214276e+27,-1.7138790450527806e+27,-5.846729047068066e+27,-4.1269712511440403e+27,-9.386036751095355e+27,-3.4908992571597785e+27,-1.0372995871549011e+28,-2.3126145720402132e+27,-7.836073530661814e+27,-1.6578393114508123e+27,-5.92103030100863e+27,-1.8870320056263727e+27,-4.715896003709807e+27,-2.4336357001726245e+27,-3.60577885944617e+27,-2.055093868789786e+27,-4.521593448203945e+27,-5.366528456369537e+27,-8.10503734904782e+27,-7.22120496465807e+27,-4.3124460028962194e+27,-3.4557780844532584e+27,-3.4360646441995093e+27,-3.597873794063367e+27,-3.97571275852098e+27
1.9113236927704329e+27,1.9235385370872455e+27,1.4579897564039348e+27,2.0564335504261233e+27,8.945380097587051e+26,5.373039542914997e+26,-1.5249031452601851e+26,6.834408468644509e+26,1.289150982385862e+27,6.676157523192065e+26,1.7454971886713875e+27,-2.0555859207843067e+26,-3.609927323607489e+26,1.1156303543876702e+27,1.5683525965351287e+27,1.2321714033452382e+27,-7.690686881679619e+26,-1.1330193994913904e+27,1.1787407043814951e+27,-9.442651877406604e+26,-1.050306814464112e+27,-3.2650454537729844e+26,-4.455533538502254e+25,-5.339186138626492e+26,-1.2770034051207226e+27,-1.0015931944324255e+27,-1.4183654750359183e+27,-8.553074115166662e+26,-1.7928099602555843e+27,-1.2797212264042227e+27,-8.321101783810062e+26,-4.878995333093957e+26,2.7744020081502952e+26,3.640035202823497e+26,-2.861872833996736e+26,2.706737819682827e+27,9.438557457490435e+26,-2.643877529999386e+27,1.1631888817079753e+27,2.7391903084056726e+27,3.981849739535146e+27,3.2483749527100904e+27,3.1290299992282834e+27,4.5029638149407564e+27,4.9352610627197204e+27,1.6381472094506142e+27,2.3737148206133807e+27,2.980069386558797e+27,3.698045914839668e+27,2.3974802837918962e+27,1.2266073061098275e+27,3.782036386945199e+26,1.3471252682976817e+27,1.2292688276782342e+27,6.273347823336881e+26,-8.296935722660892e+26,-2.9911649756812472e+26,1.4293156721096106e+26,-1.1791558524530697e+27,-1.3258070630778414e+27,-1.832591799097523e+27,-1.977266596042955e+27,-2.674776938499094e+27,-2.922932972476043e+27,-1.8708833760806416e+27,-4.232455627616881e+27,-6.925274827038554e+27,-1.90456761597747e+26,1.9480923904294575e+26,-1.8626607894784627e+27,-4.642341061322453e+27,4.6771994736797784e+27,4.0734934290691424e+27,-7.187452916467699e+27,3.614025799336421e+27,8.57610973847472e+26,-2.0665922756003872e+27,4.3254979677417944e+27,-1.0669868964359863e+27,-4.7577217164166205e+27,3.016427396581536e+26,6.639019178175508e+27,2.385148587809161e+27,6.054015441903587e+27,9.092714985227815e+26,6.046123084388193e+27,8.835322061319255e+25,8.36916411115985e+27,5.382591293727791e+27,-9.194711563102105e+26,-6.59339986659305e+26,-4.984630246290775e+27,-8.097294980176037e+26,-4.0990040009072066e+27,-1.7492545320667638e+27,-6.77117882273512e+27,-1.4879458392399126e+27,-7.847397785490656e+27,-1.0272476134495725e+27,-5.940789991228091e+27,-6.818583005024164e+26,-4.0732267950765174e+27,-7.969465668303037e+26,-3.1582629687446176e+27,-1.195156336364658e+27,-2.23256900669541e+27,-5.660659073411213e+26,-3.0407268741214814e+27,-3.11218984777386e+27,-5.324050882979762e+27,-5.218765661055482e+27,-3.003639916020011e+27,-2.3079229305550027e+27,-2.1473388988854195e+27,-2.1535266102645346e+27,-2.294295931114029e+27
-9.486952619044517e+26,-1.0089469513947354e+27,-7.091637082097911e+26,-9.889339185742799e+26,-4.469028178089712e+26,-3.0283639826885184e+26,6.0802586257807025e+25,-3.27019619786462e+26,-6.634104118429633e+26,-2.40242315115308e+26,-8.956737378264594e+26,8.073926529573806e+25,2.5772155823553914e+26,-6.220968081732656e+26,-9.417879292346824e+26,-7.690686881679619e+26,8.002519311902708e+26,8.259685853680394e+26,-7.615681471631173e+26,7.531365826559774e+26,1.0316749582624155e+27,5.6668134628322135e+26,-9.196196135120571e+25,4.3056101005533956e+26,1.4825346942932756e+27,1.2453485050692222e+27,1.3823761498641034e+27,5.2039826884209684e+26,1.1669660578084995e+27,7.509226634172916e+26,4.098830516193881e+26,1.5867742101610805e+26,-1.9070915716360717e+26,-2.1861897703121194e+26,1.3952581792094071e+26,-1.4079766577059478e+27,-7.3206184643356e+26,1.979655933376629e+27,-5.7934530463213966e+26,-1.3583258895581755e+27,-2.1337646817766102e+27,-1.5931319577659462e+27,-1.5450509506243932e+27,-2.4298155274484532e+27,-3.178369133853019e+27,-1.1582019979374754e+27,-1.6644455467017468e+27,-2.3403322434719555e+27,-2.7036764679459464e+27,-1.2993110045294754e+27,-8.772439229780197e+26,-5.187745148336237e+26,-1.231757234508423e+27,-1.5587656792690967e+27,-9.164720461321313e+26,3.381898561153567e+26,-2.6867858151310908e+26,-6.700319879386418e+26,5.3289208895944515e+26,7.97677990195442e+26,1.5518467046453194e+27,1.52126996831481e+27,2.3570780139093228e+27,2.544920336004561e+27,1.7723214081031878e+27,3.6231156017085125e+27,5.002276285190822e+27,-5.0575908669379155e+26,-7.268314744230363e+26,9.078776161355003e+26,3.295799978223908e+27,-3.6750954951050275e+27,-2.6936863506674997e+27,5.271496428101159e+27,-2.0036782285451285e+27,-9.267587093417964e+26,1.1195516319947503e+27,-3.6506870238378936e+27,6.58019121169547e+26,3.23287226821978e+27,-2.0965710052846086e+26,-4.5571299227331607e+27,-1.2515491755780662e+27,-3.8561840633255096e+27,-4.4479651270294746e+26,-4.6790993965946333e+27,-2.7045537253920493e+25,-6.108810657127672e+27,-3.67129566317975e+27,-1.1545699183201222e+27,3.9803195715534286e+26,4.419158859071348e+27,6.01879349159365e+26,3.7965461212720137e+27,1.4219407008127859e+27,5.340759396443075e+27,1.1826435975502594e+27,6.156977268064574e+27,7.822679228555826e+26,5.029589268002937e+27,3.79862857264546e+26,3.7285592214295955e+27,4.8688836018564024e+26,2.788589119370569e+27,8.916047806714229e+26,1.8718066334721647e+27,2.9863577331448886e+26,2.500546510681145e+27,2.6151768888814256e+27,4.482921118182393e+27,4.56718742973187e+27,2.8416862977594813e+27,2.220956178203653e+27,1.9283233809338576e+27,1.8457413311966264e+27,1.930537044568894e+27
-1.7431788507962757e+27,-1.8487828352457268e+27,-1.2572319529382648e+27,-1.7253689358759404e+27,-7.52550821976544e+26,-4.9626426487547695e+26,2.44221262272483e+25,-5.858797942877699e+26,-1.1654128047440257e+27,-6.780679138768118e+26,-1.4072012361527898e+27,4.0495781355584574e+26,8.31954333575775e+25,-9.549252196256913e+26,-1.5164068792893677e+27,-1.1330193994913904e+27,8.259685853680394e+26,1.165127057871297e+27,-1.186819380066355e+27,1.1063590754474076e+27,9.69335765304541e+26,3.1008539726462895e+26,1.895034549178258e+26,5.261521082813778e+26,1.351241080428025e+27,1.1043987825473983e+27,1.3708134290556929e+27,6.834537842300318e+26,1.8398007720988762e+27,1.307303994656251e+27,8.787141177337219e+26,3.432468048844358e+26,-3.52865734827109e+26,-5.749931026767865e+26,1.0009757322430108e+24,-2.234723174392491e+27,-5.338433186487244e+26,2.542302933197335e+27,-1.174998340529316e+27,-2.4465289110496453e+27,-3.567756393960217e+27,-2.76183742893281e+27,-2.621823937242049e+27,-3.799670273458984e+27,-4.308855813228723e+27,-1.4276366395769136e+27,-2.0645109534699226e+27,-2.6657248695736656e+27,-3.279813883848655e+27,-1.9499035113655247e+27,-1.0785513217731427e+27,-4.014233904892606e+26,-1.23818745398402e+27,-1.2278399730079379e+27,-6.334837595000412e+26,8.76885645856704e+26,2.6378529970382823e+26,-1.8759475116580208e+26,1.3297027640245297e+27,1.443615895955904e+27,2.1261095634622198e+27,2.3025258782658193e+27,3.1498343556574637e+27,3.2976873719688135e+27,2.1459424216291355e+27,4.663427373357067e+27,7.334910692766725e+27,1.3862124562276728e+26,-2.7071697439203653e+26,2.196703232055357e+27,5.220273139896146e+27,-4.212253643418631e+27,-3.6151021848005175e+27,6.443315991503615e+27,-2.9988805718710114e+27,-8.171497781899637e+26,2.1887874648711385e+27,-3.9931515910952145e+27,9.671641371572333e+26,5.282760577266252e+27,-4.5487201931339655e+26,-5.789305255356405e+27,-2.1368689309203564e+27,-5.237996551941433e+27,-1.0010287888185065e+27,-5.466670347174738e+27,-1.3147556543440192e+26,-7.489007761497408e+27,-5.524425367040261e+27,7.529800652353567e+26,5.0602040505715716e+26,5.39252462152821e+27,6.581255097418753e+26,4.301428774379866e+27,1.312367909502827e+27,6.053392094858828e+27,1.192236020895251e+27,7.701487980185471e+27,8.173897647136773e+26,6.151408573198003e+27,4.4629517983348286e+26,4.117244587949674e+27,5.068751956803243e+26,2.902683061780293e+27,8.220293764707473e+26,1.7967083904131387e+27,2.0589734022621903e+26,2.3843054321144294e+27,2.4935733154327446e+27,4.7988173336371814e+27,5.135450064656189e+27,2.9825998638591956e+27,2.2824642811490857e+27,1.9406585026247102e+27,1.7932037364848882e+27,1.8223913980757e+27
1.756252296388091e+27,1.7731452951024205e+27,1.2884046527287185e+27,1.7711314874119945e+27,7.798179727231054e+26,4.780098139825588e+26,6.948430924627766e+25,6.849949284312133e+26,1.3481869899403952e+27,8.229178393935838e+26,1.4715913310870835e+27,-5.0892738907868864e+26,4.44080762335181e+25,9.89131309748482e+26,1.758381244800921e+27,1.1787407043814951e+27,-7.615681471631173e+26,-1.186819380066355e+27,1.3036473981956057e+27,-1.1612623636748121e+27,-6.77402776882846e+26,-2.020987216957643e+26,-2.095590819715739e+26,-7.77933480375718e+26,-1.3156576005064804e+27,-9.375897114600901e+26,-1.660507183943884e+27,-1.247142778653892e+27,-2.1167266856774987e+27,-1.590725457215103e+27,-1.2211078220003562e+27,-7.749132663502756e+26,2.6507273979178537e+26,4.826142250894884e+26,-5.705956580752804e+26,2.2914331105412665e+27,3.3082067088573915e+26,-2.0951742548747732e+27,1.4838995262470786e+27,2.4776504485881716e+27,3.5755140877486863e+27,2.844139648722877e+27,2.6955927763793587e+27,3.943125887361287e+27,4.457218474403399e+27,1.5151194650928976e+27,2.1756453758965977e+27,2.905462360679942e+27,3.456302116671522e+27,2.0296673489702284e+27,1.1585429343401001e+27,5.0569674468310614e+26,1.3829784517275075e+27,1.7138255630929496e+27,8.498185248863745e+26,-7.741041234617713e+26,-4.864492121977986e+24,5.445867018020422e+26,-1.1815114497921061e+27,-1.261215192823392e+27,-1.9186452113571931e+27,-2.1106594571237163e+27,-2.9280960053077186e+27,-3.012848071107521e+27,-1.894718423811848e+27,-4.419527326153031e+27,-7.426433309647419e+27,3.4355969356231605e+26,7.783220528696398e+26,-1.9768171972184604e+27,-5.399614646675545e+27,4.577511312056104e+27,3.568056432453037e+27,-7.04501265784815e+27,3.113027077926169e+27,1.0177124284646658e+27,-1.8055603550697883e+27,4.6208974148600816e+27,-1.5975539623215286e+27,-5.875467445257668e+27,1.5247671643078707e+26,6.109327819992507e+27,2.1266391379809923e+27,5.491482750069931e+27,1.3142420451779825e+27,6.113753771598683e+27,4.99968195585414e+26,8.173143513428906e+27,6.251022153792407e+27,7.11129322487643e+26,-9.249840926535615e+26,-5.501179418350251e+27,-1.0487648533549332e+27,-4.5796838524441975e+27,-2.1162074727144405e+27,-6.787548586557559e+27,-1.867953413586994e+27,-8.112428237435732e+27,-1.307503242608959e+27,-6.334743850765878e+27,-8.86979836783149e+26,-4.518731665384709e+27,-9.902410818200595e+26,-3.407254077849091e+27,-1.3592473345936846e+27,-2.3531239458014188e+27,-7.65598239895632e+26,-2.958964687151667e+27,-3.2848894246712777e+27,-5.58351745188496e+27,-5.51883473295166e+27,-3.285682975404817e+27,-2.598716601878713e+27,-2.399603360788609e+27,-2.34646131604654e+27,-2.4608395732852514e+27
-1.0645612864580123e+27,-1.1511095655510492e+27,-6.377961735344801e+26,-9.416597122149657e+26,-2.863839673916232e+26,-1.3647000135717713e+26,-3.442649098069842e+26,-6.484132942509908e+26,-1.187741214816334e+27,-9.691727957756784e+26,-1.0641270806649939e+27,8.58446098966699e+26,-4.873896164515812e+26,-7.251219782219512e+26,-1.5345582080923635e+27,-9.442651877406604e+26,7.531365826559774e+26,1.1063590754474076e+27,-1.1612623636748121e+27,1.2916389118728445e+27,4.214960073561502e+26,5.39214673165252e+25,5.282973486187196e+26,5.753290490173688e+26,1.1245472550524887e+27,9.050633286711336e+26,1.1843838062077037e+27,7.881859110914728e+26,1.9580123206169136e+27,1.451238267529425e+27,1.1507558082538593e+27,4.9938247352563196e+26,-1.1382842992647277e+26,-4.8555727213025704e+26,2.2900141866905998e+26,-1.5240590883030716e+27,4.125216715932646e+26,1.655292759181622e+27,-1.5594958958429598e+27,-1.5865827006191666e+27,-2.3949274339546165e+27,-1.7230508039470588e+27,-1.587554893812171e+27,-2.4731876682401055e+27,-2.932769729569981e+27,-1.2894729595981323e+27,-1.7926213521462632e+27,-2.4106002962176156e+27,-2.681097015659362e+27,-1.4985850367624237e+27,-1.0093600420556447e+27,-5.212739861452792e+26,-1.2452613890643257e+27,-1.6247059800303423e+27,-8.312874071779618e+26,8.740227793550077e+26,-9.489739199502634e+24,-5.799860803690355e+26,1.4087905084844475e+27,1.4271743647467803e+27,2.2457755540135515e+27,2.485221619500617e+27,3.3689837570473105e+27,3.292711520100455e+27,2.1450478028487994e+27,4.5512908346368483e+27,7.197329782939754e+27,-3.701322266217172e+26,-8.382812239810013e+26,2.3807060599516138e+27,5.706286010975459e+27,-3.170341638480971e+27,-2.2523768124474662e+27,4.7943915338389826e+27,-2.211462815656987e+27,-9.575698649610186e+26,1.9234747176753906e+27,-3.7641686252615707e+27,1.3805544427453173e+27,6.23484661442277e+27,-6.474159620967897e+25,-3.928442253646992e+27,-1.4879739750708206e+27,-4.0780595990337755e+27,-1.60464281705576e+27,-4.807710364457811e+27,-8.774645884193628e+26,-6.092848971407175e+27,-5.975009217072374e+27,-7.042126730875725e+26,4.20011373065654e+26,5.23640656064725e+27,4.582940377651598e+26,4.0000553968690217e+27,1.0313615940845203e+27,4.470653946623778e+27,1.0309388591787503e+27,6.628299273372057e+27,6.296648755301933e+26,5.637904562369805e+27,2.103224126282943e+26,3.608729751046388e+27,2.0964740984978658e+26,2.16104052322399e+27,3.582518850169711e+26,1.0296800784053864e+27,5.732035892629068e+25,1.2410847329448116e+27,1.6145641925562516e+27,3.737578401146978e+27,4.403665617832114e+27,2.547121057652023e+27,1.9347124755272041e+27,1.4368799740658032e+27,1.1598729668375615e+27,1.1098057514378689e+27
-3.6237472842084947e+27,-4.1809472599522906e+27,-2.846008138791797e+27,-3.475642888585376e+27,-1.9824523201465116e+27,-1.701494871286956e+27,1.3099120858110167e+27,2.9360473255806542e+26,-3.245691864280581e+25,8.678534902351662e+26,-1.2229612590295949e+27,-1.23178996043947e+27,1.7677424166348114e+27,-9.757086422421696e+26,-3.5534638028799095e+26,-1.050306814464112e+27,1.0316749582624155e+27,9.69335765304541e+26,-6.77402776882846e+26,4.214960073561502e+26,3.102487408390888e+27,1.4807193813405906e+27,-7.696017548648917e+26,-3.064217267325477e+26,2.3440029351845423e+27,2.3620524590146578e+27,1.120295131141017e+27,-1.5930370081668232e+27,4.064795349471826e+26,-6.805644997510087e+25,-8.726207222177824e+26,-1.6575775081136465e+27,-1.5954621408099721e+27,-1.6625847062220664e+27,-3.00773541016503e+27,-2.929963543648565e+27,-3.3029464699122446e+27,5.791369905603087e+27,1.2160635181193845e+27,-4.5646284533912235e+27,-6.276865704922398e+27,-4.8816016282960287e+27,-4.6057720216237964e+27,-5.913176659724327e+27,-6.401476433192614e+27,-4.999951315973452e+26,-1.0358169508772823e+27,-9.846190915290477e+26,-2.5555139681244576e+27,-1.6168497290544535e+27,-2.454264126368821e+26,4.642616040214349e+26,9.436721839032482e+25,2.0796659557473174e+27,9.911414715218401e+26,8.211231951972128e+26,1.7289882355664483e+27,2.204815587717988e+27,1.272514067083175e+27,1.6193401623769307e+27,2.3490610656828015e+27,2.301981823778157e+27,3.571217140634395e+27,4.206670085742402e+27,2.9342437944883184e+27,5.845736881570431e+27,7.130111204636881e+27,3.095965639801413e+27,3.144449553696823e+27,2.3353155798237e+27,3.312701092600702e+27,-4.7908320173974776e+27,-7.171835495887316e+27,8.015788995306966e+27,-3.16317863296972e+27,6.915908626124896e+26,3.6004637795916717e+27,-9.281677733922643e+26,-2.512765894951549e+27,9.055080060143859e+25,-2.9761526136812936e+27,-8.610056696842205e+27,-3.3578161682829217e+27,-5.152728157969771e+27,2.0263409640834385e+27,-2.9461492320209363e+27,3.4688297149962686e+27,-6.483726966365304e+27,-9.289361848480513e+26,9.288962327273118e+27,-6.13052810325314e+26,6.133559482120006e+27,5.4504300132323646e+25,4.947027238990267e+27,-9.058788148651063e+26,7.346437325449867e+27,-7.542864213198147e+26,8.97167864533985e+27,-2.709972398688273e+26,7.248992779611168e+27,-3.893038134212112e+26,4.897066930148888e+27,-3.566974399854588e+26,3.604715019604246e+27,2.17884729794079e+26,2.0554182750282227e+27,-1.6136956986754682e+27,3.2927700471764657e+27,1.936664848683785e+27,4.734691448458287e+27,5.886864699926381e+27,3.525403573795024e+27,2.63317380422675e+27,2.078485759703259e+27,1.7532158135838671e+27,1.53919714150278e+27
-1.5626546090896803e+27,-1.74723330913396e+27,-1.3846083725274273e+27,-1.5507433543306012e+27,-1.0972123696542877e+27,-9.753607209887406e+26,8.015438800264976e+26,4.283317599646399e+26,3.302587473180036e+26,9.329582856940882e+26,-1.5358734675661117e+26,-1.0318366176492594e+27,1.0816630551898746e+27,-2.627244060747919e+26,-9.938383929843273e+24,-3.2650454537729844e+26,5.6668134628322135e+26,3.1008539726462895e+26,-2.020987216957643e+26,5.39214673165252e+25,1.4807193813405906e+27,1.3233972437247374e+27,-9.721013636399902e+26,4.22161513645821e+26,2.1176910504341389e+27,1.6680382973174776e+27,1.8475697414936576e+27,-6.0864472227169205e+25,8.00650683964271e+25,-1.2933133635507858e+26,-4.709911253346142e+26,-5.6073969095566804e+26,-8.305851010586058e+26,-6.567446606917166e+26,-8.158136525401596e+26,-9.226634254547548e+26,-1.9627035199205218e+27,2.1509417760398533e+27,1.0427759503294139e+27,-1.7537683041572242e+27,-2.317046257120141e+27,-1.8385572125912314e+27,-1.8094991014430364e+27,-2.0139587058484002e+27,-2.2579056643022252e+27,1.6115396281963782e+26,1.4170985038158542e+26,-5.087377598157033e+24,-3.9500647170424186e+26,-1.3233978539975251e+26,1.4717470446061299e+26,1.2236662892715145e+25,1.3849132241159931e+26,2.491703194777811e+26,3.7406275528536596e+25,-5.42792796236358e+26,-1.820184168810401e+26,1.4799948145132832e+26,-7.706264869964258e+26,-3.4140925958864405e+26,2.2682049841042357e+26,-1.3703396177287268e+26,7.936325602966035e+26,1.2720027643946745e+27,9.371779520037685e+26,2.256231694164665e+27,1.783987137783404e+27,1.1851744894834136e+26,4.405140633384625e+26,-9.084384241420871e+26,-3.576613462548908e+26,-2.2619384367454236e+27,-2.972190925220436e+27,4.7154498727912e+27,-7.830295976239439e+26,3.9388943232710715e+25,3.206164864171457e+24,-6.744276753513217e+26,-7.969801386563678e+26,-1.5148713742280337e+27,-1.2742435754866074e+27,-4.193320393126189e+27,-1.1627326854288849e+27,-1.5802634628447673e+27,1.5485369140577253e+27,-1.4389864376365355e+27,1.890156799545903e+27,-3.083939092609711e+27,5.576797320474783e+25,4.303513474316179e+26,4.323687357261743e+26,3.330795552716655e+27,1.0201552312218506e+27,3.695021132900333e+27,1.4145998980959146e+27,5.814005295998591e+27,1.119527390511761e+27,5.157149794673966e+27,1.0148605498735376e+27,4.1878716315040056e+27,6.28291703182423e+26,4.016696347898922e+27,8.026080536611372e+26,3.6980950992681703e+27,1.4899629730802366e+27,2.896584749397911e+27,1.1820444118595724e+26,3.610510646908384e+27,3.42963508628344e+27,4.98832313211083e+27,4.724910650745844e+27,3.475236759341704e+27,2.963865827104686e+27,2.804451609448728e+27,2.7497960151280535e+27,2.797669062989471e+27
7.710886978772264e+26,7.609621533080084e+26,8.791447764585389e+26,9.059563168481658e+26,8.172919282580213e+26,7.323203755925888e+26,-7.419713159103603e+26,-5.236302780932105e+26,-5.977279027471555e+26,-1.1325918912032977e+27,-1.96685431894504e+26,1.2194607075273576e+27,-1.1120899741384883e+27,-1.5119187861121226e+25,-3.8922068748230566e+26,-4.455533538502254e+25,-9.196196135120571e+25,1.895034549178258e+26,-2.095590819715739e+26,5.282973486187196e+26,-7.696017548648917e+26,-9.721013636399902e+26,1.1515407918227956e+27,-4.6910005527904446e+26,-1.2306402692268809e+27,-7.34446314991986e+26,-1.4893934360102707e+27,-3.937068401254637e+26,5.02407688602077e+26,4.589790643725324e+26,5.6225240803269945e+26,1.3339397156035143e+26,5.09481609497795e+26,1.0255440896301755e+26,-6.427028345035103e+25,2.288895013019179e+26,1.8125668003449128e+27,-5.5348099402232564e+26,-1.2796493397616389e+27,7.14975884538828e+26,8.377900450618156e+26,8.428370448946458e+26,8.896578817376508e+26,8.862091277569929e+26,1.0270298405177085e+27,-4.110429410821029e+26,-5.262352175878686e+26,-4.3590697978697734e+26,-2.867886528311261e+26,-3.2801660501155556e+26,-3.296002218025208e+26,-1.4851383081966673e+25,-2.6941719763172237e+26,-1.2678563218170166e+26,3.458887868325244e+25,9.977723589304628e+26,5.30584910058785e+26,1.5049393243212018e+26,1.557766389910209e+27,1.2161299001656411e+27,1.2363104205281442e+27,1.659227530974971e+27,1.440038141137073e+27,9.846092181324516e+26,6.440869003151568e+26,7.150438895560506e+26,1.9732374938099345e+27,4.534077948207108e+26,-4.208307458241662e+25,2.3591631274572893e+27,3.0506361589391456e+27,1.2465759284364605e+27,1.534289563451208e+27,-2.8366827426243925e+27,-3.140387672383586e+25,-4.093195302780473e+25,1.4843459283258563e+27,4.964250123739696e+25,4.6635063963323086e+26,3.6502802253139217e+27,5.883718194046762e+26,2.465765740114419e+27,2.7813313649717245e+26,1.8801398368306645e+26,-1.736478362870363e+27,3.558783384816409e+26,-1.5525464439209072e+27,1.28251739665613e+27,-1.895536289831002e+27,1.6413513777082137e+27,-8.120985616718383e+26,-2.8815261568362376e+26,-1.2883702548069912e+27,-1.5033028256297337e+27,-2.01000016128395e+27,-4.1197460568012605e+27,-1.528603213877266e+27,-1.8597503738058666e+27,-1.344357296677406e+27,-1.057552210739409e+27,-1.1339563352948342e+27,-2.17276821271708e+27,-1.3576883778218253e+27,-2.9088601756616846e+27,-1.9896067072564654e+27,-2.9249515875632664e+27,-9.576311235518075e+26,-3.533086733356704e+27,-3.513807712386679e+27,-3.814387571673555e+27,-2.5679365837106887e+27,-2.2284863699562486e+27,-2.0895233526781597e+27,-2.4512173345878704e+27,-2.719351080028631e+27,-2.9415125374037824e+27
-1.6523363610746907e+26,1.5300459710349704e+26,-2.707101875795518e+26,-3.551475825319361e+26,-2.670173629917253e+26,-9.782604412389086e+25,-2.3639764312352628e+26,-3.575498837047626e+26,-7.599481728038537e+26,-2.293767719768963e+26,-4.853444642496714e+26,1.1149051776912421e+26,-6.271308736516816e+25,-3.59070410847937e+26,-1.2818179247574874e+27,-5.339186138626492e+26,4.3056101005533956e+26,5.261521082813778e+26,-7.77933480375718e+26,5.753290490173688e+26,-3.064217267325477e+26,4.22161513645821e+26,-4.6910005527904446e+26,1.637954379919245e+27,1.5811452354554383e+27,5.8949558312992294e+26,2.94409543537865e+27,2.834602752646413e+27,1.59885616837847e+27,1.3249559854294543e+27,1.338355441083326e+27,1.7314928639010468e+27,2.4000207194113654e+26,4.3289915886375944e+26,2.6280000707724525e+27,-6.1692692307746024e+26,-1.0161761339935577e+26,-7.611476713101308e+26,-1.074062835554894e+27,-2.549883514848625e+26,-4.964472348387807e+26,-5.416659148235435e+26,-5.727088686585085e+26,-1.2588028161342135e+27,-2.0778775528625128e+27,-1.0774785277129698e+27,-1.412526673886505e+27,-2.5849528182079815e+27,-2.2972993315403821e+27,-7.370923628525613e+26,-8.93670804961923e+26,-1.0541589933103145e+27,-1.650018237232017e+27,-3.712773716505487e+27,-2.0120897613889713e+27,-7.734174093395178e+26,-1.929782527827876e+27,-2.5675361717109705e+27,-1.139286714441625e+27,-9.015142215195851e+26,-3.3402409520709247e+26,-5.426265138283198e+26,6.422469383158095e+25,1.15982404629762e+26,-6.725729543072348e+25,1.084523136155329e+27,2.303005940642156e+27,-3.259670296572824e+27,-3.243656555025174e+27,-1.7012825363095515e+27,1.331853093979694e+27,-3.9379337457421534e+27,-1.1302236910947549e+27,6.118531942645239e+27,-1.1706369447650717e+27,-1.8301693302922885e+27,-1.966475862827674e+27,-5.36675290344239e+27,2.975648077934637e+27,3.134163610277424e+27,1.18671388711295e+27,-4.086243635697964e+27,-2.1556082409268596e+26,-3.029923677578741e+27,-9.874701944243926e+26,-5.99823076730765e+27,-1.2966845755474128e+27,-6.912894962476684e+27,-4.618878087674312e+27,-9.754797053078155e+27,2.2657666597159047e+27,3.465795980965668e+27,2.533646654240356e+27,4.335730719852166e+27,5.160383065039341e+27,7.652321146218504e+27,4.2745563512011487e+27,5.981504872675631e+27,3.0930072991825873e+27,4.382765930054603e+27,2.3608441768682632e+27,4.9256553973985906e+27,2.687371118886221e+27,4.960548324240471e+27,3.452420299176218e+27,4.5331448067057934e+27,2.791776609628629e+27,5.085565698756883e+27,6.33136011420447e+27,7.684862811849405e+27,5.730674187006408e+27,4.248401378201961e+27,3.8247280330442285e+27,4.1961769015659393e+27,4.5353314582591056e+27,5.003796311243717e+27
-2.9599150710978096e+27,-3.1539172302309256e+27,-2.469788144642148e+27,-2.947154267664175e+27,-1.832007035570294e+27,-1.4960336879105177e+27,8.388876294175503e+26,5.1770111888744585e+25,-5.746103607196596e+26,6.409183937580431e+26,-1.118968410668338e+27,-9.19823010292439e+26,1.2644502898915427e+27,-9.831154616844872e+26,-1.4719167781135068e+27,-1.2770034051207226e+27,1.4825346942932756e+27,1.351241080428025e+27,-1.3156576005064804e+27,1.1245472550524887e+27,2.3440029351845423e+27,2.1176910504341389e+27,-1.2306402692268809e+27,1.5811452354554383e+27,4.4155661949794193e+27,3.2582764914252855e+27,4.543127550338854e+27,1.4593761809917842e+27,1.958420409344979e+27,1.2255686362482734e+27,5.4605949775005534e+26,1.4869356260072513e+26,-1.1446211714044735e+27,-1.0522416564911146e+27,-3.7729201095410424e+25,-2.560058904137546e+27,-2.665384640736653e+27,3.941408613351548e+27,9.927797123395423e+25,-3.6337099265476314e+27,-5.087230970678563e+27,-3.9840983553690934e+27,-3.847526952364822e+27,-5.087649273577661e+27,-6.144404248712695e+27,-1.089392166746382e+27,-1.611398024536969e+27,-2.713501850841546e+27,-3.36880722564704e+27,-1.4964203827238125e+27,-8.344269632891489e+26,-7.54299828949152e+26,-1.327914504721544e+27,-2.183114216782777e+27,-1.315220406879003e+27,-5.020847216651549e+26,-1.0047073401968068e+27,-1.1583216866558893e+27,-6.015642640406655e+26,1.0913049084430268e+26,1.733253750060533e+27,1.2921091377441438e+27,3.4863316373690596e+27,4.1136018484113334e+27,2.793702462669259e+27,6.739625695445557e+27,8.252045672755127e+27,-1.3099556260728624e+27,-1.1291520660533388e+27,-3.6105299908226074e+26,3.801760691834721e+27,-7.04611223622286e+27,-6.361299155494016e+27,1.2409103501967488e+28,-3.062811255276776e+27,-1.3168619618844035e+27,5.218323524601128e+26,-5.63994556505145e+27,8.523952463957395e+26,3.039830272860619e+27,-1.393561567014142e+27,-1.035084584744308e+28,-2.6821562673532704e+27,-6.221919271467186e+27,8.268082484809938e+26,-7.693777535936279e+27,1.6404593152703293e+27,-1.1277810029619082e+28,-5.495168911750774e+27,-3.580182322681992e+27,1.707220716257782e+27,9.67926009680099e+27,2.6833017233142096e+27,9.681496971727387e+27,4.634124074224929e+27,1.428794859178244e+28,3.868574769729039e+27,1.4145069524288222e+28,3.0031880958240197e+27,1.1499489689983467e+28,1.8775034451917885e+27,1.0097438001989836e+28,2.2533799742768867e+27,8.651884321248477e+27,3.644399928185246e+27,6.557507160959186e+27,1.2202893864908201e+27,7.98913301616086e+27,8.399944320446381e+27,1.257507488297531e+28,1.1908224724640027e+28,8.31299796418232e+27,7.001514198535451e+27,6.563635322509152e+27,6.425023556661217e+27,6.641067842976799e+27
-2.657154291711862e+27,-3.009531559653147e+27,-2.1068291238294373e+27,-2.5294434700767066e+27,-1.498977861324182e+27,-1.272061690070066e+27,7.980946670066649e+26,1.2622714987795657e+26,-3.009824352276236e+26,5.228954231712767e+26,-9.053527688339683e+26,-7.188736114334566e+26,1.064853903294734e+27,-7.948952958824094e+26,-8.72235869038969e+26,-1.0015931944324255e+27,1.2453485050692222e+27,1.1043987825473983e+27,-9.375897114600901e+26,9.050633286711336e+26,2.3620524590146578e+27,1.6680382973174776e+27,-7.34446314991986e+26,5.8949558312992294e+26,3.2582764914252855e+27,2.769767676491663e+27,2.619146901506433e+27,-8.045285873922016e+25,1.2025116147214307e+27,6.1250947485293204e+26,-4.317401113817814e+25,-6.904716241944013e+26,-1.1365957095819321e+27,-1.2114589964435435e+27,-1.3518565708883755e+27,-2.1726791589164418e+27,-2.231965995402248e+27,4.205109109376724e+27,3.8871893083777974e+26,-3.283181581737459e+27,-4.5783117890855277e+27,-3.46343266175993e+27,-3.313165717854604e+27,-4.212232427446719e+27,-4.895375081836448e+27,-6.494834970123138e+26,-1.0537362929191402e+27,-1.573055294827714e+27,-2.3641642278713468e+27,-1.1915705700349774e+27,-4.585150761882987e+26,-2.251498963244258e+26,-5.864804067806844e+26,-3.983252151567693e+26,-3.193594849942564e+26,1.0915748478939066e+26,7.03124005165499e+25,1.2520658533869355e+26,3.174559493164396e+26,8.447499441560875e+26,2.1804973620523348e+27,1.9366977717070774e+27,3.737864191020363e+27,4.2271875015325174e+27,2.965911815021195e+27,6.242348923091105e+27,7.396401467672348e+27,4.1969179726523186e+26,4.488324399356431e+26,9.966434206578022e+26,3.768540966213018e+27,-4.8883786032280854e+27,-5.424097849091802e+27,8.642495978624875e+27,-2.4572830924548185e+27,-3.986012543339147e+26,1.846552158548167e+27,-3.0064591364248887e+27,-5.782521665800714e+26,2.194588565845634e+27,-1.8345473702658607e+27,-7.723324211229502e+27,-2.4786133993137616e+27,-4.6293370001798974e+27,9.68116077779076e+26,-4.6308861401400406e+27,1.9568390389260048e+27,-7.506578636067932e+27,-3.427373562631776e+27,1.7040423124700295e+27,3.6163025758212995e+26,7.723293199139889e+27,1.0684796640692635e+27,7.007810639820756e+27,1.5448323894726083e+27,9.384166038357371e+27,1.3205001102264266e+27,1.053380661594673e+28,1.0979120529957184e+27,8.874906617017173e+27,4.3683673954911557e+26,7.001636879584746e+27,5.9984148621248614e+26,5.40352809007884e+27,1.4479106824762904e+27,3.5684617608772144e+27,-3.6564231377384096e+26,4.6159586926685796e+27,4.3572776101934206e+27,7.698946710832892e+27,8.25501305991154e+27,5.513062976885843e+27,4.4569116996767693e+27,3.794101528968157e+27,3.4593697970075495e+27,3.405564554313933e+27
-1.9328240241672667e+27,-1.5768080074358562e+27,-1.8495297952561636e+27,-2.2801934036535658e+27,-1.4813734470059981e+27,-1.0271976980058314e+27,3.0032164279350116e+26,-4.115931918780187e+26,-1.2544476205899596e+27,2.3064147839764778e+26,-1.3650846230430297e+27,-6.397363119269558e+26,9.228903453441624e+26,-1.0660698385019645e+27,-2.3877372956997227e+27,-1.4183654750359183e+27,1.3823761498641034e+27,1.3708134290556929e+27,-1.660507183943884e+27,1.1843838062077037e+27,1.120295131141017e+27,1.8475697414936576e+27,-1.4893934360102707e+27,2.94409543537865e+27,4.543127550338854e+27,2.619146901506433e+27,6.383119748513269e+27,4.5064725590554514e+27,2.9734250327907604e+27,2.2418743468444004e+27,1.8568071544113684e+27,2.3338082111231894e+27,-3.124693158525505e+26,1.3345125935138212e+26,3.510107497014202e+27,-2.4160235644943314e+27,-2.087702579958254e+27,1.3825732911432428e+27,-1.1193469852822096e+27,-2.4695575413888632e+27,-3.6591336623873153e+27,-3.161899684054723e+27,-3.1388418111645425e+27,-4.8975361908540746e+27,-6.670098824755864e+27,-2.1010032958531844e+27,-2.901768915998675e+27,-5.094157282603983e+27,-5.20520700239925e+27,-1.955090508731229e+27,-1.6817993647259497e+27,-1.7957538405853034e+27,-2.975700338679332e+27,-6.07279364065052e+27,-3.395090092260077e+27,-1.4136540832541234e+27,-3.1027980379818566e+27,-3.989453652207723e+27,-2.0588879454777306e+27,-1.275294487970169e+27,2.795855436727837e+26,-3.109321755618358e+26,1.6221644888002511e+27,2.1417782639861742e+27,1.2969506919554276e+27,4.7929228370472013e+27,6.989212245113855e+27,-4.960601400068518e+27,-4.783538293258007e+27,-2.8635414193349165e+27,3.133571915989383e+27,-9.619661369426735e+27,-5.487956554687105e+27,1.5491278577332645e+28,-3.475270081219785e+27,-3.145835666107922e+27,-2.463035285364768e+27,-1.038688494211246e+28,4.2165458995724595e+27,4.8597728656758247e+27,8.023187420479313e+26,-1.180192988289117e+28,-1.832598949436825e+27,-7.803341899310609e+27,-5.1547900134254834e+26,-1.2465608061077881e+28,-5.522468691345826e+26,-1.58518773657764e+28,-8.475641150216094e+27,-1.4669674332763674e+28,3.944428873853662e+27,9.584530009630585e+27,4.857356036994647e+27,1.0924738883871462e+28,9.568205200821507e+27,1.8509906415054608e+28,7.86177728682365e+27,1.5691638295132367e+28,5.801598999916431e+27,1.1913895908947599e+28,4.2599372277435503e+27,1.20941926605289e+28,4.949547358802312e+27,1.1562869963741158e+28,6.8182425454269e+27,9.958795662932074e+27,4.5471592335725084e+27,1.1726217432317477e+28,1.3433204824292876e+28,1.7410466715331361e+28,1.415075027410813e+28,1.0200594532625393e+28,8.912920181150805e+27,9.299241892899939e+27,9.794407299653811e+27,1.0614629563298662e+28
1.6552769058355786e+27,2.7726649294040367e+27,9.705079385589937e+26,8.289936699854676e+26,5.84424082010511e+26,9.50217303858742e+26,-1.1677106718861171e+27,-1.3090049832256448e+27,-1.992808050281471e+27,-1.2377860653458484e+27,-1.2680928178997452e+27,7.955107704266021e+26,-6.433019351853747e+26,-6.408895122021691e+26,-2.5760502643243856e+27,-8.553074115166662e+26,5.2039826884209684e+26,6.834537842300318e+26,-1.247142778653892e+27,7.881859110914728e+26,-1.5930370081668232e+27,-6.0864472227169205e+25,-3.937068401254637e+26,2.834602752646413e+27,1.4593761809917842e+27,-8.045285873922016e+25,4.5064725590554514e+27,6.380582554529161e+27,2.929673883858691e+27,2.597918680251245e+27,2.931241305858736e+27,4.5292742680969815e+27,1.7647220678206032e+27,2.453756987205932e+27,7.371878004778932e+27,-7.724530916904948e+26,8.450878355517949e+26,-3.5953077191944136e+27,-3.129195362887139e+27,1.6120540679934312e+27,1.5908427313161696e+27,7.100403708248844e+26,4.767442276901526e+26,-1.2447809600046748e+27,-3.3875107169819814e+27,-3.0564239734446475e+27,-4.08556502007781e+27,-6.902767069846535e+27,-6.057306874561576e+27,-2.0530414696938707e+27,-2.4730989923702106e+27,-2.5572845748691223e+27,-4.43510053724655e+27,-9.449795987850568e+27,-5.075358906479408e+27,-1.552303926495e+27,-4.6020498307146275e+27,-6.537424698900321e+27,-2.447846527182927e+27,-2.0100500735058376e+27,-1.313846153656743e+27,-1.6657326564065682e+27,-1.3400970636987374e+27,-1.494222568702814e+27,-1.1821614619040978e+27,-6.132325219413626e+26,1.7750434433149188e+27,-7.982460953306566e+27,-8.324544450027706e+27,-4.1904318206765593e+27,1.8019709830569986e+27,-8.239168531815812e+27,-8.103610401652772e+25,1.0113342220403793e+28,-2.4392789018123993e+27,-4.504387859611896e+27,-4.977323218938778e+27,-1.283543137453104e+28,7.356584914308832e+27,6.770425933087002e+27,4.56067989636635e+27,-6.2062058500785e+27,8.942234354389242e+26,-6.212227291103871e+27,-3.373441931811578e+27,-1.3537942950855417e+28,-4.8325356810686616e+27,-1.4010988445095479e+28,-9.041517560177011e+27,-2.3471545334069068e+28,4.472236940288591e+27,3.672285718012303e+27,4.365071882529064e+27,5.614867484617516e+27,1.073805707050104e+28,1.2278941304981184e+28,8.647122117847246e+27,7.900808023761687e+27,5.857274662419912e+27,4.939744812957893e+27,4.6988926492946837e+27,6.968051870484176e+27,5.424326979974858e+27,7.690300638588359e+27,6.655929673250085e+27,7.836453923057031e+27,6.78645285013631e+27,9.095965334864136e+27,1.172480471600476e+28,1.2846841027409599e+28,7.923510290095745e+27,5.799073196709677e+27,5.29180035916678e+27,6.567384144259121e+27,7.750222915151022e+27,9.045527346776396e+27
-1.9228024040992048e+27,-1.7491442361318912e+27,-1.366901187328917e+27,-2.037720573237137e+27,-7.524412063427707e+26,-2.95597559851404e+26,-5.235255166863208e+26,-1.306437268717607e+27,-2.3885430262944673e+27,-1.6828185486769975e+27,-2.2712274112934345e+27,1.217316936149875e+27,-5.354010133698504e+26,-1.465390871747241e+27,-3.0547444880915125e+27,-1.7928099602555843e+27,1.1669660578084995e+27,1.8398007720988762e+27,-2.1167266856774987e+27,1.9580123206169136e+27,4.064795349471826e+26,8.00650683964271e+25,5.02407688602077e+26,1.59885616837847e+27,1.958420409344979e+27,1.2025116147214307e+27,2.9734250327907604e+27,2.929673883858691e+27,3.69949194830102e+27,2.873420251054687e+27,2.4655297439558545e+27,1.9977221664760286e+27,8.12375160873282e+25,-2.3337598353713826e+26,2.2004429122043217e+27,-3.200748995353384e+27,2.697249400112324e+26,2.0218127569324638e+27,-3.0237502772345636e+27,-2.921183666175697e+27,-4.4009582184760405e+27,-3.5261422713067666e+27,-3.360644597656479e+27,-5.352707803667807e+27,-6.483508040142398e+27,-2.7436444574482894e+27,-3.87742644897405e+27,-5.449944645673263e+27,-5.989191991216955e+27,-3.20735857175841e+27,-2.126993484619e+27,-1.2158771521059494e+27,-2.831350724540784e+27,-4.3785809954308124e+27,-2.1983121813748975e+27,9.889438317268796e+26,-8.440636243737776e+26,-2.1029570636097338e+27,1.5378063096635324e+27,1.6392913327569018e+27,2.7892403914716605e+27,3.09566589715076e+27,4.362247781896189e+27,4.2929246976650953e+27,2.65438571093611e+27,6.453586836090168e+27,1.1494813546791453e+28,-2.0645617051490965e+27,-2.8821707911469605e+27,2.5614886591082745e+27,8.931323485947605e+27,-7.683893333472196e+27,-4.516368921122287e+27,1.1151797803306388e+28,-4.6933149343745026e+27,-2.3078296171506705e+27,1.8675762562792346e+27,-9.002050358264826e+27,3.8395847805547825e+27,1.0761290377327125e+28,7.970568441962742e+26,-9.028953785972411e+27,-2.6952182187360773e+27,-8.654181351875195e+27,-2.9690947866798674e+27,-1.10756097648059e+28,-2.0572365617133252e+27,-1.3764923703292257e+28,-1.1136862326930948e+28,-5.541443427832998e+27,2.001563432944123e+27,8.705924392997229e+27,2.070382534863634e+27,7.479883060394079e+27,4.6189709016751407e+27,1.1003080863699176e+28,3.994958755036144e+27,1.2698473106598383e+28,2.7004605328442153e+27,9.892221369935904e+27,1.885409731646214e+27,7.469294028413264e+27,2.112939339645102e+27,5.735045436387528e+27,2.727640023424049e+27,4.1688081084565813e+27,2.1267484989952537e+27,5.053147631875074e+27,6.090121022808782e+27,9.562053949433793e+27,8.900078774422342e+27,5.412083921350849e+27,4.37171863154842e+27,4.1883902655087475e+27,4.221638713535819e+27,4.5508323476013674e+27
-1.2013294477275902e+27,-9.835328518074702e+26,-8.397201035513955e+26,-1.300800502179383e+27,-4.370862056021974e+26,-9.445350635711558e+25,-5.4959900997088014e+26,-1.0537313637048972e+27,-1.8803156013481636e+27,-1.396301377375302e+27,-1.6306003669720025e+27,1.0485519539710865e+27,-5.929269205737069e+26,-1.0338934753262444e+27,-2.384894033682486e+27,-1.2797212264042227e+27,7.509226634172916e+26,1.307303994656251e+27,-1.590725457215103e+27,1.451238267529425e+27,-6.805644997510087e+25,-1.2933133635507858e+26,4.589790643725324e+26,1.3249559854294543e+27,1.2255686362482734e+27,6.1250947485293204e+26,2.2418743468444004e+27,2.597918680251245e+27,2.873420251054687e+27,2.3081681419255264e+27,2.101121300763995e+27,1.856893076416918e+27,2.155399357033765e+26,-2.0993030419595306e+25,2.1566530783772611e+27,-2.1914744928274417e+27,5.3862103629772436e+26,8.663876850259051e+26,-2.51486411308955e+27,-1.9056754595074407e+27,-2.8849352077639616e+27,-2.3714802184494055e+27,-2.2344478389649028e+27,-3.7416718338150166e+27,-4.596809483648606e+27,-2.0719975348937751e+27,-2.902555849385084e+27,-4.161930791690576e+27,-4.441392357353625e+27,-2.3141907695397596e+27,-1.621818297524272e+27,-1.0015111107132763e+27,-2.2164608371428115e+27,-3.6670729756058213e+27,-1.832113485520334e+27,6.402370099590193e+26,-8.659704531562385e+26,-1.8924061214373907e+27,1.0097084165809485e+27,1.0295590188142542e+27,1.8221742797138277e+27,2.075570656837849e+27,2.9068503601780977e+27,2.7531242866266315e+27,1.6407842033772463e+27,4.257706070989977e+27,8.164072908685528e+27,-1.9792915782190873e+27,-2.6025874302571684e+27,1.6831796513239607e+27,6.598955580724906e+27,-5.714194899056176e+27,-2.967507536816683e+27,8.159721796374427e+27,-3.330559228450691e+27,-1.884768601007347e+27,9.5679969515164e+26,-7.030032333457219e+27,3.375535205974305e+27,8.329823110243474e+27,9.636258943428835e+26,-6.412607564812529e+27,-1.7463344497422443e+27,-6.255573965562397e+27,-2.528925448852077e+27,-8.453516825924489e+27,-1.9796901382415392e+27,-1.0250991196498115e+28,-8.594670539439511e+27,-5.505464986260062e+27,1.758568560144865e+27,6.128476156432845e+27,1.7337275101856092e+27,5.36575878877481e+27,3.9112509713753304e+27,8.074634835681204e+27,3.3693449115251626e+27,9.057249030557068e+27,2.2790361317820057e+27,6.951072911083788e+27,1.6796160177424394e+27,5.442955340989745e+27,1.8688372588699328e+27,4.2896737309421246e+27,2.3074667888823852e+27,3.2579136521048906e+27,2.0084827698381414e+27,3.865427106502477e+27,4.799306903047855e+27,7.156180191508375e+27,6.356730847738825e+27,3.887783850666307e+27,3.189439236806657e+27,3.190417561412102e+27,3.30044107621002e+27,3.608743572015075e+27
-8.147201211897912e+25,2.8110140034111443e+26,2.2343299414808076e+25,-2.0069409814150073e+26,1.3470530994550755e+26,3.577488566935509e+26,-8.49439990811021e+26,-9.89580672166151e+26,-1.6365424703636032e+27,-1.421570997643971e+27,-1.069003361641704e+27,1.2170294211106058e+27,-9.681530461130353e+26,-6.243976479298162e+26,-2.035946514901923e+27,-8.321101783810062e+26,4.098830516193881e+26,8.787141177337219e+26,-1.2211078220003562e+27,1.1507558082538593e+27,-8.726207222177824e+26,-4.709911253346142e+26,5.6225240803269945e+26,1.338355441083326e+27,5.4605949775005534e+26,-4.317401113817814e+25,1.8568071544113684e+27,2.931241305858736e+27,2.4655297439558545e+27,2.101121300763995e+27,2.168938264135738e+27,2.229255887869725e+27,6.241864032470558e+26,4.462211554258629e+26,2.9136231366385365e+27,-1.0944195745697388e+27,1.3074269855965535e+27,-8.563170398060594e+26,-2.557613234662012e+27,-4.5382048737253454e+26,-8.76442845870016e+26,-8.016231403595323e+26,-7.273514781724998e+26,-1.8574689944250214e+27,-2.723513634869612e+27,-1.770916442602756e+27,-2.4214623113416434e+27,-3.7054619908031205e+27,-3.56681082733535e+27,-1.5876582034353504e+27,-1.4160902647097634e+27,-1.1014888702058462e+27,-2.1541606085027978e+27,-4.179317146742108e+27,-2.0913082383423197e+27,2.5638437460818745e+26,-1.405518705039305e+27,-2.5120671892200874e+27,4.46819758191441e+26,3.74844252518713e+26,9.617079687279213e+26,1.1908735055144213e+27,1.6608851485099117e+27,1.2982843005852432e+27,6.625351675476797e+26,2.2484013356056468e+27,5.505391783094553e+27,-2.8646351539598614e+27,-3.4371886277541845e+27,7.327899370102534e+26,5.164888458441713e+27,-4.4321434151800206e+27,-9.941342762880279e+26,5.743267144939539e+27,-2.0759066164477267e+27,-1.9959507137854793e+27,-3.2321933014279585e+26,-6.568293396142601e+27,3.8407615743766477e+27,7.513280062969598e+27,1.73014846872599e+27,-3.8810344142654465e+27,-5.7132446388660996e+26,-4.3186707287420154e+27,-2.7752191112530834e+27,-7.28260997766892e+27,-2.731971471826685e+27,-7.994610408854613e+27,-7.456230267543539e+27,-8.258944116754211e+27,1.897159757197943e+27,4.1427092555269957e+27,1.709323245744499e+27,3.8460634398258374e+27,4.0973540620406136e+27,5.835630659392767e+27,3.4946988130167826e+27,6.100353229029127e+27,2.3198360780019316e+27,4.5726303604130827e+27,1.804697486662814e+27,4.0263121943681743e+27,1.99479196300027e+27,3.3119477552659656e+27,2.293488251789843e+27,2.7508121742941244e+27,2.4599777669447675e+27,3.0633811104191175e+27,4.2484674468625453e+27,5.6299291890249e+27,4.421787535673876e+27,2.783015297048253e+27,2.384294874963821e+27,2.6020245375856844e+27,2.8332297596955463e+27,3.2060683025660474e+27
1.8604659529672038e+27,2.7772812345645485e+27,1.2771358231092895e+27,1.2040062821819061e+27,8.868417162694651e+26,1.130903199043641e+27,-1.16060550852653e+27,-1.1667157956930542e+27,-1.608200243738027e+27,-1.3105689856576613e+27,-9.485302181101345e+26,9.628997096424111e+26,-8.490761121263167e+26,-3.8560751851231326e+26,-1.8225382632864047e+27,-4.878995333093957e+26,1.5867742101610805e+26,3.432468048844358e+26,-7.749132663502756e+26,4.9938247352563196e+26,-1.6575775081136465e+27,-5.6073969095566804e+26,1.3339397156035143e+26,1.7314928639010468e+27,1.4869356260072513e+26,-6.904716241944013e+26,2.3338082111231894e+27,4.5292742680969815e+27,1.9977221664760286e+27,1.856893076416918e+27,2.229255887869725e+27,3.485227931456123e+27,1.6872369335348342e+27,2.1502949540460336e+27,5.679552775135658e+27,-2.827892127697626e+26,1.3270178167786447e+27,-3.364011588400263e+27,-2.693084216477379e+27,1.865384209139111e+27,2.059650504599027e+27,1.1864612022889243e+27,1.0049964785704901e+27,-2.2248817637461895e+26,-1.6814237736523309e+27,-2.3396328230818417e+27,-3.1134172278576727e+27,-5.089793111555819e+27,-4.355042091744971e+27,-1.5593231484886047e+27,-1.890648179364372e+27,-1.8385498992218055e+27,-3.298505181459009e+27,-6.923494102498406e+27,-3.6778526558717007e+27,-8.880852540037615e+26,-3.226543119751417e+27,-4.772574824843591e+27,-1.448612099010411e+27,-1.266134893439111e+27,-9.822863668008897e+26,-1.1069390373097798e+27,-1.246778729354856e+27,-1.5401874353680315e+27,-1.154566800921549e+27,-1.3526804953534334e+27,5.008494630635333e+26,-5.750608742221911e+27,-6.159583058769943e+27,-2.67027597764497e+27,1.3971376797451482e+27,-5.180904696922938e+27,1.0269431591212514e+27,5.450299096270441e+27,-1.5937004294392504e+27,-3.263777300362542e+27,-3.51188469798836e+27,-9.07197986186465e+27,5.566961450332864e+27,5.36006456992026e+27,3.8943150199351095e+27,-2.924098996451977e+27,1.1062304455254774e+27,-4.0149656615194465e+27,-3.0746223793192716e+27,-9.291163838929537e+27,-4.293876591503651e+27,-8.980778358580132e+27,-6.371907612886497e+27,-1.68107912148908e+28,2.9105512097101034e+27,1.2275047485747031e+27,2.542409618935395e+27,2.4343733005228074e+27,7.049390403934622e+27,6.428102164438127e+27,5.636229750558728e+27,3.5122272921439004e+27,3.6547053123217015e+27,1.756472108482779e+27,3.0106284574931083e+27,3.2895842436477356e+27,3.478546135477282e+27,3.9072165472674607e+27,4.084322483932574e+27,4.357364492810849e+27,4.831313866447408e+27,5.085971732185618e+27,6.948212022747058e+27,7.076593948436229e+27,3.623158581322066e+27,2.593296082993506e+27,2.4218669767388638e+27,3.408404502554282e+27,4.31808541382538e+27,5.260242940172625e+27
3.7051543132439384e+27,4.4775869199895406e+27,2.8418450426637e+27,3.009064418718529e+27,2.0666165987729536e+27,2.0183855329466453e+27,-1.284740814961717e+27,-9.751414686591789e+26,-7.581789167689246e+26,-1.1248265289740698e+27,-3.185692445004017e+26,8.998085658031207e+26,-8.873965293758567e+26,1.8125623063900657e+26,-2.6626991669272906e+26,2.7744020081502952e+26,-1.9070915716360717e+26,-3.52865734827109e+26,2.6507273979178537e+26,-1.1382842992647277e+26,-1.5954621408099721e+27,-8.305851010586058e+26,5.09481609497795e+26,2.4000207194113654e+26,-1.1446211714044735e+27,-1.1365957095819321e+27,-3.124693158525505e+26,1.7647220678206032e+27,8.12375160873282e+25,2.155399357033765e+26,6.241864032470558e+26,1.6872369335348342e+27,2.1517794044432324e+27,2.648505355679114e+27,3.728893613657192e+27,1.118004834812225e+27,1.6694249810063438e+27,-3.623972536494193e+27,-1.6469157705809078e+27,4.085314408790638e+27,4.943768407623792e+27,3.6580077154277775e+27,3.337615597225978e+27,2.999213887588374e+27,2.3017218411384248e+27,-1.6394748522043006e+27,-1.989004289444353e+27,-2.965066380491334e+27,-1.8414164710524404e+27,-7.065375662440292e+26,-1.3581622738317208e+27,-1.301108154215185e+27,-2.3118179731534528e+27,-4.3799763132816176e+27,-2.5524633114467157e+27,-5.9995468677598165e+26,-2.1955416215576561e+27,-3.236231534293768e+27,-1.0886680310917772e+27,-9.57491733353003e+26,-1.0579827133122866e+27,-1.2005774056334265e+27,-1.9470152925620472e+27,-2.205921531936951e+27,-1.3375059219056337e+27,-3.223758256412469e+27,-4.139448296400781e+27,-3.8393933887717614e+27,-3.997298391997697e+27,-2.398888343424125e+27,-1.9357720128796052e+27,4.888990313838259e+25,4.131535770622718e+27,-2.623262053387196e+27,1.396510888492089e+26,-2.2618129338247185e+27,-2.8707004569886994e+27,-4.0880362995748793e+27,2.963344852088767e+27,9.643013872237798e+26,3.7441235254597747e+27,3.3263275601667827e+27,2.627015568506882e+27,-3.2012819130127154e+26,-2.3797736261965407e+27,-3.418589827537107e+27,-4.007932265992787e+27,-1.2200918137724641e+27,-1.2844199435532754e+27,-1.0975638878183099e+28,5.156255493817113e+26,-3.216926699392301e+27,-5.168969518150223e+25,-2.4579812023587314e+27,2.2721774374966852e+27,-2.3172206157096692e+27,1.6119981369532915e+27,-4.186410257984925e+27,5.7984553658771e+26,-3.6910273192857456e+27,3.4043761137201416e+26,-2.3857131723016322e+27,5.02576892265576e+26,-1.5457589237263437e+27,4.361686857853461e+26,-4.5084208197439224e+26,2.066919353088118e+27,-4.3018621222778404e+26,7.002510201212843e+26,-7.439334436046121e+26,-2.365153618989918e+27,-1.546270926540697e+27,-1.2695914696607866e+27,-8.447535887625366e+26,-3.261218147807324e+26,2.0781867435551112e+26
4.557368553901999e+27,5.610669596563947e+27,3.3208307700170626e+27,3.4974303426138783e+27,2.3163696158639038e+27,2.3214977638348163e+27,-1.2878958480064178e+27,-1.0475920039416378e+27,-7.198695890198538e+26,-9.045173248883146e+26,-4.1059517761337885e+26,5.2431033936687415e+26,-5.339336257098391e+26,2.0204866867629138e+26,-1.2631679564834725e+26,3.640035202823497e+26,-2.1861897703121194e+26,-5.749931026767865e+26,4.826142250894884e+26,-4.8555727213025704e+26,-1.6625847062220664e+27,-6.567446606917166e+26,1.0255440896301755e+26,4.3289915886375944e+26,-1.0522416564911146e+27,-1.2114589964435435e+27,1.3345125935138212e+26,2.453756987205932e+27,-2.3337598353713826e+26,-2.0993030419595306e+25,4.462211554258629e+26,2.1502949540460336e+27,2.648505355679114e+27,3.5851125809652037e+27,5.011635556796432e+27,1.2543763370412684e+27,1.1770804067801366e+27,-4.438140310241454e+27,-1.4969942310172178e+27,5.077816445035426e+27,6.128094111653009e+27,4.3957531978853467e+27,3.90928707414989e+27,3.423285973554046e+27,2.3662037912415927e+27,-2.04354600396872e+27,-2.515578066792286e+27,-3.8690039635027457e+27,-2.5421406083392664e+27,-8.982450807640518e+26,-1.6800884460708097e+27,-1.7006611082598108e+27,-2.9867888052904374e+27,-5.723645952632411e+27,-3.394619136908014e+27,-1.2540044079420275e+27,-3.1117396071847934e+27,-4.3200654837345406e+27,-2.1954018567285758e+27,-1.8303623468883245e+27,-2.0492810248309576e+27,-2.4553210057558277e+27,-3.447715156659961e+27,-3.5217687601635614e+27,-2.140291106140462e+27,-4.844297584601189e+27,-6.774427513719493e+27,-5.211782685839867e+27,-5.200736890244737e+27,-4.4020871557682814e+27,-4.345643320134021e+27,-7.151425931181755e+26,4.665652600905317e+27,-2.1173690072834607e+27,4.800279129457199e+25,-2.9634954449100723e+27,-4.473741548880158e+27,-5.529668729733595e+27,3.609123747965227e+27,-8.399910148059653e+26,4.731074287480419e+27,3.0843716897947974e+27,3.296615082011747e+27,-7.018947900313827e+26,-2.225274821993535e+27,-4.812435871813196e+27,-4.503868071581789e+27,-2.3673867083289543e+27,-5.028197857409776e+26,-1.5010669970231327e+28,9.915201298225065e+26,-4.51610751084922e+27,4.254674253928893e+26,-2.910486548121917e+27,3.908919447339048e+27,-1.2183685358169119e+27,2.769518645069176e+27,-4.95951285909481e+27,1.31276225270606e+27,-4.7490154912229756e+27,9.429426610415966e+26,-2.4619199160690762e+27,1.2774503414561923e+27,-8.679662628897943e+26,1.4881504177798901e+27,7.155686948165152e+26,3.235853797682846e+27,1.1373923446788135e+27,2.5451035654352934e+27,6.535835411650026e+26,-2.1955143160348757e+27,-1.2433165788010897e+27,-9.365910733193244e+26,-1.3942157492182547e+26,7.462346078144882e+26,1.603811241480236e+27
5.379301650067586e+27,7.187550053836056e+27,3.7653719194608246e+27,3.877534942414502e+27,2.553248706847549e+27,2.8159768146719323e+27,-2.1691129380614683e+27,-1.9368413625194715e+27,-2.2182788529223128e+27,-1.8908112585028737e+27,-1.1892370308731362e+27,1.3051880470025831e+27,-1.2477539654773747e+27,-2.3772694818215752e+26,-2.1937681597140503e+27,-2.861872833996736e+26,1.3952581792094071e+26,1.0009757322430108e+24,-5.705956580752804e+26,2.2900141866905998e+26,-3.00773541016503e+27,-8.158136525401596e+26,-6.427028345035103e+25,2.6280000707724525e+27,-3.7729201095410424e+25,-1.3518565708883755e+27,3.510107497014202e+27,7.371878004778932e+27,2.2004429122043217e+27,2.1566530783772611e+27,2.9136231366385365e+27,5.679552775135658e+27,3.728893613657192e+27,5.011635556796432e+27,1.0403442697068815e+28,7.433194853948428e+26,2.1517613281545135e+27,-7.151767613955324e+27,-3.9729979696321223e+27,5.873322991375712e+27,6.888137942462276e+27,4.655704368136798e+27,4.0534760835588677e+27,2.385455787488545e+27,-2.7577185926032365e+26,-4.0730690485271326e+27,-5.272034460939367e+27,-8.715096377001361e+27,-6.848400720004075e+27,-2.1785238558840558e+27,-3.323330452485373e+27,-3.488989761152089e+27,-6.043540535708139e+27,-1.2641139326001971e+28,-6.984887229915656e+27,-2.2847695663189077e+27,-6.424715821686632e+27,-9.095607802167953e+27,-3.764818163523837e+27,-3.1764314359874373e+27,-2.8512116567514465e+27,-3.4183845272783624e+27,-4.0963032394382406e+27,-4.41303804084343e+27,-2.9315365305178487e+27,-4.956890715780323e+27,-4.449494450923086e+27,-1.1044517722906516e+28,-1.1425338950829506e+28,-6.982894590697658e+27,-1.898558710146334e+27,-7.026019558196947e+27,4.454407136962788e+27,5.71814128579559e+27,-1.547445485728126e+27,-6.097505700986174e+27,-7.903846931492266e+27,-1.5012073008018063e+28,9.233786180022431e+27,5.328652850587855e+27,7.851085748356807e+27,-1.6617969990111313e+27,3.723575033664766e+27,-5.019405526918745e+27,-4.8669746343849983e+27,-1.4703899490322685e+28,-7.999167722365142e+27,-1.2693916154929577e+28,-7.81902725575159e+27,-3.2187512007515715e+28,4.488248910651795e+27,-1.207615447505568e+27,3.80435491626641e+27,1.68398475544609e+27,1.1914311791321935e+28,8.079595287860593e+27,9.288719939357364e+27,1.4893502562152623e+27,5.790297746477403e+27,-5.729972741788534e+26,4.6232514517184e+27,3.1641407209110906e+27,5.478034735601493e+27,5.073894071442228e+27,6.539632944842368e+27,6.615036652594916e+27,8.350402764008185e+27,7.850722223585327e+27,1.1218861023421023e+28,1.0264636477454336e+28,3.8716202469077193e+27,3.155305827130696e+27,3.092775295409999e+27,4.8565132321736966e+27,6.584164193077134e+27,8.354077039619303e+27
5.627723281842872e+27,5.758402146769576e+27,4.444024619116761e+27,6.106464340597532e+27,2.8264845947388134e+27,1.8008190549892696e+27,-1.1681189416544558e+27,1.2294968779957767e+27,2.5619167924681583e+27,1.0895697714708545e+27,4.2478817331445214e+27,2.993120182280841e+26,-1.617395615683556e+27,2.6528381708545386e+27,2.9555626147792017e+27,2.706737819682827e+27,-1.4079766577059478e+27,-2.234723174392491e+27,2.2914331105412665e+27,-1.5240590883030716e+27,-2.929963543648565e+27,-9.226634254547548e+26,2.288895013019179e+26,-6.1692692307746024e+26,-2.560058904137546e+27,-2.1726791589164418e+27,-2.4160235644943314e+27,-7.724530916904948e+26,-3.200748995353384e+27,-2.1914744928274417e+27,-1.0944195745697388e+27,-2.827892127697626e+26,1.118004834812225e+27,1.2543763370412684e+27,7.433194853948428e+26,7.10399359511887e+27,3.2615417043205564e+27,-7.140135467676025e+27,1.68668251068939e+27,7.773312459853914e+27,1.0867282030832928e+28,9.073548586594595e+27,8.841251966750544e+27,1.1646615492559764e+28,1.1899002137325156e+28,2.8997094155549585e+27,4.523867861393022e+27,5.173800499418326e+27,7.4957527425333e+27,5.648350420626773e+27,2.0422506628732415e+27,-1.1842516084410735e+26,1.6638660811189747e+27,1.6324586052077478e+26,-2.212979996564181e+26,-2.0321852483010458e+27,-1.940913894008506e+27,-1.5001409031455575e+27,-2.853205163445783e+27,-3.08331500266153e+27,-3.734987883039628e+27,-4.10757322425012e+27,-5.486482940475523e+27,-6.190309528985083e+27,-3.880810013743613e+27,-8.998840435035657e+27,-1.4891759385934983e+28,-2.6379906892353e+27,-1.785929526897706e+27,-4.5914771745644444e+27,-9.295230717957226e+27,9.955496076159206e+27,1.0560311324436817e+28,-1.6067717094051781e+28,8.77897131262246e+27,4.2968635298165975e+26,-5.639093140145746e+27,7.07107327101221e+27,-6.962688797887911e+26,-8.208063735280491e+27,1.8137471459228283e+27,1.5808440411396178e+28,6.539265203890332e+27,1.3478306224004835e+28,7.812791803007503e+26,1.1124588087593042e+28,-1.509209266368898e+27,1.709466794916695e+28,9.433489423711949e+27,-8.848159974139723e+27,-8.649662461107149e+26,-1.0189714466272702e+28,-1.320131273138083e+27,-8.219072833161605e+27,-2.4103372979036562e+27,-1.4593379727756752e+28,-2.020580951509243e+27,-1.6909834375008058e+28,-1.5228422034465592e+27,-1.2432437248376188e+28,-1.0829874510779904e+27,-8.311501590543836e+27,-1.300767896965212e+27,-6.486130236254447e+27,-2.141066356041655e+27,-4.5165277366232386e+27,-4.338782668495245e+26,-6.532966787090987e+27,-5.881907598982861e+27,-1.0560089205039053e+28,-1.054363294537014e+28,-5.85070208985195e+27,-4.420590159368167e+27,-4.146663946684833e+27,-4.158252385511506e+27,-4.3613205010504924e+27
3.9411149215660834e+27,4.252527349151877e+27,3.4039398413725346e+27,4.137715608784396e+27,2.5406107549270347e+27,2.1065379935410413e+27,-1.8914326589377603e+27,-5.3132278647658215e+26,-3.3762484466333545e+26,-1.7876613628603025e+27,1.3344593335401673e+27,2.4738738448681875e+27,-2.9372693383917276e+27,1.0138207147815707e+27,-1.941249211892683e+25,9.438557457490435e+26,-7.3206184643356e+26,-5.338433186487244e+26,3.3082067088573915e+26,4.125216715932646e+26,-3.3029464699122446e+27,-1.9627035199205218e+27,1.8125668003449128e+27,-1.0161761339935577e+26,-2.665384640736653e+27,-2.231965995402248e+27,-2.087702579958254e+27,8.450878355517949e+26,2.697249400112324e+26,5.3862103629772436e+26,1.3074269855965535e+27,1.3270178167786447e+27,1.6694249810063438e+27,1.1770804067801366e+27,2.1517613281545135e+27,3.2615417043205564e+27,5.053905542629826e+27,-5.399697971686284e+27,-2.2224311912698936e+27,4.932283704217958e+27,6.652542684751557e+27,5.654322443559917e+27,5.368054180392294e+27,7.022524022773627e+27,7.31659946979748e+27,4.033405699944776e+26,8.320678641281949e+26,7.520526820266552e+26,2.3138909383868275e+27,1.71803822006799e+27,1.819681734803323e+26,-4.3720535632373995e+26,-1.847541570091555e+26,-2.2955319126930403e+27,-9.29883602476349e+26,1.911739762088968e+26,-1.2787009929318394e+27,-2.161281590516401e+27,4.362208437816867e+26,-1.1518105006884188e+26,-3.12010292261702e+26,1.072234181621082e+26,-7.606522002382126e+26,-1.8368446652363334e+27,-1.275097965630245e+27,-3.228666365883704e+27,-3.124298073157012e+27,-2.6510727004919466e+27,-3.34758590634396e+27,5.1020112752105154e+26,1.2238488940523059e+27,5.453025976425478e+27,8.295611466882929e+27,-9.921633539617972e+27,3.487080929562256e+27,-5.549747560610113e+26,-1.5314048828517506e+27,7.829971259930583e+26,2.4981153562915575e+27,4.630690697587611e+27,2.8034930034232795e+27,1.0570627714920748e+28,3.260328548591075e+27,5.653443573121748e+27,-3.437359527265197e+27,3.2459018319917186e+27,-4.3595345439352704e+27,7.512090952418843e+27,-1.5269707105067143e+27,-7.307926876194676e+27,-3.538587595427496e+26,-4.172603755866944e+27,-1.2981743574803026e+27,-4.5553211485075367e+27,-1.3561154382512013e+27,-1.023993077274693e+28,-9.20218277406072e+26,-8.682798251656471e+27,-1.1238254796652894e+27,-6.069092429668772e+27,-9.425735698319323e+26,-5.311821670816129e+27,-1.216125096936255e+27,-5.531104563346985e+27,-2.3177736517114956e+27,-4.6639482280365366e+27,1.1258191606867426e+26,-6.545257475082856e+27,-5.223967856282099e+27,-7.464248295723756e+27,-6.690351044102771e+27,-4.5132909745399946e+27,-3.7212413948359744e+27,-3.894810328694246e+27,-4.1054171166109413e+27,-4.272653613468541e+27
-8.814851190401784e+27,-1.0180070123398006e+28,-6.646159038749379e+27,-8.203469373869715e+27,-4.412206059428989e+27,-3.7094799147276387e+27,2.4688716162168914e+27,1.7926760580759355e+26,-9.261542808835596e+26,6.39420053120635e+26,-3.1687740828300373e+27,-1.4175973555641414e+27,2.7263637350142774e+27,-2.4340092858497204e+27,-1.6478009256960758e+27,-2.643877529999386e+27,1.979655933376629e+27,2.542302933197335e+27,-2.0951742548747732e+27,1.655292759181622e+27,5.791369905603087e+27,2.1509417760398533e+27,-5.5348099402232564e+26,-7.611476713101308e+26,3.941408613351548e+27,4.205109109376724e+27,1.3825732911432428e+27,-3.5953077191944136e+27,2.0218127569324638e+27,8.663876850259051e+26,-8.563170398060594e+26,-3.364011588400263e+27,-3.623972536494193e+27,-4.438140310241454e+27,-7.151767613955324e+27,-7.140135467676025e+27,-5.399697971686284e+27,1.2610179898242307e+28,1.1783229510050436e+27,-1.1196075669949163e+28,-1.515572012716745e+28,-1.171651230176609e+28,-1.098744230170397e+28,-1.364535881586609e+28,-1.3773974529468088e+28,-9.959617791599486e+26,-2.163934575482323e+27,-1.5281811317280772e+27,-5.176156678814689e+27,-4.075352132494879e+27,-4.5833843220790784e+26,1.55037613133253e+27,8.801782009652762e+26,5.854228893414275e+27,3.2590770175342906e+27,3.135464987972866e+27,5.114045222669364e+27,6.061230501760919e+27,4.847276570597003e+27,5.021641024777839e+27,6.30474624753753e+27,6.820714081961473e+27,9.368225565786261e+27,1.0341079147926358e+28,6.865393446565672e+27,1.407932560233261e+28,1.949841452925162e+28,8.346824254401292e+27,7.875151998631014e+27,8.492521379643346e+27,1.1554701140521738e+28,-8.958633999739177e+27,-1.5197827661860462e+28,1.5973990921740422e+28,-7.641489516046516e+27,2.2956280467976355e+27,1.0220754407847615e+28,-7.78228807270667e+26,-4.984339976025678e+27,5.205501818610353e+27,-6.8478561836553e+27,-1.7599793257197217e+28,-8.48381297452375e+27,-1.1572291150139655e+28,2.7265811135576495e+27,-5.268219261113489e+27,6.787245958303241e+27,-1.2993930434935027e+28,-5.248070513619236e+27,2.5126125268401004e+28,-1.665530513738078e+27,1.3933628828864575e+28,-5.463437368702459e+26,1.00631635498214e+28,-3.802360689705219e+27,1.3266744401615592e+28,-2.8371826242595804e+27,1.9556464770995184e+28,-1.4439328477932647e+27,1.5985283026761032e+28,-1.464156378265723e+27,9.358440879936871e+27,-1.6548938235115614e+27,5.76863567187895e+27,-1.0446831551742164e+27,2.1670995336052181e+27,-4.467867917663441e+27,4.0361960516876113e+27,1.1716778179314502e+27,7.455631289715492e+27,1.1297589913779761e+28,6.136118750311538e+27,4.329136241398344e+27,2.809408013988539e+27,1.735952424498827e+27,9.305909041194026e+26
-1.1211258686586818e+27,-1.750480266379652e+27,-1.0745042224805311e+27,-6.512543122108116e+26,-1.066129485758251e+27,-1.372642734702563e+27,1.5356874049725828e+27,1.8680443057229589e+27,2.5952515411086664e+27,2.604045326562163e+27,2.0494198184746354e+27,-2.0983432372523073e+27,1.5305204821740828e+27,9.998461854833739e+26,2.6341189035866385e+27,1.1631888817079753e+27,-5.7934530463213966e+26,-1.174998340529316e+27,1.4838995262470786e+27,-1.5594958958429598e+27,1.2160635181193845e+27,1.0427759503294139e+27,-1.2796493397616389e+27,-1.074062835554894e+27,9.927797123395423e+25,3.8871893083777974e+26,-1.1193469852822096e+27,-3.129195362887139e+27,-3.0237502772345636e+27,-2.51486411308955e+27,-2.557613234662012e+27,-2.693084216477379e+27,-1.6469157705809078e+27,-1.4969942310172178e+27,-3.9729979696321223e+27,1.68668251068939e+27,-2.2224311912698936e+27,1.1783229510050436e+27,3.979010686222094e+27,-5.455975486691371e+26,-4.640011080039763e+25,1.3783440343791248e+26,1.8360670817104107e+26,1.8479554192460879e+27,2.874652437437193e+27,3.165067028396955e+27,4.267695700597429e+27,5.895988972120006e+27,5.578119608201063e+27,3.0451304503762366e+27,2.5048993782468366e+27,1.5818767734087917e+27,3.480719375469282e+27,5.789256635522116e+27,2.9842911990263664e+27,-8.910328438249593e+26,1.598258409497337e+27,3.3387064215565523e+27,-1.2705023242527005e+27,-1.2000970568603116e+27,-1.8407261777302587e+27,-2.232391657151951e+27,-2.481712090478216e+27,-2.0114961191430676e+27,-1.2131114583647803e+27,-2.7733269142328316e+27,-6.776661154670872e+27,3.524451138956783e+27,4.5307252891067597e+27,-1.6441756942605754e+27,-6.919848123927485e+27,4.8988475588669096e+27,-1.2218241589775844e+25,-5.105019711085903e+27,3.5014484131624096e+27,2.9468268141159476e+27,-3.704467586901419e+26,8.915555689064455e+27,-4.960517736978566e+27,-1.0450948359543998e+28,-3.2164032976325665e+27,3.336107551664082e+27,3.516510757414761e+26,6.463602607976722e+27,4.6096005013903716e+27,9.859779668718052e+27,4.798414122668845e+27,1.0044255662045186e+28,9.904676406452096e+27,9.579724100149655e+27,-1.4552544531505802e+27,-3.9547835341884676e+27,-8.833183605255075e+26,-2.9713344618353326e+27,-3.8114646336419885e+27,-4.4299970377255284e+27,-3.1826987953401927e+27,-5.571566156347606e+27,-1.7016884502297878e+27,-4.1347700582431733e+27,-1.136093541300137e+27,-2.746763246738591e+27,-1.294500824210728e+27,-1.709388907262505e+27,-1.3505913941879283e+27,-1.307825591258131e+27,-2.4896157132807256e+27,-1.6429662959099156e+27,-3.083564435808307e+27,-4.435347591022354e+27,-3.452484518104641e+27,-1.658143659605398e+27,-1.2028415547032463e+27,-1.2469652505237516e+27,-1.5010580911256665e+27,-1.9724162217202295e+27
1.0567891581823708e+28,1.1733428856424972e+28,8.147994118106341e+27,9.87901498833058e+27,5.521225327059138e+27,4.5102820544356125e+27,-2.702109952233184e+27,-2.2594129879764838e+26,1.3162129749323007e+27,-4.5807221272100475e+26,3.2200819016600024e+27,1.4004298472594556e+27,-2.482820267674869e+27,2.5416136962294665e+27,2.4056856424018144e+27,2.7391903084056726e+27,-1.3583258895581755e+27,-2.4465289110496453e+27,2.4776504485881716e+27,-1.5865827006191666e+27,-4.5646284533912235e+27,-1.7537683041572242e+27,7.14975884538828e+26,-2.549883514848625e+26,-3.6337099265476314e+27,-3.283181581737459e+27,-2.4695575413888632e+27,1.6120540679934312e+27,-2.921183666175697e+27,-1.9056754595074407e+27,-4.5382048737253454e+26,1.865384209139111e+27,4.085314408790638e+27,5.077816445035426e+27,5.873322991375712e+27,7.773312459853914e+27,4.932283704217958e+27,-1.1196075669949163e+28,-5.455975486691371e+26,1.3199222958324833e+28,1.7163595712468078e+28,1.3851849935285892e+28,1.2900443990133678e+28,1.5486240496425104e+28,1.4537907663040602e+28,1.1592937967009222e+26,9.680138963846393e+26,1.022969287016729e+26,3.7874226985550596e+27,3.869764241710742e+27,-1.901063371313382e+26,-1.9949448202507032e+27,-1.9827294920369933e+27,-6.377535480212474e+27,-3.992705954977449e+27,-2.755330069911547e+27,-5.038255074596113e+27,-6.208221154303447e+27,-4.338173178557035e+27,-4.158072489318944e+27,-4.9005106197114204e+27,-5.580121113313557e+27,-7.915059550439534e+27,-8.654983555658274e+27,-5.276993267980148e+27,-1.2653818058204775e+28,-1.9930903116616758e+28,-8.046265217113908e+27,-7.57872678211366e+27,-8.093428376175898e+27,-1.2016843856034066e+28,9.234273340506452e+27,1.6048859756290304e+28,-1.849841078953384e+28,7.857430038924938e+27,-2.90451069132253e+27,-9.176983453743475e+27,2.8824703407133877e+26,3.3026510145012624e+27,-6.62541800804443e+27,6.921865259395928e+27,1.930224448466875e+28,9.482128974605766e+27,1.139951834807034e+28,-2.394265253621969e+27,4.9006243089069335e+27,-6.819787361645414e+27,1.3491221532553323e+28,6.93218612872529e+27,-2.3869150435922462e+28,-1.6941691855914147e+26,-1.4049732840809553e+28,-1.3116780248998721e+27,-1.105568256103745e+28,1.1035569588771953e+27,-1.6298174563209055e+28,4.487549830519513e+26,-2.129831459649719e+28,-5.918157415250417e+26,-1.655383858828317e+28,-6.0882899372400446e+26,-1.1071300188822014e+28,-5.5299957115772054e+26,-8.082221393189707e+27,-1.3269724554874625e+27,-4.658630398579923e+27,2.4678122934940802e+27,-6.403839182530946e+27,-4.0979339710379177e+27,-1.024380549737267e+28,-1.254564758289775e+28,-7.255542296531517e+27,-5.658327095939795e+27,-4.8717456910905676e+27,-4.132713234948682e+27,-3.5231127226104924e+27
1.3502626248702068e+28,1.4913013324955894e+28,1.0379343474706206e+28,1.2804120626378756e+28,6.960910690508405e+27,5.579183286576302e+27,-3.288013673899559e+27,1.4915850682848284e+26,2.2852507348278598e+27,-1.9375617309250382e+26,4.925807369848916e+27,1.6133842668588855e+27,-3.3105656729492614e+27,3.686669928546313e+27,3.6931355104749926e+27,3.981849739535146e+27,-2.1337646817766102e+27,-3.567756393960217e+27,3.5755140877486863e+27,-2.3949274339546165e+27,-6.276865704922398e+27,-2.317046257120141e+27,8.377900450618156e+26,-4.964472348387807e+26,-5.087230970678563e+27,-4.5783117890855277e+27,-3.6591336623873153e+27,1.5908427313161696e+27,-4.4009582184760405e+27,-2.8849352077639616e+27,-8.76442845870016e+26,2.059650504599027e+27,4.943768407623792e+27,6.128094111653009e+27,6.888137942462276e+27,1.0867282030832928e+28,6.652542684751557e+27,-1.515572012716745e+28,-4.640011080039763e+25,1.7163595712468078e+28,2.273663999158042e+28,1.8315197657912758e+28,1.7105922419088024e+28,2.142630379670098e+28,2.1126328677895574e+28,1.4355559434800718e+27,3.126144837389562e+27,2.66982531770195e+27,7.759736866949404e+27,6.227822074799987e+27,7.086845134943003e+26,-2.0444012585934085e+27,-1.1666489691763782e+27,-6.49506482981906e+27,-4.14404249852492e+27,-3.864628178464176e+27,-6.216969117150853e+27,-7.232171482530337e+27,-6.017713941394926e+27,-5.862502449247314e+27,-7.127257032752811e+27,-8.055779976850444e+27,-1.1298417910163048e+28,-1.2268494802381308e+28,-7.577728276360645e+27,-1.782114943499897e+28,-2.8217199164275683e+28,-9.701824300773743e+27,-8.875058517119867e+27,-1.094705640087594e+28,-1.7489903477918238e+28,1.4925490424243115e+28,2.2106432076873875e+28,-2.685955262642472e+28,1.1687104853093261e+28,-2.770906895929899e+27,-1.2301943041132934e+28,3.827058520769562e+27,3.4634874815610275e+27,-1.0779109729604381e+28,8.355350826612023e+27,2.7627621536087643e+28,1.25979663619223e+28,1.773470472526905e+28,-2.3740841086561398e+27,1.0386116310036359e+28,-8.056579501906498e+27,2.204319332107838e+28,1.1204539997434552e+28,-2.8873237914351177e+28,-4.333810877612567e+26,-2.0003201365578345e+28,-1.890585397347435e+27,-1.5762436716351804e+28,4.4763494442790244e+26,-2.360326091395083e+28,-1.6182418066709662e+26,-3.029181654944517e+28,-1.1453032934146941e+27,-2.347447992857915e+28,-9.758520962772172e+26,-1.5767440898713907e+28,-9.795606280599841e+26,-1.1530598228379322e+28,-2.1577570510843844e+27,-6.818905359743764e+27,2.724340149016078e+27,-9.570178910500233e+27,-6.651389591710082e+27,-1.5307993143711644e+28,-1.8029840773590964e+28,-1.0365012365972264e+28,-8.024227751557539e+27,-6.974489975558309e+27,-6.09989972915058e+27,-5.465086275421506e+27
1.073679626002129e+28,1.1618082105107298e+28,8.342447430948784e+27,1.043616882512683e+28,5.58761455369671e+27,4.343218889316486e+27,-2.6219050083233834e+27,3.4995277886140406e+26,2.0658228074117374e+27,-7.737605025984326e+25,4.32572728892268e+27,1.4965934596063096e+27,-2.888660758430023e+27,3.0906460062231357e+27,3.0888610397136977e+27,3.2483749527100904e+27,-1.5931319577659462e+27,-2.76183742893281e+27,2.844139648722877e+27,-1.7230508039470588e+27,-4.8816016282960287e+27,-1.8385572125912314e+27,8.428370448946458e+26,-5.416659148235435e+26,-3.9840983553690934e+27,-3.46343266175993e+27,-3.161899684054723e+27,7.100403708248844e+26,-3.5261422713067666e+27,-2.3714802184494055e+27,-8.016231403595323e+26,1.1864612022889243e+27,3.6580077154277775e+27,4.3957531978853467e+27,4.655704368136798e+27,9.073548586594595e+27,5.654322443559917e+27,-1.171651230176609e+28,1.3783440343791248e+26,1.3851849935285892e+28,1.8315197657912758e+28,1.516150954017404e+28,1.410646169210539e+28,1.8131973428375752e+28,1.755033640633125e+28,1.4373656538091746e+27,2.784066187388898e+27,2.4493579071034762e+27,6.389982758080599e+27,5.479429296671887e+27,8.25571123811053e+26,-1.5079197185782565e+27,-7.175705106202539e+26,-4.904882538704972e+27,-3.105709958350902e+27,-2.815882249961688e+27,-4.700253596050663e+27,-5.538980753074025e+27,-4.3167015855311596e+27,-4.260149621101949e+27,-5.088570599842684e+27,-5.739903879861663e+27,-8.144039786089435e+27,-9.009829813164552e+27,-5.497310655093336e+27,-1.3329437899730361e+28,-2.1526905240613657e+28,-7.353617802269218e+27,-6.850858629032585e+27,-7.894406837798748e+27,-1.2887585582448067e+28,1.236379678605584e+28,1.8112902790213136e+28,-2.2405939355077616e+28,9.969177164283069e+27,-1.902263783176633e+27,-9.119041934354099e+27,3.5741719782618003e+27,2.197529634723905e+27,-7.82150759983127e+27,6.081536717637745e+27,2.299971351806706e+28,1.0012787660888095e+28,1.5040883737768e+28,-1.7775654261773552e+27,9.123992575920618e+27,-6.054975832240525e+27,1.8692347118390315e+28,8.968135874074283e+27,-2.1861232958044574e+28,-7.409197647761179e+26,-1.531292972276195e+28,-1.8754722184013066e+27,-1.237799564576101e+28,-7.24603062685404e+26,-1.9959169671652205e+28,-9.267444166851047e+26,-2.4220347673434365e+28,-1.446087032443172e+27,-1.8328515222313489e+28,-1.2722538324491248e+27,-1.2643240826157302e+28,-1.3821441271620686e+27,-9.745357641525001e+27,-2.478630432938476e+27,-6.281102924999501e+27,1.3600521906486012e+27,-8.771683360804322e+27,-6.564106954403296e+27,-1.3268152856421885e+28,-1.46013960737409e+28,-8.451708363645019e+27,-6.604963632952775e+27,-6.060372860361361e+27,-5.61906165644365e+27,-5.322509586856104e+27
1.006528198085018e+28,1.084023167387195e+28,7.933788214192069e+27,9.969155985634852e+27,5.35469716305746e+27,4.084621721239483e+27,-2.6129023604076897e+27,3.19951556290474e+26,2.018163492915446e+27,-2.8347003095672946e+25,4.226856828548893e+27,1.433919706429272e+27,-2.757840167678401e+27,3.0029559716833804e+27,2.964766960862314e+27,3.1290299992282834e+27,-1.5450509506243932e+27,-2.621823937242049e+27,2.6955927763793587e+27,-1.587554893812171e+27,-4.6057720216237964e+27,-1.8094991014430364e+27,8.896578817376508e+26,-5.727088686585085e+26,-3.847526952364822e+27,-3.313165717854604e+27,-3.1388418111645425e+27,4.767442276901526e+26,-3.360644597656479e+27,-2.2344478389649028e+27,-7.273514781724998e+26,1.0049964785704901e+27,3.337615597225978e+27,3.90928707414989e+27,4.0534760835588677e+27,8.841251966750544e+27,5.368054180392294e+27,-1.098744230170397e+28,1.8360670817104107e+26,1.2900443990133678e+28,1.7105922419088024e+28,1.410646169210539e+28,1.3387307271462289e+28,1.6644440584880036e+28,1.6280178787650076e+28,1.362907439469333e+27,2.7929452715873165e+27,2.630968562898053e+27,6.466874657752381e+27,5.334587025718798e+27,7.396120455910692e+26,-1.447309985019842e+27,-6.017818369179641e+26,-4.0994236242438956e+27,-2.787681282889539e+27,-2.5482808838807014e+27,-4.1672162742541244e+27,-4.7875337663919803e+27,-3.85966541375285e+27,-3.903256028928043e+27,-4.650269155220545e+27,-5.203173585455372e+27,-7.436382310275304e+27,-8.335146780203346e+27,-5.089503788572952e+27,-1.2400776320558837e+28,-2.0033520282771665e+28,-6.500834533568342e+27,-5.827004508315965e+27,-7.002139728334098e+27,-1.1886473606754853e+28,1.1972535440370522e+28,1.6524440245209696e+28,-2.134099406786553e+28,9.650374831128457e+27,-1.8079934336629272e+27,-8.420580126966806e+27,4.007548228427844e+27,1.8608749057978764e+27,-7.584357144532105e+27,5.52572026243476e+27,2.166372542542592e+28,9.677969193952326e+27,1.4371865094889095e+28,-1.6327287724124352e+27,9.082208996950839e+27,-5.637034787583982e+27,1.801211738969304e+28,8.66237382663217e+27,-1.9789623942215688e+28,-8.151623564683333e+26,-1.4322226199359555e+28,-1.8845336393778736e+27,-1.1723514169661658e+28,-1.149340850268234e+27,-1.9283534522792317e+28,-1.2007638516668618e+27,-2.296967347243248e+28,-1.5548110541779923e+27,-1.7263171492196022e+28,-1.3363527484723473e+27,-1.2061911236394203e+28,-1.4907062574154696e+27,-9.404350698931387e+27,-2.595183883373765e+27,-6.212381260065083e+27,9.665842350571513e+26,-8.642899279374087e+27,-6.711150956115454e+27,-1.3061690635731106e+28,-1.4043306024323577e+28,-8.149131917272958e+27,-6.38107956231e+27,-5.92251023706379e+27,-5.582845920874755e+27,-5.387008277310911e+27
1.123421050842204e+28,1.1744670817385433e+28,8.67478900133671e+27,1.1437661202424211e+28,5.644701771892271e+27,4.0827131674801563e+27,-2.1833674235446372e+27,1.538974632710385e+27,3.7085752881417315e+27,7.924440618475567e+26,6.502457021024767e+27,1.3493598943064206e+27,-3.53349920659192e+27,4.249664753953447e+27,4.8546925035249365e+27,4.5029638149407564e+27,-2.4298155274484532e+27,-3.799670273458984e+27,3.943125887361287e+27,-2.4731876682401055e+27,-5.913176659724327e+27,-2.0139587058484002e+27,8.862091277569929e+26,-1.2588028161342135e+27,-5.087649273577661e+27,-4.212232427446719e+27,-4.8975361908540746e+27,-1.2447809600046748e+27,-5.352707803667807e+27,-3.7416718338150166e+27,-1.8574689944250214e+27,-2.2248817637461895e+26,2.999213887588374e+27,3.423285973554046e+27,2.385455787488545e+27,1.1646615492559764e+28,7.022524022773627e+27,-1.364535881586609e+28,1.8479554192460879e+27,1.5486240496425104e+28,2.142630379670098e+28,1.8131973428375752e+28,1.6644440584880036e+28,2.5139520591183467e+28,2.6980505541592803e+28,4.9319193945549565e+27,7.874252138919822e+27,9.357786183322451e+27,1.4671865685949848e+28,8.996808198166374e+27,3.4363992979439953e+27,-1.1064110794836594e+26,2.912926720433386e+27,-6.0496159102315826e+26,-5.900428327737591e+26,-3.459593793274393e+27,-4.1287702285376013e+27,-3.893415033840714e+27,-5.227852993495398e+27,-5.226722396107066e+27,-6.739684459865143e+27,-7.579217394410554e+27,-1.0618309855121624e+28,-1.143202933603777e+28,-7.05786773468365e+27,-1.699484920698761e+28,-2.8849825083157083e+28,-5.792400105691498e+27,-4.967887719973915e+27,-9.200361596170846e+27,-1.8600834543196167e+28,2.2795198981362073e+28,2.462209040975346e+28,-3.347738239520922e+28,1.4598340212617092e+28,7.468430150272003e+26,-9.96257101305868e+27,1.3503626260841614e+28,-2.9890000480899867e+26,-1.3496994082896426e+28,4.643631685885709e+27,3.3419915252495185e+28,1.1247208235221084e+28,2.4225123792907853e+28,-1.4403957803607606e+26,2.1182430714456397e+28,-4.382675462503666e+27,3.3254242468339277e+28,1.501374650395532e+28,-1.6749441340471034e+28,-1.9977412927494515e+27,-2.096001527645066e+28,-3.161142046556676e+27,-1.731851951395021e+28,-4.560321893842383e+27,-2.9462659562467866e+28,-3.893177701247742e+27,-3.3503322340383896e+28,-3.3066456822543204e+27,-2.488682113589728e+28,-2.67484513601086e+27,-1.801326840462405e+28,-3.0996167357489087e+27,-1.4345710985219659e+28,-4.899212441558473e+27,-1.005358105568159e+28,-7.502105223405985e+26,-1.4367315069709734e+28,-1.205101278330986e+28,-2.0733826252718656e+28,-2.0531567421783138e+28,-1.188228577764382e+28,-9.292698032295186e+27,-9.064671229814701e+27,-9.079031425185573e+27,-9.343502068949994e+27
1.0260066853731759e+28,1.0535238742419282e+28,8.005183992098059e+27,1.0777663515242046e+28,5.264522516623231e+27,3.6646699991798634e+27,-1.7287664780337616e+27,1.8201398017580196e+27,4.279066340533751e+27,1.0319447550268011e+27,6.8440902200024e+27,1.1043572121670764e+27,-3.553697590128159e+27,4.4594493451597665e+27,5.786701847836878e+27,4.9352610627197204e+27,-3.178369133853019e+27,-4.308855813228723e+27,4.457218474403399e+27,-2.932769729569981e+27,-6.401476433192614e+27,-2.2579056643022252e+27,1.0270298405177085e+27,-2.0778775528625128e+27,-6.144404248712695e+27,-4.895375081836448e+27,-6.670098824755864e+27,-3.3875107169819814e+27,-6.483508040142398e+27,-4.596809483648606e+27,-2.723513634869612e+27,-1.6814237736523309e+27,2.3017218411384248e+27,2.3662037912415927e+27,-2.7577185926032365e+26,1.1899002137325156e+28,7.31659946979748e+27,-1.3773974529468088e+28,2.874652437437193e+27,1.4537907663040602e+28,2.1126328677895574e+28,1.755033640633125e+28,1.6280178787650076e+28,2.6980505541592803e+28,3.332151792349869e+28,7.316612257359568e+27,1.2031500612656339e+28,1.6178150786120838e+28,2.295493268528421e+28,1.0160830559722642e+28,5.044383899911507e+27,1.4347962875297925e+27,6.548598999834939e+27,5.881040820502218e+27,2.817229110127095e+27,-3.3216292293429266e+27,-2.1627070036361404e+27,-2.8686645853589407e+26,-5.211759095674743e+27,-5.268857773768339e+27,-7.81781668961113e+27,-8.751676203283586e+27,-1.257870466970625e+28,-1.2886244253836036e+28,-8.096276577484969e+27,-1.933923943973906e+28,-3.3872170921366424e+28,-2.071909581879129e+27,-4.8245712880475486e+26,-9.077584780059451e+27,-2.3795787484678827e+28,3.3671309817585554e+28,2.7906912285838626e+28,-4.226195382273447e+28,1.6025518609554769e+28,3.2895338533409e+27,-9.044321827210017e+27,2.458723145385698e+28,-2.8678209868004236e+27,-1.9018647631392907e+28,2.950406683448167e+27,4.049735872503404e+28,1.0947973703843961e+28,2.918656929114061e+28,1.0053669588955915e+27,3.2349105441356636e+28,-2.690242745364286e+27,4.5034327512911195e+28,1.9062934548197678e+28,-5.607314712290815e+27,-3.417584595049811e+27,-2.6216393080748944e+28,-4.608915084962166e+27,-2.236050717044013e+28,-8.720789676625011e+27,-3.718291628994296e+28,-7.08573489747665e+27,-4.053244871335832e+28,-5.336924508124391e+27,-3.023230756494461e+28,-4.245187962744141e+27,-2.3742598020016563e+28,-5.012065702191296e+27,-1.9021917685854503e+28,-7.499202959846314e+27,-1.3822318206216344e+28,-3.218706028490612e+27,-1.966086176559334e+28,-1.7383960737326378e+28,-2.7290241590011856e+28,-2.5405408861393555e+28,-1.5060000579661596e+28,-1.1974957231051337e+28,-1.213010941136272e+28,-1.2565887597885412e+28,-1.3365075775565744e+28
-8.82952330331496e+26,-1.5568355749453312e+27,-7.752799030385775e+26,-8.714489214872655e+25,-8.166069259840077e+26,-1.1752423283248302e+27,1.1210333327810828e+27,1.9910423808305312e+27,2.58865776614789e+27,1.8603531099170195e+27,2.9711611135652754e+27,-9.90625392205649e+26,-2.313793637640611e+25,1.511494986806272e+27,2.5912905767618643e+27,1.6381472094506142e+27,-1.1582019979374754e+27,-1.4276366395769136e+27,1.5151194650928976e+27,-1.2894729595981323e+27,-4.999951315973452e+26,1.6115396281963782e+26,-4.110429410821029e+26,-1.0774785277129698e+27,-1.089392166746382e+27,-6.494834970123138e+26,-2.1010032958531844e+27,-3.0564239734446475e+27,-2.7436444574482894e+27,-2.0719975348937751e+27,-1.770916442602756e+27,-2.3396328230818417e+27,-1.6394748522043006e+27,-2.04354600396872e+27,-4.0730690485271326e+27,2.8997094155549585e+27,4.033405699944776e+26,-9.959617791599486e+26,3.165067028396955e+27,1.1592937967009222e+26,1.4355559434800718e+27,1.4373656538091746e+27,1.362907439469333e+27,4.9319193945549565e+27,7.316612257359568e+27,4.830116756754639e+27,6.614241696440729e+27,8.942276698827945e+27,9.239785507090199e+27,4.5967495469112876e+27,3.7286593271044456e+27,2.2394295398050334e+27,5.232339818386016e+27,6.9527300543991e+27,4.101618492669433e+27,-7.510107065277225e+26,1.735280149427246e+27,3.5697020193092994e+27,-8.710044110058083e+26,-1.182302952093036e+27,-2.057856336736267e+27,-2.1659078499569998e+27,-2.651845937071364e+27,-2.719730139853952e+27,-1.85644113251267e+27,-3.8948971082893314e+27,-7.457523018157745e+27,3.6298520125909286e+27,4.2423312571411297e+27,-7.042324835744572e+26,-5.950217531153286e+27,9.462978576372297e+27,3.838233022639462e+27,-1.0360538664497278e+28,5.634437949037316e+27,4.1453879341355235e+27,-3.50788824797092e+26,1.2510472453337562e+28,-4.441986030764838e+27,-8.242741365188432e+27,-3.1737044444089853e+27,8.918883869377936e+27,7.845491994006417e+26,1.0888655838879112e+28,3.4731036656484716e+27,1.4841994096154049e+28,3.951001966756616e+27,1.6649153858620798e+28,9.394016296683797e+27,1.0530832446398474e+28,-1.6125999614504427e+27,-5.493255127467474e+27,-1.374366157311075e+27,-4.754170877918278e+27,-5.221083605897548e+27,-9.544860810628344e+27,-4.0830335031015883e+27,-9.272778236833789e+27,-2.3273874962181943e+27,-6.545604309053519e+27,-1.5466891616458827e+27,-4.887265749095299e+27,-1.9138163818354504e+27,-4.191663975618729e+27,-2.598330672639577e+27,-3.6441149064335865e+27,-2.9914566698715254e+27,-5.283507434965276e+27,-6.208569125387938e+27,-8.396051225358138e+27,-6.503841722352248e+27,-3.6433994958836634e+27,-2.746450861383035e+27,-2.978158923880638e+27,-3.5446525591504243e+27,-4.3279422681438445e+27
-5.072496860755165e+26,-1.3325860128084712e+27,-4.5904492199947645e+26,6.174647346784487e+26,-6.709266627421664e+26,-1.275615082409363e+27,1.2388514281146733e+27,2.563374980845816e+27,3.546282519326271e+27,2.501393781530775e+27,4.181111278884109e+27,-1.269696447482652e+27,-1.765896933359515e+26,2.18592285847058e+27,3.6356608112987737e+27,2.3737148206133807e+27,-1.6644455467017468e+27,-2.0645109534699226e+27,2.1756453758965977e+27,-1.7926213521462632e+27,-1.0358169508772823e+27,1.4170985038158542e+26,-5.262352175878686e+26,-1.412526673886505e+27,-1.611398024536969e+27,-1.0537362929191402e+27,-2.901768915998675e+27,-4.08556502007781e+27,-3.87742644897405e+27,-2.902555849385084e+27,-2.4214623113416434e+27,-3.1134172278576727e+27,-1.989004289444353e+27,-2.515578066792286e+27,-5.272034460939367e+27,4.523867861393022e+27,8.320678641281949e+26,-2.163934575482323e+27,4.267695700597429e+27,9.680138963846393e+26,3.126144837389562e+27,2.784066187388898e+27,2.7929452715873165e+27,7.874252138919822e+27,1.2031500612656339e+28,6.614241696440729e+27,9.524884338597965e+27,1.3047928808643334e+28,1.436151812839644e+28,6.516717274855936e+27,4.96985105667535e+27,2.860164325895396e+27,7.205338539074163e+27,9.780356629499484e+27,5.492417640165642e+27,-1.2837928915091073e+27,2.0849421597475724e+27,4.794962706999402e+27,-1.6688741362025655e+27,-1.9816126793619822e+27,-3.288696049921859e+27,-3.587124626162871e+27,-4.4737690296799036e+27,-4.412225417539209e+27,-2.9514162580195473e+27,-6.329853717545537e+27,-1.2333783825099593e+28,4.6315076992891346e+27,5.844458221770926e+27,-1.8302926203282018e+27,-1.012192690096807e+28,1.556787487819904e+28,6.738450967993098e+27,-1.6366595320964286e+28,8.229767042137989e+27,5.342980356191692e+27,-1.2463062557630036e+27,1.8589457131259543e+28,-5.860577107314531e+27,-1.2682874720042374e+28,-3.9078975577012176e+27,1.4328427117811735e+28,1.8711775115338174e+27,1.581815856095803e+28,4.5670516699105505e+27,2.172935015895388e+28,4.8806494822869613e+27,2.471163792652084e+28,1.321213807827368e+28,1.3199110588376405e+28,-2.2112266704317802e+27,-9.035497413837432e+27,-1.9381528088282602e+27,-7.678416253708122e+27,-7.123836865043201e+27,-1.4552635115247078e+28,-5.546298222855811e+27,-1.4638756401001877e+28,-3.195503449589218e+27,-1.0444557586047436e+28,-2.1926782329612386e+27,-8.005532941333929e+27,-2.7149175163464895e+27,-6.559040623112205e+27,-3.713625489483588e+27,-5.424714757853312e+27,-4.060980765428465e+27,-8.000228731618359e+27,-8.87459307791127e+27,-1.2253549134964422e+28,-9.715536143039488e+27,-5.389915360366249e+27,-4.075733486866795e+27,-4.413092861036547e+27,-5.174679670366462e+27,-6.231026424394771e+27
-1.4980346271904153e+27,-2.7932019734655483e+27,-1.1166684534575814e+27,8.995808147097027e+25,-1.106185913842206e+27,-1.8757020187561873e+27,1.8624163544362724e+27,3.2589991470261585e+27,4.613472784395972e+27,3.167269104881445e+27,5.004979751180124e+27,-1.719312402364702e+27,1.304408853194271e+25,2.6201106731076314e+27,4.999214500753506e+27,2.980069386558797e+27,-2.3403322434719555e+27,-2.6657248695736656e+27,2.905462360679942e+27,-2.4106002962176156e+27,-9.846190915290477e+26,-5.087377598157033e+24,-4.3590697978697734e+26,-2.5849528182079815e+27,-2.713501850841546e+27,-1.573055294827714e+27,-5.094157282603983e+27,-6.902767069846535e+27,-5.449944645673263e+27,-4.161930791690576e+27,-3.7054619908031205e+27,-5.089793111555819e+27,-2.965066380491334e+27,-3.8690039635027457e+27,-8.715096377001361e+27,5.173800499418326e+27,7.520526820266552e+26,-1.5281811317280772e+27,5.895988972120006e+27,1.022969287016729e+26,2.66982531770195e+27,2.4493579071034762e+27,2.630968562898053e+27,9.357786183322451e+27,1.6178150786120838e+28,8.942276698827945e+27,1.3047928808643334e+28,1.871441718221723e+28,2.0363156871268743e+28,8.054819453743772e+27,6.704496366232587e+27,4.4572914961434267e+27,1.0501808549564923e+28,1.587492157928017e+28,8.784011905923526e+27,-8.959425038788047e+26,4.404286531449765e+27,8.55565134821704e+27,-1.1311865368750705e+27,-1.677113584767633e+27,-3.838246197245248e+27,-4.0734828469805945e+27,-5.553372040588846e+27,-5.244118165106936e+27,-3.5387995670446857e+27,-7.959183411087558e+27,-1.6004174341083583e+28,8.782709154713549e+27,1.0515790876322274e+28,-7.890710466345497e+26,-1.362067285932083e+28,2.324207475246389e+28,8.438918956985624e+27,-2.3819001744177877e+28,1.010126790538231e+28,8.086614770627366e+27,3.124930010155594e+26,2.804255941715448e+28,-9.324397838270857e+27,-1.7862065614758839e+28,-6.18348327283998e+27,1.9805122644347534e+28,1.60723090782484e+27,2.0717138693355816e+28,6.365602471717376e+27,3.163052424120061e+28,7.3411680544596e+27,3.5147908542547536e+28,1.848107086340226e+28,2.524566731016608e+28,-4.0438330413721116e+27,-1.3170302604902241e+28,-3.7355166632841137e+27,-1.2052044578146003e+28,-1.2171627793903357e+28,-2.211941349505009e+28,-9.522078719259926e+27,-2.0925916769408327e+28,-5.742139163665514e+27,-1.5027254107900603e+28,-4.1051246867781847e+27,-1.2963822676066546e+28,-4.999562417259752e+27,-1.1014213608758923e+28,-6.697775347523149e+27,-9.372653067693431e+27,-7.076758579937587e+27,-1.3100809501619234e+28,-1.480991894990479e+28,-1.939287181668581e+28,-1.4796985677085789e+28,-8.790443327014582e+27,-6.979021863232723e+27,-7.732911959278485e+27,-8.993967340578159e+27,-1.0684706403087405e+28
1.4289536268648515e+27,5.402116421428536e+26,1.184026844905154e+27,2.94205517733777e+27,4.80923764032299e+26,-6.050474174911136e+26,9.512664957194472e+26,3.0138975801050274e+27,4.829802888867764e+27,2.987830069807366e+27,5.860218609262688e+27,-1.281192944142678e+27,-8.067711926768479e+26,3.2950573109134026e+27,5.459683715544769e+27,3.698045914839668e+27,-2.7036764679459464e+27,-3.279813883848655e+27,3.456302116671522e+27,-2.681097015659362e+27,-2.5555139681244576e+27,-3.9500647170424186e+26,-2.867886528311261e+26,-2.2972993315403821e+27,-3.36880722564704e+27,-2.3641642278713468e+27,-5.20520700239925e+27,-6.057306874561576e+27,-5.989191991216955e+27,-4.441392357353625e+27,-3.56681082733535e+27,-4.355042091744971e+27,-1.8414164710524404e+27,-2.5421406083392664e+27,-6.848400720004075e+27,7.4957527425333e+27,2.3138909383868275e+27,-5.176156678814689e+27,5.578119608201063e+27,3.7874226985550596e+27,7.759736866949404e+27,6.389982758080599e+27,6.466874657752381e+27,1.4671865685949848e+28,2.295493268528421e+28,9.239785507090199e+27,1.436151812839644e+28,2.0363156871268743e+28,2.441225987559557e+28,9.340190881689892e+27,6.653413110026299e+27,3.7728587899706047e+27,1.036654438815154e+28,1.4789286877689886e+28,7.763184378213458e+27,-2.0211257774776898e+27,2.64105159185295e+27,6.821139086172823e+27,-2.969642468932375e+27,-3.2453085367359297e+27,-5.616287658422645e+27,-6.262169820874195e+27,-8.407301778203654e+27,-8.020029126445502e+27,-5.232057723697066e+27,-1.1863018783862036e+28,-2.306590317849577e+28,6.240313330633229e+27,8.576238742018914e+27,-4.055225095129187e+27,-1.902727811731825e+28,2.958023657349723e+28,1.439066658667107e+28,-3.059760132303152e+28,1.2561010425553468e+28,7.054261207279249e+27,-2.963830753921125e+27,3.045282714844949e+28,-7.976572917105898e+27,-2.0931640359556624e+28,-4.1473255246126536e+27,2.7083937442771696e+28,4.530431890544233e+27,2.469740769954073e+28,5.530179381643261e+27,3.497062989420072e+28,5.158856610036962e+27,4.095328404198351e+28,1.98328414157244e+28,1.7684332101066735e+28,-3.759677833850976e+27,-1.7828499777849385e+28,-3.7223018495594757e+27,-1.5423497703635458e+28,-1.129830467656765e+28,-2.6871572563116454e+28,-8.824203965889611e+27,-2.751506752403456e+28,-5.453854385334937e+27,-2.0054477329730927e+28,-4.011962828748475e+27,-1.6498658020033202e+28,-4.8932245932807656e+27,-1.325302748495485e+28,-6.765249924333124e+27,-1.0426092925787112e+28,-6.21194298743401e+27,-1.5102997661647004e+28,-1.547970048118002e+28,-2.1679167461496235e+28,-1.778614922125159e+28,-1.0252095491763915e+28,-8.032048918315995e+27,-8.646412399876596e+27,-9.736366571953001e+27,-1.1257348619570963e+28
2.0678705526472935e+27,1.6393458327217613e+27,1.5626694813724856e+27,2.933505333091365e+27,7.064124133146456e+26,-7.923681945142828e+25,1.885591164703094e+26,2.0842958376853494e+27,3.096000282809344e+27,2.0083247674476235e+27,4.319784664390307e+27,-6.013144406457427e+26,-7.72741825222789e+26,2.3754482414576506e+27,3.0833041082537887e+27,2.3974802837918962e+27,-1.2993110045294754e+27,-1.9499035113655247e+27,2.0296673489702284e+27,-1.4985850367624237e+27,-1.6168497290544535e+27,-1.3233978539975251e+26,-3.2801660501155556e+26,-7.370923628525613e+26,-1.4964203827238125e+27,-1.1915705700349774e+27,-1.955090508731229e+27,-2.0530414696938707e+27,-3.20735857175841e+27,-2.3141907695397596e+27,-1.5876582034353504e+27,-1.5593231484886047e+27,-7.065375662440292e+26,-8.982450807640518e+26,-2.1785238558840558e+27,5.648350420626773e+27,1.71803822006799e+27,-4.075352132494879e+27,3.0451304503762366e+27,3.869764241710742e+27,6.227822074799987e+27,5.479429296671887e+27,5.334587025718798e+27,8.996808198166374e+27,1.0160830559722642e+28,4.5967495469112876e+27,6.516717274855936e+27,8.054819453743772e+27,9.340190881689892e+27,6.1236509260709e+27,3.455871993432008e+27,1.199657501891519e+27,3.994132103919531e+27,3.9875271109368703e+27,2.181916212910665e+27,-1.6881976749253755e+27,-1.75608526850908e+26,1.1628218405833567e+27,-2.203894768841555e+27,-2.4675843855960098e+27,-3.127376941911778e+27,-3.438315543587832e+27,-4.1946896853682926e+27,-4.595330547065599e+27,-2.959133429018821e+27,-6.503525574801397e+27,-1.164634664957927e+28,5.3689366084147866e+26,1.4051659609313623e+27,-2.994880262981413e+27,-8.110365234695796e+27,1.0012763997899365e+28,7.224800159976557e+27,-1.33968720909187e+28,8.327546002203298e+27,2.656126761120551e+27,-3.3487192083732084e+27,1.0730358707992966e+28,-3.0510105486075353e+27,-9.176945250729983e+27,-1.3265452115238915e+27,1.27299587350333e+28,3.8056353287376245e+27,1.3727309404125627e+28,2.867648224944974e+27,1.4278152456128937e+28,2.0377304574199656e+27,1.822534665562032e+28,1.04324512205468e+28,7.325012326187453e+26,-1.1225926032680868e+27,-7.565151725638445e+27,-1.0754152037139891e+27,-5.995247185624885e+27,-3.841570968185598e+27,-1.1877912281224537e+28,-3.0214270675543053e+27,-1.3037800994919588e+28,-1.7513221348924618e+27,-9.244691322266282e+27,-1.1437745126141538e+27,-5.999452740657051e+27,-1.4401032398893496e+27,-4.7685076871406046e+27,-2.1318154291340348e+27,-3.666677914520626e+27,-1.8474625627468073e+27,-5.60553192236649e+27,-5.813285517421988e+27,-9.218962338676049e+27,-8.167507350849899e+27,-4.2734141305048544e+27,-3.087589974716713e+27,-3.0805447316027683e+27,-3.446930397358002e+27,-4.0252347555962966e+27
-9.171044163887311e+26,-1.4778775903748643e+27,-7.939592957436636e+26,-3.105123259235045e+26,-7.698733972244902e+26,-1.0154817660019558e+27,9.750842219245081e+26,1.5905980998443036e+27,2.014360048768126e+27,1.4638619373090457e+27,2.239905359368287e+27,-8.110511297104391e+26,5.9313695455457665e+25,1.1247200968172893e+27,2.0075468348264625e+27,1.2266073061098275e+27,-8.772439229780197e+26,-1.0785513217731427e+27,1.1585429343401001e+27,-1.0093600420556447e+27,-2.454264126368821e+26,1.4717470446061299e+26,-3.296002218025208e+26,-8.93670804961923e+26,-8.344269632891489e+26,-4.585150761882987e+26,-1.6817993647259497e+27,-2.4730989923702106e+27,-2.126993484619e+27,-1.621818297524272e+27,-1.4160902647097634e+27,-1.890648179364372e+27,-1.3581622738317208e+27,-1.6800884460708097e+27,-3.323330452485373e+27,2.0422506628732415e+27,1.819681734803323e+26,-4.5833843220790784e+26,2.5048993782468366e+27,-1.901063371313382e+26,7.086845134943003e+26,8.25571123811053e+26,7.396120455910692e+26,3.4363992979439953e+27,5.044383899911507e+27,3.7286593271044456e+27,4.96985105667535e+27,6.704496366232587e+27,6.653413110026299e+27,3.455871993432008e+27,2.922856836290703e+27,1.8214262774790644e+27,4.057719256266051e+27,5.411835459291065e+27,3.264536652140486e+27,-4.700427187271841e+26,1.5015106310411973e+27,2.8797708004804646e+27,-4.872631733287479e+26,-7.681077179617846e+26,-1.4336466063744818e+27,-1.4659602432169978e+27,-1.7926064225207244e+27,-1.8815637225538126e+27,-1.3014526730122796e+27,-2.7121777571342175e+27,-5.145454326561527e+27,3.0252778950724593e+27,3.390372983173912e+27,-2.253641834483725e+26,-4.041343811851409e+27,6.610149042470956e+27,2.4871253744483065e+27,-7.440101617548919e+27,4.1634426929341643e+27,3.346927696463353e+27,3.971230269514003e+25,9.354597228220885e+27,-3.5944308398461443e+27,-6.046098124932495e+27,-2.6315634530530814e+27,6.276302280014512e+27,3.3710522637086746e+26,8.119971164837526e+27,2.7835568985347725e+27,1.1147879938690282e+28,3.2710415174709447e+27,1.237252043837554e+28,7.269686129434093e+27,8.844608585430502e+27,-1.3026800291327336e+27,-3.863596008763959e+27,-1.1032585089256042e+27,-3.4215985460802804e+27,-4.17258134816701e+27,-7.060462543578996e+27,-3.2771318691382015e+27,-6.672890881510316e+27,-1.8710821841548418e+27,-4.6889051136294376e+27,-1.2296208810543266e+27,-3.4966429637921644e+27,-1.5153702022186161e+27,-3.0995907255082664e+27,-2.04057899638102e+27,-2.780914940751253e+27,-2.3993787542335026e+27,-3.9528482976499205e+27,-4.822125962917989e+27,-6.414153451852007e+27,-4.889293101481878e+27,-2.781898170641296e+27,-2.1097124810698945e+27,-2.2912586313054706e+27,-2.7403444873131e+27,-3.3614430451283935e+27
-1.9648705406273926e+27,-2.516104525642302e+27,-1.4997236834235664e+27,-1.545803796120755e+27,-1.0650357906550508e+27,-1.0680904800742423e+27,9.7208381258558e+26,8.624564811567715e+26,9.762637490145019e+26,7.035049332854178e+26,6.313553094463851e+26,-5.44457236945167e+26,3.587290142825714e+26,2.459987948399265e+26,1.090333360944373e+27,3.782036386945199e+26,-5.187745148336237e+26,-4.014233904892606e+26,5.0569674468310614e+26,-5.212739861452792e+26,4.642616040214349e+26,1.2236662892715145e+25,-1.4851383081966673e+25,-1.0541589933103145e+27,-7.54299828949152e+26,-2.251498963244258e+26,-1.7957538405853034e+27,-2.5572845748691223e+27,-1.2158771521059494e+27,-1.0015111107132763e+27,-1.1014888702058462e+27,-1.8385498992218055e+27,-1.301108154215185e+27,-1.7006611082598108e+27,-3.488989761152089e+27,-1.1842516084410735e+26,-4.3720535632373995e+26,1.55037613133253e+27,1.5818767734087917e+27,-1.9949448202507032e+27,-2.0444012585934085e+27,-1.5079197185782565e+27,-1.447309985019842e+27,-1.1064110794836594e+26,1.4347962875297925e+27,2.2394295398050334e+27,2.860164325895396e+27,4.4572914961434267e+27,3.7728587899706047e+27,1.199657501891519e+27,1.8214262774790644e+27,1.74090213504793e+27,3.091544054096563e+27,5.33366980100875e+27,3.217209760943327e+27,5.939185193759032e+26,2.4176992223535775e+27,3.5334393036592387e+27,9.704259330944326e+26,6.411524377818095e+26,5.811467616350189e+24,2.2769122396628062e+26,8.084563987822223e+24,5.516307501099919e+25,-6.775927387993764e+25,-2.3023180872063077e+26,-6.74992946664467e+26,4.158237696466232e+27,4.1946437812048367e+27,1.9011891188581636e+27,-8.047531804498006e+26,3.9948223083449763e+27,-3.162881970019893e+26,-3.90164843743877e+27,1.1069403700938102e+27,2.9609224034309827e+27,2.2740474837280514e+27,7.047054387140688e+27,-3.358485648890375e+27,-3.001292310995386e+27,-2.708309851625414e+27,2.301802049566132e+27,-1.312065526094482e+27,3.4434428342931487e+27,1.9246886022097756e+27,7.482441683763636e+27,2.9934493065286007e+27,7.2388733259688e+27,4.2498570292380516e+27,1.2381276442692607e+28,-1.517192619063197e+27,-1.734826949318492e+27,-1.394433829450477e+27,-2.2921372969276507e+27,-4.39714684547871e+27,-4.679542461011394e+27,-3.467018623614637e+27,-3.0386394010509175e+27,-2.1231090595714642e+27,-2.1259429642983606e+27,-1.4767185410417983e+27,-2.5959893331376304e+27,-1.7779483635298247e+27,-2.734628244052731e+27,-2.3052272011064365e+27,-2.7784316722811777e+27,-2.6614425525636134e+27,-3.447836485627687e+27,-4.6254145105819567e+27,-5.180487091912118e+27,-3.320173487417962e+27,-2.3516934450078132e+27,-2.0174497158482622e+27,-2.341974853231273e+27,-2.804530616206067e+27,-3.396699660647025e+27
-2.5183583505619146e+27,-3.467776019176854e+27,-1.9505155802063515e+27,-1.5730669714365135e+27,-1.5243217909745498e+27,-1.7658110942679253e+27,1.588096239383759e+27,1.9862862571545117e+27,2.4944055232999005e+27,1.8119294257059974e+27,2.3845566359625097e+27,-1.1423443502786297e+27,3.351166914660421e+26,1.136008116006098e+27,2.6186621609685597e+27,1.3471252682976817e+27,-1.231757234508423e+27,-1.23818745398402e+27,1.3829784517275075e+27,-1.2452613890643257e+27,9.436721839032482e+25,1.3849132241159931e+26,-2.6941719763172237e+26,-1.650018237232017e+27,-1.327914504721544e+27,-5.864804067806844e+26,-2.975700338679332e+27,-4.43510053724655e+27,-2.831350724540784e+27,-2.2164608371428115e+27,-2.1541606085027978e+27,-3.298505181459009e+27,-2.3118179731534528e+27,-2.9867888052904374e+27,-6.043540535708139e+27,1.6638660811189747e+27,-1.847541570091555e+26,8.801782009652762e+26,3.480719375469282e+27,-1.9827294920369933e+27,-1.1666489691763782e+27,-7.175705106202539e+26,-6.017818369179641e+26,2.912926720433386e+27,6.548598999834939e+27,5.232339818386016e+27,7.205338539074163e+27,1.0501808549564923e+28,1.036654438815154e+28,3.994132103919531e+27,4.057719256266051e+27,3.091544054096563e+27,6.468910928574055e+27,1.0087799899832932e+28,5.875675694337597e+27,8.140757376265587e+25,3.529150996706452e+27,5.966460890133377e+27,3.108314482857817e+26,-1.5035849971112873e+26,-1.3665075452843466e+27,-1.279281495670091e+27,-1.8309113998018883e+27,-1.689431429977016e+27,-1.2559526043500703e+27,-2.70943888642942e+27,-5.736627111649862e+27,6.529403052523363e+27,7.162242421619219e+27,1.271320572512491e+27,-5.190192788000091e+27,1.1071226855274311e+28,2.3075265351420402e+27,-1.0881333849328138e+28,4.5503213830394006e+27,5.450074620938901e+27,1.960024595106599e+27,1.5689484527017826e+28,-6.068466064653647e+27,-8.620572812022227e+27,-4.667600018022213e+27,8.323070202942552e+27,-7.514186769895175e+26,1.025039853015377e+28,4.0124805669872935e+27,1.7340767920475878e+28,5.357526574936499e+27,1.8172023126955474e+28,9.891446177534172e+27,1.914780416766191e+28,-2.503842636182934e+27,-5.468514196966986e+27,-2.214889043276764e+27,-5.475191406036749e+27,-7.63026600694351e+27,-1.079397589911978e+28,-5.95845552558901e+27,-9.049201667213702e+27,-3.52959374125286e+27,-6.369409405129442e+27,-2.4601434506979864e+27,-5.959983777797947e+27,-3.0020632425757174e+27,-5.49016626046507e+27,-3.954723714898859e+27,-5.104977962840562e+27,-4.5918872944439444e+27,-6.927322656629576e+27,-8.504228699772954e+27,-1.0367099499689138e+28,-7.269463778256162e+27,-4.510993839080949e+27,-3.639462239575498e+27,-4.168044942709898e+27,-5.011351356847183e+27,-6.103925277032189e+27
-6.072563492960757e+27,-7.989776317595045e+27,-4.3922234232684914e+27,-4.38931951069382e+27,-3.0445641086956294e+27,-3.338151224464713e+27,2.876701063253599e+27,2.615086774388301e+27,3.382694172705677e+27,2.7248486444276447e+27,2.0935871765518564e+27,-2.1637559179136014e+27,1.6429306757567604e+27,8.235488908717958e+26,3.8583125623474163e+27,1.2292688276782342e+27,-1.5587656792690967e+27,-1.2278399730079379e+27,1.7138255630929496e+27,-1.6247059800303423e+27,2.0796659557473174e+27,2.491703194777811e+26,-1.2678563218170166e+26,-3.712773716505487e+27,-2.183114216782777e+27,-3.983252151567693e+26,-6.07279364065052e+27,-9.449795987850568e+27,-4.3785809954308124e+27,-3.6670729756058213e+27,-4.179317146742108e+27,-6.923494102498406e+27,-4.3799763132816176e+27,-5.723645952632411e+27,-1.2641139326001971e+28,1.6324586052077478e+26,-2.2955319126930403e+27,5.854228893414275e+27,5.789256635522116e+27,-6.377535480212474e+27,-6.49506482981906e+27,-4.904882538704972e+27,-4.0994236242438956e+27,-6.0496159102315826e+26,5.881040820502218e+27,6.9527300543991e+27,9.780356629499484e+27,1.587492157928017e+28,1.4789286877689886e+28,3.9875271109368703e+27,5.411835459291065e+27,5.33366980100875e+27,1.0087799899832932e+28,1.9644642886424941e+28,1.0773898825167155e+28,2.0107210460177705e+27,8.58887782043958e+27,1.3104080748781176e+28,3.1108752129577533e+27,2.2267397091325862e+27,9.766250651378163e+25,5.818610165035519e+26,-3.22318938637376e+26,4.00667699216229e+26,7.829994893354759e+25,-7.521527081253735e+26,-4.3980681562406403e+27,1.502617587237097e+28,1.635113016494076e+28,5.94283802351599e+27,-5.91791160600187e+27,1.6969954181610981e+28,-1.4131401111195587e+27,-1.5249766618247946e+28,3.8789134762851117e+27,9.151290502070666e+27,7.584847067402033e+27,2.6592844605952258e+28,-1.2185564948153032e+28,-1.4025018087282382e+28,-9.343706249344871e+27,8.859396826365046e+27,-3.37293910237392e+27,1.1373977019727984e+28,6.947541279663314e+27,2.6915056408432793e+28,1.0208618117433499e+28,2.5856157826885583e+28,1.5321913113658645e+28,4.33124706147959e+28,-5.707305260681054e+27,-7.282442681994526e+27,-5.163322465634493e+27,-9.123307202651643e+27,-1.5936545587626794e+28,-1.7238458139525781e+28,-1.2528052654897237e+28,-1.182859776642171e+28,-7.745277104093201e+27,-8.170950530241567e+27,-5.706385167169594e+27,-1.0668278877844151e+28,-6.830389082865611e+27,-1.0408006655898854e+28,-8.615457309306059e+27,-1.0219747776699577e+28,-1.0075081005598931e+28,-1.267870353104851e+28,-1.662021020185409e+28,-1.8454345365177257e+28,-1.152147299747029e+28,-8.050016627978161e+27,-7.033735057682988e+27,-8.456732426732617e+27,-1.0171847982227487e+28,-1.2287694129155827e+28
-3.815801978725378e+27,-4.9129727715108525e+27,-2.818238233797074e+27,-2.8946315572588477e+27,-1.9574579664351903e+27,-2.0266472449156607e+27,1.721215628348989e+27,1.5189857340520116e+27,1.778218683227589e+27,1.322402962576778e+27,1.1166555371288943e+27,-1.0067589909206554e+27,7.072146829307278e+26,4.049318833919573e+26,1.9830201791101897e+27,6.273347823336881e+26,-9.164720461321313e+26,-6.334837595000412e+26,8.498185248863745e+26,-8.312874071779618e+26,9.911414715218401e+26,3.7406275528536596e+25,3.458887868325244e+25,-2.0120897613889713e+27,-1.315220406879003e+27,-3.193594849942564e+26,-3.395090092260077e+27,-5.075358906479408e+27,-2.1983121813748975e+27,-1.832113485520334e+27,-2.0913082383423197e+27,-3.6778526558717007e+27,-2.5524633114467157e+27,-3.394619136908014e+27,-6.984887229915656e+27,-2.212979996564181e+26,-9.29883602476349e+26,3.2590770175342906e+27,2.9842911990263664e+27,-3.992705954977449e+27,-4.14404249852492e+27,-3.105709958350902e+27,-2.787681282889539e+27,-5.900428327737591e+26,2.817229110127095e+27,4.101618492669433e+27,5.492417640165642e+27,8.784011905923526e+27,7.763184378213458e+27,2.181916212910665e+27,3.264536652140486e+27,3.217209760943327e+27,5.875675694337597e+27,1.0773898825167155e+28,6.235356263050144e+27,1.2697207814772023e+27,4.870738813701669e+27,7.216261532727492e+27,2.016950505039475e+27,1.4118712291918882e+27,2.155728190304993e+26,6.16083023670513e+26,2.016202401722888e+26,4.33380850776002e+26,1.007388408674424e+26,-5.449817435850761e+25,-1.1447443074615758e+27,8.374736482910369e+27,8.72880801931168e+27,3.882208852711235e+27,-1.7982108111064837e+27,8.56025422675117e+27,-8.809147853759631e+26,-7.804154080202218e+27,1.993070886777192e+27,5.479737543456746e+27,4.6076302794382064e+27,1.4260232091811273e+28,-6.569999696194937e+27,-6.124393767070428e+27,-5.336388950243627e+27,4.503634318269675e+27,-2.4328729504292527e+27,6.302215437036025e+27,3.638375102388054e+27,1.4692002443212122e+28,5.725059465077986e+27,1.4035843157291687e+28,7.827610810984131e+27,2.4543826054785385e+28,-3.036938525314736e+27,-3.3274719762067134e+27,-2.7722404591165387e+27,-4.522405441424843e+27,-8.758286589650301e+27,-9.183879617256314e+27,-6.85675762563447e+27,-5.767862369099976e+27,-4.2088795613657656e+27,-3.931062611197933e+27,-3.0218461027669465e+27,-5.299635064786422e+27,-3.644125436272764e+27,-5.496516820337837e+27,-4.6819831957603016e+27,-5.58361141004011e+27,-5.452839458774924e+27,-6.975012375791954e+27,-9.186347794629016e+27,-1.007147617793437e+28,-6.198392290255329e+27,-4.4139094898961486e+27,-3.8355496352879684e+27,-4.5982158995338644e+27,-5.572750437512338e+27,-6.770677093542322e+27
-1.9470621169306208e+27,-2.3823107345069397e+27,-1.1654642455756843e+27,-1.6368869883729422e+27,-5.273033138144593e+26,-4.001185874483197e+26,4.239246923672028e+25,-4.683039474321202e+26,-8.633840315115949e+26,-9.633440555028656e+26,-1.2288302274946082e+27,8.073553386366423e+26,-2.476985731718823e+26,-7.7482665528763e+26,-8.117843317513568e+26,-8.296935722660892e+26,3.381898561153567e+26,8.76885645856704e+26,-7.741041234617713e+26,8.740227793550077e+26,8.211231951972128e+26,-5.42792796236358e+26,9.977723589304628e+26,-7.734174093395178e+26,-5.020847216651549e+26,1.0915748478939066e+26,-1.4136540832541234e+27,-1.552303926495e+27,9.889438317268796e+26,6.402370099590193e+26,2.5638437460818745e+26,-8.880852540037615e+26,-5.9995468677598165e+26,-1.2540044079420275e+27,-2.2847695663189077e+27,-2.0321852483010458e+27,1.911739762088968e+26,3.135464987972866e+27,-8.910328438249593e+26,-2.755330069911547e+27,-3.864628178464176e+27,-2.815882249961688e+27,-2.5482808838807014e+27,-3.459593793274393e+27,-3.3216292293429266e+27,-7.510107065277225e+26,-1.2837928915091073e+27,-8.959425038788047e+26,-2.0211257774776898e+27,-1.6881976749253755e+27,-4.700427187271841e+26,5.939185193759032e+26,8.140757376265587e+25,2.0107210460177705e+27,1.2697207814772023e+27,2.144427509706143e+27,2.4243843499022092e+27,2.3576244141728754e+27,3.255565760301758e+27,2.81456082757819e+27,2.892168017368811e+27,3.5771497090680663e+27,3.8065486704118324e+27,3.637691288840738e+27,2.3081933611385394e+27,4.319143767982667e+27,7.502992049049888e+27,3.3902270278597404e+27,2.712323402198864e+27,5.209184377265683e+27,6.443754240198676e+27,-1.3458151781699949e+27,-3.0239188663657417e+27,1.507145830669873e+27,-2.4698545047169587e+27,8.508696397457414e+26,4.753556244407986e+27,8.53975035545671e+25,-1.1620021872055098e+27,5.182173645174161e+27,-1.5248607556287918e+27,-2.666257694016051e+27,-2.3974366988349317e+27,-3.374424301542994e+27,-8.882721305838194e+26,-9.81711891730741e+26,5.7251169728604985e+26,-2.3787431739888837e+27,-3.1186679823402236e+27,1.0219439224760278e+28,-1.3333746586966605e+27,3.0238138413174184e+27,-1.5118974522267461e+27,6.56830462209736e+26,-3.4562982139428353e+27,-9.189934199292942e+26,-2.6209077792367906e+27,3.1968999535949465e+27,-1.9050629281189328e+27,2.871483016671945e+27,-1.5675238318497653e+27,-1.962419923953506e+26,-1.879453975421289e+27,-1.7550156367841184e+27,-2.4366609610729677e+27,-2.6310683156579133e+27,-2.326211552829754e+27,-2.761735501168166e+27,-3.6812254440291114e+27,-2.417515452607291e+27,-7.609025371726102e+25,-1.053088003170238e+27,-1.32908749473789e+27,-2.0205534055273737e+27,-2.5666186828885405e+27,-3.0434034370125836e+27
-4.148367200610172e+27,-5.195681083638392e+27,-2.883292269546762e+27,-3.355748135555393e+27,-1.8037617614886028e+27,-1.7435705243695448e+27,1.2824089286095675e+27,6.411931569879714e+26,5.696549345405128e+26,4.1489314298198355e+26,-3.7299908094185536e+26,-4.391968291589538e+26,7.597559566491048e+26,-4.173946901482839e+26,7.494281475505523e+26,-2.9911649756812472e+26,-2.6867858151310908e+26,2.6378529970382823e+26,-4.864492121977986e+24,-9.489739199502634e+24,1.7289882355664483e+27,-1.820184168810401e+26,5.30584910058785e+26,-1.929782527827876e+27,-1.0047073401968068e+27,7.03124005165499e+25,-3.1027980379818566e+27,-4.6020498307146275e+27,-8.440636243737776e+26,-8.659704531562385e+26,-1.405518705039305e+27,-3.226543119751417e+27,-2.1955416215576561e+27,-3.1117396071847934e+27,-6.424715821686632e+27,-1.940913894008506e+27,-1.2787009929318394e+27,5.114045222669364e+27,1.598258409497337e+27,-5.038255074596113e+27,-6.216969117150853e+27,-4.700253596050663e+27,-4.1672162742541244e+27,-4.1287702285376013e+27,-2.1627070036361404e+27,1.735280149427246e+27,2.0849421597475724e+27,4.404286531449765e+27,2.64105159185295e+27,-1.75608526850908e+26,1.5015106310411973e+27,2.4176992223535775e+27,3.529150996706452e+27,8.58887782043958e+27,4.870738813701669e+27,2.4243843499022092e+27,5.157037799989462e+27,6.724533731332083e+27,3.708338903184285e+27,3.0179000344968836e+27,2.3031794923338943e+27,3.0324415566215875e+27,2.96099251548224e+27,3.1065936364687363e+27,1.8792072073920642e+27,3.3876743857416716e+27,4.967459301800793e+27,8.296813206688274e+27,8.234636177666998e+27,6.314068893206595e+27,3.28036168214739e+27,3.3039802966411124e+27,-4.302851118226783e+27,-2.495562551224616e+27,-1.0485442449831903e+27,3.982862099612974e+27,6.613151204361012e+27,8.738660988926618e+27,-5.471503067594812e+27,-1.1448584481535082e+27,-4.782138089227433e+27,-7.954369898405538e+26,-3.4762408599509523e+27,4.6655482198636675e+26,2.158835808876093e+27,7.781114291690612e+27,4.561756831103843e+27,5.757442463387248e+27,3.259528261989675e+27,2.4108075041068344e+28,-2.9741018045655944e+27,3.8360057277052634e+26,-2.828368511468018e+27,-2.1122209617281479e+27,-8.12288225620193e+27,-5.421357939345463e+27,-6.344679599011847e+27,-5.0191786069019344e+26,-4.071402673216868e+27,1.0477849612992623e+26,-3.0550777193422704e+27,-3.143932910372333e+27,-3.6542246846301786e+27,-4.2873233546855027e+27,-4.5929598932636806e+27,-5.0274762396578e+27,-5.281522851262169e+27,-5.658533294854165e+27,-8.070811411162366e+27,-7.557187687133684e+27,-3.489705486693676e+27,-3.261984972777702e+27,-3.1735357203306555e+27,-4.1112506560670657e+27,-5.077269868420333e+27,-6.157429547903839e+27
-5.3695132175633e+27,-6.804314107973098e+27,-3.829441541033043e+27,-4.201972095078201e+27,-2.5330140139509795e+27,-2.579133418715851e+27,2.022370409107868e+27,1.4056301062048745e+27,1.6190579360964319e+27,1.431438431954717e+27,4.006299375425865e+26,-1.293515928926494e+27,1.3684653141806672e+27,-7.1836342108746964e+25,1.85059485320895e+27,1.4293156721096106e+26,-6.700319879386418e+26,-1.8759475116580208e+26,5.445867018020422e+26,-5.799860803690355e+26,2.204815587717988e+27,1.4799948145132832e+26,1.5049393243212018e+26,-2.5675361717109705e+27,-1.1583216866558893e+27,1.2520658533869355e+26,-3.989453652207723e+27,-6.537424698900321e+27,-2.1029570636097338e+27,-1.8924061214373907e+27,-2.5120671892200874e+27,-4.772574824843591e+27,-3.236231534293768e+27,-4.3200654837345406e+27,-9.095607802167953e+27,-1.5001409031455575e+27,-2.161281590516401e+27,6.061230501760919e+27,3.3387064215565523e+27,-6.208221154303447e+27,-7.232171482530337e+27,-5.538980753074025e+27,-4.7875337663919803e+27,-3.893415033840714e+27,-2.8686645853589407e+26,3.5697020193092994e+27,4.794962706999402e+27,8.55565134821704e+27,6.821139086172823e+27,1.1628218405833567e+27,2.8797708004804646e+27,3.5334393036592387e+27,5.966460890133377e+27,1.3104080748781176e+28,7.216261532727492e+27,2.3576244141728754e+27,6.724533731332083e+27,9.528475114796525e+27,3.616504170062038e+27,2.8526310334347566e+27,1.6469592678399046e+27,2.2847998476632482e+27,2.0213903047540256e+27,2.4754042553273666e+27,1.439023852993797e+27,2.4338727779521043e+27,2.258443508647923e+27,1.12801820369668e+28,1.1861135886804202e+28,6.442127753008453e+27,9.869377894704566e+25,7.696827117466517e+27,-4.4428040244653117e+27,-6.041638532980248e+27,3.728323010988916e+26,5.941081302846116e+27,7.32096989334203e+27,1.5332871294219337e+28,-8.257716578443292e+27,-6.182835429628659e+27,-6.870688378309544e+27,1.4477551643863164e+27,-3.806902777345688e+27,3.763989593442853e+27,4.248475154236162e+27,1.448131867190074e+28,7.12895311750846e+27,1.2260102601858801e+28,7.69732431007996e+27,3.24113430097473e+28,-3.9779052143619853e+27,-1.8048123435019052e+27,-3.575824730518208e+27,-4.1359378043443536e+27,-1.10293022965707e+28,-8.721418398576682e+27,-8.631876240605444e+27,-3.556068883057406e+27,-5.363244108811237e+27,-2.1008727475358143e+27,-3.989567283585396e+27,-5.334751701820835e+27,-4.7770017421309714e+27,-5.998298345012851e+27,-5.937059811828062e+27,-6.548418355726428e+27,-7.207746374474586e+27,-7.685441439590941e+27,-1.0842733227031056e+28,-1.0880181065330703e+28,-5.693243743493843e+27,-4.531955676941426e+27,-4.1943337863767916e+27,-5.339952717604259e+27,-6.607477701283771e+27,-8.091710321209999e+27
-3.1415206018128494e+27,-3.8863223094229636e+27,-1.8812930229559257e+27,-2.5392219666471373e+27,-8.901430941157875e+26,-7.329636625782712e+26,8.734732909110091e+25,-5.5737210671611995e+26,-1.1722162380164556e+27,-1.3824057535512965e+27,-1.5946319170004996e+27,1.2540004543954926e+27,-4.8491822779594534e+26,-1.0547674457255376e+27,-1.1905606444009865e+27,-1.1791558524530697e+27,5.3289208895944515e+26,1.3297027640245297e+27,-1.1815114497921061e+27,1.4087905084844475e+27,1.272514067083175e+27,-7.706264869964258e+26,1.557766389910209e+27,-1.139286714441625e+27,-6.015642640406655e+26,3.174559493164396e+26,-2.0588879454777306e+27,-2.447846527182927e+27,1.5378063096635324e+27,1.0097084165809485e+27,4.46819758191441e+26,-1.448612099010411e+27,-1.0886680310917772e+27,-2.1954018567285758e+27,-3.764818163523837e+27,-2.853205163445783e+27,4.362208437816867e+26,4.847276570597003e+27,-1.2705023242527005e+27,-4.338173178557035e+27,-6.017713941394926e+27,-4.3167015855311596e+27,-3.85966541375285e+27,-5.227852993495398e+27,-5.211759095674743e+27,-8.710044110058083e+26,-1.6688741362025655e+27,-1.1311865368750705e+27,-2.969642468932375e+27,-2.203894768841555e+27,-4.872631733287479e+26,9.704259330944326e+26,3.108314482857817e+26,3.1108752129577533e+27,2.016950505039475e+27,3.255565760301758e+27,3.708338903184285e+27,3.616504170062038e+27,5.076311115038866e+27,4.325597077533797e+27,4.6567076807057237e+27,5.758032810370995e+27,6.352616266704056e+27,5.922355978729896e+27,3.7645467941964595e+27,7.125037555201507e+27,1.2236665278317658e+28,5.213436939680592e+27,4.1414027479563983e+27,8.305683800235166e+27,1.0663293995132736e+28,-2.3930798495175708e+27,-4.896149109707303e+27,2.561815279428872e+27,-3.3571667418134765e+27,1.4606245516301005e+27,7.359206671114813e+27,1.6953070999022854e+26,-1.897380437315361e+27,8.380019545554014e+27,-2.604045722783574e+27,-4.198123095046197e+27,-3.650118726186802e+27,-4.6473981963050043e+27,-1.253256293363009e+27,-1.2808090219725294e+27,1.0779326341079936e+27,-3.411065969981645e+27,-4.7601597985576686e+27,1.5698192084093242e+28,-2.0455908941875353e+27,5.46733373638991e+27,-2.2693597794270238e+27,1.6854796587635082e+27,-5.433550290124469e+27,-1.214081799636769e+27,-4.0828528223363577e+27,5.469264849299744e+27,-2.922945940801178e+27,5.08475730363582e+27,-2.427364624749232e+27,3.4959073362540214e+26,-2.9278074319535425e+27,-2.3716878995571388e+27,-3.7811754337491965e+27,-3.9745724491162744e+27,-3.746682360333865e+27,-4.230123637972021e+27,-5.700052220379416e+27,-3.5847973114162926e+27,2.3409016947344435e+26,-1.3176528886085672e+27,-1.762094828009172e+27,-2.9193046919420853e+27,-3.861236366045505e+27,-4.668633847007487e+27
-2.991914289956069e+27,-3.621101499022589e+27,-1.874271303006617e+27,-2.5696129330180244e+27,-9.373144817593842e+26,-7.236201104850266e+26,1.5596534398981735e+26,-6.325180660985629e+26,-1.2568848709975578e+27,-1.2250738310358601e+27,-1.8048542838073354e+27,9.892373069922851e+26,-1.899603852326388e+26,-1.1898192450585943e+27,-1.3175221822584658e+27,-1.3258070630778414e+27,7.97677990195442e+26,1.443615895955904e+27,-1.261215192823392e+27,1.4271743647467803e+27,1.6193401623769307e+27,-3.4140925958864405e+26,1.2161299001656411e+27,-9.015142215195851e+26,1.0913049084430268e+26,8.447499441560875e+26,-1.275294487970169e+27,-2.0100500735058376e+27,1.6392913327569018e+27,1.0295590188142542e+27,3.74844252518713e+26,-1.266134893439111e+27,-9.57491733353003e+26,-1.8303623468883245e+27,-3.1764314359874373e+27,-3.08331500266153e+27,-1.1518105006884188e+26,5.021641024777839e+27,-1.2000970568603116e+27,-4.158072489318944e+27,-5.862502449247314e+27,-4.260149621101949e+27,-3.903256028928043e+27,-5.226722396107066e+27,-5.268857773768339e+27,-1.182302952093036e+27,-1.9816126793619822e+27,-1.677113584767633e+27,-3.2453085367359297e+27,-2.4675843855960098e+27,-7.681077179617846e+26,6.411524377818095e+26,-1.5035849971112873e+26,2.2267397091325862e+27,1.4118712291918882e+27,2.81456082757819e+27,3.0179000344968836e+27,2.8526310334347566e+27,4.325597077533797e+27,3.928483304881005e+27,4.444444185096458e+27,5.267759497966011e+27,6.035853281663506e+27,5.901135736765603e+27,3.867498335917979e+27,7.248427228253392e+27,1.1632055831649508e+28,4.2897304689668606e+27,3.348055350445711e+27,7.014955213056884e+27,9.479862955306471e+27,-2.916254715072097e+27,-4.967240247170089e+27,3.884519189067112e+27,-3.743108823280396e+27,8.968552585381787e+26,6.630715672663355e+27,-8.525923962110359e+26,-1.51860671431887e+27,7.569703149154246e+27,-2.269314173424408e+27,-5.0819446198512e+27,-3.6009252905069456e+27,-5.443467131017867e+27,-1.1062401676048781e+27,-2.5452545740936795e+27,9.904449601865525e+26,-4.902585155585511e+27,-5.130369909657135e+27,1.3228279321564664e+28,-1.6976483424114987e+27,5.897449963369162e+27,-1.810306628520703e+27,2.56784189873657e+27,-4.1363469739432156e+27,8.92287376566494e+26,-3.1130618779337364e+27,6.631998741451371e+27,-2.2806464837507376e+27,5.893094302777451e+27,-2.0052622426895096e+27,1.417788706013018e+27,-2.3724455622328143e+27,-1.0960129084663315e+27,-2.915025679403585e+27,-2.6989687187664174e+27,-3.100370356773461e+27,-2.6192272927770464e+27,-3.8478863733147423e+27,-1.3924495746894724e+27,1.838356377768038e+27,-1.1783766278800642e+26,-7.507183528207833e+26,-1.8396860456777666e+27,-2.632167100094279e+27,-3.256045988795228e+27
-3.495036658363425e+27,-4.1762959912024813e+27,-2.1959739356475102e+27,-3.0024189004071934e+27,-1.1293229496066563e+27,-8.622701699514502e+26,2.482526049569314e+25,-8.404584892583544e+26,-1.7432512164398582e+27,-1.4562761164261592e+27,-2.2015733525701345e+27,1.2124096181023141e+27,-2.5421810304479312e+26,-1.5083513025189445e+27,-2.1531112221758126e+27,-1.832591799097523e+27,1.5518467046453194e+27,2.1261095634622198e+27,-1.9186452113571931e+27,2.2457755540135515e+27,2.3490610656828015e+27,2.2682049841042357e+26,1.2363104205281442e+27,-3.3402409520709247e+26,1.733253750060533e+27,2.1804973620523348e+27,2.795855436727837e+26,-1.313846153656743e+27,2.7892403914716605e+27,1.8221742797138277e+27,9.617079687279213e+26,-9.822863668008897e+26,-1.0579827133122866e+27,-2.0492810248309576e+27,-2.8512116567514465e+27,-3.734987883039628e+27,-3.12010292261702e+26,6.30474624753753e+27,-1.8407261777302587e+27,-4.9005106197114204e+27,-7.127257032752811e+27,-5.088570599842684e+27,-4.650269155220545e+27,-6.739684459865143e+27,-7.81781668961113e+27,-2.057856336736267e+27,-3.288696049921859e+27,-3.838246197245248e+27,-5.616287658422645e+27,-3.127376941911778e+27,-1.4336466063744818e+27,5.811467616350189e+24,-1.3665075452843466e+27,9.766250651378163e+25,2.155728190304993e+26,2.892168017368811e+27,2.3031794923338943e+27,1.6469592678399046e+27,4.6567076807057237e+27,4.444444185096458e+27,6.069500917251904e+27,6.878626951352543e+27,8.786334617472305e+27,8.524986440000579e+27,5.718777766849116e+27,1.1013809677766577e+28,1.6722390965448272e+28,3.1137909143830713e+27,1.9553029142481858e+27,7.817818816621724e+27,1.3304241322828328e+28,-6.614258148745526e+27,-7.145520960616589e+27,8.762533262199755e+27,-4.832781969438144e+27,-1.4178863557588946e+26,7.184013891851327e+27,-4.729773726805231e+27,-5.758995810083469e+26,1.1266690196930096e+28,-2.2760785534921227e+27,-8.876801564525314e+27,-4.22428965224583e+27,-8.16168638785718e+27,-1.7166879868591484e+27,-7.004392362273458e+27,6.187730007064715e+26,-1.0320433591737645e+28,-8.753924174346347e+27,1.0097277532695027e+28,-1.2180800042766178e+27,1.0983770610265866e+28,-1.1296240054892154e+27,6.997269150288334e+27,-2.552566548650708e+27,5.988344097141336e+27,-1.7582144479485303e+27,1.2742702143939803e+28,-1.3944725404191553e+27,1.125923307588904e+28,-1.6235707278755892e+27,5.729829809072177e+27,-1.894035213995352e+27,1.9225085752503896e+27,-2.033559791449295e+27,-8.15710218353954e+26,-2.778178772478508e+27,-2.4793855752871764e+26,-1.2196765104357194e+27,3.109141679335351e+27,6.536061124684888e+27,2.9859201794383984e+27,1.755838193706635e+27,2.613540856069064e+26,-7.130976048676981e+26,-1.295250580067728e+27
-3.972563450313876e+27,-4.778186311192349e+27,-2.4384148224422647e+27,-3.340037849794425e+27,-1.2071152673020993e+27,-9.232203213417281e+26,-5.113305542120783e+25,-9.534662000989023e+26,-1.9803877368697403e+27,-1.8340206109671913e+27,-2.4074543926063507e+27,1.5999712436750534e+27,-5.2945230635598254e+26,-1.6335471247604875e+27,-2.3826115936691243e+27,-1.977266596042955e+27,1.52126996831481e+27,2.3025258782658193e+27,-2.1106594571237163e+27,2.485221619500617e+27,2.301981823778157e+27,-1.3703396177287268e+26,1.659227530974971e+27,-5.426265138283198e+26,1.2921091377441438e+27,1.9366977717070774e+27,-3.109321755618358e+26,-1.6657326564065682e+27,3.09566589715076e+27,2.075570656837849e+27,1.1908735055144213e+27,-1.1069390373097798e+27,-1.2005774056334265e+27,-2.4553210057558277e+27,-3.4183845272783624e+27,-4.10757322425012e+27,1.072234181621082e+26,6.820714081961473e+27,-2.232391657151951e+27,-5.580121113313557e+27,-8.055779976850444e+27,-5.739903879861663e+27,-5.203173585455372e+27,-7.579217394410554e+27,-8.751676203283586e+27,-2.1659078499569998e+27,-3.587124626162871e+27,-4.0734828469805945e+27,-6.262169820874195e+27,-3.438315543587832e+27,-1.4659602432169978e+27,2.2769122396628062e+26,-1.279281495670091e+27,5.818610165035519e+26,6.16083023670513e+26,3.5771497090680663e+27,3.0324415566215875e+27,2.2847998476632482e+27,5.758032810370995e+27,5.267759497966011e+27,6.878626951352543e+27,8.000462910061237e+27,9.924051225166681e+27,9.412323801327987e+27,6.217723099980366e+27,1.203950907432373e+28,1.9070771139501426e+28,4.049935098117722e+27,2.5968840857079457e+27,9.63702054929616e+27,1.5759472930372256e+28,-7.148083741723591e+27,-7.850224235149777e+27,8.906450590260444e+27,-5.275793559886861e+27,1.9976458965884092e+26,8.53542177144076e+27,-4.8020779540101975e+27,-7.533825400814505e+26,1.3375624121005627e+28,-2.637879796099183e+27,-9.330173374093262e+27,-4.7906451704053057e+27,-8.744401417981897e+27,-2.1640391176035302e+27,-7.171537208576911e+27,5.979103415731827e+26,-1.0694334278487156e+28,-9.695711537931183e+27,1.28527556941076e+28,-1.5508577334283062e+27,1.1792848487064144e+28,-1.5708978451816474e+27,7.041179340697104e+27,-3.6541803455810363e+27,5.170412754263213e+27,-2.5688000131238834e+27,1.3303759521943982e+28,-1.9709103923491388e+27,1.1826353459275233e+28,-2.042775514621094e+27,5.533304914057272e+27,-2.43005612729599e+27,1.185868387135582e+27,-2.820835943978022e+27,-1.8077059323443527e+27,-3.412255132636879e+27,-1.38781907503529e+27,-2.6306937609744414e+27,1.879674640690259e+27,6.004294311142972e+27,2.338554007223084e+27,1.1225026575666557e+27,-5.280823623807723e+26,-1.674682603676946e+27,-2.42283533834536e+27
-5.840126147726087e+27,-6.892851362113179e+27,-3.83844310704274e+27,-5.009544282073873e+27,-2.163010100805082e+27,-1.729258731126272e+27,2.7980438882819623e+26,-9.436775221101618e+26,-2.3800271944169005e+27,-1.8012383811593612e+27,-2.950616325059015e+27,1.5006823799456056e+27,-2.2618694967222543e+26,-2.1334095732577677e+27,-3.2765656039789834e+27,-2.674776938499094e+27,2.3570780139093228e+27,3.1498343556574637e+27,-2.9280960053077186e+27,3.3689837570473105e+27,3.571217140634395e+27,7.936325602966035e+26,1.440038141137073e+27,6.422469383158095e+25,3.4863316373690596e+27,3.737864191020363e+27,1.6221644888002511e+27,-1.3400970636987374e+27,4.362247781896189e+27,2.9068503601780977e+27,1.6608851485099117e+27,-1.246778729354856e+27,-1.9470152925620472e+27,-3.447715156659961e+27,-4.0963032394382406e+27,-5.486482940475523e+27,-7.606522002382126e+26,9.368225565786261e+27,-2.481712090478216e+27,-7.915059550439534e+27,-1.1298417910163048e+28,-8.144039786089435e+27,-7.436382310275304e+27,-1.0618309855121624e+28,-1.257870466970625e+28,-2.651845937071364e+27,-4.4737690296799036e+27,-5.553372040588846e+27,-8.407301778203654e+27,-4.1946896853682926e+27,-1.7926064225207244e+27,8.084563987822223e+24,-1.8309113998018883e+27,-3.22318938637376e+26,2.016202401722888e+26,3.8065486704118324e+27,2.96099251548224e+27,2.0213903047540256e+27,6.352616266704056e+27,6.035853281663506e+27,8.786334617472305e+27,9.924051225166681e+27,1.332995741826215e+28,1.2800197793829345e+28,8.493091203349092e+27,1.705207381436617e+28,2.5949806780613366e+28,3.9812212270423527e+27,2.3207408248522958e+27,1.110714901025948e+28,2.043318558808498e+28,-1.1437951827442463e+28,-1.177108430285088e+28,1.5565759474967354e+28,-6.877551240497241e+27,-1.7262468046139286e+26,9.97378985275251e+27,-7.872119302205955e+27,-5.5048474623146785e+26,1.7091348923499993e+28,-3.754788440178655e+27,-1.4987642776093146e+28,-6.510981932175581e+27,-1.2013698032770999e+28,-2.1135724625145665e+27,-1.1196253991170206e+28,1.440702077525883e+27,-1.6633573525193725e+28,-1.3367624969452682e+28,1.2999151683971894e+28,-1.0828867066218586e+27,1.8420389077648435e+28,-6.668018270217557e+26,1.2856648807172222e+28,-2.35403455151864e+27,1.2020116154976433e+28,-1.3806408322444976e+27,2.163208363264782e+28,-1.023524728770612e+27,1.8996408792638489e+28,-1.6030827031421735e+27,1.1297280923269338e+28,-1.9025922873516087e+27,5.310143086180985e+27,-1.7660210474431763e+27,7.158892941663116e+26,-3.539610561703053e+27,1.753932504888708e+27,4.3353283085599746e+26,7.483303147373504e+27,1.2136283859741975e+28,6.419523304392754e+27,4.4714741905249015e+27,2.29585445206224e+27,8.197672752216435e+26,-1.6183569037959556e+25
-6.459448551293994e+27,-7.533415971443634e+27,-4.428303062590977e+27,-5.7403052596614e+27,-2.620039733850437e+27,-2.0926488853614715e+27,6.582894083154032e+26,-9.105644591996084e+26,-2.3636427957846648e+27,-1.4392903850794245e+27,-3.3238704037791345e+27,9.7872843841894e+26,4.0029091830909445e+26,-2.4066973504636506e+27,-3.285818574020788e+27,-2.922932972476043e+27,2.544920336004561e+27,3.2976873719688135e+27,-3.012848071107521e+27,3.292711520100455e+27,4.206670085742402e+27,1.2720027643946745e+27,9.846092181324516e+26,1.15982404629762e+26,4.1136018484113334e+27,4.2271875015325174e+27,2.1417782639861742e+27,-1.494222568702814e+27,4.2929246976650953e+27,2.7531242866266315e+27,1.2982843005852432e+27,-1.5401874353680315e+27,-2.205921531936951e+27,-3.5217687601635614e+27,-4.41303804084343e+27,-6.190309528985083e+27,-1.8368446652363334e+27,1.0341079147926358e+28,-2.0114961191430676e+27,-8.654983555658274e+27,-1.2268494802381308e+28,-9.009829813164552e+27,-8.335146780203346e+27,-1.143202933603777e+28,-1.2886244253836036e+28,-2.719730139853952e+27,-4.412225417539209e+27,-5.244118165106936e+27,-8.020029126445502e+27,-4.595330547065599e+27,-1.8815637225538126e+27,5.516307501099919e+25,-1.689431429977016e+27,4.00667699216229e+26,4.33380850776002e+26,3.637691288840738e+27,3.1065936364687363e+27,2.4754042553273666e+27,5.922355978729896e+27,5.901135736765603e+27,8.524986440000579e+27,9.412323801327987e+27,1.2800197793829345e+28,1.280957801299044e+28,8.551049068964045e+27,1.719641413275053e+28,2.525906036021649e+28,4.414416176354414e+27,3.0493609351549205e+27,1.0298348739557483e+28,1.8644381913731731e+28,-1.1017247945588934e+28,-1.2494750370721167e+28,1.6521679290854285e+28,-7.611629550852365e+27,-1.4382188022450339e+26,1.0006756363111003e+28,-7.15943154615007e+27,-1.0299724826163598e+27,1.5198280581470913e+28,-4.1931616184619073e+27,-1.6093834441638191e+28,-7.100900987102529e+27,-1.2937218217849736e+28,-1.4032115096878403e+27,-1.10804077711794e+28,2.2504450317943738e+27,-1.723454906681658e+28,-1.3009089214676387e+28,1.4267317716370764e+28,-1.0209498476036468e+27,1.8230551616629456e+28,-4.129844611886153e+26,1.3039859642036169e+28,-1.9549181513383947e+27,1.3640308041425533e+28,-1.1065433397667394e+27,2.2512906604436173e+28,-7.592681015636768e+26,1.943358737214048e+28,-1.4322656548287178e+27,1.1586645606240222e+28,-1.6600637582548717e+27,6.062013543044542e+27,-1.2833297583322623e+27,1.5742624441639082e+27,-3.4979912945957843e+27,2.8690105599870034e+27,1.5354130645398652e+27,8.941834792717683e+27,1.3345490062688998e+28,7.275845133635504e+27,5.158306770965547e+27,3.009889726854149e+27,1.6185113224992433e+27,8.572643962838254e+26
-3.904042834295221e+27,-4.599483833381259e+27,-2.6457476623369067e+27,-3.463735439660213e+27,-1.5426490280584678e+27,-1.2360682834709089e+27,3.8732673064436996e+26,-5.996041059315587e+26,-1.4766816934501914e+27,-8.876949670244268e+26,-2.125336406172954e+27,6.03059441319327e+26,2.9804373371551716e+26,-1.532609708471648e+27,-2.027935114906143e+27,-1.8708833760806416e+27,1.7723214081031878e+27,2.1459424216291355e+27,-1.894718423811848e+27,2.1450478028487994e+27,2.9342437944883184e+27,9.371779520037685e+26,6.440869003151568e+26,-6.725729543072348e+25,2.793702462669259e+27,2.965911815021195e+27,1.2969506919554276e+27,-1.1821614619040978e+27,2.65438571093611e+27,1.6407842033772463e+27,6.625351675476797e+26,-1.154566800921549e+27,-1.3375059219056337e+27,-2.140291106140462e+27,-2.9315365305178487e+27,-3.880810013743613e+27,-1.275097965630245e+27,6.865393446565672e+27,-1.2131114583647803e+27,-5.276993267980148e+27,-7.577728276360645e+27,-5.497310655093336e+27,-5.089503788572952e+27,-7.05786773468365e+27,-8.096276577484969e+27,-1.85644113251267e+27,-2.9514162580195473e+27,-3.5387995670446857e+27,-5.232057723697066e+27,-2.959133429018821e+27,-1.3014526730122796e+27,-6.775927387993764e+25,-1.2559526043500703e+27,7.829994893354759e+25,1.007388408674424e+26,2.3081933611385394e+27,1.8792072073920642e+27,1.439023852993797e+27,3.7645467941964595e+27,3.867498335917979e+27,5.718777766849116e+27,6.217723099980366e+27,8.493091203349092e+27,8.551049068964045e+27,5.819784109567892e+27,1.135142998414347e+28,1.6143697029209118e+28,2.7348463907894484e+27,1.8711432359034341e+27,6.510738500072065e+27,1.1821181721588499e+28,-7.030921234477665e+27,-7.906006609816543e+27,1.0413655542059124e+28,-4.845734405996272e+27,-2.397523973871816e+26,6.485688084145193e+27,-4.7202326586749733e+27,-8.341804522903239e+26,9.485038334110593e+27,-2.636384086062413e+27,-1.0169490987116737e+28,-4.3924609624282153e+27,-8.328143502239376e+27,-8.540386497694899e+26,-7.228478079326911e+27,1.4125310807953153e+27,-1.1075238312622485e+28,-8.183753084438998e+27,9.02561992610653e+27,-8.898466091368294e+26,1.184248777341248e+28,-5.138257988742269e+26,8.404459529467861e+27,-1.485953673059861e+27,8.600576805755349e+27,-9.403764082868651e+26,1.440117630332914e+28,-7.195420258117168e+26,1.2569037974567618e+28,-1.1749231879149358e+27,7.384425369966247e+27,-1.3214536154749388e+27,3.7265832545602193e+27,-1.0692339018025222e+27,8.00414182319055e+26,-2.4429662472224408e+27,1.6985938277203853e+27,7.895149312327003e+26,5.626113481472826e+27,8.622491773411671e+27,4.666635611303144e+27,3.235510950826248e+27,1.7499879361148682e+27,8.317505826043169e+26,3.419764548928727e+26
-9.5562613440757e+27,-1.0898136093139488e+28,-6.788597101431501e+27,-8.681844028309786e+27,-4.200090681991707e+27,-3.3255401030467154e+27,1.1548046391574523e+27,-1.1763658125182398e+27,-3.3715632844363494e+27,-1.6720797187548997e+27,-4.7177033656907e+27,9.21026786855276e+26,9.36970431126321e+26,-3.470358108440032e+27,-4.966256255892494e+27,-4.232455627616881e+27,3.6231156017085125e+27,4.663427373357067e+27,-4.419527326153031e+27,4.5512908346368483e+27,5.845736881570431e+27,2.256231694164665e+27,7.150438895560506e+26,1.084523136155329e+27,6.739625695445557e+27,6.242348923091105e+27,4.7929228370472013e+27,-6.132325219413626e+26,6.453586836090168e+27,4.257706070989977e+27,2.2484013356056468e+27,-1.3526804953534334e+27,-3.223758256412469e+27,-4.844297584601189e+27,-4.956890715780323e+27,-8.998840435035657e+27,-3.228666365883704e+27,1.407932560233261e+28,-2.7733269142328316e+27,-1.2653818058204775e+28,-1.782114943499897e+28,-1.3329437899730361e+28,-1.2400776320558837e+28,-1.699484920698761e+28,-1.933923943973906e+28,-3.8948971082893314e+27,-6.329853717545537e+27,-7.959183411087558e+27,-1.1863018783862036e+28,-6.503525574801397e+27,-2.7121777571342175e+27,-2.3023180872063077e+26,-2.70943888642942e+27,-7.521527081253735e+26,-5.449817435850761e+25,4.319143767982667e+27,3.3876743857416716e+27,2.4338727779521043e+27,7.125037555201507e+27,7.248427228253392e+27,1.1013809677766577e+28,1.203950907432373e+28,1.705207381436617e+28,1.719641413275053e+28,1.135142998414347e+28,2.380825750313244e+28,3.530168113016749e+28,4.693176194286602e+27,2.9679914727584967e+27,1.271673930214581e+28,2.538570353600734e+28,-1.7549289810068732e+28,-1.8587154911014857e+28,2.680112843737186e+28,-1.1022929114286423e+28,-7.539590075306073e+26,1.243354338017348e+28,-1.20356049058502e+28,-2.9251823284002154e+26,2.1104201967835784e+28,-5.614113829288193e+27,-2.5185858584388215e+28,-1.018341208787916e+28,-1.9154009912036054e+28,-1.6795828160276557e+27,-1.7810900523971097e+28,3.255151123431538e+27,-2.7171759820251777e+28,-1.9205404909133785e+28,1.5354571878006427e+28,-2.161018563608656e+25,2.6838096153315252e+28,1.1224158552697274e+27,2.0553578509941637e+28,3.458536032651306e+26,2.3862320921877404e+28,9.601931669122009e+26,3.4517040716873486e+28,8.8746141101844e+26,2.917038080158807e+28,-3.9921687082586526e+26,1.9142714194532607e+28,-4.841761334856719e+26,1.179184310577265e+28,6.023495004763472e+26,5.383005319040773e+27,-3.181927102996535e+27,7.639804891553869e+27,6.265943608173135e+27,1.7145214320959794e+28,2.183198618809181e+28,1.27203694775154e+28,9.610664117248104e+27,7.005058264572326e+27,5.339476610678501e+27,4.5646432900473137e+27
-1.472038564224991e+28,-1.6320035519355794e+28,-1.0415490978791498e+28,-1.3644309867762378e+28,-6.296226280393624e+27,-4.651854102101627e+27,1.0398490315262042e+27,-2.6747270102147813e+27,-6.629412200475977e+27,-4.1896876124289185e+27,-8.251914409510429e+27,2.738317282479223e+27,3.841642043786253e+26,-5.765819656575487e+27,-9.106865441576843e+27,-6.925274827038554e+27,5.002276285190822e+27,7.334910692766725e+27,-7.426433309647419e+27,7.197329782939754e+27,7.130111204636881e+27,1.783987137783404e+27,1.9732374938099345e+27,2.303005940642156e+27,8.252045672755127e+27,7.396401467672348e+27,6.989212245113855e+27,1.7750434433149188e+27,1.1494813546791453e+28,8.164072908685528e+27,5.505391783094553e+27,5.008494630635333e+26,-4.139448296400781e+27,-6.774427513719493e+27,-4.449494450923086e+27,-1.4891759385934983e+28,-3.124298073157012e+27,1.949841452925162e+28,-6.776661154670872e+27,-1.9930903116616758e+28,-2.8217199164275683e+28,-2.1526905240613657e+28,-2.0033520282771665e+28,-2.8849825083157083e+28,-3.3872170921366424e+28,-7.457523018157745e+27,-1.2333783825099593e+28,-1.6004174341083583e+28,-2.306590317849577e+28,-1.164634664957927e+28,-5.145454326561527e+27,-6.74992946664467e+26,-5.736627111649862e+27,-4.3980681562406403e+27,-1.1447443074615758e+27,7.502992049049888e+27,4.967459301800793e+27,2.258443508647923e+27,1.2236665278317658e+28,1.1632055831649508e+28,1.6722390965448272e+28,1.9070771139501426e+28,2.5949806780613366e+28,2.525906036021649e+28,1.6143697029209118e+28,3.530168113016749e+28,5.792815903124149e+28,5.684264437367072e+27,1.898955799003481e+27,2.143507657897059e+28,4.4641654302566775e+28,-3.269585636613439e+28,-2.964094574729859e+28,4.5166605631157215e+28,-1.8886015430616906e+28,-1.972663465030199e+27,1.9179687302767984e+28,-2.4767118835715577e+28,3.064392872911484e+27,4.007558993727457e+28,-6.630098257863868e+27,-4.19658969177135e+28,-1.6273780496585437e+28,-3.293579194393818e+28,-5.391473715399953e+27,-3.361242394460328e+28,2.261092461504231e+27,-4.8171305365677645e+28,-3.4350741676773985e+28,1.8849239619414913e+28,1.677250837993735e+27,4.155537989830894e+28,2.8129658057425277e+27,3.1617748055800375e+28,3.272357116870448e+27,3.8404785158442e+28,3.753775288241058e+27,5.465554263218127e+28,2.8817440105152203e+27,4.484392077162711e+28,1.24083952002293e+27,3.0103411611049e+28,1.2224684724024812e+27,1.881033538296763e+28,2.6381749853612226e+27,9.313498672895288e+27,-2.0882234547835292e+27,1.3065325817263099e+28,1.1294007269319495e+28,2.7299537190416744e+28,3.2659081173019454e+28,1.841733967777915e+28,1.3978146533925888e+28,1.1018521976865467e+28,9.069872453257679e+27,8.298521302130572e+27
-6.798902652553589e+27,-8.560936453708568e+27,-4.822164544558383e+27,-5.465625850169771e+27,-3.1231659085287094e+27,-3.080321714750822e+27,2.4066551094045806e+27,1.436374797934978e+27,1.5138010271676992e+27,1.324379678358352e+27,-9.731781797273564e+25,-1.291171721685917e+27,1.6083745266193205e+27,-4.204801858564397e+26,1.809914027642767e+27,-1.90456761597747e+26,-5.0575908669379155e+26,1.3862124562276728e+26,3.4355969356231605e+26,-3.701322266217172e+26,3.095965639801413e+27,1.1851744894834136e+26,4.534077948207108e+26,-3.259670296572824e+27,-1.3099556260728624e+27,4.1969179726523186e+26,-4.960601400068518e+27,-7.982460953306566e+27,-2.0645617051490965e+27,-1.9792915782190873e+27,-2.8646351539598614e+27,-5.750608742221911e+27,-3.8393933887717614e+27,-5.211782685839867e+27,-1.1044517722906516e+28,-2.6379906892353e+27,-2.6510727004919466e+27,8.346824254401292e+27,3.524451138956783e+27,-8.046265217113908e+27,-9.701824300773743e+27,-7.353617802269218e+27,-6.500834533568342e+27,-5.792400105691498e+27,-2.071909581879129e+27,3.6298520125909286e+27,4.6315076992891346e+27,8.782709154713549e+27,6.240313330633229e+27,5.3689366084147866e+26,3.0252778950724593e+27,4.158237696466232e+27,6.529403052523363e+27,1.502617587237097e+28,8.374736482910369e+27,3.3902270278597404e+27,8.296813206688274e+27,1.12801820369668e+28,5.213436939680592e+27,4.2897304689668606e+27,3.1137909143830713e+27,4.049935098117722e+27,3.9812212270423527e+27,4.414416176354414e+27,2.7348463907894484e+27,4.693176194286602e+27,5.684264437367072e+27,1.3754865308730469e+28,1.4019302727251763e+28,9.053035533306886e+27,2.7522476616596957e+27,7.136307493022477e+27,-6.517998648399161e+27,-5.335368571569308e+27,-7.342189191906717e+26,6.93772791913477e+27,1.0066291990687183e+28,1.6435738427482759e+28,-9.808932683465865e+27,-5.022760048961905e+27,-8.27828631507897e+27,-1.6062592775486794e+26,-5.313047685281343e+27,2.533628566811307e+27,4.5920651923254137e+27,1.510984466138763e+28,8.358467004370589e+27,1.1969498793219646e+28,7.598966615336475e+27,4.000027128837729e+28,-5.017362574645636e+27,-3.3340229403394094e+26,-4.61182771193121e+27,-3.8770575880058604e+27,-1.3528812153142914e+28,-9.350627230678877e+27,-1.0621241437315737e+28,-2.1087653317711993e+27,-6.734225812869517e+27,-7.413618366703773e+26,-5.068230949577089e+27,-5.453685762618447e+27,-6.028187691687072e+27,-6.951633762238879e+27,-7.447840023858697e+27,-8.023791810026389e+27,-8.889255076969559e+27,-9.095779294663348e+27,-1.314410291748641e+28,-1.257228885414237e+28,-5.971158288207285e+27,-5.225877219773402e+27,-5.025885106262535e+27,-6.55467972916009e+27,-8.138009435442425e+27,-9.934507040419901e+27
-6.502912342611798e+27,-8.262967238111713e+27,-4.643210188681372e+27,-5.088394775710512e+27,-3.0880330508270603e+27,-3.182144902905877e+27,2.562144946685177e+27,1.754865110296418e+27,2.1532325983215976e+27,2.0893126348187555e+27,4.839396616778611e+26,-1.9833800510317168e+27,2.089711530300042e+27,-8.463565088035297e+25,2.4775363938120797e+27,1.9480923904294575e+26,-7.268314744230363e+26,-2.7071697439203653e+26,7.783220528696398e+26,-8.382812239810013e+26,3.144449553696823e+27,4.405140633384625e+26,-4.208307458241662e+25,-3.243656555025174e+27,-1.1291520660533388e+27,4.488324399356431e+26,-4.783538293258007e+27,-8.324544450027706e+27,-2.8821707911469605e+27,-2.6025874302571684e+27,-3.4371886277541845e+27,-6.159583058769943e+27,-3.997298391997697e+27,-5.200736890244737e+27,-1.1425338950829506e+28,-1.785929526897706e+27,-3.34758590634396e+27,7.875151998631014e+27,4.5307252891067597e+27,-7.57872678211366e+27,-8.875058517119867e+27,-6.850858629032585e+27,-5.827004508315965e+27,-4.967887719973915e+27,-4.8245712880475486e+26,4.2423312571411297e+27,5.844458221770926e+27,1.0515790876322274e+28,8.576238742018914e+27,1.4051659609313623e+27,3.390372983173912e+27,4.1946437812048367e+27,7.162242421619219e+27,1.635113016494076e+28,8.72880801931168e+27,2.712323402198864e+27,8.234636177666998e+27,1.1861135886804202e+28,4.1414027479563983e+27,3.348055350445711e+27,1.9553029142481858e+27,2.5968840857079457e+27,2.3207408248522958e+27,3.0493609351549205e+27,1.8711432359034341e+27,2.9679914727584967e+27,1.898955799003481e+27,1.4019302727251763e+28,1.5069037060588385e+28,7.365815539160576e+27,-1.1907891389378089e+27,9.657472152792766e+27,-6.004833944990391e+27,-7.238429944932996e+27,4.224578752148483e+26,7.076639550579492e+27,8.771774881867276e+27,1.919439473169289e+28,-1.059562096670746e+28,-9.464146271689655e+27,-8.549378173913568e+27,1.3459355163302278e+27,-4.429739911302281e+27,4.3784208679262705e+27,5.737816567032521e+27,1.7848869546394532e+28,9.102093169488109e+27,1.4904820664661622e+28,1.037935396361394e+28,4.003984072760227e+28,-5.039893925884177e+27,-2.4000516082374677e+27,-4.4413318391178633e+27,-5.116809863430841e+27,-1.36226627874172e+28,-1.032011947474485e+28,-1.0715879653946817e+28,-4.415685789109034e+27,-6.658465599223288e+27,-2.605156529628724e+27,-5.019060470138713e+27,-6.591881184232454e+27,-5.967549463669129e+27,-7.185050349426402e+27,-7.266711946513994e+27,-7.809782579040431e+27,-9.044789744137789e+27,-9.006935642710636e+27,-1.3037226039132415e+28,-1.3041436153486187e+28,-6.714289718120707e+27,-5.309761803493029e+27,-4.963835212777937e+27,-6.394604994484894e+27,-7.926274902441431e+27,-9.724601368408375e+27
-6.099022257554005e+27,-7.514888228979281e+27,-3.8090428119497023e+27,-4.853657049865017e+27,-2.0095022441842008e+27,-1.7664552854758896e+27,4.398733981662964e+26,-5.334458697350216e+26,-1.5964507886114172e+27,-1.899836033810182e+27,-2.2121015278785992e+27,1.8317634665273933e+27,-7.065047204501782e+26,-1.60159370867793e+27,-1.859694554112994e+27,-1.8626607894784627e+27,9.078776161355003e+26,2.196703232055357e+27,-1.9768171972184604e+27,2.3807060599516138e+27,2.3353155798237e+27,-9.084384241420871e+26,2.3591631274572893e+27,-1.7012825363095515e+27,-3.6105299908226074e+26,9.966434206578022e+26,-2.8635414193349165e+27,-4.1904318206765593e+27,2.5614886591082745e+27,1.6831796513239607e+27,7.327899370102534e+26,-2.67027597764497e+27,-2.398888343424125e+27,-4.4020871557682814e+27,-6.982894590697658e+27,-4.5914771745644444e+27,5.1020112752105154e+26,8.492521379643346e+27,-1.6441756942605754e+27,-8.093428376175898e+27,-1.094705640087594e+28,-7.894406837798748e+27,-7.002139728334098e+27,-9.200361596170846e+27,-9.077584780059451e+27,-7.042324835744572e+26,-1.8302926203282018e+27,-7.890710466345497e+26,-4.055225095129187e+27,-2.994880262981413e+27,-2.253641834483725e+26,1.9011891188581636e+27,1.271320572512491e+27,5.94283802351599e+27,3.882208852711235e+27,5.209184377265683e+27,6.314068893206595e+27,6.442127753008453e+27,8.305683800235166e+27,7.014955213056884e+27,7.817818816621724e+27,9.63702054929616e+27,1.110714901025948e+28,1.0298348739557483e+28,6.510738500072065e+27,1.271673930214581e+28,2.143507657897059e+28,9.053035533306886e+27,7.365815539160576e+27,1.4015572560553982e+28,1.8391988163861717e+28,-4.24013460908575e+27,-9.142268041835791e+27,5.320536953130469e+27,-5.009740385299921e+27,2.9771955289662413e+27,1.2311940122556298e+28,1.178515372327312e+27,-3.6260901431489363e+27,1.3847842758681759e+28,-5.232933559942244e+27,-7.786744759128284e+27,-6.435220000646914e+27,-6.87532009822762e+27,-1.4318735466432333e+27,-1.1440063415005449e+27,2.757437413752679e+27,-5.11642497513792e+27,-7.58524941277644e+27,2.713960604940747e+28,-3.2302892457949276e+27,1.0648741398647106e+28,-3.373674650414049e+27,4.3727295146615355e+27,-8.989547604204903e+27,-6.73430166502e+26,-6.660268750828329e+27,1.0731702300638031e+28,-4.582428119260847e+27,1.0036599821634225e+28,-3.8221659802068363e+27,2.2431470247915e+27,-4.65679624398255e+27,-2.6911772643196264e+27,-5.946898187608255e+27,-5.849267377966897e+27,-6.471053996979632e+27,-6.314527232055614e+27,-8.886961272574984e+27,-4.87949670015799e+27,1.721313234302012e+27,-1.0805211825140926e+27,-1.8955976308135162e+27,-3.941419320391027e+27,-5.675947180040474e+27,-7.15120792624331e+27
-8.551161998645845e+27,-9.60397459148474e+27,-5.56064314095619e+27,-7.595608639721864e+27,-2.9785363792685485e+27,-2.0232293983674248e+27,-5.681275488561457e+26,-2.4059162066278786e+27,-5.342614292680229e+27,-4.621356780593305e+27,-5.469175120457741e+27,4.000835767959123e+27,-1.7920535202166716e+27,-3.708906190338099e+27,-6.961950222436178e+27,-4.642341061322453e+27,3.295799978223908e+27,5.220273139896146e+27,-5.399614646675545e+27,5.706286010975459e+27,3.312701092600702e+27,-3.576613462548908e+26,3.0506361589391456e+27,1.331853093979694e+27,3.801760691834721e+27,3.768540966213018e+27,3.133571915989383e+27,1.8019709830569986e+27,8.931323485947605e+27,6.598955580724906e+27,5.164888458441713e+27,1.3971376797451482e+27,-1.9357720128796052e+27,-4.345643320134021e+27,-1.898558710146334e+27,-9.295230717957226e+27,1.2238488940523059e+27,1.1554701140521738e+28,-6.919848123927485e+27,-1.2016843856034066e+28,-1.7489903477918238e+28,-1.2887585582448067e+28,-1.1886473606754853e+28,-1.8600834543196167e+28,-2.3795787484678827e+28,-5.950217531153286e+27,-1.012192690096807e+28,-1.362067285932083e+28,-1.902727811731825e+28,-8.110365234695796e+27,-4.041343811851409e+27,-8.047531804498006e+26,-5.190192788000091e+27,-5.91791160600187e+27,-1.7982108111064837e+27,6.443754240198676e+27,3.28036168214739e+27,9.869377894704566e+25,1.0663293995132736e+28,9.479862955306471e+27,1.3304241322828328e+28,1.5759472930372256e+28,2.043318558808498e+28,1.8644381913731731e+28,1.1821181721588499e+28,2.538570353600734e+28,4.4641654302566775e+28,2.7522476616596957e+27,-1.1907891389378089e+27,1.8391988163861717e+28,3.8292711659300025e+28,-2.5126422698496024e+28,-1.8678329082367197e+28,2.959620059578882e+28,-1.2479333449155516e+28,-1.8807955579257347e+27,1.4563119913716411e+28,-2.1157626139184713e+28,4.0437348481514546e+27,3.63098170867482e+28,-3.0590881890604697e+27,-2.692789834794497e+28,-1.0406735306392535e+28,-2.252098873927382e+28,-6.779367133330464e+27,-2.601360494473294e+28,-1.4309527468354189e+27,-3.434081767244247e+28,-2.7500906874059802e+28,1.0003127161194854e+28,8.320368788768517e+26,3.0066788481175674e+28,8.697840424964289e+26,2.147649992976162e+28,1.04515522364053e+27,2.242264255275639e+28,1.7396692124023483e+27,3.675967814372779e+28,1.0084254805588265e+27,3.0759726912339275e+28,1.613479899802667e+26,1.9922889714845835e+28,-6.364346274168955e+25,1.0464309008064585e+28,1.0893474367929508e+26,3.5139862837428437e+27,-1.52828159462512e+27,5.475340850488896e+27,4.376557279064581e+27,1.4947332552610583e+28,1.9657590268334363e+28,1.0151589749366432e+28,7.356609370940732e+27,5.122050079108683e+27,3.5465391484444446e+27,2.8434379637310905e+27
6.005448762762119e+27,5.342011858433852e+27,5.055383428614186e+27,7.325354656120027e+27,3.4525361131217634e+27,1.8916222901478576e+27,-4.189747346392591e+26,2.2730311929570596e+27,4.886935874083486e+27,1.7032344270688838e+27,6.268999877640199e+27,2.0610140530773836e+26,-2.3847377343401282e+27,3.9748347939878684e+27,6.728542014698763e+27,4.6771994736797784e+27,-3.6750954951050275e+27,-4.212253643418631e+27,4.577511312056104e+27,-3.170341638480971e+27,-4.7908320173974776e+27,-2.2619384367454236e+27,1.2465759284364605e+27,-3.9379337457421534e+27,-7.04611223622286e+27,-4.8883786032280854e+27,-9.619661369426735e+27,-8.239168531815812e+27,-7.683893333472196e+27,-5.714194899056176e+27,-4.4321434151800206e+27,-5.180904696922938e+27,4.888990313838259e+25,-7.151425931181755e+26,-7.026019558196947e+27,9.955496076159206e+27,5.453025976425478e+27,-8.958633999739177e+27,4.8988475588669096e+27,9.234273340506452e+27,1.4925490424243115e+28,1.236379678605584e+28,1.1972535440370522e+28,2.2795198981362073e+28,3.3671309817585554e+28,9.462978576372297e+27,1.556787487819904e+28,2.324207475246389e+28,2.958023657349723e+28,1.0012763997899365e+28,6.610149042470956e+27,3.9948223083449763e+27,1.1071226855274311e+28,1.6969954181610981e+28,8.56025422675117e+27,-1.3458151781699949e+27,3.3039802966411124e+27,7.696827117466517e+27,-2.3930798495175708e+27,-2.916254715072097e+27,-6.614258148745526e+27,-7.148083741723591e+27,-1.1437951827442463e+28,-1.1017247945588934e+28,-7.030921234477665e+27,-1.7549289810068732e+28,-3.269585636613439e+28,7.136307493022477e+27,9.657472152792766e+27,-4.24013460908575e+27,-2.5126422698496024e+28,4.220622641769594e+28,2.4557505183035835e+28,-4.761382455994818e+28,1.5055662372133642e+28,7.426798176544936e+27,-3.239096526979055e+27,3.793469179199827e+28,-8.82295771970544e+27,-2.4539959879270734e+28,-1.985482778765503e+27,4.190472287534914e+28,7.838738614878889e+27,3.062372546841761e+28,3.718550568252459e+27,4.39863373797583e+28,2.2070524379591312e+27,5.44929379750067e+28,2.378492130672487e+28,2.0669227394257364e+28,-6.437419763241528e+27,-2.861448518585423e+28,-7.368930601090026e+27,-2.6491041870551584e+28,-1.7072438398362414e+28,-4.403214608461543e+28,-1.3562271888445783e+28,-4.358877186163082e+28,-9.395806198015722e+27,-3.2342915872437615e+28,-7.360920246814545e+27,-2.908417230346923e+28,-8.758280059803425e+27,-2.428279063858446e+28,-1.216700446533788e+28,-1.9112694287225235e+28,-8.777097815114505e+27,-2.601024466932697e+28,-2.5713759724434684e+28,-3.549691222605466e+28,-2.9653984475792413e+28,-1.856897767025014e+28,-1.530944593206517e+28,-1.6406863423210038e+28,-1.7780792325197127e+28,-1.9670688628099173e+28
1.2100153111504455e+28,1.3110697688834494e+28,9.359084143762779e+27,1.176935203251632e+28,6.326892834085415e+27,5.016400332895872e+27,-2.8429474882784524e+27,4.29112590498038e+26,2.3829036179313e+27,-6.81137396609121e+26,5.128816264295401e+27,2.334542333062527e+27,-4.2197934364764215e+27,3.680639691169362e+27,3.924509799367846e+27,4.0734934290691424e+27,-2.6936863506674997e+27,-3.6151021848005175e+27,3.568056432453037e+27,-2.2523768124474662e+27,-7.171835495887316e+27,-2.972190925220436e+27,1.534289563451208e+27,-1.1302236910947549e+27,-6.361299155494016e+27,-5.424097849091802e+27,-5.487956554687105e+27,-8.103610401652772e+25,-4.516368921122287e+27,-2.967507536816683e+27,-9.941342762880279e+26,1.0269431591212514e+27,4.131535770622718e+27,4.665652600905317e+27,4.454407136962788e+27,1.0560311324436817e+28,8.295611466882929e+27,-1.5197827661860462e+28,-1.2218241589775844e+25,1.6048859756290304e+28,2.2106432076873875e+28,1.8112902790213136e+28,1.6524440245209696e+28,2.462209040975346e+28,2.7906912285838626e+28,3.838233022639462e+27,6.738450967993098e+27,8.438918956985624e+27,1.439066658667107e+28,7.224800159976557e+27,2.4871253744483065e+27,-3.162881970019893e+26,2.3075265351420402e+27,-1.4131401111195587e+27,-8.809147853759631e+26,-3.0239188663657417e+27,-4.302851118226783e+27,-4.4428040244653117e+27,-4.896149109707303e+27,-4.967240247170089e+27,-7.145520960616589e+27,-7.850224235149777e+27,-1.177108430285088e+28,-1.2494750370721167e+28,-7.906006609816543e+27,-1.8587154911014857e+28,-2.964094574729859e+28,-6.517998648399161e+27,-6.004833944990391e+27,-9.142268041835791e+27,-1.8678329082367197e+28,2.4557505183035835e+28,2.6829463612864346e+28,-3.5221564097327857e+28,1.275411703444678e+28,8.62297929310437e+25,-1.006423821127891e+28,1.275978977660218e+28,1.7613915158794515e+27,-1.093360174820855e+28,6.591652598397971e+27,3.5106023342156487e+28,1.1138679198611753e+28,2.2334334743895364e+28,-2.3773072009719784e+27,2.003814419056476e+28,-6.869941644154439e+27,3.2626421695885603e+28,1.2061561231552051e+28,-1.8266105201884293e+28,-1.6615450560334896e+27,-2.3552079334653255e+28,-3.337827231784166e+27,-1.985845105689897e+28,-3.671735478409747e+27,-3.1272295991303935e+28,-3.198955237616938e+27,-3.5633103742570027e+28,-3.1281907157963816e+27,-2.7315968823538023e+28,-2.4821373473405135e+27,-2.073823206487448e+28,-2.8878449546122926e+27,-1.6329163590379718e+28,-4.991589779960957e+27,-1.1094398199980706e+28,3.7767007125419945e+26,-1.5731781697874017e+28,-1.2479037883254732e+28,-2.180108783525178e+28,-2.233929138093084e+28,-1.3507495874654754e+28,-1.0758031356804703e+28,-1.025580972977985e+28,-9.95443796263351e+27,-9.941655925904988e+27
-1.3415303348262381e+28,-1.308705742045095e+28,-1.1007522701659981e+28,-1.4550547053360228e+28,-7.601787853105665e+27,-5.154689950737312e+27,2.2039693795334513e+27,-2.6219672523937685e+27,-6.52882982342707e+27,-1.1966071112047893e+27,-9.238460138307545e+27,-1.700057815626934e+27,4.607247500095297e+27,-6.232042637062122e+27,-9.60979203894958e+27,-7.187452916467699e+27,5.271496428101159e+27,6.443315991503615e+27,-7.04501265784815e+27,4.7943915338389826e+27,8.015788995306966e+27,4.7154498727912e+27,-2.8366827426243925e+27,6.118531942645239e+27,1.2409103501967488e+28,8.642495978624875e+27,1.5491278577332645e+28,1.0113342220403793e+28,1.1151797803306388e+28,8.159721796374427e+27,5.743267144939539e+27,5.450299096270441e+27,-2.623262053387196e+27,-2.1173690072834607e+27,5.71814128579559e+27,-1.6067717094051781e+28,-9.921633539617972e+27,1.5973990921740422e+28,-5.105019711085903e+27,-1.849841078953384e+28,-2.685955262642472e+28,-2.2405939355077616e+28,-2.134099406786553e+28,-3.347738239520922e+28,-4.226195382273447e+28,-1.0360538664497278e+28,-1.6366595320964286e+28,-2.3819001744177877e+28,-3.059760132303152e+28,-1.33968720909187e+28,-7.440101617548919e+27,-3.90164843743877e+27,-1.0881333849328138e+28,-1.5249766618247946e+28,-7.804154080202218e+27,1.507145830669873e+27,-2.495562551224616e+27,-6.041638532980248e+27,2.561815279428872e+27,3.884519189067112e+27,8.762533262199755e+27,8.906450590260444e+27,1.5565759474967354e+28,1.6521679290854285e+28,1.0413655542059124e+28,2.680112843737186e+28,4.5166605631157215e+28,-5.335368571569308e+27,-7.238429944932996e+27,5.320536953130469e+27,2.959620059578882e+28,-4.761382455994818e+28,-3.5221564097327857e+28,6.505441160552402e+28,-2.1683412293113213e+28,-7.672298508804907e+27,6.134903834285164e+27,-4.026584341784789e+28,9.426181216192732e+27,2.780379461163785e+28,-1.5505894140248173e+27,-5.759445532863221e+28,-1.4252363910215747e+28,-4.0967836027197465e+28,-2.3859731967543582e+27,-5.088156325850341e+28,1.4868345008711847e+27,-6.845751136178966e+28,-3.2539980320235843e+28,-1.5192941658249145e+28,9.072596478152259e+27,4.061794464751641e+28,1.1341538640122675e+28,3.8388853435058045e+28,2.257439602372859e+28,6.407428238267682e+28,1.8416115810391957e+28,6.377241461811974e+28,1.356527176597154e+28,4.781967360122566e+28,1.0398060826867526e+28,4.150980625583562e+28,1.2187276332171912e+28,3.5619010902025995e+28,1.7276013081014949e+28,2.800976980953294e+28,1.006797885349388e+28,3.6501192309453987e+28,3.662956385712393e+28,5.234904037854704e+28,4.574711844087706e+28,2.941843940356654e+28,2.4421300353755943e+28,2.5201243582298887e+28,2.64421719579864e+28,2.849091745387791e+28
5.095752493420996e+27,4.8196819676417666e+27,3.96779986605586e+27,6.046770034623419e+27,2.3164002894360187e+27,1.0801534851822894e+27,-5.096589422225774e+26,2.412053393950605e+27,4.057370266548631e+27,2.192466059303531e+27,5.993767823965909e+27,-2.5413879598475144e+26,-1.6440753320863848e+27,3.51493534605636e+27,4.3951574430107155e+27,3.614025799336421e+27,-2.0036782285451285e+27,-2.9988805718710114e+27,3.113027077926169e+27,-2.211462815656987e+27,-3.16317863296972e+27,-7.830295976239439e+26,-3.140387672383586e+25,-1.1706369447650717e+27,-3.062811255276776e+27,-2.4572830924548185e+27,-3.475270081219785e+27,-2.4392789018123993e+27,-4.6933149343745026e+27,-3.330559228450691e+27,-2.0759066164477267e+27,-1.5937004294392504e+27,1.396510888492089e+26,4.800279129457199e+25,-1.547445485728126e+27,8.77897131262246e+27,3.487080929562256e+27,-7.641489516046516e+27,3.5014484131624096e+27,7.857430038924938e+27,1.1687104853093261e+28,9.969177164283069e+27,9.650374831128457e+27,1.4598340212617092e+28,1.6025518609554769e+28,5.634437949037316e+27,8.229767042137989e+27,1.010126790538231e+28,1.2561010425553468e+28,8.327546002203298e+27,4.1634426929341643e+27,1.1069403700938102e+27,4.5503213830394006e+27,3.8789134762851117e+27,1.993070886777192e+27,-2.4698545047169587e+27,-1.0485442449831903e+27,3.728323010988916e+26,-3.3571667418134765e+27,-3.743108823280396e+27,-4.832781969438144e+27,-5.275793559886861e+27,-6.877551240497241e+27,-7.611629550852365e+27,-4.845734405996272e+27,-1.1022929114286423e+28,-1.8886015430616906e+28,-7.342189191906717e+26,4.224578752148483e+26,-5.009740385299921e+27,-1.2479333449155516e+28,1.5055662372133642e+28,1.275411703444678e+28,-2.1683412293113213e+28,1.2035046796164202e+28,2.728643954993848e+27,-5.846157166860029e+27,1.3851868336933024e+28,-3.167031191820573e+27,-1.2637894327218268e+28,-3.1071793845156626e+25,2.0731888955232074e+28,6.942642807594487e+27,1.9634353584460167e+28,2.779290131227185e+27,1.9267954417026443e+28,7.81679899200982e+26,2.6250280720433027e+28,1.4577149000658765e+28,-3.3141798811950074e+27,-1.7125219237028267e+27,-1.3028573706234171e+28,-2.0127420340966977e+27,-1.064419631519037e+28,-5.218069676813621e+27,-1.9678705442552718e+28,-4.205501296819365e+27,-2.1820914263329316e+28,-2.7428525473065673e+27,-1.5840512064783088e+28,-1.8898725984577073e+27,-1.0799113985600314e+28,-2.3063730617069867e+27,-8.635659448026342e+27,-3.5048346673472074e+27,-6.414098850212226e+27,-2.070157452071748e+27,-9.345997619526221e+27,-9.181368818221987e+27,-1.4996049648797015e+28,-1.3917405560708447e+28,-7.695407455049337e+27,-5.791112063054972e+27,-5.658488524195845e+27,-5.995802206076886e+27,-6.637945637133262e+27
-3.0474675386007343e+27,-4.03525035748028e+27,-2.3127407556293685e+27,-2.2294673738722132e+27,-1.6862220287427415e+27,-1.7911912630787265e+27,1.6157879270666956e+27,1.6644493049147904e+27,1.9540358392490788e+27,1.3931477407217472e+27,1.533430209613576e+27,-9.45196854411736e+26,5.0038571720238485e+26,6.59940659321619e+26,2.1117438811756142e+27,8.57610973847472e+26,-9.267587093417964e+26,-8.171497781899637e+26,1.0177124284646658e+27,-9.575698649610186e+26,6.915908626124896e+26,3.9388943232710715e+25,-4.093195302780473e+25,-1.8301693302922885e+27,-1.3168619618844035e+27,-3.986012543339147e+26,-3.145835666107922e+27,-4.504387859611896e+27,-2.3078296171506705e+27,-1.884768601007347e+27,-1.9959507137854793e+27,-3.263777300362542e+27,-2.2618129338247185e+27,-2.9634954449100723e+27,-6.097505700986174e+27,4.2968635298165975e+26,-5.549747560610113e+26,2.2956280467976355e+27,2.9468268141159476e+27,-2.90451069132253e+27,-2.770906895929899e+27,-1.902263783176633e+27,-1.8079934336629272e+27,7.468430150272003e+26,3.2895338533409e+27,4.1453879341355235e+27,5.342980356191692e+27,8.086614770627366e+27,7.054261207279249e+27,2.656126761120551e+27,3.346927696463353e+27,2.9609224034309827e+27,5.450074620938901e+27,9.151290502070666e+27,5.479737543456746e+27,8.508696397457414e+26,3.982862099612974e+27,5.941081302846116e+27,1.4606245516301005e+27,8.968552585381787e+26,-1.4178863557588946e+26,1.9976458965884092e+26,-1.7262468046139286e+26,-1.4382188022450339e+26,-2.397523973871816e+26,-7.539590075306073e+26,-1.972663465030199e+27,6.93772791913477e+27,7.076639550579492e+27,2.9771955289662413e+27,-1.8807955579257347e+27,7.426798176544936e+27,8.62297929310437e+25,-7.672298508804907e+27,2.728643954993848e+27,5.125113020912852e+27,3.5367537419405775e+27,1.2591779526775372e+28,-5.925891032492812e+27,-5.725056750906918e+27,-4.688957488880734e+27,4.976756445445889e+27,-1.779591787389683e+27,7.057927600149791e+27,3.4928576862671943e+27,1.3672922088477497e+28,5.203542873564442e+27,1.3652324516035546e+28,7.990629828975211e+27,2.0549866422007756e+28,-2.6732994706154647e+27,-3.336829059343437e+27,-2.4524309084293025e+27,-4.192684834568195e+27,-7.751057212895117e+27,-8.851500849526591e+27,-6.106061268658616e+27,-6.089913084918528e+27,-3.7382454462499986e+27,-4.1719947624999345e+27,-2.621091219151677e+27,-4.731669927323196e+27,-3.157360598462527e+27,-4.9459370463454823e+27,-4.096644400302204e+27,-4.991819508262368e+27,-4.6915624050033585e+27,-6.283898130788898e+27,-8.287623765652983e+27,-9.448625376298199e+27,-6.149627802193674e+27,-4.2219180146253093e+27,-3.5825998359367466e+27,-4.170747230078465e+27,-5.008002133610251e+27,-6.067650020602721e+27
-7.095525049734773e+27,-8.565622185074705e+27,-4.845593969535706e+27,-6.119480294489928e+27,-2.8505582207396017e+27,-2.425976420374487e+27,1.3201066430364445e+27,-2.599798204209579e+26,-1.2518385620814253e+27,-1.0540647537559809e+27,-2.6421660698705926e+27,6.804801896170844e+26,5.293105942827376e+26,-1.9225258213230577e+27,-1.4276954780174243e+27,-2.0665922756003872e+27,1.1195516319947503e+27,2.1887874648711385e+27,-1.8055603550697883e+27,1.9234747176753906e+27,3.6004637795916717e+27,3.206164864171457e+24,1.4843459283258563e+27,-1.966475862827674e+27,5.218323524601128e+26,1.846552158548167e+27,-2.463035285364768e+27,-4.977323218938778e+27,1.8675762562792346e+27,9.5679969515164e+26,-3.2321933014279585e+26,-3.51188469798836e+27,-2.8707004569886994e+27,-4.473741548880158e+27,-7.903846931492266e+27,-5.639093140145746e+27,-1.5314048828517506e+27,1.0220754407847615e+28,-3.704467586901419e+26,-9.176983453743475e+27,-1.2301943041132934e+28,-9.119041934354099e+27,-8.420580126966806e+27,-9.96257101305868e+27,-9.044321827210017e+27,-3.50788824797092e+26,-1.2463062557630036e+27,3.124930010155594e+26,-2.963830753921125e+27,-3.3487192083732084e+27,3.971230269514003e+25,2.2740474837280514e+27,1.960024595106599e+27,7.584847067402033e+27,4.6076302794382064e+27,4.753556244407986e+27,6.613151204361012e+27,7.32096989334203e+27,7.359206671114813e+27,6.630715672663355e+27,7.184013891851327e+27,8.53542177144076e+27,9.97378985275251e+27,1.0006756363111003e+28,6.485688084145193e+27,1.243354338017348e+28,1.9179687302767984e+28,1.0066291990687183e+28,8.771774881867276e+27,1.2311940122556298e+28,1.4563119913716411e+28,-3.239096526979055e+27,-1.006423821127891e+28,6.134903834285164e+27,-5.846157166860029e+27,3.5367537419405775e+27,1.2326866785344666e+28,3.1820339957410814e+27,-5.127329548804362e+27,9.30577799556808e+27,-6.169906620228704e+27,-9.050128249034228e+27,-7.372901574100463e+27,-7.465279990579711e+27,2.984776436093576e+26,2.4658917880927827e+26,4.613907546277785e+27,-4.688501449550071e+27,-5.297609749973678e+27,3.0548322441081317e+28,-3.499890963042413e+27,9.745491306658911e+27,-3.321341323651691e+27,4.1836169488479893e+27,-8.987379920950227e+27,1.1267929782643532e+27,-6.836922092133012e+27,1.1099959182335155e+28,-4.59698367273441e+27,9.93166885352085e+27,-3.8451889315626886e+27,2.3252469194753788e+27,-4.5627584378389415e+27,-1.858810946572787e+27,-5.478622254868592e+27,-4.7947926892252106e+27,-6.704554545184966e+27,-4.7384193694158196e+27,-7.690034988044205e+27,-3.4414245352612393e+27,2.811642890361662e+27,-2.556428660795731e+26,-1.257402927082653e+27,-3.2264744570379985e+27,-4.806595910439643e+27,-6.183999225471835e+27
-1.69672069134953e+27,-3.783623839941281e+27,-9.734945074635385e+26,6.154368686386742e+26,-9.062932141753586e+26,-2.1564232302230803e+27,2.5843051499167e+27,4.315114593219634e+27,6.665188496573733e+27,4.2582523099775515e+27,6.567448726867156e+27,-2.4000733484592845e+27,3.0823059891902798e+26,3.5897369146527226e+27,7.958761069656472e+27,4.3254979677417944e+27,-3.6506870238378936e+27,-3.9931515910952145e+27,4.6208974148600816e+27,-3.7641686252615707e+27,-9.281677733922643e+26,-6.744276753513217e+26,4.964250123739696e+25,-5.36675290344239e+27,-5.63994556505145e+27,-3.0064591364248887e+27,-1.038688494211246e+28,-1.283543137453104e+28,-9.002050358264826e+27,-7.030032333457219e+27,-6.568293396142601e+27,-9.07197986186465e+27,-4.0880362995748793e+27,-5.529668729733595e+27,-1.5012073008018063e+28,7.07107327101221e+27,7.829971259930583e+26,-7.78228807270667e+26,8.915555689064455e+27,2.8824703407133877e+26,3.827058520769562e+27,3.5741719782618003e+27,4.007548228427844e+27,1.3503626260841614e+28,2.458723145385698e+28,1.2510472453337562e+28,1.8589457131259543e+28,2.804255941715448e+28,3.045282714844949e+28,1.0730358707992966e+28,9.354597228220885e+27,7.047054387140688e+27,1.5689484527017826e+28,2.6592844605952258e+28,1.4260232091811273e+28,8.53975035545671e+25,8.738660988926618e+27,1.5332871294219337e+28,1.6953070999022854e+26,-8.525923962110359e+26,-4.729773726805231e+27,-4.8020779540101975e+27,-7.872119302205955e+27,-7.15943154615007e+27,-4.7202326586749733e+27,-1.20356049058502e+28,-2.4767118835715577e+28,1.6435738427482759e+28,1.919439473169289e+28,1.178515372327312e+27,-2.1157626139184713e+28,3.793469179199827e+28,1.275978977660218e+28,-4.026584341784789e+28,1.3851868336933024e+28,1.2591779526775372e+28,3.1820339957410814e+27,4.510993068037098e+28,-1.609987493069768e+28,-2.8648079183365875e+28,-9.578239477819795e+27,3.1819912297306866e+28,2.3254010152149712e+27,2.990268646900317e+28,9.409556643844653e+27,4.9726462430616955e+28,1.106161811356863e+28,5.51956364708692e+28,2.963332331270745e+28,4.716025605637983e+28,-8.290675393177192e+27,-2.2960881977103897e+28,-8.158375742816119e+27,-2.2555604139717367e+28,-2.29143153962542e+28,-3.955149817829609e+28,-1.8149995250951377e+28,-3.5891153101549528e+28,-1.1588829508237659e+28,-2.6088408499474845e+28,-8.614840955202739e+27,-2.484857768626949e+28,-1.0287401470612574e+28,-2.1686503441083184e+28,-1.3552592328754703e+28,-1.8608347857338804e+28,-1.3279026999029259e+28,-2.448727647692538e+28,-2.8002775831421104e+28,-3.568500076626613e+28,-2.6955835787491425e+28,-1.7132688236300672e+28,-1.4227980975496076e+28,-1.5809633746637602e+28,-1.7964115835013539e+28,-2.082806095522422e+28
3.362279588929912e+27,4.8205934338463504e+27,2.447434847966091e+27,2.2855775475525504e+27,1.78870662793277e+27,2.1574082478107772e+27,-2.1807739512166748e+27,-2.2035435326528538e+27,-3.002089075801e+27,-2.5603738133805947e+27,-1.8778730413701323e+27,2.0008054092301278e+27,-1.6693789390472168e+27,-8.154342281259178e+26,-3.383357838625629e+27,-1.0669868964359863e+27,6.58019121169547e+26,9.671641371572333e+26,-1.5975539623215286e+27,1.3805544427453173e+27,-2.512765894951549e+27,-7.969801386563678e+26,4.6635063963323086e+26,2.975648077934637e+27,8.523952463957395e+26,-5.782521665800714e+26,4.2165458995724595e+27,7.356584914308832e+27,3.8395847805547825e+27,3.375535205974305e+27,3.8407615743766477e+27,5.566961450332864e+27,2.963344852088767e+27,3.609123747965227e+27,9.233786180022431e+27,-6.962688797887911e+26,2.4981153562915575e+27,-4.984339976025678e+27,-4.960517736978566e+27,3.3026510145012624e+27,3.4634874815610275e+27,2.197529634723905e+27,1.8608749057978764e+27,-2.9890000480899867e+26,-2.8678209868004236e+27,-4.441986030764838e+27,-5.860577107314531e+27,-9.324397838270857e+27,-7.976572917105898e+27,-3.0510105486075353e+27,-3.5944308398461443e+27,-3.358485648890375e+27,-6.068466064653647e+27,-1.2185564948153032e+28,-6.569999696194937e+27,-1.1620021872055098e+27,-5.471503067594812e+27,-8.257716578443292e+27,-1.897380437315361e+27,-1.51860671431887e+27,-5.758995810083469e+26,-7.533825400814505e+26,-5.5048474623146785e+26,-1.0299724826163598e+27,-8.341804522903239e+26,-2.9251823284002154e+26,3.064392872911484e+27,-9.808932683465865e+27,-1.059562096670746e+28,-3.6260901431489363e+27,4.0437348481514546e+27,-8.82295771970544e+27,1.7613915158794515e+27,9.426181216192732e+27,-3.167031191820573e+27,-5.925891032492812e+27,-5.127329548804362e+27,-1.609987493069768e+28,9.450810810164683e+27,1.0862291048200683e+28,6.575181574958881e+27,-4.99763118404612e+27,1.7267267536730567e+27,-7.705075644684492e+27,-5.751803927443951e+27,-1.6713145663994946e+28,-7.667844500130017e+27,-1.6211577013181967e+28,-1.2480693671496568e+28,-2.8398592761130224e+28,4.552351250760198e+27,3.864090549312278e+27,4.0073633814468603e+27,5.282846066616786e+27,1.14378754447821e+28,1.116364104597504e+28,9.208291314402335e+27,7.509112833726836e+27,5.844955916095595e+27,4.749287946333794e+27,4.4938167845285825e+27,6.27566326326026e+27,5.214948818714863e+27,6.600048578871672e+27,6.229059518345458e+27,6.863361557210698e+27,7.439695034754787e+27,7.967665581139309e+27,1.1296360043811123e+28,1.236256741913973e+28,7.369122949481368e+27,5.117904610759519e+27,4.5820838859383843e+27,5.739012833222867e+27,6.966463704279169e+27,8.416193542363079e+27
-3.933709793667615e+27,-3.771373847639162e+27,-2.150145967845337e+27,-3.921366758382559e+27,-5.66873602506561e+26,4.572604517531621e+26,-2.5157471993667107e+27,-3.959145308005873e+27,-7.124148088715175e+27,-6.697433751428831e+27,-6.134428357799955e+27,5.953720725072278e+27,-3.7764257670957237e+27,-3.7728630125241726e+27,-8.614425752531705e+27,-4.7577217164166205e+27,3.23287226821978e+27,5.282760577266252e+27,-5.875467445257668e+27,6.23484661442277e+27,9.055080060143859e+25,-1.5148713742280337e+27,3.6502802253139217e+27,3.134163610277424e+27,3.039830272860619e+27,2.194588565845634e+27,4.8597728656758247e+27,6.770425933087002e+27,1.0761290377327125e+28,8.329823110243474e+27,7.513280062969598e+27,5.36006456992026e+27,9.643013872237798e+26,-8.399910148059653e+26,5.328652850587855e+27,-8.208063735280491e+27,4.630690697587611e+27,5.205501818610353e+27,-1.0450948359543998e+28,-6.62541800804443e+27,-1.0779109729604381e+28,-7.82150759983127e+27,-7.584357144532105e+27,-1.3496994082896426e+28,-1.9018647631392907e+28,-8.242741365188432e+27,-1.2682874720042374e+28,-1.7862065614758839e+28,-2.0931640359556624e+28,-9.176945250729983e+27,-6.046098124932495e+27,-3.001292310995386e+27,-8.620572812022227e+27,-1.4025018087282382e+28,-6.124393767070428e+27,5.182173645174161e+27,-1.1448584481535082e+27,-6.182835429628659e+27,8.380019545554014e+27,7.569703149154246e+27,1.1266690196930096e+28,1.3375624121005627e+28,1.7091348923499993e+28,1.5198280581470913e+28,9.485038334110593e+27,2.1104201967835784e+28,4.007558993727457e+28,-5.022760048961905e+27,-9.464146271689655e+27,1.3847842758681759e+28,3.63098170867482e+28,-2.4539959879270734e+28,-1.093360174820855e+28,2.780379461163785e+28,-1.2637894327218268e+28,-5.725056750906918e+27,9.30577799556808e+27,-2.8648079183365875e+28,1.0862291048200683e+28,4.14852666860344e+28,2.783508374946831e+27,-2.2221891545458173e+28,-7.478271807095477e+27,-2.352351963916303e+28,-1.134188514970627e+28,-3.2621076743755525e+28,-8.0730202831639e+27,-3.8039168542305093e+28,-3.4051359252113645e+28,-1.2015572926750218e+28,3.535988385267264e+27,2.6826891302449788e+28,2.832387658974907e+27,2.0089132726393706e+28,8.023150465288676e+27,2.3093397006491807e+28,7.308789886673711e+27,3.3961528645536607e+28,4.2870877403957215e+27,2.7691814436408806e+28,2.626187081155548e+27,1.8915675902254467e+28,2.805778545591632e+27,1.0963419249621438e+28,3.1843849588335644e+27,5.570689020224413e+27,3.603335858383159e+27,7.135144835597946e+27,9.28061013399172e+27,1.8686072825353548e+28,1.990373689144572e+28,1.0641911512960402e+28,8.026619353611749e+27,6.647835175418118e+27,5.9906618428158e+27,6.298209334756252e+27
6.243213171323481e+27,7.73731603311675e+27,4.6842193245124626e+27,4.988164915918787e+27,3.33005179658148e+27,3.3139247570965677e+27,-2.2794718168212559e+27,-1.73768109694775e+27,-1.5487669082457456e+27,-1.901344141893505e+27,-5.997762280207308e+26,1.5189551771851158e+27,-1.5338254712666138e+27,2.2096955496063937e+26,-9.936325734621627e+26,3.016427396581536e+26,-2.0965710052846086e+26,-4.5487201931339655e+26,1.5247671643078707e+26,-6.474159620967897e+25,-2.9761526136812936e+27,-1.2742435754866074e+27,5.883718194046762e+26,1.18671388711295e+27,-1.393561567014142e+27,-1.8345473702658607e+27,8.023187420479313e+26,4.56067989636635e+27,7.970568441962742e+26,9.636258943428835e+26,1.73014846872599e+27,3.8943150199351095e+27,3.7441235254597747e+27,4.731074287480419e+27,7.851085748356807e+27,1.8137471459228283e+27,2.8034930034232795e+27,-6.8478561836553e+27,-3.2164032976325665e+27,6.921865259395928e+27,8.355350826612023e+27,6.081536717637745e+27,5.52572026243476e+27,4.643631685885709e+27,2.950406683448167e+27,-3.1737044444089853e+27,-3.9078975577012176e+27,-6.18348327283998e+27,-4.1473255246126536e+27,-1.3265452115238915e+27,-2.6315634530530814e+27,-2.708309851625414e+27,-4.667600018022213e+27,-9.343706249344871e+27,-5.336388950243627e+27,-1.5248607556287918e+27,-4.782138089227433e+27,-6.870688378309544e+27,-2.604045722783574e+27,-2.269314173424408e+27,-2.2760785534921227e+27,-2.637879796099183e+27,-3.754788440178655e+27,-4.1931616184619073e+27,-2.636384086062413e+27,-5.614113829288193e+27,-6.630098257863868e+27,-8.27828631507897e+27,-8.549378173913568e+27,-5.232933559942244e+27,-3.0590881890604697e+27,-1.985482778765503e+27,6.591652598397971e+27,-1.5505894140248173e+27,-3.1071793845156626e+25,-4.688957488880734e+27,-6.169906620228704e+27,-9.578239477819795e+27,6.575181574958881e+27,2.783508374946831e+27,7.005569376413985e+27,3.7661538714532245e+27,4.510781250028402e+27,-1.6155406133633164e+27,-4.3931463060299943e+27,-8.585647171616836e+27,-7.387452694129049e+27,-5.195042906675027e+27,-3.9696027945017383e+27,-2.3974919253533186e+28,2.1369858983261828e+27,-4.338930607707658e+27,1.2364784146032548e+27,-2.4347167713708515e+27,6.631108910191725e+27,-3.260885437080727e+26,5.000358822052471e+27,-4.7457732944670915e+27,2.634826972268175e+27,-4.7356922428600694e+27,1.971420418703756e+27,-1.8589348129550345e+27,2.4380768812694237e+27,-2.016697555347564e+26,2.6925951216933607e+27,1.625337469511164e+27,5.22039336226282e+27,1.9769165623151298e+27,4.4718043573661504e+27,2.368444818870046e+27,-1.6536883437257526e+27,-8.279081632307006e+26,-4.919232214779747e+26,6.01937767366286e+26,1.7779244781855985e+27,2.9810082615370675e+27
1.405771567035047e+28,1.4223551710985702e+28,1.131354645606526e+28,1.487691446607499e+28,7.704054467970691e+27,5.434576225027695e+27,-2.776973309056946e+27,2.1302731130799142e+27,5.516029615497962e+27,6.218315694830834e+26,8.864303666600633e+27,2.2503139742846814e+27,-5.17707818865018e+27,5.946417798608377e+27,7.956076129408537e+27,6.639019178175508e+27,-4.5571299227331607e+27,-5.789305255356405e+27,6.109327819992507e+27,-3.928442253646992e+27,-8.610056696842205e+27,-4.193320393126189e+27,2.465765740114419e+27,-4.086243635697964e+27,-1.035084584744308e+28,-7.723324211229502e+27,-1.180192988289117e+28,-6.2062058500785e+27,-9.028953785972411e+27,-6.412607564812529e+27,-3.8810344142654465e+27,-2.924098996451977e+27,3.3263275601667827e+27,3.0843716897947974e+27,-1.6617969990111313e+27,1.5808440411396178e+28,1.0570627714920748e+28,-1.7599793257197217e+28,3.336107551664082e+27,1.930224448466875e+28,2.7627621536087643e+28,2.299971351806706e+28,2.166372542542592e+28,3.3419915252495185e+28,4.049735872503404e+28,8.918883869377936e+27,1.4328427117811735e+28,1.9805122644347534e+28,2.7083937442771696e+28,1.27299587350333e+28,6.276302280014512e+27,2.301802049566132e+27,8.323070202942552e+27,8.859396826365046e+27,4.503634318269675e+27,-2.666257694016051e+27,-7.954369898405538e+26,1.4477551643863164e+27,-4.198123095046197e+27,-5.0819446198512e+27,-8.876801564525314e+27,-9.330173374093262e+27,-1.4987642776093146e+28,-1.6093834441638191e+28,-1.0169490987116737e+28,-2.5185858584388215e+28,-4.19658969177135e+28,-1.6062592775486794e+26,1.3459355163302278e+27,-7.786744759128284e+27,-2.692789834794497e+28,4.190472287534914e+28,3.5106023342156487e+28,-5.759445532863221e+28,2.0731888955232074e+28,4.976756445445889e+27,-9.050128249034228e+27,3.1819912297306866e+28,-4.99763118404612e+27,-2.2221891545458173e+28,3.7661538714532245e+27,5.33695138906076e+28,1.4520397994789578e+28,3.7728056663336196e+28,5.0490134489456e+26,4.229564744012873e+28,-4.001050444702451e+27,5.948608962796749e+28,2.600880755845941e+28,-4.527008538893922e+26,-6.229028642975447e+27,-3.557976821065481e+28,-8.322649833899018e+27,-3.234679395359442e+28,-1.563557958125069e+28,-5.4632649894694485e+28,-1.274556670460928e+28,-5.625171737893072e+28,-9.659771466236706e+27,-4.203082015611352e+28,-7.486384452980148e+27,-3.4709827942404223e+28,-8.811233196866487e+27,-2.9283377498877767e+28,-1.2945678896577265e+28,-2.2389371095864664e+28,-6.164914009691273e+27,-3.0157467281263087e+28,-2.8527876890099e+28,-4.255608057984186e+28,-3.8462439807771716e+28,-2.4041982938754275e+28,-1.961880542078562e+28,-2.000090087397424e+28,-2.0799026864562727e+28,-2.218471013359663e+28
7.529433335157525e+27,8.310510208434025e+27,5.843817600637017e+27,7.297371430539786e+27,3.90303384754954e+27,3.0269611280697685e+27,-1.8964825107543126e+27,1.8498721025971473e+26,1.5308999549364686e+27,2.633951001588399e+26,3.0520562822505016e+27,5.623424009499189e+26,-1.5811245868714777e+27,2.2374461338584244e+27,2.2580099776098762e+27,2.385148587809161e+27,-1.2515491755780662e+27,-2.1368689309203564e+27,2.1266391379809923e+27,-1.4879739750708206e+27,-3.3578161682829217e+27,-1.1627326854288849e+27,2.7813313649717245e+26,-2.1556082409268596e+26,-2.6821562673532704e+27,-2.4786133993137616e+27,-1.832598949436825e+27,8.942234354389242e+26,-2.6952182187360773e+27,-1.7463344497422443e+27,-5.7132446388660996e+26,1.1062304455254774e+27,2.627015568506882e+27,3.296615082011747e+27,3.723575033664766e+27,6.539265203890332e+27,3.260328548591075e+27,-8.48381297452375e+27,3.516510757414761e+26,9.482128974605766e+27,1.25979663619223e+28,1.0012787660888095e+28,9.677969193952326e+27,1.1247208235221084e+28,1.0947973703843961e+28,7.845491994006417e+26,1.8711775115338174e+27,1.60723090782484e+27,4.530431890544233e+27,3.8056353287376245e+27,3.3710522637086746e+26,-1.312065526094482e+27,-7.514186769895175e+26,-3.37293910237392e+27,-2.4328729504292527e+27,-2.3974366988349317e+27,-3.4762408599509523e+27,-3.806902777345688e+27,-3.650118726186802e+27,-3.6009252905069456e+27,-4.22428965224583e+27,-4.7906451704053057e+27,-6.510981932175581e+27,-7.100900987102529e+27,-4.3924609624282153e+27,-1.018341208787916e+28,-1.6273780496585437e+28,-5.313047685281343e+27,-4.429739911302281e+27,-6.435220000646914e+27,-1.0406735306392535e+28,7.838738614878889e+27,1.1138679198611753e+28,-1.4252363910215747e+28,6.942642807594487e+27,-1.779591787389683e+27,-7.372901574100463e+27,2.3254010152149712e+27,1.7267267536730567e+27,-7.478271807095477e+27,4.510781250028402e+27,1.4520397994789578e+28,7.551125003567485e+27,1.00179628819441e+28,-8.56999952603636e+26,5.759970490626917e+27,-4.2128000115411776e+27,1.199790681747532e+28,7.181231010094674e+27,-1.658254996690648e+28,-9.796262003477858e+25,-1.1016571655639668e+28,-8.070661585923651e+26,-8.453454409075314e+27,4.623090521899382e+26,-1.249958303548153e+28,8.696516730883607e+25,-1.6697176234420953e+28,-4.2175848652149495e+26,-1.2927794452620637e+28,-3.233723874526713e+26,-8.313667609926257e+27,-3.0349939180658892e+26,-5.791813044964753e+27,-8.416191929566646e+26,-3.2090981725419035e+27,1.5865962186604548e+27,-4.562357250952586e+27,-3.161787447623936e+27,-8.078470340519189e+27,-9.797372788061661e+27,-5.433686723526212e+27,-4.1102583237210277e+27,-3.4209860237901417e+27,-2.8916902159602373e+27,-2.5263153686346563e+27
7.03096289720254e+27,6.34588983871718e+27,5.452769803350303e+27,8.567379512630562e+27,3.158218833595007e+27,1.3206888942446398e+27,-1.0512988392827062e+26,4.160125263294191e+27,6.904966980195708e+27,3.539131876170623e+27,9.523906707130115e+27,-6.170702363734874e+26,-2.508399389890273e+27,5.630094088105386e+27,7.909625303967639e+27,6.054015441903587e+27,-3.8561840633255096e+27,-5.237996551941433e+27,5.491482750069931e+27,-4.0780595990337755e+27,-5.152728157969771e+27,-1.5802634628447673e+27,1.8801398368306645e+26,-3.029923677578741e+27,-6.221919271467186e+27,-4.6293370001798974e+27,-7.803341899310609e+27,-6.212227291103871e+27,-8.654181351875195e+27,-6.255573965562397e+27,-4.3186707287420154e+27,-4.0149656615194465e+27,-3.2012819130127154e+26,-7.018947900313827e+26,-5.019405526918745e+27,1.3478306224004835e+28,5.653443573121748e+27,-1.1572291150139655e+28,6.463602607976722e+27,1.139951834807034e+28,1.773470472526905e+28,1.5040883737768e+28,1.4371865094889095e+28,2.4225123792907853e+28,2.918656929114061e+28,1.0888655838879112e+28,1.581815856095803e+28,2.0717138693355816e+28,2.469740769954073e+28,1.3727309404125627e+28,8.119971164837526e+27,3.4434428342931487e+27,1.025039853015377e+28,1.1373977019727984e+28,6.302215437036025e+27,-3.374424301542994e+27,4.6655482198636675e+26,3.763989593442853e+27,-4.6473981963050043e+27,-5.443467131017867e+27,-8.16168638785718e+27,-8.744401417981897e+27,-1.2013698032770999e+28,-1.2937218217849736e+28,-8.328143502239376e+27,-1.9154009912036054e+28,-3.293579194393818e+28,2.533628566811307e+27,4.3784208679262705e+27,-6.87532009822762e+27,-2.252098873927382e+28,3.062372546841761e+28,2.2334334743895364e+28,-4.0967836027197465e+28,1.9634353584460167e+28,7.057927600149791e+27,-7.465279990579711e+27,2.990268646900317e+28,-7.705075644684492e+27,-2.352351963916303e+28,-1.6155406133633164e+27,3.7728056663336196e+28,1.00179628819441e+28,3.4602906481590358e+28,5.439718386921536e+27,3.8931104250846315e+28,2.983567703419009e+27,5.048230564898682e+28,2.7015326040914452e+28,6.439206480614706e+27,-4.4069695828187077e+27,-2.480335896929912e+28,-5.009172327020992e+27,-2.1299355293078576e+28,-1.265433088629279e+28,-3.807597413462058e+28,-1.0195931890908851e+28,-4.03452603128305e+28,-6.736312555531752e+27,-2.9634900207380855e+28,-4.763253602243121e+27,-2.2032640807773504e+28,-5.723316544975438e+27,-1.814615024520545e+28,-8.313832971957388e+27,-1.3990554633389864e+28,-5.679251021241754e+27,-1.9583081828647812e+28,-1.9970250407251868e+28,-3.0349224792001447e+28,-2.704639809910252e+28,-1.5774772030880445e+28,-1.2288593263152185e+28,-1.2363482465474496e+28,-1.3229655144863064e+28,-1.4712012645681029e+28
-2.704495099826073e+27,-3.5005429253792266e+27,-2.3954710916698747e+27,-2.163195380370224e+27,-2.0509796284668548e+27,-2.2176934889552738e+27,2.1552092519404e+27,2.145792680764025e+27,2.734235650330293e+27,3.118450983815296e+27,1.844098507600174e+27,-2.728779051718232e+27,2.2140228933622316e+27,7.53906984345354e+26,2.580007172978847e+27,9.092714985227815e+26,-4.4479651270294746e+26,-1.0010287888185065e+27,1.3142420451779825e+27,-1.60464281705576e+27,2.0263409640834385e+27,1.5485369140577253e+27,-1.736478362870363e+27,-9.874701944243926e+26,8.268082484809938e+26,9.68116077779076e+26,-5.1547900134254834e+26,-3.373441931811578e+27,-2.9690947866798674e+27,-2.528925448852077e+27,-2.7752191112530834e+27,-3.0746223793192716e+27,-2.3797736261965407e+27,-2.225274821993535e+27,-4.8669746343849983e+27,7.812791803007503e+26,-3.437359527265197e+27,2.7265811135576495e+27,4.6096005013903716e+27,-2.394265253621969e+27,-2.3740841086561398e+27,-1.7775654261773552e+27,-1.6327287724124352e+27,-1.4403957803607606e+26,1.0053669588955915e+27,3.4731036656484716e+27,4.5670516699105505e+27,6.365602471717376e+27,5.530179381643261e+27,2.867648224944974e+27,2.7835568985347725e+27,1.9246886022097756e+27,4.0124805669872935e+27,6.947541279663314e+27,3.638375102388054e+27,-8.882721305838194e+26,2.158835808876093e+27,4.248475154236162e+27,-1.253256293363009e+27,-1.1062401676048781e+27,-1.7166879868591484e+27,-2.1640391176035302e+27,-2.1135724625145665e+27,-1.4032115096878403e+27,-8.540386497694899e+26,-1.6795828160276557e+27,-5.391473715399953e+27,4.5920651923254137e+27,5.737816567032521e+27,-1.4318735466432333e+27,-6.779367133330464e+27,3.718550568252459e+27,-2.3773072009719784e+27,-2.3859731967543582e+27,2.779290131227185e+27,3.4928576862671943e+27,2.984776436093576e+26,9.409556643844653e+27,-5.751803927443951e+27,-1.134188514970627e+28,-4.3931463060299943e+27,5.0490134489456e+26,-8.56999952603636e+26,5.439718386921536e+27,5.640874147682327e+27,9.778511432292729e+27,6.327204881931613e+27,8.679086616359573e+27,1.0176079421015605e+28,1.2611898076447005e+28,-1.2825292786416874e+27,-2.501361190066051e+27,-4.279794669198004e+26,-1.4791814854041174e+27,-3.601856708052815e+27,-1.6141029814898088e+27,-2.994889939079005e+27,-2.889763949859506e+27,-1.3556984407643117e+27,-2.1776952335159107e+27,-7.935934783626566e+26,-1.0385140607010725e+27,-9.047252302316388e+26,-6.325764663873482e+25,-7.025610378011574e+26,-1.5300546082941806e+25,-2.63248223180057e+27,2.4718819778062214e+25,-1.802570179508049e+27,-2.4515013320914053e+27,-1.513512993005777e+27,-3.334274289249355e+26,-7.453819676973027e+25,-8.850396244165742e+25,-3.5147730811159436e+26,-8.52174390706803e+26
1.491170812598611e+27,-5.32816336301902e+26,1.4468453252140857e+27,3.9549962899113963e+27,5.993199130469055e+26,-1.1357849182287935e+27,2.115769039065116e+27,5.209255420484584e+27,8.241235909757643e+27,4.711145333234824e+27,9.165742562371204e+27,-2.0381223619533512e+27,-9.171831742321389e+26,5.216290416541748e+27,9.863428041409454e+27,6.046123084388193e+27,-4.6790993965946333e+27,-5.466670347174738e+27,6.113753771598683e+27,-4.807710364457811e+27,-2.9461492320209363e+27,-1.4389864376365355e+27,3.558783384816409e+26,-5.99823076730765e+27,-7.693777535936279e+27,-4.6308861401400406e+27,-1.2465608061077881e+28,-1.3537942950855417e+28,-1.10756097648059e+28,-8.453516825924489e+27,-7.28260997766892e+27,-9.291163838929537e+27,-3.418589827537107e+27,-4.812435871813196e+27,-1.4703899490322685e+28,1.1124588087593042e+28,3.2459018319917186e+27,-5.268219261113489e+27,9.859779668718052e+27,4.9006243089069335e+27,1.0386116310036359e+28,9.123992575920618e+27,9.082208996950839e+27,2.1182430714456397e+28,3.2349105441356636e+28,1.4841994096154049e+28,2.172935015895388e+28,3.163052424120061e+28,3.497062989420072e+28,1.4278152456128937e+28,1.1147879938690282e+28,7.482441683763636e+27,1.7340767920475878e+28,2.6915056408432793e+28,1.4692002443212122e+28,-9.81711891730741e+26,7.781114291690612e+27,1.448131867190074e+28,-1.2808090219725294e+27,-2.5452545740936795e+27,-7.004392362273458e+27,-7.171537208576911e+27,-1.1196253991170206e+28,-1.10804077711794e+28,-7.228478079326911e+27,-1.7810900523971097e+28,-3.361242394460328e+28,1.510984466138763e+28,1.7848869546394532e+28,-1.1440063415005449e+27,-2.601360494473294e+28,4.39863373797583e+28,2.003814419056476e+28,-5.088156325850341e+28,1.9267954417026443e+28,1.3672922088477497e+28,2.4658917880927827e+26,4.9726462430616955e+28,-1.6713145663994946e+28,-3.2621076743755525e+28,-8.585647171616836e+27,4.229564744012873e+28,5.759970490626917e+27,3.8931104250846315e+28,9.778511432292729e+27,5.743868212832753e+28,1.0287644835321675e+28,6.689708952013896e+28,3.566821075222635e+28,4.3435981200644184e+28,-9.063878310273521e+27,-2.955222294697552e+28,-9.331852939688465e+27,-2.811277551624364e+28,-2.501601999959177e+28,-4.966586533233321e+28,-1.9931716963569314e+28,-4.700175766092106e+28,-1.294097272665138e+28,-3.4353727933493802e+28,-9.515038499986397e+27,-3.0419827946127044e+28,-1.134903276055734e+28,-2.6392085434617753e+28,-1.5303713406490633e+28,-2.2096980698737062e+28,-1.3688563649424491e+28,-2.9323413935641216e+28,-3.258934890137345e+28,-4.340168962105271e+28,-3.4497542066631757e+28,-2.1592634461876566e+28,-1.768383808289777e+28,-1.9073083227689413e+28,-2.125268118226535e+28,-2.428970313585758e+28
-6.366218951094682e+27,-7.806317637380327e+27,-5.081596014165204e+27,-5.330094677052627e+27,-3.818551882296649e+27,-3.7613872053216967e+27,3.0096578039096937e+27,2.36390340508306e+27,2.4411205335436567e+27,3.0910678874183895e+27,1.0768752415045751e+27,-2.7732669384791767e+27,2.588825049269486e+27,3.6243933771901134e+25,1.9424660822852838e+27,8.835322061319255e+25,-2.7045537253920493e+25,-1.3147556543440192e+26,4.99968195585414e+26,-8.774645884193628e+26,3.4688297149962686e+27,1.890156799545903e+27,-1.5525464439209072e+27,-1.2966845755474128e+27,1.6404593152703293e+27,1.9568390389260048e+27,-5.522468691345826e+26,-4.8325356810686616e+27,-2.0572365617133252e+27,-1.9796901382415392e+27,-2.731971471826685e+27,-4.293876591503651e+27,-4.007932265992787e+27,-4.503868071581789e+27,-7.999167722365142e+27,-1.509209266368898e+27,-4.3595345439352704e+27,6.787245958303241e+27,4.798414122668845e+27,-6.819787361645414e+27,-8.056579501906498e+27,-6.054975832240525e+27,-5.637034787583982e+27,-4.382675462503666e+27,-2.690242745364286e+27,3.951001966756616e+27,4.8806494822869613e+27,7.3411680544596e+27,5.158856610036962e+27,2.0377304574199656e+27,3.2710415174709447e+27,2.9934493065286007e+27,5.357526574936499e+27,1.0208618117433499e+28,5.725059465077986e+27,5.7251169728604985e+26,4.561756831103843e+27,7.12895311750846e+27,1.0779326341079936e+27,9.904449601865525e+26,6.187730007064715e+26,5.979103415731827e+26,1.440702077525883e+27,2.2504450317943738e+27,1.4125310807953153e+27,3.255151123431538e+27,2.261092461504231e+27,8.358467004370589e+27,9.102093169488109e+27,2.757437413752679e+27,-1.4309527468354189e+27,2.2070524379591312e+27,-6.869941644154439e+27,1.4868345008711847e+27,7.81679899200982e+26,5.203542873564442e+27,4.613907546277785e+27,1.106161811356863e+28,-7.667844500130017e+27,-8.0730202831639e+27,-7.387452694129049e+27,-4.001050444702451e+27,-4.2128000115411776e+27,2.983567703419009e+27,6.327204881931613e+27,1.0287644835321675e+28,8.911055249607804e+27,6.762277236379739e+27,8.020950371656188e+27,2.3978659676598187e+28,-1.976716622204224e+27,2.1563868686669384e+27,-8.257372716652188e+26,1.4799350711400466e+27,-6.00120931462931e+27,1.0256895799966249e+27,-4.690503848335318e+27,3.049648302393128e+27,-2.2476691308188395e+27,2.8855479430559986e+27,-1.4960199527399995e+27,1.5039070258421503e+27,-1.8108191024276262e+27,9.462802680377847e+26,-1.7251447439870798e+27,-3.438677673000005e+26,-4.723365813013237e+27,-2.503061899827279e+26,-3.071639205607185e+27,-1.7079067671740845e+27,1.2394622799736577e+27,9.504723756352964e+26,7.617876024952365e+26,1.1862154183511156e+26,-7.271577894915438e+26,-1.7406158619487826e+27
8.093206851288912e+27,6.540010491488332e+27,6.637820489986927e+27,1.0467522606009838e+28,4.1314131134465495e+27,1.6137656668903365e+27,5.116833813026236e+26,5.542504502371472e+27,9.719735598217495e+27,4.4711257043860464e+27,1.214217069513017e+28,-8.649951523735389e+26,-3.083971878574101e+27,7.34891837175233e+27,1.2196684021396849e+28,8.36916411115985e+27,-6.108810657127672e+27,-7.489007761497408e+27,8.173143513428906e+27,-6.092848971407175e+27,-6.483726966365304e+27,-3.083939092609711e+27,1.28251739665613e+27,-6.912894962476684e+27,-1.1277810029619082e+28,-7.506578636067932e+27,-1.58518773657764e+28,-1.4010988445095479e+28,-1.3764923703292257e+28,-1.0250991196498115e+28,-7.994610408854613e+27,-8.980778358580132e+27,-1.2200918137724641e+27,-2.3673867083289543e+27,-1.2693916154929577e+28,1.709466794916695e+28,7.512090952418843e+27,-1.2993930434935027e+28,1.0044255662045186e+28,1.3491221532553323e+28,2.204319332107838e+28,1.8692347118390315e+28,1.801211738969304e+28,3.3254242468339277e+28,4.5034327512911195e+28,1.6649153858620798e+28,2.471163792652084e+28,3.5147908542547536e+28,4.095328404198351e+28,1.822534665562032e+28,1.237252043837554e+28,7.2388733259688e+27,1.8172023126955474e+28,2.5856157826885583e+28,1.4035843157291687e+28,-2.3787431739888837e+27,5.757442463387248e+27,1.2260102601858801e+28,-3.411065969981645e+27,-4.902585155585511e+27,-1.0320433591737645e+28,-1.0694334278487156e+28,-1.6633573525193725e+28,-1.723454906681658e+28,-1.1075238312622485e+28,-2.7171759820251777e+28,-4.8171305365677645e+28,1.1969498793219646e+28,1.4904820664661622e+28,-5.11642497513792e+27,-3.434081767244247e+28,5.44929379750067e+28,3.2626421695885603e+28,-6.845751136178966e+28,2.6250280720433027e+28,1.3652324516035546e+28,-4.688501449550071e+27,5.51956364708692e+28,-1.6211577013181967e+28,-3.8039168542305093e+28,-5.195042906675027e+27,5.948608962796749e+28,1.199790681747532e+28,5.048230564898682e+28,8.679086616359573e+27,6.689708952013896e+28,6.762277236379739e+27,8.297183001813852e+28,4.281562737569617e+28,3.4288342230644394e+28,-1.0300390991344413e+28,-4.114261530348813e+28,-1.1482869230380486e+28,-3.8188585074797968e+28,-2.7657472218760732e+28,-6.632387787814007e+28,-2.2247888711758753e+28,-6.546082430029241e+28,-1.506882083284738e+28,-4.834621465214837e+28,-1.11610572230387e+28,-4.09142562773756e+28,-1.323633234178567e+28,-3.5037209153540763e+28,-1.834775117615459e+28,-2.8274320779149013e+28,-1.386055055715219e+28,-3.762314836152174e+28,-3.9815961522132645e+28,-5.564971292613188e+28,-4.677686209401754e+28,-2.91457080232042e+28,-2.375333771558457e+28,-2.489088349040258e+28,-2.6953314251252037e+28,-3.0040218259277496e+28
4.00980948625882e+27,3.2314647027893917e+27,2.6693048223750453e+27,4.6889419560388064e+27,1.1416156354947469e+27,-1.8262750413438227e+26,2.1643705824224023e+27,4.456609304699074e+27,7.590106269554108e+27,5.74207314181988e+27,7.253584216058181e+27,-4.232240023764746e+27,1.9901463423013728e+27,4.4474140947805897e+27,9.263513099530273e+27,5.382591293727791e+27,-3.67129566317975e+27,-5.524425367040261e+27,6.251022153792407e+27,-5.975009217072374e+27,-9.289361848480513e+26,5.576797320474783e+25,-1.895536289831002e+27,-4.618878087674312e+27,-5.495168911750774e+27,-3.427373562631776e+27,-8.475641150216094e+27,-9.041517560177011e+27,-1.1136862326930948e+28,-8.594670539439511e+27,-7.456230267543539e+27,-6.371907612886497e+27,-1.2844199435532754e+27,-5.028197857409776e+26,-7.81902725575159e+27,9.433489423711949e+27,-1.5269707105067143e+27,-5.248070513619236e+27,9.904676406452096e+27,6.93218612872529e+27,1.1204539997434552e+28,8.968135874074283e+27,8.66237382663217e+27,1.501374650395532e+28,1.9062934548197678e+28,9.394016296683797e+27,1.321213807827368e+28,1.848107086340226e+28,1.98328414157244e+28,1.04324512205468e+28,7.269686129434093e+27,4.2498570292380516e+27,9.891446177534172e+27,1.5321913113658645e+28,7.827610810984131e+27,-3.1186679823402236e+27,3.259528261989675e+27,7.69732431007996e+27,-4.7601597985576686e+27,-5.130369909657135e+27,-8.753924174346347e+27,-9.695711537931183e+27,-1.3367624969452682e+28,-1.3009089214676387e+28,-8.183753084438998e+27,-1.9205404909133785e+28,-3.4350741676773985e+28,7.598966615336475e+27,1.037935396361394e+28,-7.58524941277644e+27,-2.7500906874059802e+28,2.378492130672487e+28,1.2061561231552051e+28,-3.2539980320235843e+28,1.4577149000658765e+28,7.990629828975211e+27,-5.297609749973678e+27,2.963332331270745e+28,-1.2480693671496568e+28,-3.4051359252113645e+28,-3.9696027945017383e+27,2.600880755845941e+28,7.181231010094674e+27,2.7015326040914452e+28,1.0176079421015605e+28,3.566821075222635e+28,8.020950371656188e+27,4.281562737569617e+28,3.446761882949968e+28,2.0295985028288784e+28,-5.702915447828036e+27,-2.5697143839667283e+28,-5.634646782004598e+27,-2.175828030441919e+28,-1.4025211769677985e+28,-3.1734378048258833e+28,-1.1989231277308584e+28,-3.7004756165610516e+28,-7.743712482099165e+27,-2.889692039375955e+28,-5.183799352305015e+27,-2.1498371870185616e+28,-5.887754116184576e+27,-1.6094878931650188e+28,-7.620453751474455e+27,-1.157511784418908e+28,-6.660404973086683e+27,-1.4295484684306734e+28,-1.7713141433280158e+28,-2.7873268005010277e+28,-2.580154579763141e+28,-1.5431790712184474e+28,-1.2304838582072621e+28,-1.1654598049834584e+28,-1.1821407983066424e+28,-1.2952189138930861e+28
-2.014626304235645e+28,-2.5232036990762986e+28,-1.4387619418316596e+28,-1.6569133786725474e+28,-9.260461726428202e+27,-8.871395652785585e+27,7.15175005839258e+27,3.896131190216987e+27,3.841817425824319e+27,3.1629075987122864e+27,-1.0270059737522199e+27,-3.3250435726519834e+27,4.3896367422555206e+27,-1.6299061068990082e+27,4.8481621288166495e+27,-9.194711563102105e+26,-1.1545699183201222e+27,7.529800652353567e+26,7.11129322487643e+26,-7.042126730875725e+26,9.288962327273118e+27,4.303513474316179e+26,1.6413513777082137e+27,-9.754797053078155e+27,-3.580182322681992e+27,1.7040423124700295e+27,-1.4669674332763674e+28,-2.3471545334069068e+28,-5.541443427832998e+27,-5.505464986260062e+27,-8.258944116754211e+27,-1.68107912148908e+28,-1.0975638878183099e+28,-1.5010669970231327e+28,-3.2187512007515715e+28,-8.848159974139723e+27,-7.307926876194676e+27,2.5126125268401004e+28,9.579724100149655e+27,-2.3869150435922462e+28,-2.8873237914351177e+28,-2.1861232958044574e+28,-1.9789623942215688e+28,-1.6749441340471034e+28,-5.607314712290815e+27,1.0530832446398474e+28,1.3199110588376405e+28,2.524566731016608e+28,1.7684332101066735e+28,7.325012326187453e+26,8.844608585430502e+27,1.2381276442692607e+28,1.914780416766191e+28,4.33124706147959e+28,2.4543826054785385e+28,1.0219439224760278e+28,2.4108075041068344e+28,3.24113430097473e+28,1.5698192084093242e+28,1.3228279321564664e+28,1.0097277532695027e+28,1.28527556941076e+28,1.2999151683971894e+28,1.4267317716370764e+28,9.02561992610653e+27,1.5354571878006427e+28,1.8849239619414913e+28,4.000027128837729e+28,4.003984072760227e+28,2.713960604940747e+28,1.0003127161194854e+28,2.0669227394257364e+28,-1.8266105201884293e+28,-1.5192941658249145e+28,-3.3141798811950074e+27,2.0549866422007756e+28,3.0548322441081317e+28,4.716025605637983e+28,-2.8398592761130224e+28,-1.2015572926750218e+28,-2.3974919253533186e+28,-4.527008538893922e+26,-1.658254996690648e+28,6.439206480614706e+27,1.2611898076447005e+28,4.3435981200644184e+28,2.3978659676598187e+28,3.4288342230644394e+28,2.0295985028288784e+28,1.1808640810638103e+29,-1.5064463644592479e+28,4.758127150077805e+26,-1.4012327861799327e+28,-1.0456979775168365e+28,-3.981594336145722e+28,-2.694156735907564e+28,-3.133386607046451e+28,-4.724829425298074e+27,-2.011515000730471e+28,-8.281292099174101e+26,-1.5318325033014911e+28,-1.528187022779873e+28,-1.8113626268304023e+28,-2.048762546567958e+28,-2.2316523571597927e+28,-2.3985964227459866e+28,-2.6197330920574297e+28,-2.7067696157730007e+28,-3.8779635379977495e+28,-3.645382844391017e+28,-1.6695388931152678e+28,-1.5114714748232857e+28,-1.4749875873082672e+28,-1.9528166410585863e+28,-2.426682463948353e+28,-2.9523988926350082e+28
-6.261551097580334e+25,5.507804677706417e+26,-3.547703277643855e+26,-4.9204497601959844e+26,-4.0736867664321176e+26,-1.0970616503553657e+26,-2.8913805451797937e+26,-5.11000377676252e+26,-1.0522519355583816e+27,-2.2937095838333586e+26,-7.167223429612059e+26,-4.645963346087932e+25,9.276103333337068e+25,-4.801544990880376e+26,-1.7120139406071128e+27,-6.59339986659305e+26,3.9803195715534286e+26,5.0602040505715716e+26,-9.249840926535615e+26,4.20011373065654e+26,-6.13052810325314e+26,4.323687357261743e+26,-8.120985616718383e+26,2.2657666597159047e+27,1.707220716257782e+27,3.6163025758212995e+26,3.944428873853662e+27,4.472236940288591e+27,2.001563432944123e+27,1.758568560144865e+27,1.897159757197943e+27,2.9105512097101034e+27,5.156255493817113e+26,9.915201298225065e+26,4.488248910651795e+27,-8.649662461107149e+26,-3.538587595427496e+26,-1.665530513738078e+27,-1.4552544531505802e+27,-1.6941691855914147e+26,-4.333810877612567e+26,-7.409197647761179e+26,-8.151623564683333e+26,-1.9977412927494515e+27,-3.417584595049811e+27,-1.6125999614504427e+27,-2.2112266704317802e+27,-4.0438330413721116e+27,-3.759677833850976e+27,-1.1225926032680868e+27,-1.3026800291327336e+27,-1.517192619063197e+27,-2.503842636182934e+27,-5.707305260681054e+27,-3.036938525314736e+27,-1.3333746586966605e+27,-2.9741018045655944e+27,-3.9779052143619853e+27,-2.0455908941875353e+27,-1.6976483424114987e+27,-1.2180800042766178e+27,-1.5508577334283062e+27,-1.0828867066218586e+27,-1.0209498476036468e+27,-8.898466091368294e+26,-2.161018563608656e+25,1.677250837993735e+27,-5.017362574645636e+27,-5.039893925884177e+27,-3.2302892457949276e+27,8.320368788768517e+26,-6.437419763241528e+27,-1.6615450560334896e+27,9.072596478152259e+27,-1.7125219237028267e+27,-2.6732994706154647e+27,-3.499890963042413e+27,-8.290675393177192e+27,4.552351250760198e+27,3.535988385267264e+27,2.1369858983261828e+27,-6.229028642975447e+27,-9.796262003477858e+25,-4.4069695828187077e+27,-1.2825292786416874e+27,-9.063878310273521e+27,-1.976716622204224e+27,-1.0300390991344413e+28,-5.702915447828036e+27,-1.5064463644592479e+28,3.569563462538902e+27,3.577319903560778e+27,3.820406295660483e+27,5.276390397358141e+27,8.079882632663315e+27,1.102265824559933e+28,6.565619464854826e+27,7.480526676567281e+27,4.740574205642992e+27,4.886659279105853e+27,3.9039374539525613e+27,6.520298121818414e+27,4.4593375466382773e+27,7.138349433475426e+27,5.584081407983907e+27,6.979434415855863e+27,4.8490743951416985e+27,8.042002664687355e+27,9.697026707992469e+27,1.093929397277635e+28,7.258622072169718e+27,5.425924031322926e+27,4.977982319777148e+27,5.987056502075155e+27,6.814956242021348e+27,7.690531864145986e+27
-1.0624705139832837e+28,-1.1559830007665176e+28,-7.900256632376178e+27,-1.0019584557043285e+28,-5.155908486935832e+27,-3.9396239448905106e+27,1.1716322985908456e+27,-1.3648986995443932e+27,-4.235638101545047e+27,-1.6159887920759957e+27,-5.280207411270439e+27,6.245638010364259e+26,1.2834058865339974e+27,-3.9431862576966977e+27,-6.75299630214276e+27,-4.984630246290775e+27,4.419158859071348e+27,5.39252462152821e+27,-5.501179418350251e+27,5.23640656064725e+27,6.133559482120006e+27,3.330795552716655e+27,-2.8815261568362376e+26,3.465795980965668e+27,9.67926009680099e+27,7.723293199139889e+27,9.584530009630585e+27,3.672285718012303e+27,8.705924392997229e+27,6.128476156432845e+27,4.1427092555269957e+27,1.2275047485747031e+27,-3.216926699392301e+27,-4.51610751084922e+27,-1.207615447505568e+27,-1.0189714466272702e+28,-4.172603755866944e+27,1.3933628828864575e+28,-3.9547835341884676e+27,-1.4049732840809553e+28,-2.0003201365578345e+28,-1.531292972276195e+28,-1.4322226199359555e+28,-2.096001527645066e+28,-2.6216393080748944e+28,-5.493255127467474e+27,-9.035497413837432e+27,-1.3170302604902241e+28,-1.7828499777849385e+28,-7.565151725638445e+27,-3.863596008763959e+27,-1.734826949318492e+27,-5.468514196966986e+27,-7.282442681994526e+27,-3.3274719762067134e+27,3.0238138413174184e+27,3.8360057277052634e+26,-1.8048123435019052e+27,5.46733373638991e+27,5.897449963369162e+27,1.0983770610265866e+28,1.1792848487064144e+28,1.8420389077648435e+28,1.8230551616629456e+28,1.184248777341248e+28,2.6838096153315252e+28,4.155537989830894e+28,-3.3340229403394094e+26,-2.4000516082374677e+27,1.0648741398647106e+28,3.0066788481175674e+28,-2.861448518585423e+28,-2.3552079334653255e+28,4.061794464751641e+28,-1.3028573706234171e+28,-3.336829059343437e+27,9.745491306658911e+27,-2.2960881977103897e+28,3.864090549312278e+27,2.6826891302449788e+28,-4.338930607707658e+27,-3.557976821065481e+28,-1.1016571655639668e+28,-2.480335896929912e+28,-2.501361190066051e+27,-2.955222294697552e+28,2.1563868686669384e+27,-4.114261530348813e+28,-2.5697143839667283e+28,4.758127150077805e+26,3.577319903560778e+27,3.5237172386230713e+28,5.287275022063436e+27,3.0050460215039e+28,8.734441701666407e+27,3.896231196520799e+28,7.785142487784553e+27,4.715337900265392e+28,5.891731738932332e+27,3.868960620145826e+28,3.5762084552156374e+27,3.0064866293563115e+28,4.108557667281471e+27,2.180375435909688e+28,6.66115736877507e+27,1.389660972735759e+28,1.3590627050686872e+27,1.785742996659555e+28,1.7486461309738343e+28,3.0939121323864482e+28,3.2358505093419263e+28,2.0404318399741245e+28,1.6512463043196595e+28,1.46227085406284e+28,1.35300942150376e+28,1.3512869261033282e+28
-1.0820272717916324e+27,-6.226946470768474e+26,-1.206197073991371e+27,-1.4222331591511728e+27,-1.0615711289956561e+27,-7.133366021982062e+26,1.5070413818268609e+26,-2.3698382927956884e+26,-8.43197481863786e+26,2.654891556138023e+26,-7.217747371504399e+26,-5.585708231189491e+26,6.106363367051242e+26,-5.90087392636293e+26,-1.7138790450527806e+27,-8.097294980176037e+26,6.01879349159365e+26,6.581255097418753e+26,-1.0487648533549332e+27,4.582940377651598e+26,5.4504300132323646e+25,1.0201552312218506e+27,-1.2883702548069912e+27,2.533646654240356e+27,2.6833017233142096e+27,1.0684796640692635e+27,4.857356036994647e+27,4.365071882529064e+27,2.070382534863634e+27,1.7337275101856092e+27,1.709323245744499e+27,2.542409618935395e+27,-5.168969518150223e+25,4.254674253928893e+26,3.80435491626641e+27,-1.320131273138083e+27,-1.2981743574803026e+27,-5.463437368702459e+26,-8.833183605255075e+26,-1.3116780248998721e+27,-1.890585397347435e+27,-1.8754722184013066e+27,-1.8845336393778736e+27,-3.161142046556676e+27,-4.608915084962166e+27,-1.374366157311075e+27,-1.9381528088282602e+27,-3.7355166632841137e+27,-3.7223018495594757e+27,-1.0754152037139891e+27,-1.1032585089256042e+27,-1.394433829450477e+27,-2.214889043276764e+27,-5.163322465634493e+27,-2.7722404591165387e+27,-1.5118974522267461e+27,-2.828368511468018e+27,-3.575824730518208e+27,-2.2693597794270238e+27,-1.810306628520703e+27,-1.1296240054892154e+27,-1.5708978451816474e+27,-6.668018270217557e+26,-4.129844611886153e+26,-5.138257988742269e+26,1.1224158552697274e+27,2.8129658057425277e+27,-4.61182771193121e+27,-4.4413318391178633e+27,-3.373674650414049e+27,8.697840424964289e+26,-7.368930601090026e+27,-3.337827231784166e+27,1.1341538640122675e+28,-2.0127420340966977e+27,-2.4524309084293025e+27,-3.321341323651691e+27,-8.158375742816119e+27,4.0073633814468603e+27,2.832387658974907e+27,1.2364784146032548e+27,-8.322649833899018e+27,-8.070661585923651e+26,-5.009172327020992e+27,-4.279794669198004e+26,-9.331852939688465e+27,-8.257372716652188e+26,-1.1482869230380486e+28,-5.634646782004598e+27,-1.4012327861799327e+28,3.820406295660483e+27,5.287275022063436e+27,4.427870368529316e+27,7.132497883491354e+27,8.563641927015617e+27,1.3756098064498721e+28,7.001613579437567e+27,1.008026122624989e+28,5.243359768001062e+27,7.019046952986916e+27,4.243038298803521e+27,8.523062500949762e+27,4.845737363574529e+27,8.97460669401827e+27,6.275655560977067e+27,8.361947905482927e+27,4.7281248128784027e+27,9.665895674234019e+27,1.1177484319183714e+28,1.3202218780246506e+28,9.523168253222421e+27,7.130866747216362e+27,6.479642240064624e+27,7.40545428489243e+27,8.138910915002904e+27,8.964453848444196e+27
-8.486375676807671e+27,-8.841204096187601e+27,-6.687887901526335e+27,-8.3573397043834e+27,-4.631886043811941e+27,-3.49282711342733e+27,1.1898129132609927e+27,-9.446479554222928e+26,-3.374578543311102e+27,-5.723945398131302e+26,-4.1667658406241567e+27,-3.762184279669352e+26,1.7213658279558893e+27,-3.193875939787818e+27,-5.846729047068066e+27,-4.0990040009072066e+27,3.7965461212720137e+27,4.301428774379866e+27,-4.5796838524441975e+27,4.0000553968690217e+27,4.947027238990267e+27,3.695021132900333e+27,-1.5033028256297337e+27,4.335730719852166e+27,9.681496971727387e+27,7.007810639820756e+27,1.0924738883871462e+28,5.614867484617516e+27,7.479883060394079e+27,5.36575878877481e+27,3.8460634398258374e+27,2.4343733005228074e+27,-2.4579812023587314e+27,-2.910486548121917e+27,1.68398475544609e+27,-8.219072833161605e+27,-4.5553211485075367e+27,1.00631635498214e+28,-2.9713344618353326e+27,-1.105568256103745e+28,-1.5762436716351804e+28,-1.237799564576101e+28,-1.1723514169661658e+28,-1.731851951395021e+28,-2.236050717044013e+28,-4.754170877918278e+27,-7.678416253708122e+27,-1.2052044578146003e+28,-1.5423497703635458e+28,-5.995247185624885e+27,-3.4215985460802804e+27,-2.2921372969276507e+27,-5.475191406036749e+27,-9.123307202651643e+27,-4.522405441424843e+27,6.56830462209736e+26,-2.1122209617281479e+27,-4.1359378043443536e+27,1.6854796587635082e+27,2.56784189873657e+27,6.997269150288334e+27,7.041179340697104e+27,1.2856648807172222e+28,1.3039859642036169e+28,8.404459529467861e+27,2.0553578509941637e+28,3.1617748055800375e+28,-3.8770575880058604e+27,-5.116809863430841e+27,4.3727295146615355e+27,2.147649992976162e+28,-2.6491041870551584e+28,-1.985845105689897e+28,3.8388853435058045e+28,-1.064419631519037e+28,-4.192684834568195e+27,4.1836169488479893e+27,-2.2555604139717367e+28,5.282846066616786e+27,2.0089132726393706e+28,-2.4347167713708515e+27,-3.234679395359442e+28,-8.453454409075314e+27,-2.1299355293078576e+28,-1.4791814854041174e+27,-2.811277551624364e+28,1.4799350711400466e+27,-3.8188585074797968e+28,-2.175828030441919e+28,-1.0456979775168365e+28,5.276390397358141e+27,3.0050460215039e+28,7.132497883491354e+27,2.792287840633095e+28,1.2833303875779253e+28,3.942112324534498e+28,1.0877048104521726e+28,4.221867891442577e+28,8.183828878619523e+27,3.388321609834563e+28,5.632567899231988e+27,2.907952138760468e+28,6.535070499180523e+27,2.3283165687291066e+28,9.668067960291041e+27,1.686752924907125e+28,4.372675254242326e+27,2.0961241898833383e+28,2.1650475041182056e+28,3.313065918444506e+28,3.139923502181917e+28,2.0859094131223937e+28,1.7450777846657698e+28,1.6657029799960096e+28,1.6375578584930063e+28,1.6988835900356155e+28
1.3900672136146187e+27,3.198756066034841e+27,2.4841161101211644e+26,-2.2312611790915288e+26,-1.713193538490978e+26,6.273923257959066e+26,-9.623828961711802e+26,-1.7372895173883972e+27,-2.895704532930011e+27,-8.208985942502015e+26,-2.437676172781489e+27,-1.8850978581731842e+26,5.2908464415117374e+26,-1.3917029592135048e+27,-4.1269712511440403e+27,-1.7492545320667638e+27,1.4219407008127859e+27,1.312367909502827e+27,-2.1162074727144405e+27,1.0313615940845203e+27,-9.058788148651063e+26,1.4145998980959146e+27,-2.01000016128395e+27,5.160383065039341e+27,4.634124074224929e+27,1.5448323894726083e+27,9.568205200821507e+27,1.073805707050104e+28,4.6189709016751407e+27,3.9112509713753304e+27,4.0973540620406136e+27,7.049390403934622e+27,2.2721774374966852e+27,3.908919447339048e+27,1.1914311791321935e+28,-2.4103372979036562e+27,-1.3561154382512013e+27,-3.802360689705219e+27,-3.8114646336419885e+27,1.1035569588771953e+27,4.4763494442790244e+26,-7.24603062685404e+26,-1.149340850268234e+27,-4.560321893842383e+27,-8.720789676625011e+27,-5.221083605897548e+27,-7.123836865043201e+27,-1.2171627793903357e+28,-1.129830467656765e+28,-3.841570968185598e+27,-4.17258134816701e+27,-4.39714684547871e+27,-7.63026600694351e+27,-1.5936545587626794e+28,-8.758286589650301e+27,-3.4562982139428353e+27,-8.12288225620193e+27,-1.10293022965707e+28,-5.433550290124469e+27,-4.1363469739432156e+27,-2.552566548650708e+27,-3.6541803455810363e+27,-2.35403455151864e+27,-1.9549181513383947e+27,-1.485953673059861e+27,3.458536032651306e+26,3.272357116870448e+27,-1.3528812153142914e+28,-1.36226627874172e+28,-8.989547604204903e+27,1.04515522364053e+27,-1.7072438398362414e+28,-3.671735478409747e+27,2.257439602372859e+28,-5.218069676813621e+27,-7.751057212895117e+27,-8.987379920950227e+27,-2.29143153962542e+28,1.14378754447821e+28,8.023150465288676e+27,6.631108910191725e+27,-1.563557958125069e+28,4.623090521899382e+26,-1.265433088629279e+28,-3.601856708052815e+27,-2.501601999959177e+28,-6.00120931462931e+27,-2.7657472218760732e+28,-1.4025211769677985e+28,-3.981594336145722e+28,8.079882632663315e+27,8.734441701666407e+27,8.563641927015617e+27,1.2833303875779253e+28,2.0097563370106947e+28,2.7400866116133702e+28,1.603577021024849e+28,1.8217279547089146e+28,1.1130207503872432e+28,1.1950388333587467e+28,8.791386598693995e+27,1.5711218495737201e+28,1.0282656415326447e+28,1.7114361710615405e+28,1.324129259968685e+28,1.6824023951083054e+28,1.1979719139126642e+28,2.0071262781038174e+28,2.416081623864229e+28,2.736111952586819e+28,1.8132446394574438e+28,1.3354015061545249e+28,1.2000754570309764e+28,1.4240190239748366e+28,1.6400159425167986e+28,1.879690179993465e+28
-1.206877469501168e+28,-1.1360699777729327e+28,-1.0343256772995242e+28,-1.345075162288428e+28,-7.443432642396647e+27,-5.074614520946268e+27,2.273896384892372e+27,-2.2508078201987771e+27,-5.961672943319967e+27,-2.4784450518422672e+26,-8.320319319589261e+27,-2.455870067133645e+27,4.839666855865839e+27,-5.76742063642133e+27,-9.386036751095355e+27,-6.77117882273512e+27,5.340759396443075e+27,6.053392094858828e+27,-6.787548586557559e+27,4.470653946623778e+27,7.346437325449867e+27,5.814005295998591e+27,-4.1197460568012605e+27,7.652321146218504e+27,1.428794859178244e+28,9.384166038357371e+27,1.8509906415054608e+28,1.2278941304981184e+28,1.1003080863699176e+28,8.074634835681204e+27,5.835630659392767e+27,6.428102164438127e+27,-2.3172206157096692e+27,-1.2183685358169119e+27,8.079595287860593e+27,-1.4593379727756752e+28,-1.023993077274693e+28,1.3266744401615592e+28,-4.4299970377255284e+27,-1.6298174563209055e+28,-2.360326091395083e+28,-1.9959169671652205e+28,-1.9283534522792317e+28,-2.9462659562467866e+28,-3.718291628994296e+28,-9.544860810628344e+27,-1.4552635115247078e+28,-2.211941349505009e+28,-2.6871572563116454e+28,-1.1877912281224537e+28,-7.060462543578996e+27,-4.679542461011394e+27,-1.079397589911978e+28,-1.7238458139525781e+28,-9.183879617256314e+27,-9.189934199292942e+26,-5.421357939345463e+27,-8.721418398576682e+27,-1.214081799636769e+27,8.92287376566494e+26,5.988344097141336e+27,5.170412754263213e+27,1.2020116154976433e+28,1.3640308041425533e+28,8.600576805755349e+27,2.3862320921877404e+28,3.8404785158442e+28,-9.350627230678877e+27,-1.032011947474485e+28,-6.73430166502e+26,2.242264255275639e+28,-4.403214608461543e+28,-3.1272295991303935e+28,6.407428238267682e+28,-1.9678705442552718e+28,-8.851500849526591e+27,1.1267929782643532e+27,-3.955149817829609e+28,1.116364104597504e+28,2.3093397006491807e+28,-3.260885437080727e+26,-5.4632649894694485e+28,-1.249958303548153e+28,-3.807597413462058e+28,-1.6141029814898088e+27,-4.966586533233321e+28,1.0256895799966249e+27,-6.632387787814007e+28,-3.1734378048258833e+28,-2.694156735907564e+28,1.102265824559933e+28,3.896231196520799e+28,1.3756098064498721e+28,3.942112324534498e+28,2.7400866116133702e+28,6.746793080082229e+28,2.2316414945486563e+28,6.298719624026736e+28,1.6472620678531916e+28,4.7095309993847585e+28,1.2468342698423704e+28,4.317970807165436e+28,1.4613267806305533e+28,3.8904814608801656e+28,2.0541067386855345e+28,3.193439423533539e+28,1.2629167199628071e+28,4.020511305740456e+28,4.224023116594179e+28,5.786976473642989e+28,4.898019329097239e+28,3.283584902933244e+28,2.776910472504862e+28,2.8921964496431155e+28,3.054349957214897e+28,3.305973584695222e+28
7.284959105562e+26,2.0910244611772962e+27,-4.641861350003556e+25,-4.242518178893423e+26,-2.9112481353252873e+26,3.383992988431964e+26,-7.782800685030132e+26,-1.377091890399021e+27,-2.3889372317777195e+27,-7.263440871935119e+26,-1.934973663497602e+27,-1.5184326525770242e+25,2.890088052727858e+26,-1.1528230408256623e+27,-3.4908992571597785e+27,-1.4879458392399126e+27,1.1826435975502594e+27,1.192236020895251e+27,-1.867953413586994e+27,1.0309388591787503e+27,-7.542864213198147e+26,1.119527390511761e+27,-1.528603213877266e+27,4.2745563512011487e+27,3.868574769729039e+27,1.3205001102264266e+27,7.86177728682365e+27,8.647122117847246e+27,3.994958755036144e+27,3.3693449115251626e+27,3.4946988130167826e+27,5.636229750558728e+27,1.6119981369532915e+27,2.769518645069176e+27,9.288719939357364e+27,-2.020580951509243e+27,-9.20218277406072e+26,-2.8371826242595804e+27,-3.1826987953401927e+27,4.487549830519513e+26,-1.6182418066709662e+26,-9.267444166851047e+26,-1.2007638516668618e+27,-3.893177701247742e+27,-7.08573489747665e+27,-4.0830335031015883e+27,-5.546298222855811e+27,-9.522078719259926e+27,-8.824203965889611e+27,-3.0214270675543053e+27,-3.2771318691382015e+27,-3.467018623614637e+27,-5.95845552558901e+27,-1.2528052654897237e+28,-6.85675762563447e+27,-2.6209077792367906e+27,-6.344679599011847e+27,-8.631876240605444e+27,-4.0828528223363577e+27,-3.1130618779337364e+27,-1.7582144479485303e+27,-2.5688000131238834e+27,-1.3806408322444976e+27,-1.1065433397667394e+27,-9.403764082868651e+26,9.601931669122009e+26,3.753775288241058e+27,-1.0621241437315737e+28,-1.0715879653946817e+28,-6.660268750828329e+27,1.7396692124023483e+27,-1.3562271888445783e+28,-3.198955237616938e+27,1.8416115810391957e+28,-4.205501296819365e+27,-6.106061268658616e+27,-6.836922092133012e+27,-1.8149995250951377e+28,9.208291314402335e+27,7.308789886673711e+27,5.000358822052471e+27,-1.274556670460928e+28,8.696516730883607e+25,-1.0195931890908851e+28,-2.994889939079005e+27,-1.9931716963569314e+28,-4.690503848335318e+27,-2.2247888711758753e+28,-1.1989231277308584e+28,-3.133386607046451e+28,6.565619464854826e+27,7.785142487784553e+27,7.001613579437567e+27,1.0877048104521726e+28,1.603577021024849e+28,2.2316414945486563e+28,1.2885505443874463e+28,1.5466726317942746e+28,9.006494687946316e+27,1.040096864036307e+28,7.093189000439588e+27,1.3091826131097344e+28,8.250816689882338e+27,1.3983746138067511e+28,1.0598414046594194e+28,1.3537664468325879e+28,9.430980876237219e+27,1.599605890375317e+28,1.9342115249219622e+28,2.2224995794657967e+28,1.5099101057014746e+28,1.1080904843331427e+28,9.945665395277746e+27,1.1633642702294228e+28,1.3249429515406096e+28,1.5085408110437776e+28
-1.5951708118906059e+28,-1.6577409883496394e+28,-1.2465200250126098e+28,-1.6060747985382103e+28,-8.376851941607679e+27,-6.08287924065066e+27,2.333519801999378e+27,-2.4603223270564007e+27,-6.798221980152121e+27,-1.8284389906899478e+27,-9.252709800867292e+27,-5.165390336045202e+26,3.569582444195869e+27,-6.573356839198824e+27,-1.0372995871549011e+28,-7.847397785490656e+27,6.156977268064574e+27,7.701487980185471e+27,-8.112428237435732e+27,6.628299273372057e+27,8.97167864533985e+27,5.157149794673966e+27,-1.8597503738058666e+27,5.981504872675631e+27,1.4145069524288222e+28,1.053380661594673e+28,1.5691638295132367e+28,7.900808023761687e+27,1.2698473106598383e+28,9.057249030557068e+27,6.100353229029127e+27,3.5122272921439004e+27,-4.186410257984925e+27,-4.95951285909481e+27,1.4893502562152623e+27,-1.6909834375008058e+28,-8.682798251656471e+27,1.9556464770995184e+28,-5.571566156347606e+27,-2.129831459649719e+28,-3.029181654944517e+28,-2.4220347673434365e+28,-2.296967347243248e+28,-3.3503322340383896e+28,-4.053244871335832e+28,-9.272778236833789e+27,-1.4638756401001877e+28,-2.0925916769408327e+28,-2.751506752403456e+28,-1.3037800994919588e+28,-6.672890881510316e+27,-3.0386394010509175e+27,-9.049201667213702e+27,-1.182859776642171e+28,-5.767862369099976e+27,3.1968999535949465e+27,-5.0191786069019344e+26,-3.556068883057406e+27,5.469264849299744e+27,6.631998741451371e+27,1.2742702143939803e+28,1.3303759521943982e+28,2.163208363264782e+28,2.2512906604436173e+28,1.440117630332914e+28,3.4517040716873486e+28,5.465554263218127e+28,-2.1087653317711993e+27,-4.415685789109034e+27,1.0731702300638031e+28,3.675967814372779e+28,-4.358877186163082e+28,-3.5633103742570027e+28,6.377241461811974e+28,-2.1820914263329316e+28,-6.089913084918528e+27,1.1099959182335155e+28,-3.5891153101549528e+28,7.509112833726836e+27,3.3961528645536607e+28,-4.7457732944670915e+27,-5.625171737893072e+28,-1.6697176234420953e+28,-4.03452603128305e+28,-2.889763949859506e+27,-4.700175766092106e+28,3.049648302393128e+27,-6.546082430029241e+28,-3.7004756165610516e+28,-4.724829425298074e+27,7.480526676567281e+27,4.715337900265392e+28,1.008026122624989e+28,4.221867891442577e+28,1.8217279547089146e+28,6.298719624026736e+28,1.5466726317942746e+28,6.90511773518054e+28,1.1628232119752006e+28,5.416240946110333e+28,8.138697818919111e+27,4.36408152728862e+28,9.434326334543205e+27,3.480457770965903e+28,1.4018401030715514e+28,2.507272023086603e+28,5.955553036347744e+27,3.213647925018376e+28,3.2327145904850975e+28,5.10917264766104e+28,4.897375327089546e+28,3.1194555145666666e+28,2.553840222234355e+28,2.437528746097747e+28,2.4113242936002537e+28,2.5098643833970733e+28
-3.5943901237145574e+26,4.3554575703260235e+26,-7.343880356934354e+26,-9.99455611312771e+26,-7.461126572766726e+26,-3.017618744701645e+26,-1.9714541804839305e+26,-6.512917446202465e+26,-1.386203027920344e+27,-9.806909346784759e+25,-1.1427742816975512e+27,-3.543556181547826e+26,4.804562036926635e+26,-7.757647319621675e+26,-2.3126145720402132e+27,-1.0272476134495725e+27,7.822679228555826e+26,8.173897647136773e+26,-1.307503242608959e+27,6.296648755301933e+26,-2.709972398688273e+26,1.0148605498735376e+27,-1.344357296677406e+27,3.0930072991825873e+27,3.0031880958240197e+27,1.0979120529957184e+27,5.801598999916431e+27,5.857274662419912e+27,2.7004605328442153e+27,2.2790361317820057e+27,2.3198360780019316e+27,3.6547053123217015e+27,5.7984553658771e+26,1.31276225270606e+27,5.790297746477403e+27,-1.5228422034465592e+27,-1.1238254796652894e+27,-1.4439328477932647e+27,-1.7016884502297878e+27,-5.918157415250417e+26,-1.1453032934146941e+27,-1.446087032443172e+27,-1.5548110541779923e+27,-3.3066456822543204e+27,-5.336924508124391e+27,-2.3273874962181943e+27,-3.195503449589218e+27,-5.742139163665514e+27,-5.453854385334937e+27,-1.7513221348924618e+27,-1.8710821841548418e+27,-2.1231090595714642e+27,-3.52959374125286e+27,-7.745277104093201e+27,-4.2088795613657656e+27,-1.9050629281189328e+27,-4.071402673216868e+27,-5.363244108811237e+27,-2.922945940801178e+27,-2.2806464837507376e+27,-1.3944725404191553e+27,-1.9709103923491388e+27,-1.023524728770612e+27,-7.592681015636768e+26,-7.195420258117168e+26,8.8746141101844e+26,2.8817440105152203e+27,-6.734225812869517e+27,-6.658465599223288e+27,-4.582428119260847e+27,1.0084254805588265e+27,-9.395806198015722e+27,-3.1281907157963816e+27,1.356527176597154e+28,-2.7428525473065673e+27,-3.7382454462499986e+27,-4.59698367273441e+27,-1.1588829508237659e+28,5.844955916095595e+27,4.2870877403957215e+27,2.634826972268175e+27,-9.659771466236706e+27,-4.2175848652149495e+26,-6.736312555531752e+27,-1.3556984407643117e+27,-1.294097272665138e+28,-2.2476691308188395e+27,-1.506882083284738e+28,-7.743712482099165e+27,-2.011515000730471e+28,4.740574205642992e+27,5.891731738932332e+27,5.243359768001062e+27,8.183828878619523e+27,1.1130207503872432e+28,1.6472620678531916e+28,9.006494687946316e+27,1.1628232119752006e+28,6.498416906334825e+27,7.906206160388576e+27,5.201625580330926e+27,9.858928696418147e+27,6.000355955011877e+27,1.0520638260275376e+28,7.726706453692297e+27,1.004189889187772e+28,6.400460755371376e+27,1.1746865624960656e+28,1.3903062903969298e+28,1.6124721643508838e+28,1.121176294548971e+28,8.316158924284446e+27,7.513273485442832e+27,8.724521328123372e+27,9.793398880461539e+27,1.098872766761933e+28
-1.253533941621812e+28,-1.3398915536235906e+28,-9.568694152678887e+27,-1.2161034638295485e+28,-6.367796306446546e+27,-4.803463350283342e+27,1.714685788000733e+27,-1.633834240238361e+27,-4.939509278574668e+27,-1.41694187985565e+27,-6.561047895675984e+27,-2.2613195121333855e+25,2.284162729666502e+27,-4.828515858086887e+27,-7.836073530661814e+27,-5.940789991228091e+27,5.029589268002937e+27,6.151408573198003e+27,-6.334743850765878e+27,5.637904562369805e+27,7.248992779611168e+27,4.1878716315040056e+27,-1.057552210739409e+27,4.382765930054603e+27,1.1499489689983467e+28,8.874906617017173e+27,1.1913895908947599e+28,4.939744812957893e+27,9.892221369935904e+27,6.951072911083788e+27,4.5726303604130827e+27,1.756472108482779e+27,-3.6910273192857456e+27,-4.7490154912229756e+27,-5.729972741788534e+26,-1.2432437248376188e+28,-6.069092429668772e+27,1.5985283026761032e+28,-4.1347700582431733e+27,-1.655383858828317e+28,-2.347447992857915e+28,-1.8328515222313489e+28,-1.7263171492196022e+28,-2.488682113589728e+28,-3.023230756494461e+28,-6.545604309053519e+27,-1.0444557586047436e+28,-1.5027254107900603e+28,-2.0054477329730927e+28,-9.244691322266282e+27,-4.6889051136294376e+27,-2.1259429642983606e+27,-6.369409405129442e+27,-8.170950530241567e+27,-3.931062611197933e+27,2.871483016671945e+27,1.0477849612992623e+26,-2.1008727475358143e+27,5.08475730363582e+27,5.893094302777451e+27,1.125923307588904e+28,1.1826353459275233e+28,1.8996408792638489e+28,1.943358737214048e+28,1.2569037974567618e+28,2.917038080158807e+28,4.484392077162711e+28,-7.413618366703773e+26,-2.605156529628724e+27,1.0036599821634225e+28,3.0759726912339275e+28,-3.2342915872437615e+28,-2.7315968823538023e+28,4.781967360122566e+28,-1.5840512064783088e+28,-4.1719947624999345e+27,9.93166885352085e+27,-2.6088408499474845e+28,4.749287946333794e+27,2.7691814436408806e+28,-4.7356922428600694e+27,-4.203082015611352e+28,-1.2927794452620637e+28,-2.9634900207380855e+28,-2.1776952335159107e+27,-3.4353727933493802e+28,2.8855479430559986e+27,-4.834621465214837e+28,-2.889692039375955e+28,-8.281292099174101e+26,4.886659279105853e+27,3.868960620145826e+28,7.019046952986916e+27,3.388321609834563e+28,1.1950388333587467e+28,4.7095309993847585e+28,1.040096864036307e+28,5.416240946110333e+28,7.906206160388576e+27,4.360817923899559e+28,5.115607536929683e+27,3.4341226290106436e+28,5.911099598821455e+27,2.6231145703523525e+28,9.230124884625141e+27,1.7841504521482167e+28,2.7702050918804724e+27,2.2761708573796245e+28,2.2709390350641384e+28,3.800001230346243e+28,3.8222709425629866e+28,2.4355230889653307e+28,1.983864001842421e+28,1.8144828494160462e+28,1.731318548160684e+28,1.7621657923656333e+28
-4.5974243832091925e+26,1.763318086732523e+26,-7.573549460632509e+26,-9.412671891710293e+26,-7.494839753920139e+26,-3.930752806038365e+26,-4.665919478613792e+25,-3.8029503339005426e+26,-9.383395913773153e+26,7.278969692562579e+25,-7.374341103128413e+26,-4.176630234257086e+26,4.5320137009484393e+26,-5.212467332012321e+26,-1.6578393114508123e+27,-6.818583005024164e+26,3.79862857264546e+26,4.4629517983348286e+26,-8.86979836783149e+26,2.103224126282943e+26,-3.893038134212112e+26,6.28291703182423e+26,-1.1339563352948342e+27,2.3608441768682632e+27,1.8775034451917885e+27,4.3683673954911557e+26,4.2599372277435503e+27,4.6988926492946837e+27,1.885409731646214e+27,1.6796160177424394e+27,1.804697486662814e+27,3.0106284574931083e+27,3.4043761137201416e+26,9.429426610415966e+26,4.6232514517184e+27,-1.0829874510779904e+27,-9.425735698319323e+26,-1.464156378265723e+27,-1.136093541300137e+27,-6.0882899372400446e+26,-9.758520962772172e+26,-1.2722538324491248e+27,-1.3363527484723473e+27,-2.67484513601086e+27,-4.245187962744141e+27,-1.5466891616458827e+27,-2.1926782329612386e+27,-4.1051246867781847e+27,-4.011962828748475e+27,-1.1437745126141538e+27,-1.2296208810543266e+27,-1.4767185410417983e+27,-2.4601434506979864e+27,-5.706385167169594e+27,-3.0218461027669465e+27,-1.5675238318497653e+27,-3.0550777193422704e+27,-3.989567283585396e+27,-2.427364624749232e+27,-2.0052622426895096e+27,-1.6235707278755892e+27,-2.042775514621094e+27,-1.6030827031421735e+27,-1.4322656548287178e+27,-1.1749231879149358e+27,-3.9921687082586526e+26,1.24083952002293e+27,-5.068230949577089e+27,-5.019060470138713e+27,-3.8221659802068363e+27,1.613479899802667e+26,-7.360920246814545e+27,-2.4821373473405135e+27,1.0398060826867526e+28,-1.8898725984577073e+27,-2.621091219151677e+27,-3.8451889315626886e+27,-8.614840955202739e+27,4.4938167845285825e+27,2.626187081155548e+27,1.971420418703756e+27,-7.486384452980148e+27,-3.233723874526713e+26,-4.763253602243121e+27,-7.935934783626566e+26,-9.515038499986397e+27,-1.4960199527399995e+27,-1.11610572230387e+28,-5.183799352305015e+27,-1.5318325033014911e+28,3.9039374539525613e+27,3.5762084552156374e+27,4.243038298803521e+27,5.632567899231988e+27,8.791386598693995e+27,1.2468342698423704e+28,7.093189000439588e+27,8.138697818919111e+27,5.201625580330926e+27,5.115607536929683e+27,4.4039190083677355e+27,7.19031543813085e+27,5.041254967598544e+27,8.085346773806318e+27,6.340750134651281e+27,7.987821238004271e+27,5.339547929957831e+27,9.338148851273705e+27,1.08696963770993e+28,1.2092806488436953e+28,7.86152219090148e+27,5.906265480809939e+27,5.442067787023044e+27,6.69805478864808e+27,7.695163699650034e+27,8.67954698783322e+27
-8.558916263572423e+27,-8.669030714641524e+27,-6.986586111267173e+27,-8.679319802371763e+27,-4.988733145118375e+27,-3.7225602351321276e+27,1.415422685321884e+27,-8.125905553878617e+26,-3.29528855060595e+27,-1.4063546398470759e+26,-4.13411602380765e+27,-9.497692602629662e+26,2.2002639630738386e+27,-3.187105084442823e+27,-5.92103030100863e+27,-4.0732267950765174e+27,3.7285592214295955e+27,4.117244587949674e+27,-4.518731665384709e+27,3.608729751046388e+27,4.897066930148888e+27,4.016696347898922e+27,-2.17276821271708e+27,4.9256553973985906e+27,1.0097438001989836e+28,7.001636879584746e+27,1.20941926605289e+28,6.968051870484176e+27,7.469294028413264e+27,5.442955340989745e+27,4.0263121943681743e+27,3.2895842436477356e+27,-2.3857131723016322e+27,-2.4619199160690762e+27,3.1641407209110906e+27,-8.311501590543836e+27,-5.311821670816129e+27,9.358440879936871e+27,-2.746763246738591e+27,-1.1071300188822014e+28,-1.5767440898713907e+28,-1.2643240826157302e+28,-1.2061911236394203e+28,-1.801326840462405e+28,-2.3742598020016563e+28,-4.887265749095299e+27,-8.005532941333929e+27,-1.2963822676066546e+28,-1.6498658020033202e+28,-5.999452740657051e+27,-3.4966429637921644e+27,-2.5959893331376304e+27,-5.959983777797947e+27,-1.0668278877844151e+28,-5.299635064786422e+27,-1.962419923953506e+26,-3.143932910372333e+27,-5.334751701820835e+27,3.4959073362540214e+26,1.417788706013018e+27,5.729829809072177e+27,5.533304914057272e+27,1.1297280923269338e+28,1.1586645606240222e+28,7.384425369966247e+27,1.9142714194532607e+28,3.0103411611049e+28,-5.453685762618447e+27,-6.591881184232454e+27,2.2431470247915e+27,1.9922889714845835e+28,-2.908417230346923e+28,-2.073823206487448e+28,4.150980625583562e+28,-1.0799113985600314e+28,-4.731669927323196e+27,2.3252469194753788e+27,-2.484857768626949e+28,6.27566326326026e+27,1.8915675902254467e+28,-1.8589348129550345e+27,-3.4709827942404223e+28,-8.313667609926257e+27,-2.2032640807773504e+28,-1.0385140607010725e+27,-3.0419827946127044e+28,1.5039070258421503e+27,-4.09142562773756e+28,-2.1498371870185616e+28,-1.528187022779873e+28,6.520298121818414e+27,3.0064866293563115e+28,8.523062500949762e+27,2.907952138760468e+28,1.5711218495737201e+28,4.317970807165436e+28,1.3091826131097344e+28,4.36408152728862e+28,9.858928696418147e+27,3.4341226290106436e+28,7.19031543813085e+27,3.105923661591005e+28,8.356204407992047e+27,2.5943421479046006e+28,1.198298463419682e+28,1.9733808009277587e+28,6.309888656497301e+27,2.44736775629643e+28,2.535050461658117e+28,3.667189719005435e+28,3.3120818556910475e+28,2.2347848330246504e+28,1.8937903848132553e+28,1.8805113758583982e+28,1.9005427111416785e+28,2.000916218786408e+28
-3.792489597339027e+26,4.001310640833461e+26,-7.832330630157178e+26,-1.0166664876257498e+27,-8.059566822304975e+26,-3.757725474479816e+26,-5.0441390447319105e+25,-4.758833898699056e+26,-1.0995739140471387e+27,9.393506386241714e+25,-9.270778539531594e+26,-5.424539662129431e+26,6.038678329835229e+26,-6.259740840442189e+26,-1.8870320056263727e+27,-7.969465668303037e+26,4.8688836018564024e+26,5.068751956803243e+26,-9.902410818200595e+26,2.0964740984978658e+26,-3.566974399854588e+26,8.026080536611372e+26,-1.3576883778218253e+27,2.687371118886221e+27,2.2533799742768867e+27,5.9984148621248614e+26,4.949547358802312e+27,5.424326979974858e+27,2.112939339645102e+27,1.8688372588699328e+27,1.99479196300027e+27,3.478546135477282e+27,5.02576892265576e+26,1.2774503414561923e+27,5.478034735601493e+27,-1.300767896965212e+27,-1.216125096936255e+27,-1.6548938235115614e+27,-1.294500824210728e+27,-5.5299957115772054e+26,-9.795606280599841e+26,-1.3821441271620686e+27,-1.4907062574154696e+27,-3.0996167357489087e+27,-5.012065702191296e+27,-1.9138163818354504e+27,-2.7149175163464895e+27,-4.999562417259752e+27,-4.8932245932807656e+27,-1.4401032398893496e+27,-1.5153702022186161e+27,-1.7779483635298247e+27,-3.0020632425757174e+27,-6.830389082865611e+27,-3.644125436272764e+27,-1.879453975421289e+27,-3.6542246846301786e+27,-4.7770017421309714e+27,-2.9278074319535425e+27,-2.3724455622328143e+27,-1.894035213995352e+27,-2.43005612729599e+27,-1.9025922873516087e+27,-1.6600637582548717e+27,-1.3214536154749388e+27,-4.841761334856719e+26,1.2224684724024812e+27,-6.028187691687072e+27,-5.967549463669129e+27,-4.65679624398255e+27,-6.364346274168955e+25,-8.758280059803425e+27,-2.8878449546122926e+27,1.2187276332171912e+28,-2.3063730617069867e+27,-3.157360598462527e+27,-4.5627584378389415e+27,-1.0287401470612574e+28,5.214948818714863e+27,2.805778545591632e+27,2.4380768812694237e+27,-8.811233196866487e+27,-3.0349939180658892e+26,-5.723316544975438e+27,-9.047252302316388e+26,-1.134903276055734e+28,-1.8108191024276262e+27,-1.323633234178567e+28,-5.887754116184576e+27,-1.8113626268304023e+28,4.4593375466382773e+27,4.108557667281471e+27,4.845737363574529e+27,6.535070499180523e+27,1.0282656415326447e+28,1.4613267806305533e+28,8.250816689882338e+27,9.434326334543205e+27,6.000355955011877e+27,5.911099598821455e+27,5.041254967598544e+27,8.356204407992047e+27,5.808352293137392e+27,9.409193062528533e+27,7.359681955254286e+27,9.316029327196057e+27,6.24308613384194e+27,1.0994126126166863e+28,1.2752011964964933e+28,1.4173262893968853e+28,9.186647316860301e+27,6.889521199414588e+27,6.322458108965836e+27,7.770979612587648e+27,8.959255697793685e+27,1.0142289571725452e+28
-6.286653424019715e+27,-5.893474459308408e+27,-5.544312693302303e+27,-6.848236472356141e+27,-4.19571125984685e+27,-3.0568828462775227e+27,1.3476785827563886e+27,-5.841362868666841e+26,-2.484659727206224e+27,6.593444520804174e+26,-3.290078357932771e+27,-1.773055519817621e+27,2.612306782480776e+27,-2.5193161528192476e+27,-4.715896003709807e+27,-3.1582629687446176e+27,2.788589119370569e+27,2.902683061780293e+27,-3.407254077849091e+27,2.16104052322399e+27,3.604715019604246e+27,3.6980950992681703e+27,-2.9088601756616846e+27,4.960548324240471e+27,8.651884321248477e+27,5.40352809007884e+27,1.1562869963741158e+28,7.690300638588359e+27,5.735045436387528e+27,4.2896737309421246e+27,3.3119477552659656e+27,3.9072165472674607e+27,-1.5457589237263437e+27,-8.679662628897943e+26,5.073894071442228e+27,-6.486130236254447e+27,-5.531104563346985e+27,5.76863567187895e+27,-1.709388907262505e+27,-8.082221393189707e+27,-1.1530598228379322e+28,-9.745357641525001e+27,-9.404350698931387e+27,-1.4345710985219659e+28,-1.9021917685854503e+28,-4.191663975618729e+27,-6.559040623112205e+27,-1.1014213608758923e+28,-1.325302748495485e+28,-4.7685076871406046e+27,-3.0995907255082664e+27,-2.734628244052731e+27,-5.49016626046507e+27,-1.0408006655898854e+28,-5.496516820337837e+27,-1.7550156367841184e+27,-4.2873233546855027e+27,-5.998298345012851e+27,-2.3716878995571388e+27,-1.0960129084663315e+27,1.9225085752503896e+27,1.185868387135582e+27,5.310143086180985e+27,6.062013543044542e+27,3.7265832545602193e+27,1.179184310577265e+28,1.881033538296763e+28,-6.951633762238879e+27,-7.185050349426402e+27,-2.6911772643196264e+27,1.0464309008064585e+28,-2.428279063858446e+28,-1.6329163590379718e+28,3.5619010902025995e+28,-8.635659448026342e+27,-4.9459370463454823e+27,-1.858810946572787e+27,-2.1686503441083184e+28,6.600048578871672e+27,1.0963419249621438e+28,-2.016697555347564e+26,-2.9283377498877767e+28,-5.791813044964753e+27,-1.814615024520545e+28,-6.325764663873482e+25,-2.6392085434617753e+28,9.462802680377847e+26,-3.5037209153540763e+28,-1.6094878931650188e+28,-2.048762546567958e+28,7.138349433475426e+27,2.180375435909688e+28,8.97460669401827e+27,2.3283165687291066e+28,1.7114361710615405e+28,3.8904814608801656e+28,1.3983746138067511e+28,3.480457770965903e+28,1.0520638260275376e+28,2.6231145703523525e+28,8.085346773806318e+27,2.5943421479046006e+28,9.409193062528533e+27,2.382449650891452e+28,1.305735861757298e+28,1.9817282248451837e+28,8.057988839418132e+27,2.428849645855416e+28,2.5794241683663925e+28,3.419760365707582e+28,2.8350652130392435e+28,1.9792828848004377e+28,1.7131423553484058e+28,1.8047016369638782e+28,1.9014558601961023e+28,2.047790961220869e+28
-9.598316110843074e+26,-3.2370297836166464e+25,-1.4024619715030905e+27,-1.8099245557124076e+27,-1.3226890486481922e+27,-7.189095107857372e+26,1.80806015435483e+26,-5.534658560858218e+26,-1.3736498347406826e+27,3.566007574882562e+26,-1.4001123714915417e+27,-1.0256240081204603e+27,1.1865313055317027e+27,-9.623601968774618e+26,-2.4336357001726245e+27,-1.195156336364658e+27,8.916047806714229e+26,8.220293764707473e+26,-1.3592473345936846e+27,3.582518850169711e+26,2.17884729794079e+26,1.4899629730802366e+27,-1.9896067072564654e+27,3.452420299176218e+27,3.644399928185246e+27,1.4479106824762904e+27,6.8182425454269e+27,6.655929673250085e+27,2.727640023424049e+27,2.3074667888823852e+27,2.293488251789843e+27,4.084322483932574e+27,4.361686857853461e+26,1.4881504177798901e+27,6.539632944842368e+27,-2.141066356041655e+27,-2.3177736517114956e+27,-1.0446831551742164e+27,-1.3505913941879283e+27,-1.3269724554874625e+27,-2.1577570510843844e+27,-2.478630432938476e+27,-2.595183883373765e+27,-4.899212441558473e+27,-7.499202959846314e+27,-2.598330672639577e+27,-3.713625489483588e+27,-6.697775347523149e+27,-6.765249924333124e+27,-2.1318154291340348e+27,-2.04057899638102e+27,-2.3052272011064365e+27,-3.954723714898859e+27,-8.615457309306059e+27,-4.6819831957603016e+27,-2.4366609610729677e+27,-4.5929598932636806e+27,-5.937059811828062e+27,-3.7811754337491965e+27,-2.915025679403585e+27,-2.033559791449295e+27,-2.820835943978022e+27,-1.7660210474431763e+27,-1.2833297583322623e+27,-1.0692339018025222e+27,6.023495004763472e+26,2.6381749853612226e+27,-7.447840023858697e+27,-7.266711946513994e+27,-5.946898187608255e+27,1.0893474367929508e+26,-1.216700446533788e+28,-4.991589779960957e+27,1.7276013081014949e+28,-3.5048346673472074e+27,-4.096644400302204e+27,-5.478622254868592e+27,-1.3552592328754703e+28,6.229059518345458e+27,3.1843849588335644e+27,2.6925951216933607e+27,-1.2945678896577265e+28,-8.416191929566646e+26,-8.313832971957388e+27,-7.025610378011574e+26,-1.5303713406490633e+28,-1.7251447439870798e+27,-1.834775117615459e+28,-7.620453751474455e+27,-2.2316523571597927e+28,5.584081407983907e+27,6.66115736877507e+27,6.275655560977067e+27,9.668067960291041e+27,1.324129259968685e+28,2.0541067386855345e+28,1.0598414046594194e+28,1.4018401030715514e+28,7.726706453692297e+27,9.230124884625141e+27,6.340750134651281e+27,1.198298463419682e+28,7.359681955254286e+27,1.305735861757298e+28,9.562486533408531e+27,1.2573049796592544e+28,7.705361607281737e+27,1.503246855842415e+28,1.7101393618384024e+28,1.9586408011327824e+28,1.3367180498094738e+28,9.918297216288393e+27,8.968331199616615e+27,1.0638650224610356e+28,1.207556347593241e+28,1.3572546684596903e+28
-3.574453420652361e+27,-2.7481584869116266e+27,-3.5882428733077795e+27,-4.4908382928775714e+27,-2.919816532373825e+27,-1.9684660140386673e+27,9.170304170798043e+26,-5.7199519418979146e+26,-1.919745047990738e+27,8.161480776887728e+26,-2.499418543675635e+27,-1.8603960262406582e+27,2.35947626602805e+27,-1.8251981746482128e+27,-3.60577885944617e+27,-2.23256900669541e+27,1.8718066334721647e+27,1.7967083904131387e+27,-2.3531239458014188e+27,1.0296800784053864e+27,2.0554182750282227e+27,2.896584749397911e+27,-2.9249515875632664e+27,4.5331448067057934e+27,6.557507160959186e+27,3.5684617608772144e+27,9.958795662932074e+27,7.836453923057031e+27,4.1688081084565813e+27,3.2579136521048906e+27,2.7508121742941244e+27,4.357364492810849e+27,-4.5084208197439224e+26,7.155686948165152e+26,6.615036652594916e+27,-4.5165277366232386e+27,-4.6639482280365366e+27,2.1670995336052181e+27,-1.307825591258131e+27,-4.658630398579923e+27,-6.818905359743764e+27,-6.281102924999501e+27,-6.212381260065083e+27,-1.005358105568159e+28,-1.3822318206216344e+28,-3.6441149064335865e+27,-5.424714757853312e+27,-9.372653067693431e+27,-1.0426092925787112e+28,-3.666677914520626e+27,-2.780914940751253e+27,-2.7784316722811777e+27,-5.104977962840562e+27,-1.0219747776699577e+28,-5.58361141004011e+27,-2.6310683156579133e+27,-5.0274762396578e+27,-6.548418355726428e+27,-3.9745724491162744e+27,-2.6989687187664174e+27,-8.15710218353954e+26,-1.8077059323443527e+27,7.158892941663116e+26,1.5742624441639082e+27,8.00414182319055e+26,5.383005319040773e+27,9.313498672895288e+27,-8.023791810026389e+27,-7.809782579040431e+27,-5.849267377966897e+27,3.5139862837428437e+27,-1.9112694287225235e+28,-1.1094398199980706e+28,2.800976980953294e+28,-6.414098850212226e+27,-4.991819508262368e+27,-4.7947926892252106e+27,-1.8608347857338804e+28,6.863361557210698e+27,5.570689020224413e+27,1.625337469511164e+27,-2.2389371095864664e+28,-3.2090981725419035e+27,-1.3990554633389864e+28,-1.5300546082941806e+25,-2.2096980698737062e+28,-3.438677673000005e+26,-2.8274320779149013e+28,-1.157511784418908e+28,-2.3985964227459866e+28,6.979434415855863e+27,1.389660972735759e+28,8.361947905482927e+27,1.686752924907125e+28,1.6824023951083054e+28,3.193439423533539e+28,1.3537664468325879e+28,2.507272023086603e+28,1.004189889187772e+28,1.7841504521482167e+28,7.987821238004271e+27,1.9733808009277587e+28,9.316029327196057e+27,1.9817282248451837e+28,1.2573049796592544e+28,1.781315666252572e+28,8.891329027175938e+27,2.1676003363521245e+28,2.3663994636318975e+28,2.909314184168593e+28,2.2014799068177823e+28,1.582723950934864e+28,1.3959298328728435e+28,1.557013958996393e+28,1.7057428507258445e+28,1.8787226877850572e+28
2.3038187486061095e+27,3.6634581338358345e+27,1.239750745773008e+27,1.1478285152668013e+27,6.387916321655296e+26,1.0471171250517831e+27,-9.53290569628999e+26,-1.1295130125703105e+27,-1.6186541377188128e+27,-7.109367964402223e+26,-1.0864682425056106e+27,1.437456178286378e+26,-9.916199078840878e+25,-4.685049793088097e+26,-2.055093868789786e+27,-5.660659073411213e+26,2.9863577331448886e+26,2.0589734022621903e+26,-7.65598239895632e+26,5.732035892629068e+25,-1.6136956986754682e+27,1.1820444118595724e+26,-9.576311235518075e+26,2.791776609628629e+27,1.2202893864908201e+27,-3.6564231377384096e+26,4.5471592335725084e+27,6.78645285013631e+27,2.1267484989952537e+27,2.0084827698381414e+27,2.4599777669447675e+27,4.831313866447408e+27,2.066919353088118e+27,3.235853797682846e+27,8.350402764008185e+27,-4.338782668495245e+26,1.1258191606867426e+26,-4.467867917663441e+27,-2.4896157132807256e+27,2.4678122934940802e+27,2.724340149016078e+27,1.3600521906486012e+27,9.665842350571513e+26,-7.502105223405985e+26,-3.218706028490612e+27,-2.9914566698715254e+27,-4.060980765428465e+27,-7.076758579937587e+27,-6.21194298743401e+27,-1.8474625627468073e+27,-2.3993787542335026e+27,-2.6614425525636134e+27,-4.5918872944439444e+27,-1.0075081005598931e+28,-5.452839458774924e+27,-2.326211552829754e+27,-5.281522851262169e+27,-7.207746374474586e+27,-3.746682360333865e+27,-3.100370356773461e+27,-2.778178772478508e+27,-3.412255132636879e+27,-3.539610561703053e+27,-3.4979912945957843e+27,-2.4429662472224408e+27,-3.181927102996535e+27,-2.0882234547835292e+27,-8.889255076969559e+27,-9.044789744137789e+27,-6.471053996979632e+27,-1.52828159462512e+27,-8.777097815114505e+27,3.7767007125419945e+26,1.006797885349388e+28,-2.070157452071748e+27,-4.6915624050033585e+27,-6.704554545184966e+27,-1.3279026999029259e+28,7.439695034754787e+27,3.603335858383159e+27,5.22039336226282e+27,-6.164914009691273e+27,1.5865962186604548e+27,-5.679251021241754e+27,-2.63248223180057e+27,-1.3688563649424491e+28,-4.723365813013237e+27,-1.386055055715219e+28,-6.660404973086683e+27,-2.6197330920574297e+28,4.8490743951416985e+27,1.3590627050686872e+27,4.7281248128784027e+27,4.372675254242326e+27,1.1979719139126642e+28,1.2629167199628071e+28,9.430980876237219e+27,5.955553036347744e+27,6.400460755371376e+27,2.7702050918804724e+27,5.339547929957831e+27,6.309888656497301e+27,6.24308613384194e+27,8.057988839418132e+27,7.705361607281737e+27,8.891329027175938e+27,7.936647610839046e+27,1.0596453672039331e+28,1.3175423613268967e+28,1.3352675760438426e+28,7.052321351529375e+27,5.434668385353669e+27,5.106183252321449e+27,6.9537200623355e+27,8.599646205433977e+27,1.0216169526791207e+28
-4.694475219084532e+27,-3.651768544996125e+27,-4.6504738110691383e+27,-6.038163355185567e+27,-3.694230976121264e+27,-2.3900197712704287e+27,1.2598912738732933e+27,-9.431061045940531e+26,-2.637405497825611e+27,8.837740197358111e+26,-3.7879318158784694e+27,-2.478398419457565e+27,3.3692967579531097e+27,-2.6004579847965415e+27,-4.521593448203945e+27,-3.0407268741214814e+27,2.500546510681145e+27,2.3843054321144294e+27,-2.958964687151667e+27,1.2410847329448116e+27,3.2927700471764657e+27,3.610510646908384e+27,-3.533086733356704e+27,5.085565698756883e+27,7.98913301616086e+27,4.6159586926685796e+27,1.1726217432317477e+28,9.095965334864136e+27,5.053147631875074e+27,3.865427106502477e+27,3.0633811104191175e+27,5.085971732185618e+27,-4.3018621222778404e+26,1.1373923446788135e+27,7.850722223585327e+27,-6.532966787090987e+27,-6.545257475082856e+27,4.0361960516876113e+27,-1.6429662959099156e+27,-6.403839182530946e+27,-9.570178910500233e+27,-8.771683360804322e+27,-8.642899279374087e+27,-1.4367315069709734e+28,-1.966086176559334e+28,-5.283507434965276e+27,-8.000228731618359e+27,-1.3100809501619234e+28,-1.5102997661647004e+28,-5.60553192236649e+27,-3.9528482976499205e+27,-3.447836485627687e+27,-6.927322656629576e+27,-1.267870353104851e+28,-6.975012375791954e+27,-2.761735501168166e+27,-5.658533294854165e+27,-7.685441439590941e+27,-4.230123637972021e+27,-2.6192272927770464e+27,-2.4793855752871764e+26,-1.38781907503529e+27,1.753932504888708e+27,2.8690105599870034e+27,1.6985938277203853e+27,7.639804891553869e+27,1.3065325817263099e+28,-9.095779294663348e+27,-9.006935642710636e+27,-6.314527232055614e+27,5.475340850488896e+27,-2.601024466932697e+28,-1.5731781697874017e+28,3.6501192309453987e+28,-9.345997619526221e+27,-6.283898130788898e+27,-4.7384193694158196e+27,-2.448727647692538e+28,7.967665581139309e+27,7.135144835597946e+27,1.9769165623151298e+27,-3.0157467281263087e+28,-4.562357250952586e+27,-1.9583081828647812e+28,2.4718819778062214e+25,-2.9323413935641216e+28,-2.503061899827279e+26,-3.762314836152174e+28,-1.4295484684306734e+28,-2.7067696157730007e+28,8.042002664687355e+27,1.785742996659555e+28,9.665895674234019e+27,2.0961241898833383e+28,2.0071262781038174e+28,4.020511305740456e+28,1.599605890375317e+28,3.213647925018376e+28,1.1746865624960656e+28,2.2761708573796245e+28,9.338148851273705e+27,2.44736775629643e+28,1.0994126126166863e+28,2.428849645855416e+28,1.503246855842415e+28,2.1676003363521245e+28,1.0596453672039331e+28,2.7073202165725777e+28,2.8853623111429607e+28,3.579156381425384e+28,2.721770499604642e+28,1.9168789753086666e+28,1.671230275683832e+28,1.8667877115855137e+28,2.057374057655714e+28,2.276267616423196e+28
-2.779771651996859e+27,-1.2102879258932322e+27,-3.258652034341477e+27,-4.4609303306865776e+27,-2.7545607662658006e+27,-1.453258143698953e+27,4.315966999020259e+26,-1.5281093891472748e+27,-3.339087663170111e+27,2.055502001652977e+26,-3.908838544636144e+27,-1.7720751327464412e+27,2.5708694985870614e+27,-2.584002338036688e+27,-5.366528456369537e+27,-3.11218984777386e+27,2.6151768888814256e+27,2.4935733154327446e+27,-3.2848894246712777e+27,1.6145641925562516e+27,1.936664848683785e+27,3.42963508628344e+27,-3.513807712386679e+27,6.33136011420447e+27,8.399944320446381e+27,4.3572776101934206e+27,1.3433204824292876e+28,1.172480471600476e+28,6.090121022808782e+27,4.799306903047855e+27,4.2484674468625453e+27,6.948212022747058e+27,7.002510201212843e+26,2.5451035654352934e+27,1.1218861023421023e+28,-5.881907598982861e+27,-5.223967856282099e+27,1.1716778179314502e+27,-3.083564435808307e+27,-4.0979339710379177e+27,-6.651389591710082e+27,-6.564106954403296e+27,-6.711150956115454e+27,-1.205101278330986e+28,-1.7383960737326378e+28,-6.208569125387938e+27,-8.87459307791127e+27,-1.480991894990479e+28,-1.547970048118002e+28,-5.813285517421988e+27,-4.822125962917989e+27,-4.6254145105819567e+27,-8.504228699772954e+27,-1.662021020185409e+28,-9.186347794629016e+27,-3.6812254440291114e+27,-8.070811411162366e+27,-1.0842733227031056e+28,-5.700052220379416e+27,-3.8478863733147423e+27,-1.2196765104357194e+27,-2.6306937609744414e+27,4.3353283085599746e+26,1.5354130645398652e+27,7.895149312327003e+26,6.265943608173135e+27,1.1294007269319495e+28,-1.314410291748641e+28,-1.3037226039132415e+28,-8.886961272574984e+27,4.376557279064581e+27,-2.5713759724434684e+28,-1.2479037883254732e+28,3.662956385712393e+28,-9.181368818221987e+27,-8.287623765652983e+27,-7.690034988044205e+27,-2.8002775831421104e+28,1.1296360043811123e+28,9.28061013399172e+27,4.4718043573661504e+27,-2.8527876890099e+28,-3.161787447623936e+27,-1.9970250407251868e+28,-1.802570179508049e+27,-3.258934890137345e+28,-3.071639205607185e+27,-3.9815961522132645e+28,-1.7713141433280158e+28,-3.8779635379977495e+28,9.697026707992469e+27,1.7486461309738343e+28,1.1177484319183714e+28,2.1650475041182056e+28,2.416081623864229e+28,4.224023116594179e+28,1.9342115249219622e+28,3.2327145904850975e+28,1.3903062903969298e+28,2.2709390350641384e+28,1.08696963770993e+28,2.535050461658117e+28,1.2752011964964933e+28,2.5794241683663925e+28,1.7101393618384024e+28,2.3663994636318975e+28,1.3175423613268967e+28,2.8853623111429607e+28,3.245998610373354e+28,3.938102701272744e+28,2.906654971299723e+28,2.080044626513773e+28,1.827701772475869e+28,2.0535228181975924e+28,2.2803854892248135e+28,2.5466094401509623e+28
-7.454396719448538e+27,-6.295640496219925e+27,-6.791909898617977e+27,-8.967972161587661e+27,-5.07174343583929e+27,-3.2158160644781106e+27,1.1352665817316842e+27,-2.1363513795166877e+27,-5.109962870638702e+27,-3.295737419595791e+26,-6.403681267851831e+27,-1.7590026517303139e+27,3.424553279915327e+27,-4.4129084680778205e+27,-8.10503734904782e+27,-5.324050882979762e+27,4.482921118182393e+27,4.7988173336371814e+27,-5.58351745188496e+27,3.737578401146978e+27,4.734691448458287e+27,4.98832313211083e+27,-3.814387571673555e+27,7.684862811849405e+27,1.257507488297531e+28,7.698946710832892e+27,1.7410466715331361e+28,1.2846841027409599e+28,9.562053949433793e+27,7.156180191508375e+27,5.6299291890249e+27,7.076593948436229e+27,-7.439334436046121e+26,6.535835411650026e+26,1.0264636477454336e+28,-1.0560089205039053e+28,-7.464248295723756e+27,7.455631289715492e+27,-4.435347591022354e+27,-1.024380549737267e+28,-1.5307993143711644e+28,-1.3268152856421885e+28,-1.3061690635731106e+28,-2.0733826252718656e+28,-2.7290241590011856e+28,-8.396051225358138e+27,-1.2253549134964422e+28,-1.939287181668581e+28,-2.1679167461496235e+28,-9.218962338676049e+27,-6.414153451852007e+27,-5.180487091912118e+27,-1.0367099499689138e+28,-1.8454345365177257e+28,-1.007147617793437e+28,-2.417515452607291e+27,-7.557187687133684e+27,-1.0880181065330703e+28,-3.5847973114162926e+27,-1.3924495746894724e+27,3.109141679335351e+27,1.879674640690259e+27,7.483303147373504e+27,8.941834792717683e+27,5.626113481472826e+27,1.7145214320959794e+28,2.7299537190416744e+28,-1.257228885414237e+28,-1.3041436153486187e+28,-4.87949670015799e+27,1.4947332552610583e+28,-3.549691222605466e+28,-2.180108783525178e+28,5.234904037854704e+28,-1.4996049648797015e+28,-9.448625376298199e+27,-3.4414245352612393e+27,-3.568500076626613e+28,1.236256741913973e+28,1.8686072825353548e+28,2.368444818870046e+27,-4.255608057984186e+28,-8.078470340519189e+27,-3.0349224792001447e+28,-2.4515013320914053e+27,-4.340168962105271e+28,-1.7079067671740845e+27,-5.564971292613188e+28,-2.7873268005010277e+28,-3.645382844391017e+28,1.093929397277635e+28,3.0939121323864482e+28,1.3202218780246506e+28,3.313065918444506e+28,2.736111952586819e+28,5.786976473642989e+28,2.2224995794657967e+28,5.10917264766104e+28,1.6124721643508838e+28,3.800001230346243e+28,1.2092806488436953e+28,3.667189719005435e+28,1.4173262893968853e+28,3.419760365707582e+28,1.9586408011327824e+28,2.909314184168593e+28,1.3352675760438426e+28,3.579156381425384e+28,3.938102701272744e+28,5.192273714305711e+28,4.234792882573299e+28,2.915737520984737e+28,2.4973527448548333e+28,2.634976686321815e+28,2.8146536852374935e+28,3.078068090748521e+28
-9.504905202516446e+27,-9.485249098752349e+27,-7.799525058955509e+27,-9.942686971064187e+27,-5.502798666294945e+27,-3.9675187206175754e+27,1.5367978369009915e+27,-1.54033001236827e+27,-4.3887519394644886e+27,-4.209357454942633e+26,-5.816985307061069e+27,-1.1204758345080439e+27,2.8715804702393834e+27,-4.2499210695093665e+27,-7.22120496465807e+27,-5.218765661055482e+27,4.56718742973187e+27,5.135450064656189e+27,-5.51883473295166e+27,4.403665617832114e+27,5.886864699926381e+27,4.724910650745844e+27,-2.5679365837106887e+27,5.730674187006408e+27,1.1908224724640027e+28,8.25501305991154e+27,1.415075027410813e+28,7.923510290095745e+27,8.900078774422342e+27,6.356730847738825e+27,4.421787535673876e+27,3.623158581322066e+27,-2.365153618989918e+27,-2.1955143160348757e+27,3.8716202469077193e+27,-1.054363294537014e+28,-6.690351044102771e+27,1.1297589913779761e+28,-3.452484518104641e+27,-1.254564758289775e+28,-1.8029840773590964e+28,-1.46013960737409e+28,-1.4043306024323577e+28,-2.0531567421783138e+28,-2.5405408861393555e+28,-6.503841722352248e+27,-9.715536143039488e+27,-1.4796985677085789e+28,-1.778614922125159e+28,-8.167507350849899e+27,-4.889293101481878e+27,-3.320173487417962e+27,-7.269463778256162e+27,-1.152147299747029e+28,-6.198392290255329e+27,-7.609025371726102e+25,-3.489705486693676e+27,-5.693243743493843e+27,2.3409016947344435e+26,1.838356377768038e+27,6.536061124684888e+27,6.004294311142972e+27,1.2136283859741975e+28,1.3345490062688998e+28,8.622491773411671e+27,2.183198618809181e+28,3.2659081173019454e+28,-5.971158288207285e+27,-6.714289718120707e+27,1.721313234302012e+27,1.9657590268334363e+28,-2.9653984475792413e+28,-2.233929138093084e+28,4.574711844087706e+28,-1.3917405560708447e+28,-6.149627802193674e+27,2.811642890361662e+27,-2.6955835787491425e+28,7.369122949481368e+27,1.990373689144572e+28,-1.6536883437257526e+27,-3.8462439807771716e+28,-9.797372788061661e+27,-2.704639809910252e+28,-1.513512993005777e+27,-3.4497542066631757e+28,1.2394622799736577e+27,-4.677686209401754e+28,-2.580154579763141e+28,-1.6695388931152678e+28,7.258622072169718e+27,3.2358505093419263e+28,9.523168253222421e+27,3.139923502181917e+28,1.8132446394574438e+28,4.898019329097239e+28,1.5099101057014746e+28,4.897375327089546e+28,1.121176294548971e+28,3.8222709425629866e+28,7.86152219090148e+27,3.3120818556910475e+28,9.186647316860301e+27,2.8350652130392435e+28,1.3367180498094738e+28,2.2014799068177823e+28,7.052321351529375e+27,2.721770499604642e+28,2.906654971299723e+28,4.234792882573299e+28,3.8304040304874126e+28,2.566665097664116e+28,2.1512564241657535e+28,2.1128535894449494e+28,2.142627225032472e+28,2.2703898656334847e+28
-5.651682967023057e+27,-5.551504206616793e+27,-4.792508584635471e+27,-5.931332578335002e+27,-3.527670022276225e+27,-2.624252025618805e+27,1.0730142487848214e+27,-6.34658943353029e+26,-2.3222182047283145e+27,3.267992395170745e+26,-3.041136275875429e+27,-1.1648520858189845e+27,2.0058196511085707e+27,-2.3583460546863488e+27,-4.3124460028962194e+27,-3.003639916020011e+27,2.8416862977594813e+27,2.9825998638591956e+27,-3.285682975404817e+27,2.547121057652023e+27,3.525403573795024e+27,3.475236759341704e+27,-2.2284863699562486e+27,4.248401378201961e+27,8.31299796418232e+27,5.513062976885843e+27,1.0200594532625393e+28,5.799073196709677e+27,5.412083921350849e+27,3.887783850666307e+27,2.783015297048253e+27,2.593296082993506e+27,-1.546270926540697e+27,-1.2433165788010897e+27,3.155305827130696e+27,-5.85070208985195e+27,-4.5132909745399946e+27,6.136118750311538e+27,-1.658143659605398e+27,-7.255542296531517e+27,-1.0365012365972264e+28,-8.451708363645019e+27,-8.149131917272958e+27,-1.188228577764382e+28,-1.5060000579661596e+28,-3.6433994958836634e+27,-5.389915360366249e+27,-8.790443327014582e+27,-1.0252095491763915e+28,-4.2734141305048544e+27,-2.781898170641296e+27,-2.3516934450078132e+27,-4.510993839080949e+27,-8.050016627978161e+27,-4.4139094898961486e+27,-1.053088003170238e+27,-3.261984972777702e+27,-4.531955676941426e+27,-1.3176528886085672e+27,-1.1783766278800642e+26,2.9859201794383984e+27,2.338554007223084e+27,6.419523304392754e+27,7.275845133635504e+27,4.666635611303144e+27,1.27203694775154e+28,1.841733967777915e+28,-5.225877219773402e+27,-5.309761803493029e+27,-1.0805211825140926e+27,1.0151589749366432e+28,-1.856897767025014e+28,-1.3507495874654754e+28,2.941843940356654e+28,-7.695407455049337e+27,-4.2219180146253093e+27,-2.556428660795731e+26,-1.7132688236300672e+28,5.117904610759519e+27,1.0641911512960402e+28,-8.279081632307006e+26,-2.4041982938754275e+28,-5.433686723526212e+27,-1.5774772030880445e+28,-3.334274289249355e+26,-2.1592634461876566e+28,9.504723756352964e+26,-2.91457080232042e+28,-1.5431790712184474e+28,-1.5114714748232857e+28,5.425924031322926e+27,2.0404318399741245e+28,7.130866747216362e+27,2.0859094131223937e+28,1.3354015061545249e+28,3.283584902933244e+28,1.1080904843331427e+28,3.1194555145666666e+28,8.316158924284446e+27,2.4355230889653307e+28,5.906265480809939e+27,2.2347848330246504e+28,6.889521199414588e+27,1.9792828848004377e+28,9.918297216288393e+27,1.582723950934864e+28,5.434668385353669e+27,1.9168789753086666e+28,2.080044626513773e+28,2.915737520984737e+28,2.566665097664116e+28,1.7786928466248006e+28,1.5175897949735208e+28,1.5135929849514666e+28,1.544872784682498e+28,1.6402421517690128e+28
-4.4886335791656964e+27,-4.3383476846881943e+27,-3.890288882805899e+27,-4.729341973698822e+27,-2.934193257095809e+27,-2.207148275608016e+27,9.105728726082178e+26,-3.73254257209813e+26,-1.7288243932068036e+27,4.9076822459721e+26,-2.193907474663897e+27,-1.1253975635168281e+27,1.6779952691833854e+27,-1.7717526853371022e+27,-3.4557780844532584e+27,-2.3079229305550027e+27,2.220956178203653e+27,2.2824642811490857e+27,-2.598716601878713e+27,1.9347124755272041e+27,2.63317380422675e+27,2.963865827104686e+27,-2.0895233526781597e+27,3.8247280330442285e+27,7.001514198535451e+27,4.4569116996767693e+27,8.912920181150805e+27,5.29180035916678e+27,4.37171863154842e+27,3.189439236806657e+27,2.384294874963821e+27,2.4218669767388638e+27,-1.2695914696607866e+27,-9.365910733193244e+26,3.092775295409999e+27,-4.420590159368167e+27,-3.7212413948359744e+27,4.329136241398344e+27,-1.2028415547032463e+27,-5.658327095939795e+27,-8.024227751557539e+27,-6.604963632952775e+27,-6.38107956231e+27,-9.292698032295186e+27,-1.1974957231051337e+28,-2.746450861383035e+27,-4.075733486866795e+27,-6.979021863232723e+27,-8.032048918315995e+27,-3.087589974716713e+27,-2.1097124810698945e+27,-2.0174497158482622e+27,-3.639462239575498e+27,-7.033735057682988e+27,-3.8355496352879684e+27,-1.32908749473789e+27,-3.1735357203306555e+27,-4.1943337863767916e+27,-1.762094828009172e+27,-7.507183528207833e+26,1.755838193706635e+27,1.1225026575666557e+27,4.4714741905249015e+27,5.158306770965547e+27,3.235510950826248e+27,9.610664117248104e+27,1.3978146533925888e+28,-5.025885106262535e+27,-4.963835212777937e+27,-1.8955976308135162e+27,7.356609370940732e+27,-1.530944593206517e+28,-1.0758031356804703e+28,2.4421300353755943e+28,-5.791112063054972e+27,-3.5825998359367466e+27,-1.257402927082653e+27,-1.4227980975496076e+28,4.5820838859383843e+27,8.026619353611749e+27,-4.919232214779747e+26,-1.961880542078562e+28,-4.1102583237210277e+27,-1.2288593263152185e+28,-7.453819676973027e+25,-1.768383808289777e+28,7.617876024952365e+26,-2.375333771558457e+28,-1.2304838582072621e+28,-1.4749875873082672e+28,4.977982319777148e+27,1.6512463043196595e+28,6.479642240064624e+27,1.7450777846657698e+28,1.2000754570309764e+28,2.776910472504862e+28,9.945665395277746e+27,2.553840222234355e+28,7.513273485442832e+27,1.983864001842421e+28,5.442067787023044e+27,1.8937903848132553e+28,6.322458108965836e+27,1.7131423553484058e+28,8.968331199616615e+27,1.3959298328728435e+28,5.106183252321449e+27,1.671230275683832e+28,1.827701772475869e+28,2.4973527448548333e+28,2.1512564241657535e+28,1.5175897949735208e+28,1.3103416200245274e+28,1.3267249092658406e+28,1.3628087499758775e+28,1.4499660083924603e+28
-3.846134730159467e+27,-3.365830805471597e+27,-3.578745051993097e+27,-4.3711729559712003e+27,-2.8191378568160676e+27,-2.0270863175596547e+27,8.478418094848232e+26,-4.203135408889165e+26,-1.7338187456067325e+27,6.457313850537896e+26,-2.141787946201645e+27,-1.403703911966884e+27,1.8597163746219212e+27,-1.6761618679094197e+27,-3.4360646441995093e+27,-2.1473388988854195e+27,1.9283233809338576e+27,1.9406585026247102e+27,-2.399603360788609e+27,1.4368799740658032e+27,2.078485759703259e+27,2.804451609448728e+27,-2.4512173345878704e+27,4.1961769015659393e+27,6.563635322509152e+27,3.794101528968157e+27,9.299241892899939e+27,6.567384144259121e+27,4.1883902655087475e+27,3.190417561412102e+27,2.6020245375856844e+27,3.408404502554282e+27,-8.447535887625366e+26,-1.3942157492182547e+26,4.8565132321736966e+27,-4.146663946684833e+27,-3.894810328694246e+27,2.809408013988539e+27,-1.2469652505237516e+27,-4.8717456910905676e+27,-6.974489975558309e+27,-6.060372860361361e+27,-5.92251023706379e+27,-9.064671229814701e+27,-1.213010941136272e+28,-2.978158923880638e+27,-4.413092861036547e+27,-7.732911959278485e+27,-8.646412399876596e+27,-3.0805447316027683e+27,-2.2912586313054706e+27,-2.341974853231273e+27,-4.168044942709898e+27,-8.456732426732617e+27,-4.5982158995338644e+27,-2.0205534055273737e+27,-4.1112506560670657e+27,-5.339952717604259e+27,-2.9193046919420853e+27,-1.8396860456777666e+27,2.613540856069064e+26,-5.280823623807723e+26,2.29585445206224e+27,3.009889726854149e+27,1.7499879361148682e+27,7.005058264572326e+27,1.1018521976865467e+28,-6.55467972916009e+27,-6.394604994484894e+27,-3.941419320391027e+27,5.122050079108683e+27,-1.6406863423210038e+28,-1.025580972977985e+28,2.5201243582298887e+28,-5.658488524195845e+27,-4.170747230078465e+27,-3.2264744570379985e+27,-1.5809633746637602e+28,5.739012833222867e+27,6.647835175418118e+27,6.01937767366286e+26,-2.000090087397424e+28,-3.4209860237901417e+27,-1.2363482465474496e+28,-8.850396244165742e+25,-1.9073083227689413e+28,1.1862154183511156e+26,-2.489088349040258e+28,-1.1654598049834584e+28,-1.9528166410585863e+28,5.987056502075155e+27,1.46227085406284e+28,7.40545428489243e+27,1.6657029799960096e+28,1.4240190239748366e+28,2.8921964496431155e+28,1.1633642702294228e+28,2.437528746097747e+28,8.724521328123372e+27,1.8144828494160462e+28,6.69805478864808e+27,1.8805113758583982e+28,7.770979612587648e+27,1.8047016369638782e+28,1.0638650224610356e+28,1.557013958996393e+28,6.9537200623355e+27,1.8667877115855137e+28,2.0535228181975924e+28,2.634976686321815e+28,2.1128535894449494e+28,1.5135929849514666e+28,1.3267249092658406e+28,1.4171888580904718e+28,1.5070648749306628e+28,1.6333648962125645e+28
-3.168254815476407e+27,-2.357257389609511e+27,-3.2103895910662527e+27,-4.021906420254502e+27,-2.6265841832186694e+27,-1.747820953456748e+27,7.19920761867527e+26,-6.22715614841612e+26,-1.935795384398468e+27,6.357956318519914e+26,-2.3538328494131813e+27,-1.5709888708949307e+27,2.0285598800792598e+27,-1.7274842862032094e+27,-3.597873794063367e+27,-2.1535266102645346e+27,1.8457413311966264e+27,1.7932037364848882e+27,-2.34646131604654e+27,1.1598729668375615e+27,1.7532158135838671e+27,2.7497960151280535e+27,-2.719351080028631e+27,4.5353314582591056e+27,6.425023556661217e+27,3.4593697970075495e+27,9.794407299653811e+27,7.750222915151022e+27,4.221638713535819e+27,3.30044107621002e+27,2.8332297596955463e+27,4.31808541382538e+27,-3.261218147807324e+26,7.462346078144882e+26,6.584164193077134e+27,-4.158252385511506e+27,-4.1054171166109413e+27,1.735952424498827e+27,-1.5010580911256665e+27,-4.132713234948682e+27,-6.09989972915058e+27,-5.61906165644365e+27,-5.582845920874755e+27,-9.079031425185573e+27,-1.2565887597885412e+28,-3.5446525591504243e+27,-5.174679670366462e+27,-8.993967340578159e+27,-9.736366571953001e+27,-3.446930397358002e+27,-2.7403444873131e+27,-2.804530616206067e+27,-5.011351356847183e+27,-1.0171847982227487e+28,-5.572750437512338e+27,-2.5666186828885405e+27,-5.077269868420333e+27,-6.607477701283771e+27,-3.861236366045505e+27,-2.632167100094279e+27,-7.130976048676981e+26,-1.674682603676946e+27,8.197672752216435e+26,1.6185113224992433e+27,8.317505826043169e+26,5.339476610678501e+27,9.069872453257679e+27,-8.138009435442425e+27,-7.926274902441431e+27,-5.675947180040474e+27,3.5465391484444446e+27,-1.7780792325197127e+28,-9.95443796263351e+27,2.64421719579864e+28,-5.995802206076886e+27,-5.008002133610251e+27,-4.806595910439643e+27,-1.7964115835013539e+28,6.966463704279169e+27,5.9906618428158e+27,1.7779244781855985e+27,-2.0799026864562727e+28,-2.8916902159602373e+27,-1.3229655144863064e+28,-3.5147730811159436e+26,-2.125268118226535e+28,-7.271577894915438e+26,-2.6953314251252037e+28,-1.1821407983066424e+28,-2.426682463948353e+28,6.814956242021348e+27,1.35300942150376e+28,8.138910915002904e+27,1.6375578584930063e+28,1.6400159425167986e+28,3.054349957214897e+28,1.3249429515406096e+28,2.4113242936002537e+28,9.793398880461539e+27,1.731318548160684e+28,7.695163699650034e+27,1.9005427111416785e+28,8.959255697793685e+27,1.9014558601961023e+28,1.207556347593241e+28,1.7057428507258445e+28,8.599646205433977e+27,2.057374057655714e+28,2.2803854892248135e+28,2.8146536852374935e+28,2.142627225032472e+28,1.544872784682498e+28,1.3628087499758775e+28,1.5070648749306628e+28,1.6434876819449022e+28,1.8082284025308948e+28
-2.5608236598519397e+27,-1.4301681204314207e+27,-2.8707208049291513e+27,-3.73936017443189e+27,-2.4312315900052745e+27,-1.4492936366635382e+27,5.3572306229690497e+26,-9.162836776375413e+26,-2.2972476442651423e+27,4.9711503202863164e+26,-2.711587667712247e+27,-1.621887618477943e+27,2.132900037685045e+27,-1.8751653295570542e+27,-3.97571275852098e+27,-2.294295931114029e+27,1.930537044568894e+27,1.8223913980757e+27,-2.4608395732852514e+27,1.1098057514378689e+27,1.53919714150278e+27,2.797669062989471e+27,-2.9415125374037824e+27,5.003796311243717e+27,6.641067842976799e+27,3.405564554313933e+27,1.0614629563298662e+28,9.045527346776396e+27,4.5508323476013674e+27,3.608743572015075e+27,3.2060683025660474e+27,5.260242940172625e+27,2.0781867435551112e+26,1.603811241480236e+27,8.354077039619303e+27,-4.3613205010504924e+27,-4.272653613468541e+27,9.305909041194026e+26,-1.9724162217202295e+27,-3.5231127226104924e+27,-5.465086275421506e+27,-5.322509586856104e+27,-5.387008277310911e+27,-9.343502068949994e+27,-1.3365075775565744e+28,-4.3279422681438445e+27,-6.231026424394771e+27,-1.0684706403087405e+28,-1.1257348619570963e+28,-4.0252347555962966e+27,-3.3614430451283935e+27,-3.396699660647025e+27,-6.103925277032189e+27,-1.2287694129155827e+28,-6.770677093542322e+27,-3.0434034370125836e+27,-6.157429547903839e+27,-8.091710321209999e+27,-4.668633847007487e+27,-3.256045988795228e+27,-1.295250580067728e+27,-2.42283533834536e+27,-1.6183569037959556e+25,8.572643962838254e+26,3.419764548928727e+26,4.5646432900473137e+27,8.298521302130572e+27,-9.934507040419901e+27,-9.724601368408375e+27,-7.15120792624331e+27,2.8434379637310905e+27,-1.9670688628099173e+28,-9.941655925904988e+27,2.849091745387791e+28,-6.637945637133262e+27,-6.067650020602721e+27,-6.183999225471835e+27,-2.082806095522422e+28,8.416193542363079e+27,6.298209334756252e+27,2.9810082615370675e+27,-2.218471013359663e+28,-2.5263153686346563e+27,-1.4712012645681029e+28,-8.52174390706803e+26,-2.428970313585758e+28,-1.7406158619487826e+27,-3.0040218259277496e+28,-1.2952189138930861e+28,-2.9523988926350082e+28,7.690531864145986e+27,1.3512869261033282e+28,8.964453848444196e+27,1.6988835900356155e+28,1.879690179993465e+28,3.305973584695222e+28,1.5085408110437776e+28,2.5098643833970733e+28,1.098872766761933e+28,1.7621657923656333e+28,8.67954698783322e+27,2.000916218786408e+28,1.0142289571725452e+28,2.047790961220869e+28,1.3572546684596903e+28,1.8787226877850572e+28,1.0216169526791207e+28,2.276267616423196e+28,2.5466094401509623e+28,3.078068090748521e+28,2.2703898656334847e+28,1.6402421517690128e+28,1.4499660083924603e+28,1.6333648962125645e+28,1.8082284025308948e+28,2.0102788636149355e+28
