0,1,2,3,4,5,6,7,8,9,10,11,12,13,14,15,16,17,18,19,20,21,22,23,24,25,26,27,28,29,30,31,32,33,34,35,36,37,38,39,40,41,42,43,44,45,46,47,48,49,50,51,52,53,54,55,56,57,58,59,60,61,62,63,64,65,66,67,68,69,70,71,72,73,74,75,76,77,78,79,80,81,82,83,84,85,86,87,88,89,90,91,92,93,94,95,96,97,98,99,100,101,102,103,104,105,106,107,108,109,110,111,112,113,114,115
4.7912758016891083e+23,5.05532600329338e+23,4.60100506065398e+23,4.4819499291930596e+23,3.4646616116871066e+23,3.499801392351608e+23,1.8897183096676376e+23,1.823603714234915e+23,-1.3187702288822592e+23,3.0438826469371295e+23,2.6935237796443024e+23,-7.991941601834604e+22,-2.8576924291476673e+22,1.1653218942626245e+23,-9.825072978763041e+22,-7.459905523848336e+22,1.8624990322359322e+22,8.328615414516604e+21,1.9129671455745363e+22,-2.2426576887529616e+22,3.399584623012932e+22,3.1543441035784255e+22,3.105680101431502e+22,3.1388728042323788e+22,5.078766737534332e+22,3.405628265611188e+22,7.225054702361128e+22,8.232885991574017e+22,-4.816033807436203e+22,3.7944627029637765e+22,1.241976075429543e+22,5.805751577698573e+22,2.7603118702305215e+23,2.2764763180337563e+23,1.876545370424314e+23,3.391192438647581e+23,-3.995763164181885e+22,5.7996853562249704e+22,-2.317008959239847e+23,4.688597194705805e+23,5.294233710802119e+23,3.81631504267306e+23,4.03594803100075e+23,2.4014194196226417e+23,-2.2266442451371035e+23,1.586888002200915e+23,1.3217810017463113e+23,-1.3597726650968044e+23,-1.4834497227581756e+23,2.4328095202866214e+23,-3.4519598640301334e+22,5.681557795747921e+22,-6.533676199798591e+22,-1.3477078628484461e+23,-4.624837961214779e+22,-1.294669669783131e+21,-2.1439511324379054e+21,-1.6910422195692915e+21,-2.7018287291469455e+22,1.4215019102213883e+22,1.4330589191345713e+22,2.6346417538292278e+22,9.767359474306244e+22,4.818661512727861e+22,2.22450121353036e+22,9.641291464389585e+22,-1.2796282230241919e+23,-3.486889707063978e+22,-2.3927856645388324e+22,-2.7662596283994493e+22,-7.636805075180287e+22,-8.03640997795472e+22,2.237775965403067e+23,-1.4319907080769359e+23,3.330561287960325e+23,-7.432599091516383e+22,3.1135564647922124e+22,-1.010876767448488e+23,1.2318126437926906e+23,-1.0298257707892837e+23,2.5023274077655695e+23,1.7438129945343717e+23,-2.1903647162788643e+23,-1.366901899225695e+23,-2.462915421112665e+23,-4.912292510992028e+22,-2.501877702884708e+23,6.254460015397171e+21,-1.2712028734790173e+23,-8.753898960545788e+22,6.609664072018016e+22,1.2525689693630611e+23,8.975888372709273e+22,1.684628268220435e+23,2.0935839565265627e+23,2.4174477880614834e+23,1.4089199784184364e+23,2.003148265431107e+23,1.045070948798716e+23,1.773164644181925e+23,4.38794255630266e+22,1.7789695941703535e+23,1.28512345796347e+23,1.899725904767004e+23,1.7990934251207937e+23,2.171468515413757e+23,1.7719793861527282e+23,1.902043096368146e+23,2.6480216908993297e+23,2.296899670639481e+23,1.355130769330608e+23,1.2097478094611056e+23,1.3028448098547836e+23,1.6754730313764135e+23,1.9439461431979603e+23,2.2149551557696437e+23
5.05532600329338e+23,8.377218028936851e+23,5.8909828240943646e+23,4.401490692190661e+23,4.109427554888452e+23,6.065380347335413e+23,1.4895399240794333e+23,1.388174127490479e+23,-1.7046656857309304e+23,3.072137471773223e+23,2.099360631143155e+23,-6.67791141600895e+22,-9.491388485834165e+21,-1.8683038678082938e+21,-2.095886081424779e+22,3.0059102143076914e+22,6.913785690531501e+21,-1.2256716505942652e+22,-1.4219103321552325e+22,-3.3188810743436347e+22,2.039911699477929e+22,3.1101027228130027e+22,3.4753338765665e+22,4.975049772556355e+22,5.440540613239981e+22,3.379306554422349e+22,8.329450042352892e+22,1.1289428146457168e+23,-7.934500398635218e+20,-8.464063802715289e+21,-2.548414042013342e+22,6.876832146639743e+22,4.378927107775889e+23,3.845660070755156e+23,2.8054816836277503e+23,3.620972608254419e+23,-4.4210069504454217e+21,3.394435231778384e+22,-2.112016005950495e+23,4.953312047154945e+23,7.407793625047097e+23,3.46534177036865e+23,3.528424735213808e+23,1.6359780979528803e+23,-1.5598869568808363e+23,9.822027796565349e+22,8.931853918850805e+22,-1.018349052816053e+23,-1.0299449233320944e+23,1.706675574849994e+23,-3.92966113208464e+22,2.192693185352517e+22,-6.009278746227912e+22,-4.171054202905269e+22,-1.8052878405301227e+21,-2.2385306618341042e+21,-3.1750814491917345e+21,-2.882834463832415e+21,-3.098743958728896e+22,1.445814321967265e+22,1.5775242799949594e+22,2.925488925166714e+22,1.131825933715668e+23,5.10690480264755e+22,2.3630782601478883e+22,1.0145818418519235e+23,-1.1791563802670697e+23,-2.74299903274344e+22,-2.3775484275163394e+22,-3.681651389110514e+22,-7.274104685941806e+22,5.714770006150242e+21,1.8390932767556077e+23,-1.0534008046594064e+23,2.5275676715722624e+23,-2.868212249524265e+22,2.9967867886758844e+22,7.294693988393693e+20,1.4248546566179496e+23,-7.52268140938193e+22,3.932729582610587e+23,1.2682334903169339e+23,-4.711531577291876e+22,-9.1603511250107e+22,-1.5449517090691307e+23,1.2534923836682735e+22,-1.5462031772207708e+23,2.5240030898891627e+22,-5.081871234061458e+22,-4.536034070683462e+22,1.025009613080107e+23,1.414953802307328e+23,1.5111532218864748e+23,2.007445667779956e+23,2.975125606817713e+23,2.3904566962375067e+23,1.88417850615559e+23,1.9541167747218018e+23,1.4670297707246566e+23,1.8883106228305836e+23,5.803003176410297e+22,2.1971750593858106e+23,2.0162546035479672e+23,2.653020221092875e+23,2.481188262237092e+23,3.139038489823444e+23,2.751066360778537e+23,1.8813078297118306e+23,3.398150075803156e+23,2.704464754228685e+23,1.4927391084137857e+23,1.4345744466089317e+23,1.6682397067959666e+23,2.264805514523918e+23,2.619609596462834e+23,2.9439090263170725e+23
4.60100506065398e+23,5.8909828240943646e+23,5.242535130766542e+23,4.4075314115667246e+23,3.73747772551772e+23,4.176225846483706e+23,1.8580924508237018e+23,1.7293937201244846e+23,-7.902593965984666e+22,3.1064274901412207e+23,2.5433430413018722e+23,-5.2389275401235926e+22,-1.899477581927906e+22,7.674224199567233e+22,-6.1181741579682854e+22,-2.253874687304006e+22,1.427530786285893e+22,-3.887669349064455e+20,6.679191253115244e+21,-2.802931427356265e+22,3.090460936787245e+22,3.4097561244428503e+22,3.5199601161468824e+22,3.881349722367063e+22,5.410968011825067e+22,3.638143041194255e+22,7.739643851085233e+22,9.021764186135452e+22,-2.905752415366282e+22,2.0909912309004807e+22,4.527707147045282e+20,5.7382572041031226e+22,3.058467221384743e+23,2.532368441567237e+23,2.0548300661791912e+23,3.5936352560180256e+23,-2.1749944741087972e+22,5.192123463910221e+22,-1.9745023981956827e+23,4.4458817674790877e+23,5.764962260599225e+23,3.5792769034363424e+23,3.7293277980217284e+23,1.9254803803495836e+23,-1.8379608569320495e+23,1.3220724343265974e+23,1.1050225948615405e+23,-1.146148382409086e+23,-1.2087828801414133e+23,2.1583909133214254e+23,-3.2957475057687054e+22,4.530921012856295e+22,-6.262251854227396e+22,-8.215925403144561e+22,-2.4514144490723e+22,-9.786391094004704e+20,-2.064642340996713e+21,-1.1645255845130021e+21,-2.3253733401333194e+22,1.4588358478473277e+22,1.5018198989796077e+22,2.5579529442639875e+22,9.001361824556211e+22,4.8876863659802475e+22,2.3714916648702926e+22,9.455880843895502e+22,-1.0807220925486805e+23,-2.8154107687424018e+22,-1.7815884187326512e+22,-2.121472325854095e+22,-5.788008886851352e+22,-3.3019302097741456e+22,1.843837197880635e+23,-1.1514788061134783e+23,2.9926103862118486e+23,-5.4524648742389704e+22,3.0448124591057647e+22,-4.734299924629249e+22,1.2545019340523338e+23,-8.133411226460832e+22,2.7781487746457512e+23,1.4517154419553283e+23,-1.2265761106303491e+23,-1.2867359983140325e+23,-1.869185710605758e+23,-1.2895380063681876e+22,-1.9453240775466242e+23,2.1363508086330435e+22,-9.03759801787354e+22,-6.591187635796544e+22,7.47360827977358e+22,1.0824241509410911e+23,1.0285280337495682e+23,1.5037392768514482e+23,2.2919767258788646e+23,2.2191174129247866e+23,1.5332069826810864e+23,1.8174033068504772e+23,1.152900952184126e+23,1.6294963016419292e+23,4.228805694493453e+22,1.5715662561198943e+23,1.3917327272123806e+23,1.8880424304376102e+23,1.818928269868564e+23,2.2076010624784104e+23,1.9417781896259328e+23,1.6688732554042786e+23,2.719676324983443e+23,2.3483547274416483e+23,1.3774533944630333e+23,1.2467666204360843e+23,1.350047988473796e+23,1.72060530469961e+23,1.987917624031429e+23,2.2667159245673113e+23
4.4819499291930596e+23,4.401490692190661e+23,4.4075314115667246e+23,4.482760699939447e+23,3.5366953392384444e+23,3.236382129300476e+23,2.1552054406079064e+23,2.0278456124506326e+23,-7.107233924848896e+22,3.238241796853707e+23,2.924062141851316e+23,-4.577588854608596e+22,-2.992821224098309e+22,1.4518599054667606e+23,-1.0477007535072774e+23,-7.738748066666864e+22,1.9819041374464138e+22,1.1106721045538534e+22,2.4298827223442932e+22,-1.935487137549187e+22,3.8839501965790724e+22,3.3685689284313527e+22,3.0702087730720278e+22,2.4883980718871987e+22,5.300792903663748e+22,3.699352444609023e+22,7.2531556954976104e+22,7.941390373615399e+22,-5.670458516582882e+22,4.8019210175061495e+22,2.422811653029995e+22,6.241785510414119e+22,2.4488334507059903e+23,2.0675339670245393e+23,1.7159677908092434e+23,3.734042794974032e+23,-4.31356356256819e+22,6.718293154851747e+22,-2.1851599564523022e+23,4.4080329765788954e+23,4.71394584116952e+23,3.640887614442006e+23,3.9927587253808686e+23,2.4597380772191642e+23,-2.1682170814650708e+23,1.710379780336711e+23,1.4167398716251667e+23,-1.3553370424404102e+23,-1.5454004714574012e+23,2.590711780774344e+23,-1.0765988355383876e+22,5.407815113401133e+22,-5.906854602069766e+22,-1.3809075869796268e+23,-4.02188717430684e+22,-1.9544214639202363e+21,-8.703543569225265e+20,1.3805395043345562e+20,-2.3676620009032405e+22,1.7387778090991264e+22,1.6069561795844302e+22,2.699731382580809e+22,9.105140728357274e+22,5.089506672190046e+22,2.490914474945416e+22,9.702634015858305e+22,-1.1780914373837197e+23,-3.0394829581638657e+22,-1.9793522142104443e+22,-2.2210828700591952e+22,-6.972392591955805e+22,-9.455400874232627e+22,2.0799619217552996e+23,-1.3376167019870777e+23,3.5566047692582404e+23,-7.489083932752316e+22,3.637422941874714e+22,-1.204693766463794e+23,1.2260863798252347e+23,-9.741357997162769e+22,2.2640241397422937e+23,1.5997568414713025e+23,-2.0298079757675255e+23,-9.094446531991511e+22,-2.3827779057741885e+23,-6.869710212780666e+22,-2.49045863407581e+23,-9.406398999906408e+21,-1.291559281327229e+23,-8.640430264936416e+22,6.0746634535448925e+22,1.1130410973116651e+23,7.328890636887602e+22,1.4822706833563145e+23,1.9240800582284934e+23,2.2201075125101093e+23,1.3335467787443757e+23,1.8626082754468713e+23,9.681697946098654e+22,1.6399631492668526e+23,4.907128020955475e+22,1.5711400285367894e+23,1.1026429337075822e+23,1.586133250810193e+23,1.5719332129501074e+23,1.8928455650011263e+23,1.5080212393990693e+23,1.6915839972115885e+23,2.4111669486146927e+23,2.1977544376667072e+23,1.350689131755656e+23,1.1746306827569862e+23,1.2197347602048381e+23,1.5068725771404544e+23,1.7397684985158297e+23,1.987614161716513e+23
3.4646616116871066e+23,4.109427554888452e+23,3.73747772551772e+23,3.5366953392384444e+23,3.4054364464792634e+23,3.7038248065368384e+23,1.886909838890083e+23,1.845267810772773e+23,-6.342942871573115e+22,3.163049581534612e+23,2.3303111867226962e+23,-3.6479821196845117e+22,-2.4109218597512392e+22,9.983470969455513e+22,-9.270243479428607e+22,-3.2741548694278454e+22,1.1853512142237607e+22,5.640440564388993e+21,1.6962984033271731e+22,-1.2331857240551456e+22,3.368536936797488e+22,3.2599974773244715e+22,2.73377409496464e+22,1.5844526849369357e+22,5.263586556107819e+22,3.5873759611417285e+22,7.4252145189796155e+22,9.792111485083984e+22,-5.644809011895819e+22,5.184771641947429e+22,3.4742832358072494e+22,9.141481381389973e+22,2.8727893494562862e+23,2.5460107820965834e+23,2.0475472861510128e+23,3.049581534881527e+23,-3.4318288974830736e+22,5.9707635475608674e+22,-2.2757596530697826e+23,3.470153462145089e+23,3.6833209802699394e+23,2.5929132289913422e+23,2.96631393630525e+23,1.8153342291437308e+23,-1.5206382189938462e+23,1.3063503373028238e+23,1.1306980505296591e+23,-1.083078664639431e+23,-1.2408083448704373e+23,1.9662512552587958e+23,-2.1830227224219686e+21,2.2947828247998644e+22,-4.057233627207086e+22,-1.0091407139036975e+23,-1.6989170108675182e+22,-2.516144501662697e+21,-7.878833491614715e+20,-8.029690043278794e+20,-1.6768121285729264e+22,1.8186546683344704e+22,1.453712438007929e+22,2.184026943086998e+22,7.881407071006805e+22,4.741348553942795e+22,2.3802262604338505e+22,8.845131466944579e+22,-9.901516561120687e+22,-2.328914358546598e+22,-1.9318066508134103e+22,-2.4517922814393032e+22,-6.630931780457361e+22,-8.620983726314962e+22,1.6584266421163608e+23,-1.0276971098616324e+23,2.594147556379884e+23,-4.81606605622957e+22,3.739203286737756e+22,-1.114694532254493e+23,1.4554761308032672e+23,-7.90869402327074e+22,2.7417040631037087e+23,1.0871142516143158e+23,-1.4654029422747299e+23,-2.6912831579132357e+22,-2.1800331533500133e+23,-7.971591365884457e+22,-2.3210041976483464e+23,-3.664733005553092e+22,-9.899991682678247e+22,-6.523887375743728e+22,7.71260079065906e+22,1.0166894343284368e+23,7.750552658304848e+22,1.3615761176440459e+23,2.0062089867950497e+23,1.7739817024318843e+23,1.4213988191442845e+23,1.5379425749572014e+23,1.058543532470982e+23,1.4295266360588274e+23,8.229943331395671e+22,1.4926714260000825e+23,1.241218579076275e+23,1.4941937541911657e+23,1.5611884260065808e+23,1.9323183129404342e+23,1.6216412819651934e+23,1.3659024800121575e+23,2.233815434740573e+23,2.0188676129888406e+23,1.2734740543539518e+23,1.1358975315151731e+23,1.199746987467092e+23,1.491901168715184e+23,1.7037365505185735e+23,1.908737113868299e+23
3.499801392351608e+23,6.065380347335413e+23,4.176225846483706e+23,3.236382129300476e+23,3.7038248065368384e+23,5.531580490258368e+23,1.456448330679369e+23,1.4829775409931632e+23,-1.732494713518062e+23,3.125594079704214e+23,1.739367101595398e+23,-6.088944373101308e+22,-1.3671189752819281e+22,3.39969657031965e+21,-5.90818518690219e+22,2.9476080753843666e+22,3.176325265922364e+21,-7.894572846754719e+21,-4.4430814654150203e+21,-1.7504710313333167e+22,2.435816713483915e+22,3.3320145675344473e+22,3.041287808784881e+22,2.658360305098659e+22,5.825997107989463e+22,3.6763163874392596e+22,8.76453282833671e+22,1.314362809816152e+23,-3.3779699945891185e+22,3.0713578214317573e+22,1.9084958422510667e+22,1.1689256684327566e+23,4.3416920763815475e+23,3.862589521759869e+23,2.923095704423283e+23,2.6839658235145873e+23,-1.4725235596909074e+22,4.464116515950587e+22,-2.6757713858190126e+23,3.5411640549974494e+23,4.618186347319577e+23,2.1993007697833213e+23,2.4672192784124616e+23,1.2990869399208499e+23,-1.070632131769152e+23,8.609760755265528e+22,8.381397164905238e+22,-8.96434617647174e+22,-9.674672851262606e+22,1.3657477423544814e+23,-1.8466959291676744e+22,-5.193970745709275e+21,-3.7189465283720448e+22,-3.7706762138419913e+22,1.8708004951821776e+22,-3.476739370047191e+21,-1.298746781920906e+21,-1.1950720261796208e+21,-2.0500375436979283e+22,1.8832959436431276e+22,1.6087979310727406e+22,2.543962760549631e+22,9.690137974598215e+22,5.21016522011283e+22,2.541246525441639e+22,9.785031943617537e+22,-9.940382528088428e+22,-1.840655142328196e+22,-1.9932633040712595e+22,-3.271923508881525e+22,-6.979113571506326e+22,-3.937811669303021e+22,1.4595159326276795e+23,-8.30569505333246e+22,1.775100870891512e+23,-1.6897101086476217e+22,3.8559924617813546e+22,-5.35536934724622e+22,1.794624821745976e+23,-6.544039359704746e+22,4.06492009186618e+23,7.914843818092646e+22,-8.25645881636914e+22,-1.3663633323667875e+22,-2.057628263272964e+23,-4.709282268726849e+22,-2.139763049220209e+23,-3.0560304832657924e+22,-5.81082311339232e+22,-4.089026391398486e+22,1.1195011425081193e+23,1.2171484032160642e+23,1.2495857573051494e+23,1.6964069314816297e+23,2.751264520914663e+23,1.838802314734062e+23,1.8685981753451126e+23,1.5973839195788946e+23,1.4471855487928574e+23,1.6127002915648414e+23,1.0700727888627459e+23,1.8976011341785142e+23,1.8453935720672098e+23,2.0938115198954363e+23,2.1351783876268077e+23,2.728126637716027e+23,2.407460668710859e+23,1.4256773808576624e+23,2.8640046187862712e+23,2.405778278676403e+23,1.4481165227182738e+23,1.3737346799612894e+23,1.5462961108887058e+23,2.0096559504325313e+23,2.286789309626824e+23,2.529576177465035e+23
1.8897183096676376e+23,1.4895399240794333e+23,1.8580924508237018e+23,2.1552054406079064e+23,1.886909838890083e+23,1.456448330679369e+23,1.3664094910674793e+23,1.2864000605691493e+23,2.58021978451003e+22,1.9334485177302132e+23,1.6665730853197666e+23,5.82289643309843e+21,-1.7775605699742716e+22,1.0709468461198132e+23,-6.517214999861329e+22,-4.158666883823775e+22,1.037248342969161e+22,8.691824081463725e+21,1.800782069134475e+22,-4.266493763410473e+21,2.487943897054796e+22,1.9034880957365784e+22,1.3974754979415513e+22,3.135758774675255e+21,2.934359839526437e+22,2.1600189120061842e+22,3.8268890047174e+22,4.417857513080557e+22,-4.168323977470593e+22,3.850414592206701e+22,2.7655332924161897e+22,4.508970082577743e+22,1.0467850724184288e+23,9.800734482464856e+22,8.395064083525853e+22,2.1109847246578648e+23,-2.7279822333695345e+22,4.414998973700146e+22,-1.1083665406488614e+23,1.8880955393092454e+23,1.553167540169135e+23,1.5311398062819905e+23,1.8764749025514635e+23,1.2792838987465609e+23,-9.955760212792853e+22,9.822493065448348e+22,8.117926138693869e+22,-6.601752083570344e+22,-8.471188895248272e+22,1.4277885871021113e+23,2.0565588675629807e+22,1.8490815496575976e+22,-1.8199662265564932e+22,-7.885194733091563e+22,-1.443297131859424e+22,-1.8287003259153348e+21,1.3435162595276533e+21,2.346057129607715e+21,-6.850584861046116e+21,1.2517992735948654e+22,9.483010222828938e+21,1.315506603789206e+22,3.7704297727521873e+22,2.808595457409249e+22,1.5032470859950043e+22,4.916072562623001e+22,-4.969518216060917e+22,-9.762414037995555e+21,-6.072497395195584e+21,-6.841798092415204e+21,-3.2215021935326453e+22,-6.9833072804329895e+22,9.055616734173315e+22,-5.718921660286832e+22,1.9451131530520148e+23,-3.5957015558639105e+22,2.4976818201611414e+22,-9.225644707159489e+22,7.1605438876667185e+22,-4.411340476021981e+22,1.0638075882319592e+23,6.1014307768967e+22,-9.951336253432289e+22,1.6147233528887193e+22,-1.2658827172458646e+23,-6.591360511532529e+22,-1.4091958985118313e+23,-2.9732595752721822e+22,-7.226048665113734e+22,-4.2905852087156825e+22,3.1553721309476424e+22,4.472444542865058e+22,2.442780136344389e+22,5.873399237643809e+22,8.484178815887171e+22,8.813697110446686e+22,6.440019448140307e+22,7.810325883834148e+22,4.5623014543235595e+22,6.9360282553248605e+22,4.2157225327226956e+22,6.6283100994210156e+22,4.664794574336203e+22,5.217326474032851e+22,6.378337223801673e+22,7.635226147137254e+22,5.8364666299975735e+22,6.418137492624202e+22,9.773437259118633e+22,9.906411362500179e+22,6.788313154446043e+22,5.666188807396781e+22,5.5166705339064165e+22,6.352160395981032e+22,7.199380061223227e+22,8.106198357462611e+22
1.823603714234915e+23,1.388174127490479e+23,1.7293937201244846e+23,2.0278456124506326e+23,1.845267810772773e+23,1.4829775409931632e+23,1.2864000605691493e+23,1.26340074113162e+23,1.9438210198695764e+21,1.9283896695456483e+23,1.55767616676153e+23,-1.0704990066037502e+22,-1.882929425470595e+22,9.987018571550492e+22,-7.2801388677343425e+22,-4.252428621469005e+22,9.520376693347588e+21,8.727928128995097e+21,1.8611329796319497e+22,-2.690543182786594e+21,2.422718371171046e+22,1.9152388616099283e+22,1.393785549444355e+22,1.771465983427401e+21,2.986989775255953e+22,2.1396923502784043e+22,4.016636347021057e+22,5.041649546594841e+22,-4.63297837769233e+22,4.353811390131417e+22,3.2190184263890225e+22,5.34863860016862e+22,1.2002901303318717e+23,1.0817486911251072e+23,9.541017866840364e+22,1.8367871365447235e+23,-2.9255811948697784e+22,4.320650661599433e+22,-1.3157363849431197e+23,1.8347392131472738e+23,1.3569511898417846e+23,1.4744960522847648e+23,1.7893949366233467e+23,1.231857116722281e+23,-9.871358684686247e+22,9.36911419111994e+22,7.812801507342551e+22,-6.696120474861811e+22,-8.331356024390287e+22,1.3490064972544908e+23,1.1316158515010687e+22,1.731343854333351e+22,-1.878329183959596e+22,-8.279258789038066e+22,-1.7294661448737967e+22,-1.5854479967661114e+21,8.325556888423156e+20,1.3120547085801121e+21,-6.581124235620494e+21,1.17892064475147e+22,8.626451835991039e+21,1.1984662540579865e+22,3.8212412028171344e+22,2.7311010185700245e+22,1.420444102931373e+22,4.920785057435318e+22,-5.390626086424162e+22,-1.1880987241933896e+22,-8.520173988530196e+21,-9.310735686817006e+21,-3.65480794264703e+22,-7.522882224916966e+22,9.717709785827345e+22,-6.175171254323732e+22,1.7715894669952784e+23,-3.6323190431037168e+22,2.419928473244559e+22,-9.796590416598746e+22,8.152055902897921e+22,-4.821133967395423e+22,1.2156596070132513e+23,6.398647781550111e+22,-1.200354116342011e+23,3.409750828906768e+21,-1.4576391990663942e+23,-7.023750263167813e+22,-1.589277272216855e+23,-3.321819903420586e+22,-7.6641686340825e+22,-4.577784537195935e+22,3.652575874015088e+22,4.916925592822133e+22,2.7235753558824607e+22,6.401308830155082e+22,9.021038381610705e+22,9.174552108557452e+22,6.930293448592395e+22,8.18715054041289e+22,4.996421796007523e+22,7.30796159698669e+22,5.0001227402917406e+22,7.128031948509087e+22,5.272038706687193e+22,5.8104158465792326e+22,6.917663901129711e+22,8.25227817495989e+22,6.559427386357882e+22,6.957771094406367e+22,1.013491402517118e+23,1.007876288317754e+23,6.901449502738245e+22,5.845791143882424e+22,5.776408834180318e+22,6.769104670134616e+22,7.667142133880744e+22,8.570093442091915e+22
-1.3187702288822592e+23,-1.7046656857309304e+23,-7.902593965984666e+22,-7.107233924848896e+22,-6.342942871573115e+22,-1.732494713518062e+23,2.58021978451003e+22,1.9438210198695764e+21,3.628067837616434e+23,-3.956631181171886e+22,3.5074286453305723e+21,1.5061446314920192e+23,1.1217176157939671e+22,7.73072973693418e+22,6.8209791406745215e+22,3.124460867824882e+22,-1.3790515390216672e+21,1.1488662352011267e+21,-1.7582872070916732e+21,6.782870777863629e+21,-2.4094202807790946e+21,-1.1800503112872042e+22,-1.4161156137352876e+22,-1.410725642121982e+22,-2.3613382091817966e+22,-1.1413497425774072e+22,-3.9642494423783556e+22,-6.076463313616428e+22,2.81623578005027e+22,-2.894259836782628e+22,-2.2046158198403863e+22,-6.320232480854006e+22,-2.3053129033747878e+23,-1.6403237656261675e+23,-1.3579198742631789e+23,7.935889728307152e+22,1.7197431344571632e+22,-6.691186082726372e+21,2.2688095486780242e+23,-1.3710197641388615e+23,-1.2755968403263705e+23,-9.711241617731387e+22,-7.903845793323174e+22,-5.621665287425872e+22,7.03694114914069e+22,-1.4068641601648828e+22,-2.236209873633236e+22,6.109655949230749e+22,4.252780629466092e+22,-1.7348704933038237e+22,8.378116180679206e+22,-1.5372457453184147e+22,4.026206030328246e+22,2.518929932656884e+22,7.992762810828627e+21,-7.148486774467465e+18,4.716134527061532e+21,6.663928152593115e+21,1.7708638084218789e+22,-9.524616492070409e+20,-3.7761544230272007e+21,-1.1317569076627293e+22,-6.220305861118915e+22,-1.979261273245938e+22,-6.023757292303491e+21,-4.724461129049361e+22,7.647738748910222e+22,2.4254334842800393e+22,2.1648536776797e+22,2.6473054706591462e+22,4.944960348265938e+22,3.583365982981393e+22,-1.0782827577714761e+23,7.761930396101165e+22,1.9051759938916646e+22,2.422289380308596e+22,-6.343432794137798e+21,2.2790827354287757e+22,-9.110017604722641e+22,5.761238741054274e+22,-1.9818526933184817e+23,-8.528233308455978e+22,1.8828278506892687e+23,1.735062203313268e+23,1.9610818160559426e+23,7.621549365001818e+21,1.737858547776891e+23,-2.374131479492156e+21,4.7742597302901375e+22,4.003346902911206e+22,-5.006675305270443e+22,-8.256508312426442e+22,-5.498360604010758e+22,-1.0583647498023314e+23,-1.2633387413218524e+23,-1.2962185728589739e+23,-8.591343233689757e+22,-1.1004211009542922e+23,-6.708885885556876e+22,-1.0404791251347264e+23,-4.211911635209208e+22,-1.0191350981658568e+23,-7.823214080014521e+22,-1.1993292508690525e+23,-1.0266990047906137e+23,-1.2922247016562758e+23,-1.0882699443921131e+23,-1.068778114425146e+23,-1.4978849824706074e+23,-1.221421962904054e+23,-6.781299794408034e+22,-6.724280746917324e+22,-7.783473605341762e+22,-1.0032836563168792e+23,-1.1459741582019254e+23,-1.2871623613690239e+23
3.0438826469371295e+23,3.072137471773223e+23,3.1064274901412207e+23,3.238241796853707e+23,3.163049581534612e+23,3.125594079704214e+23,1.9334485177302132e+23,1.9283896695456483e+23,-3.956631181171886e+22,3.154795029384282e+23,2.322327739981078e+23,-3.129048518524607e+22,-2.731601807963854e+22,1.2469101463296481e+23,-1.0799265131280637e+23,-4.582712148971294e+22,1.2223889055902186e+22,9.235637147108492e+21,2.2678487230939897e+22,-6.316569568958636e+21,3.5895144253375113e+22,3.186080187818609e+22,2.42288990997391e+22,6.85880934580501e+21,5.12060676016483e+22,3.542624368891851e+22,7.12428871426244e+22,9.612082454508621e+22,-6.836286977091572e+22,6.449870155709257e+22,4.7786025837154015e+22,9.842244381683917e+22,2.553451599529568e+23,2.273357986004768e+23,1.908726887172545e+23,2.8291157173442944e+23,-4.1419525751352244e+22,6.429612384420394e+22,-2.3257831889188762e+23,3.061872567321658e+23,2.6430963005325912e+23,2.3184189423325177e+23,2.7643938354569184e+23,1.814070754168404e+23,-1.4693722863982309e+23,1.3560672074725414e+23,1.160881061349413e+23,-1.0489141700724992e+23,-1.2593284574088098e+23,1.978751393552283e+23,6.986512054692542e+21,2.0436065160460428e+22,-3.2063441553279838e+22,-1.1509050154465364e+23,-1.8997566677425163e+22,-2.6008018219214826e+21,5.84207650457917e+20,8.661685080002581e+20,-1.1746079517241025e+22,1.8926151784950776e+22,1.4199359637267432e+22,2.0117054823571978e+22,6.927483693982113e+22,4.596230986818053e+22,2.346666853392965e+22,8.399269534174673e+22,-9.14474280646653e+22,-2.0079225996718417e+22,-1.6277299133386947e+22,-1.9813788285434207e+22,-6.3292183267386975e+22,-1.080118528129976e+23,1.569198375678096e+23,-9.805949356932363e+22,2.557131796888112e+23,-5.008075820182951e+22,3.902910143249197e+22,-1.399592306461465e+23,1.4768463431133146e+23,-7.724117522550345e+22,2.507539456873166e+23,9.856515883475558e+22,-1.7369326085056913e+23,-1.9986245819023633e+21,-2.3501191042077084e+23,-1.0314610161027322e+23,-2.53347736194313e+23,-5.248808084877501e+22,-1.105665329756641e+23,-6.837234540362064e+22,7.359046461162645e+22,9.022191184338573e+22,6.279727253677334e+22,1.1973797348385126e+23,1.7718761624000827e+23,1.5688678967813357e+23,1.3126458647432008e+23,1.3958320645980287e+23,9.72367139262061e+22,1.2890255272449786e+23,9.231309383725563e+22,1.3266151407557624e+23,1.1049842555461958e+23,1.217633915185137e+23,1.3678808594948341e+23,1.6717809958469315e+23,1.3963060870033818e+23,1.2071853121650968e+23,1.9214975124831696e+23,1.8093168608136586e+23,1.198726634829509e+23,1.0516116177092198e+23,1.0830621790857899e+23,1.3157831655506645e+23,1.4913943779543915e+23,1.6570829893192263e+23
2.6935237796443024e+23,2.099360631143155e+23,2.5433430413018722e+23,2.924062141851316e+23,2.3303111867226962e+23,1.739367101595398e+23,1.6665730853197666e+23,1.55767616676153e+23,3.5074286453305723e+21,2.322327739981078e+23,2.148208743017087e+23,-6.148747726249477e+21,-2.3118601382648925e+22,1.329822413048835e+23,-8.284521722096539e+22,-6.3481244435375114e+22,1.4664551035909976e+22,1.1515205500228627e+22,2.2962257443532795e+22,-8.0693527880112e+21,3.055013066407056e+22,2.327536204006342e+22,1.8439503743632322e+22,8.191244929807473e+21,3.5904734498230016e+22,2.6243662433119946e+22,4.685883101271523e+22,4.988454507923418e+22,-4.948096167384452e+22,4.437191379231871e+22,2.8944376769431315e+22,4.68576545931995e+22,1.2812046460495689e+23,1.1409019049352069e+23,9.814605131825758e+22,2.6849366089417594e+23,-3.544465516002383e+22,5.369030152745423e+22,-1.4024059827748727e+23,2.6690486328617638e+23,2.3808636828047348e+23,2.2469299657704908e+23,2.6188087763598156e+23,1.7455075026672782e+23,-1.4348177786228322e+23,1.2862250360174213e+23,1.054520452670652e+23,-9.075461680458095e+22,-1.117009849444721e+23,1.8890079930938353e+23,1.4660762371145075e+22,3.3651040034970594e+22,-3.1160738164510873e+22,-1.06739844970999e+23,-2.6433624417312885e+22,-1.8883325410557942e+21,9.457165372682222e+20,2.121394028192197e+21,-1.1887479214759425e+22,1.422052882283736e+22,1.174351493027907e+22,1.7775622637630639e+22,5.302245102851261e+22,3.520519564433609e+22,1.82209626010872e+22,6.363778669880935e+22,-7.079650754536767e+22,-1.633244662398805e+22,-9.65933813456417e+21,-9.985937982293346e+21,-4.314924417216373e+22,-8.557946798740952e+22,1.2933293821391231e+23,-8.352592931892314e+22,2.593179126294263e+23,-5.26736473457403e+22,2.8881669143728197e+22,-1.1071760772486531e+23,8.202114631795449e+22,-6.2439000206557774e+22,1.2491501011594839e+23,9.553092123838628e+22,-1.4285780830520398e+23,-1.5121776086548614e+22,-1.6469958020234845e+23,-7.258643400402556e+22,-1.7846058506314883e+23,-2.483961173805367e+22,-9.615476008097361e+22,-5.9988947565926255e+22,3.538044959177254e+22,6.269840406378252e+22,3.2515914443854468e+22,8.202226916705092e+22,1.0728982954748338e+23,1.2892897513636509e+23,7.909444937135627e+22,1.1117981167909068e+23,5.568292820594483e+22,9.669266841742251e+22,4.090373667077382e+22,8.916136474058276e+22,5.741963278239667e+22,7.59274404219261e+22,8.448802314357057e+22,1.0022531977333568e+23,7.498813058705886e+22,9.539360716051663e+22,1.3342293161778041e+23,1.316531893856933e+23,8.681482577674503e+22,7.260103004219386e+22,7.140465424302562e+22,8.34844725652377e+22,9.552014345463107e+22,1.0885897029829614e+23
-7.991941601834604e+22,-6.67791141600895e+22,-5.2389275401235926e+22,-4.577588854608596e+22,-3.6479821196845117e+22,-6.088944373101308e+22,5.82289643309843e+21,-1.0704990066037502e+22,1.5061446314920192e+23,-3.129048518524607e+22,-6.148747726249477e+21,8.932539488399948e+22,7.949124631518707e+21,2.2319944520396813e+22,4.154732883181403e+22,2.367461397786799e+22,-2.049635116985871e+21,-1.0343076137648951e+21,-4.612747331828496e+21,3.929408176556939e+21,-2.9302366635003866e+21,-6.854649253581775e+21,-8.53198117072224e+21,-8.127405115625218e+21,-1.1708876561269643e+22,-5.757059483067931e+21,-2.0279231556668885e+22,-3.0379380937812762e+22,1.897585718990402e+22,-1.8085465451620544e+22,-1.0789538614706035e+22,-2.780991908201812e+22,-9.824419407452186e+22,-6.0983958509845295e+22,-6.439424332202682e+22,4.8408226878109115e+22,1.1148598176360218e+22,-5.261718557170583e+21,1.1503974609651344e+23,-7.849465910927785e+22,-5.955873488419934e+22,-6.8020181420822235e+22,-5.401899671877839e+22,-3.1038327376499274e+22,4.649418699376655e+22,-1.0981187550694926e+22,-1.1724006990559324e+22,3.2480408691965346e+22,2.165988886892477e+22,-1.6456353239647857e+22,5.417481038387634e+22,-1.3959531002019285e+22,2.2934144892988478e+22,2.5151641954425512e+22,1.6015448506353351e+22,-9.702056505496886e+20,2.6992375729428963e+21,3.8727909691275236e+21,7.3605955108703e+21,1.2184688375835024e+21,-7.918258430667478e+19,-2.8089278234650157e+21,-2.5074081834877384e+22,-7.140393970600352e+21,-1.324767768411554e+21,-2.058521912523118e+22,4.073413123494629e+22,1.4863233647185131e+22,1.1585715839633052e+22,1.1742460356044645e+22,2.4571395113858734e+22,1.8251470441759648e+22,-6.6013537379107884e+22,4.659638806385889e+22,3.6200978641187536e+21,1.7993803753988702e+22,-6.157034400752454e+20,1.5467938384506589e+22,-4.74986311339582e+22,3.3615497299288216e+22,-8.754276676077303e+22,-5.553346851328247e+22,1.2328966542876658e+23,1.2127408590644177e+23,1.13120181645925e+23,3.698323342773104e+20,1.0415213981009697e+23,-9.314951968951702e+21,3.745185846001686e+22,2.668067474216898e+22,-2.414186859332854e+22,-3.899996226384973e+22,-2.7768055943373666e+22,-5.013872372183875e+22,-5.934981178476971e+22,-7.093543613000437e+22,-4.236229249196119e+22,-5.882812537703594e+22,-3.3239995516753306e+22,-5.152839177836389e+22,-1.7614081076224095e+22,-4.666228905121125e+22,-3.882332389501526e+22,-5.9425328265453134e+22,-5.070803969492263e+22,-5.880490587220244e+22,-5.503500634390314e+22,-6.055383000951924e+22,-7.176634901217348e+22,-5.780288198055932e+22,-3.2126990310398077e+22,-3.1417083917237286e+22,-3.596003380704501e+22,-4.7247875776034005e+22,-5.453510118410658e+22,-6.1674625689223694e+22
-2.8576924291476673e+22,-9.491388485834165e+21,-1.899477581927906e+22,-2.992821224098309e+22,-2.4109218597512392e+22,-1.3671189752819281e+22,-1.7775605699742716e+22,-1.882929425470595e+22,1.1217176157939671e+22,-2.731601807963854e+22,-2.3118601382648925e+22,7.949124631518707e+21,4.6042583090675974e+21,-1.7853669405080217e+22,1.8029391721680094e+22,1.3649504342857912e+22,-1.80154339574178e+21,-2.8016090274553927e+21,-5.016955821521467e+21,-1.1338870750926112e+21,-3.7015393030900715e+21,-2.401336908392862e+21,-1.1397072192959752e+21,1.9113770335933812e+21,-3.8676383783503376e+21,-2.724793708885281e+21,-5.15703526023118e+21,-7.005227197094703e+21,1.1148355444875494e+22,-1.0749509305569552e+22,-8.511876681352146e+21,-1.0350822186954443e+22,-1.690074801448938e+22,-1.4589220292850098e+22,-1.280751410641461e+22,-1.9335147746740786e+22,8.117850874030002e+21,-6.605654832895284e+21,2.6869021770347868e+22,-2.9666560599688353e+22,-1.3401830523239513e+22,-2.4910207757234595e+22,-2.9119327241937573e+22,-2.4325702272886975e+22,2.048751159333311e+22,-1.642938112556099e+22,-1.4148496743219776e+22,1.507129411272992e+22,1.652690364194674e+22,-2.22020572611049e+22,1.2128285599130263e+21,-5.443031632799028e+21,4.701173835468966e+21,2.2660911932715076e+22,8.03584605391035e+21,1.2132043894425947e+20,4.14056611883539e+20,9.487142347423665e+20,1.3298352281284633e+21,-1.3657344895465832e+21,-8.263999221640828e+20,-1.2841682840277866e+21,-7.291993669892674e+21,-3.597530378906324e+21,-1.6079706737737885e+21,-7.48820821952842e+21,1.3543440551036452e+22,4.756114122593811e+21,4.317126120440126e+21,4.299872458674894e+21,1.0844322104296744e+22,2.2601925354079906e+22,-2.380555891725338e+22,1.6479565233969995e+22,-2.6075352108707766e+22,9.88896819457696e+21,-3.1498006743065014e+21,2.577056269538654e+22,-1.3049515210990147e+22,1.324633021164874e+22,-1.5930155648198845e+22,-1.6124897093391835e+22,3.116548299819661e+22,5.234953945212634e+21,3.0501286751301454e+22,1.9076008574910825e+22,3.085705502298056e+22,1.0543256778490669e+22,1.6196158960729103e+22,1.1783213806058515e+22,-4.548567428396444e+21,-1.229498434538814e+22,-1.2669967390090194e+21,-1.4605474476571463e+22,-1.0782002923026537e+22,-1.8587488337418183e+22,-8.558029219691945e+21,-1.6838232407619624e+22,-5.854417218621844e+21,-1.4786822889481246e+22,-1.0138087476599328e+22,-1.4997939894448812e+22,-6.821363874136825e+21,-1.1531296115559106e+22,-1.0864760242728134e+22,-1.3370581868533158e+22,-8.203724339786826e+21,-1.6597776148048432e+22,-1.48929613591572e+22,-1.4489638448915567e+22,-9.791734731841873e+21,-8.218705583429914e+21,-8.116300602764122e+21,-9.934394011334398e+21,-1.1476225638380434e+22,-1.2794131155057516e+22
1.1653218942626245e+23,-1.8683038678082938e+21,7.674224199567233e+22,1.4518599054667606e+23,9.983470969455513e+22,3.39969657031965e+21,1.0709468461198132e+23,9.987018571550492e+22,7.73072973693418e+22,1.2469101463296481e+23,1.329822413048835e+23,2.2319944520396813e+22,-1.7853669405080217e+22,1.2918212461668978e+23,-5.852368102567909e+22,-6.010509652103867e+22,1.0090177600242458e+22,1.3218324465761114e+22,2.16904224003348e+22,4.113379464661857e+21,1.9212158214216608e+22,8.469714859430307e+21,2.5360706157695703e+21,-8.829734473922811e+21,1.2165014032691931e+22,1.0600234494169507e+22,1.2905494571926839e+22,1.0527429274452758e+22,-3.85165783287769e+22,3.4876507857164385e+22,2.5953792030572655e+22,1.922589551954086e+22,-5.765974181603018e+21,5.384279017263773e+21,1.1137923374253435e+22,1.547084696718285e+23,-3.119888566470572e+22,3.3473516281905946e+22,-4.596207190109717e+22,1.1655287345921376e+23,4.0447475402464475e+22,1.0771791918960589e+23,1.3927240619773281e+23,1.1154337710178878e+23,-8.488286689849883e+22,8.657015578259828e+22,6.8293821175543995e+22,-5.0496991614449935e+22,-7.031352275024849e+22,1.196265364465511e+23,3.0880478898584864e+22,2.3225414274527435e+22,-7.602145111533264e+21,-9.612881086165993e+22,-3.083986197267999e+22,-9.789866154970094e+20,1.4701306167542096e+21,1.603890074925402e+21,-1.2298851498956392e+21,7.642511454842003e+21,4.63654593220233e+21,5.620970077919276e+21,1.45060565880029e+22,1.361401671052361e+22,7.58149543829448e+21,2.3481873245851487e+22,-3.321760038423813e+22,-8.861131986871689e+21,-5.608092322722419e+21,-3.5224942544787137e+21,-2.569865108499042e+22,-8.390012015964656e+22,7.1150878335239255e+22,-4.7125104092792905e+22,1.676029894436803e+23,-3.9070959102697646e+22,1.536921943675143e+22,-1.0685446010864147e+23,2.682875341312074e+22,-3.7388628034892832e+22,2.7365674099001524e+21,4.875414391847041e+22,-9.36580189785353e+22,3.840346840264667e+22,-8.296338877288129e+22,-7.680159537238105e+22,-9.554206830811983e+22,-3.6640828767062133e+22,-6.748837641700356e+22,-4.090075775015905e+22,3.5104460535906435e+21,2.349586499350257e+22,-8.616110084295704e+21,2.7519858064765185e+22,1.0550435788002945e+22,4.648724042331139e+22,1.334051239411336e+22,4.318762267905471e+22,6.525201657451396e+21,3.390310237144864e+22,2.415724900971633e+22,3.241390143849427e+22,4.962505075371122e+21,7.47062693961378e+21,1.6710877351908903e+22,1.6549987261308268e+22,1.1155709682760634e+21,3.8693903167248834e+22,2.3476724227308226e+22,3.333115491601751e+22,2.815893888886088e+22,1.9434799490090372e+22,1.4625080182192483e+22,1.4598123551264745e+22,1.6874011375410071e+22,1.886428571496766e+22
-9.825072978763041e+22,-2.095886081424779e+22,-6.1181741579682854e+22,-1.0477007535072774e+23,-9.270243479428607e+22,-5.90818518690219e+22,-6.517214999861329e+22,-7.2801388677343425e+22,6.8209791406745215e+22,-1.0799265131280637e+23,-8.284521722096539e+22,4.154732883181403e+22,1.8029391721680094e+22,-5.852368102567909e+22,7.792076331486066e+22,5.229954837366172e+22,-6.511478877943644e+21,-1.084448294574099e+22,-2.094222941874473e+22,-4.76055033716874e+21,-1.5024174723192832e+22,-1.1099572195438895e+22,-6.294361859661769e+21,7.466331377627611e+21,-1.770752407867701e+22,-1.214689145444444e+22,-2.420178947066496e+22,-3.3602901545275326e+22,4.860906184148396e+22,-4.832597268365283e+22,-3.940058483194301e+22,-4.872036865722473e+22,-8.056349982642204e+22,-6.663876255296729e+22,-5.972026091910384e+22,-5.6202035137985756e+22,3.150505816224847e+22,-2.7456123003519455e+22,1.2682265168828647e+23,-1.0525730865988096e+23,-2.9653177209338263e+22,-8.81421357543666e+22,-1.0373344254381092e+23,-8.93080721538171e+22,7.587552955585143e+22,-6.0538849661713205e+22,-5.33094738700699e+22,5.903483128677968e+22,6.333469896171019e+22,-8.055644553286785e+22,1.0242788369547668e+22,-1.8009904462182471e+22,1.8837736993392152e+22,8.277844980233587e+22,2.698928460730335e+22,5.896955029882388e+20,1.676797429943951e+21,3.6863763961576266e+21,5.523176450586411e+21,-5.815175861814428e+21,-3.6399352641290633e+21,-5.65069057009727e+21,-3.0497259889039285e+22,-1.5601010095890549e+22,-7.013798298596556e+21,-3.192566828494246e+22,5.3562193993360206e+22,1.8228019774217387e+22,1.672703211032923e+22,1.6924180969394184e+22,4.237764385239181e+22,8.735561744975632e+22,-9.217727000960044e+22,6.39827531997419e+22,-8.72274352971147e+22,3.6371175052718977e+22,-1.3517588839287786e+22,9.967668315125651e+22,-6.166080773412663e+22,5.168760892197738e+22,-7.70151245607751e+22,-6.139219748189295e+22,1.3540455976509793e+23,2.9011810568926677e+22,1.3729296561271774e+23,7.438652526537478e+22,1.3821313974444921e+23,4.224422703932754e+22,6.503962531763798e+22,4.572001277609705e+22,-2.1628490980049707e+22,-4.8805125126439125e+22,-5.576045408818487e+21,-5.7522790506761185e+22,-4.914144873188514e+22,-7.393719475101085e+22,-4.003000574641409e+22,-6.762652731442854e+22,-2.759709475156795e+22,-6.002380555922284e+22,-4.422970233287761e+22,-5.856227367345091e+22,-2.7791306083954906e+22,-4.499600311484054e+22,-4.283394705524277e+22,-5.310606974693121e+22,-3.377040327518223e+22,-6.451843076144915e+22,-6.251567092841734e+22,-6.2607227622657266e+22,-4.294285198782516e+22,-3.6231097182664486e+22,-3.539600889274185e+22,-4.153762509190666e+22,-4.748530649080396e+22,-5.305651906367595e+22
-7.459905523848336e+22,3.0059102143076914e+22,-2.253874687304006e+22,-7.738748066666864e+22,-3.2741548694278454e+22,2.9476080753843666e+22,-4.158666883823775e+22,-4.252428621469005e+22,3.124460867824882e+22,-4.582712148971294e+22,-6.3481244435375114e+22,2.367461397786799e+22,1.3649504342857912e+22,-6.010509652103867e+22,5.229954837366172e+22,5.891765553020955e+22,-7.515378830593166e+21,-1.1153925392343704e+22,-1.8632272042087854e+22,-2.7370576850677814e+21,-9.910176085067317e+21,-3.973190097519211e+21,-1.5522709999638468e+21,5.051665846163883e+21,-5.516791017277153e+21,-4.5525352247298585e+21,-5.613449469023376e+21,-7.060200715928738e+20,3.0066305133063786e+22,-2.8084661806761308e+22,-1.979155664448187e+22,-8.810913317362754e+21,7.18444865460047e+21,9.227375340944439e+21,2.860401454427607e+21,-4.241615120169461e+22,2.426411026387772e+22,-1.7402454536406784e+22,5.30753131055395e+22,-7.705715151957158e+22,-2.077094201358211e+22,-7.714813389128019e+22,-8.684597825062125e+22,-7.742455737400633e+22,6.7169940183178816e+22,-5.034030724691877e+22,-4.133724126816162e+22,4.329516756898224e+22,4.8088566447692195e+22,-6.692889753993144e+22,4.4237040701493477e+21,-2.368356413541806e+22,1.525058574204707e+22,6.946751500532195e+22,2.8886573370380755e+22,9.843936622660462e+19,1.0073758044564045e+21,2.030358594324732e+21,5.036607535965299e+21,-2.1286488310921885e+21,-1.572970020122355e+21,-3.5214455874374436e+21,-1.7252430742794285e+22,-6.806278726247819e+21,-2.6806617166601655e+21,-1.5354090662998657e+22,3.525456115548165e+22,1.3312650476684591e+22,1.0274441525139274e+22,8.893272757872345e+21,2.5876407851455525e+22,6.229482803981879e+22,-6.679842783105136e+22,4.807178588871086e+22,-8.257634738155343e+22,3.3670478823531185e+22,-5.533008164711034e+21,6.997741158656932e+22,-1.271800504884561e+22,3.6612617209365756e+22,8.697728559576467e+21,-5.3450100019102615e+22,1.0418131950069524e+23,3.329881180213862e+22,7.823828456765524e+22,4.6193231162240775e+22,7.632888926495704e+22,1.8802402423638623e+22,5.044103274752703e+22,3.5330464553836602e+22,4.077651958235039e+21,-2.786523048475987e+22,1.0588978733274827e+22,-3.095597763414339e+22,-1.879241106110276e+21,-4.959549513927058e+22,-3.425230361246815e+21,-4.3240187635781826e+22,7.135661824995854e+20,-3.433204724216128e+22,-6.792854890509253e+21,-3.0057134902278237e+22,3.987723310244161e+21,-1.6359223311120955e+22,-1.0482238585459062e+22,-1.1429566842147564e+22,5.144726982168135e+21,-4.397742523253608e+22,-2.1457927825737835e+22,-2.4936824351084526e+22,-1.7010739253082879e+22,-1.1848789368959805e+22,-9.350531669320895e+21,-9.861325683049072e+21,-1.2293634539032362e+22,-1.5206046055819827e+22
1.8624990322359322e+22,6.913785690531501e+21,1.427530786285893e+22,1.9819041374464138e+22,1.1853512142237607e+22,3.176325265922364e+21,1.037248342969161e+22,9.520376693347588e+21,-1.3790515390216672e+21,1.2223889055902186e+22,1.4664551035909976e+22,-2.049635116985871e+21,-1.80154339574178e+21,1.0090177600242458e+22,-6.511478877943644e+21,-7.515378830593166e+21,1.4404276437182972e+21,1.2665010853687174e+21,2.3340592681987235e+21,-8.213965882475377e+20,2.1602587318069171e+21,1.4260731292329936e+21,1.30362148692305e+21,8.747183753102012e+20,2.0043632889219273e+21,1.551557128127325e+21,2.3998255785638615e+21,1.1916276619632394e+21,-3.499039521673496e+21,3.0187760878416885e+21,1.529877879388214e+21,6.439507303816395e+20,2.195398061297146e+21,1.0682188473046224e+21,2.1275906545978127e+21,1.5652604636110642e+22,-2.683728016120906e+21,3.738669942666902e+21,-8.076836241408008e+21,1.8159985938724213e+22,1.4665904086327006e+22,1.7167886772017677e+22,1.922754880297104e+22,1.351156659305731e+22,-1.1690822909805338e+22,9.490318699424005e+21,7.579981797702361e+21,-6.839449878143424e+21,-8.128110982183313e+21,1.3774947647456893e+22,-1.5459914376210632e+20,3.660325858009757e+21,-2.8301906371318723e+21,-7.696366873841662e+21,-2.48767948374906e+21,-7.465180167002948e+19,6.852483213808351e+19,2.3647271829986306e+20,-1.0643084370441551e+21,7.444468126248586e+20,7.259413266989492e+20,1.2709382974211741e+21,3.537681936737911e+21,2.1236972624718896e+21,1.0606443069632011e+21,3.9480197296072945e+21,-4.879743419814517e+21,-1.2052203780178824e+21,-4.059083466174227e+20,-2.3814917263353414e+20,-2.3931683865343867e+21,-5.481078679816851e+21,9.44359093112726e+21,-6.491492136773685e+21,1.8599485821109393e+22,-4.6507562740303617e+21,1.562065384133531e+21,-6.854842769131748e+21,2.9728507001786e+21,-4.4902431803660467e+21,2.0994257844182448e+21,8.476986195796035e+21,-1.3948473345893458e+22,-6.585870420801247e+21,-1.188618578307907e+22,-3.424021840539435e+21,-1.2313253046324216e+22,3.1301162618570985e+20,-7.829259920114206e+21,-4.7020383211717536e+21,3.556102351531575e+20,3.7157451877810564e+21,6.425220309822044e+20,4.7107978945294537e+21,4.3843459390306396e+21,9.494165130631784e+21,3.278856355989015e+21,7.863216544920704e+21,1.9572149591490948e+21,6.29919337564616e+21,-2.6886403411791544e+20,4.792380460424e+21,1.0813961557676286e+21,3.676159566195246e+21,3.5776264797854153e+21,3.839382675618897e+21,1.8888998686809454e+21,6.884656820900089e+21,7.446448580673217e+21,7.878822435168851e+21,5.116556622774544e+21,3.9868581977190836e+21,3.6184596177419743e+21,3.8674286759677075e+21,4.5151362123918884e+21,5.454205984350747e+21
8.328615414516604e+21,-1.2256716505942652e+22,-3.887669349064455e+20,1.1106721045538534e+22,5.640440564388993e+21,-7.894572846754719e+21,8.691824081463725e+21,8.727928128995097e+21,1.1488662352011267e+21,9.235637147108492e+21,1.1515205500228627e+22,-1.0343076137648951e+21,-2.8016090274553927e+21,1.3218324465761114e+22,-1.084448294574099e+22,-1.1153925392343704e+22,1.2665010853687174e+21,2.6726957054571703e+21,4.470331468951287e+21,1.6388815790647324e+21,1.9142706376740658e+21,4.268123501958842e+20,-4.735897572926791e+20,-2.682793098961211e+21,4.8354852498326245e+20,6.022058180732581e+20,7.304896011975733e+19,-6.58778091081992e+20,-7.141416373070925e+21,7.002621634925129e+21,5.545021202163549e+21,2.6398799478210974e+21,-4.677785643664041e+21,-2.4919007236521407e+21,-2.652514251308918e+21,8.216881518633788e+21,-5.363544782631964e+21,3.4020628822094586e+21,-7.47763908878042e+21,9.85500905744669e+21,-2.9376607214797476e+21,9.71745959929549e+21,1.2516704022024547e+22,1.397398781852779e+22,-1.0775726023244033e+22,9.338607042459014e+21,7.948276413229182e+21,-8.187453361425576e+21,-9.282226832674149e+21,1.1762677567708853e+22,1.7217699989487889e+21,3.709630789933054e+21,-1.9327749091551106e+21,-1.5321366438191819e+22,-5.999300521850405e+21,-7.230792634225721e+19,-2.800353472823954e+20,-7.312056463052061e+20,-4.965444876844507e+20,5.157008035732225e+20,1.5447547593161058e+20,2.426169479951222e+20,2.5713356147780254e+21,8.793147613616805e+20,3.709042509848173e+20,2.0246719430326876e+21,-6.556434883758832e+21,-2.8527636316175084e+21,-2.7823460735612905e+21,-2.6204938470612266e+21,-6.184081850976458e+21,-1.5769453934098558e+22,1.2400237630383534e+22,-8.89960742249104e+21,1.410656840494834e+22,-6.448124361329278e+21,1.191607685471012e+21,-1.763317511608808e+22,1.8276783522619174e+21,-7.370886997985124e+21,-4.5563217966758033e+21,8.245242757764778e+21,-1.5521506394066225e+22,1.4237795795897368e+21,-1.1754151470892505e+22,-1.3629333624695495e+22,-1.159418329254863e+22,-8.145678245869817e+21,-8.708849608793453e+21,-6.793257484051784e+21,-1.7133674415138278e+21,5.455500855601568e+21,-4.5318396567053444e+21,5.527961199713814e+21,-2.7284116555388567e+21,6.6598441184245e+21,-1.4228353302481095e+21,6.385966499422951e+21,-1.9295609326921583e+21,5.214864249767119e+21,3.0981976786302885e+21,5.593276141892245e+21,-2.4134437121487914e+21,1.5925612128465343e+21,-8.950541173936076e+18,5.061962239357212e+20,-3.692212920700877e+21,7.063836589566109e+21,4.715339527302175e+20,1.7712244186671166e+21,1.6955005289138162e+21,7.254257462035069e+20,1.9797434096724836e+19,-2.4433429730734693e+20,-5.848278597916191e+19,6.047268705387511e+19
1.9129671455745363e+22,-1.4219103321552325e+22,6.679191253115244e+21,2.4298827223442932e+22,1.6962984033271731e+22,-4.4430814654150203e+21,1.800782069134475e+22,1.8611329796319497e+22,-1.7582872070916732e+21,2.2678487230939897e+22,2.2962257443532795e+22,-4.612747331828496e+21,-5.016955821521467e+21,2.16904224003348e+22,-2.094222941874473e+22,-1.8632272042087854e+22,2.3340592681987235e+21,4.470331468951287e+21,8.117395491862096e+21,2.152720763872082e+21,4.112119354836127e+21,1.9125887268342745e+21,4.9031206780088595e+20,-3.595511420637761e+21,2.545613999525131e+21,2.1648336676876423e+21,2.646990586240383e+21,1.9959995515985176e+21,-1.3761273675019622e+22,1.3650971288032135e+22,1.0607525298757307e+22,7.072062511980401e+21,9.996499296137777e+18,1.8232596354837643e+21,1.347776105968651e+21,1.6788622659350516e+22,-9.094230339614482e+21,7.371122572783757e+21,-2.0571815647210333e+22,2.1995772970759856e+22,2.7475476853661385e+20,2.068926706938272e+22,2.5641618979136844e+22,2.5352118556614166e+22,-2.021667136215632e+22,1.7374957969436322e+22,1.4911692545524444e+22,-1.55667014928534e+22,-1.73325924513664e+22,2.2580347878909854e+22,1.2358246937035334e+21,6.058107742289486e+21,-4.340064900706138e+21,-2.5160106723893983e+22,-9.12100844201142e+21,-1.6693671016577093e+20,-4.704541828091494e+20,-1.129013210252214e+21,-1.279250018677945e+21,1.3026886311085733e+21,6.421721267926556e+20,9.952055813223654e+20,6.095579811367089e+21,2.7518380896076384e+21,1.2754710603066452e+21,5.70409040492072e+21,-1.2628082134294473e+22,-4.955388649219287e+21,-4.66667395965297e+21,-4.496806897672903e+21,-1.0919883175372316e+22,-2.584877021267586e+22,2.3420377664995948e+22,-1.6423074010642151e+22,2.6212285161776007e+22,-1.1026792769901048e+22,2.930994636295714e+21,-2.9474474042057132e+22,7.912343295382126e+21,-1.3361412839918522e+22,3.104779950706401e+20,1.577144133689953e+22,-3.112065319324847e+22,-2.0827530148241453e+21,-2.7135032995739918e+22,-2.239592036091641e+22,-2.7235815090300557e+22,-1.2946714788194683e+22,-1.6821231604000472e+22,-1.223444030076426e+22,-7.013398460404699e+20,1.0719593048242387e+22,-5.575034118847116e+21,1.1454420606684947e+22,1.2861282123432327e+21,1.5143018884826959e+22,2.0837184482131942e+21,1.4072462719327821e+22,1.6368516019233106e+19,1.1815003146573e+22,6.616367742245623e+21,1.1675824228860959e+22,-1.4789708855678198e+21,5.533566750031018e+21,3.0410830483819064e+21,4.5035185126589134e+21,-2.50032693552182e+21,1.4306059628464111e+22,6.567660410206977e+21,8.682954384279743e+21,6.562517556445774e+21,4.466325809430386e+21,3.265491254770874e+21,3.1255727409805766e+21,3.8662983605676954e+21,4.6845436388343955e+21
-2.2426576887529616e+22,-3.3188810743436347e+22,-2.802931427356265e+22,-1.935487137549187e+22,-1.2331857240551456e+22,-1.7504710313333167e+22,-4.266493763410473e+21,-2.690543182786594e+21,6.782870777863629e+21,-6.316569568958636e+21,-8.0693527880112e+21,3.929408176556939e+21,-1.1338870750926112e+21,4.113379464661857e+21,-4.76055033716874e+21,-2.7370576850677814e+21,-8.213965882475377e+20,1.6388815790647324e+21,2.152720763872082e+21,4.4473055967980353e+21,-9.100292558093609e+20,-1.9695499202161098e+21,-3.3884746900507077e+21,-6.355174653335869e+21,-2.8175267611643053e+21,-1.8447040385542702e+21,-4.114041550685226e+21,-2.30644154340368e+21,-4.747671645120097e+21,5.437404724166036e+21,6.403807442677292e+21,4.3315430265671254e+21,-1.0130768145369128e+22,-4.61881407186483e+21,-6.730215094666059e+21,-1.4082507610664764e+22,-3.731010154790328e+21,-1.391953805546919e+21,2.8559403080902566e+21,-1.932874269811426e+22,-3.576721250231756e+22,-1.76544997064781e+22,-1.626935164584345e+22,-3.113592977855365e+21,5.255398753653078e+21,-2.385306234995755e+21,-1.2484412427883501e+21,3.1869965519423635e+20,4.0794348854963e+20,-6.422986571318152e+21,4.4429150115811416e+21,-1.3558508868025888e+21,3.0109538424234983e+21,-1.0694260520774042e+22,-4.817941112439852e+21,1.693335906549992e+18,-4.5069847351966564e+20,-1.4436371868598128e+21,1.5936506858425528e+21,-4.2410375676384556e+20,-1.0626261705679037e+21,-2.0680309212944788e+21,-3.208366425888817e+21,-2.4774744609150253e+21,-1.2959014276258068e+21,-4.1789104052748917e+21,-6.353238147176527e+20,-1.9249540938952614e+21,-3.350280300409889e+21,-3.312668561233066e+21,-5.021519087857575e+21,-1.588602234617457e+22,9.646492236021744e+20,-1.268353727092915e+21,-1.10278195064462e+22,-1.3343068297092784e+21,-7.538164460364625e+20,-1.6791544625061956e+22,-1.5569691993260444e+21,-2.9316408643571595e+21,-9.419199934463245e+21,-4.030983479226263e+21,1.936621734791988e+21,1.8714514446965107e+22,3.2044398905999213e+21,-1.673050154067906e+22,3.597357605855721e+21,-1.4649405943586551e+22,6.145096503801351e+20,-1.9079768299722567e+21,-2.4355467389028653e+21,9.297018942982738e+20,-8.10124511210137e+21,-9.617171177444294e+20,-1.2371314970720146e+22,-8.554104654217235e+21,-7.910905857226037e+21,-5.481123843028627e+21,-6.166303571393534e+21,-4.2726600871083156e+21,7.215425013408191e+21,-9.099031805094768e+20,-5.115806066869839e+21,-5.656303059547937e+21,-6.671087267223212e+21,-6.647049809764207e+21,-8.891289366215087e+21,-2.9064246106434427e+21,-1.406733444308727e+22,-1.247486845102753e+22,-6.837164226526313e+21,-6.244841658843475e+21,-6.730064120406089e+21,-7.700932626987643e+21,-8.743612548355339e+21,-1.0535114505398757e+22
3.399584623012932e+22,2.039911699477929e+22,3.090460936787245e+22,3.8839501965790724e+22,3.368536936797488e+22,2.435816713483915e+22,2.487943897054796e+22,2.422718371171046e+22,-2.4094202807790946e+21,3.5895144253375113e+22,3.055013066407056e+22,-2.9302366635003866e+21,-3.7015393030900715e+21,1.9212158214216608e+22,-1.5024174723192832e+22,-9.910176085067317e+21,2.1602587318069171e+21,1.9142706376740658e+21,4.112119354836127e+21,-9.100292558093609e+20,5.060698338830976e+21,4.01689761673576e+21,3.110845457133783e+21,7.611270236754008e+20,6.144868876912267e+21,4.4693261540410073e+21,8.040161965792035e+21,9.08450958547772e+21,-9.302169535305312e+21,8.810160215473536e+21,6.399813873880754e+21,9.471394823193907e+21,2.0588262680636615e+22,1.7525013999074402e+22,1.6651843685657168e+22,3.3934295333988217e+22,-5.576449285581746e+21,9.096489249958505e+21,-2.6411841563002396e+22,3.3798093834939676e+22,2.19855789801319e+22,2.8357147994265494e+22,3.474210512201724e+22,2.4460786954023853e+22,-1.9401493502337013e+22,1.8754716159344575e+22,1.5602596879674305e+22,-1.3057627447238274e+22,-1.6465456985263235e+22,2.684500574181738e+22,1.755425929020834e+21,3.5870632333719466e+21,-3.7958433140525006e+21,-1.3892267194601383e+22,-1.6644242134073166e+21,-3.374304419373902e+20,3.832622777093404e+20,7.423176177117333e+20,-1.2037616448875992e+21,2.4626130808806955e+21,1.9723567673813248e+21,2.8052219356454626e+21,7.549464527745361e+21,5.806739772819861e+21,3.0707447582269065e+21,1.0101644903704194e+22,-9.454992723596206e+21,-1.5085859551071848e+21,-5.282496838218301e+20,-5.337459967021463e+20,-5.480445069597849e+21,-1.3357572829468034e+22,1.7162813601301765e+22,-1.1157159702156607e+22,3.457267552246928e+22,-7.072573391538568e+21,5.005921002162819e+21,-1.7587011454358795e+22,1.5228131430246631e+22,-8.413591539115377e+21,2.1097915360721557e+22,1.227665723739564e+22,-2.637660062167361e+22,-2.6162988946857137e+21,-3.0120948086668062e+22,-1.1999703479467005e+22,-3.2583048554239677e+22,-4.826545437000639e+21,-1.5625000213518955e+22,-8.674087300014892e+21,6.243756058689456e+21,8.09040374817032e+21,4.4579787785891736e+21,1.0719215842492387e+22,1.6699368450838296e+22,1.7465241746219997e+22,1.3118789816222648e+22,1.5519466459553264e+22,9.239467193882639e+21,1.3609134568778911e+22,8.132550011152489e+21,1.1843856484451658e+22,8.462971385966306e+21,9.160756986933224e+21,1.1753226008561025e+22,1.3734981135029542e+22,1.0670041685889e+22,1.221375353648014e+22,1.8964001662309327e+22,1.9933239396114375e+22,1.3945429877368818e+22,1.1599538100031411e+22,1.110887977522648e+22,1.228104213508029e+22,1.377396511003951e+22,1.5532184121512968e+22
3.1543441035784255e+22,3.1101027228130027e+22,3.4097561244428503e+22,3.3685689284313527e+22,3.2599974773244715e+22,3.3320145675344473e+22,1.9034880957365784e+22,1.9152388616099283e+22,-1.1800503112872042e+22,3.186080187818609e+22,2.327536204006342e+22,-6.854649253581775e+21,-2.401336908392862e+21,8.469714859430307e+21,-1.1099572195438895e+22,-3.973190097519211e+21,1.4260731292329936e+21,4.268123501958842e+20,1.9125887268342745e+21,-1.9695499202161098e+21,4.01689761673576e+21,4.227267029507778e+21,3.905429385967912e+21,2.55181669860463e+21,6.572999624088967e+21,4.489498667506668e+21,9.166346722242291e+21,1.1176714213721052e+22,-6.493140065955675e+21,6.253594937668999e+21,4.440192011500785e+21,1.0004362812121663e+22,2.9292127813278668e+22,2.3045421458247846e+22,2.163936466987738e+22,2.573804966868921e+22,-2.9636659679272187e+21,7.279247329892795e+21,-2.8418068774589844e+22,3.089522883808193e+22,2.691813333971544e+22,2.5085888029296398e+22,2.8816415972574133e+22,1.713256740657469e+22,-1.4785870961530078e+22,1.3146326128372595e+22,1.1198054920280739e+22,-1.0283682203232803e+22,-1.1958868728740175e+22,1.9875030281227497e+22,-2.3390497290236812e+21,2.0100736913663593e+21,-4.232875846430819e+21,-5.934690386784083e+21,1.041117285074539e+21,-2.4895254199514238e+20,2.4148982772490722e+20,6.583968742005624e+20,-1.454071641629572e+21,2.092576604799606e+21,1.8569532348143598e+21,2.7595321212832674e+21,7.72197249702403e+21,5.68027222411078e+21,2.9313991833335507e+21,1.0076916334977735e+22,-8.219080872028082e+21,-1.0548564049959729e+21,-9.675663331937418e+19,-2.7482078025854278e+20,-3.741522691180656e+21,-5.583915174470111e+21,1.363340729832626e+22,-8.725319755288824e+21,2.426010436764345e+22,-4.194464538117025e+21,4.3194336217693605e+21,-8.136226001468593e+21,1.6963580964559108e+22,-6.271559790946732e+21,2.882012773767427e+22,1.033314938407863e+22,-2.1805021235166176e+22,-9.86072727833746e+21,-2.840142581093848e+22,-4.56197861203998e+21,-3.021441411753292e+22,-4.963893755153089e+20,-1.161321803469874e+22,-6.087926613305292e+21,8.434919755427808e+21,7.519062735000671e+21,7.999058898811055e+21,1.050059906715833e+22,2.1595903336529617e+22,1.7510362926202522e+22,1.6254568213725888e+22,1.5125369244427697e+22,1.2047227179069298e+22,1.3626121880771209e+22,7.54771448438921e+21,1.1155671022558903e+22,1.141738270836722e+22,1.1635552228020863e+22,1.4036432085356588e+22,1.6456074594323882e+22,1.5254429619930385e+22,1.1485648898014432e+22,2.273893245684745e+22,2.2307593083114186e+22,1.4791180140160464e+22,1.2940184367721907e+22,1.30373740074974e+22,1.4804192194754253e+22,1.6583385996020339e+22,1.8740680767819974e+22
3.105680101431502e+22,3.4753338765665e+22,3.5199601161468824e+22,3.0702087730720278e+22,2.73377409496464e+22,3.041287808784881e+22,1.3974754979415513e+22,1.393785549444355e+22,-1.4161156137352876e+22,2.42288990997391e+22,1.8439503743632322e+22,-8.53198117072224e+21,-1.1397072192959752e+21,2.5360706157695703e+21,-6.294361859661769e+21,-1.5522709999638468e+21,1.30362148692305e+21,-4.735897572926791e+20,4.9031206780088595e+20,-3.3884746900507077e+21,3.110845457133783e+21,3.905429385967912e+21,4.4758249375946527e+21,4.804838566122797e+21,5.889322836328194e+21,3.922664618590952e+21,8.445781756548765e+21,9.154245214799178e+21,-2.796358989300447e+21,2.4526943784229436e+21,6.8533369921393e+20,5.382381741023068e+21,2.56586516355607e+22,1.8035816643504944e+22,1.8456834011212259e+22,2.0986013349720497e+22,-2.766023080110479e+20,5.532154713335775e+21,-2.314558194348829e+22,2.9631854377819666e+22,3.3790032109535087e+22,2.541157343165275e+22,2.663019493348845e+22,1.246898247527072e+22,-1.2714085991808168e+22,9.469288096580323e+21,7.750334844564285e+21,-7.402523523108136e+21,-8.086894566442711e+21,1.5697040301370735e+22,-5.0818889657237e+21,2.1074723582848268e+21,-4.745209056159681e+21,7.951565705550269e+20,2.4075941708531567e+21,-1.3113110707736381e+20,2.4110167496972396e+20,9.115357552339309e+20,-1.9662841472880673e+21,1.4777259562716213e+21,1.621371120889592e+21,2.708183787183262e+21,6.927854943432e+21,4.866818575987461e+21,2.4628699147103266e+21,8.773050118806922e+21,-5.924693249484483e+21,-2.3617262136127226e+20,1.0832815593667709e+21,9.387637858374597e+20,-6.454366829488067e+20,3.84933044263855e+21,9.88824377627334e+21,-6.09156772814013e+21,1.9807232719779325e+22,-2.3310923224059853e+21,3.0886662719112033e+21,2.630787956390564e+21,1.3234134648573338e+22,-3.4364904584178927e+21,2.496458691996487e+22,9.836891834578656e+21,-1.8217317890021099e+22,-1.8547846282237683e+22,-2.317080066574626e+22,5.184596246729773e+21,-2.4373048696668577e+22,6.925281329177481e+21,-8.66092261738945e+21,-3.5550247668917055e+21,7.064025726461807e+21,5.212042935298999e+21,9.158363685841906e+21,8.045108421920792e+21,2.0920744428459176e+22,1.6830829007749845e+22,1.522185686349512e+22,1.3574534471922563e+22,1.1389058098222537e+22,1.1813085777417868e+22,1.6455175758328604e+21,8.262823494643826e+21,9.924429841855054e+21,1.1000016845534388e+22,1.2572074789784858e+22,1.4134419783547454e+22,1.4510765625143275e+22,1.0070111431403801e+22,2.2583280396904738e+22,2.1495791048118996e+22,1.346260696868361e+22,1.1893291791176413e+22,1.2146024990656675e+22,1.3745643166116862e+22,1.5502673906546527e+22,1.7946126774497075e+22
3.1388728042323788e+22,4.975049772556355e+22,3.881349722367063e+22,2.4883980718871987e+22,1.5844526849369357e+22,2.658360305098659e+22,3.135758774675255e+21,1.771465983427401e+21,-1.410725642121982e+22,6.85880934580501e+21,8.191244929807473e+21,-8.127405115625218e+21,1.9113770335933812e+21,-8.829734473922811e+21,7.466331377627611e+21,5.051665846163883e+21,8.747183753102012e+20,-2.682793098961211e+21,-3.595511420637761e+21,-6.355174653335869e+21,7.611270236754008e+20,2.55181669860463e+21,4.804838566122797e+21,9.42670772136567e+21,3.721660183942862e+21,2.2709268676088137e+21,5.798751178204534e+21,3.826394212389744e+21,7.369636708856342e+21,-8.332899837766e+21,-9.714462466063014e+21,-6.022628574315273e+21,1.7089148313524907e+22,8.454734623646653e+21,1.1102268713039177e+22,1.5473444953455099e+22,5.854728193112075e+21,1.0303934645737043e+21,-5.530471284691874e+21,2.7281851132007477e+22,5.200694927621175e+22,2.4518323486744474e+22,2.1309254001925575e+22,2.2135145288555658e+21,-6.644364402986024e+21,1.456865756219812e+21,1.9847945698358647e+20,3.50622454049269e+20,8.219694024514558e+20,6.465738301270343e+21,-8.115234025707249e+21,1.598830381936089e+21,-4.4052038844644694e+21,1.6075307000081792e+22,6.491583190358863e+21,5.204725573551155e+19,5.226725709245962e+20,1.8755330850062868e+21,-2.482822179201402e+21,2.8243435450015465e+20,1.2692828179099497e+21,2.714541174274593e+21,4.5883248507994526e+21,3.0658513132056787e+21,1.5033482816590203e+21,5.473377429116031e+21,6.567973226878712e+20,2.511596315295019e+21,4.4678957290003413e+21,4.3098341416149687e+21,6.909521169898461e+21,2.44513985898922e+22,-1.0166364512418102e+21,1.795206604957609e+21,1.2004941938491778e+22,2.5568360626298474e+21,5.395042518932919e+20,2.595805981855564e+22,2.74299520105079e+21,4.22262222722947e+21,1.5765985030740636e+22,5.894562770735338e+21,-3.610738636508187e+21,-2.925305701307498e+22,-5.326796794847663e+21,2.56306655761584e+22,-5.513047677793204e+21,2.2070838276910033e+22,-2.7532283059567614e+20,3.1137760853965317e+21,4.0959046607784525e+21,-7.554863872965079e+20,1.270756702043237e+22,2.200821331441007e+21,1.8633098957802768e+22,1.2638144779146205e+22,1.1832031240883634e+22,8.042424426486984e+21,9.415978377319343e+21,6.388070394512089e+21,-1.0407836310408664e+22,2.1668356756577148e+21,8.476328934075746e+21,9.685061144252638e+21,1.0614878063019977e+22,1.0794932124631976e+22,1.4340351515786285e+22,4.951707561982339e+21,2.0963355746255774e+22,1.7774659006618057e+22,9.363406081220282e+21,8.819019229468737e+21,9.849937460439374e+21,1.1749727857248639e+22,1.3404644723872317e+22,1.6037314929563055e+22
5.078766737534332e+22,5.440540613239981e+22,5.410968011825067e+22,5.300792903663748e+22,5.263586556107819e+22,5.825997107989463e+22,2.934359839526437e+22,2.986989775255953e+22,-2.3613382091817966e+22,5.12060676016483e+22,3.5904734498230016e+22,-1.1708876561269643e+22,-3.8676383783503376e+21,1.2165014032691931e+22,-1.770752407867701e+22,-5.516791017277153e+21,2.0043632889219273e+21,4.8354852498326245e+20,2.545613999525131e+21,-2.8175267611643053e+21,6.144868876912267e+21,6.572999624088967e+21,5.889322836328194e+21,3.721660183942862e+21,1.0572902769284692e+22,7.110725282567201e+21,1.4888448040513198e+22,1.9146076476482123e+22,-1.0281677408903207e+22,9.879715025057206e+21,7.205756283478852e+21,1.7722312531016606e+22,5.214881392192849e+22,4.196189496920116e+22,3.781514734531103e+22,4.015029005640846e+22,-5.014984396885785e+21,1.1236948373590812e+22,-4.775074588880329e+22,4.984448930925353e+22,4.3227076771197156e+22,3.8847002226014e+22,4.496494838699932e+22,2.713944154918159e+22,-2.3006896659918437e+22,2.0496759424456283e+22,1.776378344473931e+22,-1.648019068414857e+22,-1.919626656964529e+22,3.07202046242522e+22,-3.6914014653884504e+21,2.598794452984395e+21,-6.451238113741015e+21,-9.879065378160887e+21,2.0269065240962877e+21,-4.421854568401057e+20,3.9045835844180115e+20,9.98196695849703e+20,-2.235003598606931e+21,3.420811933761338e+21,3.042696362585442e+21,4.524882534403171e+21,1.3025906764201312e+22,9.308186559352938e+21,4.753674880372941e+21,1.6560703094549381e+22,-1.3742226942101004e+22,-1.7608195183230315e+21,-4.317907208111797e+20,-8.841046879831481e+20,-6.853861883044473e+21,-1.0400823576422129e+22,2.214774935383858e+22,-1.411132094260906e+22,3.7259890769561504e+22,-6.408210995145975e+21,7.085861162634507e+21,-1.4430740306279866e+22,2.856478664174705e+22,-1.0418638330679846e+22,5.07477541605164e+22,1.582954160555797e+22,-3.4592324643557695e+22,-1.306058033279738e+22,-4.630388342317135e+22,-8.993433414350741e+21,-4.899932345741344e+22,-2.524058165674721e+21,-1.812103119081762e+22,-9.799794893552662e+21,1.4885966503452919e+22,1.318489118819046e+22,1.4129241550177067e+22,1.8473392821079347e+22,3.6452036904097575e+22,2.824345225704543e+22,2.717640470051515e+22,2.4676517902232263e+22,2.041105148264131e+22,2.2728182987832634e+22,1.4511015557256108e+22,1.9789341131466567e+22,2.080631259211808e+22,2.0622431142232457e+22,2.4809934980535393e+22,2.9529030141752975e+22,2.717743134936818e+22,1.891233994838424e+22,3.790534307069534e+22,3.6440166212928966e+22,2.409515182129372e+22,2.1409952131753745e+22,2.1993652650085477e+22,2.5541997004423732e+22,2.8561663363338065e+22,3.1935568416325834e+22
3.405628265611188e+22,3.379306554422349e+22,3.638143041194255e+22,3.699352444609023e+22,3.5873759611417285e+22,3.6763163874392596e+22,2.1600189120061842e+22,2.1396923502784043e+22,-1.1413497425774072e+22,3.542624368891851e+22,2.6243662433119946e+22,-5.757059483067931e+21,-2.724793708885281e+21,1.0600234494169507e+22,-1.214689145444444e+22,-4.5525352247298585e+21,1.551557128127325e+21,6.022058180732581e+20,2.1648336676876423e+21,-1.8447040385542702e+21,4.4693261540410073e+21,4.489498667506668e+21,3.922664618590952e+21,2.2709268676088137e+21,7.110725282567201e+21,4.909354913503199e+21,9.78225326893875e+21,1.2082379472882572e+22,-7.230484300235879e+21,6.936649358138832e+21,5.055147598643218e+21,1.1258985119821316e+22,3.185697874198073e+22,2.5908919965558004e+22,2.3517652355504503e+22,3.017921569509675e+22,-3.597429137964683e+21,8.147165010639528e+21,-3.018372975784222e+22,3.3307871656374012e+22,2.786717528103939e+22,2.641239983685439e+22,3.1318111434740186e+22,1.943794638846714e+22,-1.5857419351642473e+22,1.5016173797160035e+22,1.2854261310690523e+22,-1.1232674036270697e+22,-1.3601089999446548e+22,2.235503349679023e+22,-1.013351044382724e+21,1.9135207412387574e+21,-4.0533382938461874e+21,-7.118511743359934e+21,1.5687563950734165e+21,-3.3201901826487216e+20,3.840139748740262e+20,8.679326362352914e+20,-1.3088787248929555e+21,2.4805745534524373e+21,2.1805868849514889e+21,3.158526364122945e+21,8.428179305681529e+21,6.418223505968125e+21,3.358699874197642e+21,1.1147430648867067e+22,-8.660296484651457e+21,-8.616866742716018e+20,9.318348654480402e+19,-1.2421911082923527e+20,-4.138209228188922e+21,-7.646009846773382e+21,1.4277357565345257e+22,-9.080546957930936e+21,2.7761454328058214e+22,-4.584641461592556e+21,5.045111255686558e+21,-1.0708807014896298e+22,1.830683021779031e+22,-6.687640271784384e+21,3.1319385899554824e+22,1.0241286774068305e+22,-2.2436201378126557e+22,-6.541882861305985e+21,-3.0060829614361622e+22,-6.874524951831461e+21,-3.221500196588932e+22,-2.1353040623199128e+21,-1.2543989509386377e+22,-6.63202502737132e+21,9.199455464071192e+21,8.056582733318549e+21,8.432429812797173e+21,1.1369055988367275e+22,2.3062508566474767e+22,1.8111522286248829e+22,1.7360400717059885e+22,1.5896781977668184e+22,1.2869693046591144e+22,1.4530887934398846e+22,9.261244918301961e+21,1.2333168607809296e+22,1.268724351490759e+22,1.2272587840922052e+22,1.5373708196619036e+22,1.8249263771174178e+22,1.6501835192777654e+22,1.1768028207516062e+22,2.406360319524783e+22,2.37885566972493e+22,1.6017077112728919e+22,1.4006155775970296e+22,1.4119529839530416e+22,1.6074172564924554e+22,1.793072721248307e+22,2.008570745606256e+22
7.225054702361128e+22,8.329450042352892e+22,7.739643851085233e+22,7.2531556954976104e+22,7.4252145189796155e+22,8.76453282833671e+22,3.8268890047174e+22,4.016636347021057e+22,-3.9642494423783556e+22,7.12428871426244e+22,4.685883101271523e+22,-2.0279231556668885e+22,-5.15703526023118e+21,1.2905494571926839e+22,-2.420178947066496e+22,-5.613449469023376e+21,2.3998255785638615e+21,7.304896011975733e+19,2.646990586240383e+21,-4.114041550685226e+21,8.040161965792035e+21,9.166346722242291e+21,8.445781756548765e+21,5.798751178204534e+21,1.4888448040513198e+22,9.78225326893875e+21,2.1493037327909288e+22,2.8709371549263195e+22,-1.3795511845382884e+22,1.3248801909445354e+22,9.591184191652987e+21,2.6214756190468402e+22,7.975143366581138e+22,6.3815865779685295e+22,5.734117823845228e+22,5.123717974994871e+22,-6.457564967864035e+21,1.4707794536093998e+22,-7.0629903697851586e+22,7.114021281254703e+22,6.4429935808557196e+22,5.4419655144985474e+22,6.150745231397342e+22,3.5605411601703126e+22,-3.155604523896542e+22,2.6450271242528278e+22,2.3156148977656694e+22,-2.268420738755346e+22,-2.5509692721108374e+22,4.0058054788040775e+22,-7.897725152428363e+21,3.1649380267573054e+21,-9.498074352877908e+21,-1.3027079166685763e+22,2.2365348916384789e+21,-5.4369070752875394e+20,3.116933556314319e+20,1.015310394317487e+21,-3.494026299412698e+21,4.4538014114678204e+21,3.9574091885175044e+21,6.014621753635305e+21,1.8717969500031766e+22,1.2679290923809736e+22,6.327996592047444e+21,2.31229959067095e+22,-2.0389164412590914e+22,-3.088436925886986e+21,-1.3722428916662385e+21,-2.2082267647947173e+21,-1.0577229134848852e+22,-1.280342786746793e+22,3.2479913407842896e+22,-2.054096537934639e+22,4.7561415849545986e+22,-8.305153739983301e+21,9.404034771027849e+21,-1.8025875358379363e+22,4.221924022181987e+22,-1.517344696899575e+22,7.726432673461332e+22,2.300175810264609e+22,-4.9804538348233174e+22,-2.2435501687816e+22,-6.705766915474468e+22,-1.0759837844056457e+22,-7.04131606838894e+22,-2.453872807060168e+21,-2.4852368332469045e+22,-1.3573492322329606e+22,2.2707701973912323e+22,2.010851231432184e+22,2.2246851401259137e+22,2.8079146628065608e+22,5.443159614792804e+22,4.140382017506387e+22,4.027088218981345e+22,3.598189767717516e+22,3.0601361990087216e+22,3.333212529896749e+22,2.133406553339114e+22,2.993625430910206e+22,3.2100507300249614e+22,3.2367958753916783e+22,3.7692181580516436e+22,4.489005038732915e+22,4.210725766935071e+22,2.8561207708545836e+22,5.626378267494391e+22,5.266687068739293e+22,3.423813302987157e+22,3.0862039794201546e+22,3.2245793310819836e+22,3.81836231771853e+22,4.282341573759117e+22,4.7819780156311835e+22
8.232885991574017e+22,1.1289428146457168e+23,9.021764186135452e+22,7.941390373615399e+22,9.792111485083984e+22,1.314362809816152e+23,4.417857513080557e+22,5.041649546594841e+22,-6.076463313616428e+22,9.612082454508621e+22,4.988454507923418e+22,-3.0379380937812762e+22,-7.005227197094703e+21,1.0527429274452758e+22,-3.3602901545275326e+22,-7.060200715928738e+20,1.1916276619632394e+21,-6.58778091081992e+20,1.9959995515985176e+21,-2.30644154340368e+21,9.08450958547772e+21,1.1176714213721052e+22,9.154245214799178e+21,3.826394212389744e+21,1.9146076476482123e+22,1.2082379472882572e+22,2.8709371549263195e+22,4.465967528607158e+22,-2.0512979101146767e+22,2.035411737686687e+22,1.6890093076894873e+22,4.554299285353869e+22,1.2472377930456006e+23,1.0383286174976736e+23,8.942365955251458e+22,5.10762414443777e+22,-9.970993080572582e+21,1.6988911753234357e+22,-1.036451113777993e+23,8.281459690678347e+22,6.684912066538628e+22,5.5315456155553565e+22,6.4447294877196955e+22,3.819880750619088e+22,-3.329124321299769e+22,2.829987807624578e+22,2.6401380514689934e+22,-2.7911856584266787e+22,-3.050011396822925e+22,4.159880082008905e+22,-1.0904887864419364e+22,-5.7683082778107504e+20,-9.562187935020665e+21,-2.104441889936598e+22,1.6347574080309502e+21,-7.08160572068985e+20,-2.8924080212699746e+19,2.436493536205947e+19,-3.168884803897234e+21,5.646520536648936e+21,4.3805089143459503e+21,6.20216802633779e+21,2.379550581874852e+22,1.5538663675517186e+22,7.551472284942115e+21,2.909890020845489e+22,-2.8890631148484885e+22,-5.521440154729558e+21,-4.965443014895163e+21,-6.738197775523547e+21,-1.9531633603617403e+22,-2.5808278960191062e+22,4.412233671373222e+22,-2.7428691726815583e+22,4.411752775751489e+22,-8.60804156338593e+21,1.2212619309115534e+22,-3.3288239156206187e+22,6.4655152286754385e+22,-2.219991823490107e+22,1.2085117686092029e+23,2.487943553240275e+22,-6.316399986090978e+22,-1.547205616534141e+22,-9.22937431534194e+22,-2.559813600028656e+22,-9.66098433049559e+22,-1.5199729167116899e+22,-3.0251548290900824e+22,-1.7942971035455416e+22,3.6323376421148593e+22,3.0873286983103375e+22,3.224292162773195e+22,4.226265753550995e+22,7.630791172968492e+22,5.0718267043732334e+22,5.67409210749462e+22,4.587714755048701e+22,4.417381838855694e+22,4.4584808043290684e+22,4.189442044678121e+22,4.5788377300120726e+22,5.1227064108506725e+22,4.849419402002322e+22,5.616786555307243e+22,6.843399172504948e+22,6.464672814333432e+22,3.837604927741456e+22,7.434034362504882e+22,6.684751085097986e+22,4.380299328275792e+22,4.077673175406029e+22,4.3988663849989e+22,5.426794148539585e+22,6.075012896687695e+22,6.641615039510195e+22
-4.816033807436203e+22,-7.934500398635218e+20,-2.905752415366282e+22,-5.670458516582882e+22,-5.644809011895819e+22,-3.3779699945891185e+22,-4.168323977470593e+22,-4.63297837769233e+22,2.81623578005027e+22,-6.836286977091572e+22,-4.948096167384452e+22,1.897585718990402e+22,1.1148355444875494e+22,-3.85165783287769e+22,4.860906184148396e+22,3.0066305133063786e+22,-3.499039521673496e+21,-7.141416373070925e+21,-1.3761273675019622e+22,-4.747671645120097e+21,-9.302169535305312e+21,-6.493140065955675e+21,-2.796358989300447e+21,7.369636708856342e+21,-1.0281677408903207e+22,-7.230484300235879e+21,-1.3795511845382884e+22,-2.0512979101146767e+22,3.19371132027373e+22,-3.2279737200188016e+22,-2.739741971810367e+22,-3.261159472943179e+22,-4.5590624123547495e+22,-4.074773131989933e+22,-3.487795882271323e+22,-3.4537009182155414e+22,2.006676018394398e+22,-1.7107622052726542e+22,7.425931927818362e+22,-5.408498045762234e+22,-2.77628982393375e+21,-4.38175454050767e+22,-5.5171137142218205e+22,-5.154452877906113e+22,4.150034104246496e+22,-3.603215079992944e+22,-3.2115337554240687e+22,3.4826195572240247e+22,3.798780476494153e+22,-4.695131823440419e+22,1.6280399945805312e+21,-8.820994220235584e+21,9.228156575606111e+21,5.278301947013898e+22,1.6544471606274938e+22,4.5347132457561096e+20,1.063182451844145e+21,2.6338718731212486e+21,2.285421936662126e+21,-3.846982280227457e+21,-2.0214631143101547e+21,-2.657396766677812e+21,-1.666134284274209e+22,-8.948240943646632e+21,-4.166114653199039e+21,-1.8014841216919226e+22,3.1345837937230485e+22,1.1117683053964403e+22,1.1052857045931646e+22,1.125680572596192e+22,2.7011591962353836e+22,5.873666583880428e+22,-5.389729778651159e+22,3.7286281087163774e+22,-4.971722747685487e+22,2.1372271354881583e+22,-8.696143517999739e+21,6.73004159106473e+22,-3.830619485323021e+22,3.1235101372468867e+22,-4.466933822322355e+22,-3.2658243735081946e+22,7.50166152087537e+22,3.210288646804404e+21,7.944475807055599e+22,5.296796786852085e+22,8.098880620382522e+22,3.3179593134589073e+22,3.800446704342443e+22,2.73517732599104e+22,-1.2748621663530958e+22,-2.881564964289318e+22,1.708767089087177e+20,-3.3066173120343603e+22,-2.5847217449923426e+22,-3.911436559635662e+22,-2.213401402751643e+22,-3.7142795956027507e+22,-1.488637785734356e+22,-3.349118087286637e+22,-3.108038408917222e+22,-3.412327457290234e+22,-1.4811803534139289e+22,-2.3582889558553517e+22,-2.262438707577409e+22,-2.905391066133517e+22,-1.6722724861200115e+22,-3.563287936660708e+22,-3.181576810387705e+22,-3.3339519292101515e+22,-2.403914834612132e+22,-1.9932331622912758e+22,-1.8934654464051236e+22,-2.1853232718330836e+22,-2.4902227620461044e+22,-2.74845794831013e+22
3.7944627029637765e+22,-8.464063802715289e+21,2.0909912309004807e+22,4.8019210175061495e+22,5.184771641947429e+22,3.0713578214317573e+22,3.850414592206701e+22,4.353811390131417e+22,-2.894259836782628e+22,6.449870155709257e+22,4.437191379231871e+22,-1.8085465451620544e+22,-1.0749509305569552e+22,3.4876507857164385e+22,-4.832597268365283e+22,-2.8084661806761308e+22,3.0187760878416885e+21,7.002621634925129e+21,1.3650971288032135e+22,5.437404724166036e+21,8.810160215473536e+21,6.253594937668999e+21,2.4526943784229436e+21,-8.332899837766e+21,9.879715025057206e+21,6.936649358138832e+21,1.3248801909445354e+22,2.035411737686687e+22,-3.2279737200188016e+22,3.3154531371509092e+22,2.8959452597509377e+22,3.3853551174201813e+22,4.441383456215998e+22,3.982506686266397e+22,3.3609596622159393e+22,2.757504687125115e+22,-1.9661033587322997e+22,1.636910101828507e+22,-7.377242720296645e+22,4.48216758794968e+22,-8.326201622153839e+21,3.5964515712390027e+22,4.692406173067125e+22,4.693444575808261e+22,-3.7142193831237044e+22,3.295412690785194e+22,2.98731586045236e+22,-3.3203212411241746e+22,-3.5721286557318886e+22,4.217218412793158e+22,-1.342988898455654e+21,7.489628603028636e+21,-8.426600434478581e+21,-5.0775046719834545e+22,-1.5658795660055325e+22,-4.562838821384373e+20,-1.174160608565697e+21,-2.9084381235831683e+21,-1.9161370595961078e+21,3.724149707140307e+21,1.8167200318572931e+21,2.2226211350726357e+21,1.5631060341637188e+22,8.395740826393661e+21,3.9231037647991215e+21,1.6896120788100183e+22,-3.0039831613722858e+22,-1.101518553629954e+22,-1.1333467253204868e+22,-1.1574537169260952e+22,-2.6732515529703396e+22,-5.8933131070963785e+22,5.091727582135218e+22,-3.5554811684985e+22,4.212821381624554e+22,-2.0126337645701272e+22,8.420384133526693e+21,-6.696033943240531e+22,3.830834799598906e+22,-3.028028583028131e+22,4.352935638533145e+22,2.970410820507494e+22,-7.127691878798311e+22,-4.023487878238695e+20,-7.721028480312927e+22,-5.382373025006935e+22,-7.854225615970596e+22,-3.510589133296983e+22,-3.5651932770284536e+22,-2.61986226334447e+22,1.2357707958528476e+22,2.769818246663064e+22,-2.0827012178917217e+21,3.1106893710906e+22,2.3547881540966207e+22,3.559167976056962e+22,2.0838258140238263e+22,3.447809532181115e+22,1.3835757925158751e+22,3.1366846419855097e+22,3.1919256484072e+22,3.1802074415822606e+22,1.2710825814966833e+22,2.0946671568604012e+22,1.9700938500504684e+22,2.5953122792454564e+22,1.3931797502770096e+22,3.2970309608690378e+22,2.8279358022406537e+22,3.0617764333082538e+22,2.257717296539716e+22,1.8607980570318322e+22,1.735614932908307e+22,1.9505792044530443e+22,2.2149605724020185e+22,2.438962839556936e+22
1.241976075429543e+22,-2.548414042013342e+22,4.527707147045282e+20,2.422811653029995e+22,3.4742832358072494e+22,1.9084958422510667e+22,2.7655332924161897e+22,3.2190184263890225e+22,-2.2046158198403863e+22,4.7786025837154015e+22,2.8944376769431315e+22,-1.0789538614706035e+22,-8.511876681352146e+21,2.5953792030572655e+22,-3.940058483194301e+22,-1.979155664448187e+22,1.529877879388214e+21,5.545021202163549e+21,1.0607525298757307e+22,6.403807442677292e+21,6.399813873880754e+21,4.440192011500785e+21,6.8533369921393e+20,-9.714462466063014e+21,7.205756283478852e+21,5.055147598643218e+21,9.591184191652987e+21,1.6890093076894873e+22,-2.739741971810367e+22,2.8959452597509377e+22,2.737591010629469e+22,3.1538912956502652e+22,3.441160448938613e+22,3.1835285057277025e+22,2.58768441111691e+22,1.2985338970830707e+22,-1.6478031752376982e+22,1.221692781314376e+22,-5.9080341259761324e+22,1.9515789327928666e+22,-3.12378604366991e+22,1.42416483633114e+22,2.3876493975620413e+22,3.184456524876821e+22,-2.2960113070916543e+22,2.2886534883849007e+22,2.15610583975063e+22,-2.4557638520643045e+22,-2.625265022030833e+22,2.7481483229257347e+22,1.749121174562481e+21,3.715235738714289e+21,-4.5209269032722676e+21,-4.146028347757978e+22,-1.2372477193881576e+22,-4.1033093848261453e+20,-1.0989557122935443e+21,-2.9142534035795954e+21,-4.2098883176817125e+20,2.9763282466563335e+21,1.0834425543647357e+21,7.843821684330716e+20,1.0290678418389072e+22,5.817227271878999e+21,2.7773419462031977e+21,1.1617275567296983e+22,-2.2430252444320648e+22,-8.954033875119597e+21,-1.0080707771305558e+22,-1.0278759832572077e+22,-2.2280447750380913e+22,-5.287347223042972e+22,3.660720770146537e+22,-2.6361078284739303e+22,2.343986800455734e+22,-1.4897290924718167e+22,6.670044462058073e+21,-5.9045638133300255e+22,3.186211304108545e+22,-2.3747474796643906e+22,3.397038036688928e+22,1.8310987102602893e+22,-5.143186664876003e+22,1.138513424076331e+22,-5.9089244211544255e+22,-4.995442599596427e+22,-6.032703387190515e+22,-3.543693216282344e+22,-2.5671672695985466e+22,-2.012695877194104e+22,1.0083900063689568e+22,2.078811488115263e+22,-5.492613189732548e+21,2.19608813570043e+22,1.4123533579201135e+22,2.1535695576428727e+22,1.428911959056816e+22,2.2799444783461176e+22,9.318149147929096e+21,2.1413533053921167e+22,3.0331947305100424e+22,2.2102503938474084e+22,7.24298645865483e+21,1.137875651542691e+22,1.102920056902768e+22,1.5740763316108843e+22,6.41492296161065e+21,2.1657290306671518e+22,1.5116856022515682e+22,1.8699332390768865e+22,1.5336658205217837e+22,1.2443150176768223e+22,1.0968486761466853e+22,1.141747029993758e+22,1.272794334147153e+22,1.3570906904149493e+22
5.805751577698573e+22,6.876832146639743e+22,5.7382572041031226e+22,6.241785510414119e+22,9.141481381389973e+22,1.1689256684327566e+23,4.508970082577743e+22,5.34863860016862e+22,-6.320232480854006e+22,9.842244381683917e+22,4.68576545931995e+22,-2.780991908201812e+22,-1.0350822186954443e+22,1.922589551954086e+22,-4.872036865722473e+22,-8.810913317362754e+21,6.439507303816395e+20,2.6398799478210974e+21,7.072062511980401e+21,4.3315430265671254e+21,9.471394823193907e+21,1.0004362812121663e+22,5.382381741023068e+21,-6.022628574315273e+21,1.7722312531016606e+22,1.1258985119821316e+22,2.6214756190468402e+22,4.554299285353869e+22,-3.261159472943179e+22,3.3853551174201813e+22,3.1538912956502652e+22,5.844951336742623e+22,1.2193245975615937e+23,1.066879975497598e+23,8.701871882649956e+22,3.7653592532990774e+22,-1.8370403081532366e+22,1.8216168221407757e+22,-1.1466781776240732e+23,6.421062380403594e+22,1.933115622334417e+22,3.696967554875087e+22,5.024297927695089e+22,4.291260457184058e+22,-3.246001232195172e+22,3.084552984650338e+22,3.0439368178630738e+22,-3.4533733720026763e+22,-3.6953014401976918e+22,4.0301434073257804e+22,-4.996138945650121e+21,-1.1021991557282545e+21,-7.786669376292563e+21,-4.259478405777343e+22,-6.176819221869164e+21,-8.701072283372066e+20,-9.589760016225225e+20,-2.6024163378566765e+21,-1.7894925279664e+21,5.988352017885951e+21,3.5542937335782803e+21,4.256276115255626e+21,2.3731461114320673e+22,1.4389803631359388e+22,6.892921917642379e+21,2.758371888296779e+22,-3.5818883420396414e+22,-1.0294187856464995e+22,-1.1827443265673454e+22,-1.3818761304211079e+22,-3.150304326676851e+22,-5.817364833983319e+22,5.413111219594502e+22,-3.5844730972515135e+22,3.5751238958042787e+22,-1.4049116146027024e+22,1.3096041895203522e+22,-6.705647494720104e+22,6.989091845775303e+22,-3.187022852897879e+22,1.1774512311353208e+23,2.4877742354343783e+22,-7.085154463729306e+22,9.102877962829339e+21,-1.0135095816808796e+23,-5.779374414974601e+22,-1.0476091560738038e+23,-4.192816520351786e+22,-3.4460805518755166e+22,-2.504961073763218e+22,3.5387925748279105e+22,3.8065181480837745e+22,2.0584299252624092e+22,4.7451734182148235e+22,6.537821346047109e+22,4.674293032312237e+22,5.071333235183346e+22,4.573802912958868e+22,3.883866039550278e+22,4.572924568579827e+22,5.7294670613741205e+22,5.074274666015162e+22,4.587582358612376e+22,4.513901426540297e+22,5.0588920886555216e+22,6.462698614290538e+22,5.472130497106363e+22,4.065818094242889e+22,6.245069718027907e+22,5.783091252984602e+22,3.998824019476484e+22,3.6890809328833825e+22,3.913537560270711e+22,4.814545459891372e+22,5.375257109128113e+22,5.771221504164117e+22
2.7603118702305215e+23,4.378927107775889e+23,3.058467221384743e+23,2.4488334507059903e+23,2.8727893494562862e+23,4.3416920763815475e+23,1.0467850724184288e+23,1.2002901303318717e+23,-2.3053129033747878e+23,2.553451599529568e+23,1.2812046460495689e+23,-9.824419407452186e+22,-1.690074801448938e+22,-5.765974181603018e+21,-8.056349982642204e+22,7.18444865460047e+21,2.195398061297146e+21,-4.677785643664041e+21,9.996499296137777e+18,-1.0130768145369128e+22,2.0588262680636615e+22,2.9292127813278668e+22,2.56586516355607e+22,1.7089148313524907e+22,5.214881392192849e+22,3.185697874198073e+22,7.975143366581138e+22,1.2472377930456006e+23,-4.5590624123547495e+22,4.441383456215998e+22,3.441160448938613e+22,1.2193245975615937e+23,3.935321680039838e+23,3.319272392726521e+23,2.6588319463608338e+23,1.5126056920715853e+23,-2.3467722809382063e+22,3.86169047781095e+22,-2.900402140165991e+23,2.7874580418242412e+23,3.0206153638374353e+23,1.807165681661766e+23,1.9630252253303488e+23,1.100867137484276e+23,-9.989760014942284e+22,7.074371146615943e+22,7.001162339039198e+22,-8.509843257964512e+22,-8.54605888582313e+22,1.0786262301667119e+23,-4.267738657872208e+22,1.6040354047405512e+21,-3.6604366330013506e+22,-5.207958310456426e+22,4.3165684480118783e+21,-2.0553912595182371e+21,-2.0216144091378205e+21,-2.9696821872174385e+21,-1.521263125571674e+22,1.4341501955343e+22,1.2421210093566932e+22,1.9906402624074435e+22,8.307734090668253e+22,4.434017817437326e+22,2.0574768294193223e+22,8.610037405969446e+22,-9.586199777379509e+22,-2.177987053132337e+22,-2.12767771308796e+22,-2.936356943028233e+22,-6.666056335302064e+22,-6.166127925803739e+22,1.4182742449306933e+23,-8.785507209403711e+22,1.1738908123712552e+23,-2.400051581851258e+22,3.1409814129672855e+22,-7.337937843592e+22,1.75968226525119e+23,-7.000039193745941e+22,3.6768838823494194e+23,8.295862271977661e+22,-1.5037401445642247e+23,-6.2766885002530605e+22,-2.40501223297166e+23,-5.749372172248562e+22,-2.4343901860147507e+23,-3.55388424111213e+22,-7.020219344460846e+22,-4.970757350078415e+22,1.0440064274941133e+23,1.0905247660199954e+23,1.0498590994427794e+23,1.486684210693044e+23,2.36877726820016e+23,1.678724220868124e+23,1.6670231651497243e+23,1.4796669569138197e+23,1.3013615253324653e+23,1.4595946588650682e+23,1.111109947405801e+23,1.59534503842692e+23,1.6163508607165656e+23,1.776843564783509e+23,1.842085893898251e+23,2.3101144597281236e+23,2.087576381975475e+23,1.3242032186379479e+23,2.438046568607836e+23,2.074577635466605e+23,1.2762162533092915e+23,1.215877784181807e+23,1.3588941069095148e+23,1.742950013365061e+23,1.9720845266083204e+23,2.169826094196618e+23
2.2764763180337563e+23,3.845660070755156e+23,2.532368441567237e+23,2.0675339670245393e+23,2.5460107820965834e+23,3.862589521759869e+23,9.800734482464856e+22,1.0817486911251072e+23,-1.6403237656261675e+23,2.273357986004768e+23,1.1409019049352069e+23,-6.0983958509845295e+22,-1.4589220292850098e+22,5.384279017263773e+21,-6.663876255296729e+22,9.227375340944439e+21,1.0682188473046224e+21,-2.4919007236521407e+21,1.8232596354837643e+21,-4.61881407186483e+21,1.7525013999074402e+22,2.3045421458247846e+22,1.8035816643504944e+22,8.454734623646653e+21,4.196189496920116e+22,2.5908919965558004e+22,6.3815865779685295e+22,1.0383286174976736e+23,-4.074773131989933e+22,3.982506686266397e+22,3.1835285057277025e+22,1.066879975497598e+23,3.319272392726521e+23,2.9677570084350947e+23,2.2411142537908724e+23,1.5455325832934267e+23,-2.1900969254660128e+22,3.3166808102141063e+22,-2.3119386488575522e+23,2.359461816661959e+23,2.6204524730051222e+23,1.39274244419811e+23,1.6049351579083832e+23,9.75629477365722e+22,-7.883978995089059e+22,6.311620188909333e+22,6.351450375825633e+22,-7.2446069296340794e+22,-7.671935548395382e+22,9.31554247209558e+22,-1.6911140495567662e+22,-4.857762087215122e+21,-2.527216867411029e+22,-5.471700684826825e+22,2.81217346599001e+21,-2.515135674905841e+21,-1.888150319173824e+21,-3.594622513478641e+21,-1.2941627778835595e+22,1.3582067339132582e+22,1.0632921855702463e+22,1.6347946073445852e+22,7.107963288881285e+22,3.71323289047042e+22,1.7551652748731448e+22,7.136491275913455e+22,-8.246000092211326e+22,-1.907826194297682e+22,-2.1810942750838126e+22,-3.068071367288929e+22,-6.463923332926511e+22,-6.7175085468900594e+22,1.2140383296828865e+23,-7.264292402514515e+22,1.0868012498277748e+23,-1.8405682179097066e+22,2.8811860774380177e+22,-8.026842523384162e+22,1.4664561029663186e+23,-6.063245615331228e+22,3.111492260014039e+23,6.042202336052827e+22,-9.767643989127212e+22,2.6080990472337694e+21,-1.8459419648419262e+23,-7.068573817809657e+22,-1.8875871851372566e+23,-5.0747380443013685e+22,-5.362257003564859e+22,-4.049851447135875e+22,8.717088031303736e+22,9.81195246530953e+22,8.45799255452262e+22,1.3211159096372407e+23,1.959774554700774e+23,1.3384282384586003e+23,1.3624521280328849e+23,1.2042239996846878e+23,1.0593946412481092e+23,1.2246715667936688e+23,1.0328912492372436e+23,1.4634702669246642e+23,1.38189543392241e+23,1.5280810849404324e+23,1.573129987964652e+23,2.021024566064247e+23,1.7483047052326447e+23,1.0978958197613574e+23,2.009600591527734e+23,1.6912466817982176e+23,1.042078688610053e+23,9.943985906168955e+22,1.1209204824225046e+23,1.4633623441903588e+23,1.6589159515017616e+23,1.8143620345638147e+23
1.876545370424314e+23,2.8054816836277503e+23,2.0548300661791912e+23,1.7159677908092434e+23,2.0475472861510128e+23,2.923095704423283e+23,8.395064083525853e+22,9.541017866840364e+22,-1.3579198742631789e+23,1.908726887172545e+23,9.814605131825758e+22,-6.439424332202682e+22,-1.280751410641461e+22,1.1137923374253435e+22,-5.972026091910384e+22,2.860401454427607e+21,2.1275906545978127e+21,-2.652514251308918e+21,1.347776105968651e+21,-6.730215094666059e+21,1.6651843685657168e+22,2.163936466987738e+22,1.8456834011212259e+22,1.1102268713039177e+22,3.781514734531103e+22,2.3517652355504503e+22,5.734117823845228e+22,8.942365955251458e+22,-3.487795882271323e+22,3.3609596622159393e+22,2.58768441111691e+22,8.701871882649956e+22,2.6588319463608338e+23,2.2411142537908724e+23,1.8644180710255833e+23,1.109735582429551e+23,-1.740727703170935e+22,3.101754809210271e+22,-2.0386650875758668e+23,1.8782891868527824e+23,1.839640324064201e+23,1.2230603765708712e+23,1.3792861955786766e+23,7.82319361225574e+22,-6.916251341875165e+22,5.44478015681411e+22,5.180566423379927e+22,-5.693060357234232e+22,-6.0871026563802926e+22,8.169807542097715e+22,-2.491480621610556e+22,-9.676339939214481e+20,-2.1539035368992065e+22,-3.7469758978045522e+22,4.864414491709254e+21,-1.4965697018431729e+21,-3.49874898394437e+20,-2.5180871625341698e+20,-8.445946655022134e+21,1.0960301389657875e+22,8.988618019051797e+21,1.3576566065034076e+22,5.323833656398714e+22,3.15884237474302e+22,1.505208348880272e+22,6.002054041121264e+22,-6.1758354066899456e+22,-1.190132998122011e+22,-1.1082929884897326e+22,-1.597820931313413e+22,-4.189711182986256e+22,-4.386780765935246e+22,9.332059693341683e+22,-5.686580384021518e+22,9.012536269331799e+22,-1.5982603158863961e+22,2.3734077073172392e+22,-5.647058060779878e+22,1.2691580740975763e+23,-4.534145162127555e+22,2.5391633715208444e+23,5.323647246078084e+22,-1.1536249896122265e+23,-3.5664948261417944e+22,-1.7620140638849972e+23,-4.32927822340656e+22,-1.824699208130512e+23,-2.5234378194639397e+22,-5.559907062627379e+22,-3.442344350172204e+22,7.443684260788618e+22,6.907685985121458e+22,7.291822610783948e+22,9.566424916916823e+22,1.633287276614599e+23,1.1031643239241774e+23,1.175114198400097e+23,9.814266105443555e+22,9.189153877092356e+22,9.638517091371664e+22,8.085605003051254e+22,1.0430387392851513e+23,1.1244439688491146e+23,1.1388148975130328e+23,1.2524169253837632e+23,1.5449942397419223e+23,1.433076536041599e+23,8.522133783395679e+22,1.6345892855663416e+23,1.4175735196404415e+23,8.97641619142169e+22,8.477148778628045e+22,9.36265653298108e+22,1.1874469720031287e+23,1.337039315947004e+23,1.4642868714142471e+23
3.391192438647581e+23,3.620972608254419e+23,3.5936352560180256e+23,3.734042794974032e+23,3.049581534881527e+23,2.6839658235145873e+23,2.1109847246578648e+23,1.8367871365447235e+23,7.935889728307152e+22,2.8291157173442944e+23,2.6849366089417594e+23,4.8408226878109115e+22,-1.9335147746740786e+22,1.547084696718285e+23,-5.6202035137985756e+22,-4.241615120169461e+22,1.5652604636110642e+22,8.216881518633788e+21,1.6788622659350516e+22,-1.4082507610664764e+22,3.3934295333988217e+22,2.573804966868921e+22,2.0986013349720497e+22,1.5473444953455099e+22,4.015029005640846e+22,3.017921569509675e+22,5.123717974994871e+22,5.10762414443777e+22,-3.4537009182155414e+22,2.757504687125115e+22,1.2985338970830707e+22,3.7653592532990774e+22,1.5126056920715853e+23,1.5455325832934267e+23,1.109735582429551e+23,4.062002031611406e+23,-2.7720975510431766e+22,5.914975003893014e+22,-1.0050300723257782e+23,3.3677598052335496e+23,3.825146384225986e+23,2.6764735713020882e+23,3.176722862894755e+23,1.9774101242375206e+23,-1.5189365415932417e+23,1.4881907201349517e+23,1.2126541177285086e+23,-9.18192864547427e+22,-1.2295271870366441e+23,2.2516015998124228e+23,4.863619152049409e+22,3.0199284854053266e+22,-2.929398218777591e+22,-1.0033757878930927e+23,-1.5822817168127647e+22,-3.336325462679646e+21,2.3264865997104187e+21,4.792651526754317e+21,-1.5584326059079384e+22,1.8814011120990508e+22,1.591484250091727e+22,2.3804089888285494e+22,6.259555811173566e+22,4.26748916758983e+22,2.3222911196178063e+22,7.334842027740726e+22,-6.860487518251632e+22,-1.1489910054606676e+22,-5.929152712483888e+21,-9.238296348827122e+21,-4.105348308865176e+22,-6.798259714847581e+22,1.2564563566176243e+23,-7.427781594792745e+22,3.3794193306268024e+23,-4.700276727482442e+22,3.5967087768559856e+22,-9.743102951611292e+22,7.660772637359492e+22,-5.4991158695064685e+22,1.4594760593649293e+23,8.694712025949096e+22,-6.358006133727675e+22,5.663627750629171e+22,-1.1646997963020426e+23,-6.628424830600192e+22,-1.375328981441957e+23,-2.133793806393706e+22,-8.221574467604065e+22,-5.107869145117363e+22,3.894044844706906e+22,6.66565802475637e+22,4.6451698587864956e+22,9.135022792401464e+22,1.3192982118626442e+23,1.355746515841195e+23,9.068168982696538e+22,1.1540658189645032e+23,6.40153581272415e+22,1.0387841562634253e+23,3.547835079562517e+22,1.0622154788106007e+23,7.241574389281332e+22,9.220867884466542e+22,1.0310271905070932e+23,1.2757005537041751e+23,9.488177571336085e+22,9.551338284821381e+22,1.6137214865586525e+23,1.5464953641572612e+23,9.92077382844404e+22,8.329486702812496e+22,8.36046959726913e+22,1.0056002873782607e+23,1.1561242798704754e+23,1.319023221364731e+23
-3.995763164181885e+22,-4.4210069504454217e+21,-2.1749944741087972e+22,-4.31356356256819e+22,-3.4318288974830736e+22,-1.4725235596909074e+22,-2.7279822333695345e+22,-2.9255811948697784e+22,1.7197431344571632e+22,-4.1419525751352244e+22,-3.544465516002383e+22,1.1148598176360218e+22,8.117850874030002e+21,-3.119888566470572e+22,3.150505816224847e+22,2.426411026387772e+22,-2.683728016120906e+21,-5.363544782631964e+21,-9.094230339614482e+21,-3.731010154790328e+21,-5.576449285581746e+21,-2.9636659679272187e+21,-2.766023080110479e+20,5.854728193112075e+21,-5.014984396885785e+21,-3.597429137964683e+21,-6.457564967864035e+21,-9.970993080572582e+21,2.006676018394398e+22,-1.9661033587322997e+22,-1.6478031752376982e+22,-1.8370403081532366e+22,-2.3467722809382063e+22,-2.1900969254660128e+22,-1.740727703170935e+22,-2.7720975510431766e+22,1.52631649842459e+22,-1.0018345696679392e+22,4.211689761146408e+22,-4.283608151181069e+22,-1.0625728448604337e+22,-3.593200478541315e+22,-4.311033413504335e+22,-4.0048083051849456e+22,3.282649717871422e+22,-2.6616269449901063e+22,-2.3224134172223595e+22,2.5446279942273153e+22,2.7629106692612482e+22,-3.4832586103602868e+22,2.7473251055982802e+20,-9.377619271301838e+21,7.080012190532152e+21,4.323008457266732e+22,1.6219759664339358e+22,1.7380252457144012e+20,9.578741923874427e+20,2.3413843556521557e+21,1.637609818202487e+21,-1.9917432910080345e+21,-9.366157672487556e+20,-1.3451180266619048e+21,-1.1128619733930075e+22,-4.916587962268964e+21,-2.0909478260320436e+21,-1.0725726339260708e+22,2.333428636518933e+22,9.138277436066827e+21,8.909183303159115e+21,8.769842344307112e+21,2.0475060751080282e+22,4.49985391332728e+22,-4.079389796624471e+22,2.8691268647804192e+22,-4.0031047333405736e+22,1.764763121361415e+22,-4.7184526427795504e+21,5.025980235756523e+22,-1.9881165511654464e+22,2.3848181656374015e+22,-2.137470918313888e+22,-2.6048718211658606e+22,4.978699403685277e+22,1.303680191698656e+21,4.77962978528804e+22,3.889307747718591e+22,4.783242856290905e+22,2.371311489479477e+22,2.6265438572173523e+22,2.0837640761410247e+22,-6.068835120953415e+21,-2.1274249264241207e+22,1.545131715149169e+21,-2.434963825676233e+22,-1.2165430441239281e+22,-2.810962320704482e+22,-1.0246965586746298e+22,-2.628582221204519e+22,-6.643433595847086e+21,-2.3246332476585062e+22,-1.942265848543515e+22,-2.4715233639159984e+22,-8.936744989585664e+21,-1.7334374901105193e+22,-1.5309134837496163e+22,-1.963017548101804e+22,-9.674111480022547e+21,-2.708169943697603e+22,-1.9025986578908094e+22,-1.8819128113937401e+22,-1.317860321658481e+22,-1.08669060545115e+22,-1.0549693678575612e+22,-1.3245635910433816e+22,-1.541585904047441e+22,-1.690333839612686e+22
5.7996853562249704e+22,3.394435231778384e+22,5.192123463910221e+22,6.718293154851747e+22,5.9707635475608674e+22,4.464116515950587e+22,4.414998973700146e+22,4.320650661599433e+22,-6.691186082726372e+21,6.429612384420394e+22,5.369030152745423e+22,-5.261718557170583e+21,-6.605654832895284e+21,3.3473516281905946e+22,-2.7456123003519455e+22,-1.7402454536406784e+22,3.738669942666902e+21,3.4020628822094586e+21,7.371122572783757e+21,-1.391953805546919e+21,9.096489249958505e+21,7.279247329892795e+21,5.532154713335775e+21,1.0303934645737043e+21,1.1236948373590812e+22,8.147165010639528e+21,1.4707794536093998e+22,1.6988911753234357e+22,-1.7107622052726542e+22,1.636910101828507e+22,1.221692781314376e+22,1.8216168221407757e+22,3.86169047781095e+22,3.3166808102141063e+22,3.101754809210271e+22,5.914975003893014e+22,-1.0018345696679392e+22,1.6506137377661663e+22,-4.923571672268312e+22,5.802969604541362e+22,3.4518781024099533e+22,4.7970199714085774e+22,5.993367551153213e+22,4.3082407333823406e+22,-3.3427984911456176e+22,3.319535340736657e+22,2.7814380384238315e+22,-2.29882234317888e+22,-2.934667243628789e+22,4.714232387693435e+22,3.687226988440907e+21,5.494539539375243e+21,-6.232089559191686e+21,-2.399235702066853e+22,-1.763674998108596e+21,-6.767671306472056e+20,7.822144607798466e+20,1.4803445654404745e+21,-2.0284857566544944e+21,4.601759099220987e+21,3.681918708113263e+21,5.196079738415973e+21,1.364931595900659e+22,1.069287580220188e+22,5.678128646112938e+21,1.8405102210690648e+22,-1.645962554277487e+22,-2.2796638442272045e+21,-6.651555307904485e+20,-7.695297270542394e+20,-9.629382339931784e+21,-2.442409117059173e+22,2.9518061148042703e+22,-1.913012698411479e+22,6.025564767111973e+22,-1.203259217794772e+22,9.328630584745447e+21,-3.212678537675622e+22,2.8386347673962634e+22,-1.4576160674716196e+22,3.9651053491046584e+22,2.048844860736231e+22,-4.757140363212792e+22,-2.137012337971284e+21,-5.521630060289547e+22,-2.2472256306070482e+22,-5.97245294161404e+22,-9.748564786998223e+21,-2.777487821805434e+22,-1.5134264417693993e+22,1.1731653707232725e+22,1.4227167721438931e+22,7.952105518970077e+21,1.888348266692096e+22,3.037842362303645e+22,3.0223802388657425e+22,2.402515264926391e+22,2.717014379701881e+22,1.6960945337752284e+22,2.4094910362106913e+22,1.5836945500395006e+22,2.1082958097355966e+22,1.5439513295928787e+22,1.573974790182112e+22,2.097831813225984e+22,2.469966800551404e+22,1.915645804432966e+22,2.0792424614986026e+22,3.3713622033845585e+22,3.581258601033795e+22,2.5331403990948517e+22,2.1108089796399884e+22,2.0195243295601156e+22,2.215756802236703e+22,2.4726259124460403e+22,2.7750964324655897e+22
-2.317008959239847e+23,-2.112016005950495e+23,-1.9745023981956827e+23,-2.1851599564523022e+23,-2.2757596530697826e+23,-2.6757713858190126e+23,-1.1083665406488614e+23,-1.3157363849431197e+23,2.2688095486780242e+23,-2.3257831889188762e+23,-1.4024059827748727e+23,1.1503974609651344e+23,2.6869021770347868e+22,-4.596207190109717e+22,1.2682265168828647e+23,5.30753131055395e+22,-8.076836241408008e+21,-7.47763908878042e+21,-2.0571815647210333e+22,2.8559403080902566e+21,-2.6411841563002396e+22,-2.8418068774589844e+22,-2.314558194348829e+22,-5.530471284691874e+21,-4.775074588880329e+22,-3.018372975784222e+22,-7.0629903697851586e+22,-1.036451113777993e+23,7.425931927818362e+22,-7.377242720296645e+22,-5.9080341259761324e+22,-1.1466781776240732e+23,-2.900402140165991e+23,-2.3119386488575522e+23,-2.0386650875758668e+23,-1.0050300723257782e+23,4.211689761146408e+22,-4.923571672268312e+22,3.041162702503006e+23,-2.3881788370814113e+23,-1.5154440428752806e+23,-1.798538312281862e+23,-2.004363081011147e+23,-1.4118857430183184e+23,1.2847434111417448e+23,-9.421638124206265e+22,-8.636140050050479e+22,1.0107108900201625e+23,1.0441367730747909e+23,-1.3170070071560794e+23,4.5765568022480415e+22,-1.8565096446146042e+22,3.929002634835069e+22,9.849665265509359e+22,1.9973302990925797e+22,1.4414836512333305e+21,2.1627851522738807e+21,3.4972383314922764e+21,1.3999665055248824e+22,-1.288097166323066e+22,-1.0283865544798744e+22,-1.673635324628751e+22,-7.285680876816219e+22,-3.969488342984539e+22,-1.8004505551178908e+22,-7.876087559917137e+22,1.004732316209643e+23,2.6848269964936095e+22,2.32489539238913e+22,2.675618448653628e+22,6.962905634369238e+22,1.0715379708348488e+23,-1.6116700614129678e+23,1.0770593080189802e+23,-1.3435718769181053e+23,4.7091922273085264e+22,-2.969537539237493e+22,1.2521482492463983e+23,-1.618791281812551e+23,8.461336016890484e+22,-2.7559243048397838e+23,-1.0740421517664806e+23,2.525629850774514e+23,9.842539264907753e+22,2.9347954016187473e+23,8.899911773359793e+22,2.9572297754854994e+23,4.5881285949833e+22,1.0979967775617056e+23,7.110151373835158e+22,-7.929988789971935e+22,-9.958350257900453e+22,-6.361422283853299e+22,-1.2795116996593585e+23,-1.7783014394566913e+23,-1.6419395959254744e+23,-1.336461984613699e+23,-1.4629637854355826e+23,-1.0090278846720753e+23,-1.3560492591161843e+23,-9.811154103275454e+22,-1.326618667051117e+23,-1.1037719978485809e+23,-1.302259530023752e+23,-1.358859405131552e+23,-1.6567528547852246e+23,-1.4193432264141759e+23,-1.3116917144582669e+23,-1.9217474765120906e+23,-1.7638945980870156e+23,-1.1420369559780369e+23,-1.036304506262958e+23,-1.0934262328587303e+23,-1.330226235778697e+23,-1.5025189818579906e+23,-1.6668912793220342e+23
4.688597194705805e+23,4.953312047154945e+23,4.4458817674790877e+23,4.4080329765788954e+23,3.470153462145089e+23,3.5411640549974494e+23,1.8880955393092454e+23,1.8347392131472738e+23,-1.3710197641388615e+23,3.061872567321658e+23,2.6690486328617638e+23,-7.849465910927785e+22,-2.9666560599688353e+22,1.1655287345921376e+23,-1.0525730865988096e+23,-7.705715151957158e+22,1.8159985938724213e+22,9.85500905744669e+21,2.1995772970759856e+22,-1.932874269811426e+22,3.3798093834939676e+22,3.089522883808193e+22,2.9631854377819666e+22,2.7281851132007477e+22,4.984448930925353e+22,3.3307871656374012e+22,7.114021281254703e+22,8.281459690678347e+22,-5.408498045762234e+22,4.48216758794968e+22,1.9515789327928666e+22,6.421062380403594e+22,2.7874580418242412e+23,2.359461816661959e+23,1.8782891868527824e+23,3.3677598052335496e+23,-4.283608151181069e+22,5.802969604541362e+22,-2.3881788370814113e+23,4.665790877653326e+23,5.222372123301322e+23,3.7490004686221856e+23,3.9828001687629965e+23,2.4350365379698417e+23,-2.2311430138120366e+23,1.5889660290159364e+23,1.3377458340405895e+23,-1.4043904167779123e+23,-1.5198266750094436e+23,2.4144330219893878e+23,-3.082668639171761e+22,5.529285852232024e+22,-6.58590349647536e+22,-1.4625362974545303e+23,-5.131966910570441e+22,-1.6062328543604373e+21,-3.4191909714772214e+21,-4.2368744829570096e+21,-2.9443583044250046e+22,1.4196255194198743e+22,1.3565983020998212e+22,2.5431998862606473e+22,1.0065564326690878e+23,4.715998941440377e+22,2.147947624976286e+22,9.581987277126264e+22,-1.3498377523613083e+23,-3.918306489588975e+22,-3.0260765615585675e+22,-3.525470209969741e+22,-8.632429360435704e+22,-9.42588615248242e+22,2.3401704101139123e+23,-1.496374206114888e+23,3.3001390216123284e+23,-7.604254756165499e+22,3.127446706297565e+22,-1.1537302654562401e+23,1.2626332727483068e+23,-1.096856024841265e+23,2.5252433052514384e+23,1.764716219431754e+23,-2.1885045761515195e+23,-1.2025705096211819e+23,-2.501532131669772e+23,-6.4006246603469026e+22,-2.529869503122329e+23,-6.816732169962678e+21,-1.274323529540426e+23,-9.03826166871945e+22,6.528715293183898e+22,1.3395025593020709e+23,8.439638979800875e+22,1.7632870492775508e+23,2.070153240221419e+23,2.4427265632214514e+23,1.3903258691486616e+23,2.037469003615571e+23,1.0226493695729792e+23,1.8171441747326434e+23,4.923080442420267e+22,1.868980600626295e+23,1.2541337637154469e+23,1.9299293364762025e+23,1.7851354377287078e+23,2.1847260095124933e+23,1.726539663952243e+23,1.9577167573300604e+23,2.641269328633575e+23,2.288335899218601e+23,1.3445572292948382e+23,1.1973323739972924e+23,1.2886101131270216e+23,1.662061217691701e+23,1.9338641209339492e+23,2.206520358482859e+23
5.294233710802119e+23,7.407793625047097e+23,5.764962260599225e+23,4.71394584116952e+23,3.6833209802699394e+23,4.618186347319577e+23,1.553167540169135e+23,1.3569511898417846e+23,-1.2755968403263705e+23,2.6430963005325912e+23,2.3808636828047348e+23,-5.955873488419934e+22,-1.3401830523239513e+22,4.0447475402464475e+22,-2.9653177209338263e+22,-2.077094201358211e+22,1.4665904086327006e+22,-2.9376607214797476e+21,2.7475476853661385e+20,-3.576721250231756e+22,2.19855789801319e+22,2.691813333971544e+22,3.3790032109535087e+22,5.200694927621175e+22,4.3227076771197156e+22,2.786717528103939e+22,6.4429935808557196e+22,6.684912066538628e+22,-2.77628982393375e+21,-8.326201622153839e+21,-3.12378604366991e+22,1.933115622334417e+22,3.0206153638374353e+23,2.6204524730051222e+23,1.839640324064201e+23,3.825146384225986e+23,-1.0625728448604337e+22,3.4518781024099533e+22,-1.5154440428752806e+23,5.222372123301322e+23,7.766949353340759e+23,4.04118301363704e+23,4.0424186140309534e+23,2.0503030476252575e+23,-2.019019260757821e+23,1.2183980360459001e+23,1.036485171788465e+23,-1.2126844498076825e+23,-1.1945975466287983e+23,2.058740745877837e+23,-4.078336569479582e+22,5.317976948267459e+22,-7.644613308182655e+22,-7.975868184707599e+22,-3.860962597252517e+22,-1.181770778881921e+21,-6.040215345676421e+21,-7.005446459312645e+21,-3.952714217624605e+22,9.60495770675172e+21,1.2013602335411801e+22,2.6065089237891018e+22,1.0883473430049825e+23,4.152710657556949e+22,1.820601626278807e+22,8.870492139814818e+22,-1.2885001241635344e+23,-3.930921155158853e+22,-3.159227462265675e+22,-4.149351955193377e+22,-7.659203268927595e+22,-6.303890153958024e+20,2.158480731114244e+23,-1.3188504260065314e+23,3.1007438817481474e+23,-5.495646902910396e+22,2.055066938781502e+22,-1.9207767919624116e+21,8.640463882949171e+22,-9.062426596584432e+22,2.592279185760017e+23,1.7310354065237345e+23,-7.649688936163062e+22,-1.5385571170221155e+23,-1.3203794484493655e+23,2.5008694778543984e+22,-1.2567265412712906e+23,4.966106807604078e+22,-6.835781509224442e+22,-6.105435597149996e+22,5.92143223941013e+22,1.4055870899395664e+23,1.1327851812708795e+23,1.905411952678721e+23,2.342424558816369e+23,2.579199055727754e+23,1.4132124551844942e+23,2.0485283696540294e+23,1.0545735468055888e+23,1.8600432907491502e+23,-9.326016517511829e+20,2.0239599550222212e+23,1.4002879975409345e+23,2.392766765857916e+23,2.0141686110866996e+23,2.5318471340401736e+23,2.051449903496354e+23,2.0565258389417345e+23,3.059494856327213e+23,2.4533047399328983e+23,1.2864590340054271e+23,1.190871486596427e+23,1.3601440211950432e+23,1.848257032326987e+23,2.1811046189872237e+23,2.5234672217526996e+23
3.81631504267306e+23,3.46534177036865e+23,3.5792769034363424e+23,3.640887614442006e+23,2.5929132289913422e+23,2.1993007697833213e+23,1.5311398062819905e+23,1.4744960522847648e+23,-9.711241617731387e+22,2.3184189423325177e+23,2.2469299657704908e+23,-6.8020181420822235e+22,-2.4910207757234595e+22,1.0771791918960589e+23,-8.81421357543666e+22,-7.714813389128019e+22,1.7167886772017677e+22,9.71745959929549e+21,2.068926706938272e+22,-1.76544997064781e+22,2.8357147994265494e+22,2.5085888029296398e+22,2.541157343165275e+22,2.4518323486744474e+22,3.8847002226014e+22,2.641239983685439e+22,5.4419655144985474e+22,5.5315456155553565e+22,-4.38175454050767e+22,3.5964515712390027e+22,1.42416483633114e+22,3.696967554875087e+22,1.807165681661766e+23,1.39274244419811e+23,1.2230603765708712e+23,2.6764735713020882e+23,-3.593200478541315e+22,4.7970199714085774e+22,-1.798538312281862e+23,3.7490004686221856e+23,4.04118301363704e+23,3.2690468208024224e+23,3.393592340316139e+23,2.0295911819928592e+23,-1.945262680700822e+23,1.3456951759254475e+23,1.0932558825386847e+23,-1.1526040254184495e+23,-1.2278469063779978e+23,2.0707245252893314e+23,-3.48552761112294e+22,5.832461966193649e+22,-5.9441010870271575e+22,-1.2458769037281459e+23,-5.16810059287288e+22,-3.352816213675487e+20,-2.8678825838694933e+21,-3.0483205429682865e+21,-2.336710471150263e+22,9.463091106703062e+21,1.0205854914907455e+22,1.985693862518749e+22,7.478219392891538e+22,3.6050798802327296e+22,1.6242187740244972e+22,7.412034508092405e+22,-1.0589110302797394e+23,-3.2960564874979217e+22,-2.1630110556864085e+22,-2.1553642041675574e+22,-6.027030676054892e+22,-7.1357049301386725e+22,1.902258725101511e+23,-1.2517844753476262e+23,2.821562977443757e+23,-7.020482842513935e+22,2.171542017410751e+22,-8.774010957802759e+22,8.79452465522572e+22,-8.9393020643659e+22,1.611109456599284e+23,1.5663533107028782e+23,-2.0075875142017435e+23,-1.4138741278843111e+23,-2.0511483264992258e+23,-3.761818656477808e+22,-2.0725851284247422e+23,1.2523695216809017e+22,-1.1225137726096098e+23,-7.863714696360685e+22,4.150555277808475e+22,9.581024434032167e+22,5.759833675993249e+22,1.2501913893843437e+23,1.4664017840148059e+23,1.998109314865343e+23,1.0015877975819401e+23,1.6417764210147873e+23,7.244054513885682e+22,1.4002909779051948e+23,2.1295217775506386e+22,1.2681086439164953e+23,8.116872438352104e+22,1.3565909822435242e+23,1.2427714161334898e+23,1.4606776473938792e+23,1.1663184103230897e+23,1.5573958896505203e+23,1.9761324303411452e+23,1.762726678344457e+23,1.0390952274147535e+23,9.03432558781932e+22,9.432603806195149e+22,1.1807448245850231e+23,1.3791658242493956e+23,1.5987461355012803e+23
4.03594803100075e+23,3.528424735213808e+23,3.7293277980217284e+23,3.9927587253808686e+23,2.96631393630525e+23,2.4672192784124616e+23,1.8764749025514635e+23,1.7893949366233467e+23,-7.903845793323174e+22,2.7643938354569184e+23,2.6188087763598156e+23,-5.401899671877839e+22,-2.9119327241937573e+22,1.3927240619773281e+23,-1.0373344254381092e+23,-8.684597825062125e+22,1.922754880297104e+22,1.2516704022024547e+22,2.5641618979136844e+22,-1.626935164584345e+22,3.474210512201724e+22,2.8816415972574133e+22,2.663019493348845e+22,2.1309254001925575e+22,4.496494838699932e+22,3.1318111434740186e+22,6.150745231397342e+22,6.4447294877196955e+22,-5.5171137142218205e+22,4.692406173067125e+22,2.3876493975620413e+22,5.024297927695089e+22,1.9630252253303488e+23,1.6049351579083832e+23,1.3792861955786766e+23,3.176722862894755e+23,-4.311033413504335e+22,5.993367551153213e+22,-2.004363081011147e+23,3.9828001687629965e+23,4.0424186140309534e+23,3.393592340316139e+23,3.673500072079425e+23,2.3067008444466795e+23,-2.0806754577868868e+23,1.5814276598057316e+23,1.2955407231450969e+23,-1.2655117801071972e+23,-1.4271568510421188e+23,2.3777725442476274e+23,-1.7121328136310837e+22,5.639611812396337e+22,-5.669281434561025e+22,-1.4033091652373343e+23,-4.816533495369726e+22,-1.3394386302480134e+21,-1.4480115258246667e+21,-9.170482858072598e+20,-2.2880801603677474e+22,1.384832856961709e+22,1.3142972054268145e+22,2.3215100588913443e+22,8.076950843182312e+22,4.310754342002674e+22,2.049475783513941e+22,8.437414987324409e+22,-1.108326098898939e+23,-3.1021894249477336e+22,-2.0162454766608506e+22,-2.099161709646912e+22,-6.5415373814347e+22,-9.353520121686362e+22,1.9913605440561944e+23,-1.2988240875159541e+23,3.250835691078737e+23,-7.487130307503978e+22,2.991575808463937e+22,-1.1739154586848011e+23,1.0350673076700165e+23,-9.421163530812932e+22,1.8026370628462443e+23,1.5729908400192433e+23,-2.1567517517120124e+23,-1.0430949687056034e+23,-2.293011610753541e+23,-6.3676830423077775e+22,-2.36835925247729e+23,-4.638094715666296e+21,-1.2694001619488315e+23,-8.485970177794614e+22,4.778350875136984e+22,1.0114295109467148e+23,5.844591657631842e+22,1.3240792608319597e+23,1.587886579910037e+23,2.0577011113619383e+23,1.1081207433689181e+23,1.71927769518613e+23,7.961271635516588e+22,1.4847089792056894e+23,3.6557760501947587e+22,1.3835997672323763e+23,8.834482096481796e+22,1.3685304198283322e+23,1.3280349047916452e+23,1.5743803707124804e+23,1.2238300975033201e+23,1.5864976792124156e+23,2.080639464838175e+23,1.9072374982695144e+23,1.1670695539988399e+23,1.0044551619644398e+23,1.0334296986116043e+23,1.2724796505071381e+23,1.4757055848004874e+23,1.6969761405496063e+23
2.4014194196226417e+23,1.6359780979528803e+23,1.9254803803495836e+23,2.4597380772191642e+23,1.8153342291437308e+23,1.2990869399208499e+23,1.2792838987465609e+23,1.231857116722281e+23,-5.621665287425872e+22,1.814070754168404e+23,1.7455075026672782e+23,-3.1038327376499274e+22,-2.4325702272886975e+22,1.1154337710178878e+23,-8.93080721538171e+22,-7.742455737400633e+22,1.351156659305731e+22,1.397398781852779e+22,2.5352118556614166e+22,-3.113592977855365e+21,2.4460786954023853e+22,1.713256740657469e+22,1.246898247527072e+22,2.2135145288555658e+21,2.713944154918159e+22,1.943794638846714e+22,3.5605411601703126e+22,3.819880750619088e+22,-5.154452877906113e+22,4.693444575808261e+22,3.184456524876821e+22,4.291260457184058e+22,1.100867137484276e+23,9.75629477365722e+22,7.82319361225574e+22,1.9774101242375206e+23,-4.0048083051849456e+22,4.3082407333823406e+22,-1.4118857430183184e+23,2.4350365379698417e+23,2.0503030476252575e+23,2.0295911819928592e+23,2.3067008444466795e+23,1.683602403999704e+23,-1.413551990135926e+23,1.1366382285133805e+23,9.549930574524464e+22,-9.353297724900339e+22,-1.0719815870359123e+23,1.620494337373419e+23,7.71047235514734e+20,3.698198143576262e+22,-3.4053207968934615e+22,-1.2053859235612005e+23,-3.914926326810079e+22,-1.4512717578964265e+21,-1.3744312254617105e+21,-2.410045390231317e+21,-1.4393536271272519e+22,1.0185329470716592e+22,8.314133276953389e+21,1.4312684867714751e+22,5.488718294572348e+22,2.776140746545592e+22,1.3153221193608672e+22,5.4478611245341145e+22,-8.093975979400869e+22,-2.4377571804292906e+22,-1.962682395373374e+22,-2.1050198611297953e+22,-5.6946954779110905e+22,-1.0336192591211466e+23,1.43195391204818e+23,-9.568299616909301e+22,2.155465323394015e+23,-5.747815195707904e+22,2.1886162898203254e+22,-1.216132950762074e+23,6.8093159379588184e+22,-7.30537599010834e+22,1.009568520720106e+23,1.047389126930828e+23,-1.6137775882493724e+23,-3.3880578509394554e+22,-1.6419608670169723e+23,-8.283588984556842e+22,-1.6790727088852325e+23,-3.4637279475560926e+22,-9.326060930708251e+22,-6.506916329853521e+22,2.5764101306227127e+22,7.5104613202227725e+22,2.1339742528215334e+22,9.346856389987003e+22,8.543235016126771e+22,1.3068072516901906e+23,6.100625282319557e+22,1.1303461015962446e+23,4.1784970662624585e+22,9.907837803440333e+22,3.747670814645966e+22,9.875761363139755e+22,4.6718504242697235e+22,8.245055937162885e+22,7.778047026385848e+22,9.561026604202916e+22,6.1568037696878e+22,1.064911786875724e+23,1.1958102282988738e+23,1.1314975525348522e+23,7.1628735463803064e+22,6.023451510934247e+22,6.053264897713019e+22,7.396689416237323e+22,8.592837769614892e+22,9.819234394974338e+22
-2.2266442451371035e+23,-1.5598869568808363e+23,-1.8379608569320495e+23,-2.1682170814650708e+23,-1.5206382189938462e+23,-1.070632131769152e+23,-9.955760212792853e+22,-9.871358684686247e+22,7.03694114914069e+22,-1.4693722863982309e+23,-1.4348177786228322e+23,4.649418699376655e+22,2.048751159333311e+22,-8.488286689849883e+22,7.587552955585143e+22,6.7169940183178816e+22,-1.1690822909805338e+22,-1.0775726023244033e+22,-2.021667136215632e+22,5.255398753653078e+21,-1.9401493502337013e+22,-1.4785870961530078e+22,-1.2714085991808168e+22,-6.644364402986024e+21,-2.3006896659918437e+22,-1.5857419351642473e+22,-3.155604523896542e+22,-3.329124321299769e+22,4.150034104246496e+22,-3.7142193831237044e+22,-2.2960113070916543e+22,-3.246001232195172e+22,-9.989760014942284e+22,-7.883978995089059e+22,-6.916251341875165e+22,-1.5189365415932417e+23,3.282649717871422e+22,-3.3427984911456176e+22,1.2847434111417448e+23,-2.2311430138120366e+23,-2.019019260757821e+23,-1.945262680700822e+23,-2.0806754577868868e+23,-1.413551990135926e+23,1.2988891731953603e+23,-9.306085039064364e+22,-7.70527975651677e+22,8.240801345789457e+22,8.835363957599296e+22,-1.359982013739855e+23,1.7439867559011856e+22,-3.885028454003946e+22,3.655273473483767e+22,1.040937089908477e+23,4.251660933939231e+22,3.7291151963343e+20,2.4408549845869894e+21,3.7898721035116903e+21,1.4209072935817447e+22,-6.257111867696747e+21,-5.597492467060316e+21,-1.0874280623786514e+22,-4.737020415831263e+22,-2.164397641602955e+22,-9.492337091345887e+21,-4.569649410721699e+22,7.499720594645027e+22,2.5243002342518884e+22,1.93479109907288e+22,1.9330532108023393e+22,4.941318034826279e+22,7.831414946126741e+22,-1.3398631763176165e+23,9.052335138864247e+22,-1.7792193635705266e+23,5.280039378549321e+22,-1.4650149576692625e+22,9.102173856419363e+22,-5.853924434656088e+22,6.737938670037587e+22,-8.916476067241763e+22,-1.0496726990785349e+23,1.5549136417813635e+23,7.639426985090075e+22,1.4994063929900554e+23,5.449981682546007e+22,1.5020433970734024e+23,1.4259746277905834e+22,8.293582216432205e+22,5.934641031839431e+22,-2.2837824262314626e+22,-6.746829253143177e+22,-2.364438084015552e+22,-8.392418961387529e+22,-7.84038934748934e+22,-1.260526029045343e+23,-5.538217559668986e+22,-1.0628875440109169e+23,-3.8749250613740925e+22,-9.079812377890245e+22,-2.4148825023839035e+22,-8.50522956999186e+22,-4.265720673616874e+22,-7.976752832480471e+22,-7.126073602232542e+22,-8.46970309254655e+22,-5.964205567210194e+22,-1.0319365130270888e+23,-1.1209792355149676e+23,-1.0251784364710502e+23,-6.213240437864343e+22,-5.295300630353996e+22,-5.408233554918366e+22,-6.717021177660027e+22,-7.86668033706687e+22,-9.094174877995018e+22
1.586888002200915e+23,9.822027796565349e+22,1.3220724343265974e+23,1.710379780336711e+23,1.3063503373028238e+23,8.609760755265528e+22,9.822493065448348e+22,9.36911419111994e+22,-1.4068641601648828e+22,1.3560672074725414e+23,1.2862250360174213e+23,-1.0981187550694926e+22,-1.642938112556099e+22,8.657015578259828e+22,-6.0538849661713205e+22,-5.034030724691877e+22,9.490318699424005e+21,9.338607042459014e+21,1.7374957969436322e+22,-2.385306234995755e+21,1.8754716159344575e+22,1.3146326128372595e+22,9.469288096580323e+21,1.456865756219812e+21,2.0496759424456283e+22,1.5016173797160035e+22,2.6450271242528278e+22,2.829987807624578e+22,-3.603215079992944e+22,3.295412690785194e+22,2.2886534883849007e+22,3.084552984650338e+22,7.074371146615943e+22,6.311620188909333e+22,5.44478015681411e+22,1.4881907201349517e+23,-2.6616269449901063e+22,3.319535340736657e+22,-9.421638124206265e+22,1.5889660290159364e+23,1.2183980360459001e+23,1.3456951759254475e+23,1.5814276598057316e+23,1.1366382285133805e+23,-9.306085039064364e+22,8.164098851814367e+22,6.751494573004883e+22,-6.0255861476001675e+22,-7.313216611340479e+22,1.1659465135951822e+23,7.651688477823672e+21,2.284860315942162e+22,-1.947435765541541e+22,-7.763472626816953e+22,-2.1629646701062965e+22,-1.144910330275719e+21,2.8852294536758362e+20,5.105475555098827e+20,-7.357044092585529e+21,8.33861154445e+21,6.681315855335748e+21,1.0336461788368794e+22,3.3328604002691483e+22,2.0654788333579134e+22,1.0418025434682527e+22,3.815663301981717e+22,-4.794138707125703e+22,-1.2315517363308313e+22,-8.462637704509202e+21,-8.603981185030082e+21,-3.177015649995911e+22,-6.709790976710241e+22,8.727592384821095e+22,-5.774380113986404e+22,1.564388763336832e+23,-3.688934205074836e+22,1.7308405563103382e+22,-8.293770468827156e+22,4.958143686450957e+22,-4.391669678482142e+22,6.846210312064946e+22,6.3675189915312944e+22,-1.0746977301445252e+23,-1.086229353689058e+22,-1.1283385385972161e+23,-5.638859434666128e+22,-1.1942583777482313e+23,-2.291831358837665e+22,-6.540022416756447e+22,-4.191726363175777e+22,1.9089087600449693e+22,4.240037714227092e+22,1.4301758395340393e+22,5.378388300811305e+22,5.79125256525927e+22,8.078071851246054e+22,4.3496395046761055e+22,7.054995065336676e+22,2.9978274037408958e+22,6.119006990188387e+22,2.7789386592469605e+22,5.791159495865329e+22,3.1019122177992263e+22,4.547398739572009e+22,4.898205493346844e+22,5.844628489616458e+22,3.951743831956302e+22,6.259901553493676e+22,7.613389493198643e+22,7.598333890450938e+22,5.06681652586361e+22,4.19588575752e+22,4.090077887202423e+22,4.787507100091561e+22,5.489688322420075e+22,6.239056226136688e+22
1.3217810017463113e+23,8.931853918850805e+22,1.1050225948615405e+23,1.4167398716251667e+23,1.1306980505296591e+23,8.381397164905238e+22,8.117926138693869e+22,7.812801507342551e+22,-2.236209873633236e+22,1.160881061349413e+23,1.054520452670652e+23,-1.1724006990559324e+22,-1.4148496743219776e+22,6.8293821175543995e+22,-5.33094738700699e+22,-4.133724126816162e+22,7.579981797702361e+21,7.948276413229182e+21,1.4911692545524444e+22,-1.2484412427883501e+21,1.5602596879674305e+22,1.1198054920280739e+22,7.750334844564285e+21,1.9847945698358647e+20,1.776378344473931e+22,1.2854261310690523e+22,2.3156148977656694e+22,2.6401380514689934e+22,-3.2115337554240687e+22,2.98731586045236e+22,2.15610583975063e+22,3.0439368178630738e+22,7.001162339039198e+22,6.351450375825633e+22,5.180566423379927e+22,1.2126541177285086e+23,-2.3224134172223595e+22,2.7814380384238315e+22,-8.636140050050479e+22,1.3377458340405895e+23,1.036485171788465e+23,1.0932558825386847e+23,1.2955407231450969e+23,9.549930574524464e+22,-7.70527975651677e+22,6.751494573004883e+22,5.698456367069312e+22,-5.2599932926596435e+22,-6.266672851004154e+22,9.558294646276014e+22,5.927674291539797e+21,1.7745274111197975e+22,-1.6670670438312024e+22,-6.602310911193994e+22,-1.739435079190995e+22,-1.089696222079484e+21,-3.9234771004824584e+19,-2.0554263946972788e+20,-6.530964183125699e+21,7.280106230624569e+21,5.705124855631226e+21,8.840229256812198e+21,3.0558267117228213e+22,1.7934662504250935e+22,8.961043516373104e+21,3.3380894826305025e+22,-4.322936456763376e+22,-1.1413753678796585e+22,-8.923361901323867e+21,-9.749079380297492e+21,-3.0368691726824774e+22,-6.080821214846223e+22,7.638195849440687e+22,-5.059441010173904e+22,1.2607197501426537e+23,-3.0888179316275454e+22,1.5124161834633707e+22,-7.347039071472513e+22,4.565678116401418e+22,-3.913153663640201e+22,6.672029274302609e+22,5.353735158740993e+22,-9.000140820290644e+22,-6.124910681740038e+21,-9.815476038034466e+22,-5.228739982063441e+22,-1.027629307879924e+23,-2.446407125038735e+22,-5.422109924272469e+22,-3.5926602714104447e+22,1.8145507335706656e+22,4.0051990623662905e+22,1.2973779607694434e+22,5.0499183371132015e+22,5.294860245366305e+22,7.01155927255663e+22,3.9195474011607374e+22,6.1811391998557195e+22,2.7167777648380756e+22,5.485916721254705e+22,2.79318333360491e+22,5.441511713575125e+22,2.93679802354193e+22,4.353940928746986e+22,4.510483774915369e+22,5.54419468223429e+22,3.7175686886870793e+22,5.559287997804616e+22,6.829089792903685e+22,6.690284258296424e+22,4.425721703037683e+22,3.714688228720162e+22,3.682013333078513e+22,4.378488727566925e+22,5.0190537110250865e+22,5.670968232610881e+22
-1.3597726650968044e+23,-1.018349052816053e+23,-1.146148382409086e+23,-1.3553370424404102e+23,-1.083078664639431e+23,-8.96434617647174e+22,-6.601752083570344e+22,-6.696120474861811e+22,6.109655949230749e+22,-1.0489141700724992e+23,-9.075461680458095e+22,3.2480408691965346e+22,1.507129411272992e+22,-5.0496991614449935e+22,5.903483128677968e+22,4.329516756898224e+22,-6.839449878143424e+21,-8.187453361425576e+21,-1.55667014928534e+22,3.1869965519423635e+20,-1.3057627447238274e+22,-1.0283682203232803e+22,-7.402523523108136e+21,3.50622454049269e+20,-1.648019068414857e+22,-1.1232674036270697e+22,-2.268420738755346e+22,-2.7911856584266787e+22,3.4826195572240247e+22,-3.3203212411241746e+22,-2.4557638520643045e+22,-3.4533733720026763e+22,-8.509843257964512e+22,-7.2446069296340794e+22,-5.693060357234232e+22,-9.18192864547427e+22,2.5446279942273153e+22,-2.29882234317888e+22,1.0107108900201625e+23,-1.4043904167779123e+23,-1.2126844498076825e+23,-1.1526040254184495e+23,-1.2655117801071972e+23,-9.353297724900339e+22,8.240801345789457e+22,-6.0255861476001675e+22,-5.2599932926596435e+22,6.031170167976245e+22,6.230850780340655e+22,-8.55716139291561e+22,1.0271637006011244e+22,-2.2793412280296663e+22,2.4587052760149193e+22,7.494966404687527e+22,2.8450793281285853e+22,4.9772637825822196e+20,2.527793802907432e+21,4.6318573711145157e+21,9.428512970133198e+21,-4.920686406509837e+21,-3.660454338871933e+21,-6.696650170219407e+21,-3.540593605569502e+22,-1.5313915605463117e+22,-6.704918037258438e+21,-3.253989868575746e+22,5.659580659708826e+22,2.0147511925513726e+22,1.8183285654151452e+22,1.9308068569578985e+22,4.227146080276129e+22,6.8845260407486395e+22,-9.602052500479708e+22,6.574212877787892e+22,-1.0484140315323505e+23,3.6254489062441205e+22,-1.128505874927027e+22,7.622670306078312e+22,-4.87896473874916e+22,5.124396116214948e+22,-7.574930128860585e+22,-6.900191517022588e+22,1.0110732778762104e+23,3.876969295344025e+22,1.0676757341008015e+23,5.424159776390497e+22,1.0545182123420974e+23,2.7154291982835227e+22,5.403677895655826e+22,4.241014173536007e+22,-1.914627691643969e+22,-5.391941302002328e+22,-1.3727193790085325e+22,-6.532459316048746e+22,-5.7460323384084845e+22,-8.596073313898292e+22,-4.0716695320065886e+22,-7.464433251903328e+22,-2.833249371652415e+22,-6.635966530038695e+22,-2.961291730783086e+22,-6.625831476309932e+22,-3.235774190189149e+22,-6.017401557065609e+22,-5.1926340376327925e+22,-6.536721464308472e+22,-4.349372911779119e+22,-7.338427467454717e+22,-7.882513757014184e+22,-7.178524156178022e+22,-4.395492145989567e+22,-3.8023574473854685e+22,-3.924306005329384e+22,-4.898868786204875e+22,-5.712846531495517e+22,-6.523521727091813e+22
-1.4834497227581756e+23,-1.0299449233320944e+23,-1.2087828801414133e+23,-1.5454004714574012e+23,-1.2408083448704373e+23,-9.674672851262606e+22,-8.471188895248272e+22,-8.331356024390287e+22,4.252780629466092e+22,-1.2593284574088098e+23,-1.117009849444721e+23,2.165988886892477e+22,1.652690364194674e+22,-7.031352275024849e+22,6.333469896171019e+22,4.8088566447692195e+22,-8.128110982183313e+21,-9.282226832674149e+21,-1.73325924513664e+22,4.0794348854963e+20,-1.6465456985263235e+22,-1.1958868728740175e+22,-8.086894566442711e+21,8.219694024514558e+20,-1.919626656964529e+22,-1.3601089999446548e+22,-2.5509692721108374e+22,-3.050011396822925e+22,3.798780476494153e+22,-3.5721286557318886e+22,-2.625265022030833e+22,-3.6953014401976918e+22,-8.54605888582313e+22,-7.671935548395382e+22,-6.0871026563802926e+22,-1.2295271870366441e+23,2.7629106692612482e+22,-2.934667243628789e+22,1.0441367730747909e+23,-1.5198266750094436e+23,-1.1945975466287983e+23,-1.2278469063779978e+23,-1.4271568510421188e+23,-1.0719815870359123e+23,8.835363957599296e+22,-7.313216611340479e+22,-6.266672851004154e+22,6.230850780340655e+22,7.0904066050580495e+22,-1.028675439318638e+23,-1.2450936335986873e+21,-2.1133380417925644e+22,2.1107520036922578e+22,7.940738402865864e+22,2.3940749047460465e+22,1.075718953684565e+21,9.847204200277047e+20,1.9991565740392382e+21,8.472616562704807e+21,-7.346733373236083e+21,-5.592714960406744e+21,-9.092562982486507e+21,-3.6645614782771764e+22,-1.9063902658506808e+22,-9.123246030999594e+21,-3.709687580799703e+22,5.4368044968471746e+22,1.6302785739173313e+22,1.4056604856626425e+22,1.539078199314873e+22,4.007366774036997e+22,7.409830632210553e+22,-9.427295941890699e+22,6.308766065475215e+22,-1.3244580583037974e+23,3.673639958313657e+22,-1.5696418685381637e+22,8.665196404707563e+22,-5.311981979710498e+22,4.924202267296831e+22,-7.949168292255767e+22,-6.553254551709458e+22,1.0700691781533374e+23,1.5277749589695984e+22,1.1513041151560339e+23,6.2539613780723475e+22,1.1789227004596939e+23,3.1034155101333355e+22,6.1316546136075915e+22,4.316440189074078e+22,-2.0987988144886798e+22,-5.155458468430705e+22,-1.4518077151803592e+22,-6.387341522268863e+22,-6.085390846855759e+22,-8.442788896720478e+22,-4.433147880681956e+22,-7.435774303532631e+22,-3.076551117627782e+22,-6.643811439469745e+22,-3.365207412950783e+22,-6.767716528352346e+22,-3.4633093928179533e+22,-5.60600732613909e+22,-5.387487616424626e+22,-6.727399015404766e+22,-4.4347035921004555e+22,-6.971917812237841e+22,-8.029483624459852e+22,-7.631980246770667e+22,-4.9235076325331024e+22,-4.181417591614856e+22,-4.2183895680693584e+22,-5.139771380548622e+22,-5.929815973804206e+22,-6.705411715953125e+22
2.4328095202866214e+23,1.706675574849994e+23,2.1583909133214254e+23,2.590711780774344e+23,1.9662512552587958e+23,1.3657477423544814e+23,1.4277885871021113e+23,1.3490064972544908e+23,-1.7348704933038237e+22,1.978751393552283e+23,1.8890079930938353e+23,-1.6456353239647857e+22,-2.22020572611049e+22,1.196265364465511e+23,-8.055644553286785e+22,-6.692889753993144e+22,1.3774947647456893e+22,1.1762677567708853e+22,2.2580347878909854e+22,-6.422986571318152e+21,2.684500574181738e+22,1.9875030281227497e+22,1.5697040301370735e+22,6.465738301270343e+21,3.07202046242522e+22,2.235503349679023e+22,4.0058054788040775e+22,4.159880082008905e+22,-4.695131823440419e+22,4.217218412793158e+22,2.7481483229257347e+22,4.0301434073257804e+22,1.0786262301667119e+23,9.31554247209558e+22,8.169807542097715e+22,2.2516015998124228e+23,-3.4832586103602868e+22,4.714232387693435e+22,-1.3170070071560794e+23,2.4144330219893878e+23,2.058740745877837e+23,2.0707245252893314e+23,2.3777725442476274e+23,1.620494337373419e+23,-1.359982013739855e+23,1.1659465135951822e+23,9.558294646276014e+22,-8.55716139291561e+22,-1.028675439318638e+23,1.6992795421389493e+23,6.837790233475561e+21,3.4624768353476765e+22,-3.0751935053285137e+22,-1.0454139338935024e+23,-2.989203252242331e+22,-1.457753496870261e+21,3.3460077034416393e+20,1.0011884910178893e+21,-1.1572691589495876e+22,1.1710503326921093e+22,9.867056277166953e+21,1.5557613731664615e+22,4.8855947864459505e+22,3.0398389152056126e+22,1.5324586505744813e+22,5.6283293844150795e+22,-6.829389949219274e+22,-1.7428635616823057e+22,-1.0899380112835643e+22,-1.0763275324915175e+22,-4.223039884536647e+22,-8.394545011553588e+22,1.2479616173332587e+23,-8.21156013507218e+22,2.3060633021244777e+23,-5.1967686493181774e+22,2.4301324115993795e+22,-1.0549700592790873e+23,7.073614483133801e+22,-6.128021343472352e+22,1.034442919810386e+23,9.436294933036184e+22,-1.4756291570570308e+23,-2.938252854110712e+22,-1.5744017463721016e+23,-6.7799891991398655e+22,-1.6715678345792145e+23,-2.216126725449527e+22,-9.157610144496047e+22,-5.856678786740605e+22,2.87630969378187e+22,5.976602138554677e+22,2.5991195794953413e+22,7.692641613882266e+22,9.060400829628135e+22,1.2135729400832237e+23,6.687793854488607e+22,1.043281537537402e+23,4.664572045387943e+22,8.982580244995594e+22,3.432532816092422e+22,8.20103650129863e+22,4.786658772681148e+22,6.944999017277412e+22,7.419275831394537e+22,8.753231370858564e+22,6.30264444185725e+22,9.190555462139412e+22,1.1793896192305064e+23,1.1601902860879526e+23,7.590760609552333e+22,6.327478664647496e+22,6.214866158750518e+22,7.2914831472796964e+22,8.375289480410942e+22,9.578136610664556e+22
-3.4519598640301334e+22,-3.92966113208464e+22,-3.2957475057687054e+22,-1.0765988355383876e+22,-2.1830227224219686e+21,-1.8466959291676744e+22,2.0565588675629807e+22,1.1316158515010687e+22,8.378116180679206e+22,6.986512054692542e+21,1.4660762371145075e+22,5.417481038387634e+22,1.2128285599130263e+21,3.0880478898584864e+22,1.0242788369547668e+22,4.4237040701493477e+21,-1.5459914376210632e+20,1.7217699989487889e+21,1.2358246937035334e+21,4.4429150115811416e+21,1.755425929020834e+21,-2.3390497290236812e+21,-5.0818889657237e+21,-8.115234025707249e+21,-3.6914014653884504e+21,-1.013351044382724e+21,-7.897725152428363e+21,-1.0904887864419364e+22,1.6280399945805312e+21,-1.342988898455654e+21,1.749121174562481e+21,-4.996138945650121e+21,-4.267738657872208e+22,-1.6911140495567662e+22,-2.491480621610556e+22,4.863619152049409e+22,2.7473251055982802e+20,3.687226988440907e+21,4.5765568022480415e+22,-3.082668639171761e+22,-4.078336569479582e+22,-3.48552761112294e+22,-1.7121328136310837e+22,7.71047235514734e+20,1.7439867559011856e+22,7.651688477823672e+21,5.927674291539797e+21,1.0271637006011244e+22,-1.2450936335986873e+21,6.837790233475561e+21,4.103803363082461e+22,-1.0180258068390654e+22,1.5324878176199977e+22,-4.884634039494961e+20,9.186494962367756e+21,-1.2666662162534535e+21,2.1772030959105632e+21,2.9496827502352526e+21,3.919789207330034e+21,3.1910402084767583e+21,1.3857504050977642e+21,1.1934022088662265e+20,-9.300125361928303e+21,-3.40901123169956e+20,1.3233288569620044e+21,-5.822184006036555e+21,1.7165584372354628e+22,8.484493127660393e+21,5.609000151919148e+21,4.487524140334671e+21,6.667686355966952e+21,-9.005444851888785e+21,-2.743379839357434e+22,2.0853244618904902e+22,2.3829078639577892e+22,6.904483105628528e+21,4.5218949280851564e+21,-1.5633132676493093e+22,-1.5604993027255552e+22,1.3526220984955223e+22,-3.4680511323206484e+22,-3.0022963700371772e+22,5.258415175285524e+22,9.521298205435151e+22,4.275538556877355e+22,-2.1529422593504074e+22,3.5374591901841173e+22,-2.0278762079273e+22,1.0328069012300686e+22,9.911075866178868e+21,-9.260733566095668e+21,-1.4755376237695002e+22,-1.5550954918778543e+22,-1.9182596408879736e+22,-2.654007017229381e+22,-3.536171954076287e+22,-1.7881001813396154e+22,-2.7024476688493083e+22,-1.4661759407702812e+22,-2.1922013937805784e+22,2.3350526314500713e+21,-1.3509205098024753e+22,-1.628437255019109e+22,-2.964302247353314e+22,-2.147254551991633e+22,-2.2991509126318494e+22,-2.6730088238718973e+22,-2.9339075630789432e+22,-3.4082707436407777e+22,-2.496799414569106e+22,-1.1283825215178185e+22,-1.21533523113601e+22,-1.4889270325020212e+22,-2.0140546029699794e+22,-2.36812753337406e+22,-2.7801330479186244e+22
5.681557795747921e+22,2.192693185352517e+22,4.530921012856295e+22,5.407815113401133e+22,2.2947828247998644e+22,-5.193970745709275e+21,1.8490815496575976e+22,1.731343854333351e+22,-1.5372457453184147e+22,2.0436065160460428e+22,3.3651040034970594e+22,-1.3959531002019285e+22,-5.443031632799028e+21,2.3225414274527435e+22,-1.8009904462182471e+22,-2.368356413541806e+22,3.660325858009757e+21,3.709630789933054e+21,6.058107742289486e+21,-1.3558508868025888e+21,3.5870632333719466e+21,2.0100736913663593e+21,2.1074723582848268e+21,1.598830381936089e+21,2.598794452984395e+21,1.9135207412387574e+21,3.1649380267573054e+21,-5.7683082778107504e+20,-8.820994220235584e+21,7.489628603028636e+21,3.715235738714289e+21,-1.1021991557282545e+21,1.6040354047405512e+21,-4.857762087215122e+21,-9.676339939214481e+20,3.0199284854053266e+22,-9.377619271301838e+21,5.494539539375243e+21,-1.8565096446146042e+22,5.529285852232024e+22,5.317976948267459e+22,5.832461966193649e+22,5.639611812396337e+22,3.698198143576262e+22,-3.885028454003946e+22,2.284860315942162e+22,1.7745274111197975e+22,-2.2793412280296663e+22,-2.1133380417925644e+22,3.4624768353476765e+22,-1.0180258068390654e+22,1.7808610833752318e+22,-1.3428573828724807e+22,-3.284323422364126e+22,-1.9845279935909113e+22,5.204203508899275e+20,-1.5005675134213074e+21,-2.4344440198163957e+21,-3.9126712713384994e+21,-3.948057503136889e+20,9.159792111766626e+19,1.1984239452155693e+21,9.284582868459217e+21,2.403922339616039e+21,5.5672095715881635e+20,7.37222857530206e+21,-2.0552819097712974e+22,-9.754176987955498e+21,-6.993589475527524e+21,-5.404147755401736e+21,-1.234171702249047e+22,-2.112779813053294e+22,3.8573898347049575e+22,-2.82438000131047e+22,4.512434422779025e+22,-1.8918069032247846e+22,2.7196032867339215e+19,-2.16618861879637e+22,2.680696479140485e+21,-2.0416121236413164e+22,-3.0461554461112685e+21,3.562554634241861e+22,-4.165611232911176e+22,-4.08154807816731e+22,-2.8985602084102254e+22,-9.427250754666782e+21,-2.6538598091710708e+22,1.7178200395770972e+21,-2.1261470073006093e+22,-1.8452232268224047e+22,-1.91340655365697e+21,1.5457749680940479e+22,-6.343748605263922e+20,1.7528710094335481e+22,5.919266708276646e+21,3.416956328256222e+22,3.6266389559120584e+21,2.744375437273678e+22,1.5326612695365205e+21,2.0899715247663563e+22,-3.592488864366249e+21,1.418695520149418e+22,5.385966374161065e+20,1.5611832312803117e+22,9.196139890843654e+21,9.316351989359226e+21,3.692780032833635e+21,2.895536119627108e+22,1.9463128404865894e+22,1.7715272932715433e+22,9.265232136927344e+21,7.156650671377373e+21,6.692165181946452e+21,8.282721531218045e+21,1.0575147461361164e+22,1.358205823782294e+22
-6.533676199798591e+22,-6.009278746227912e+22,-6.262251854227396e+22,-5.906854602069766e+22,-4.057233627207086e+22,-3.7189465283720448e+22,-1.8199662265564932e+22,-1.878329183959596e+22,4.026206030328246e+22,-3.2063441553279838e+22,-3.1160738164510873e+22,2.2934144892988478e+22,4.701173835468966e+21,-7.602145111533264e+21,1.8837736993392152e+22,1.525058574204707e+22,-2.8301906371318723e+21,-1.9327749091551106e+21,-4.340064900706138e+21,3.0109538424234983e+21,-3.7958433140525006e+21,-4.232875846430819e+21,-4.745209056159681e+21,-4.4052038844644694e+21,-6.451238113741015e+21,-4.0533382938461874e+21,-9.498074352877908e+21,-9.562187935020665e+21,9.228156575606111e+21,-8.426600434478581e+21,-4.5209269032722676e+21,-7.786669376292563e+21,-3.6604366330013506e+22,-2.527216867411029e+22,-2.1539035368992065e+22,-2.929398218777591e+22,7.080012190532152e+21,-6.232089559191686e+21,3.929002634835069e+22,-6.58590349647536e+22,-7.644613308182655e+22,-5.9441010870271575e+22,-5.669281434561025e+22,-3.4053207968934615e+22,3.655273473483767e+22,-1.947435765541541e+22,-1.6670670438312024e+22,2.4587052760149193e+22,2.1107520036922578e+22,-3.0751935053285137e+22,1.5324878176199977e+22,-1.3428573828724807e+22,1.5444350709373436e+22,2.382928594087087e+22,1.3668499136707767e+22,-2.4946745836340815e+20,1.8750363316219454e+21,2.8398506274228e+21,5.937390629458863e+21,-4.4889941451305386e+20,-8.603037476666181e+20,-2.6177099137699807e+21,-1.5813322848458018e+22,-5.237519489849234e+21,-1.8473319450274347e+21,-1.2912299212696883e+22,2.4960456533216556e+22,1.0225809487578708e+22,8.253525049193833e+21,8.182174356058087e+21,1.5455738259615695e+22,1.5261520591140283e+22,-4.202727935920643e+22,2.94756733835062e+22,-3.693040029032543e+22,1.528075776247182e+22,-1.8056140894847055e+21,1.444792217679911e+22,-1.613003019942958e+22,2.14746815731765e+22,-2.985828532037727e+22,-3.5849186083236525e+22,4.136128094833623e+22,4.647788108584409e+22,4.049478841960544e+22,5.486526526980602e+21,3.740901917518065e+22,-2.3479098515093515e+21,1.9122729298779265e+22,1.691469154914795e+22,-6.671045528280802e+21,-2.27782888853363e+22,-9.053611047130516e+21,-2.7652481231077738e+22,-2.698570975504887e+22,-4.335994594567491e+22,-1.7779737765242833e+22,-3.5386453313942054e+22,-1.2577279314521213e+22,-3.0166404218887684e+22,-2.7004627713048665e+21,-2.551866698220039e+22,-1.29991277290929e+22,-2.981551484752388e+22,-2.2667990537585023e+22,-2.738692202751873e+22,-2.0642297222651053e+22,-3.5388519956696283e+22,-3.944200219089146e+22,-3.4010071413647903e+22,-1.8512585048626414e+22,-1.6442547713485312e+22,-1.7496885876086647e+22,-2.2012150461961398e+22,-2.6096107112238267e+22,-3.0912511448079485e+22
-1.3477078628484461e+23,-4.171054202905269e+22,-8.215925403144561e+22,-1.3809075869796268e+23,-1.0091407139036975e+23,-3.7706762138419913e+22,-7.885194733091563e+22,-8.279258789038066e+22,2.518929932656884e+22,-1.1509050154465364e+23,-1.06739844970999e+23,2.5151641954425512e+22,2.2660911932715076e+22,-9.612881086165993e+22,8.277844980233587e+22,6.946751500532195e+22,-7.696366873841662e+21,-1.5321366438191819e+22,-2.5160106723893983e+22,-1.0694260520774042e+22,-1.3892267194601383e+22,-5.934690386784083e+21,7.951565705550269e+20,1.6075307000081792e+22,-9.879065378160887e+21,-7.118511743359934e+21,-1.3027079166685763e+22,-2.104441889936598e+22,5.278301947013898e+22,-5.0775046719834545e+22,-4.146028347757978e+22,-4.259478405777343e+22,-5.207958310456426e+22,-5.471700684826825e+22,-3.7469758978045522e+22,-1.0033757878930927e+23,4.323008457266732e+22,-2.399235702066853e+22,9.849665265509359e+22,-1.4625362974545303e+23,-7.975868184707599e+22,-1.2458769037281459e+23,-1.4033091652373343e+23,-1.2053859235612005e+23,1.040937089908477e+23,-7.763472626816953e+22,-6.602310911193994e+22,7.494966404687527e+22,7.940738402865864e+22,-1.0454139338935024e+23,-4.884634039494961e+20,-3.284323422364126e+22,2.382928594087087e+22,1.4195684795491115e+23,6.4358466902326354e+22,1.1214570877450435e+20,4.6516671843695476e+21,1.0178150746723031e+22,8.270490305871963e+21,-3.3996629768245e+21,-3.0003602409928163e+20,-9.863302583333139e+20,-3.0523769009824816e+22,-9.1048145097894e+21,-3.0054298567883793e+21,-2.4806907001943836e+22,7.40041620710862e+22,3.2947473793302464e+22,3.2895344753377796e+22,3.2661948441600387e+22,6.663432318890961e+22,1.2913782444796886e+23,-1.3270581366258401e+23,9.128194689771077e+22,-1.3131591966586474e+23,5.473399002167454e+22,-9.172411185351617e+21,1.4428734973250842e+23,-4.5222565047273e+22,7.526782018986409e+22,-4.479153191500406e+22,-8.63773167870995e+22,1.277197656263936e+23,1.2305711242607838e+21,1.1776250885522805e+23,1.0972417465556361e+23,1.1689375695954365e+23,6.472521302502153e+22,7.2959445757260554e+22,6.256398811707346e+22,-1.1743528413478663e+22,-6.795731481038453e+22,6.336453388565e+21,-7.623558341386972e+22,-2.6910883392940503e+22,-8.843020633747428e+22,-2.11929010457827e+22,-8.00132877371711e+22,-1.2784513526798337e+22,-6.923978134085832e+22,-4.583899641022017e+22,-7.771365743629907e+22,-2.1371473941909614e+22,-5.650975983629832e+22,-4.298738309043733e+22,-5.53884348403707e+22,-2.418220382915182e+22,-8.893160490210983e+22,-5.37283373403271e+22,-4.827684423339355e+22,-3.048159372894415e+22,-2.4573412847260652e+22,-2.4290766087900352e+22,-3.3970195157453573e+22,-4.142013302652398e+22,-4.672089669081486e+22
-4.624837961214779e+22,-1.8052878405301227e+21,-2.4514144490723e+22,-4.02188717430684e+22,-1.6989170108675182e+22,1.8708004951821776e+22,-1.443297131859424e+22,-1.7294661448737967e+22,7.992762810828627e+21,-1.8997566677425163e+22,-2.6433624417312885e+22,1.6015448506353351e+22,8.03584605391035e+21,-3.083986197267999e+22,2.698928460730335e+22,2.8886573370380755e+22,-2.48767948374906e+21,-5.999300521850405e+21,-9.12100844201142e+21,-4.817941112439852e+21,-1.6644242134073166e+21,1.041117285074539e+21,2.4075941708531567e+21,6.491583190358863e+21,2.0269065240962877e+21,1.5687563950734165e+21,2.2365348916384789e+21,1.6347574080309502e+21,1.6544471606274938e+22,-1.5658795660055325e+22,-1.2372477193881576e+22,-6.176819221869164e+21,4.3165684480118783e+21,2.81217346599001e+21,4.864414491709254e+21,-1.5822817168127647e+22,1.6219759664339358e+22,-1.763674998108596e+21,1.9973302990925797e+22,-5.131966910570441e+22,-3.860962597252517e+22,-5.16810059287288e+22,-4.816533495369726e+22,-3.914926326810079e+22,4.251660933939231e+22,-2.1629646701062965e+22,-1.739435079190995e+22,2.8450793281285853e+22,2.3940749047460465e+22,-2.989203252242331e+22,9.186494962367756e+21,-1.9845279935909113e+22,1.3668499136707767e+22,6.4358466902326354e+22,4.160891849872293e+22,-8.849919985372728e+20,3.96252955027045e+21,7.760019723153329e+21,4.6752085526138155e+21,2.42303320333696e+21,3.2511885547576974e+21,4.166721056286005e+21,-6.106380631072167e+21,3.5248163844712196e+21,3.0525824555866197e+21,-3.4518488191885876e+20,3.2360366739766276e+22,1.9378828407186668e+22,1.9110338514280425e+22,1.7787664834472964e+22,2.9547523571671483e+22,4.821456242407376e+22,-5.996740213578943e+22,4.272400877136144e+22,-3.682267848780609e+22,2.5418574395492547e+22,3.335377158777959e+21,5.028501053865018e+22,-3.5116319783260877e+21,3.4374742624575513e+22,9.141248607004124e+21,-4.4289681541788944e+22,4.6180700444501595e+22,2.585896781114471e+22,3.032384034138649e+22,3.5271821504303587e+22,2.61539600836408e+22,1.8825840116525219e+22,2.4541282606649195e+22,2.674754859214286e+22,3.3363968624194817e+21,-2.768727732696216e+22,8.459957699036511e+21,-2.825500788709257e+22,5.932378769264849e+21,-3.649005298869503e+22,4.61960063180633e+21,-3.0844086341441275e+22,4.6402333104301167e+21,-2.401763641393173e+22,-6.533710577046775e+21,-2.5486068007433176e+22,1.927411719628504e+21,-2.0804146319797808e+22,-7.825185938630297e+21,-9.375013242937126e+21,1.411796984221048e+21,-4.079965898926446e+22,-9.961337235726574e+21,-5.126179293591694e+21,-7.666111287522352e+19,7.302992821910506e+20,6.922319530646697e+20,-2.6859269731812875e+21,-5.418761695420388e+21,-7.479244632847757e+21
-1.294669669783131e+21,-2.2385306618341042e+21,-9.786391094004704e+20,-1.9544214639202363e+21,-2.516144501662697e+21,-3.476739370047191e+21,-1.8287003259153348e+21,-1.5854479967661114e+21,-7.148486774467465e+18,-2.6008018219214826e+21,-1.8883325410557942e+21,-9.702056505496886e+20,1.2132043894425947e+20,-9.789866154970094e+20,5.896955029882388e+20,9.843936622660462e+19,-7.465180167002948e+19,-7.230792634225721e+19,-1.6693671016577093e+20,1.693335906549992e+18,-3.374304419373902e+20,-2.4895254199514238e+20,-1.3113110707736381e+20,5.204725573551155e+19,-4.421854568401057e+20,-3.3201901826487216e+20,-5.4369070752875394e+20,-7.08160572068985e+20,4.5347132457561096e+20,-4.562838821384373e+20,-4.1033093848261453e+20,-8.701072283372066e+20,-2.0553912595182371e+21,-2.515135674905841e+21,-1.4965697018431729e+21,-3.336325462679646e+21,1.7380252457144012e+20,-6.767671306472056e+20,1.4414836512333305e+21,-1.6062328543604373e+21,-1.181770778881921e+21,-3.352816213675487e+20,-1.3394386302480134e+21,-1.4512717578964265e+21,3.7291151963343e+20,-1.144910330275719e+21,-1.089696222079484e+21,4.9772637825822196e+20,1.075718953684565e+21,-1.457753496870261e+21,-1.2666662162534535e+21,5.204203508899275e+20,-2.4946745836340815e+20,1.1214570877450435e+20,-8.849919985372728e+20,1.067853002565933e+20,-1.0694958703894246e+20,-1.813949892881484e+20,1.2135930989793767e+20,-3.300551596058246e+20,-2.5674906610836033e+20,-3.6633596773517276e+20,-7.570000593356462e+20,-5.6684601948457927e+20,-3.3055959181375753e+20,-8.202925019696974e+20,2.2829806564445926e+20,-2.7515873757432162e+20,-1.6235260943617042e+20,3.367074627656104e+19,2.9377346636132847e+20,7.393612257456478e+20,-1.6159520727275572e+20,-8.751336733044798e+19,-2.2822519288708265e+21,-1.3690591101973096e+20,-6.050023568210071e+20,1.103363431490611e+21,-1.0775469014185133e+21,1.2955706416902439e+19,-2.1621932849877688e+21,4.424399143439986e+20,-2.862925217816321e+19,-3.169182434154088e+21,1.155590001698535e+21,1.2204808409309265e+21,1.4351667913420888e+21,9.622506974479525e+20,3.9814119897909776e+20,-4.977017941824824e+18,-5.39316326554852e+20,-5.256369578104548e+20,-3.6086240680726725e+20,-7.67824778293992e+20,-1.395014862129467e+21,-3.6342667712457625e+20,-9.916912181205977e+20,-4.82850713116988e+20,-6.894687506877822e+20,-7.025418977689078e+20,-9.008380622351432e+20,-1.1826706025089139e+21,-7.468284674183315e+20,-5.097603593999178e+20,-8.844581192594897e+20,-1.3378049042170362e+21,-7.709586934893187e+20,-7.406662603664857e+19,-1.2680466280412569e+21,-1.376060607141787e+21,-1.0270004583824033e+21,-8.734785955563615e+20,-8.766578584361764e+20,-9.848895822688017e+20,-1.0674522456779319e+21,-1.1359036913345947e+21
-2.1439511324379054e+21,-3.1750814491917345e+21,-2.064642340996713e+21,-8.703543569225265e+20,-7.878833491614715e+20,-1.298746781920906e+21,1.3435162595276533e+21,8.325556888423156e+20,4.716134527061532e+21,5.84207650457917e+20,9.457165372682222e+20,2.6992375729428963e+21,4.14056611883539e+20,1.4701306167542096e+21,1.676797429943951e+21,1.0073758044564045e+21,6.852483213808351e+19,-2.800353472823954e+20,-4.704541828091494e+20,-4.5069847351966564e+20,3.832622777093404e+20,2.4148982772490722e+20,2.4110167496972396e+20,5.226725709245962e+20,3.9045835844180115e+20,3.840139748740262e+20,3.116933556314319e+20,-2.8924080212699746e+19,1.063182451844145e+21,-1.174160608565697e+21,-1.0989557122935443e+21,-9.589760016225225e+20,-2.0216144091378205e+21,-1.888150319173824e+21,-3.49874898394437e+20,2.3264865997104187e+21,9.578741923874427e+20,7.822144607798466e+20,2.1627851522738807e+21,-3.4191909714772214e+21,-6.040215345676421e+21,-2.8678825838694933e+21,-1.4480115258246667e+21,-1.3744312254617105e+21,2.4408549845869894e+21,2.8852294536758362e+20,-3.9234771004824584e+19,2.527793802907432e+21,9.847204200277047e+20,3.3460077034416393e+20,2.1772030959105632e+21,-1.5005675134213074e+21,1.8750363316219454e+21,4.6516671843695476e+21,3.96252955027045e+21,-1.0694958703894246e+20,7.07438065081282e+20,1.284168697528094e+21,9.144970089009003e+20,4.830932142630041e+20,5.41708898957807e+20,6.604652078848706e+20,-9.91100205894011e+20,7.044836201391349e+20,5.53283217754438e+20,2.9394169462358973e+20,3.7753688159392844e+21,2.539852847396045e+21,2.776874974828337e+21,2.8352593899110395e+21,3.6706504749447696e+21,3.6679753787531183e+21,-6.023077462896514e+21,4.3796645933765765e+21,1.3596808498468062e+21,1.885680389146767e+21,7.871612436787895e+20,2.872680539017018e+21,-4.2359747245391885e+20,3.628669305039141e+21,-8.670163758815079e+20,-4.2465223359288427e+21,1.5079324789098663e+21,4.1920459658362025e+21,1.2155892796857225e+21,2.377426952213196e+21,1.4617748618974842e+20,1.890795961657614e+21,4.226959661948403e+20,2.0709388845207312e+21,1.2386662860063798e+20,-3.7548627956957126e+21,5.333806752248497e+20,-3.776668695758464e+21,-2.8892702121503526e+20,-4.038703242382149e+21,1.7938941974623024e+20,-3.3449702146698584e+21,2.3572668005571658e+20,-2.917371316944352e+21,-5.856993015895671e+20,-3.3053263020448846e+21,-7.409991455783702e+19,-3.4975324031856327e+21,-1.1673261444179855e+21,-1.870709455099394e+21,-5.3772123691585156e+20,-4.651752034034631e+21,-2.0349391507550715e+21,-8.893809277570885e+20,2.20687325183571e+20,7.731807083279837e+19,-1.5216718766354294e+20,-7.128118749297933e+20,-1.1306364109863837e+21,-1.5128802811441114e+21
-1.6910422195692915e+21,-2.882834463832415e+21,-1.1645255845130021e+21,1.3805395043345562e+20,-8.029690043278794e+20,-1.1950720261796208e+21,2.346057129607715e+21,1.3120547085801121e+21,6.663928152593115e+21,8.661685080002581e+20,2.121394028192197e+21,3.8727909691275236e+21,9.487142347423665e+20,1.603890074925402e+21,3.6863763961576266e+21,2.030358594324732e+21,2.3647271829986306e+20,-7.312056463052061e+20,-1.129013210252214e+21,-1.4436371868598128e+21,7.423176177117333e+20,6.583968742005624e+20,9.115357552339309e+20,1.8755330850062868e+21,9.98196695849703e+20,8.679326362352914e+20,1.015310394317487e+21,2.436493536205947e+19,2.6338718731212486e+21,-2.9084381235831683e+21,-2.9142534035795954e+21,-2.6024163378566765e+21,-2.9696821872174385e+21,-3.594622513478641e+21,-2.5180871625341698e+20,4.792651526754317e+21,2.3413843556521557e+21,1.4803445654404745e+21,3.4972383314922764e+21,-4.2368744829570096e+21,-7.005446459312645e+21,-3.0483205429682865e+21,-9.170482858072598e+20,-2.410045390231317e+21,3.7898721035116903e+21,5.105475555098827e+20,-2.0554263946972788e+20,4.6318573711145157e+21,1.9991565740392382e+21,1.0011884910178893e+21,2.9496827502352526e+21,-2.4344440198163957e+21,2.8398506274228e+21,1.0178150746723031e+22,7.760019723153329e+21,-1.813949892881484e+20,1.284168697528094e+21,2.469698059794225e+21,1.3153394486747018e+21,8.468607910675703e+20,1.0663797751195476e+21,1.4216729276235768e+21,-1.4820366916555545e+21,1.489644073992435e+21,1.0956724403047734e+21,9.420921141686996e+20,6.983720137929953e+21,4.797744752883154e+21,5.457665287559561e+21,5.608606038930102e+21,7.483589208925328e+21,9.201475892998394e+21,-1.1127297966621336e+22,8.105973167623877e+21,3.223084712251914e+21,3.601146016620566e+21,1.379430912005708e+21,8.024121906842572e+21,-8.302363697970507e+20,7.016761558755213e+21,-9.511722076868857e+20,-6.98136903312288e+21,1.9014097369121135e+21,3.926685892758951e+21,1.604984985917564e+21,7.138993585904955e+21,-2.7743977148093455e+20,5.882949934493638e+21,7.160951661773664e+20,4.058690655247121e+21,3.269385912698076e+20,-7.110109950843102e+21,1.8755662306632708e+21,-7.03014167260665e+21,7.624518838578732e+20,-6.15873901577497e+21,1.1384814860317698e+21,-5.373721871195593e+21,1.0480363619651647e+21,-4.841622893027994e+21,-2.492790263949078e+21,-6.282362401850971e+21,9.487511011229686e+19,-5.988604394323328e+21,-1.6771343380863152e+21,-3.140622032606901e+21,-2.8733877220106233e+20,-8.125337706331525e+21,-2.0828116835524493e+21,-1.3282931557750363e+20,1.1459351528826246e+21,8.053093436156808e+20,4.155298622551625e+20,-5.974077112670196e+20,-1.254308691494754e+21,-1.6932257583681228e+21
-2.7018287291469455e+22,-3.098743958728896e+22,-2.3253733401333194e+22,-2.3676620009032405e+22,-1.6768121285729264e+22,-2.0500375436979283e+22,-6.850584861046116e+21,-6.581124235620494e+21,1.7708638084218789e+22,-1.1746079517241025e+22,-1.1887479214759425e+22,7.3605955108703e+21,1.3298352281284633e+21,-1.2298851498956392e+21,5.523176450586411e+21,5.036607535965299e+21,-1.0643084370441551e+21,-4.965444876844507e+20,-1.279250018677945e+21,1.5936506858425528e+21,-1.2037616448875992e+21,-1.454071641629572e+21,-1.9662841472880673e+21,-2.482822179201402e+21,-2.235003598606931e+21,-1.3088787248929555e+21,-3.494026299412698e+21,-3.168884803897234e+21,2.285421936662126e+21,-1.9161370595961078e+21,-4.2098883176817125e+20,-1.7894925279664e+21,-1.521263125571674e+22,-1.2941627778835595e+22,-8.445946655022134e+21,-1.5584326059079384e+22,1.637609818202487e+21,-2.0284857566544944e+21,1.3999665055248824e+22,-2.9443583044250046e+22,-3.952714217624605e+22,-2.336710471150263e+22,-2.2880801603677474e+22,-1.4393536271272519e+22,1.4209072935817447e+22,-7.357044092585529e+21,-6.530964183125699e+21,9.428512970133198e+21,8.472616562704807e+21,-1.1572691589495876e+22,3.919789207330034e+21,-3.9126712713384994e+21,5.937390629458863e+21,8.270490305871963e+21,4.6752085526138155e+21,1.2135930989793767e+20,9.144970089009003e+20,1.3153394486747018e+21,4.047050965787805e+21,-2.2876792128643226e+20,-3.0797848855703663e+20,-1.3486456853338286e+21,-7.945716923249017e+21,-1.9260290480631964e+21,-5.932944397792636e+20,-5.110464473538262e+21,1.0627539045573863e+22,4.1290571386384364e+21,3.9656778085238057e+21,4.829453899443937e+21,7.321644096453627e+21,3.4401280015663665e+21,-1.715519231248467e+22,1.1250329690761457e+22,-1.64302404458919e+22,4.703371450499689e+21,-7.543884610205419e+20,2.9305943611497885e+21,-5.258707829934159e+21,8.127207031490819e+21,-1.2714261041796318e+22,-1.3732549402263252e+22,1.2519410675613449e+22,1.2707640965019365e+22,1.3594942701352274e+22,5.742092604887283e+20,1.2226742115919777e+22,-1.8217650674036753e+21,5.948446767250105e+21,5.266706278978197e+21,-2.2259075667244344e+21,-1.101306958675196e+22,-4.2606510483484804e+21,-1.3161797444683778e+22,-1.1953985358005335e+22,-1.8213206319635074e+22,-7.178800751442142e+21,-1.4709531127401475e+22,-4.946822414052233e+21,-1.3168648590190398e+22,9.81193195356331e+20,-1.3422611783526814e+22,-4.914079837715931e+21,-1.3495498239979599e+22,-9.642480551551608e+21,-1.2467273036386143e+22,-8.156954470423288e+21,-1.4924060011513046e+22,-1.7886849482316682e+22,-1.4840444216494107e+22,-7.456815072221072e+21,-6.651809195855377e+21,-7.339061529726836e+21,-9.551758428057004e+21,-1.1498653479123169e+22,-1.3823606362633767e+22
1.4215019102213883e+22,1.445814321967265e+22,1.4588358478473277e+22,1.7387778090991264e+22,1.8186546683344704e+22,1.8832959436431276e+22,1.2517992735948654e+22,1.17892064475147e+22,-9.524616492070409e+20,1.8926151784950776e+22,1.422052882283736e+22,1.2184688375835024e+21,-1.3657344895465832e+21,7.642511454842003e+21,-5.815175861814428e+21,-2.1286488310921885e+21,7.444468126248586e+20,5.157008035732225e+20,1.3026886311085733e+21,-4.2410375676384556e+20,2.4626130808806955e+21,2.092576604799606e+21,1.4777259562716213e+21,2.8243435450015465e+20,3.420811933761338e+21,2.4805745534524373e+21,4.4538014114678204e+21,5.646520536648936e+21,-3.846982280227457e+21,3.724149707140307e+21,2.9763282466563335e+21,5.988352017885951e+21,1.4341501955343e+22,1.3582067339132582e+22,1.0960301389657875e+22,1.8814011120990508e+22,-1.9917432910080345e+21,4.601759099220987e+21,-1.288097166323066e+22,1.4196255194198743e+22,9.60495770675172e+21,9.463091106703062e+21,1.384832856961709e+22,1.0185329470716592e+22,-6.257111867696747e+21,8.33861154445e+21,7.280106230624569e+21,-4.920686406509837e+21,-7.346733373236083e+21,1.1710503326921093e+22,3.1910402084767583e+21,-3.948057503136889e+20,-4.4889941451305386e+20,-3.3996629768245e+21,2.42303320333696e+21,-3.300551596058246e+20,4.830932142630041e+20,8.468607910675703e+20,-2.2876792128643226e+20,1.6859503207048494e+21,1.371929795179328e+21,1.840994763159351e+21,3.9981210440493386e+21,3.5197278433721136e+21,1.9687732082099678e+21,5.566316236234677e+21,-3.005743438703367e+21,5.469333665665728e+20,6.945141152454333e+20,3.4460149201645024e+20,-1.759480772418808e+21,-5.33874154900426e+21,4.77630574824367e+21,-2.65300887596721e+21,1.556774718228264e+22,-1.5166143800404476e+21,3.2388646586482793e+21,-7.560258878049403e+21,8.63727235178728e+21,-2.188408372470677e+21,1.4622400256477395e+22,2.051593494008139e+21,-7.611370342944316e+21,6.232099220052016e+21,-1.2683104968971454e+22,-6.257091631839645e+21,-1.4332708726399214e+22,-3.685825430669833e+21,-5.609583603024101e+21,-2.4759709422548576e+21,4.2819372733905057e+21,3.254627726282195e+21,3.2686019064504915e+21,4.854913327288153e+21,1.0184807278284246e+22,6.082305741439206e+21,7.764655574410102e+21,5.855308877103928e+21,5.66005699763807e+21,5.865480314959913e+21,5.814660168413338e+21,6.10171647139544e+21,5.87723039737842e+21,4.435695443784182e+21,6.824294860705515e+21,8.603089346130156e+21,6.940359499381928e+21,3.479775856025704e+21,9.87572156704287e+21,1.0387592820213376e+22,7.54352602361297e+21,6.477364010980999e+21,6.416062063427186e+21,7.185749414807006e+21,7.873639095729295e+21,8.568076627963335e+21
1.4330589191345713e+22,1.5775242799949594e+22,1.5018198989796077e+22,1.6069561795844302e+22,1.453712438007929e+22,1.6087979310727406e+22,9.483010222828938e+21,8.626451835991039e+21,-3.7761544230272007e+21,1.4199359637267432e+22,1.174351493027907e+22,-7.918258430667478e+19,-8.263999221640828e+20,4.63654593220233e+21,-3.6399352641290633e+21,-1.572970020122355e+21,7.259413266989492e+20,1.5447547593161058e+20,6.421721267926556e+20,-1.0626261705679037e+21,1.9723567673813248e+21,1.8569532348143598e+21,1.621371120889592e+21,1.2692828179099497e+21,3.042696362585442e+21,2.1805868849514889e+21,3.9574091885175044e+21,4.3805089143459503e+21,-2.0214631143101547e+21,1.8167200318572931e+21,1.0834425543647357e+21,3.5542937335782803e+21,1.2421210093566932e+22,1.0632921855702463e+22,8.988618019051797e+21,1.591484250091727e+22,-9.366157672487556e+20,3.681918708113263e+21,-1.0283865544798744e+22,1.3565983020998212e+22,1.2013602335411801e+22,1.0205854914907455e+22,1.3142972054268145e+22,8.314133276953389e+21,-5.597492467060316e+21,6.681315855335748e+21,5.705124855631226e+21,-3.660454338871933e+21,-5.592714960406744e+21,9.867056277166953e+21,1.3857504050977642e+21,9.159792111766626e+19,-8.603037476666181e+20,-3.0003602409928163e+20,3.2511885547576974e+21,-2.5674906610836033e+20,5.41708898957807e+20,1.0663797751195476e+21,-3.0797848855703663e+20,1.371929795179328e+21,1.3620547530527665e+21,2.0056059019103675e+21,3.800731208485686e+21,3.279918025337511e+21,1.809653558112587e+21,5.127183115423801e+21,-1.843958087445933e+21,1.0023842103168213e+21,1.475351500923672e+21,1.283999373351204e+21,-5.9369428460053e+18,-1.4047669554731003e+21,2.840208315875901e+21,-1.4753059370986827e+21,1.3490872793249146e+22,-9.368063643057568e+20,2.634345451058945e+21,-2.828249660060711e+21,6.409597162206812e+21,-8.951442705270891e+20,1.2223162412068436e+22,1.9504429919343736e+21,-6.55662140389992e+21,1.219654462094816e+21,-1.0219075029780432e+22,-1.7518964758017705e+21,-1.1376190121452144e+22,-1.540124591492845e+20,-4.2831481479428157e+21,-1.5307866264678698e+21,3.4457859894142446e+21,1.9191921464424808e+21,3.689455945247536e+21,3.483393691671869e+21,9.460979412431045e+21,5.784889808798374e+21,6.951779062036492e+21,5.167952975800634e+21,5.119661429190189e+21,5.001868499129717e+21,3.0788187953003595e+21,4.278368446797614e+21,5.180569861829056e+21,4.0088804352886513e+21,6.106327645258299e+21,7.445200512570091e+21,6.524812144679457e+21,2.6717644327203153e+21,9.558451527700334e+21,9.859688124611811e+21,6.880126859796012e+21,5.968719842638088e+21,5.984533921913305e+21,6.645333922128824e+21,7.269146816775608e+21,8.031055667959485e+21
2.6346417538292278e+22,2.925488925166714e+22,2.5579529442639875e+22,2.699731382580809e+22,2.184026943086998e+22,2.543962760549631e+22,1.315506603789206e+22,1.1984662540579865e+22,-1.1317569076627293e+22,2.0117054823571978e+22,1.7775622637630639e+22,-2.8089278234650157e+21,-1.2841682840277866e+21,5.620970077919276e+21,-5.65069057009727e+21,-3.5214455874374436e+21,1.2709382974211741e+21,2.426169479951222e+20,9.952055813223654e+20,-2.0680309212944788e+21,2.8052219356454626e+21,2.7595321212832674e+21,2.708183787183262e+21,2.714541174274593e+21,4.524882534403171e+21,3.158526364122945e+21,6.014621753635305e+21,6.20216802633779e+21,-2.657396766677812e+21,2.2226211350726357e+21,7.843821684330716e+20,4.256276115255626e+21,1.9906402624074435e+22,1.6347946073445852e+22,1.3576566065034076e+22,2.3804089888285494e+22,-1.3451180266619048e+21,5.196079738415973e+21,-1.673635324628751e+22,2.5431998862606473e+22,2.6065089237891018e+22,1.985693862518749e+22,2.3215100588913443e+22,1.4312684867714751e+22,-1.0874280623786514e+22,1.0336461788368794e+22,8.840229256812198e+21,-6.696650170219407e+21,-9.092562982486507e+21,1.5557613731664615e+22,1.1934022088662265e+20,1.1984239452155693e+21,-2.6177099137699807e+21,-9.863302583333139e+20,4.166721056286005e+21,-3.6633596773517276e+20,6.604652078848706e+20,1.4216729276235768e+21,-1.3486456853338286e+21,1.840994763159351e+21,2.0056059019103675e+21,3.342343487483871e+21,7.430402318987641e+21,4.961682291602871e+21,2.596252734091626e+21,8.203126081564707e+21,-4.5326764400321825e+21,8.097845628368094e+20,1.6394312902171851e+21,1.149277378774252e+21,-9.799751152733175e+20,-1.2745094351695997e+21,7.056986910287402e+21,-4.101899319187394e+21,2.1556985667987245e+22,-2.1345276794582005e+21,3.6204737400189186e+21,-2.861309371501522e+21,9.119660596123294e+21,-2.5237724056371e+21,1.8838764413543336e+22,5.743514783663138e+21,-1.248365368835569e+22,-3.341112858626445e+21,-1.681817981602976e+22,-8.235350695903899e+20,-1.7849185177918329e+22,1.6470253016036755e+21,-7.015066378206721e+21,-2.9799607337719887e+21,4.887968678307395e+21,4.811614803844203e+21,6.297528437180716e+21,7.621280650037687e+21,1.5522876644062801e+22,1.2089033801342684e+22,1.0886281101843458e+22,1.0308075320707069e+22,7.961530215795868e+21,9.731211368498865e+21,2.918764645192762e+21,8.61379303382046e+21,8.172363797290906e+21,8.83624485577955e+21,1.059799445172358e+22,1.3057226619560974e+22,1.0910110339125163e+22,6.89805910279148e+21,1.7256594485207533e+22,1.6816847596334111e+22,1.096874229655982e+22,9.605671430852864e+21,9.863926198832829e+21,1.1338429689174042e+22,1.263264475684936e+22,1.421909103166451e+22
9.767359474306244e+22,1.131825933715668e+23,9.001361824556211e+22,9.105140728357274e+22,7.881407071006805e+22,9.690137974598215e+22,3.7704297727521873e+22,3.8212412028171344e+22,-6.220305861118915e+22,6.927483693982113e+22,5.302245102851261e+22,-2.5074081834877384e+22,-7.291993669892674e+21,1.45060565880029e+22,-3.0497259889039285e+22,-1.7252430742794285e+22,3.537681936737911e+21,2.5713356147780254e+21,6.095579811367089e+21,-3.208366425888817e+21,7.549464527745361e+21,7.72197249702403e+21,6.927854943432e+21,4.5883248507994526e+21,1.3025906764201312e+22,8.428179305681529e+21,1.8717969500031766e+22,2.379550581874852e+22,-1.666134284274209e+22,1.5631060341637188e+22,1.0290678418389072e+22,2.3731461114320673e+22,8.307734090668253e+22,7.107963288881285e+22,5.323833656398714e+22,6.259555811173566e+22,-1.1128619733930075e+22,1.364931595900659e+22,-7.285680876816219e+22,1.0065564326690878e+23,1.0883473430049825e+23,7.478219392891538e+22,8.076950843182312e+22,5.488718294572348e+22,-4.737020415831263e+22,3.3328604002691483e+22,3.0558267117228213e+22,-3.540593605569502e+22,-3.6645614782771764e+22,4.8855947864459505e+22,-9.300125361928303e+21,9.284582868459217e+21,-1.5813322848458018e+22,-3.0523769009824816e+22,-6.106380631072167e+21,-7.570000593356462e+20,-9.91100205894011e+20,-1.4820366916555545e+21,-7.945716923249017e+21,3.9981210440493386e+21,3.800731208485686e+21,7.430402318987641e+21,3.0410305261899654e+22,1.2838606533632497e+22,5.740648740053327e+21,2.5752128771901805e+22,-3.553440957646009e+22,-9.837538031038565e+21,-9.097313797940952e+21,-1.1885699502164092e+22,-2.501996070795155e+22,-2.876571453496904e+22,5.592585014681994e+22,-3.6609819362131314e+22,6.135982044029255e+22,-1.635401140931985e+22,8.762449014140567e+21,-3.155970997148906e+22,3.697798777439769e+22,-2.7983569126699592e+22,7.447320107173169e+22,3.891357623361678e+22,-5.442185637524142e+22,-2.4746006999966423e+22,-6.799060014548995e+22,-2.2223329536574216e+22,-6.643927863003394e+22,-1.0239810764052263e+22,-2.7832272383595168e+22,-2.1261626899574953e+22,1.8348738419621695e+22,3.812385512047321e+22,1.974495078330846e+22,4.897511623338601e+22,5.5255467105780194e+22,5.954016238802307e+22,3.7092493212344654e+22,5.119646575480745e+22,2.704365452092926e+22,4.8222983306566034e+22,1.8962975993520198e+22,5.1205678573838985e+22,3.235279451061083e+22,5.148123338360508e+22,4.56389399275565e+22,5.904197969930277e+22,4.390671189167909e+22,4.822577869388129e+22,6.8233574744922104e+22,5.9500290539519925e+22,3.5245618325756597e+22,3.1936520316281304e+22,3.467158993037024e+22,4.405858251730127e+22,5.078661640457459e+22,5.747242487317785e+22
4.818661512727861e+22,5.10690480264755e+22,4.8876863659802475e+22,5.089506672190046e+22,4.741348553942795e+22,5.21016522011283e+22,2.808595457409249e+22,2.7311010185700245e+22,-1.979261273245938e+22,4.596230986818053e+22,3.520519564433609e+22,-7.140393970600352e+21,-3.597530378906324e+21,1.361401671052361e+22,-1.5601010095890549e+22,-6.806278726247819e+21,2.1236972624718896e+21,8.793147613616805e+20,2.7518380896076384e+21,-2.4774744609150253e+21,5.806739772819861e+21,5.68027222411078e+21,4.866818575987461e+21,3.0658513132056787e+21,9.308186559352938e+21,6.418223505968125e+21,1.2679290923809736e+22,1.5538663675517186e+22,-8.948240943646632e+21,8.395740826393661e+21,5.817227271878999e+21,1.4389803631359388e+22,4.434017817437326e+22,3.71323289047042e+22,3.15884237474302e+22,4.26748916758983e+22,-4.916587962268964e+21,1.069287580220188e+22,-3.969488342984539e+22,4.715998941440377e+22,4.152710657556949e+22,3.6050798802327296e+22,4.310754342002674e+22,2.776140746545592e+22,-2.164397641602955e+22,2.0654788333579134e+22,1.7934662504250935e+22,-1.5313915605463117e+22,-1.9063902658506808e+22,3.0398389152056126e+22,-3.40901123169956e+20,2.403922339616039e+21,-5.237519489849234e+21,-9.1048145097894e+21,3.5248163844712196e+21,-5.6684601948457927e+20,7.044836201391349e+20,1.489644073992435e+21,-1.9260290480631964e+21,3.5197278433721136e+21,3.279918025337511e+21,4.961682291602871e+21,1.2838606533632497e+22,9.130711995198397e+21,4.747751113802006e+21,1.5659814571155191e+22,-1.178129029769562e+22,-6.972176911140336e+20,5.135803485517626e+20,-6.427303695233672e+19,-5.749625805679545e+21,-1.078296537138851e+22,1.8892136013498656e+22,-1.1845943672711034e+22,3.887847600972582e+22,-5.998098685004531e+21,7.092725813861958e+21,-1.4685454938916308e+22,2.334268142629424e+22,-8.746764748745995e+21,4.269653052079122e+22,1.3106601997661614e+22,-2.8653195265548923e+22,-5.303125321341198e+21,-3.890917884129625e+22,-9.822354844830874e+21,-4.132642167988899e+22,-3.4576505234099525e+21,-1.6128711496691853e+22,-8.638340883043286e+21,1.2093274679360266e+22,1.171375110798155e+22,1.1843974989085044e+22,1.682984437529453e+22,3.1421955285085625e+22,2.4604895995624235e+22,2.3011134332999865e+22,2.1694385852406267e+22,1.706426975128819e+22,2.0332467848267092e+22,1.2420508798829235e+22,1.857584720523829e+22,1.8071709124959719e+22,1.8220121013807445e+22,2.2150067510557375e+22,2.702110472992379e+22,2.320916861380433e+22,1.6022314317271657e+22,3.3470461819129197e+22,3.2534447437069756e+22,2.1703331371372377e+22,1.9133649370510696e+22,1.9622136259870355e+22,2.2803575941747454e+22,2.54292484514752e+22,2.8297507729089952e+22
2.22450121353036e+22,2.3630782601478883e+22,2.3714916648702926e+22,2.490914474945416e+22,2.3802262604338505e+22,2.541246525441639e+22,1.5032470859950043e+22,1.420444102931373e+22,-6.023757292303491e+21,2.346666853392965e+22,1.82209626010872e+22,-1.324767768411554e+21,-1.6079706737737885e+21,7.58149543829448e+21,-7.013798298596556e+21,-2.6806617166601655e+21,1.0606443069632011e+21,3.709042509848173e+20,1.2754710603066452e+21,-1.2959014276258068e+21,3.0707447582269065e+21,2.9313991833335507e+21,2.4628699147103266e+21,1.5033482816590203e+21,4.753674880372941e+21,3.358699874197642e+21,6.327996592047444e+21,7.551472284942115e+21,-4.166114653199039e+21,3.9231037647991215e+21,2.7773419462031977e+21,6.892921917642379e+21,2.0574768294193223e+22,1.7551652748731448e+22,1.505208348880272e+22,2.3222911196178063e+22,-2.0909478260320436e+21,5.678128646112938e+21,-1.8004505551178908e+22,2.147947624976286e+22,1.820601626278807e+22,1.6242187740244972e+22,2.049475783513941e+22,1.3153221193608672e+22,-9.492337091345887e+21,1.0418025434682527e+22,8.961043516373104e+21,-6.704918037258438e+21,-9.123246030999594e+21,1.5324586505744813e+22,1.3233288569620044e+21,5.5672095715881635e+20,-1.8473319450274347e+21,-3.0054298567883793e+21,3.0525824555866197e+21,-3.3055959181375753e+20,5.53283217754438e+20,1.0956724403047734e+21,-5.932944397792636e+20,1.9687732082099678e+21,1.809653558112587e+21,2.596252734091626e+21,5.740648740053327e+21,4.747751113802006e+21,2.578448112335176e+21,7.753222108940222e+21,-4.3665157005385295e+21,4.797094485177856e+20,1.091823773040214e+21,8.483051156276381e+20,-1.612101145320291e+21,-4.404684029356129e+21,6.979714951189939e+21,-4.1702072820900404e+21,2.0039413545104155e+22,-2.2834140089643523e+21,3.857785635417382e+21,-6.630995239633999e+21,1.1263191267597468e+22,-3.0221541663812836e+21,2.024532210077982e+22,4.630571093692984e+21,-1.1929651092843647e+22,3.959324485003965e+20,-1.7723950470100108e+22,-4.5874735036722273e+21,-1.9415501592098517e+22,-1.6628461120427713e+21,-7.45350248353877e+21,-3.454054323811761e+21,5.849583905310192e+21,4.298653413244151e+21,5.565890432418322e+21,6.625842475122929e+21,1.502649352322132e+22,1.027986299384724e+22,1.1189270932900838e+22,9.203610952733665e+21,8.265236455458282e+21,8.721773386323615e+21,6.058971488118608e+21,7.66654469254842e+21,8.404179003189435e+21,7.189126078762439e+21,9.9699030524363e+21,1.2102037373620555e+22,1.0613220055702527e+22,5.880119800569337e+21,1.531553042933967e+22,1.5500655861608e+22,1.0701510498953254e+22,9.321808211930571e+21,9.374723575349634e+21,1.0565518338009804e+22,1.1659183275457412e+22,1.2916627775904549e+22
9.641291464389585e+22,1.0145818418519235e+23,9.455880843895502e+22,9.702634015858305e+22,8.845131466944579e+22,9.785031943617537e+22,4.916072562623001e+22,4.920785057435318e+22,-4.724461129049361e+22,8.399269534174673e+22,6.363778669880935e+22,-2.058521912523118e+22,-7.48820821952842e+21,2.3481873245851487e+22,-3.192566828494246e+22,-1.5354090662998657e+22,3.9480197296072945e+21,2.0246719430326876e+21,5.70409040492072e+21,-4.1789104052748917e+21,1.0101644903704194e+22,1.0076916334977735e+22,8.773050118806922e+21,5.473377429116031e+21,1.6560703094549381e+22,1.1147430648867067e+22,2.31229959067095e+22,2.909890020845489e+22,-1.8014841216919226e+22,1.6896120788100183e+22,1.1617275567296983e+22,2.758371888296779e+22,8.610037405969446e+22,7.136491275913455e+22,6.002054041121264e+22,7.334842027740726e+22,-1.0725726339260708e+22,1.8405102210690648e+22,-7.876087559917137e+22,9.581987277126264e+22,8.870492139814818e+22,7.412034508092405e+22,8.437414987324409e+22,5.4478611245341145e+22,-4.569649410721699e+22,3.815663301981717e+22,3.3380894826305025e+22,-3.253989868575746e+22,-3.709687580799703e+22,5.6283293844150795e+22,-5.822184006036555e+21,7.37222857530206e+21,-1.2912299212696883e+22,-2.4806907001943836e+22,-3.4518488191885876e+20,-8.202925019696974e+20,2.9394169462358973e+20,9.420921141686996e+20,-5.110464473538262e+21,5.566316236234677e+21,5.127183115423801e+21,8.203126081564707e+21,2.5752128771901805e+22,1.5659814571155191e+22,7.753222108940222e+21,2.859594617146174e+22,-2.8372076232449905e+22,-5.270431061138387e+21,-3.1965033903544735e+21,-4.419169549472744e+21,-1.6511667160534686e+22,-2.4795445867287027e+22,4.594183477319477e+22,-2.970422573903798e+22,7.0496430284136415e+22,-1.4447701980470508e+22,1.1631287755284907e+22,-3.0984931226955685e+22,4.419634526505163e+22,-2.227682798189192e+22,8.131641521075573e+22,3.2647759335897044e+22,-6.055750496311972e+22,-2.1013663916069493e+22,-7.704637721783074e+22,-2.042030088056912e+22,-7.970434401083494e+22,-7.437447770765633e+21,-3.214187440767536e+22,-1.977570567716869e+22,2.2604318197410005e+22,2.8228507049480835e+22,2.24303707570896e+22,3.82783439900322e+22,5.962346521945238e+22,5.360488742706627e+22,4.2964307003479295e+22,4.664041775523074e+22,3.188702176253544e+22,4.314626708846371e+22,2.3276074049773435e+22,4.080667157178486e+22,3.489672833093497e+22,4.100871069601666e+22,4.447177537659504e+22,5.4503255625206914e+22,4.565847496154076e+22,3.866928886865986e+22,6.661246929860931e+22,6.230001274042283e+22,4.003346580326751e+22,3.5626394525020604e+22,3.716051572281591e+22,4.449873099064409e+22,5.0229158642484515e+22,5.625747979868276e+22
-1.2796282230241919e+23,-1.1791563802670697e+23,-1.0807220925486805e+23,-1.1780914373837197e+23,-9.901516561120687e+22,-9.940382528088428e+22,-4.969518216060917e+22,-5.390626086424162e+22,7.647738748910222e+22,-9.14474280646653e+22,-7.079650754536767e+22,4.073413123494629e+22,1.3543440551036452e+22,-3.321760038423813e+22,5.3562193993360206e+22,3.525456115548165e+22,-4.879743419814517e+21,-6.556434883758832e+21,-1.2628082134294473e+22,-6.353238147176527e+20,-9.454992723596206e+21,-8.219080872028082e+21,-5.924693249484483e+21,6.567973226878712e+20,-1.3742226942101004e+22,-8.660296484651457e+21,-2.0389164412590914e+22,-2.8890631148484885e+22,3.1345837937230485e+22,-3.0039831613722858e+22,-2.2430252444320648e+22,-3.5818883420396414e+22,-9.586199777379509e+22,-8.246000092211326e+22,-6.1758354066899456e+22,-6.860487518251632e+22,2.333428636518933e+22,-1.645962554277487e+22,1.004732316209643e+23,-1.3498377523613083e+23,-1.2885001241635344e+23,-1.0589110302797394e+23,-1.108326098898939e+23,-8.093975979400869e+22,7.499720594645027e+22,-4.794138707125703e+22,-4.322936456763376e+22,5.659580659708826e+22,5.4368044968471746e+22,-6.829389949219274e+22,1.7165584372354628e+22,-2.0552819097712974e+22,2.4960456533216556e+22,7.40041620710862e+22,3.2360366739766276e+22,2.2829806564445926e+20,3.7753688159392844e+21,6.983720137929953e+21,1.0627539045573863e+22,-3.005743438703367e+21,-1.843958087445933e+21,-4.5326764400321825e+21,-3.553440957646009e+22,-1.178129029769562e+22,-4.3665157005385295e+21,-2.8372076232449905e+22,5.96582708410613e+22,2.334379674275619e+22,2.284261158541771e+22,2.4981337773099746e+22,4.753276626372438e+22,6.589031170367612e+22,-9.907142095807503e+22,6.718196540846148e+22,-8.092838420925426e+22,3.3290303375603877e+22,-7.890948353675486e+21,7.052978518617015e+22,-4.8573723692269256e+22,5.310811501250425e+22,-8.405012995531342e+22,-6.851787387601492e+22,9.210632851725906e+22,4.230407356097795e+22,9.952613131455972e+22,5.141943614687133e+22,9.5479639278285e+22,2.802556341539486e+22,4.658409121149459e+22,4.055483322864041e+22,-2.102880493983817e+22,-5.969666387365056e+22,-1.6910237406837472e+22,-7.185712859404197e+22,-5.921971396238585e+22,-8.643046144424522e+22,-4.034440345169486e+22,-7.477785468739247e+22,-2.8945195488384425e+22,-6.772845077250885e+22,-3.115652143545411e+22,-7.2859018307459286e+22,-3.6993191397812865e+22,-6.974726922577414e+22,-5.644041161368632e+22,-7.241833704123722e+22,-5.000611019266784e+22,-7.803277674514477e+22,-8.078625087487581e+22,-6.827598773142913e+22,-3.929119749724224e+22,-3.53495055100297e+22,-3.845154060772197e+22,-5.106354713348811e+22,-6.0120242581000686e+22,-6.83939356161147e+22
-3.486889707063978e+22,-2.74299903274344e+22,-2.8154107687424018e+22,-3.0394829581638657e+22,-2.328914358546598e+22,-1.840655142328196e+22,-9.762414037995555e+21,-1.1880987241933896e+22,2.4254334842800393e+22,-2.0079225996718417e+22,-1.633244662398805e+22,1.4863233647185131e+22,4.756114122593811e+21,-8.861131986871689e+21,1.8228019774217387e+22,1.3312650476684591e+22,-1.2052203780178824e+21,-2.8527636316175084e+21,-4.955388649219287e+21,-1.9249540938952614e+21,-1.5085859551071848e+21,-1.0548564049959729e+21,-2.3617262136127226e+20,2.511596315295019e+21,-1.7608195183230315e+21,-8.616866742716018e+20,-3.088436925886986e+21,-5.521440154729558e+21,1.1117683053964403e+22,-1.101518553629954e+22,-8.954033875119597e+21,-1.0294187856464995e+22,-2.177987053132337e+22,-1.907826194297682e+22,-1.190132998122011e+22,-1.1489910054606676e+22,9.138277436066827e+21,-2.2796638442272045e+21,2.6848269964936095e+22,-3.918306489588975e+22,-3.930921155158853e+22,-3.2960564874979217e+22,-3.1021894249477336e+22,-2.4377571804292906e+22,2.5243002342518884e+22,-1.2315517363308313e+22,-1.1413753678796585e+22,2.0147511925513726e+22,1.6302785739173313e+22,-1.7428635616823057e+22,8.484493127660393e+21,-9.754176987955498e+21,1.0225809487578708e+22,3.2947473793302464e+22,1.9378828407186668e+22,-2.7515873757432162e+20,2.539852847396045e+21,4.797744752883154e+21,4.1290571386384364e+21,5.469333665665728e+20,1.0023842103168213e+21,8.097845628368094e+20,-9.837538031038565e+21,-6.972176911140336e+20,4.797094485177856e+20,-5.270431061138387e+21,2.334379674275619e+22,1.2028474490407424e+22,1.233125483652193e+22,1.262337035927978e+22,2.051000236914123e+22,2.8283645708063633e+22,-3.909674683256231e+22,2.751537087005758e+22,-1.8648651829858603e+22,1.3970871819724864e+22,1.9051199173593045e+20,2.8080162368983847e+22,-1.104859114227578e+22,2.2290725649103064e+22,-1.6509832366280126e+22,-2.733624421265885e+22,2.7481765231894815e+22,1.8700304834309963e+22,2.6301934307043424e+22,2.113815869719094e+22,2.2950493103383716e+22,1.3030122959404263e+22,1.3620413719699138e+22,1.5972314412449956e+22,-3.352647073041615e+21,-2.2589708127040895e+22,-4.814518959950961e+20,-2.5039068935454894e+22,-1.0813229338145407e+22,-2.92169603998898e+22,-6.692146793852169e+21,-2.5102154926053046e+22,-4.3450832012175407e+21,-2.2030005240642423e+22,-9.019556507800048e+21,-2.3775341016068794e+22,-6.914367968487389e+21,-2.2810971375739974e+22,-1.4037199162530328e+22,-1.878967040514366e+22,-1.0189529435961561e+22,-2.9471211952512954e+22,-2.0391069287672334e+22,-1.5472578619927767e+22,-7.349872124374982e+21,-6.671615231934774e+21,-7.606067036432706e+21,-1.1454115739182658e+22,-1.430516923910761e+22,-1.6809592856610911e+22
-2.3927856645388324e+22,-2.3775484275163394e+22,-1.7815884187326512e+22,-1.9793522142104443e+22,-1.9318066508134103e+22,-1.9932633040712595e+22,-6.072497395195584e+21,-8.520173988530196e+21,2.1648536776797e+22,-1.6277299133386947e+22,-9.65933813456417e+21,1.1585715839633052e+22,4.317126120440126e+21,-5.608092322722419e+21,1.672703211032923e+22,1.0274441525139274e+22,-4.059083466174227e+20,-2.7823460735612905e+21,-4.66667395965297e+21,-3.350280300409889e+21,-5.282496838218301e+20,-9.675663331937418e+19,1.0832815593667709e+21,4.4678957290003413e+21,-4.317907208111797e+20,9.318348654480402e+19,-1.3722428916662385e+21,-4.965443014895163e+21,1.1052857045931646e+22,-1.1333467253204868e+22,-1.0080707771305558e+22,-1.1827443265673454e+22,-2.12767771308796e+22,-2.1810942750838126e+22,-1.1082929884897326e+22,-5.929152712483888e+21,8.909183303159115e+21,-6.651555307904485e+20,2.32489539238913e+22,-3.0260765615585675e+22,-3.159227462265675e+22,-2.1630110556864085e+22,-2.0162454766608506e+22,-1.962682395373374e+22,1.93479109907288e+22,-8.462637704509202e+21,-8.923361901323867e+21,1.8183285654151452e+22,1.4056604856626425e+22,-1.0899380112835643e+22,5.609000151919148e+21,-6.993589475527524e+21,8.253525049193833e+21,3.2895344753377796e+22,1.9110338514280425e+22,-1.6235260943617042e+20,2.776874974828337e+21,5.457665287559561e+21,3.9656778085238057e+21,6.945141152454333e+20,1.475351500923672e+21,1.6394312902171851e+21,-9.097313797940952e+21,5.135803485517626e+20,1.091823773040214e+21,-3.1965033903544735e+21,2.284261158541771e+22,1.233125483652193e+22,1.3832936401051333e+22,1.4826299334506297e+22,2.2639484973857676e+22,3.077472026677111e+22,-3.7069973578705483e+22,2.5831653024406595e+22,-9.960855128657264e+21,1.2081508793459656e+22,5.7305122691203026e+20,3.024550760694605e+22,-1.0159812165187907e+22,2.1859925371147025e+22,-1.6075115680014554e+22,-2.2860516321520614e+22,1.831259609780263e+22,6.620012543436939e+21,1.9800375986368115e+22,2.547597828846965e+22,1.613099752077898e+22,1.850678793866808e+22,9.667494883879517e+21,1.4325737909993297e+22,-2.9865097478219844e+21,-2.3680684925586384e+22,1.302131193619989e+21,-2.5741890694681446e+22,-7.964564937274921e+21,-2.4517158498195776e+22,-4.342927831092556e+21,-2.1746029074433607e+22,-2.600082324022103e+21,-2.00880652662221e+22,-1.148052935059774e+22,-2.5238283481515863e+22,-6.182540584473914e+21,-2.2609203559724835e+22,-1.2659869917065574e+22,-1.8580112508933462e+22,-8.54526094817028e+21,-2.7519658888473677e+22,-1.6398236406906102e+22,-1.0952828248567323e+22,-4.3723444652676853e+21,-4.264038353834325e+21,-5.455764314886475e+21,-9.533428063242878e+21,-1.2214678205912364e+22,-1.417100933550231e+22
-2.7662596283994493e+22,-3.681651389110514e+22,-2.121472325854095e+22,-2.2210828700591952e+22,-2.4517922814393032e+22,-3.271923508881525e+22,-6.841798092415204e+21,-9.310735686817006e+21,2.6473054706591462e+22,-1.9813788285434207e+22,-9.985937982293346e+21,1.1742460356044645e+22,4.299872458674894e+21,-3.5224942544787137e+21,1.6924180969394184e+22,8.893272757872345e+21,-2.3814917263353414e+20,-2.6204938470612266e+21,-4.496806897672903e+21,-3.312668561233066e+21,-5.337459967021463e+20,-2.7482078025854278e+20,9.387637858374597e+20,4.3098341416149687e+21,-8.841046879831481e+20,-1.2421911082923527e+20,-2.2082267647947173e+21,-6.738197775523547e+21,1.125680572596192e+22,-1.1574537169260952e+22,-1.0278759832572077e+22,-1.3818761304211079e+22,-2.936356943028233e+22,-3.068071367288929e+22,-1.597820931313413e+22,-9.238296348827122e+21,8.769842344307112e+21,-7.695297270542394e+20,2.675618448653628e+22,-3.525470209969741e+22,-4.149351955193377e+22,-2.1553642041675574e+22,-2.099161709646912e+22,-2.1050198611297953e+22,1.9330532108023393e+22,-8.603981185030082e+21,-9.749079380297492e+21,1.9308068569578985e+22,1.539078199314873e+22,-1.0763275324915175e+22,4.487524140334671e+21,-5.404147755401736e+21,8.182174356058087e+21,3.2661948441600387e+22,1.7787664834472964e+22,3.367074627656104e+19,2.8352593899110395e+21,5.608606038930102e+21,4.829453899443937e+21,3.4460149201645024e+20,1.283999373351204e+21,1.149277378774252e+21,-1.1885699502164092e+22,-6.427303695233672e+19,8.483051156276381e+20,-4.419169549472744e+21,2.4981337773099746e+22,1.262337035927978e+22,1.4826299334506297e+22,1.6852917181909507e+22,2.5348492053297905e+22,3.1437587911835638e+22,-3.94092974977217e+22,2.6772222043793866e+22,-1.0256253645985753e+22,1.1291950642278202e+22,-7.694512411408225e+19,3.0816856878856802e+22,-1.251778362371319e+22,2.2806441851193534e+22,-2.351706072149207e+22,-2.2780629023508815e+22,1.6063757220706397e+22,1.6523953845690698e+21,2.0830430547477914e+22,2.7203139446118334e+22,1.6860728836050165e+22,2.062298937314752e+22,8.922353351240099e+21,1.4007348268161466e+22,-4.548543003943787e+21,-2.760821400830857e+22,-6.011585392856468e+20,-3.080810044409844e+22,-1.2596606115179557e+22,-2.6977885294167362e+22,-6.929749952301376e+21,-2.404202290300734e+22,-4.5312728871484827e+21,-2.320789451708221e+22,-1.3207522722248066e+22,-3.1383766943600315e+22,-9.282153576379793e+21,-2.805531060449839e+22,-1.6750327185084934e+22,-2.486213359675026e+22,-1.2606920125645895e+22,-3.036083949250892e+22,-2.152236859682381e+22,-1.4484434772673836e+22,-6.086088776010136e+21,-6.072134823480915e+21,-7.84845808836694e+21,-1.3187396143589651e+22,-1.6514041034954796e+22,-1.8913809558403023e+22
-7.636805075180287e+22,-7.274104685941806e+22,-5.788008886851352e+22,-6.972392591955805e+22,-6.630931780457361e+22,-6.979113571506326e+22,-3.2215021935326453e+22,-3.65480794264703e+22,4.944960348265938e+22,-6.3292183267386975e+22,-4.314924417216373e+22,2.4571395113858734e+22,1.0844322104296744e+22,-2.569865108499042e+22,4.237764385239181e+22,2.5876407851455525e+22,-2.3931683865343867e+21,-6.184081850976458e+21,-1.0919883175372316e+22,-5.021519087857575e+21,-5.480445069597849e+21,-3.741522691180656e+21,-6.454366829488067e+20,6.909521169898461e+21,-6.853861883044473e+21,-4.138209228188922e+21,-1.0577229134848852e+22,-1.9531633603617403e+22,2.7011591962353836e+22,-2.6732515529703396e+22,-2.2280447750380913e+22,-3.150304326676851e+22,-6.666056335302064e+22,-6.463923332926511e+22,-4.189711182986256e+22,-4.105348308865176e+22,2.0475060751080282e+22,-9.629382339931784e+21,6.962905634369238e+22,-8.632429360435704e+22,-7.659203268927595e+22,-6.027030676054892e+22,-6.5415373814347e+22,-5.6946954779110905e+22,4.941318034826279e+22,-3.177015649995911e+22,-3.0368691726824774e+22,4.227146080276129e+22,4.007366774036997e+22,-4.223039884536647e+22,6.667686355966952e+21,-1.234171702249047e+22,1.5455738259615695e+22,6.663432318890961e+22,2.9547523571671483e+22,2.9377346636132847e+20,3.6706504749447696e+21,7.483589208925328e+21,7.321644096453627e+21,-1.759480772418808e+21,-5.9369428460053e+18,-9.799751152733175e+20,-2.501996070795155e+22,-5.749625805679545e+21,-1.612101145320291e+21,-1.6511667160534686e+22,4.753276626372438e+22,2.051000236914123e+22,2.2639484973857676e+22,2.5348492053297905e+22,4.441770226375258e+22,6.536214325366508e+22,-7.78444454805935e+22,5.251528344401939e+22,-4.781029810379718e+22,2.5133804135046854e+22,-4.923123921728458e+21,6.911851152988895e+22,-3.4491100131362207e+22,4.381531145479049e+22,-5.764109962757993e+22,-4.687352205029293e+22,5.742253628506418e+22,5.433299076426754e+21,6.527721012807512e+22,5.67191004339566e+22,6.122755036334179e+22,3.8272047071970734e+22,3.099294938878593e+22,3.131349196249449e+22,-1.3773537165943215e+22,-5.012369690507916e+22,-5.786749951432531e+21,-5.830949795938544e+22,-3.4451363270039595e+22,-5.7524774931603665e+22,-2.278786889914212e+22,-5.164237052225008e+22,-1.5883687387328175e+22,-4.855158295007817e+22,-3.0946892692495454e+22,-6.049225289404768e+22,-2.4737311624159096e+22,-5.28393349726299e+22,-3.89513150898631e+22,-5.342307200149526e+22,-3.1699483006162847e+22,-5.869899085083852e+22,-4.986778612334856e+22,-3.954811498735224e+22,-2.2033482679799725e+22,-2.012288562260952e+22,-2.272041516662505e+22,-3.2770738631554456e+22,-3.926244132721294e+22,-4.407277554489015e+22
-8.03640997795472e+22,5.714770006150242e+21,-3.3019302097741456e+22,-9.455400874232627e+22,-8.620983726314962e+22,-3.937811669303021e+22,-6.9833072804329895e+22,-7.522882224916966e+22,3.583365982981393e+22,-1.080118528129976e+23,-8.557946798740952e+22,1.8251470441759648e+22,2.2601925354079906e+22,-8.390012015964656e+22,8.735561744975632e+22,6.229482803981879e+22,-5.481078679816851e+21,-1.5769453934098558e+22,-2.584877021267586e+22,-1.588602234617457e+22,-1.3357572829468034e+22,-5.583915174470111e+21,3.84933044263855e+21,2.44513985898922e+22,-1.0400823576422129e+22,-7.646009846773382e+21,-1.280342786746793e+22,-2.5808278960191062e+22,5.873666583880428e+22,-5.8933131070963785e+22,-5.287347223042972e+22,-5.817364833983319e+22,-6.166127925803739e+22,-6.7175085468900594e+22,-4.386780765935246e+22,-6.798259714847581e+22,4.49985391332728e+22,-2.442409117059173e+22,1.0715379708348488e+23,-9.42588615248242e+22,-6.303890153958024e+20,-7.1357049301386725e+22,-9.353520121686362e+22,-1.0336192591211466e+23,7.831414946126741e+22,-6.709790976710241e+22,-6.080821214846223e+22,6.8845260407486395e+22,7.409830632210553e+22,-8.394545011553588e+22,-9.005444851888785e+21,-2.112779813053294e+22,1.5261520591140283e+22,1.2913782444796886e+23,4.821456242407376e+22,7.393612257456478e+20,3.6679753787531183e+21,9.201475892998394e+21,3.4401280015663665e+21,-5.33874154900426e+21,-1.4047669554731003e+21,-1.2745094351695997e+21,-2.876571453496904e+22,-1.078296537138851e+22,-4.404684029356129e+21,-2.4795445867287027e+22,6.589031170367612e+22,2.8283645708063633e+22,3.077472026677111e+22,3.1437587911835638e+22,6.536214325366508e+22,1.4371527994518188e+23,-1.1182101195360765e+23,7.899009636047119e+22,-9.325694369393135e+22,4.762717232617889e+22,-1.2502915559947898e+22,1.576448293470116e+23,-5.3109454495685225e+22,6.903288650363558e+22,-5.500924736923834e+22,-6.228218157566102e+22,1.1304480211732437e+23,-3.5393703362827894e+22,1.1512998802847393e+23,1.3018884621212136e+23,1.1441499970796978e+23,8.85644049666243e+22,6.388451650556574e+22,5.713745487327073e+22,-1.5173045303881912e+22,-6.304883618112996e+22,1.309020242609004e+22,-6.954486074103428e+22,-2.238279941190679e+22,-6.578775146176068e+22,-2.0041149684852474e+22,-6.515084862561631e+22,-1.1886572150450976e+22,-6.0113024086856725e+22,-6.519196462425132e+22,-7.147896949632097e+22,-2.081532734719173e+22,-4.514903173897143e+22,-3.666962833134365e+22,-5.171308823017323e+22,-1.893178262868864e+22,-7.06251754086287e+22,-3.885007577911304e+22,-3.857966150758134e+22,-2.8400139310142176e+22,-2.317731653354228e+22,-2.2360222160641277e+22,-2.9577039717133424e+22,-3.477306201136362e+22,-3.6993113368322663e+22
2.237775965403067e+23,1.8390932767556077e+23,1.843837197880635e+23,2.0799619217552996e+23,1.6584266421163608e+23,1.4595159326276795e+23,9.055616734173315e+22,9.717709785827345e+22,-1.0782827577714761e+23,1.569198375678096e+23,1.2933293821391231e+23,-6.6013537379107884e+22,-2.380555891725338e+22,7.1150878335239255e+22,-9.217727000960044e+22,-6.679842783105136e+22,9.44359093112726e+21,1.2400237630383534e+22,2.3420377664995948e+22,9.646492236021744e+20,1.7162813601301765e+22,1.363340729832626e+22,9.88824377627334e+21,-1.0166364512418102e+21,2.214774935383858e+22,1.4277357565345257e+22,3.2479913407842896e+22,4.412233671373222e+22,-5.389729778651159e+22,5.091727582135218e+22,3.660720770146537e+22,5.413111219594502e+22,1.4182742449306933e+23,1.2140383296828865e+23,9.332059693341683e+22,1.2564563566176243e+23,-4.079389796624471e+22,2.9518061148042703e+22,-1.6116700614129678e+23,2.3401704101139123e+23,2.158480731114244e+23,1.902258725101511e+23,1.9913605440561944e+23,1.43195391204818e+23,-1.3398631763176165e+23,8.727592384821095e+22,7.638195849440687e+22,-9.602052500479708e+22,-9.427295941890699e+22,1.2479616173332587e+23,-2.743379839357434e+22,3.8573898347049575e+22,-4.202727935920643e+22,-1.3270581366258401e+23,-5.996740213578943e+22,-1.6159520727275572e+20,-6.023077462896514e+21,-1.1127297966621336e+22,-1.715519231248467e+22,4.77630574824367e+21,2.840208315875901e+21,7.056986910287402e+21,5.592585014681994e+22,1.8892136013498656e+22,6.979714951189939e+21,4.594183477319477e+22,-9.907142095807503e+22,-3.909674683256231e+22,-3.7069973578705483e+22,-3.94092974977217e+22,-7.78444454805935e+22,-1.1182101195360765e+23,1.6973589937489154e+23,-1.1456556675164171e+23,1.523110966438794e+23,-5.945256188654224e+22,1.278151816127769e+22,-1.2254292478564984e+23,7.650720498862714e+22,-8.977234972353813e+22,1.2458172566509232e+23,1.1974995249388466e+23,-1.6456915853451592e+23,-7.479944873986085e+22,-1.6866650554845812e+23,-8.62025276942801e+22,-1.634333617069709e+23,-4.317694406256271e+22,-8.487621013296023e+22,-7.078789146639081e+22,3.115323214084574e+22,9.641826404139385e+22,2.494311051611571e+22,1.1594796332568386e+23,9.110225694731629e+22,1.4501155945714292e+23,6.2653865494345215e+22,1.2472665435719364e+23,4.439622900687696e+22,1.1071250863820976e+23,4.6767175315867505e+22,1.1780511185975015e+23,5.667301616436244e+22,1.1110757618081477e+23,8.966486525959412e+22,1.1317417744394326e+23,7.706562844117326e+22,1.310893000661875e+23,1.2882825964257202e+23,1.0973792480665166e+23,6.3481797222678976e+22,5.611600694052565e+22,6.020086905636985e+22,8.011855407347503e+22,9.484002095058873e+22,1.0839059550534483e+23
-1.4319907080769359e+23,-1.0534008046594064e+23,-1.1514788061134783e+23,-1.3376167019870777e+23,-1.0276971098616324e+23,-8.30569505333246e+22,-5.718921660286832e+22,-6.175171254323732e+22,7.761930396101165e+22,-9.805949356932363e+22,-8.352592931892314e+22,4.659638806385889e+22,1.6479565233969995e+22,-4.7125104092792905e+22,6.39827531997419e+22,4.807178588871086e+22,-6.491492136773685e+21,-8.89960742249104e+21,-1.6423074010642151e+22,-1.268353727092915e+21,-1.1157159702156607e+22,-8.725319755288824e+21,-6.09156772814013e+21,1.795206604957609e+21,-1.411132094260906e+22,-9.080546957930936e+21,-2.054096537934639e+22,-2.7428691726815583e+22,3.7286281087163774e+22,-3.5554811684985e+22,-2.6361078284739303e+22,-3.5844730972515135e+22,-8.785507209403711e+22,-7.264292402514515e+22,-5.686580384021518e+22,-7.427781594792745e+22,2.8691268647804192e+22,-1.913012698411479e+22,1.0770593080189802e+23,-1.496374206114888e+23,-1.3188504260065314e+23,-1.2517844753476262e+23,-1.2988240875159541e+23,-9.568299616909301e+22,9.052335138864247e+22,-5.774380113986404e+22,-5.059441010173904e+22,6.574212877787892e+22,6.308766065475215e+22,-8.21156013507218e+22,2.0853244618904902e+22,-2.82438000131047e+22,2.94756733835062e+22,9.128194689771077e+22,4.272400877136144e+22,-8.751336733044798e+19,4.3796645933765765e+21,8.105973167623877e+21,1.1250329690761457e+22,-2.65300887596721e+21,-1.4753059370986827e+21,-4.101899319187394e+21,-3.6609819362131314e+22,-1.1845943672711034e+22,-4.1702072820900404e+21,-2.970422573903798e+22,6.718196540846148e+22,2.751537087005758e+22,2.5831653024406595e+22,2.6772222043793866e+22,5.251528344401939e+22,7.899009636047119e+22,-1.1456556675164171e+23,7.9019695752668e+22,-9.724560793142216e+22,4.216524858400052e+22,-7.596892440157038e+21,8.472589861099146e+22,-4.897500521767189e+22,6.193777245849363e+22,-7.559539606692785e+22,-8.27740001879604e+22,1.147693201459197e+23,5.827246416807546e+22,1.1372806741090093e+23,5.9374829946025565e+22,1.0906331480904047e+23,2.9951118901412664e+22,5.757718563935649e+22,4.928678272791107e+22,-1.8764515164351963e+22,-6.39975379243756e+22,-1.3102156431452761e+22,-7.580880787206351e+22,-5.564976630631958e+22,-9.705796876798096e+22,-3.860714462950109e+22,-8.354183549646623e+22,-2.701311224068452e+22,-7.3433784894864126e+22,-3.0595953699201837e+22,-7.510753442122307e+22,-3.3570379769522808e+22,-7.087022293672473e+22,-5.573445962479809e+22,-7.009659845804982e+22,-4.619199809722997e+22,-8.784386924407894e+22,-8.186536829770932e+22,-7.040019458555226e+22,-4.068883141976544e+22,-3.577636808897006e+22,-3.80155410842142e+22,-5.007625760069544e+22,-5.939541287424303e+22,-6.818334468808771e+22
3.330561287960325e+23,2.5275676715722624e+23,2.9926103862118486e+23,3.5566047692582404e+23,2.594147556379884e+23,1.775100870891512e+23,1.9451131530520148e+23,1.7715894669952784e+23,1.9051759938916646e+22,2.557131796888112e+23,2.593179126294263e+23,3.6200978641187536e+21,-2.6075352108707766e+22,1.676029894436803e+23,-8.72274352971147e+22,-8.257634738155343e+22,1.8599485821109393e+22,1.410656840494834e+22,2.6212285161776007e+22,-1.10278195064462e+22,3.457267552246928e+22,2.426010436764345e+22,1.9807232719779325e+22,1.2004941938491778e+22,3.7259890769561504e+22,2.7761454328058214e+22,4.7561415849545986e+22,4.411752775751489e+22,-4.971722747685487e+22,4.212821381624554e+22,2.343986800455734e+22,3.5751238958042787e+22,1.1738908123712552e+23,1.0868012498277748e+23,9.012536269331799e+22,3.3794193306268024e+23,-4.0031047333405736e+22,6.025564767111973e+22,-1.3435718769181053e+23,3.3001390216123284e+23,3.1007438817481474e+23,2.821562977443757e+23,3.250835691078737e+23,2.155465323394015e+23,-1.7792193635705266e+23,1.564388763336832e+23,1.2607197501426537e+23,-1.0484140315323505e+23,-1.3244580583037974e+23,2.3060633021244777e+23,2.3829078639577892e+22,4.512434422779025e+22,-3.693040029032543e+22,-1.3131591966586474e+23,-3.682267848780609e+22,-2.2822519288708265e+21,1.3596808498468062e+21,3.223084712251914e+21,-1.64302404458919e+22,1.556774718228264e+22,1.3490872793249146e+22,2.1556985667987245e+22,6.135982044029255e+22,3.887847600972582e+22,2.0039413545104155e+22,7.0496430284136415e+22,-8.092838420925426e+22,-1.8648651829858603e+22,-9.960855128657264e+21,-1.0256253645985753e+22,-4.781029810379718e+22,-9.325694369393135e+22,1.523110966438794e+23,-9.724560793142216e+22,3.3002510042490164e+23,-6.4027422579114335e+22,3.145543793891213e+22,-1.230757791967007e+23,7.468744624720255e+22,-7.115723107168153e+22,1.132645949813229e+23,1.1648657525279295e+23,-1.5937806268139406e+23,-1.0891470776002134e+22,-1.7234709724920012e+23,-7.585695322209641e+22,-1.877677258473001e+23,-1.7980672407614024e+22,-1.1163070046519505e+23,-6.931189899031992e+22,3.0540283126383206e+22,7.07458246582809e+22,3.37808622795132e+22,9.281921625722051e+22,1.0999215272688999e+23,1.5093271324590861e+23,7.89830284439107e+22,1.2804841855419925e+23,5.44524375229415e+22,1.0951574388294197e+23,2.9768422068968923e+22,1.0228873274603997e+23,5.6661623101814854e+22,8.405347971455821e+22,9.134450333902832e+22,1.0752270915499706e+23,7.526821785579612e+22,1.1165926191364626e+23,1.478621323521969e+23,1.452109692155253e+23,9.401153892247522e+22,7.737378211327036e+22,7.568500797252539e+22,8.931015986954017e+22,1.0314890423487941e+23,1.1878617574036523e+23
-7.432599091516383e+22,-2.868212249524265e+22,-5.4524648742389704e+22,-7.489083932752316e+22,-4.81606605622957e+22,-1.6897101086476217e+22,-3.5957015558639105e+22,-3.6323190431037168e+22,2.422289380308596e+22,-5.008075820182951e+22,-5.26736473457403e+22,1.7993803753988702e+22,9.88896819457696e+21,-3.9070959102697646e+22,3.6371175052718977e+22,3.3670478823531185e+22,-4.6507562740303617e+21,-6.448124361329278e+21,-1.1026792769901048e+22,-1.3343068297092784e+21,-7.072573391538568e+21,-4.194464538117025e+21,-2.3310923224059853e+21,2.5568360626298474e+21,-6.408210995145975e+21,-4.584641461592556e+21,-8.305153739983301e+21,-8.60804156338593e+21,2.1372271354881583e+22,-2.0126337645701272e+22,-1.4897290924718167e+22,-1.4049116146027024e+22,-2.400051581851258e+22,-1.8405682179097066e+22,-1.5982603158863961e+22,-4.700276727482442e+22,1.764763121361415e+22,-1.203259217794772e+22,4.7091922273085264e+22,-7.604254756165499e+22,-5.495646902910396e+22,-7.020482842513935e+22,-7.487130307503978e+22,-5.747815195707904e+22,5.280039378549321e+22,-3.688934205074836e+22,-3.0888179316275454e+22,3.6254489062441205e+22,3.673639958313657e+22,-5.1967686493181774e+22,6.904483105628528e+21,-1.8918069032247846e+22,1.528075776247182e+22,5.473399002167454e+22,2.5418574395492547e+22,-1.3690591101973096e+20,1.885680389146767e+21,3.601146016620566e+21,4.703371450499689e+21,-1.5166143800404476e+21,-9.368063643057568e+20,-2.1345276794582005e+21,-1.635401140931985e+22,-5.998098685004531e+21,-2.2834140089643523e+21,-1.4447701980470508e+22,3.3290303375603877e+22,1.3970871819724864e+22,1.2081508793459656e+22,1.1291950642278202e+22,2.5133804135046854e+22,4.762717232617889e+22,-5.945256188654224e+22,4.216524858400052e+22,-6.4027422579114335e+22,2.623999856097806e+22,-4.106063980291821e+21,5.193663714692082e+22,-1.8870482398413228e+22,3.2796110934055663e+22,-1.9070206860001918e+22,-4.541586364957189e+22,6.53115019253016e+22,2.911122740774323e+22,5.744409959055e+22,3.5403629570209027e+22,5.5899065171313e+22,1.6497935518873548e+22,3.4638491862352615e+22,2.8483771079619982e+22,-4.4258166947911403e+21,-2.8799412383883727e+22,-6.498689142729124e+19,-3.31527261869905e+22,-1.7413051685674705e+22,-4.771250948985578e+22,-1.2853988632041324e+22,-4.1143775481956124e+22,-7.959898293565352e+21,-3.4411457460809874e+22,-1.2447415511784926e+22,-3.164534220018995e+22,-9.029087754794413e+21,-2.7023964572670243e+22,-2.059259086015381e+22,-2.4905011227435563e+22,-1.2685716576983872e+22,-4.263758192244601e+22,-3.2440785082359327e+22,-3.03200523475692e+22,-1.84522454876303e+22,-1.5072428758675633e+22,-1.4727190659859451e+22,-1.8448109479719424e+22,-2.2141955635050906e+22,-2.5880426660547185e+22
3.1135564647922124e+22,2.9967867886758844e+22,3.0448124591057647e+22,3.637422941874714e+22,3.739203286737756e+22,3.8559924617813546e+22,2.4976818201611414e+22,2.419928473244559e+22,-6.343432794137798e+21,3.902910143249197e+22,2.8881669143728197e+22,-6.157034400752454e+20,-3.1498006743065014e+21,1.536921943675143e+22,-1.3517588839287786e+22,-5.533008164711034e+21,1.562065384133531e+21,1.191607685471012e+21,2.930994636295714e+21,-7.538164460364625e+20,5.005921002162819e+21,4.3194336217693605e+21,3.0886662719112033e+21,5.395042518932919e+20,7.085861162634507e+21,5.045111255686558e+21,9.404034771027849e+21,1.2212619309115534e+22,-8.696143517999739e+21,8.420384133526693e+21,6.670044462058073e+21,1.3096041895203522e+22,3.1409814129672855e+22,2.8811860774380177e+22,2.3734077073172392e+22,3.5967087768559856e+22,-4.7184526427795504e+21,9.328630584745447e+21,-2.969537539237493e+22,3.127446706297565e+22,2.055066938781502e+22,2.171542017410751e+22,2.991575808463937e+22,2.1886162898203254e+22,-1.4650149576692625e+22,1.7308405563103382e+22,1.5124161834633707e+22,-1.128505874927027e+22,-1.5696418685381637e+22,2.4301324115993795e+22,4.5218949280851564e+21,2.7196032867339215e+19,-1.8056140894847055e+21,-9.172411185351617e+21,3.335377158777959e+21,-6.050023568210071e+20,7.871612436787895e+20,1.379430912005708e+21,-7.543884610205419e+20,3.2388646586482793e+21,2.634345451058945e+21,3.6204737400189186e+21,8.762449014140567e+21,7.092725813861958e+21,3.857785635417382e+21,1.1631287755284907e+22,-7.890948353675486e+21,1.9051199173593045e+20,5.7305122691203026e+20,-7.694512411408225e+19,-4.923123921728458e+21,-1.2502915559947898e+22,1.278151816127769e+22,-7.596892440157038e+21,3.145543793891213e+22,-4.106063980291821e+21,6.372930234242952e+21,-1.6965799733290554e+22,1.8853062647644403e+22,-6.153097753924477e+21,3.1623095048057783e+22,6.590655830406276e+21,-2.0081640744374344e+22,8.568185252094924e+21,-2.951484774816785e+22,-1.3530692291477417e+22,-3.2500337101883925e+22,-7.69637240276329e+21,-1.2892208946457814e+22,-6.357767673383902e+21,9.253274677689997e+21,8.190672148907072e+21,7.089256651029982e+21,1.1662204569219513e+22,2.1780755522301477e+22,1.4834649548120597e+22,1.6591072896491991e+22,1.3974193088538073e+22,1.2155595563941526e+22,1.3638457600286277e+22,1.2526020953113268e+22,1.394769923862726e+22,1.2835577800802011e+22,1.0855569423455033e+22,1.516743367506223e+22,1.8928921311413736e+22,1.5379120410413746e+22,9.507500505031206e+21,2.1749768018005863e+22,2.229980024203458e+22,1.5885727592597877e+22,1.373796997590674e+22,1.3741917599460556e+22,1.56599232006533e+22,1.7277700913115116e+22,1.8875347234977854e+22
-1.010876767448488e+23,7.294693988393693e+20,-4.734299924629249e+22,-1.204693766463794e+23,-1.114694532254493e+23,-5.35536934724622e+22,-9.225644707159489e+22,-9.796590416598746e+22,2.2790827354287757e+22,-1.399592306461465e+23,-1.1071760772486531e+23,1.5467938384506589e+22,2.577056269538654e+22,-1.0685446010864147e+23,9.967668315125651e+22,6.997741158656932e+22,-6.854842769131748e+21,-1.763317511608808e+22,-2.9474474042057132e+22,-1.6791544625061956e+22,-1.7587011454358795e+22,-8.136226001468593e+21,2.630787956390564e+21,2.595805981855564e+22,-1.4430740306279866e+22,-1.0708807014896298e+22,-1.8025875358379363e+22,-3.3288239156206187e+22,6.73004159106473e+22,-6.696033943240531e+22,-5.9045638133300255e+22,-6.705647494720104e+22,-7.337937843592e+22,-8.026842523384162e+22,-5.647058060779878e+22,-9.743102951611292e+22,5.025980235756523e+22,-3.212678537675622e+22,1.2521482492463983e+23,-1.1537302654562401e+23,-1.9207767919624116e+21,-8.774010957802759e+22,-1.1739154586848011e+23,-1.216132950762074e+23,9.102173856419363e+22,-8.293770468827156e+22,-7.347039071472513e+22,7.622670306078312e+22,8.665196404707563e+22,-1.0549700592790873e+23,-1.5633132676493093e+22,-2.16618861879637e+22,1.444792217679911e+22,1.4428734973250842e+23,5.028501053865018e+22,1.103363431490611e+21,2.872680539017018e+21,8.024121906842572e+21,2.9305943611497885e+21,-7.560258878049403e+21,-2.828249660060711e+21,-2.861309371501522e+21,-3.155970997148906e+22,-1.4685454938916308e+22,-6.630995239633999e+21,-3.0984931226955685e+22,7.052978518617015e+22,2.8080162368983847e+22,3.024550760694605e+22,3.0816856878856802e+22,6.911851152988895e+22,1.576448293470116e+23,-1.2254292478564984e+23,8.472589861099146e+22,-1.230757791967007e+23,5.193663714692082e+22,-1.6965799733290554e+22,1.7802454700005025e+23,-6.572872634319779e+22,7.397478078366315e+22,-6.972842558615607e+22,-6.682147369918041e+22,1.334705808294447e+23,-4.993548599248724e+22,1.3843503217509013e+23,1.4560404384536894e+23,1.4169238422204704e+23,9.672473032676499e+22,7.751111991682399e+22,6.32974971778923e+22,-2.0475977312982876e+22,-6.674798577854926e+22,1.075855247155344e+22,-7.490926303978165e+22,-3.148638190408241e+22,-7.2785658224632454e+22,-2.8424056075597723e+22,-7.242571598565881e+22,-1.7970876524714216e+22,-6.657784560790025e+22,-7.525063950513318e+22,-7.929977734881252e+22,-2.7699753798889393e+22,-4.791542107572133e+22,-4.4160789092082836e+22,-6.003460440106303e+22,-2.5701837678906584e+22,-7.585242288155034e+22,-4.687196529999834e+22,-4.833492775179575e+22,-3.6819114323331655e+22,-2.98812611585645e+22,-2.846200721642116e+22,-3.646610243609875e+22,-4.2278391344055695e+22,-4.476711644572703e+22
1.2318126437926906e+23,1.4248546566179496e+23,1.2545019340523338e+23,1.2260863798252347e+23,1.4554761308032672e+23,1.794624821745976e+23,7.1605438876667185e+22,8.152055902897921e+22,-9.110017604722641e+22,1.4768463431133146e+23,8.202114631795449e+22,-4.74986311339582e+22,-1.3049515210990147e+22,2.682875341312074e+22,-6.166080773412663e+22,-1.271800504884561e+22,2.9728507001786e+21,1.8276783522619174e+21,7.912343295382126e+21,-1.5569691993260444e+21,1.5228131430246631e+22,1.6963580964559108e+22,1.3234134648573338e+22,2.74299520105079e+21,2.856478664174705e+22,1.830683021779031e+22,4.221924022181987e+22,6.4655152286754385e+22,-3.830619485323021e+22,3.830834799598906e+22,3.186211304108545e+22,6.989091845775303e+22,1.75968226525119e+23,1.4664561029663186e+23,1.2691580740975763e+23,7.660772637359492e+22,-1.9881165511654464e+22,2.8386347673962634e+22,-1.618791281812551e+23,1.2626332727483068e+23,8.640463882949171e+22,8.79452465522572e+22,1.0350673076700165e+23,6.8093159379588184e+22,-5.853924434656088e+22,4.958143686450957e+22,4.565678116401418e+22,-4.87896473874916e+22,-5.311981979710498e+22,7.073614483133801e+22,-1.5604993027255552e+22,2.680696479140485e+21,-1.613003019942958e+22,-4.5222565047273e+22,-3.5116319783260877e+21,-1.0775469014185133e+21,-4.2359747245391885e+20,-8.302363697970507e+20,-5.258707829934159e+21,8.63727235178728e+21,6.409597162206812e+21,9.119660596123294e+21,3.697798777439769e+22,2.334268142629424e+22,1.1263191267597468e+22,4.419634526505163e+22,-4.8573723692269256e+22,-1.104859114227578e+22,-1.0159812165187907e+22,-1.251778362371319e+22,-3.4491100131362207e+22,-5.3109454495685225e+22,7.650720498862714e+22,-4.897500521767189e+22,7.468744624720255e+22,-1.8870482398413228e+22,1.8853062647644403e+22,-6.572872634319779e+22,9.71323372434595e+22,-3.9764555078762005e+22,1.707964034277499e+23,4.469597545615422e+22,-1.1138769551339923e+23,-2.470846730409941e+22,-1.497288695715055e+23,-5.044703034054981e+22,-1.5568995549119025e+23,-2.995155560223184e+22,-5.340767599434618e+22,-3.300265422533221e+22,5.087262760078613e+22,4.99911066833208e+22,4.104663684899983e+22,6.605442228042764e+22,1.0755148093689029e+23,8.026056390763921e+22,8.114561131948347e+22,7.301016009259001e+22,6.214909352113848e+22,6.975435089332772e+22,6.363615437637289e+22,7.084052054821786e+22,7.008631241965399e+22,7.0442960909916994e+22,7.961831761880282e+22,9.740712545109765e+22,8.81521744232426e+22,6.256883003134493e+22,1.0755064587521039e+23,9.88399559434627e+22,6.5505820987777035e+22,5.991441398869293e+22,6.348209842356582e+22,7.740134254712372e+22,8.682875566777773e+22,9.524612922590512e+22
-1.0298257707892837e+23,-7.52268140938193e+22,-8.133411226460832e+22,-9.741357997162769e+22,-7.90869402327074e+22,-6.544039359704746e+22,-4.411340476021981e+22,-4.821133967395423e+22,5.761238741054274e+22,-7.724117522550345e+22,-6.2439000206557774e+22,3.3615497299288216e+22,1.324633021164874e+22,-3.7388628034892832e+22,5.168760892197738e+22,3.6612617209365756e+22,-4.4902431803660467e+21,-7.370886997985124e+21,-1.3361412839918522e+22,-2.9316408643571595e+21,-8.413591539115377e+21,-6.271559790946732e+21,-3.4364904584178927e+21,4.22262222722947e+21,-1.0418638330679846e+22,-6.687640271784384e+21,-1.517344696899575e+22,-2.219991823490107e+22,3.1235101372468867e+22,-3.028028583028131e+22,-2.3747474796643906e+22,-3.187022852897879e+22,-7.000039193745941e+22,-6.063245615331228e+22,-4.534145162127555e+22,-5.4991158695064685e+22,2.3848181656374015e+22,-1.4576160674716196e+22,8.461336016890484e+22,-1.096856024841265e+23,-9.062426596584432e+22,-8.9393020643659e+22,-9.421163530812932e+22,-7.30537599010834e+22,6.737938670037587e+22,-4.391669678482142e+22,-3.913153663640201e+22,5.124396116214948e+22,4.924202267296831e+22,-6.128021343472352e+22,1.3526220984955223e+22,-2.0416121236413164e+22,2.14746815731765e+22,7.526782018986409e+22,3.4374742624575513e+22,1.2955706416902439e+19,3.628669305039141e+21,7.016761558755213e+21,8.127207031490819e+21,-2.188408372470677e+21,-8.951442705270891e+20,-2.5237724056371e+21,-2.7983569126699592e+22,-8.746764748745995e+21,-3.0221541663812836e+21,-2.227682798189192e+22,5.310811501250425e+22,2.2290725649103064e+22,2.1859925371147025e+22,2.2806441851193534e+22,4.381531145479049e+22,6.903288650363558e+22,-8.977234972353813e+22,6.193777245849363e+22,-7.115723107168153e+22,3.2796110934055663e+22,-6.153097753924477e+21,7.397478078366315e+22,-3.9764555078762005e+22,4.967983911842571e+22,-6.04902323060559e+22,-6.170076758568858e+22,8.557816137505661e+22,3.3392195125276047e+22,8.727678556072853e+22,5.487015113164115e+22,8.373987289375862e+22,3.1380093309622684e+22,4.377070285641603e+22,3.895443451125912e+22,-1.5194565359603311e+22,-5.132117784657507e+22,-8.052751520628362e+21,-6.010214585637707e+22,-4.120231431505605e+22,-7.2400131000409224e+22,-2.8826828295552455e+22,-6.338195572043542e+22,-2.010601759084135e+22,-5.6485839169460015e+22,-2.928355121195045e+22,-5.9933097373796254e+22,-2.6310863164539216e+22,-5.466245652159432e+22,-4.276853628940803e+22,-5.492638392077939e+22,-3.4960886973992027e+22,-6.747439516954121e+22,-6.029197061637265e+22,-5.161751130141087e+22,-3.014871143360326e+22,-2.659072219955615e+22,-2.8352816081959918e+22,-3.781442742664424e+22,-4.485194825932396e+22,-5.1054193747037535e+22
2.5023274077655695e+23,3.932729582610587e+23,2.7781487746457512e+23,2.2640241397422937e+23,2.7417040631037087e+23,4.06492009186618e+23,1.0638075882319592e+23,1.2156596070132513e+23,-1.9818526933184817e+23,2.507539456873166e+23,1.2491501011594839e+23,-8.754276676077303e+22,-1.5930155648198845e+22,2.7365674099001524e+21,-7.70151245607751e+22,8.697728559576467e+21,2.0994257844182448e+21,-4.5563217966758033e+21,3.104779950706401e+20,-9.419199934463245e+21,2.1097915360721557e+22,2.882012773767427e+22,2.496458691996487e+22,1.5765985030740636e+22,5.07477541605164e+22,3.1319385899554824e+22,7.726432673461332e+22,1.2085117686092029e+23,-4.466933822322355e+22,4.352935638533145e+22,3.397038036688928e+22,1.1774512311353208e+23,3.6768838823494194e+23,3.111492260014039e+23,2.5391633715208444e+23,1.4594760593649293e+23,-2.137470918313888e+22,3.9651053491046584e+22,-2.7559243048397838e+23,2.5252433052514384e+23,2.592279185760017e+23,1.611109456599284e+23,1.8026370628462443e+23,1.009568520720106e+23,-8.916476067241763e+22,6.846210312064946e+22,6.672029274302609e+22,-7.574930128860585e+22,-7.949168292255767e+22,1.034442919810386e+23,-3.4680511323206484e+22,-3.0461554461112685e+21,-2.985828532037727e+22,-4.479153191500406e+22,9.141248607004124e+21,-2.1621932849877688e+21,-8.670163758815079e+20,-9.511722076868857e+20,-1.2714261041796318e+22,1.4622400256477395e+22,1.2223162412068436e+22,1.8838764413543336e+22,7.447320107173169e+22,4.269653052079122e+22,2.024532210077982e+22,8.131641521075573e+22,-8.405012995531342e+22,-1.6509832366280126e+22,-1.6075115680014554e+22,-2.351706072149207e+22,-5.764109962757993e+22,-5.500924736923834e+22,1.2458172566509232e+23,-7.559539606692785e+22,1.132645949813229e+23,-1.9070206860001918e+22,3.1623095048057783e+22,-6.972842558615607e+22,1.707964034277499e+23,-6.04902323060559e+22,3.487900265016764e+23,6.992140919317494e+22,-1.4539681215148937e+23,-4.64595448311753e+22,-2.322974206022329e+23,-5.489912214562311e+22,-2.389810019872214e+23,-3.3594934222160298e+22,-6.896306571914531e+22,-4.401204266896873e+22,1.0080481496755076e+23,9.582661340930018e+22,9.955030462425465e+22,1.321865159036948e+23,2.2367522607229746e+23,1.497783595289873e+23,1.5962524237036882e+23,1.3305735792559301e+23,1.24746777609925e+23,1.3178631201511956e+23,1.0806098583259386e+23,1.4400270376239456e+23,1.526235926524457e+23,1.5804629407623338e+23,1.706661166985202e+23,2.1242084347910793e+23,1.9538030814491352e+23,1.1578708492048009e+23,2.2463683189788528e+23,1.93694418095792e+23,1.2146678101131883e+23,1.1514700229187685e+23,1.2772240113784422e+23,1.6233198524456518e+23,1.8297426665028532e+23,2.0070599439264755e+23
1.7438129945343717e+23,1.2682334903169339e+23,1.4517154419553283e+23,1.5997568414713025e+23,1.0871142516143158e+23,7.914843818092646e+22,6.1014307768967e+22,6.398647781550111e+22,-8.528233308455978e+22,9.856515883475558e+22,9.553092123838628e+22,-5.553346851328247e+22,-1.6124897093391835e+22,4.875414391847041e+22,-6.139219748189295e+22,-5.3450100019102615e+22,8.476986195796035e+21,8.245242757764778e+21,1.577144133689953e+22,-4.030983479226263e+21,1.227665723739564e+22,1.033314938407863e+22,9.836891834578656e+21,5.894562770735338e+21,1.582954160555797e+22,1.0241286774068305e+22,2.300175810264609e+22,2.487943553240275e+22,-3.2658243735081946e+22,2.970410820507494e+22,1.8310987102602893e+22,2.4877742354343783e+22,8.295862271977661e+22,6.042202336052827e+22,5.323647246078084e+22,8.694712025949096e+22,-2.6048718211658606e+22,2.048844860736231e+22,-1.0740421517664806e+23,1.764716219431754e+23,1.7310354065237345e+23,1.5663533107028782e+23,1.5729908400192433e+23,1.047389126930828e+23,-1.0496726990785349e+23,6.3675189915312944e+22,5.353735158740993e+22,-6.900191517022588e+22,-6.553254551709458e+22,9.436294933036184e+22,-3.0022963700371772e+22,3.562554634241861e+22,-3.5849186083236525e+22,-8.63773167870995e+22,-4.4289681541788944e+22,4.424399143439986e+20,-4.2465223359288427e+21,-6.98136903312288e+21,-1.3732549402263252e+22,2.051593494008139e+21,1.9504429919343736e+21,5.743514783663138e+21,3.891357623361678e+22,1.3106601997661614e+22,4.630571093692984e+21,3.2647759335897044e+22,-6.851787387601492e+22,-2.733624421265885e+22,-2.2860516321520614e+22,-2.2780629023508815e+22,-4.687352205029293e+22,-6.228218157566102e+22,1.1974995249388466e+23,-8.27740001879604e+22,1.1648657525279295e+23,-4.541586364957189e+22,6.590655830406276e+21,-6.682147369918041e+22,4.469597545615422e+22,-6.170076758568858e+22,6.992140919317494e+22,9.619529541738825e+22,-1.3014715917801294e+23,-9.685747331801346e+22,-1.204788522336277e+23,-3.7700642400399343e+22,-1.1523150038088228e+23,-8.092577298943244e+21,-6.337337247194755e+22,-5.083243107886967e+22,1.6729584059873382e+22,6.232473117833663e+22,1.8447404447938277e+22,7.5208487255300284e+22,6.1604509843760414e+22,1.1098702187780608e+23,4.204079211254707e+22,9.230336957332566e+22,2.941884531761856e+22,7.835758551411406e+22,1.5320461446106302e+22,7.273043154911741e+22,3.277580193655379e+22,7.420015893958374e+22,5.824957480614947e+22,6.9731463337959775e+22,4.893570818852849e+22,9.498090950595697e+22,9.3556853955886e+22,8.114541430174717e+22,4.574429374732456e+22,3.981832274305171e+22,4.18782911777292e+22,5.388859820518377e+22,6.412375174255061e+22,7.510653459659118e+22
-2.1903647162788643e+23,-4.711531577291876e+22,-1.2265761106303491e+23,-2.0298079757675255e+23,-1.4654029422747299e+23,-8.25645881636914e+22,-9.951336253432289e+22,-1.200354116342011e+23,1.8828278506892687e+23,-1.7369326085056913e+23,-1.4285780830520398e+23,1.2328966542876658e+23,3.116548299819661e+22,-9.36580189785353e+22,1.3540455976509793e+23,1.0418131950069524e+23,-1.3948473345893458e+22,-1.5521506394066225e+22,-3.112065319324847e+22,1.936621734791988e+21,-2.637660062167361e+22,-2.1805021235166176e+22,-1.8217317890021099e+22,-3.610738636508187e+21,-3.4592324643557695e+22,-2.2436201378126557e+22,-4.9804538348233174e+22,-6.316399986090978e+22,7.50166152087537e+22,-7.127691878798311e+22,-5.143186664876003e+22,-7.085154463729306e+22,-1.5037401445642247e+23,-9.767643989127212e+22,-1.1536249896122265e+23,-6.358006133727675e+22,4.978699403685277e+22,-4.757140363212792e+22,2.525629850774514e+23,-2.1885045761515195e+23,-7.649688936163062e+22,-2.0075875142017435e+23,-2.1567517517120124e+23,-1.6137775882493724e+23,1.5549136417813635e+23,-1.0746977301445252e+23,-9.000140820290644e+22,1.0110732778762104e+23,1.0700691781533374e+23,-1.4756291570570308e+23,5.258415175285524e+22,-4.165611232911176e+22,4.136128094833623e+22,1.277197656263936e+23,4.6180700444501595e+22,-2.862925217816321e+19,1.5079324789098663e+21,1.9014097369121135e+21,1.2519410675613449e+22,-7.611370342944316e+21,-6.55662140389992e+21,-1.248365368835569e+22,-5.442185637524142e+22,-2.8653195265548923e+22,-1.1929651092843647e+22,-6.055750496311972e+22,9.210632851725906e+22,2.7481765231894815e+22,1.831259609780263e+22,1.6063757220706397e+22,5.742253628506418e+22,1.1304480211732437e+23,-1.6456915853451592e+23,1.147693201459197e+23,-1.5937806268139406e+23,6.53115019253016e+22,-2.0081640744374344e+22,1.334705808294447e+23,-1.1138769551339923e+23,8.557816137505661e+22,-1.4539681215148937e+23,-1.3014715917801294e+23,3.1576122937005424e+23,1.5262266968254112e+23,2.8909337763641315e+23,7.846197482279024e+22,2.8918688567249213e+23,2.138706190363606e+22,1.337752025602745e+23,8.193438373689637e+22,-4.360635912079011e+22,-7.733245202268199e+22,-3.1598346592344546e+22,-9.645186920562953e+22,-1.0487450703562123e+23,-1.531645854125468e+23,-8.46291960361668e+22,-1.3298122063303281e+23,-6.174009246160079e+22,-1.1221664898190632e+23,-5.50913349008946e+22,-9.5183789612807e+22,-5.9722857693034465e+22,-8.462617497506948e+22,-8.785480873133352e+22,-9.686680202881966e+22,-7.836887899158468e+22,-1.2372522658382634e+23,-1.3250731600410009e+23,-1.2855763761580593e+23,-8.507077931619319e+22,-7.330485075552081e+22,-7.333131045168454e+22,-8.612872644248584e+22,-9.804302583730826e+22,-1.1076037062392177e+23
-1.366901899225695e+23,-9.1603511250107e+22,-1.2867359983140325e+23,-9.094446531991511e+22,-2.6912831579132357e+22,-1.3663633323667875e+22,1.6147233528887193e+22,3.409750828906768e+21,1.735062203313268e+23,-1.9986245819023633e+21,-1.5121776086548614e+22,1.2127408590644177e+23,5.234953945212634e+21,3.840346840264667e+22,2.9011810568926677e+22,3.329881180213862e+22,-6.585870420801247e+21,1.4237795795897368e+21,-2.0827530148241453e+21,1.8714514446965107e+22,-2.6162988946857137e+21,-9.86072727833746e+21,-1.8547846282237683e+22,-2.925305701307498e+22,-1.306058033279738e+22,-6.541882861305985e+21,-2.2435501687816e+22,-1.547205616534141e+22,3.210288646804404e+21,-4.023487878238695e+20,1.138513424076331e+22,9.102877962829339e+21,-6.2766885002530605e+22,2.6080990472337694e+21,-3.5664948261417944e+22,5.663627750629171e+22,1.303680191698656e+21,-2.137012337971284e+21,9.842539264907753e+22,-1.2025705096211819e+23,-1.5385571170221155e+23,-1.4138741278843111e+23,-1.0430949687056034e+23,-3.3880578509394554e+22,7.639426985090075e+22,-1.086229353689058e+22,-6.124910681740038e+21,3.876969295344025e+22,1.5277749589695984e+22,-2.938252854110712e+22,9.521298205435151e+22,-4.08154807816731e+22,4.647788108584409e+22,1.2305711242607838e+21,2.585896781114471e+22,-3.169182434154088e+21,4.1920459658362025e+21,3.926685892758951e+21,1.2707640965019365e+22,6.232099220052016e+21,1.219654462094816e+21,-3.341112858626445e+21,-2.4746006999966423e+22,-5.303125321341198e+21,3.959324485003965e+20,-2.1013663916069493e+22,4.230407356097795e+22,1.8700304834309963e+22,6.620012543436939e+21,1.6523953845690698e+21,5.433299076426754e+21,-3.5393703362827894e+22,-7.479944873986085e+22,5.827246416807546e+22,-1.0891470776002134e+22,2.911122740774323e+22,8.568185252094924e+21,-4.993548599248724e+22,-2.470846730409941e+22,3.3392195125276047e+22,-4.64595448311753e+22,-9.685747331801346e+22,1.5262266968254112e+23,2.7353806109143995e+23,1.1251327299652477e+23,-7.326438984247414e+22,9.72953212762094e+22,-7.701810546008407e+22,4.327846788714305e+22,3.051729263633616e+22,-1.1238414158564843e+22,-2.841176846793087e+22,-3.3896386687368987e+22,-3.801889583365832e+22,-6.061968355281994e+22,-1.0535055764311258e+23,-4.124237108303502e+22,-7.795512381241896e+22,-3.154767955192106e+22,-5.794611847127887e+22,3.4090889108198917e+22,-2.136419430949585e+22,-2.2881272258015642e+22,-6.04622368749281e+22,-4.256443546536141e+22,-3.814754801306209e+22,-4.870779817581623e+22,-7.758644928362794e+22,-9.03589610160353e+22,-7.5232998091131416e+22,-3.675316930571777e+22,-3.4394572156571105e+22,-3.747033324524704e+22,-4.493487631171142e+22,-5.329101786736951e+22,-6.619138627614108e+22
-2.462915421112665e+23,-1.5449517090691307e+23,-1.869185710605758e+23,-2.3827779057741885e+23,-2.1800331533500133e+23,-2.057628263272964e+23,-1.2658827172458646e+23,-1.4576391990663942e+23,1.9610818160559426e+23,-2.3501191042077084e+23,-1.6469958020234845e+23,1.13120181645925e+23,3.0501286751301454e+22,-8.296338877288129e+22,1.3729296561271774e+23,7.823828456765524e+22,-1.188618578307907e+22,-1.1754151470892505e+22,-2.7135032995739918e+22,3.2044398905999213e+21,-3.0120948086668062e+22,-2.840142581093848e+22,-2.317080066574626e+22,-5.326796794847663e+21,-4.630388342317135e+22,-3.0060829614361622e+22,-6.705766915474468e+22,-9.22937431534194e+22,7.944475807055599e+22,-7.721028480312927e+22,-5.9089244211544255e+22,-1.0135095816808796e+23,-2.40501223297166e+23,-1.8459419648419262e+23,-1.7620140638849972e+23,-1.1646997963020426e+23,4.77962978528804e+22,-5.521630060289547e+22,2.9347954016187473e+23,-2.501532131669772e+23,-1.3203794484493655e+23,-2.0511483264992258e+23,-2.293011610753541e+23,-1.6419608670169723e+23,1.4994063929900554e+23,-1.1283385385972161e+23,-9.815476038034466e+22,1.0676757341008015e+23,1.1513041151560339e+23,-1.5744017463721016e+23,4.275538556877355e+22,-2.8985602084102254e+22,4.049478841960544e+22,1.1776250885522805e+23,3.032384034138649e+22,1.155590001698535e+21,1.2155892796857225e+21,1.604984985917564e+21,1.3594942701352274e+22,-1.2683104968971454e+22,-1.0219075029780432e+22,-1.681817981602976e+22,-6.799060014548995e+22,-3.890917884129625e+22,-1.7723950470100108e+22,-7.704637721783074e+22,9.952613131455972e+22,2.6301934307043424e+22,1.9800375986368115e+22,2.0830430547477914e+22,6.527721012807512e+22,1.1512998802847393e+23,-1.6866650554845812e+23,1.1372806741090093e+23,-1.7234709724920012e+23,5.744409959055e+22,-2.951484774816785e+22,1.3843503217509013e+23,-1.497288695715055e+23,8.727678556072853e+22,-2.322974206022329e+23,-1.204788522336277e+23,2.8909337763641315e+23,1.1251327299652477e+23,3.061129570879496e+23,9.135313808970353e+22,3.1097565176268707e+23,3.801081240646706e+22,1.2884249862811977e+23,7.910066211933237e+22,-6.8220105632256274e+22,-9.180431545486753e+22,-5.285281394606742e+22,-1.1739463908872777e+23,-1.5666159687774195e+23,-1.6616806064020984e+23,-1.2105038612752465e+23,-1.4682885573863665e+23,-9.009464958441858e+22,-1.3102715365924339e+23,-8.479825674686197e+22,-1.210756237318581e+23,-9.362905593924983e+22,-1.1246956251230653e+23,-1.2103185879880063e+23,-1.4243609371118627e+23,-1.2039874172054685e+23,-1.3115994326533395e+23,-1.7613558308838546e+23,-1.6719099164394453e+23,-1.1040143336746648e+23,-9.75815344861891e+22,-1.0017559621683723e+23,-1.1931637727444806e+23,-1.3485475032770854e+23,-1.5049759997244127e+23
-4.912292510992028e+22,1.2534923836682735e+22,-1.2895380063681876e+22,-6.869710212780666e+22,-7.971591365884457e+22,-4.709282268726849e+22,-6.591360511532529e+22,-7.023750263167813e+22,7.621549365001818e+21,-1.0314610161027322e+23,-7.258643400402556e+22,3.698323342773104e+20,1.9076008574910825e+22,-7.680159537238105e+22,7.438652526537478e+22,4.6193231162240775e+22,-3.424021840539435e+21,-1.3629333624695495e+22,-2.239592036091641e+22,-1.673050154067906e+22,-1.1999703479467005e+22,-4.56197861203998e+21,5.184596246729773e+21,2.56306655761584e+22,-8.993433414350741e+21,-6.874524951831461e+21,-1.0759837844056457e+22,-2.559813600028656e+22,5.296796786852085e+22,-5.382373025006935e+22,-4.995442599596427e+22,-5.779374414974601e+22,-5.749372172248562e+22,-7.068573817809657e+22,-4.32927822340656e+22,-6.628424830600192e+22,3.889307747718591e+22,-2.2472256306070482e+22,8.899911773359793e+22,-6.4006246603469026e+22,2.5008694778543984e+22,-3.761818656477808e+22,-6.3676830423077775e+22,-8.283588984556842e+22,5.449981682546007e+22,-5.638859434666128e+22,-5.228739982063441e+22,5.424159776390497e+22,6.2539613780723475e+22,-6.7799891991398655e+22,-2.1529422593504074e+22,-9.427250754666782e+21,5.486526526980602e+21,1.0972417465556361e+23,3.5271821504303587e+22,1.2204808409309265e+21,2.377426952213196e+21,7.138993585904955e+21,5.742092604887283e+20,-6.257091631839645e+21,-1.7518964758017705e+21,-8.235350695903899e+20,-2.2223329536574216e+22,-9.822354844830874e+21,-4.5874735036722273e+21,-2.042030088056912e+22,5.141943614687133e+22,2.113815869719094e+22,2.547597828846965e+22,2.7203139446118334e+22,5.67191004339566e+22,1.3018884621212136e+23,-8.62025276942801e+22,5.9374829946025565e+22,-7.585695322209641e+22,3.5403629570209027e+22,-1.3530692291477417e+22,1.4560404384536894e+23,-5.044703034054981e+22,5.487015113164115e+22,-5.489912214562311e+22,-3.7700642400399343e+22,7.846197482279024e+22,-7.326438984247414e+22,9.135313808970353e+22,1.2609697501087229e+23,9.391898991728629e+22,9.087522630760503e+22,5.0261755559185605e+22,4.4756578299823866e+22,-1.5842116958903587e+22,-5.194303943673766e+22,1.3147426838441233e+22,-5.71585850153088e+22,-1.8116854070098363e+22,-4.224317445248117e+22,-1.7337556976847496e+22,-4.622650946701367e+22,-1.0399075092071694e+22,-4.554634006652285e+22,-6.730949023805402e+22,-6.223341162726485e+22,-2.022085776932423e+22,-3.3780477789141534e+22,-3.037086797833008e+22,-4.544890842232688e+22,-1.5820406458370228e+22,-5.043782286972199e+22,-2.555518836763402e+22,-2.7081785132277255e+22,-2.2786299365918104e+22,-1.8482610116572006e+22,-1.7649579116186965e+22,-2.3709207434339702e+22,-2.7381843042456694e+22,-2.757692480604703e+22
-2.501877702884708e+23,-1.5462031772207708e+23,-1.9453240775466242e+23,-2.49045863407581e+23,-2.3210041976483464e+23,-2.139763049220209e+23,-1.4091958985118313e+23,-1.589277272216855e+23,1.737858547776891e+23,-2.53347736194313e+23,-1.7846058506314883e+23,1.0415213981009697e+23,3.085705502298056e+22,-9.554206830811983e+22,1.3821313974444921e+23,7.632888926495704e+22,-1.2313253046324216e+22,-1.159418329254863e+22,-2.7235815090300557e+22,3.597357605855721e+21,-3.2583048554239677e+22,-3.021441411753292e+22,-2.4373048696668577e+22,-5.513047677793204e+21,-4.899932345741344e+22,-3.221500196588932e+22,-7.04131606838894e+22,-9.66098433049559e+22,8.098880620382522e+22,-7.854225615970596e+22,-6.032703387190515e+22,-1.0476091560738038e+23,-2.4343901860147507e+23,-1.8875871851372566e+23,-1.824699208130512e+23,-1.375328981441957e+23,4.783242856290905e+22,-5.97245294161404e+22,2.9572297754854994e+23,-2.529869503122329e+23,-1.2567265412712906e+23,-2.0725851284247422e+23,-2.36835925247729e+23,-1.6790727088852325e+23,1.5020433970734024e+23,-1.1942583777482313e+23,-1.027629307879924e+23,1.0545182123420974e+23,1.1789227004596939e+23,-1.6715678345792145e+23,3.5374591901841173e+22,-2.6538598091710708e+22,3.740901917518065e+22,1.1689375695954365e+23,2.61539600836408e+22,1.4351667913420888e+21,1.4617748618974842e+20,-2.7743977148093455e+20,1.2226742115919777e+22,-1.4332708726399214e+22,-1.1376190121452144e+22,-1.7849185177918329e+22,-6.643927863003394e+22,-4.132642167988899e+22,-1.9415501592098517e+22,-7.970434401083494e+22,9.5479639278285e+22,2.2950493103383716e+22,1.613099752077898e+22,1.6860728836050165e+22,6.122755036334179e+22,1.1441499970796978e+23,-1.634333617069709e+23,1.0906331480904047e+23,-1.877677258473001e+23,5.5899065171313e+22,-3.2500337101883925e+22,1.4169238422204704e+23,-1.5568995549119025e+23,8.373987289375862e+22,-2.389810019872214e+23,-1.1523150038088228e+23,2.8918688567249213e+23,9.72953212762094e+22,3.1097565176268707e+23,9.391898991728629e+22,3.201179352824123e+23,3.887604259438192e+22,1.325093750158898e+23,7.800563561892438e+22,-7.161582560681321e+22,-8.695380615185466e+22,-5.494987865838441e+22,-1.124640094255906e+23,-1.611504170374123e+23,-1.623760412568645e+23,-1.259467264705156e+23,-1.4427514964294119e+23,-9.390781942799071e+22,-1.2869179363920042e+23,-8.90579872368272e+22,-1.1762241882178201e+23,-9.645739464518606e+22,-1.0682181887270229e+23,-1.2170066172750672e+23,-1.4186976126794047e+23,-1.2258497257159854e+23,-1.2534515477451928e+23,-1.7652087588399024e+23,-1.7036943362432334e+23,-1.1456962050932352e+23,-1.007203882968113e+23,-1.0251973593037474e+23,-1.2075988820674786e+23,-1.3588213809244317e+23,-1.511819739436746e+23
6.254460015397171e+21,2.5240030898891627e+22,2.1363508086330435e+22,-9.406398999906408e+21,-3.664733005553092e+22,-3.0560304832657924e+22,-2.9732595752721822e+22,-3.321819903420586e+22,-2.374131479492156e+21,-5.248808084877501e+22,-2.483961173805367e+22,-9.314951968951702e+21,1.0543256778490669e+22,-3.6640828767062133e+22,4.224422703932754e+22,1.8802402423638623e+22,3.1301162618570985e+20,-8.145678245869817e+21,-1.2946714788194683e+22,-1.4649405943586551e+22,-4.826545437000639e+21,-4.963893755153089e+20,6.925281329177481e+21,2.2070838276910033e+22,-2.524058165674721e+21,-2.1353040623199128e+21,-2.453872807060168e+21,-1.5199729167116899e+22,3.3179593134589073e+22,-3.510589133296983e+22,-3.543693216282344e+22,-4.192816520351786e+22,-3.55388424111213e+22,-5.0747380443013685e+22,-2.5234378194639397e+22,-2.133793806393706e+22,2.371311489479477e+22,-9.748564786998223e+21,4.5881285949833e+22,-6.816732169962678e+21,4.966106807604078e+22,1.2523695216809017e+22,-4.638094715666296e+21,-3.4637279475560926e+22,1.4259746277905834e+22,-2.291831358837665e+22,-2.446407125038735e+22,2.7154291982835227e+22,3.1034155101333355e+22,-2.216126725449527e+22,-2.0278762079273e+22,1.7178200395770972e+21,-2.3479098515093515e+21,6.472521302502153e+22,1.8825840116525219e+22,9.622506974479525e+20,1.890795961657614e+21,5.882949934493638e+21,-1.8217650674036753e+21,-3.685825430669833e+21,-1.540124591492845e+20,1.6470253016036755e+21,-1.0239810764052263e+22,-3.4576505234099525e+21,-1.6628461120427713e+21,-7.437447770765633e+21,2.802556341539486e+22,1.3030122959404263e+22,1.850678793866808e+22,2.062298937314752e+22,3.8272047071970734e+22,8.85644049666243e+22,-4.317694406256271e+22,2.9951118901412664e+22,-1.7980672407614024e+22,1.6497935518873548e+22,-7.69637240276329e+21,9.672473032676499e+22,-2.995155560223184e+22,3.1380093309622684e+22,-3.3594934222160298e+22,-8.092577298943244e+21,2.138706190363606e+22,-7.701810546008407e+22,3.801081240646706e+22,9.087522630760503e+22,3.887604259438192e+22,7.283156169511725e+22,1.906152622306598e+22,2.2950613081952377e+22,-9.512715344964873e+21,-3.172745555084386e+22,1.3806622242580294e+22,-3.3319412024756285e+22,-2.709535694651651e+21,-9.824825868618408e+21,-4.5102533428809585e+21,-1.6949678616052918e+22,-1.9264176942225516e+21,-2.0566196642541417e+22,-5.125621849255535e+22,-3.733193075207093e+22,-1.0576791298436613e+22,-1.6830140580467776e+22,-1.347380589891712e+22,-2.5347148760281636e+22,-4.801702704155003e+21,-2.1824805500715077e+22,-2.1828161376344555e+21,-3.2869340666652855e+21,-6.24057143387719e+21,-5.130349065728932e+21,-4.993235697407247e+21,-8.470775012339971e+21,-9.687966976297505e+21,-7.755054324777598e+21
-1.2712028734790173e+23,-5.081871234061458e+22,-9.03759801787354e+22,-1.291559281327229e+23,-9.899991682678247e+22,-5.81082311339232e+22,-7.226048665113734e+22,-7.6641686340825e+22,4.7742597302901375e+22,-1.105665329756641e+23,-9.615476008097361e+22,3.745185846001686e+22,1.6196158960729103e+22,-6.748837641700356e+22,6.503962531763798e+22,5.044103274752703e+22,-7.829259920114206e+21,-8.708849608793453e+21,-1.6821231604000472e+22,6.145096503801351e+20,-1.5625000213518955e+22,-1.161321803469874e+22,-8.66092261738945e+21,-2.7532283059567614e+20,-1.812103119081762e+22,-1.2543989509386377e+22,-2.4852368332469045e+22,-3.0251548290900824e+22,3.800446704342443e+22,-3.5651932770284536e+22,-2.5671672695985466e+22,-3.4460805518755166e+22,-7.020219344460846e+22,-5.362257003564859e+22,-5.559907062627379e+22,-8.221574467604065e+22,2.6265438572173523e+22,-2.777487821805434e+22,1.0979967775617056e+23,-1.274323529540426e+23,-6.835781509224442e+22,-1.1225137726096098e+23,-1.2694001619488315e+23,-9.326060930708251e+22,8.293582216432205e+22,-6.540022416756447e+22,-5.422109924272469e+22,5.403677895655826e+22,6.1316546136075915e+22,-9.157610144496047e+22,1.0328069012300686e+22,-2.1261470073006093e+22,1.9122729298779265e+22,7.2959445757260554e+22,2.4541282606649195e+22,3.9814119897909776e+20,4.226959661948403e+20,7.160951661773664e+20,5.948446767250105e+21,-5.609583603024101e+21,-4.2831481479428157e+21,-7.015066378206721e+21,-2.7832272383595168e+22,-1.6128711496691853e+22,-7.45350248353877e+21,-3.214187440767536e+22,4.658409121149459e+22,1.3620413719699138e+22,9.667494883879517e+21,8.922353351240099e+21,3.099294938878593e+22,6.388451650556574e+22,-8.487621013296023e+22,5.757718563935649e+22,-1.1163070046519505e+23,3.4638491862352615e+22,-1.2892208946457814e+22,7.751111991682399e+22,-5.340767599434618e+22,4.377070285641603e+22,-6.896306571914531e+22,-6.337337247194755e+22,1.337752025602745e+23,4.327846788714305e+22,1.2884249862811977e+23,5.0261755559185605e+22,1.325093750158898e+23,1.906152622306598e+22,6.642274024658759e+22,4.174895682060306e+22,-2.0585153911858997e+22,-3.984708552360495e+22,-1.3883621831832108e+22,-4.974321580466801e+22,-5.2348334765419235e+22,-7.585248606428248e+22,-4.149944496661031e+22,-6.639333321189163e+22,-2.9536158769518666e+22,-5.655380848517393e+22,-2.96879268760093e+22,-5.135619471114224e+22,-3.0030262674189546e+22,-4.243053953312035e+22,-4.495001192835499e+22,-5.125720653091292e+22,-3.836444791096779e+22,-6.140118247512869e+22,-6.695116482230812e+22,-6.592733806164899e+22,-4.422268080449661e+22,-3.725918996832492e+22,-3.667478102735529e+22,-4.327652456602098e+22,-4.950831290671247e+22,-5.5906364034824e+22
-8.753898960545788e+22,-4.536034070683462e+22,-6.591187635796544e+22,-8.640430264936416e+22,-6.523887375743728e+22,-4.089026391398486e+22,-4.2905852087156825e+22,-4.577784537195935e+22,4.003346902911206e+22,-6.837234540362064e+22,-5.9988947565926255e+22,2.668067474216898e+22,1.1783213806058515e+22,-4.090075775015905e+22,4.572001277609705e+22,3.5330464553836602e+22,-4.7020383211717536e+21,-6.793257484051784e+21,-1.223444030076426e+22,-1.9079768299722567e+21,-8.674087300014892e+21,-6.087926613305292e+21,-3.5550247668917055e+21,3.1137760853965317e+21,-9.799794893552662e+21,-6.63202502737132e+21,-1.3573492322329606e+22,-1.7942971035455416e+22,2.73517732599104e+22,-2.61986226334447e+22,-2.012695877194104e+22,-2.504961073763218e+22,-4.970757350078415e+22,-4.049851447135875e+22,-3.442344350172204e+22,-5.107869145117363e+22,2.0837640761410247e+22,-1.5134264417693993e+22,7.110151373835158e+22,-9.03826166871945e+22,-6.105435597149996e+22,-7.863714696360685e+22,-8.485970177794614e+22,-6.506916329853521e+22,5.934641031839431e+22,-4.191726363175777e+22,-3.5926602714104447e+22,4.241014173536007e+22,4.316440189074078e+22,-5.856678786740605e+22,9.911075866178868e+21,-1.8452232268224047e+22,1.691469154914795e+22,6.256398811707346e+22,2.674754859214286e+22,-4.977017941824824e+18,2.0709388845207312e+21,4.058690655247121e+21,5.266706278978197e+21,-2.4759709422548576e+21,-1.5307866264678698e+21,-2.9799607337719887e+21,-2.1261626899574953e+22,-8.638340883043286e+21,-3.454054323811761e+21,-1.977570567716869e+22,4.055483322864041e+22,1.5972314412449956e+22,1.4325737909993297e+22,1.4007348268161466e+22,3.131349196249449e+22,5.713745487327073e+22,-7.078789146639081e+22,4.928678272791107e+22,-6.931189899031992e+22,2.8483771079619982e+22,-6.357767673383902e+21,6.32974971778923e+22,-3.300265422533221e+22,3.895443451125912e+22,-4.401204266896873e+22,-5.083243107886967e+22,8.193438373689637e+22,3.051729263633616e+22,7.910066211933237e+22,4.4756578299823866e+22,7.800563561892438e+22,2.2950613081952377e+22,4.174895682060306e+22,3.3225790413079547e+22,-1.185731207649108e+22,-3.6735626545534377e+22,-5.516924810525333e+21,-4.337845882729133e+22,-3.1563460176743475e+22,-5.785553898834526e+22,-2.3575272515117844e+22,-5.074022077139546e+22,-1.6314717782453808e+22,-4.394104517229666e+22,-2.3156409533105846e+22,-4.280560536082381e+22,-1.9473979150432672e+22,-3.7703576448956453e+22,-3.2060712865235137e+22,-3.9303123484789835e+22,-2.538299333825499e+22,-5.163133395043116e+22,-4.6147395387176035e+22,-4.226290296542437e+22,-2.6380890570997073e+22,-2.256344414305634e+22,-2.2955699828088904e+22,-2.9024368309382167e+22,-3.4038728966161452e+22,-3.8682978340784415e+22
6.609664072018016e+22,1.025009613080107e+23,7.47360827977358e+22,6.0746634535448925e+22,7.71260079065906e+22,1.1195011425081193e+23,3.1553721309476424e+22,3.652575874015088e+22,-5.006675305270443e+22,7.359046461162645e+22,3.538044959177254e+22,-2.414186859332854e+22,-4.548567428396444e+21,3.5104460535906435e+21,-2.1628490980049707e+22,4.077651958235039e+21,3.556102351531575e+20,-1.7133674415138278e+21,-7.013398460404699e+20,-2.4355467389028653e+21,6.243756058689456e+21,8.434919755427808e+21,7.064025726461807e+21,4.0959046607784525e+21,1.4885966503452919e+22,9.199455464071192e+21,2.2707701973912323e+22,3.6323376421148593e+22,-1.2748621663530958e+22,1.2357707958528476e+22,1.0083900063689568e+22,3.5387925748279105e+22,1.0440064274941133e+23,8.717088031303736e+22,7.443684260788618e+22,3.894044844706906e+22,-6.068835120953415e+21,1.1731653707232725e+22,-7.929988789971935e+22,6.528715293183898e+22,5.92143223941013e+22,4.150555277808475e+22,4.778350875136984e+22,2.5764101306227127e+22,-2.2837824262314626e+22,1.9089087600449693e+22,1.8145507335706656e+22,-1.914627691643969e+22,-2.0987988144886798e+22,2.87630969378187e+22,-9.260733566095668e+21,-1.91340655365697e+21,-6.671045528280802e+21,-1.1743528413478663e+22,3.3363968624194817e+21,-5.39316326554852e+20,1.2386662860063798e+20,3.269385912698076e+20,-2.2259075667244344e+21,4.2819372733905057e+21,3.4457859894142446e+21,4.887968678307395e+21,1.8348738419621695e+22,1.2093274679360266e+22,5.849583905310192e+21,2.2604318197410005e+22,-2.102880493983817e+22,-3.352647073041615e+21,-2.9865097478219844e+21,-4.548543003943787e+21,-1.3773537165943215e+22,-1.5173045303881912e+22,3.115323214084574e+22,-1.8764515164351963e+22,3.0540283126383206e+22,-4.4258166947911403e+21,9.253274677689997e+21,-2.0475977312982876e+22,5.087262760078613e+22,-1.5194565359603311e+22,1.0080481496755076e+23,1.6729584059873382e+22,-4.360635912079011e+22,-1.1238414158564843e+22,-6.8220105632256274e+22,-1.5842116958903587e+22,-7.161582560681321e+22,-9.512715344964873e+21,-2.0585153911858997e+22,-1.185731207649108e+22,3.056734867306418e+22,2.3465236899977648e+22,2.925880281608402e+22,3.321552139647483e+22,6.338077738997994e+22,3.853259039871509e+22,4.6424080565604605e+22,3.4727672557049653e+22,3.675247267230079e+22,3.4375641995415495e+22,3.3580751250119585e+22,3.6367330773454434e+22,4.46339353989206e+22,4.048177567928324e+22,4.7608585195042376e+22,5.785256822985378e+22,5.6156465239392585e+22,2.8840699594489062e+22,6.070142487204072e+22,5.3059463117472805e+22,3.4329613752565225e+22,3.2625061834296396e+22,3.599526791202384e+22,4.527769371782098e+22,5.0624046174646705e+22,5.503548476346645e+22
1.2525689693630611e+23,1.414953802307328e+23,1.0824241509410911e+23,1.1130410973116651e+23,1.0166894343284368e+23,1.2171484032160642e+23,4.472444542865058e+22,4.916925592822133e+22,-8.256508312426442e+22,9.022191184338573e+22,6.269840406378252e+22,-3.899996226384973e+22,-1.229498434538814e+22,2.349586499350257e+22,-4.8805125126439125e+22,-2.786523048475987e+22,3.7157451877810564e+21,5.455500855601568e+21,1.0719593048242387e+22,9.297018942982738e+20,8.09040374817032e+21,7.519062735000671e+21,5.212042935298999e+21,-7.554863872965079e+20,1.318489118819046e+22,8.056582733318549e+21,2.010851231432184e+22,3.0873286983103375e+22,-2.881564964289318e+22,2.769818246663064e+22,2.078811488115263e+22,3.8065181480837745e+22,1.0905247660199954e+23,9.81195246530953e+22,6.907685985121458e+22,6.66565802475637e+22,-2.1274249264241207e+22,1.4227167721438931e+22,-9.958350257900453e+22,1.3395025593020709e+23,1.4055870899395664e+23,9.581024434032167e+22,1.0114295109467148e+23,7.5104613202227725e+22,-6.746829253143177e+22,4.240037714227092e+22,4.0051990623662905e+22,-5.391941302002328e+22,-5.155458468430705e+22,5.976602138554677e+22,-1.4755376237695002e+22,1.5457749680940479e+22,-2.27782888853363e+22,-6.795731481038453e+22,-2.768727732696216e+22,-5.256369578104548e+20,-3.7548627956957126e+21,-7.110109950843102e+21,-1.101306958675196e+22,3.254627726282195e+21,1.9191921464424808e+21,4.811614803844203e+21,3.812385512047321e+22,1.171375110798155e+22,4.298653413244151e+21,2.8228507049480835e+22,-5.969666387365056e+22,-2.2589708127040895e+22,-2.3680684925586384e+22,-2.760821400830857e+22,-5.012369690507916e+22,-6.304883618112996e+22,9.641826404139385e+22,-6.39975379243756e+22,7.07458246582809e+22,-2.8799412383883727e+22,8.190672148907072e+21,-6.674798577854926e+22,4.99911066833208e+22,-5.132117784657507e+22,9.582661340930018e+22,6.232473117833663e+22,-7.733245202268199e+22,-2.841176846793087e+22,-9.180431545486753e+22,-5.194303943673766e+22,-8.695380615185466e+22,-3.172745555084386e+22,-3.984708552360495e+22,-3.6735626545534377e+22,2.3465236899977648e+22,6.3858721358343305e+22,2.0487063893950557e+22,7.791615949876532e+22,6.487027149262406e+22,8.43036677774538e+22,4.270103373638895e+22,7.342065225570658e+22,3.1076697355759905e+22,6.897122372578272e+22,3.4200971378352464e+22,8.113474608506695e+22,4.280328926470859e+22,7.79714121847862e+22,6.247817581456695e+22,8.2553202120774e+22,5.7169231121818405e+22,7.829632185297245e+22,8.540790345581288e+22,6.943646608394607e+22,3.90249581940127e+22,3.606442223345315e+22,4.06236429670254e+22,5.5703451340567466e+22,6.555203960337323e+22,7.392076080306981e+22
8.975888372709273e+22,1.5111532218864748e+23,1.0285280337495682e+23,7.328890636887602e+22,7.750552658304848e+22,1.2495857573051494e+23,2.442780136344389e+22,2.7235753558824607e+22,-5.498360604010758e+22,6.279727253677334e+22,3.2515914443854468e+22,-2.7768055943373666e+22,-1.2669967390090194e+21,-8.616110084295704e+21,-5.576045408818487e+21,1.0588978733274827e+22,6.425220309822044e+20,-4.5318396567053444e+21,-5.575034118847116e+21,-8.10124511210137e+21,4.4579787785891736e+21,7.999058898811055e+21,9.158363685841906e+21,1.270756702043237e+22,1.4129241550177067e+22,8.432429812797173e+21,2.2246851401259137e+22,3.224292162773195e+22,1.708767089087177e+20,-2.0827012178917217e+21,-5.492613189732548e+21,2.0584299252624092e+22,1.0498590994427794e+23,8.45799255452262e+22,7.291822610783948e+22,4.6451698587864956e+22,1.545131715149169e+21,7.952105518970077e+21,-6.361422283853299e+22,8.439638979800875e+22,1.1327851812708795e+23,5.759833675993249e+22,5.844591657631842e+22,2.1339742528215334e+22,-2.364438084015552e+22,1.4301758395340393e+22,1.2973779607694434e+22,-1.3727193790085325e+22,-1.4518077151803592e+22,2.5991195794953413e+22,-1.5550954918778543e+22,-6.343748605263922e+20,-9.053611047130516e+21,6.336453388565e+21,8.459957699036511e+21,-3.6086240680726725e+20,5.333806752248497e+20,1.8755662306632708e+21,-4.2606510483484804e+21,3.2686019064504915e+21,3.689455945247536e+21,6.297528437180716e+21,1.974495078330846e+22,1.1843974989085044e+22,5.565890432418322e+21,2.24303707570896e+22,-1.6910237406837472e+22,-4.814518959950961e+20,1.302131193619989e+21,-6.011585392856468e+20,-5.786749951432531e+21,1.309020242609004e+22,2.494311051611571e+22,-1.3102156431452761e+22,3.37808622795132e+22,-6.498689142729124e+19,7.089256651029982e+21,1.075855247155344e+22,4.104663684899983e+22,-8.052751520628362e+21,9.955030462425465e+22,1.8447404447938277e+22,-3.1598346592344546e+22,-3.3896386687368987e+22,-5.285281394606742e+22,1.3147426838441233e+22,-5.494987865838441e+22,1.3806622242580294e+22,-1.3883621831832108e+22,-5.516924810525333e+21,2.925880281608402e+22,2.0487063893950557e+22,3.941320957398402e+22,3.2795403889534132e+22,7.072311878662951e+22,4.357262349876404e+22,4.84069883926296e+22,3.5800319311589916e+22,3.897703551966122e+22,3.473455714213734e+22,1.7525164239470943e+22,3.639381560814924e+22,4.946315603243584e+22,4.843174261650354e+22,5.411767530368675e+22,6.442977252234353e+22,6.535954141349688e+22,3.0054152735319415e+22,7.159959009527965e+22,5.8860924565915265e+22,3.4879719423598047e+22,3.4025658296898385e+22,3.91383225609934e+22,5.094065599647194e+22,5.749735238682757e+22,6.349812163694563e+22
1.684628268220435e+23,2.007445667779956e+23,1.5037392768514482e+23,1.4822706833563145e+23,1.3615761176440459e+23,1.6964069314816297e+23,5.873399237643809e+22,6.401308830155082e+22,-1.0583647498023314e+23,1.1973797348385126e+23,8.202226916705092e+22,-5.013872372183875e+22,-1.4605474476571463e+22,2.7519858064765185e+22,-5.7522790506761185e+22,-3.095597763414339e+22,4.7107978945294537e+21,5.527961199713814e+21,1.1454420606684947e+22,-9.617171177444294e+20,1.0719215842492387e+22,1.050059906715833e+22,8.045108421920792e+21,2.200821331441007e+21,1.8473392821079347e+22,1.1369055988367275e+22,2.8079146628065608e+22,4.226265753550995e+22,-3.3066173120343603e+22,3.1106893710906e+22,2.19608813570043e+22,4.7451734182148235e+22,1.486684210693044e+23,1.3211159096372407e+23,9.566424916916823e+22,9.135022792401464e+22,-2.434963825676233e+22,1.888348266692096e+22,-1.2795116996593585e+23,1.7632870492775508e+23,1.905411952678721e+23,1.2501913893843437e+23,1.3240792608319597e+23,9.346856389987003e+22,-8.392418961387529e+22,5.378388300811305e+22,5.0499183371132015e+22,-6.532459316048746e+22,-6.387341522268863e+22,7.692641613882266e+22,-1.9182596408879736e+22,1.7528710094335481e+22,-2.7652481231077738e+22,-7.623558341386972e+22,-2.825500788709257e+22,-7.67824778293992e+20,-3.776668695758464e+21,-7.03014167260665e+21,-1.3161797444683778e+22,4.854913327288153e+21,3.483393691671869e+21,7.621280650037687e+21,4.897511623338601e+22,1.682984437529453e+22,6.625842475122929e+21,3.82783439900322e+22,-7.185712859404197e+22,-2.5039068935454894e+22,-2.5741890694681446e+22,-3.080810044409844e+22,-5.830949795938544e+22,-6.954486074103428e+22,1.1594796332568386e+23,-7.580880787206351e+22,9.281921625722051e+22,-3.31527261869905e+22,1.1662204569219513e+22,-7.490926303978165e+22,6.605442228042764e+22,-6.010214585637707e+22,1.321865159036948e+23,7.5208487255300284e+22,-9.645186920562953e+22,-3.801889583365832e+22,-1.1739463908872777e+23,-5.71585850153088e+22,-1.124640094255906e+23,-3.3319412024756285e+22,-4.974321580466801e+22,-4.337845882729133e+22,3.321552139647483e+22,7.791615949876532e+22,3.2795403889534132e+22,9.766862930627547e+22,9.087030809338663e+22,1.0657560096646307e+23,5.997774960909267e+22,9.236857457299098e+22,4.44135691105291e+22,8.723199283967819e+22,4.279228691663143e+22,1.0289671807064123e+23,6.11201234488296e+22,1.0169861043369063e+23,8.524507795114315e+22,1.1124223442660967e+23,8.131657583335217e+22,9.664144880416319e+22,1.149447379702547e+23,9.358780490516924e+22,5.322635735303554e+22,4.952630259717179e+22,5.6011498029383684e+22,7.638552631138124e+22,8.927314800771881e+22,1.0017803336021068e+23
2.0935839565265627e+23,2.975125606817713e+23,2.2919767258788646e+23,1.9240800582284934e+23,2.0062089867950497e+23,2.751264520914663e+23,8.484178815887171e+22,9.021038381610705e+22,-1.2633387413218524e+23,1.7718761624000827e+23,1.0728982954748338e+23,-5.934981178476971e+22,-1.0782002923026537e+22,1.0550435788002945e+22,-4.914144873188514e+22,-1.879241106110276e+21,4.3843459390306396e+21,-2.7284116555388567e+21,1.2861282123432327e+21,-1.2371314970720146e+22,1.6699368450838296e+22,2.1595903336529617e+22,2.0920744428459176e+22,1.8633098957802768e+22,3.6452036904097575e+22,2.3062508566474767e+22,5.443159614792804e+22,7.630791172968492e+22,-2.5847217449923426e+22,2.3547881540966207e+22,1.4123533579201135e+22,6.537821346047109e+22,2.36877726820016e+23,1.959774554700774e+23,1.633287276614599e+23,1.3192982118626442e+23,-1.2165430441239281e+22,3.037842362303645e+22,-1.7783014394566913e+23,2.070153240221419e+23,2.342424558816369e+23,1.4664017840148059e+23,1.587886579910037e+23,8.543235016126771e+22,-7.84038934748934e+22,5.79125256525927e+22,5.294860245366305e+22,-5.7460323384084845e+22,-6.085390846855759e+22,9.060400829628135e+22,-2.654007017229381e+22,5.919266708276646e+21,-2.698570975504887e+22,-2.6910883392940503e+22,5.932378769264849e+21,-1.395014862129467e+21,-2.8892702121503526e+20,7.624518838578732e+20,-1.1953985358005335e+22,1.0184807278284246e+22,9.460979412431045e+21,1.5522876644062801e+22,5.5255467105780194e+22,3.1421955285085625e+22,1.502649352322132e+22,5.962346521945238e+22,-5.921971396238585e+22,-1.0813229338145407e+22,-7.964564937274921e+21,-1.2596606115179557e+22,-3.4451363270039595e+22,-2.238279941190679e+22,9.110225694731629e+22,-5.564976630631958e+22,1.0999215272688999e+23,-1.7413051685674705e+22,2.1780755522301477e+22,-3.148638190408241e+22,1.0755148093689029e+23,-4.120231431505605e+22,2.2367522607229746e+23,6.1604509843760414e+22,-1.0487450703562123e+23,-6.061968355281994e+22,-1.5666159687774195e+23,-1.8116854070098363e+22,-1.611504170374123e+23,-2.709535694651651e+21,-5.2348334765419235e+22,-3.1563460176743475e+22,6.338077738997994e+22,6.487027149262406e+22,7.072311878662951e+22,9.087030809338663e+22,1.566631307242882e+23,1.1714282144484736e+23,1.1000454990784584e+23,1.0030587823154975e+23,8.489440865490772e+22,9.580065812411123e+22,5.4863992680870754e+22,9.801686092596164e+22,9.998553800052424e+22,1.1122521094400047e+23,1.1751431732945089e+23,1.4417177121953713e+23,1.3205244357942554e+23,8.64732489405934e+22,1.6554481862540203e+23,1.4426422076525637e+23,8.864956639978575e+22,8.260838873764898e+22,9.056984466259145e+22,1.1369169479769136e+23,1.2877157105745351e+23,1.4338912157132455e+23
2.4174477880614834e+23,2.3904566962375067e+23,2.2191174129247866e+23,2.2201075125101093e+23,1.7739817024318843e+23,1.838802314734062e+23,8.813697110446686e+22,9.174552108557452e+22,-1.2962185728589739e+23,1.5688678967813357e+23,1.2892897513636509e+23,-7.093543613000437e+22,-1.8587488337418183e+22,4.648724042331139e+22,-7.393719475101085e+22,-4.959549513927058e+22,9.494165130631784e+21,6.6598441184245e+21,1.5143018884826959e+22,-8.554104654217235e+21,1.7465241746219997e+22,1.7510362926202522e+22,1.6830829007749845e+22,1.2638144779146205e+22,2.824345225704543e+22,1.8111522286248829e+22,4.140382017506387e+22,5.0718267043732334e+22,-3.911436559635662e+22,3.559167976056962e+22,2.1535695576428727e+22,4.674293032312237e+22,1.678724220868124e+23,1.3384282384586003e+23,1.1031643239241774e+23,1.355746515841195e+23,-2.810962320704482e+22,3.0223802388657425e+22,-1.6419395959254744e+23,2.4427265632214514e+23,2.579199055727754e+23,1.998109314865343e+23,2.0577011113619383e+23,1.3068072516901906e+23,-1.260526029045343e+23,8.078071851246054e+22,7.01155927255663e+22,-8.596073313898292e+22,-8.442788896720478e+22,1.2135729400832237e+23,-3.536171954076287e+22,3.416956328256222e+22,-4.335994594567491e+22,-8.843020633747428e+22,-3.649005298869503e+22,-3.6342667712457625e+20,-4.038703242382149e+21,-6.15873901577497e+21,-1.8213206319635074e+22,6.082305741439206e+21,5.784889808798374e+21,1.2089033801342684e+22,5.954016238802307e+22,2.4604895995624235e+22,1.027986299384724e+22,5.360488742706627e+22,-8.643046144424522e+22,-2.92169603998898e+22,-2.4517158498195776e+22,-2.6977885294167362e+22,-5.7524774931603665e+22,-6.578775146176068e+22,1.4501155945714292e+23,-9.705796876798096e+22,1.5093271324590861e+23,-4.771250948985578e+22,1.4834649548120597e+22,-7.2785658224632454e+22,8.026056390763921e+22,-7.2400131000409224e+22,1.497783595289873e+23,1.1098702187780608e+23,-1.531645854125468e+23,-1.0535055764311258e+23,-1.6616806064020984e+23,-4.224317445248117e+22,-1.623760412568645e+23,-9.824825868618408e+21,-7.585248606428248e+22,-5.785553898834526e+22,3.853259039871509e+22,8.43036677774538e+22,4.357262349876404e+22,1.0657560096646307e+23,1.1714282144484736e+23,1.4755921366355915e+23,8.011099907313167e+22,1.239093038789399e+23,5.872215345272405e+22,1.101665459044644e+23,3.389324119319415e+22,1.0775890749050383e+23,6.794419676428971e+22,1.1314961944809441e+23,9.920590176560343e+22,1.2172390948242512e+23,9.509334600955654e+22,1.2100814729229454e+23,1.513151460828317e+23,1.3119437103721505e+23,7.632102975616351e+22,6.8527695484437435e+22,7.3695908361721556e+22,9.395769590760635e+22,1.0938461983843937e+23,1.253422311456186e+23
1.4089199784184364e+23,1.88417850615559e+23,1.5332069826810864e+23,1.3335467787443757e+23,1.4213988191442845e+23,1.8685981753451126e+23,6.440019448140307e+22,6.930293448592395e+22,-8.591343233689757e+22,1.3126458647432008e+23,7.909444937135627e+22,-4.236229249196119e+22,-8.558029219691945e+21,1.334051239411336e+22,-4.003000574641409e+22,-3.425230361246815e+21,3.278856355989015e+21,-1.4228353302481095e+21,2.0837184482131942e+21,-7.910905857226037e+21,1.3118789816222648e+22,1.6254568213725888e+22,1.522185686349512e+22,1.1832031240883634e+22,2.717640470051515e+22,1.7360400717059885e+22,4.027088218981345e+22,5.67409210749462e+22,-2.213401402751643e+22,2.0838258140238263e+22,1.428911959056816e+22,5.071333235183346e+22,1.6670231651497243e+23,1.3624521280328849e+23,1.175114198400097e+23,9.068168982696538e+22,-1.0246965586746298e+22,2.402515264926391e+22,-1.336461984613699e+23,1.3903258691486616e+23,1.4132124551844942e+23,1.0015877975819401e+23,1.1081207433689181e+23,6.100625282319557e+22,-5.538217559668986e+22,4.3496395046761055e+22,3.9195474011607374e+22,-4.0716695320065886e+22,-4.433147880681956e+22,6.687793854488607e+22,-1.7881001813396154e+22,3.6266389559120584e+21,-1.7779737765242833e+22,-2.11929010457827e+22,4.61960063180633e+21,-9.916912181205977e+20,1.7938941974623024e+20,1.1384814860317698e+21,-7.178800751442142e+21,7.764655574410102e+21,6.951779062036492e+21,1.0886281101843458e+22,3.7092493212344654e+22,2.3011134332999865e+22,1.1189270932900838e+22,4.2964307003479295e+22,-4.034440345169486e+22,-6.692146793852169e+21,-4.342927831092556e+21,-6.929749952301376e+21,-2.278786889914212e+22,-2.0041149684852474e+22,6.2653865494345215e+22,-3.860714462950109e+22,7.89830284439107e+22,-1.2853988632041324e+22,1.6591072896491991e+22,-2.8424056075597723e+22,8.114561131948347e+22,-2.8826828295552455e+22,1.5962524237036882e+23,4.204079211254707e+22,-8.46291960361668e+22,-4.124237108303502e+22,-1.2105038612752465e+23,-1.7337556976847496e+22,-1.259467264705156e+23,-4.5102533428809585e+21,-4.149944496661031e+22,-2.3575272515117844e+22,4.6424080565604605e+22,4.270103373638895e+22,4.84069883926296e+22,5.997774960909267e+22,1.1000454990784584e+23,8.011099907313167e+22,7.932160492614841e+22,6.938796115080888e+22,6.117213940670531e+22,6.580758899198385e+22,4.2974270173741475e+22,6.462043183588361e+22,6.95195714954493e+22,7.219248657088062e+22,8.020361283747418e+22,9.709788228668247e+22,9.087934289799172e+22,5.7783114768328765e+22,1.134326567711331e+23,1.0142832450156652e+23,6.413187643252662e+22,5.922064880248319e+22,6.388178751873691e+22,7.859898864352742e+22,8.853072530790741e+22,9.830694777642531e+22
2.003148265431107e+23,1.9541167747218018e+23,1.8174033068504772e+23,1.8626082754468713e+23,1.5379425749572014e+23,1.5973839195788946e+23,7.810325883834148e+22,8.18715054041289e+22,-1.1004211009542922e+23,1.3958320645980287e+23,1.1117981167909068e+23,-5.882812537703594e+22,-1.6838232407619624e+22,4.318762267905471e+22,-6.762652731442854e+22,-4.3240187635781826e+22,7.863216544920704e+21,6.385966499422951e+21,1.4072462719327821e+22,-5.481123843028627e+21,1.5519466459553264e+22,1.5125369244427697e+22,1.3574534471922563e+22,8.042424426486984e+21,2.4676517902232263e+22,1.5896781977668184e+22,3.598189767717516e+22,4.587714755048701e+22,-3.7142795956027507e+22,3.447809532181115e+22,2.2799444783461176e+22,4.573802912958868e+22,1.4796669569138197e+23,1.2042239996846878e+23,9.814266105443555e+22,1.1540658189645032e+23,-2.628582221204519e+22,2.717014379701881e+22,-1.4629637854355826e+23,2.037469003615571e+23,2.0485283696540294e+23,1.6417764210147873e+23,1.71927769518613e+23,1.1303461015962446e+23,-1.0628875440109169e+23,7.054995065336676e+22,6.1811391998557195e+22,-7.464433251903328e+22,-7.435774303532631e+22,1.043281537537402e+23,-2.7024476688493083e+22,2.744375437273678e+22,-3.5386453313942054e+22,-8.00132877371711e+22,-3.0844086341441275e+22,-4.82850713116988e+20,-3.3449702146698584e+21,-5.373721871195593e+21,-1.4709531127401475e+22,5.855308877103928e+21,5.167952975800634e+21,1.0308075320707069e+22,5.119646575480745e+22,2.1694385852406267e+22,9.203610952733665e+21,4.664041775523074e+22,-7.477785468739247e+22,-2.5102154926053046e+22,-2.1746029074433607e+22,-2.404202290300734e+22,-5.164237052225008e+22,-6.515084862561631e+22,1.2472665435719364e+23,-8.354183549646623e+22,1.2804841855419925e+23,-4.1143775481956124e+22,1.3974193088538073e+22,-7.242571598565881e+22,7.301016009259001e+22,-6.338195572043542e+22,1.3305735792559301e+23,9.230336957332566e+22,-1.3298122063303281e+23,-7.795512381241896e+22,-1.4682885573863665e+23,-4.622650946701367e+22,-1.4427514964294119e+23,-1.6949678616052918e+22,-6.639333321189163e+22,-5.074022077139546e+22,3.4727672557049653e+22,7.342065225570658e+22,3.5800319311589916e+22,9.236857457299098e+22,1.0030587823154975e+23,1.239093038789399e+23,6.938796115080888e+22,1.0533241471720247e+23,5.085014351016224e+22,9.448212172019411e+22,3.6098593594841485e+22,9.397241861237976e+22,5.9458206407112585e+22,9.593194108406525e+22,8.535333964913022e+22,1.0553332016960807e+23,8.150801385307768e+22,1.0249347269188243e+23,1.2765999720639853e+23,1.1145721221916347e+23,6.591370784228499e+22,5.91482955027242e+22,6.342201140313513e+22,8.068433261341928e+22,9.364557968858043e+22,1.0668413624583804e+23
1.045070948798716e+23,1.4670297707246566e+23,1.152900952184126e+23,9.681697946098654e+22,1.058543532470982e+23,1.4471855487928574e+23,4.5623014543235595e+22,4.996421796007523e+22,-6.708885885556876e+22,9.72367139262061e+22,5.568292820594483e+22,-3.3239995516753306e+22,-5.854417218621844e+21,6.525201657451396e+21,-2.759709475156795e+22,7.135661824995854e+20,1.9572149591490948e+21,-1.9295609326921583e+21,1.6368516019233106e+19,-6.166303571393534e+21,9.239467193882639e+21,1.2047227179069298e+22,1.1389058098222537e+22,9.415978377319343e+21,2.041105148264131e+22,1.2869693046591144e+22,3.0601361990087216e+22,4.417381838855694e+22,-1.488637785734356e+22,1.3835757925158751e+22,9.318149147929096e+21,3.883866039550278e+22,1.3013615253324653e+23,1.0593946412481092e+23,9.189153877092356e+22,6.40153581272415e+22,-6.643433595847086e+21,1.6960945337752284e+22,-1.0090278846720753e+23,1.0226493695729792e+23,1.0545735468055888e+23,7.244054513885682e+22,7.961271635516588e+22,4.1784970662624585e+22,-3.8749250613740925e+22,2.9978274037408958e+22,2.7167777648380756e+22,-2.833249371652415e+22,-3.076551117627782e+22,4.664572045387943e+22,-1.4661759407702812e+22,1.5326612695365205e+21,-1.2577279314521213e+22,-1.2784513526798337e+22,4.6402333104301167e+21,-6.894687506877822e+20,2.3572668005571658e+20,1.0480363619651647e+21,-4.946822414052233e+21,5.66005699763807e+21,5.119661429190189e+21,7.961530215795868e+21,2.704365452092926e+22,1.706426975128819e+22,8.265236455458282e+21,3.188702176253544e+22,-2.8945195488384425e+22,-4.3450832012175407e+21,-2.600082324022103e+21,-4.5312728871484827e+21,-1.5883687387328175e+22,-1.1886572150450976e+22,4.439622900687696e+22,-2.701311224068452e+22,5.44524375229415e+22,-7.959898293565352e+21,1.2155595563941526e+22,-1.7970876524714216e+22,6.214909352113848e+22,-2.010601759084135e+22,1.24746777609925e+23,2.941884531761856e+22,-6.174009246160079e+22,-3.154767955192106e+22,-9.009464958441858e+22,-1.0399075092071694e+22,-9.390781942799071e+22,-1.9264176942225516e+21,-2.9536158769518666e+22,-1.6314717782453808e+22,3.675247267230079e+22,3.1076697355759905e+22,3.897703551966122e+22,4.44135691105291e+22,8.489440865490772e+22,5.872215345272405e+22,6.117213940670531e+22,5.085014351016224e+22,4.768450946704877e+22,4.854724964675114e+22,3.355036859184685e+22,4.79887682410474e+22,5.523450307039887e+22,5.508074584705224e+22,6.223582235421853e+22,7.497373882899208e+22,7.186431668955639e+22,4.211312703728649e+22,8.604130106196134e+22,7.6089086012574e+22,4.803639944132392e+22,4.482817482234469e+22,4.882784933254417e+22,6.0533014449611336e+22,6.806173430401732e+22,7.52683990065594e+22
1.773164644181925e+23,1.8883106228305836e+23,1.6294963016419292e+23,1.6399631492668526e+23,1.4295266360588274e+23,1.6127002915648414e+23,6.9360282553248605e+22,7.30796159698669e+22,-1.0404791251347264e+23,1.2890255272449786e+23,9.669266841742251e+22,-5.152839177836389e+22,-1.4786822889481246e+22,3.390310237144864e+22,-6.002380555922284e+22,-3.433204724216128e+22,6.29919337564616e+21,5.214864249767119e+21,1.1815003146573e+22,-4.2726600871083156e+21,1.3609134568778911e+22,1.3626121880771209e+22,1.1813085777417868e+22,6.388070394512089e+21,2.2728182987832634e+22,1.4530887934398846e+22,3.333212529896749e+22,4.4584808043290684e+22,-3.349118087286637e+22,3.1366846419855097e+22,2.1413533053921167e+22,4.572924568579827e+22,1.4595946588650682e+23,1.2246715667936688e+23,9.638517091371664e+22,1.0387841562634253e+23,-2.3246332476585062e+22,2.4094910362106913e+22,-1.3560492591161843e+23,1.8171441747326434e+23,1.8600432907491502e+23,1.4002909779051948e+23,1.4847089792056894e+23,9.907837803440333e+22,-9.079812377890245e+22,6.119006990188387e+22,5.485916721254705e+22,-6.635966530038695e+22,-6.643811439469745e+22,8.982580244995594e+22,-2.1922013937805784e+22,2.0899715247663563e+22,-3.0166404218887684e+22,-6.923978134085832e+22,-2.401763641393173e+22,-7.025418977689078e+20,-2.917371316944352e+21,-4.841622893027994e+21,-1.3168648590190398e+22,5.865480314959913e+21,5.001868499129717e+21,9.731211368498865e+21,4.8222983306566034e+22,2.0332467848267092e+22,8.721773386323615e+21,4.314626708846371e+22,-6.772845077250885e+22,-2.2030005240642423e+22,-2.00880652662221e+22,-2.320789451708221e+22,-4.855158295007817e+22,-6.0113024086856725e+22,1.1071250863820976e+23,-7.3433784894864126e+22,1.0951574388294197e+23,-3.4411457460809874e+22,1.3638457600286277e+22,-6.657784560790025e+22,6.975435089332772e+22,-5.6485839169460015e+22,1.3178631201511956e+23,7.835758551411406e+22,-1.1221664898190632e+23,-5.794611847127887e+22,-1.3102715365924339e+23,-4.554634006652285e+22,-1.2869179363920042e+23,-2.0566196642541417e+22,-5.655380848517393e+22,-4.394104517229666e+22,3.4375641995415495e+22,6.897122372578272e+22,3.473455714213734e+22,8.723199283967819e+22,9.580065812411123e+22,1.101665459044644e+23,6.580758899198385e+22,9.448212172019411e+22,4.854724964675114e+22,8.661182810797517e+22,3.8020402185003304e+22,9.00659289859711e+22,5.872385282063609e+22,9.119246404168864e+22,8.167319797022888e+22,1.0272804945306118e+23,7.918573883444183e+22,9.195959015713322e+22,1.1877561405112495e+23,1.0266199780065826e+23,6.078287703016814e+22,5.513343094045062e+22,5.982016394442632e+22,7.68278759772123e+22,8.892574670636912e+22,1.0059958976885827e+23
4.38794255630266e+22,5.803003176410297e+22,4.228805694493453e+22,4.907128020955475e+22,8.229943331395671e+22,1.0700727888627459e+23,4.2157225327226956e+22,5.0001227402917406e+22,-4.211911635209208e+22,9.231309383725563e+22,4.090373667077382e+22,-1.7614081076224095e+22,-1.0138087476599328e+22,2.415724900971633e+22,-4.422970233287761e+22,-6.792854890509253e+21,-2.6886403411791544e+20,3.0981976786302885e+21,6.616367742245623e+21,7.215425013408191e+21,8.132550011152489e+21,7.54771448438921e+21,1.6455175758328604e+21,-1.0407836310408664e+22,1.4511015557256108e+22,9.261244918301961e+21,2.133406553339114e+22,4.189442044678121e+22,-3.108038408917222e+22,3.1919256484072e+22,3.0331947305100424e+22,5.7294670613741205e+22,1.111109947405801e+23,1.0328912492372436e+23,8.085605003051254e+22,3.547835079562517e+22,-1.942265848543515e+22,1.5836945500395006e+22,-9.811154103275454e+22,4.923080442420267e+22,-9.326016517511829e+20,2.1295217775506386e+22,3.6557760501947587e+22,3.747670814645966e+22,-2.4148825023839035e+22,2.7789386592469605e+22,2.79318333360491e+22,-2.961291730783086e+22,-3.365207412950783e+22,3.432532816092422e+22,2.3350526314500713e+21,-3.592488864366249e+21,-2.7004627713048665e+21,-4.583899641022017e+22,-6.533710577046775e+21,-9.008380622351432e+20,-5.856993015895671e+20,-2.492790263949078e+21,9.81193195356331e+20,5.814660168413338e+21,3.0788187953003595e+21,2.918764645192762e+21,1.8962975993520198e+22,1.2420508798829235e+22,6.058971488118608e+21,2.3276074049773435e+22,-3.115652143545411e+22,-9.019556507800048e+21,-1.148052935059774e+22,-1.3207522722248066e+22,-3.0946892692495454e+22,-6.519196462425132e+22,4.6767175315867505e+22,-3.0595953699201837e+22,2.9768422068968923e+22,-1.2447415511784926e+22,1.2526020953113268e+22,-7.525063950513318e+22,6.363615437637289e+22,-2.928355121195045e+22,1.0806098583259386e+23,1.5320461446106302e+22,-5.50913349008946e+22,3.4090889108198917e+22,-8.479825674686197e+22,-6.730949023805402e+22,-8.90579872368272e+22,-5.125621849255535e+22,-2.96879268760093e+22,-2.3156409533105846e+22,3.3580751250119585e+22,3.4200971378352464e+22,1.7525164239470943e+22,4.279228691663143e+22,5.4863992680870754e+22,3.389324119319415e+22,4.2974270173741475e+22,3.6098593594841485e+22,3.355036859184685e+22,3.8020402185003304e+22,6.2949195921191806e+22,4.702493622267394e+22,4.6069194780925305e+22,3.94995594867782e+22,4.752719772792974e+22,6.156368722177745e+22,5.1590268209506715e+22,3.2551286587752417e+22,4.897236495975352e+22,4.45311078346181e+22,3.25369992545227e+22,3.0648847823137606e+22,3.329044179396175e+22,4.26331263474034e+22,4.720096942278989e+22,4.894437639161402e+22
1.7789695941703535e+23,2.1971750593858106e+23,1.5715662561198943e+23,1.5711400285367894e+23,1.4926714260000825e+23,1.8976011341785142e+23,6.6283100994210156e+22,7.128031948509087e+22,-1.0191350981658568e+23,1.3266151407557624e+23,8.916136474058276e+22,-4.666228905121125e+22,-1.4997939894448812e+22,3.241390143849427e+22,-5.856227367345091e+22,-3.0057134902278237e+22,4.792380460424e+21,5.593276141892245e+21,1.1675824228860959e+22,-9.099031805094768e+20,1.1843856484451658e+22,1.1155671022558903e+22,8.262823494643826e+21,2.1668356756577148e+21,1.9789341131466567e+22,1.2333168607809296e+22,2.993625430910206e+22,4.5788377300120726e+22,-3.412327457290234e+22,3.1802074415822606e+22,2.2102503938474084e+22,5.074274666015162e+22,1.59534503842692e+23,1.4634702669246642e+23,1.0430387392851513e+23,1.0622154788106007e+23,-2.4715233639159984e+22,2.1082958097355966e+22,-1.326618667051117e+23,1.868980600626295e+23,2.0239599550222212e+23,1.2681086439164953e+23,1.3835997672323763e+23,9.875761363139755e+22,-8.50522956999186e+22,5.791159495865329e+22,5.441511713575125e+22,-6.625831476309932e+22,-6.767716528352346e+22,8.20103650129863e+22,-1.3509205098024753e+22,1.418695520149418e+22,-2.551866698220039e+22,-7.771365743629907e+22,-2.5486068007433176e+22,-1.1826706025089139e+21,-3.3053263020448846e+21,-6.282362401850971e+21,-1.3422611783526814e+22,6.10171647139544e+21,4.278368446797614e+21,8.61379303382046e+21,5.1205678573838985e+22,1.857584720523829e+22,7.66654469254842e+21,4.080667157178486e+22,-7.2859018307459286e+22,-2.3775341016068794e+22,-2.5238283481515863e+22,-3.1383766943600315e+22,-6.049225289404768e+22,-7.147896949632097e+22,1.1780511185975015e+23,-7.510753442122307e+22,1.0228873274603997e+23,-3.164534220018995e+22,1.394769923862726e+22,-7.929977734881252e+22,7.084052054821786e+22,-5.9933097373796254e+22,1.4400270376239456e+23,7.273043154911741e+22,-9.5183789612807e+22,-2.136419430949585e+22,-1.210756237318581e+23,-6.223341162726485e+22,-1.1762241882178201e+23,-3.733193075207093e+22,-5.135619471114224e+22,-4.280560536082381e+22,3.6367330773454434e+22,8.113474608506695e+22,3.639381560814924e+22,1.0289671807064123e+23,9.801686092596164e+22,1.0775890749050383e+23,6.462043183588361e+22,9.397241861237976e+22,4.79887682410474e+22,9.00659289859711e+22,4.702493622267394e+22,1.1147427756524396e+23,6.723292926624216e+22,1.0718777352205896e+23,9.202568848572477e+22,1.2070766814664466e+23,8.813251604335886e+22,9.817060910653917e+22,1.2121658058053906e+23,9.84832739385149e+22,5.6612622774844885e+22,5.267664769166788e+22,5.97682441549409e+22,8.198754130103383e+22,9.565181719771482e+22,1.0678813461974048e+23
1.28512345796347e+23,2.0162546035479672e+23,1.3917327272123806e+23,1.1026429337075822e+23,1.241218579076275e+23,1.8453935720672098e+23,4.664794574336203e+22,5.272038706687193e+22,-7.823214080014521e+22,1.1049842555461958e+23,5.741963278239667e+22,-3.882332389501526e+22,-6.821363874136825e+21,4.962505075371122e+21,-2.7791306083954906e+22,3.987723310244161e+21,1.0813961557676286e+21,-2.4134437121487914e+21,-1.4789708855678198e+21,-5.115806066869839e+21,8.462971385966306e+21,1.141738270836722e+22,9.924429841855054e+21,8.476328934075746e+21,2.080631259211808e+22,1.268724351490759e+22,3.2100507300249614e+22,5.1227064108506725e+22,-1.4811803534139289e+22,1.2710825814966833e+22,7.24298645865483e+21,4.587582358612376e+22,1.6163508607165656e+23,1.38189543392241e+23,1.1244439688491146e+23,7.241574389281332e+22,-8.936744989585664e+21,1.5439513295928787e+22,-1.1037719978485809e+23,1.2541337637154469e+23,1.4002879975409345e+23,8.116872438352104e+22,8.834482096481796e+22,4.6718504242697235e+22,-4.265720673616874e+22,3.1019122177992263e+22,2.93679802354193e+22,-3.235774190189149e+22,-3.4633093928179533e+22,4.786658772681148e+22,-1.628437255019109e+22,5.385966374161065e+20,-1.29991277290929e+22,-2.1371473941909614e+22,1.927411719628504e+21,-7.468284674183315e+20,-7.409991455783702e+19,9.487511011229686e+19,-4.914079837715931e+21,5.87723039737842e+21,5.180569861829056e+21,8.172363797290906e+21,3.235279451061083e+22,1.8071709124959719e+22,8.404179003189435e+21,3.489672833093497e+22,-3.6993191397812865e+22,-6.914367968487389e+21,-6.182540584473914e+21,-9.282153576379793e+21,-2.4737311624159096e+22,-2.081532734719173e+22,5.667301616436244e+22,-3.3570379769522808e+22,5.6661623101814854e+22,-9.029087754794413e+21,1.2835577800802011e+22,-2.7699753798889393e+22,7.008631241965399e+22,-2.6310863164539216e+22,1.526235926524457e+23,3.277580193655379e+22,-5.9722857693034465e+22,-2.2881272258015642e+22,-9.362905593924983e+22,-2.022085776932423e+22,-9.645739464518606e+22,-1.0576791298436613e+22,-3.0030262674189546e+22,-1.9473979150432672e+22,4.46339353989206e+22,4.280328926470859e+22,4.946315603243584e+22,6.11201234488296e+22,9.998553800052424e+22,6.794419676428971e+22,6.95195714954493e+22,5.9458206407112585e+22,5.523450307039887e+22,5.872385282063609e+22,4.6069194780925305e+22,6.723292926624216e+22,7.458174135768568e+22,7.678710016992308e+22,8.27454869489622e+22,1.0201341501532926e+23,9.475975253563736e+22,5.396252074649099e+22,1.0209861861778111e+23,8.433740118352803e+22,5.170018518284307e+22,4.999389721039167e+22,5.7156883416886215e+22,7.555866137222146e+22,8.542541127151685e+22,9.308872982693635e+22
1.899725904767004e+23,2.653020221092875e+23,1.8880424304376102e+23,1.586133250810193e+23,1.4941937541911657e+23,2.0938115198954363e+23,5.217326474032851e+22,5.8104158465792326e+22,-1.1993292508690525e+23,1.217633915185137e+23,7.59274404219261e+22,-5.9425328265453134e+22,-1.1531296115559106e+22,7.47062693961378e+21,-4.499600311484054e+22,-1.6359223311120955e+22,3.676159566195246e+21,1.5925612128465343e+21,5.533566750031018e+21,-5.656303059547937e+21,9.160756986933224e+21,1.1635552228020863e+22,1.1000016845534388e+22,9.685061144252638e+21,2.0622431142232457e+22,1.2272587840922052e+22,3.2367958753916783e+22,4.849419402002322e+22,-2.3582889558553517e+22,2.0946671568604012e+22,1.137875651542691e+22,4.513901426540297e+22,1.776843564783509e+23,1.5280810849404324e+23,1.1388148975130328e+23,9.220867884466542e+22,-1.7334374901105193e+22,1.573974790182112e+22,-1.302259530023752e+23,1.9299293364762025e+23,2.392766765857916e+23,1.3565909822435242e+23,1.3685304198283322e+23,8.245055937162885e+22,-7.976752832480471e+22,4.547398739572009e+22,4.353940928746986e+22,-6.017401557065609e+22,-5.60600732613909e+22,6.944999017277412e+22,-2.964302247353314e+22,1.5611832312803117e+22,-2.981551484752388e+22,-5.650975983629832e+22,-2.0804146319797808e+22,-5.097603593999178e+20,-3.4975324031856327e+21,-5.988604394323328e+21,-1.3495498239979599e+22,4.435695443784182e+21,4.0088804352886513e+21,8.83624485577955e+21,5.148123338360508e+22,1.8220121013807445e+22,7.189126078762439e+21,4.100871069601666e+22,-6.974726922577414e+22,-2.2810971375739974e+22,-2.2609203559724835e+22,-2.805531060449839e+22,-5.28393349726299e+22,-4.514903173897143e+22,1.1110757618081477e+23,-7.087022293672473e+22,8.405347971455821e+22,-2.7023964572670243e+22,1.0855569423455033e+22,-4.791542107572133e+22,7.0442960909916994e+22,-5.466245652159432e+22,1.5804629407623338e+23,7.420015893958374e+22,-8.462617497506948e+22,-6.04622368749281e+22,-1.1246956251230653e+23,-3.3780477789141534e+22,-1.0682181887270229e+23,-1.6830140580467776e+22,-4.243053953312035e+22,-3.7703576448956453e+22,4.048177567928324e+22,7.79714121847862e+22,4.843174261650354e+22,1.0169861043369063e+23,1.1122521094400047e+23,1.1314961944809441e+23,7.219248657088062e+22,9.593194108406525e+22,5.508074584705224e+22,9.119246404168864e+22,3.94995594867782e+22,1.0718777352205896e+23,7.678710016992308e+22,1.1720976370402845e+23,1.0067521784123915e+23,1.2936867371698368e+23,1.037340818079903e+23,9.980198604186465e+22,1.3436906646398505e+23,1.0641014829018141e+23,5.897837314464274e+22,5.645971340919886e+22,6.5491096138649885e+22,9.01871205143464e+22,1.0499779382952236e+23,1.1765841754556709e+23
1.7990934251207937e+23,2.481188262237092e+23,1.818928269868564e+23,1.5719332129501074e+23,1.5611884260065808e+23,2.1351783876268077e+23,6.378337223801673e+22,6.917663901129711e+22,-1.0266990047906137e+23,1.3678808594948341e+23,8.448802314357057e+22,-5.070803969492263e+22,-1.0864760242728134e+22,1.6710877351908903e+22,-4.283394705524277e+22,-1.0482238585459062e+22,3.5776264797854153e+21,-8.950541173936076e+18,3.0410830483819064e+21,-6.671087267223212e+21,1.1753226008561025e+22,1.4036432085356588e+22,1.2572074789784858e+22,1.0614878063019977e+22,2.4809934980535393e+22,1.5373708196619036e+22,3.7692181580516436e+22,5.616786555307243e+22,-2.262438707577409e+22,1.9700938500504684e+22,1.102920056902768e+22,5.0588920886555216e+22,1.842085893898251e+23,1.573129987964652e+23,1.2524169253837632e+23,1.0310271905070932e+23,-1.5309134837496163e+22,2.097831813225984e+22,-1.358859405131552e+23,1.7851354377287078e+23,2.0141686110866996e+23,1.2427714161334898e+23,1.3280349047916452e+23,7.778047026385848e+22,-7.126073602232542e+22,4.898205493346844e+22,4.510483774915369e+22,-5.1926340376327925e+22,-5.387487616424626e+22,7.419275831394537e+22,-2.147254551991633e+22,9.196139890843654e+21,-2.2667990537585023e+22,-4.298738309043733e+22,-7.825185938630297e+21,-8.844581192594897e+20,-1.1673261444179855e+21,-1.6771343380863152e+21,-9.642480551551608e+21,6.824294860705515e+21,6.106327645258299e+21,1.059799445172358e+22,4.56389399275565e+22,2.2150067510557375e+22,9.9699030524363e+21,4.447177537659504e+22,-5.644041161368632e+22,-1.4037199162530328e+22,-1.2659869917065574e+22,-1.6750327185084934e+22,-3.89513150898631e+22,-3.666962833134365e+22,8.966486525959412e+22,-5.573445962479809e+22,9.134450333902832e+22,-2.059259086015381e+22,1.516743367506223e+22,-4.4160789092082836e+22,7.961831761880282e+22,-4.276853628940803e+22,1.706661166985202e+23,5.824957480614947e+22,-8.785480873133352e+22,-4.256443546536141e+22,-1.2103185879880063e+23,-3.037086797833008e+22,-1.2170066172750672e+23,-1.347380589891712e+22,-4.495001192835499e+22,-3.2060712865235137e+22,4.7608585195042376e+22,6.247817581456695e+22,5.411767530368675e+22,8.524507795114315e+22,1.1751431732945089e+23,9.920590176560343e+22,8.020361283747418e+22,8.535333964913022e+22,6.223582235421853e+22,8.167319797022888e+22,4.752719772792974e+22,9.202568848572477e+22,8.27454869489622e+22,1.0067521784123915e+23,9.97420170533804e+22,1.2425860091166738e+23,1.0773731855925668e+23,8.116439495893392e+22,1.3017533155075063e+23,1.0802400619792712e+23,6.444046425104887e+22,6.105523298161019e+22,6.906299302735202e+22,9.136042517568882e+22,1.0443972401847536e+23,1.1550388335666192e+23
2.171468515413757e+23,3.139038489823444e+23,2.2076010624784104e+23,1.8928455650011263e+23,1.9323183129404342e+23,2.728126637716027e+23,7.635226147137254e+22,8.25227817495989e+22,-1.2922247016562758e+23,1.6717809958469315e+23,1.0022531977333568e+23,-5.880490587220244e+22,-1.3370581868533158e+22,1.6549987261308268e+22,-5.310606974693121e+22,-1.1429566842147564e+22,3.839382675618897e+21,5.061962239357212e+20,4.5035185126589134e+21,-6.647049809764207e+21,1.3734981135029542e+22,1.6456074594323882e+22,1.4134419783547454e+22,1.0794932124631976e+22,2.9529030141752975e+22,1.8249263771174178e+22,4.489005038732915e+22,6.843399172504948e+22,-2.905391066133517e+22,2.5953122792454564e+22,1.5740763316108843e+22,6.462698614290538e+22,2.3101144597281236e+23,2.021024566064247e+23,1.5449942397419223e+23,1.2757005537041751e+23,-1.963017548101804e+22,2.469966800551404e+22,-1.6567528547852246e+23,2.1847260095124933e+23,2.5318471340401736e+23,1.4606776473938792e+23,1.5743803707124804e+23,9.561026604202916e+22,-8.46970309254655e+22,5.844628489616458e+22,5.54419468223429e+22,-6.536721464308472e+22,-6.727399015404766e+22,8.753231370858564e+22,-2.2991509126318494e+22,9.316351989359226e+21,-2.738692202751873e+22,-5.53884348403707e+22,-9.375013242937126e+21,-1.3378049042170362e+21,-1.870709455099394e+21,-3.140622032606901e+21,-1.2467273036386143e+22,8.603089346130156e+21,7.445200512570091e+21,1.3057226619560974e+22,5.904197969930277e+22,2.702110472992379e+22,1.2102037373620555e+22,5.4503255625206914e+22,-7.241833704123722e+22,-1.878967040514366e+22,-1.8580112508933462e+22,-2.486213359675026e+22,-5.342307200149526e+22,-5.171308823017323e+22,1.1317417744394326e+23,-7.009659845804982e+22,1.0752270915499706e+23,-2.4905011227435563e+22,1.8928921311413736e+22,-6.003460440106303e+22,9.740712545109765e+22,-5.492638392077939e+22,2.1242084347910793e+23,6.9731463337959775e+22,-9.686680202881966e+22,-3.814754801306209e+22,-1.4243609371118627e+23,-4.544890842232688e+22,-1.4186976126794047e+23,-2.5347148760281636e+22,-5.125720653091292e+22,-3.9303123484789835e+22,5.785256822985378e+22,8.2553202120774e+22,6.442977252234353e+22,1.1124223442660967e+23,1.4417177121953713e+23,1.2172390948242512e+23,9.709788228668247e+22,1.0553332016960807e+23,7.497373882899208e+22,1.0272804945306118e+23,6.156368722177745e+22,1.2070766814664466e+23,1.0201341501532926e+23,1.2936867371698368e+23,1.2425860091166738e+23,1.5802370079022215e+23,1.325438613342443e+23,1.0224481869427914e+23,1.6086991294746966e+23,1.320811002759269e+23,7.807687878372685e+22,7.429290774821434e+22,8.46820825771481e+22,1.1321280633581166e+23,1.2973230542182682e+23,1.4332168665509373e+23
1.7719793861527282e+23,2.751066360778537e+23,1.9417781896259328e+23,1.5080212393990693e+23,1.6216412819651934e+23,2.407460668710859e+23,5.8364666299975735e+22,6.559427386357882e+22,-1.0882699443921131e+23,1.3963060870033818e+23,7.498813058705886e+22,-5.503500634390314e+22,-8.203724339786826e+21,1.1155709682760634e+21,-3.377040327518223e+22,5.144726982168135e+21,1.8888998686809454e+21,-3.692212920700877e+21,-2.50032693552182e+21,-8.891289366215087e+21,1.0670041685889e+22,1.5254429619930385e+22,1.4510765625143275e+22,1.4340351515786285e+22,2.717743134936818e+22,1.6501835192777654e+22,4.210725766935071e+22,6.464672814333432e+22,-1.6722724861200115e+22,1.3931797502770096e+22,6.41492296161065e+21,5.472130497106363e+22,2.087576381975475e+23,1.7483047052326447e+23,1.433076536041599e+23,9.488177571336085e+22,-9.674111480022547e+21,1.915645804432966e+22,-1.4193432264141759e+23,1.726539663952243e+23,2.051449903496354e+23,1.1663184103230897e+23,1.2238300975033201e+23,6.1568037696878e+22,-5.964205567210194e+22,3.951743831956302e+22,3.7175686886870793e+22,-4.349372911779119e+22,-4.4347035921004555e+22,6.30264444185725e+22,-2.6730088238718973e+22,3.692780032833635e+21,-2.0642297222651053e+22,-2.418220382915182e+22,1.411796984221048e+21,-7.709586934893187e+20,-5.3772123691585156e+20,-2.8733877220106233e+20,-8.156954470423288e+21,6.940359499381928e+21,6.524812144679457e+21,1.0910110339125163e+22,4.390671189167909e+22,2.320916861380433e+22,1.0613220055702527e+22,4.565847496154076e+22,-5.000611019266784e+22,-1.0189529435961561e+22,-8.54526094817028e+21,-1.2606920125645895e+22,-3.1699483006162847e+22,-1.893178262868864e+22,7.706562844117326e+22,-4.619199809722997e+22,7.526821785579612e+22,-1.2685716576983872e+22,1.5379120410413746e+22,-2.5701837678906584e+22,8.81521744232426e+22,-3.4960886973992027e+22,1.9538030814491352e+23,4.893570818852849e+22,-7.836887899158468e+22,-4.870779817581623e+22,-1.2039874172054685e+23,-1.5820406458370228e+22,-1.2258497257159854e+23,-4.801702704155003e+21,-3.836444791096779e+22,-2.538299333825499e+22,5.6156465239392585e+22,5.7169231121818405e+22,6.535954141349688e+22,8.131657583335217e+22,1.3205244357942554e+23,9.509334600955654e+22,9.087934289799172e+22,8.150801385307768e+22,7.186431668955639e+22,7.918573883444183e+22,5.1590268209506715e+22,8.813251604335886e+22,9.475975253563736e+22,1.037340818079903e+23,1.0773731855925668e+23,1.325438613342443e+23,1.2319887003853304e+23,7.498398941699003e+22,1.3825961477217968e+23,1.1386271394504865e+23,6.827032903563652e+22,6.583345896682839e+22,7.516419289022786e+22,9.9139173603821e+22,1.1260694668005505e+23,1.2388027315118011e+23
1.902043096368146e+23,1.8813078297118306e+23,1.6688732554042786e+23,1.6915839972115885e+23,1.3659024800121575e+23,1.4256773808576624e+23,6.418137492624202e+22,6.957771094406367e+22,-1.068778114425146e+23,1.2071853121650968e+23,9.539360716051663e+22,-6.055383000951924e+22,-1.6597776148048432e+22,3.8693903167248834e+22,-6.451843076144915e+22,-4.397742523253608e+22,6.884656820900089e+21,7.063836589566109e+21,1.4306059628464111e+22,-2.9064246106434427e+21,1.221375353648014e+22,1.1485648898014432e+22,1.0070111431403801e+22,4.951707561982339e+21,1.891233994838424e+22,1.1768028207516062e+22,2.8561207708545836e+22,3.837604927741456e+22,-3.563287936660708e+22,3.2970309608690378e+22,2.1657290306671518e+22,4.065818094242889e+22,1.3242032186379479e+23,1.0978958197613574e+23,8.522133783395679e+22,9.551338284821381e+22,-2.708169943697603e+22,2.0792424614986026e+22,-1.3116917144582669e+23,1.9577167573300604e+23,2.0565258389417345e+23,1.5573958896505203e+23,1.5864976792124156e+23,1.064911786875724e+23,-1.0319365130270888e+23,6.259901553493676e+22,5.559287997804616e+22,-7.338427467454717e+22,-6.971917812237841e+22,9.190555462139412e+22,-2.9339075630789432e+22,2.895536119627108e+22,-3.5388519956696283e+22,-8.893160490210983e+22,-4.079965898926446e+22,-7.406662603664857e+19,-4.651752034034631e+21,-8.125337706331525e+21,-1.4924060011513046e+22,3.479775856025704e+21,2.6717644327203153e+21,6.89805910279148e+21,4.822577869388129e+22,1.6022314317271657e+22,5.880119800569337e+21,3.866928886865986e+22,-7.803277674514477e+22,-2.9471211952512954e+22,-2.7519658888473677e+22,-3.036083949250892e+22,-5.869899085083852e+22,-7.06251754086287e+22,1.310893000661875e+23,-8.784386924407894e+22,1.1165926191364626e+23,-4.263758192244601e+22,9.507500505031206e+21,-7.585242288155034e+22,6.256883003134493e+22,-6.747439516954121e+22,1.1578708492048009e+23,9.498090950595697e+22,-1.2372522658382634e+23,-7.758644928362794e+22,-1.3115994326533395e+23,-5.043782286972199e+22,-1.2534515477451928e+23,-2.1824805500715077e+22,-6.140118247512869e+22,-5.163133395043116e+22,2.8840699594489062e+22,7.829632185297245e+22,3.0054152735319415e+22,9.664144880416319e+22,8.64732489405934e+22,1.2100814729229454e+23,5.7783114768328765e+22,1.0249347269188243e+23,4.211312703728649e+22,9.195959015713322e+22,3.2551286587752417e+22,9.817060910653917e+22,5.396252074649099e+22,9.980198604186465e+22,8.116439495893392e+22,1.0224481869427914e+23,7.498398941699003e+22,1.0720635049986838e+23,1.1706218278854996e+23,9.714906350498157e+22,5.460451444190195e+22,4.959385095123376e+22,5.468714790364086e+22,7.329838923399376e+22,8.639584689845005e+22,9.869497526110394e+22
2.6480216908993297e+23,3.398150075803156e+23,2.719676324983443e+23,2.4111669486146927e+23,2.233815434740573e+23,2.8640046187862712e+23,9.773437259118633e+22,1.013491402517118e+23,-1.4978849824706074e+23,1.9214975124831696e+23,1.3342293161778041e+23,-7.176634901217348e+22,-1.48929613591572e+22,2.3476724227308226e+22,-6.251567092841734e+22,-2.1457927825737835e+22,7.446448580673217e+21,4.715339527302175e+20,6.567660410206977e+21,-1.406733444308727e+22,1.8964001662309327e+22,2.273893245684745e+22,2.2583280396904738e+22,2.0963355746255774e+22,3.790534307069534e+22,2.406360319524783e+22,5.626378267494391e+22,7.434034362504882e+22,-3.181576810387705e+22,2.8279358022406537e+22,1.5116856022515682e+22,6.245069718027907e+22,2.438046568607836e+23,2.009600591527734e+23,1.6345892855663416e+23,1.6137214865586525e+23,-1.9025986578908094e+22,3.3713622033845585e+22,-1.9217474765120906e+23,2.641269328633575e+23,3.059494856327213e+23,1.9761324303411452e+23,2.080639464838175e+23,1.1958102282988738e+23,-1.1209792355149676e+23,7.613389493198643e+22,6.829089792903685e+22,-7.882513757014184e+22,-8.029483624459852e+22,1.1793896192305064e+23,-3.4082707436407777e+22,1.9463128404865894e+22,-3.944200219089146e+22,-5.37283373403271e+22,-9.961337235726574e+21,-1.2680466280412569e+21,-2.0349391507550715e+21,-2.0828116835524493e+21,-1.7886849482316682e+22,9.87572156704287e+21,9.558451527700334e+21,1.7256594485207533e+22,6.8233574744922104e+22,3.3470461819129197e+22,1.531553042933967e+22,6.661246929860931e+22,-8.078625087487581e+22,-2.0391069287672334e+22,-1.6398236406906102e+22,-2.152236859682381e+22,-4.986778612334856e+22,-3.885007577911304e+22,1.2882825964257202e+23,-8.186536829770932e+22,1.478621323521969e+23,-3.2440785082359327e+22,2.1749768018005863e+22,-4.687196529999834e+22,1.0755064587521039e+23,-6.029197061637265e+22,2.2463683189788528e+23,9.3556853955886e+22,-1.3250731600410009e+23,-9.03589610160353e+22,-1.7613558308838546e+23,-2.555518836763402e+22,-1.7652087588399024e+23,-2.1828161376344555e+21,-6.695116482230812e+22,-4.6147395387176035e+22,6.070142487204072e+22,8.540790345581288e+22,7.159959009527965e+22,1.149447379702547e+23,1.6554481862540203e+23,1.513151460828317e+23,1.134326567711331e+23,1.2765999720639853e+23,8.604130106196134e+22,1.1877561405112495e+23,4.897236495975352e+22,1.2121658058053906e+23,1.0209861861778111e+23,1.3436906646398505e+23,1.3017533155075063e+23,1.6086991294746966e+23,1.3825961477217968e+23,1.1706218278854996e+23,1.8956158542792605e+23,1.6335800500462495e+23,9.709350337528362e+22,8.957899392644497e+22,9.823040920405837e+22,1.2481596751866596e+23,1.4301812802431851e+23,1.611854319245171e+23
2.296899670639481e+23,2.704464754228685e+23,2.3483547274416483e+23,2.1977544376667072e+23,2.0188676129888406e+23,2.405778278676403e+23,9.906411362500179e+22,1.007876288317754e+23,-1.221421962904054e+23,1.8093168608136586e+23,1.316531893856933e+23,-5.780288198055932e+22,-1.4489638448915567e+22,3.333115491601751e+22,-6.2607227622657266e+22,-2.4936824351084526e+22,7.878822435168851e+21,1.7712244186671166e+21,8.682954384279743e+21,-1.247486845102753e+22,1.9933239396114375e+22,2.2307593083114186e+22,2.1495791048118996e+22,1.7774659006618057e+22,3.6440166212928966e+22,2.37885566972493e+22,5.266687068739293e+22,6.684751085097986e+22,-3.3339519292101515e+22,3.0617764333082538e+22,1.8699332390768865e+22,5.783091252984602e+22,2.074577635466605e+23,1.6912466817982176e+23,1.4175735196404415e+23,1.5464953641572612e+23,-1.8819128113937401e+22,3.581258601033795e+22,-1.7638945980870156e+23,2.288335899218601e+23,2.4533047399328983e+23,1.762726678344457e+23,1.9072374982695144e+23,1.1314975525348522e+23,-1.0251784364710502e+23,7.598333890450938e+22,6.690284258296424e+22,-7.178524156178022e+22,-7.631980246770667e+22,1.1601902860879526e+23,-2.496799414569106e+22,1.7715272932715433e+22,-3.4010071413647903e+22,-4.827684423339355e+22,-5.126179293591694e+21,-1.376060607141787e+21,-8.893809277570885e+20,-1.3282931557750363e+20,-1.4840444216494107e+22,1.0387592820213376e+22,9.859688124611811e+21,1.6816847596334111e+22,5.9500290539519925e+22,3.2534447437069756e+22,1.5500655861608e+22,6.230001274042283e+22,-6.827598773142913e+22,-1.5472578619927767e+22,-1.0952828248567323e+22,-1.4484434772673836e+22,-3.954811498735224e+22,-3.857966150758134e+22,1.0973792480665166e+23,-7.040019458555226e+22,1.452109692155253e+23,-3.03200523475692e+22,2.229980024203458e+22,-4.833492775179575e+22,9.88399559434627e+22,-5.161751130141087e+22,1.93694418095792e+23,8.114541430174717e+22,-1.2855763761580593e+23,-7.5232998091131416e+22,-1.6719099164394453e+23,-2.7081785132277255e+22,-1.7036943362432334e+23,-3.2869340666652855e+21,-6.592733806164899e+22,-4.226290296542437e+22,5.3059463117472805e+22,6.943646608394607e+22,5.8860924565915265e+22,9.358780490516924e+22,1.4426422076525637e+23,1.3119437103721505e+23,1.0142832450156652e+23,1.1145721221916347e+23,7.6089086012574e+22,1.0266199780065826e+23,4.45311078346181e+22,9.84832739385149e+22,8.433740118352803e+22,1.0641014829018141e+23,1.0802400619792712e+23,1.320811002759269e+23,1.1386271394504865e+23,9.714906350498157e+22,1.6335800500462495e+23,1.4670929084093317e+23,9.013403903031381e+22,8.15338406252816e+22,8.695010653679392e+22,1.0667744508501439e+23,1.2149877782345858e+23,1.3720854873689343e+23
1.355130769330608e+23,1.4927391084137857e+23,1.3774533944630333e+23,1.350689131755656e+23,1.2734740543539518e+23,1.4481165227182738e+23,6.788313154446043e+22,6.901449502738245e+22,-6.781299794408034e+22,1.198726634829509e+23,8.681482577674503e+22,-3.2126990310398077e+22,-9.791734731841873e+21,2.815893888886088e+22,-4.294285198782516e+22,-1.7010739253082879e+22,5.116556622774544e+21,1.6955005289138162e+21,6.562517556445774e+21,-6.837164226526313e+21,1.3945429877368818e+22,1.4791180140160464e+22,1.346260696868361e+22,9.363406081220282e+21,2.409515182129372e+22,1.6017077112728919e+22,3.423813302987157e+22,4.380299328275792e+22,-2.403914834612132e+22,2.257717296539716e+22,1.5336658205217837e+22,3.998824019476484e+22,1.2762162533092915e+23,1.042078688610053e+23,8.97641619142169e+22,9.92077382844404e+22,-1.317860321658481e+22,2.5331403990948517e+22,-1.1420369559780369e+23,1.3445572292948382e+23,1.2864590340054271e+23,1.0390952274147535e+23,1.1670695539988399e+23,7.1628735463803064e+22,-6.213240437864343e+22,5.06681652586361e+22,4.425721703037683e+22,-4.395492145989567e+22,-4.9235076325331024e+22,7.590760609552333e+22,-1.1283825215178185e+22,9.265232136927344e+21,-1.8512585048626414e+22,-3.048159372894415e+22,-7.666111287522352e+19,-1.0270004583824033e+21,2.20687325183571e+20,1.1459351528826246e+21,-7.456815072221072e+21,7.54352602361297e+21,6.880126859796012e+21,1.096874229655982e+22,3.5245618325756597e+22,2.1703331371372377e+22,1.0701510498953254e+22,4.003346580326751e+22,-3.929119749724224e+22,-7.349872124374982e+21,-4.3723444652676853e+21,-6.086088776010136e+21,-2.2033482679799725e+22,-2.8400139310142176e+22,6.3481797222678976e+22,-4.068883141976544e+22,9.401153892247522e+22,-1.84522454876303e+22,1.5885727592597877e+22,-3.6819114323331655e+22,6.5505820987777035e+22,-3.014871143360326e+22,1.2146678101131883e+23,4.574429374732456e+22,-8.507077931619319e+22,-3.675316930571777e+22,-1.1040143336746648e+23,-2.2786299365918104e+22,-1.1456962050932352e+23,-6.24057143387719e+21,-4.422268080449661e+22,-2.6380890570997073e+22,3.4329613752565225e+22,3.90249581940127e+22,3.4879719423598047e+22,5.322635735303554e+22,8.864956639978575e+22,7.632102975616351e+22,6.413187643252662e+22,6.591370784228499e+22,4.803639944132392e+22,6.078287703016814e+22,3.25369992545227e+22,5.6612622774844885e+22,5.170018518284307e+22,5.897837314464274e+22,6.444046425104887e+22,7.807687878372685e+22,6.827032903563652e+22,5.460451444190195e+22,9.709350337528362e+22,9.013403903031381e+22,5.755347090577958e+22,5.1518158545608575e+22,5.393953263066816e+22,6.4617328310549735e+22,7.296547458328045e+22,8.188810243451391e+22
1.2097478094611056e+23,1.4345744466089317e+23,1.2467666204360843e+23,1.1746306827569862e+23,1.1358975315151731e+23,1.3737346799612894e+23,5.666188807396781e+22,5.845791143882424e+22,-6.724280746917324e+22,1.0516116177092198e+23,7.260103004219386e+22,-3.1417083917237286e+22,-8.218705583429914e+21,1.9434799490090372e+22,-3.6231097182664486e+22,-1.1848789368959805e+22,3.9868581977190836e+21,7.254257462035069e+20,4.466325809430386e+21,-6.244841658843475e+21,1.1599538100031411e+22,1.2940184367721907e+22,1.1893291791176413e+22,8.819019229468737e+21,2.1409952131753745e+22,1.4006155775970296e+22,3.0862039794201546e+22,4.077673175406029e+22,-1.9932331622912758e+22,1.8607980570318322e+22,1.2443150176768223e+22,3.6890809328833825e+22,1.215877784181807e+23,9.943985906168955e+22,8.477148778628045e+22,8.329486702812496e+22,-1.08669060545115e+22,2.1108089796399884e+22,-1.036304506262958e+23,1.1973323739972924e+23,1.190871486596427e+23,9.03432558781932e+22,1.0044551619644398e+23,6.023451510934247e+22,-5.295300630353996e+22,4.19588575752e+22,3.714688228720162e+22,-3.8023574473854685e+22,-4.181417591614856e+22,6.327478664647496e+22,-1.21533523113601e+22,7.156650671377373e+21,-1.6442547713485312e+22,-2.4573412847260652e+22,7.302992821910506e+20,-8.734785955563615e+20,7.731807083279837e+19,8.053093436156808e+20,-6.651809195855377e+21,6.477364010980999e+21,5.968719842638088e+21,9.605671430852864e+21,3.1936520316281304e+22,1.9133649370510696e+22,9.321808211930571e+21,3.5626394525020604e+22,-3.53495055100297e+22,-6.671615231934774e+21,-4.264038353834325e+21,-6.072134823480915e+21,-2.012288562260952e+22,-2.317731653354228e+22,5.611600694052565e+22,-3.577636808897006e+22,7.737378211327036e+22,-1.5072428758675633e+22,1.373796997590674e+22,-2.98812611585645e+22,5.991441398869293e+22,-2.659072219955615e+22,1.1514700229187685e+23,3.981832274305171e+22,-7.330485075552081e+22,-3.4394572156571105e+22,-9.75815344861891e+22,-1.8482610116572006e+22,-1.007203882968113e+23,-5.130349065728932e+21,-3.725918996832492e+22,-2.256344414305634e+22,3.2625061834296396e+22,3.606442223345315e+22,3.4025658296898385e+22,4.952630259717179e+22,8.260838873764898e+22,6.8527695484437435e+22,5.922064880248319e+22,5.91482955027242e+22,4.482817482234469e+22,5.513343094045062e+22,3.0648847823137606e+22,5.267664769166788e+22,4.999389721039167e+22,5.645971340919886e+22,6.105523298161019e+22,7.429290774821434e+22,6.583345896682839e+22,4.959385095123376e+22,8.957899392644497e+22,8.15338406252816e+22,5.1518158545608575e+22,4.674835913239816e+22,4.970148181264593e+22,6.045705162200092e+22,6.828065220616327e+22,7.633743799324144e+22
1.3028448098547836e+23,1.6682397067959666e+23,1.350047988473796e+23,1.2197347602048381e+23,1.199746987467092e+23,1.5462961108887058e+23,5.5166705339064165e+22,5.776408834180318e+22,-7.783473605341762e+22,1.0830621790857899e+23,7.140465424302562e+22,-3.596003380704501e+22,-8.116300602764122e+21,1.4625080182192483e+22,-3.539600889274185e+22,-9.350531669320895e+21,3.6184596177419743e+21,1.9797434096724836e+19,3.265491254770874e+21,-6.730064120406089e+21,1.110887977522648e+22,1.30373740074974e+22,1.2146024990656675e+22,9.849937460439374e+21,2.1993652650085477e+22,1.4119529839530416e+22,3.2245793310819836e+22,4.3988663849989e+22,-1.8934654464051236e+22,1.735614932908307e+22,1.0968486761466853e+22,3.913537560270711e+22,1.3588941069095148e+23,1.1209204824225046e+23,9.36265653298108e+22,8.36046959726913e+22,-1.0549693678575612e+22,2.0195243295601156e+22,-1.0934262328587303e+23,1.2886101131270216e+23,1.3601440211950432e+23,9.432603806195149e+22,1.0334296986116043e+23,6.053264897713019e+22,-5.408233554918366e+22,4.090077887202423e+22,3.682013333078513e+22,-3.924306005329384e+22,-4.2183895680693584e+22,6.214866158750518e+22,-1.4889270325020212e+22,6.692165181946452e+21,-1.7496885876086647e+22,-2.4290766087900352e+22,6.922319530646697e+20,-8.766578584361764e+20,-1.5216718766354294e+20,4.155298622551625e+20,-7.339061529726836e+21,6.416062063427186e+21,5.984533921913305e+21,9.863926198832829e+21,3.467158993037024e+22,1.9622136259870355e+22,9.374723575349634e+21,3.716051572281591e+22,-3.845154060772197e+22,-7.606067036432706e+21,-5.455764314886475e+21,-7.84845808836694e+21,-2.272041516662505e+22,-2.2360222160641277e+22,6.020086905636985e+22,-3.80155410842142e+22,7.568500797252539e+22,-1.4727190659859451e+22,1.3741917599460556e+22,-2.846200721642116e+22,6.348209842356582e+22,-2.8352816081959918e+22,1.2772240113784422e+23,4.18782911777292e+22,-7.333131045168454e+22,-3.747033324524704e+22,-1.0017559621683723e+23,-1.7649579116186965e+22,-1.0251973593037474e+23,-4.993235697407247e+21,-3.667478102735529e+22,-2.2955699828088904e+22,3.599526791202384e+22,4.06236429670254e+22,3.91383225609934e+22,5.6011498029383684e+22,9.056984466259145e+22,7.3695908361721556e+22,6.388178751873691e+22,6.342201140313513e+22,4.882784933254417e+22,5.982016394442632e+22,3.329044179396175e+22,5.97682441549409e+22,5.7156883416886215e+22,6.5491096138649885e+22,6.906299302735202e+22,8.46820825771481e+22,7.516419289022786e+22,5.468714790364086e+22,9.823040920405837e+22,8.695010653679392e+22,5.393953263066816e+22,4.970148181264593e+22,5.392178369548322e+22,6.710276506703317e+22,7.596634493342583e+22,8.465551227551495e+22
1.6754730313764135e+23,2.264805514523918e+23,1.72060530469961e+23,1.5068725771404544e+23,1.491901168715184e+23,2.0096559504325313e+23,6.352160395981032e+22,6.769104670134616e+22,-1.0032836563168792e+23,1.3157831655506645e+23,8.34844725652377e+22,-4.7247875776034005e+22,-9.934394011334398e+21,1.4598123551264745e+22,-4.153762509190666e+22,-9.861325683049072e+21,3.8674286759677075e+21,-2.4433429730734693e+20,3.1255727409805766e+21,-7.700932626987643e+21,1.228104213508029e+22,1.4804192194754253e+22,1.3745643166116862e+22,1.1749727857248639e+22,2.5541997004423732e+22,1.6074172564924554e+22,3.81836231771853e+22,5.426794148539585e+22,-2.1853232718330836e+22,1.9505792044530443e+22,1.141747029993758e+22,4.814545459891372e+22,1.742950013365061e+23,1.4633623441903588e+23,1.1874469720031287e+23,1.0056002873782607e+23,-1.3245635910433816e+22,2.215756802236703e+22,-1.330226235778697e+23,1.662061217691701e+23,1.848257032326987e+23,1.1807448245850231e+23,1.2724796505071381e+23,7.396689416237323e+22,-6.717021177660027e+22,4.787507100091561e+22,4.378488727566925e+22,-4.898868786204875e+22,-5.139771380548622e+22,7.2914831472796964e+22,-2.0140546029699794e+22,8.282721531218045e+21,-2.2012150461961398e+22,-3.3970195157453573e+22,-2.6859269731812875e+21,-9.848895822688017e+20,-7.128118749297933e+20,-5.974077112670196e+20,-9.551758428057004e+21,7.185749414807006e+21,6.645333922128824e+21,1.1338429689174042e+22,4.405858251730127e+22,2.2803575941747454e+22,1.0565518338009804e+22,4.449873099064409e+22,-5.106354713348811e+22,-1.1454115739182658e+22,-9.533428063242878e+21,-1.3187396143589651e+22,-3.2770738631554456e+22,-2.9577039717133424e+22,8.011855407347503e+22,-5.007625760069544e+22,8.931015986954017e+22,-1.8448109479719424e+22,1.56599232006533e+22,-3.646610243609875e+22,7.740134254712372e+22,-3.781442742664424e+22,1.6233198524456518e+23,5.388859820518377e+22,-8.612872644248584e+22,-4.493487631171142e+22,-1.1931637727444806e+23,-2.3709207434339702e+22,-1.2075988820674786e+23,-8.470775012339971e+21,-4.327652456602098e+22,-2.9024368309382167e+22,4.527769371782098e+22,5.5703451340567466e+22,5.094065599647194e+22,7.638552631138124e+22,1.1369169479769136e+23,9.395769590760635e+22,7.859898864352742e+22,8.068433261341928e+22,6.0533014449611336e+22,7.68278759772123e+22,4.26331263474034e+22,8.198754130103383e+22,7.555866137222146e+22,9.01871205143464e+22,9.136042517568882e+22,1.1321280633581166e+23,9.9139173603821e+22,7.329838923399376e+22,1.2481596751866596e+23,1.0667744508501439e+23,6.4617328310549735e+22,6.045705162200092e+22,6.710276506703317e+22,8.622171246884658e+22,9.813773385392991e+22,1.0903136666816744e+23
1.9439461431979603e+23,2.619609596462834e+23,1.987917624031429e+23,1.7397684985158297e+23,1.7037365505185735e+23,2.286789309626824e+23,7.199380061223227e+22,7.667142133880744e+22,-1.1459741582019254e+23,1.4913943779543915e+23,9.552014345463107e+22,-5.453510118410658e+22,-1.1476225638380434e+22,1.6874011375410071e+22,-4.748530649080396e+22,-1.2293634539032362e+22,4.5151362123918884e+21,-5.848278597916191e+19,3.8662983605676954e+21,-8.743612548355339e+21,1.377396511003951e+22,1.6583385996020339e+22,1.5502673906546527e+22,1.3404644723872317e+22,2.8561663363338065e+22,1.793072721248307e+22,4.282341573759117e+22,6.075012896687695e+22,-2.4902227620461044e+22,2.2149605724020185e+22,1.272794334147153e+22,5.375257109128113e+22,1.9720845266083204e+23,1.6589159515017616e+23,1.337039315947004e+23,1.1561242798704754e+23,-1.541585904047441e+22,2.4726259124460403e+22,-1.5025189818579906e+23,1.9338641209339492e+23,2.1811046189872237e+23,1.3791658242493956e+23,1.4757055848004874e+23,8.592837769614892e+22,-7.86668033706687e+22,5.489688322420075e+22,5.0190537110250865e+22,-5.712846531495517e+22,-5.929815973804206e+22,8.375289480410942e+22,-2.36812753337406e+22,1.0575147461361164e+22,-2.6096107112238267e+22,-4.142013302652398e+22,-5.418761695420388e+21,-1.0674522456779319e+21,-1.1306364109863837e+21,-1.254308691494754e+21,-1.1498653479123169e+22,7.873639095729295e+21,7.269146816775608e+21,1.263264475684936e+22,5.078661640457459e+22,2.54292484514752e+22,1.1659183275457412e+22,5.0229158642484515e+22,-6.0120242581000686e+22,-1.430516923910761e+22,-1.2214678205912364e+22,-1.6514041034954796e+22,-3.926244132721294e+22,-3.477306201136362e+22,9.484002095058873e+22,-5.939541287424303e+22,1.0314890423487941e+23,-2.2141955635050906e+22,1.7277700913115116e+22,-4.2278391344055695e+22,8.682875566777773e+22,-4.485194825932396e+22,1.8297426665028532e+23,6.412375174255061e+22,-9.804302583730826e+22,-5.329101786736951e+22,-1.3485475032770854e+23,-2.7381843042456694e+22,-1.3588213809244317e+23,-9.687966976297505e+21,-4.950831290671247e+22,-3.4038728966161452e+22,5.0624046174646705e+22,6.555203960337323e+22,5.749735238682757e+22,8.927314800771881e+22,1.2877157105745351e+23,1.0938461983843937e+23,8.853072530790741e+22,9.364557968858043e+22,6.806173430401732e+22,8.892574670636912e+22,4.720096942278989e+22,9.565181719771482e+22,8.542541127151685e+22,1.0499779382952236e+23,1.0443972401847536e+23,1.2973230542182682e+23,1.1260694668005505e+23,8.639584689845005e+22,1.4301812802431851e+23,1.2149877782345858e+23,7.296547458328045e+22,6.828065220616327e+22,7.596634493342583e+22,9.813773385392991e+22,1.120164608734218e+23,1.2469490973700252e+23
2.2149551557696437e+23,2.9439090263170725e+23,2.2667159245673113e+23,1.987614161716513e+23,1.908737113868299e+23,2.529576177465035e+23,8.106198357462611e+22,8.570093442091915e+22,-1.2871623613690239e+23,1.6570829893192263e+23,1.0885897029829614e+23,-6.1674625689223694e+22,-1.2794131155057516e+22,1.886428571496766e+22,-5.305651906367595e+22,-1.5206046055819827e+22,5.454205984350747e+21,6.047268705387511e+19,4.6845436388343955e+21,-1.0535114505398757e+22,1.5532184121512968e+22,1.8740680767819974e+22,1.7946126774497075e+22,1.6037314929563055e+22,3.1935568416325834e+22,2.008570745606256e+22,4.7819780156311835e+22,6.641615039510195e+22,-2.74845794831013e+22,2.438962839556936e+22,1.3570906904149493e+22,5.771221504164117e+22,2.169826094196618e+23,1.8143620345638147e+23,1.4642868714142471e+23,1.319023221364731e+23,-1.690333839612686e+22,2.7750964324655897e+22,-1.6668912793220342e+23,2.206520358482859e+23,2.5234672217526996e+23,1.5987461355012803e+23,1.6969761405496063e+23,9.819234394974338e+22,-9.094174877995018e+22,6.239056226136688e+22,5.670968232610881e+22,-6.523521727091813e+22,-6.705411715953125e+22,9.578136610664556e+22,-2.7801330479186244e+22,1.358205823782294e+22,-3.0912511448079485e+22,-4.672089669081486e+22,-7.479244632847757e+21,-1.1359036913345947e+21,-1.5128802811441114e+21,-1.6932257583681228e+21,-1.3823606362633767e+22,8.568076627963335e+21,8.031055667959485e+21,1.421909103166451e+22,5.747242487317785e+22,2.8297507729089952e+22,1.2916627775904549e+22,5.625747979868276e+22,-6.83939356161147e+22,-1.6809592856610911e+22,-1.417100933550231e+22,-1.8913809558403023e+22,-4.407277554489015e+22,-3.6993113368322663e+22,1.0839059550534483e+23,-6.818334468808771e+22,1.1878617574036523e+23,-2.5880426660547185e+22,1.8875347234977854e+22,-4.476711644572703e+22,9.524612922590512e+22,-5.1054193747037535e+22,2.0070599439264755e+23,7.510653459659118e+22,-1.1076037062392177e+23,-6.619138627614108e+22,-1.5049759997244127e+23,-2.757692480604703e+22,-1.511819739436746e+23,-7.755054324777598e+21,-5.5906364034824e+22,-3.8682978340784415e+22,5.503548476346645e+22,7.392076080306981e+22,6.349812163694563e+22,1.0017803336021068e+23,1.4338912157132455e+23,1.253422311456186e+23,9.830694777642531e+22,1.0668413624583804e+23,7.52683990065594e+22,1.0059958976885827e+23,4.894437639161402e+22,1.0678813461974048e+23,9.308872982693635e+22,1.1765841754556709e+23,1.1550388335666192e+23,1.4332168665509373e+23,1.2388027315118011e+23,9.869497526110394e+22,1.611854319245171e+23,1.3720854873689343e+23,8.188810243451391e+22,7.633743799324144e+22,8.465551227551495e+22,1.0903136666816744e+23,1.2469490973700252e+23,1.394139613807013e+23
