0,1,2,3,4,5,6,7,8,9,10,11,12,13,14,15,16,17,18,19,20,21,22,23,24,25,26,27,28,29,30,31,32,33,34,35,36,37,38,39,40,41,42,43,44,45,46,47,48,49,50,51,52,53,54,55,56,57,58,59,60,61,62,63,64,65,66,67,68,69,70,71,72,73,74,75,76,77,78,79,80,81,82,83,84,85,86,87,88,89,90,91,92,93,94,95,96,97,98,99,100,101,102,103,104,105,106,107,108,109,110,111,112,113,114,115
2.0054770220845e+27,3.45798120040897e+27,1.3350777551928705e+27,1.4204605068650922e+27,7.622447068026919e+26,5.435007632308343e+25,3.2579335718711784e+25,-4.134108766869022e+26,-1.077705040131031e+27,-5.805307073763083e+26,1.5905746522456467e+27,8.573503399532571e+26,6.48165645575305e+26,-8.95168067016784e+26,-1.1747566202936255e+27,-8.757419387440354e+26,5.993923891658955e+25,-7.741805070673228e+26,-6.702442064542259e+26,-4.887253365552888e+26,1.9503792676861624e+26,3.1705716924000865e+25,1.4031982285040646e+24,6.991169558092735e+25,1.0493004428693238e+26,1.0970934902491095e+26,9.161829665966866e+25,7.906478283655346e+26,-1.3296809458578762e+27,-7.953750211398265e+26,3.9994978371395036e+26,1.8328758550746703e+26,1.39387318468396e+26,7.182647601885594e+26,1.8592913793043943e+27,1.5735727028470622e+27,6.605073331353545e+26,2.9998369966123118e+26,-1.3317103123414465e+27,8.619226545437653e+26,2.1596284401648374e+27,-1.1269085650057675e+26,1.118571389822608e+27,-2.4251656949464078e+26,-2.6071283324604618e+26,6.228639499680346e+26,3.2158493990863846e+26,1.977365876088767e+26,2.5237011932705227e+26,-1.1503483282691837e+27,1.4131527610741352e+27,1.0686515141888773e+27,9.112294373952014e+25,-9.427377159324388e+25,3.2740544010398265e+25,-1.2211522831986108e+26,-8.881214249664875e+25,-1.0504593781116622e+26,9.834997690437577e+25,4.910675780951201e+26,1.5992819235982183e+26,1.5929297364872885e+26,1.0803571052716482e+26,2.7890503601017234e+26,1.5003217863782875e+26,2.0358295944257484e+26,4.8424389778057655e+26,-1.1839205117232204e+26,-1.1243907412722935e+26,7.488187352065344e+25,4.901759184832019e+25,-1.6989612393452996e+26,-3.351995150446687e+26,-1.1551534918470242e+27,1.5109171120109316e+27,1.4576316531538372e+27,6.094992092953753e+26,-1.1414670115127651e+26,3.3364971160902814e+26,8.58746582452927e+26,9.036304800032845e+26,-1.1712942818302981e+27,-3.448331651508149e+25,9.266345498887926e+26,-1.4349289103619763e+27,-8.573211547824057e+25,-9.676110809035993e+26,-4.826282444808877e+26,-1.160647007114084e+27,9.258868519882196e+26,1.2881559773279247e+26,1.7999452418348023e+25,1.3420731140482485e+26,7.246482482008525e+25,2.997741374413991e+27,-2.192119065752201e+27,-1.489945895332432e+27,-1.063131429289952e+27,-8.773745388223724e+25,-1.7379756896647914e+26,5.6196261805095935e+25,-4.6998773386297874e+25,2.880061561979455e+26,-4.728318557032362e+25,6.241361650598099e+26,-4.6333076965144084e+26,1.250784491057595e+27,-5.6344681253489326e+26,-2.6833177441577974e+27,-2.8440905163313647e+27,-3.4466446003955915e+26,-3.3954614833705676e+25,1.0175337528508992e+25,-1.4130154695538845e+26,-5.5369557378165966e+26,-1.1493725932976217e+27
3.45798120040897e+27,8.765193073285659e+27,2.2732558088157824e+27,2.4248792488917193e+27,1.5196488507648144e+27,1.1553519929942249e+27,1.292503974657532e+27,2.738867477017423e+26,-1.524984641288732e+27,-2.640693487443335e+24,4.122809898329559e+27,2.6603596604514026e+27,1.8127113471056397e+27,-2.0587315284766198e+27,-2.0133906788527485e+27,-1.991009632339173e+27,-1.6922746806104223e+26,-2.0822623648129382e+27,-1.6389525039772003e+27,-1.7281222152078905e+27,-5.137482538717577e+26,-5.979611914541499e+26,-6.93617669942641e+26,-7.540335807335331e+26,-1.6235517861946105e+27,-8.044579942720499e+26,-2.561570964182e+27,4.4455556111426454e+27,-2.23295683263751e+27,-1.2858344766398237e+27,5.0358376084139125e+26,1.6795990400834677e+27,1.5034026426364216e+27,1.937285899995709e+27,6.576221791104492e+27,5.124962140841191e+27,1.6672956384654833e+27,-1.099552943167357e+27,-1.2612514734006668e+27,2.046193516291264e+27,5.592058509365272e+27,4.451329487322816e+26,2.0729305307970983e+27,1.9798262964669005e+26,5.579333249083352e+26,2.0862443486268034e+27,1.0729853135055691e+27,1.1461498036410692e+27,8.513390801980949e+26,-2.4426790712161712e+27,4.0400185621659285e+27,2.8108220027649373e+27,9.826557029648655e+26,8.670224017977022e+26,9.130486236962826e+26,-9.289605334328304e+26,3.543464331861711e+26,2.81402178015077e+26,-2.221848548995184e+26,1.593246697679592e+26,-2.2059222359232203e+26,-4.9695603791082e+24,-1.3613707783748219e+26,-1.2163431203137867e+27,-6.595043111520105e+26,-1.9119143062897952e+27,7.716959885798164e+26,1.3830565127805968e+27,4.023409855422035e+26,-3.101705721654987e+26,-3.248464831007819e+26,4.533636231680003e+26,-2.5747793697421457e+26,-9.169831245179432e+26,4.9376660696390566e+27,4.1746127904039865e+27,-4.953365967648995e+26,1.5473327452302e+27,4.165048288364631e+27,-6.525032859900076e+26,4.798525829820038e+27,-1.9412971156639456e+26,2.6829573612875035e+27,5.20230717739535e+27,-5.591184762632743e+26,2.630047301226243e+27,1.8716125794918125e+27,3.2114113346069825e+27,-1.055239926506838e+27,8.487650336932371e+27,-1.1588658730744514e+27,-2.9475455553161062e+26,-5.960329732684843e+26,-4.532678303712257e+26,1.102007112387324e+28,-5.28460867035197e+27,-7.744922484498166e+27,-3.2242005701209224e+27,-2.82993915929271e+27,-1.3109824895525247e+27,-8.384437848014974e+26,9.289712595506817e+25,1.8325072719292096e+27,-7.496276939444471e+26,2.8466263248807017e+27,-2.1412857276815105e+27,3.081649994824941e+27,-1.6042446028245205e+27,-8.960390843273046e+27,-1.1905645689328022e+28,-6.458430193327705e+27,-3.1035373866357186e+27,-1.7935420360760232e+27,-1.8980095647358467e+27,-3.094204729946441e+27,-4.764822081285925e+27
1.3350777551928705e+27,2.2732558088157824e+27,1.0152590819653718e+27,9.61530432021774e+26,6.506796345076884e+26,1.6482421878643347e+26,1.5736314894528085e+26,-2.2090462178466298e+26,-7.517807543991763e+26,-3.488138936857983e+26,1.1973664423293192e+27,6.403073223120248e+26,4.745175146975367e+26,-6.515977362022953e+26,-7.88411632477208e+26,-6.259030587251926e+26,7.1822491761593125e+25,-5.31289824076772e+26,-4.6594095390484154e+26,-3.143561295521529e+26,1.6885649620255723e+26,3.6353885948570606e+25,-9.442673366251128e+24,-1.267872057008928e+25,1.4460293617237967e+25,8.573973586514094e+25,-6.351209750254029e+25,6.32321675335486e+26,-8.507550300231932e+26,-5.060884116230251e+26,2.23797538531963e+26,2.0413683628758633e+26,2.137505144133707e+26,5.562262289372336e+26,1.327512502062745e+27,1.2199970885667941e+27,4.5978379865363654e+26,2.2495907063656895e+26,-8.492597144802889e+26,2.3064022832328918e+26,7.941079723191659e+26,-3.490791518353839e+26,4.6627849178289296e+26,-3.0502079937463542e+26,-2.1620610302060027e+26,2.6951318443367203e+26,1.3277706101618715e+26,-7.318471919779778e+25,8.27620930181715e+25,-5.366673565654857e+26,7.82694373205516e+26,6.272392918865251e+26,-1.658862485345321e+26,-2.5956848380752877e+26,-1.9484913184024984e+26,4.338040163440712e+25,-1.8704596202073913e+26,-1.9140270216117195e+26,1.2391631637488933e+26,3.1395226378898055e+26,8.44177938291552e+25,6.5670296507892596e+25,3.3707264843331435e+25,1.3756335724906983e+26,9.652089474455674e+25,1.084371835608126e+26,1.3715599511518237e+25,-2.749857692734968e+26,-1.601251222975535e+26,7.906550344455866e+25,-7.786190651049056e+25,-7.217712980455687e+25,-1.0046766255118118e+26,-3.4821159249294315e+26,8.872849322982048e+26,7.801759090625437e+26,3.9537614454458136e+26,-2.8422398721408982e+26,4.4080495724329675e+26,3.2013903769085614e+26,7.812076797179487e+26,-5.186956444639848e+26,1.33879135027093e+26,2.8025318688646398e+26,-8.704227897432082e+26,-3.191554544882391e+26,-4.846172784676435e+26,-5.00927679906424e+26,-7.595649865381238e+26,3.0447648870924008e+26,-3.25690586738522e+25,-3.5013378172001863e+25,-1.4033727262266123e+25,5.78706738086036e+25,1.879326852651523e+27,-8.244626209038884e+26,-1.0790397857582077e+27,-2.8726252255010176e+26,-1.9611853657887177e+26,3.636120021379625e+25,-3.886700476925691e+25,-7.475115898831376e+25,2.148370185846976e+26,5.242598838337405e+25,3.65139326030355e+26,-1.63616166987114e+26,7.40705412909106e+26,-5.0629019808041975e+25,-1.3832982426457012e+27,-1.6210238595073193e+27,-3.0013731034079074e+26,-1.1922835944573325e+26,-8.241903559566324e+25,-1.2903191616507901e+26,-3.037849234283009e+26,-5.844452803507365e+26
1.4204605068650922e+27,2.4248792488917193e+27,9.61530432021774e+26,1.3647040732044778e+27,4.599515871624058e+26,4.780158384053873e+26,-2.9676841919761065e+26,-5.5844837931265134e+26,-6.940658051800723e+26,-5.5389962062598974e+26,1.5192808423502716e+27,1.3684236005578598e+26,4.138501249353521e+25,-3.8908421338044506e+26,-5.616116455456534e+26,-4.640498970365697e+26,-1.5248906551732093e+26,-4.025746123523379e+26,-3.2763040966225165e+26,-1.9436458874448245e+26,-2.0803487745035993e+26,2.013577225263525e+25,-3.4780346109816516e+25,-1.3552287663562528e+26,-1.9020475924533867e+26,-1.9761854340456727e+25,-3.899401653214313e+26,6.993211932834194e+26,-5.957537280814277e+26,-3.116447095209978e+26,1.071244467143015e+26,2.621169813753605e+26,3.06052154905452e+26,5.9802731373171236e+26,1.548110399644018e+27,1.3174140804828776e+27,-1.80867762011701e+26,-4.22884586349684e+26,-6.016499420441759e+26,1.026088196788035e+27,1.6844331980696804e+27,1.8031919795198233e+26,1.2481967234902546e+27,-8.301658522806964e+25,-5.587524867675262e+23,6.827916976244807e+26,3.8320601246827344e+26,2.5783005013042872e+26,2.9927700249543982e+26,-1.2842699215313947e+27,8.79134259022024e+26,4.68632006012145e+26,1.1253648245660238e+26,4.131935022136274e+25,3.577719710808133e+25,3.0061058794388365e+24,-7.825561028690522e+25,-5.4213821927020415e+25,7.272571839494121e+25,-5.899524081393827e+24,1.7563036900886567e+24,-1.0706841126479298e+25,-4.856958401508386e+25,-1.4661263848602834e+26,-3.1842092468719196e+25,-2.4730135576478216e+26,-5.63124666751135e+25,8.474858237387779e+25,3.2744374133886957e+24,-2.818283805733498e+25,-1.6329839832629725e+26,7.665056146692732e+25,-1.1300259019452926e+26,-1.7492476029349932e+26,1.6591546544173684e+27,6.738462862658969e+26,-1.3536654026943152e+26,2.0805016780698243e+26,9.694655674940611e+26,-1.093543514076365e+26,1.10183223115031e+27,-2.2530387483499205e+26,-4.4861043493299145e+26,1.153953422802692e+27,-7.174919386341602e+26,3.879533207505328e+26,-2.8502719142639677e+26,3.827254869109572e+26,-1.9709107269898038e+27,1.3499537869689192e+27,-2.0721541746885716e+26,-1.2359567273675175e+26,-2.2014130628478406e+26,-2.584628461325109e+25,1.8216381919152876e+27,-7.028367747081224e+26,-1.2074899889888797e+27,-3.20518829743979e+26,-3.948748875560756e+26,-4.758858648105765e+25,-1.2291538726811572e+26,-6.790497650627351e+25,1.5447523870873566e+26,-9.476288981994461e+24,2.460909997293529e+26,-1.5052641450840352e+26,5.141695282062044e+26,-1.0201534125344298e+26,-1.2556872199233683e+27,-2.1092831448321503e+27,-1.0822938897589773e+27,-5.02147062442211e+26,-3.251282295144559e+26,-2.78585460467148e+26,-3.357553889590982e+26,-5.098466691585382e+26
7.622447068026919e+26,1.5196488507648144e+27,6.506796345076884e+26,4.599515871624058e+26,5.171243948825815e+26,1.8831398835010614e+26,3.509785651688598e+26,3.843265407412175e+25,-4.7869666720833245e+26,-6.927222967975818e+25,8.234497320405534e+26,5.435112716674275e+26,3.786412264166045e+26,-5.009225683618452e+26,-5.497983211000448e+26,-4.745973711958162e+26,6.404531510442813e+25,-4.125518012566357e+26,-3.6415298503924647e+26,-2.5857396363527604e+26,1.1809144257267209e+26,-4.1183942842099356e+24,-3.858829132710094e+25,-4.218700182339832e+25,-5.461119293000514e+25,2.5243869024370408e+25,-1.4955234140208137e+26,5.873346491273065e+26,-5.800208513241129e+26,-3.536734086445235e+26,1.4630767545082343e+26,2.1873726564395324e+26,2.59000273758852e+26,4.147554448930225e+26,1.0156996642777839e+27,9.796000237318388e+26,3.722265186793954e+26,1.3768840369021708e+26,-4.954124457242293e+26,-1.295844470653185e+26,1.9044351923543445e+26,-3.530999758370692e+26,7.252494427205102e+24,-2.07610792884466e+26,-1.0537205291590346e+26,1.1819666746965385e+26,5.058715579179306e+25,-1.0576598023265449e+26,1.7736938943662187e+25,-1.2232610125050791e+26,4.7628294985495285e+26,4.005882506518494e+26,-1.639346026136052e+26,-2.1220037176575813e+26,-1.7386581846561586e+26,2.9467122962818375e+25,-1.4650689640960879e+26,-1.5407984098523945e+26,8.413864127570817e+25,2.006558812838623e+26,3.88740128895176e+25,3.4068918654971914e+25,1.5246263733079143e+25,4.33822841411416e+25,4.316629262787326e+25,1.365958452679971e+25,-8.057943627356089e+25,-2.0896340453188942e+26,-1.2792098271779616e+26,6.123318741934657e+25,-8.64183695946177e+25,-1.872669379491104e+25,-8.244532616131954e+24,-4.589869789049908e+25,5.2889183286689355e+26,4.88370921569937e+26,2.3081973719156917e+26,-2.1302534959967194e+26,4.79201505281536e+26,6.871147594796531e+25,6.982043878154646e+26,-1.6905929465321644e+26,4.279244392654965e+26,1.474665007714313e+26,-4.155896597290261e+26,-2.195521273346971e+26,-6.870444364004621e+25,-2.548900638587675e+26,-2.9385924687995937e+26,2.93145604194962e+26,-8.828785535631495e+25,-3.6489047234229144e+25,-3.5255719291081986e+25,2.3428269859179107e+25,1.4587241084764692e+27,-4.0300740725442055e+26,-9.578264849139684e+26,-1.056945924476714e+26,-2.586459685712315e+26,3.8024118057474153e+25,-7.5483772433953995e+25,-5.4700819773313126e+25,2.139643759825732e+26,4.361479818430014e+25,3.14802808801917e+26,-1.1414723539369887e+26,5.112466469079926e+26,4.674381695180874e+25,-9.756644651809373e+26,-1.2142598386424104e+27,-3.741408529580017e+26,-1.7374770665296535e+26,-1.107885144799406e+26,-1.323207785106264e+26,-2.5724700947933807e+26,-4.535613777316044e+26
5.435007632308343e+25,1.1553519929942249e+27,1.6482421878643347e+26,4.780158384053873e+26,1.8831398835010614e+26,1.2481336833545122e+27,3.0017074655784088e+26,1.5466805260935521e+26,1.7064063723717414e+26,3.073108388686954e+26,1.342275435867078e+27,-1.7958316314697756e+26,-3.467967520908187e+26,9.824529565315147e+25,3.475525242173915e+26,-1.7440728035029039e+25,-4.640985464051302e+26,-9.43176231573919e+25,-2.454026609093814e+25,-4.042903034269043e+25,-8.218505702263807e+26,-1.945086144530399e+26,-2.824469290645658e+26,-5.821108591173157e+26,-9.290627630648751e+26,-4.242426120331541e+26,-1.5494806324015226e+27,1.3663163909096142e+27,4.9888121378696885e+26,3.484473946419511e+26,-2.859210087421389e+26,7.552551480476452e+26,9.630188673397844e+26,5.305996739705492e+26,1.7479241400976657e+27,1.5522962595964593e+27,-8.474205476420421e+26,-1.5158605204309902e+27,9.21096345838152e+26,3.932130569829615e+26,1.3658683334101506e+26,3.571781275868851e+26,4.025041788006942e+26,2.8656241173194268e+26,6.316737656041939e+26,7.174113143376636e+26,4.4954025157556665e+26,3.625183868443586e+26,3.440932667355712e+26,-6.484636342905098e+26,2.5712373623345806e+26,-1.7920641006629635e+26,1.8470533428606735e+26,3.1575708736872426e+26,1.124199270316313e+26,7.3882679978315026e+25,8.665997445181209e+24,6.013244137026097e+25,-1.1792427896808628e+25,-6.863550570126421e+26,-2.4451930663336343e+26,-2.4682490041123337e+26,-2.9961512084433857e+26,-9.235381155695824e+26,-3.6836123192078844e+26,-1.1677478009861147e+27,-9.083568695091457e+26,5.397611709576803e+26,2.1482144630096473e+26,-2.1609044877298576e+26,-5.502773156617891e+26,5.559447352307181e+26,3.0726754680041656e+26,1.5724836130239823e+27,1.7423162530941946e+27,-1.6150090071765374e+26,-1.2376349067683895e+27,8.595279573594703e+26,2.693243025316613e+27,-1.923654400430667e+27,2.1717994049212948e+27,1.6368181422735555e+27,6.939680213041886e+26,1.7866334785159975e+27,1.2771680056645523e+27,1.405717100493989e+27,2.127921221763047e+27,2.2584041015135647e+27,-1.6117422534106047e+27,2.9201644045532855e+27,-8.899165265298874e+26,-4.365869394951828e+26,-7.547567699456635e+26,-2.7050681918386816e+26,1.3433533150319617e+27,1.3661172622847531e+27,-1.9364478948963475e+27,6.644384969027198e+26,-1.334054705932616e+27,6.840181677676659e+25,-5.150215520974757e+26,-1.2625579401692061e+26,2.620846075052433e+26,4.234628210056215e+25,8.254128710656332e+25,1.6563930553063894e+26,-3.450937855255381e+26,5.153233759234034e+26,7.428387383711356e+25,-1.9483429880008946e+27,-2.943567094173311e+27,-1.5344688071195062e+27,-9.74297203840105e+26,-6.216722422687606e+26,-3.0631580419511955e+26,-7.356466406300339e+25
3.2579335718711784e+25,1.292503974657532e+27,1.5736314894528085e+26,-2.9676841919761065e+26,3.509785651688598e+26,3.0017074655784088e+26,1.9852248422797096e+27,1.509459551820028e+27,7.54176936320021e+26,1.2943521768493057e+27,1.061159397973991e+27,2.368311512515987e+27,1.596281459106981e+27,-3.295884413329803e+26,4.4473649525024134e+26,-1.96382502879355e+25,1.4232107229453313e+26,-1.714434438872338e+26,-6.216352693238854e+24,-3.827306293186531e+26,3.674996544079019e+26,-1.3345158208348744e+26,-2.226689174942778e+26,-2.938617937035055e+26,-4.1698832118661055e+26,-8.047847299088414e+25,-8.978687174550421e+26,1.1759124451778887e+27,5.3111205530876074e+26,3.238432583320163e+26,-2.1255265077586114e+26,5.720085813211714e+26,5.9526747970729685e+26,1.342995796449381e+26,9.217405952288006e+26,2.323241807435352e+27,1.7641344823137314e+27,6.422250690696809e+26,1.1065274842276015e+27,-9.566470693112879e+26,-1.2124763323754735e+27,-6.277672878441136e+26,-7.681878935853426e+26,-2.9668454750308385e+26,-1.6961132382697727e+26,6.65002455217785e+26,2.63237160502591e+26,1.845111228546797e+26,1.5480308205170742e+26,4.797346762943784e+26,2.0780456092585037e+27,1.5978224771798177e+27,2.2816167098216297e+26,1.580721487920407e+26,2.9724220890399542e+26,-1.9864807264924486e+26,2.04275589208068e+26,1.0175371130233683e+26,-8.589883683287011e+25,6.0897047685171775e+26,9.279317952594808e+25,6.236023111915728e+25,-5.60770650492824e+25,-2.2398485685000846e+26,7.874449442883981e+25,-6.790867414975223e+26,2.2099077890415193e+26,4.331192893432137e+26,1.1873388679257526e+26,-1.1069562710339874e+26,-1.7583473302309618e+26,-1.2433046013130904e+25,-8.024702687452376e+25,-3.4009521624738285e+25,1.1141222444668634e+27,2.088945168058686e+27,7.893334622086328e+26,2.016759059862406e+26,1.4131388450202052e+27,-2.8822371521151454e+26,1.4764896935153995e+27,1.0579967173579455e+26,3.5578163006803393e+27,1.6250712432736123e+27,1.9393696205879444e+27,5.5000510113015906e+26,2.8803108623126617e+27,8.766316169129774e+26,3.4026407237320346e+27,3.3980571034656553e+27,-6.586708624411057e+26,-2.332388331872794e+26,-3.774233925408479e+26,-2.695236330055607e+26,2.160577196257686e+27,-1.3958699303304533e+27,-2.0080615978730994e+27,-1.0780013803858261e+27,-1.2243911383992147e+27,-4.533046997803266e+26,-5.2859369392053886e+26,-2.709027533698579e+25,7.157056511687152e+26,-2.0427806767098573e+26,8.944390167424306e+26,-5.700402080908645e+26,-9.041780615336004e+25,-4.752966439872512e+26,-2.0863737121439505e+27,-3.2554040531953636e+27,-2.2020399415064878e+27,-1.1966861249561975e+27,-7.508400998882927e+26,-7.303193835296714e+26,-9.841116815751058e+26,-1.3466960416536603e+27
-4.134108766869022e+26,2.738867477017423e+26,-2.2090462178466298e+26,-5.5844837931265134e+26,3.843265407412175e+25,1.5466805260935521e+26,1.509459551820028e+27,1.3011772867449495e+27,9.112778605989831e+26,1.1743920713912818e+27,3.723669166659345e+26,1.7012414957016288e+27,1.1931130622197505e+27,-5.970249684574752e+25,6.615841128108439e+26,2.1276643149836787e+26,9.88180608665042e+25,4.5398884449960946e+25,1.6623700703540077e+26,-2.323864524947004e+26,2.6245241876823005e+26,-1.3019268310979208e+26,-1.8481752873918603e+26,-2.3921140350416498e+26,-3.496676753332245e+26,-1.0283126542242905e+26,-7.212703382856576e+26,7.717393220406416e+26,7.539921391382068e+26,4.543906625556933e+26,-2.553943766466179e+26,4.191221852403439e+26,4.042442597409913e+26,-8.524117236754129e+25,2.972172449344003e+26,1.3462227380092412e+27,1.3772626709879166e+27,4.899492867713726e+26,1.219713880710278e+27,-8.639023871218874e+26,-1.320727170370665e+27,-3.906155877474747e+26,-7.707393986835056e+26,-1.2388435639775922e+26,-4.247844753268053e+25,4.2815105435618595e+26,1.8175828921663765e+26,1.619265363160267e+26,1.1181110884542573e+26,5.7107797659411104e+26,1.3367803181318906e+27,1.0819361011578725e+27,2.0267602141682652e+26,1.7957716555082166e+26,2.5855950814663573e+26,-1.363325252329089e+26,1.983763034579949e+26,1.234950505267451e+26,-9.015398112217546e+25,4.1670664661471476e+26,6.28765350753094e+25,3.234028426565739e+25,-6.172534083832585e+25,-2.0080809527265222e+26,4.271742535376507e+25,-5.542703664792704e+26,1.4375169688793116e+26,3.9509459523463895e+26,1.3600707497396188e+26,-1.122148788181419e+26,-1.3143011007943468e+26,2.2481484534573914e+25,-3.648230353247363e+25,9.734933159204487e+25,5.2440821666810715e+26,1.4076578903070648e+27,5.508799094639973e+26,2.331313157698113e+26,1.0104613349059586e+27,-3.425687765767426e+26,9.491563673706302e+26,2.5576122880647206e+26,2.847590651994929e+27,1.1204417156121194e+27,1.9225012756534397e+27,5.0423091127563796e+26,2.5784678620185725e+27,8.124777974310557e+26,3.228566573127994e+27,2.5178018448815337e+27,-5.368592610036818e+26,-1.964910937805448e+26,-3.056696723869967e+26,-2.2531855282751737e+26,1.1265113109789236e+27,-8.182032167597843e+26,-1.2944114547762622e+27,-7.35099619255439e+26,-9.521329309778734e+26,-3.411516761402079e+26,-4.267105182595274e+26,-1.7712109152120001e+25,5.2353559391887835e+26,-1.5852018515701634e+26,6.11842620134166e+26,-3.9075591596414655e+26,-3.369436402995777e+26,-3.531569924727194e+26,-1.2093808429119075e+27,-2.0516449230276318e+27,-1.6640924930834374e+27,-9.212294925183288e+26,-5.7531473200657954e+26,-5.4503718129957506e+26,-6.916942657803078e+26,-8.900888139167789e+26
-1.077705040131031e+27,-1.524984641288732e+27,-7.517807543991763e+26,-6.940658051800723e+26,-4.7869666720833245e+26,1.7064063723717414e+26,7.54176936320021e+26,9.112778605989831e+26,1.6231350437948306e+27,9.558134298051836e+26,-2.535834887647186e+26,6.0338429627113475e+26,3.743696022340968e+26,1.0144985880443646e+27,1.8056901305659445e+27,1.2378561151745392e+27,-1.0476186241738795e+26,1.0431366331808687e+27,1.0519581616212255e+27,4.388279958966545e+26,-2.9654460881807137e+25,-8.758702410959467e+25,-1.6018539868502447e+26,-3.687855585193683e+26,-4.279481463537573e+26,-1.3585250481087791e+26,-8.173931955275662e+26,-1.4951557493495048e+26,2.0726016611866267e+27,1.2824812999642284e+27,-6.622397176264093e+26,9.428045628849959e+25,6.414310119865155e+25,-4.8411064546205204e+26,-9.31545970827866e+26,2.908137306445785e+26,4.286155626992305e+26,5.167304054238414e+25,2.091077458504187e+27,-4.6714583312320823e+26,-1.7709803921152054e+27,8.923294288121244e+25,-5.051495782512764e+26,1.49714999232549e+26,2.6721118568911444e+26,5.5395430034520064e+26,3.3014784707192734e+26,4.2551140875522164e+26,2.559259019815775e+26,4.4735034804125274e+26,5.930137530694323e+26,3.29661554342458e+26,4.429750280081564e+26,5.277505931206553e+26,4.7087634486197655e+26,1.730488766202403e+24,3.793146613072067e+26,3.3757525707869014e+26,-1.7587181758605896e+26,4.597689591025556e+25,-4.914029286367076e+24,-1.1084302858121323e+26,-2.4059939137691228e+26,-4.6899782333896244e+26,2.0513208107683426e+25,-8.707819950945304e+26,-1.3453650946165713e+26,7.956937132541074e+26,4.020547124697842e+26,-3.087919765681474e+26,-2.521921252361566e+26,2.495410377739287e+26,5.6022560524491345e+25,6.429735811674922e+26,2.946101284499948e+26,4.314001380059945e+26,8.840343956632277e+25,7.465029135502026e+26,8.60525136238688e+26,-1.043383677894369e+27,3.0769602811183423e+26,9.152200658626455e+26,1.8519338438627888e+27,1.2019224706308156e+27,2.644226746227331e+27,1.104573011261435e+27,2.921899307474708e+27,1.5816240280507108e+27,2.774826984941437e+27,2.3138022618543293e+27,-6.411538840482037e+26,-3.957371402399055e+26,-5.431936395805481e+26,-3.506591799971664e+26,-1.5222028379755628e+27,5.626155828648143e+26,2.9243951027214852e+26,-1.0004780346224822e+26,-7.364339794095377e+26,-2.2000770092876525e+26,-4.075439698288696e+26,-4.909112282124843e+25,5.565994946233742e+25,-9.035211333588623e+25,-1.7019835185358935e+26,1.0249871230937856e+26,-1.422159078393129e+27,-1.6877277910633846e+26,1.0385234038310764e+27,1.7475814361219468e+26,-1.526073870860039e+27,-9.476163220265592e+26,-6.302562414503984e+26,-3.700267666908144e+26,-4.893072339260111e+25,2.7045842241795582e+26
-5.805307073763083e+26,-2.640693487443335e+24,-3.488138936857983e+26,-5.5389962062598974e+26,-6.927222967975818e+25,3.073108388686954e+26,1.2943521768493057e+27,1.1743920713912818e+27,9.558134298051836e+26,1.1270674509119922e+27,3.5071828963913735e+26,1.2833444803371953e+27,8.666159911577935e+26,7.104640326729364e+25,7.607910550111773e+26,2.7710230798098974e+26,2.081995927447034e+25,9.711040513300964e+25,2.13326633471125e+26,-1.7226851154491635e+26,9.387741465042672e+25,-1.4190687863785556e+26,-1.9004273968876243e+26,-2.7197946901557887e+26,-4.2076975035682044e+26,-1.560247154700976e+26,-8.166250073904476e+26,7.572656109237323e+26,8.644058328014377e+26,5.320982646520108e+26,-2.996239943166041e+26,4.346906947363447e+26,4.5346968806349535e+26,-1.1051583228249394e+26,2.570356747157162e+26,1.1870306980380746e+27,9.73596943223271e+26,1.7374734555961038e+26,1.3555114639900504e+27,-7.28702806218344e+26,-1.2734744062468863e+27,-2.1775683084484668e+26,-6.503868152047928e+26,-1.1890357538401948e+25,9.12222902230061e+25,4.54854519515378e+26,2.173757873053894e+26,2.1070958766243775e+26,1.4554216608924803e+26,4.3149237133991015e+26,1.0355374445490168e+27,7.760743068282151e+26,2.2362612520429987e+26,2.3122049515468723e+26,2.579832255305964e+26,-9.929631256431292e+25,1.8871037263681383e+26,1.3705361106526483e+26,-8.810593074434198e+25,2.1339749779434626e+26,1.2972351319290464e+25,-9.249635476452034e+24,-8.907228106916498e+25,-3.0225119099147e+26,-2.73211446893557e+25,-6.329468531552952e+26,-4.0641452632710505e+24,4.398886434607418e+26,1.614994340421292e+26,-1.2899331631046645e+26,-1.7525288166504523e+26,1.0483074371173875e+26,2.1260244705860395e+25,3.519219135277687e+26,6.087796876153696e+26,1.034312289207049e+27,2.3199769626514057e+26,3.658155857294716e+26,1.1755417448643604e+27,-6.0752223003377225e+26,1.0002795222658545e+27,5.2614721878389834e+26,2.490785076196866e+27,1.1891482105436649e+27,2.0084429055681447e+27,6.851920955576254e+26,2.620168087793141e+27,1.0974755827933569e+27,2.666017527915807e+27,2.5151096016402555e+27,-5.811529634475081e+26,-2.1533818427635616e+26,-3.6055603884159834e+26,-2.308934451604303e+26,8.859529585065195e+26,-4.233903166501782e+26,-1.241820199839418e+27,-5.1310798917332034e+26,-9.872442943221508e+26,-2.8892696571907302e+26,-4.426019873436986e+26,-2.146713315206153e+25,4.74327387627402e+26,-1.4311943674356475e+26,5.091413088750006e+26,-3.0942812424672862e+26,-4.7957060539333645e+26,-2.3532899397295614e+26,-8.685130619428264e+26,-1.875751114086701e+27,-1.8198886849233008e+27,-9.894783776180639e+26,-6.17486178751742e+26,-5.4937034417141895e+26,-6.19824019074752e+26,-7.235388002275538e+26
1.5905746522456467e+27,4.122809898329559e+27,1.1973664423293192e+27,1.5192808423502716e+27,8.234497320405534e+26,1.342275435867078e+27,1.061159397973991e+27,3.723669166659345e+26,-2.535834887647186e+26,3.5071828963913735e+26,3.2647034552967714e+27,1.2603403283988065e+27,5.1933205341489006e+26,-4.972866193735947e+26,-3.0924544546555386e+26,-5.696638384920915e+26,-2.1790228476554472e+26,-6.751463657528819e+26,-4.370107739419576e+26,-5.5723269220341325e+26,-3.9311407341126805e+26,-1.3154144864936496e+26,-2.6349146077850813e+26,-4.9354408070653794e+26,-8.406989530407759e+26,-2.3778826146920002e+26,-1.6115537411112622e+27,2.157157369151085e+27,-2.9636351747248136e+26,-1.0450217091300811e+26,-7.2029114007949795e+25,9.122328527170582e+26,1.1060985664991147e+27,9.468217265889212e+26,3.092971833096304e+27,3.9142860238040956e+27,1.75976342636691e+26,-8.765862990444973e+26,3.491942584920148e+26,7.390209227432332e+26,1.5482834884822097e+27,6.5618800304761575e+25,1.1583292654423331e+27,-6.884506905708102e+25,2.2008207557938438e+26,1.7815835343399662e+27,8.913563194946203e+26,7.588961553877361e+26,6.49263332226405e+26,-1.6835772057807477e+27,2.559936734284551e+27,1.3231275419018784e+27,5.876849785743933e+26,4.5406715190357523e+26,4.9865306278777294e+26,-2.3730385433186617e+26,1.342725320222198e+26,1.1191582309748626e+26,-2.196083821171413e+25,-3.002763639299668e+25,-7.446464918030577e+25,-5.039173453842655e+25,-1.4963733107472455e+26,-7.299744079506852e+26,-2.0866484405802422e+26,-1.2493006152637942e+27,-9.098408482189183e+25,7.673603430291909e+26,1.9454421557232436e+26,-1.7338705747475656e+26,-4.3409843614418973e+26,2.73745355754991e+26,-8.463014587182974e+25,2.5427938469757574e+26,3.846379572625454e+27,2.0075086007467015e+27,-4.3167634728965174e+26,9.53316276067238e+26,2.9842834642148207e+27,-1.0488011089933666e+27,3.0560311212043546e+27,4.5586948289208646e+26,1.8362818881911459e+27,3.6999277690044836e+27,8.462020884276429e+26,1.7673146979381223e+27,2.1969907618085955e+27,2.3769379963746504e+27,-1.2199725664768942e+27,5.534187397409596e+27,-9.940596408545529e+26,-3.437682369200883e+26,-7.271772801791808e+26,-3.100493964044133e+26,4.7126928610717965e+27,-1.8274246217000784e+27,-3.8402127068372734e+27,-1.2273429426616045e+27,-1.863532601538817e+27,-5.277289549594864e+26,-7.364262035295557e+26,-5.725265320734185e+25,9.437636254319491e+26,-2.9056730108623293e+26,1.239696357689092e+27,-8.281371468708445e+26,5.584800305840203e+26,-4.5602094500850716e+26,-3.671487271893539e+27,-6.396848713472802e+27,-4.2349430790786124e+27,-2.1036177158498156e+27,-1.3169030044972906e+27,-1.2187893294732013e+27,-1.522692181085276e+27,-2.0443831947015789e+27
8.573503399532571e+26,2.6603596604514026e+27,6.403073223120248e+26,1.3684236005578598e+26,5.435112716674275e+26,-1.7958316314697756e+26,2.368311512515987e+27,1.7012414957016288e+27,6.0338429627113475e+26,1.2833444803371953e+27,1.2603403283988065e+27,4.7910795610140436e+27,3.9501587046787827e+27,-1.1411679462392979e+27,2.6986838061224935e+26,-3.1526820070572385e+26,6.870039150745882e+26,-3.0573725756085484e+26,-5.725437391600766e+25,-6.855532140731269e+26,1.5218823795521978e+27,-1.4881121419669358e+26,-2.7805931836656174e+26,-3.359132303167833e+26,-3.158595549982143e+26,8.285545307826929e+25,-9.358059380984026e+26,1.398233212230971e+27,4.365098633000999e+26,3.350284364729164e+26,-3.0691413065534428e+26,6.922055997496837e+26,5.032975701221652e+26,1.659553590161927e+26,9.550513911758887e+26,2.895376290284588e+27,4.85793055125099e+27,2.6952244655269733e+27,7.713600638886787e+26,-7.522549201629501e+26,-3.238489124648572e+26,-8.716225564171159e+26,-3.666675402832295e+26,-6.567503382361808e+26,-9.157772803579328e+26,5.242986428259728e+26,-7.035585815872519e+23,-6.299861416646754e+24,-6.5013786574735025e+25,2.254936163236467e+26,4.3917429939218803e+27,4.2795377962575176e+27,2.463555362173059e+26,4.8152477450685275e+25,5.066676843110754e+26,-8.038155584230529e+26,4.776938245175035e+26,1.605989420865933e+26,-3.056863763881677e+26,2.1307055138701127e+27,3.119014497571977e+26,2.9972139606635885e+26,7.726494084210747e+25,5.41659904477652e+25,3.3693484978294074e+26,-8.035899941116119e+26,1.5930675797203585e+27,5.654651275193312e+26,1.1785397220142554e+26,-1.0545069300727442e+26,1.7191176040112322e+26,-5.190050658265986e+26,-5.27591608661534e+26,-1.8269566908401612e+27,1.1493219601278367e+27,5.454683286958686e+27,2.9946714787395736e+27,-3.869266499153269e+26,1.0151851929888016e+27,1.364655752844851e+27,1.4713323585573594e+27,-1.5322406054345106e+27,4.956222074166582e+27,1.8874657214785976e+27,1.7453325857779062e+27,-1.5410923462395199e+26,3.036248223685346e+27,-2.533151328846551e+26,6.830071242557779e+27,5.589411859207344e+27,-8.663785815283054e+26,-1.1307790800460853e+26,-4.5886119585160835e+26,-4.085074490174562e+26,3.4019493047982215e+27,-4.705076813395964e+27,-2.656687568215044e+27,-3.4402191676167517e+27,-1.6278238516627806e+27,-1.3234076561151708e+27,-7.461935244547663e+26,1.1240168069989526e+26,1.0882288437648699e+27,-6.264674138090502e+26,1.5382428214205472e+27,-1.3792256499938344e+27,-2.3837556245716226e+25,-1.686839877882362e+27,-4.594196532302158e+27,-6.352920094743823e+27,-2.95903088980328e+27,-1.6927877247541713e+27,-1.0715529447685269e+27,-1.2299649661677574e+27,-1.8904056699736012e+27,-2.7220100151339635e+27
6.48165645575305e+26,1.8127113471056397e+27,4.745175146975367e+26,4.138501249353521e+25,3.786412264166045e+26,-3.467967520908187e+26,1.596281459106981e+27,1.1931130622197505e+27,3.743696022340968e+26,8.666159911577935e+26,5.1933205341489006e+26,3.9501587046787827e+27,3.632881442976885e+27,-1.1237374096143054e+27,1.5694959919236156e+26,-2.9938996092929873e+26,8.450058790554312e+26,-1.5063631628576864e+26,-4.4559207191444927e+24,-5.132007093382021e+26,1.7367186497719e+27,-1.4520391616890226e+26,-2.1644372880690958e+26,-2.257764716333453e+26,-1.4114231275733356e+26,1.0285768020064188e+26,-5.7513293615444806e+26,9.153152819874299e+26,3.487008174118454e+26,2.6296012248293174e+26,-2.6683422189384317e+26,4.9971943398995576e+26,2.914851756136508e+26,4.609329767528727e+25,3.345355022391468e+26,1.6115224570461932e+27,4.7708992666885233e+27,2.980075552436456e+27,4.026399601294559e+26,-7.280614823781069e+26,-4.899321195363579e+26,-7.593857951695672e+26,-3.717812000448992e+26,-5.405546292064461e+26,-8.273050643636231e+26,-3.703705959458421e+25,-2.0876998612204875e+26,-2.8222436088436764e+26,-1.9982888551847987e+26,3.433740528155308e+26,3.198578613891583e+27,3.7272887691654074e+27,-1.0875401809637976e+26,-2.4314456816437547e+26,1.2456796073010653e+26,-6.686797060085002e+26,2.7523059421168995e+26,-3.418789034455628e+24,-2.3650579184604654e+26,2.2284145449280493e+27,3.311374759242645e+26,3.239612846237947e+26,1.2748311491766128e+26,2.7307486673403854e+26,3.7069444666216805e+26,-4.225673496528517e+26,1.5207793958823075e+27,1.3927906917324974e+26,-2.4606875626998725e+25,-1.5206466282908595e+25,2.45599895642094e+26,-5.132026520288219e+26,-4.7773490592638223e+26,-1.8118031881795682e+27,1.8147138278070994e+26,4.637647994360987e+27,3.1545138493742023e+27,-7.295035610429584e+26,3.425712950833622e+26,1.5955167566315326e+27,8.12223031620503e+26,-1.588167638731751e+27,3.68662154287153e+27,5.7252128875893404e+26,1.1126852482882508e+27,-7.821243799993834e+26,2.0557174257662555e+27,-1.063179239804063e+27,6.460004052743438e+27,3.638226448179421e+27,-6.579230234015934e+26,-3.2898674682288168e+25,-3.0756720618256624e+26,-2.879215180819914e+26,2.331495003008924e+27,-4.1629510232218083e+27,-1.8074452219995865e+27,-3.030605181772051e+27,-1.2143481215285997e+27,-1.1147791557863474e+27,-5.933465076180165e+26,9.409792584598008e+25,8.623223978718883e+26,-5.144413855600928e+26,1.2171874091922828e+27,-1.1392682666108858e+27,-1.844543064938877e+26,-1.5127095561595958e+27,-3.688902449109926e+27,-4.94626801953668e+27,-1.971627578000897e+27,-1.180894583225248e+27,-7.46363197630561e+26,-9.373082059406976e+26,-1.5121387892839795e+27,-2.1948337219639488e+27
-8.95168067016784e+26,-2.0587315284766198e+27,-6.515977362022953e+26,-3.8908421338044506e+26,-5.009225683618452e+26,9.824529565315147e+25,-3.295884413329803e+26,-5.970249684574752e+25,1.0144985880443646e+27,7.104640326729364e+25,-4.972866193735947e+26,-1.1411679462392979e+27,-1.1237374096143054e+27,1.5601479642593108e+27,1.3935607786939017e+27,1.4087788868203948e+27,-3.867003885393412e+26,1.32019537830517e+27,1.0326775526308606e+27,9.914934103139321e+26,-5.309137408970959e+26,9.594761535621194e+25,7.422390723498992e+25,-1.0379633492396822e+26,-5.558842230120814e+25,-7.909089678470421e+24,-4.155782672051685e+25,-1.060200715437923e+27,1.5853252079475113e+27,8.461636613782886e+26,-3.408177593908979e+26,-3.896874873095441e+26,-3.0347496448710773e+26,-4.2798005021056014e+26,-1.2984856547810016e+27,-6.804846014981871e+26,-1.516044452350943e+27,-7.439557510968124e+26,1.1994071316877413e+27,4.556340755777702e+25,-1.2498118692668773e+27,3.563401980438769e+26,-8.424958074544823e+25,2.7563057008710984e+26,4.2882904348867695e+26,4.472250359593014e+26,3.3458900530866166e+26,4.571842074125363e+26,2.7739539525964056e+26,1.3237462236020252e+26,-6.218350923099575e+26,-9.628309727760427e+26,4.375723009642213e+26,5.388367537545618e+26,4.043663756711424e+26,2.1272080713211134e+26,2.8716639307448734e+26,3.1915404962647064e+26,-8.857441958018307e+25,-6.0362142616201416e+26,-5.22170214240952e+25,-2.001860003132634e+26,-2.8631617430482267e+26,-3.525406016450652e+26,3.5747875216556916e+25,-4.35137358236915e+26,-5.4082254808060144e+26,6.390625758360529e+26,3.882378524243958e+26,-2.9895566536991955e+26,-2.6738306570942436e+26,3.3780483162022745e+26,1.4059378757170736e+26,8.901336023494307e+26,1.1361231004317233e+25,-1.25975097444183e+27,-7.155090879496818e+26,8.133247504151794e+26,-5.377656137256505e+24,-1.1816397626768284e+27,-5.4183110288812715e+26,1.033087595993051e+27,-5.018563091177564e+26,5.472022227298906e+26,1.238139507747618e+27,1.0391886932696766e+27,8.951982131275988e+26,1.337077405003688e+27,-5.5560453197516026e+26,6.6519809949522875e+25,-5.046362709849621e+25,-3.850986089618731e+26,-2.4394932180643107e+26,-1.9190789133700726e+26,-3.0588976230998785e+27,1.9666977413946602e+27,1.870413427827751e+27,1.0376067020121554e+27,3.212556150791783e+26,2.911721556856245e+26,5.400983041020038e+25,-1.1224158612029857e+26,-5.3928804882291926e+26,1.9013131970140082e+26,-9.154690111052745e+26,7.045941490996179e+26,-1.2538849827117568e+27,3.1172726717541886e+26,2.829232279280938e+27,3.032310376303733e+27,2.5803270914573532e+26,4.888007977880194e+25,-1.0304199726916745e+25,3.097270305077875e+26,8.906143096025298e+26,1.478972520867931e+27
-1.1747566202936255e+27,-2.0133906788527485e+27,-7.88411632477208e+26,-5.616116455456534e+26,-5.497983211000448e+26,3.475525242173915e+26,4.4473649525024134e+26,6.615841128108439e+26,1.8056901305659445e+27,7.607910550111773e+26,-3.0924544546555386e+26,2.6986838061224935e+26,1.5694959919236156e+26,1.3935607786939017e+27,2.375130788397837e+27,1.6569017587613758e+27,-1.9978144138112136e+26,1.5828862887932502e+27,1.5326556713033152e+27,9.00648450232456e+26,-8.306309745496487e+25,-8.95295119122524e+25,-2.2050591137247432e+26,-6.067088493927163e+26,-5.8221996136286e+26,-1.634832928784464e+26,-1.0896106193961429e+27,-5.377128902753073e+26,2.834850839912288e+27,1.7962063284707278e+27,-9.556498911217664e+26,1.6360812155829269e+25,4.621140458745528e+25,-4.900506192958328e+26,-1.222568562715254e+27,7.940511502969548e+25,1.4945752380653432e+26,-6.221979523145207e+25,2.4868943204953754e+27,-1.888290687310388e+26,-1.9817125153027188e+27,2.602542467945558e+26,-3.146289143563796e+26,2.1152113836039913e+26,3.8195056635173945e+26,6.0282882237015325e+26,4.017698851996301e+26,5.00771825783105e+26,3.246814813301294e+26,3.7204752902394146e+26,3.572264523186659e+26,1.2768203963756293e+26,4.801074152858302e+26,6.552574831177477e+26,5.042888695022084e+26,9.022278585247697e+25,4.588947080433324e+26,4.210934749088139e+26,-2.4530608307959334e+26,3.099568448437835e+25,-3.2354329705729157e+25,-2.043160715310412e+26,-3.845066109208038e+26,-7.018841630362938e+26,6.2380288390102475e+25,-1.2265651079042845e+27,-3.5682229186022764e+26,1.0094449801487246e+27,5.519744386613929e+26,-4.4218880707560216e+26,-3.9106098669723955e+26,4.067316579402015e+26,1.325119197139344e+26,1.0767039109427162e+27,2.9340864371293522e+26,1.2748567986799374e+26,7.274431025547001e+25,9.562618655437838e+26,1.2261724680365296e+27,-1.5391856718523101e+27,3.269681782933614e+26,1.344681214265861e+27,1.4904152100573297e+27,1.2432781682870206e+27,2.9848950134387807e+27,1.3438599607578337e+27,3.2446346964839004e+27,1.9519655899067788e+27,2.2988352276315674e+27,2.455310828305183e+27,-8.29389705198582e+26,-5.9025653507655476e+26,-8.4398540818706e+26,-5.0334520045720444e+26,-3.1151498408551247e+27,1.570805672099272e+27,1.165941300502859e+27,3.314832100295383e+26,-7.018927330738965e+26,-1.6313452342979068e+26,-4.087689803236561e+26,-8.778266713666204e+25,-3.493248019276882e+26,-1.1985533032646025e+25,-8.38004595887606e+26,5.6967335924969534e+26,-2.0927638435245094e+27,4.40788736962687e+25,2.63836459253515e+27,1.4741229163068816e+27,-1.6779657590077736e+27,-1.1292760809841735e+27,-7.841542069852614e+26,-2.6875065967323627e+26,4.72793127660183e+26,1.1840660863939806e+27
-8.757419387440354e+26,-1.991009632339173e+27,-6.259030587251926e+26,-4.640498970365697e+26,-4.745973711958162e+26,-1.7440728035029039e+25,-1.96382502879355e+25,2.1276643149836787e+26,1.2378561151745392e+27,2.7710230798098974e+26,-5.696638384920915e+26,-3.1526820070572385e+26,-2.9938996092929873e+26,1.4087788868203948e+27,1.6569017587613758e+27,1.5044171792271654e+27,-2.077450348979825e+26,1.4807637002416473e+27,1.2221745568650857e+27,9.862916296144719e+26,-1.2333254153928794e+26,3.915238547928366e+25,5.878987719342555e+24,-1.8033432276587607e+26,-1.015245323127594e+26,-8.474509888326647e+24,-1.7508776541082794e+26,-1.0294168326247522e+27,1.9352810304722986e+27,1.0835676341274038e+27,-4.799227096249404e+26,-3.377047216371473e+26,-2.971502771114915e+26,-4.8815158167503714e+26,-1.4706882368162775e+27,-5.4045036538832556e+26,-3.997914307920636e+26,-3.6986399145626497e+25,1.4568973100086953e+27,-1.7403600797454608e+26,-1.6404956665707542e+27,1.8073701762013703e+26,-2.4823482868534252e+26,1.6250280370078645e+26,2.7075909041134634e+26,3.886368928640087e+26,2.946615007249675e+26,3.9072714586429565e+26,2.4578943234970196e+26,3.353441668544136e+26,-1.0987951565627967e+26,-2.4922165486330523e+26,3.889889571705061e+26,4.909266281974238e+26,4.0045838271841856e+26,1.2319892938786587e+26,3.4773959918490766e+26,3.2855963678169754e+26,-1.4492300184140213e+26,-9.713097973686325e+25,1.775950698919238e+25,-1.4240899082028028e+26,-2.7608536388469986e+26,-3.0393437586079643e+26,1.3078251784706663e+26,-5.412741459613915e+26,-2.657833380432809e+26,6.711825890797415e+26,4.027639748809617e+26,-3.177542537131712e+26,-2.3364421731766033e+26,2.5758107059556975e+26,5.230247276817819e+25,5.864428615583957e+26,-1.5923637851881993e+26,-4.020259617813958e+26,1.783329347047725e+25,6.655325503069166e+26,2.4583411092417045e+25,-9.149453089882385e+26,-4.8781337255527186e+26,7.708095567306502e+26,3.115805953536459e+26,4.930593450006136e+26,1.6562503110131088e+27,8.41797142009227e+26,1.4766474242796438e+27,1.0767690198051845e+27,1.10821896903773e+27,6.304776487329914e+26,-1.9518102681755892e+26,-4.237586238602861e+26,-3.290589242879588e+26,-2.70284861436923e+26,-3.095359304379787e+27,1.3460090962629974e+27,1.807030575030323e+27,5.242648629020457e+26,1.2201586971576981e+26,9.29658077490324e+25,-5.369622593463768e+25,-1.0513687940191089e+26,-4.5457418704740434e+26,1.1364919187299373e+26,-8.18422364556555e+26,5.833243117134012e+26,-1.494714847031216e+27,3.7370757318432122e+25,2.504394726313162e+27,2.5009884035041293e+27,-4.180948428928028e+25,-1.591776064742488e+26,-1.4398575322406825e+26,1.7808819549933496e+26,7.23586295009591e+26,1.2584728648615183e+27
5.993923891658955e+25,-1.6922746806104223e+26,7.1822491761593125e+25,-1.5248906551732093e+26,6.404531510442813e+25,-4.640985464051302e+26,1.4232107229453313e+26,9.88180608665042e+25,-1.0476186241738795e+26,2.081995927447034e+25,-2.1790228476554472e+26,6.870039150745882e+26,8.450058790554312e+26,-3.867003885393412e+26,-1.9978144138112136e+26,-2.077450348979825e+26,1.9015330655975753e+27,1.6427293046176418e+26,2.826908308651364e+25,2.84097947397361e+26,2.7385616230416486e+27,3.7747055709437254e+26,2.0760273750739606e+26,-7.212151340910992e+25,2.3219855784485687e+26,7.447371599539835e+26,-7.1898517736179696e+25,-3.2326866137641716e+26,1.0998668419193102e+26,3.5386331112594972e+25,-2.4927106856561297e+26,-1.2303934601694448e+26,-2.345470980564139e+26,-2.6256913718260726e+26,-1.0524615710035775e+27,-1.9101021685934038e+26,2.4301076476246522e+27,3.7078495139663083e+27,-3.607601447762099e+26,-6.892978305218005e+26,-1.1633486997881903e+27,-4.8033109808831396e+26,-3.9586047808942e+26,-2.9125996921596737e+26,-3.7645465576669644e+26,-1.2345976090037776e+26,-5.36189150607986e+25,-2.0083281937372162e+26,-4.971382936237455e+25,3.601596743578473e+26,3.1555058500940016e+26,7.58410356336538e+26,-2.681614535194978e+26,-3.1841794766659994e+26,-2.721038062165279e+26,1.1012840081974742e+26,-1.0598161840945873e+26,-1.2885727859849511e+26,2.112692935163786e+25,1.975059127799638e+27,2.6625498850802894e+26,2.143580058350486e+26,1.1628211375005403e+26,3.477159554099167e+26,4.516679136934759e+26,-1.4840252863608235e+26,8.997523885525453e+26,-2.907261772325183e+26,-8.499159705159619e+25,2.595101733051443e+25,1.2849710555948953e+26,-2.2768071899801538e+26,-2.1270193135497937e+26,-9.987861904502635e+26,-5.3764989478714136e+26,1.1276628196276813e+27,2.6939259177184954e+27,-5.333953331421347e+26,-1.2349266157330289e+27,9.734010951976123e+26,-5.886968362995176e+26,-8.440374628856804e+26,4.992513267205012e+26,-7.069403824963443e+26,-2.2732808601216573e+26,-7.999941494404826e+26,-1.3921752670105907e+26,-1.1652667148996634e+27,4.41087672992815e+27,1.8153300718214112e+26,-7.66152321390556e+26,9.338614391903016e+25,-5.9337461770637085e+26,-1.2697198765120147e+26,7.894090156623327e+26,-2.9020407991438987e+27,-4.939419801385254e+26,-2.103011228727146e+27,-1.0674027193231596e+27,-8.437205634695228e+26,-8.179356494766648e+26,1.259570512802091e+26,1.0005779026383479e+27,-5.6129430111571436e+26,1.3116539756986474e+27,-1.26676778436637e+27,-5.247642687487661e+26,-1.026876587494705e+27,-2.7139955525257625e+27,-3.211800635928618e+27,-1.097866364392449e+27,-1.1901232408350144e+27,-9.72845837345839e+26,-1.2222930383657174e+27,-1.660616140711136e+27,-2.009173879978056e+27
-7.741805070673228e+26,-2.0822623648129382e+27,-5.31289824076772e+26,-4.025746123523379e+26,-4.125518012566357e+26,-9.43176231573919e+25,-1.714434438872338e+26,4.5398884449960946e+25,1.0431366331808687e+27,9.711040513300964e+25,-6.751463657528819e+26,-3.0573725756085484e+26,-1.5063631628576864e+26,1.32019537830517e+27,1.5828862887932502e+27,1.4807637002416473e+27,1.6427293046176418e+26,1.6896443474599003e+27,1.2926831668556744e+27,1.319299505146577e+27,4.862603214404542e+26,7.899509495265552e+25,3.334886176329624e+25,-2.1149143919192597e+26,-3.477878409106782e+25,1.0627077969697675e+26,-7.832413692989477e+25,-1.336391811633646e+27,1.9845221843228752e+27,1.0664473378835374e+27,-4.800791943917669e+26,-4.449939521876722e+26,-3.6118561613372494e+26,-4.823869681035004e+26,-1.733977635095798e+27,-7.597111778067725e+26,8.81808811277337e+25,7.973304978887797e+26,1.2169401699636179e+27,-2.5296169737748022e+26,-1.968124892861471e+27,6.866599020096885e+25,-2.76683734085336e+26,7.144623159572018e+25,1.6731259408656047e+26,2.6720226754367146e+26,2.6085943969050967e+26,2.982458667984554e+26,2.2563769693482e+26,4.259722727442126e+26,-2.372149248222143e+26,-1.5117277440274802e+26,2.6246752761784418e+26,3.902359582106089e+26,2.8070708883987347e+26,1.729796764493935e+26,3.2746066718112e+26,2.974457715123348e+26,-1.611830598984671e+26,3.890560011706655e+26,8.16103261559519e+25,-1.0866094420429212e+26,-2.805440194205507e+26,-2.15696576966894e+26,2.6612367421334e+26,-5.4373113300234244e+26,-1.4082093906818422e+26,5.84238716625273e+26,3.9662096300691396e+26,-3.2916484234617624e+26,-2.26218223388795e+26,2.2847086821672966e+26,1.4541988026602633e+25,4.2295602166332966e+26,-4.571326814970244e+26,-3.0206441135561205e+26,7.207362994446359e+26,4.909740360086457e+26,-2.6957619878060576e+26,-7.221905360384654e+26,-6.946641121660551e+26,5.8994412027420505e+26,8.75718273989725e+25,4.324184609596954e+25,1.370332133308716e+27,5.2880502458228806e+26,1.1591447659754373e+27,6.265675007662823e+26,1.5706670714747752e+27,2.240822767032502e+26,-2.1067776799822912e+26,-4.6347234061002924e+26,-4.140255902935238e+26,-3.200227829149033e+26,-3.6547956716276517e+27,1.1778781474001507e+27,2.2902225089026727e+27,3.571631707187475e+26,2.1360111513850653e+26,2.9223326653489628e+25,-5.95948034015554e+25,-1.1245477667472983e+26,-5.396377277948466e+26,1.0704235002620188e+26,-9.408473437521108e+26,6.339327876874687e+26,-1.7037782964244408e+27,-6.110619878792545e+25,2.7443381463263776e+27,2.8312168408728316e+27,1.8657516543866064e+26,-1.5238116948982378e+26,-1.7708261122568948e+26,1.875337483098264e+26,8.072324047851143e+26,1.3968141355812645e+27
-6.702442064542259e+26,-1.6389525039772003e+27,-4.6594095390484154e+26,-3.2763040966225165e+26,-3.6415298503924647e+26,-2.454026609093814e+25,-6.216352693238854e+24,1.6623700703540077e+26,1.0519581616212255e+27,2.13326633471125e+26,-4.370107739419576e+26,-5.725437391600766e+25,-4.4559207191444927e+24,1.0326775526308606e+27,1.5326556713033152e+27,1.2221745568650857e+27,2.826908308651364e+25,1.2926831668556744e+27,1.1876145639004518e+27,8.10659362231722e+26,2.047091139856275e+26,1.575344096185403e+25,-4.959077406970978e+25,-2.5724021341656963e+26,-1.1832279179234318e+26,3.678095767383491e+25,-2.8220411124377538e+26,-9.468184713874313e+26,1.841320089812771e+27,1.1539198423161627e+27,-5.8354921500882605e+26,-3.152662013319213e+26,-2.778264594582892e+26,-4.281019013474306e+26,-1.383855800674127e+27,-3.970356566631345e+26,1.2117521518502619e+26,3.7425822905851515e+26,1.296200624230352e+27,-1.043955927855706e+26,-1.280548015022266e+27,1.2559274932097184e+26,-1.60133693208189e+26,8.301490746653162e+25,1.2849480069985508e+26,2.571476936680055e+26,1.9485972292854216e+26,2.6221340580876503e+26,1.6515236293211538e+26,2.5802452220377835e+26,1.7184846729781267e+25,-1.125794396050277e+25,2.615741887915081e+26,3.456663328078288e+26,2.783321902032671e+26,5.552180221394387e+25,2.7509872170105608e+26,2.4597198694912798e+26,-1.5316861402639713e+26,2.122133367190669e+26,4.389498208766652e+25,-7.123036159892637e+25,-1.7685415209342183e+26,-2.2598773876481756e+26,1.6136841093799545e+26,-5.196773554265925e+26,-1.5550494264010526e+25,5.075660634009976e+26,3.0013929034307692e+26,-2.3261387643860993e+26,-1.2727195617379278e+26,1.5675261895463607e+26,1.2255389038003158e+25,3.1757494290790766e+26,-1.5963049337747934e+26,-5.24545566438455e+25,3.712962689951079e+26,4.3542759466368385e+26,4.575140878362785e+24,-5.517065275735247e+26,-4.5264576971872764e+26,4.8248735789731874e+26,3.5276387040516595e+26,3.245827808760345e+26,1.4267248309557442e+27,5.3995079646348116e+26,1.2834064712192525e+27,6.967655646250656e+26,1.3757198971037144e+27,6.831103093961638e+26,-3.232262311600386e+26,-2.8057959611589055e+26,-4.037731818066664e+26,-2.675590552496685e+26,-2.7373480145240087e+27,7.371156280665645e+26,1.5546520360578445e+27,7.101950450577418e+25,-4.922087534486798e+25,-1.2370595231324773e+26,-1.3755715198081558e+26,-2.53676356761218e+25,-3.7181544541403474e+26,-1.9622547799716496e+25,-6.791482642068733e+26,3.7532224405011235e+26,-1.4287531343443087e+27,-1.0782202225250164e+26,1.922207185977827e+27,1.61347222685666e+27,-3.1676521767147516e+26,-3.4472326419692284e+26,-2.7405815353298722e+26,-5.227097331056528e+24,4.5868388440546274e+26,9.261818997154149e+26
-4.887253365552888e+26,-1.7281222152078905e+27,-3.143561295521529e+26,-1.9436458874448245e+26,-2.5857396363527604e+26,-4.042903034269043e+25,-3.827306293186531e+26,-2.323864524947004e+26,4.388279958966545e+26,-1.7226851154491635e+26,-5.5723269220341325e+26,-6.855532140731269e+26,-5.132007093382021e+26,9.914934103139321e+26,9.00648450232456e+26,9.862916296144719e+26,2.84097947397361e+26,1.319299505146577e+27,8.10659362231722e+26,1.583633111626258e+27,9.100949865942827e+26,4.3963178824700595e+26,3.166594638697471e+26,-3.993977020320778e+25,3.783416328158764e+26,5.629329915404411e+26,4.5717650641882044e+26,-1.6371374753542112e+27,1.2525599674132406e+27,5.338103096484024e+26,-1.552842508241089e+26,-5.25898568575104e+26,-2.9642244107995407e+26,-3.020618962311562e+26,-1.544453926504472e+27,-8.168612135952384e+26,-2.989498357944505e+26,1.2719483593733183e+27,5.3214988162932685e+26,-1.4561495761592995e+26,-1.6291838122059705e+27,2.3755792860016572e+25,-1.4744829327321062e+26,8.638364658577654e+24,9.070761334599932e+25,9.764697813975446e+25,1.7364892845102207e+26,1.7371103602317816e+26,1.5927225077145936e+26,3.222754472902533e+26,-5.8772864623999325e+26,-4.660077242315228e+26,1.2606737281444993e+26,2.57694689290599e+26,1.3703975912531482e+26,2.463393539519518e+26,2.583793265069426e+26,2.3419739910362002e+26,-1.707696535658028e+26,7.25214099042046e+26,1.347652220842634e+26,-8.856562554936654e+25,-2.461366817553208e+26,-7.47701083513591e+25,4.98149028249497e+26,-4.400539223824516e+26,-1.6981265817074211e+25,3.943444124317967e+26,3.229798002856743e+26,-2.719631845144255e+26,-1.4662876406607026e+26,1.7026659710058262e+26,8.236359166075124e+24,2.477851581094128e+26,-5.6494940110330605e+26,-6.762157883826697e+26,1.1351014316888336e+27,2.8216250127689643e+26,-5.3202355934060285e+26,-4.312611589142781e+26,-7.641294664168476e+26,3.620553120138183e+26,-5.9913006899182075e+26,-4.215136728542554e+26,5.0193192152149365e+26,1.809853462865045e+26,1.8314089916622657e+26,1.1508790473944873e+26,3.0081162307372886e+26,-6.963103368897625e+26,8.260297109782166e+25,-3.6265946129229366e+26,-4.393380514140324e+26,-3.1073213843261026e+26,-3.923888297067801e+27,1.0136482060412974e+27,2.866214560191897e+27,2.5426885108158964e+26,7.001064514112388e+26,-5.464067767231657e+25,1.4260962270145443e+26,-5.857841164792877e+25,-7.917054589114086e+26,4.574309973682611e+25,-1.1392992860667698e+27,6.494220487680154e+26,-1.542229788038725e+27,-7.507948440710301e+25,2.859311899055424e+27,3.206104474165243e+27,7.923240114401284e+26,2.6024951032244858e+25,-1.6945833371422062e+26,2.2801001422108543e+26,9.289133693164449e+26,1.5504414989526808e+27
1.9503792676861624e+26,-5.137482538717577e+26,1.6885649620255723e+26,-2.0803487745035993e+26,1.1809144257267209e+26,-8.218505702263807e+26,3.674996544079019e+26,2.6245241876823005e+26,-2.9654460881807137e+25,9.387741465042672e+25,-3.9311407341126805e+26,1.5218823795521978e+27,1.7367186497719e+27,-5.309137408970959e+26,-8.306309745496487e+25,-1.2333254153928794e+26,2.7385616230416486e+27,4.862603214404542e+26,2.047091139856275e+26,9.100949865942827e+26,5.136663630059083e+27,1.3702870167190146e+27,8.422485282493131e+26,3.262511236452911e+26,1.7636100055905928e+27,2.4133928360105652e+27,1.357518121123084e+27,-1.7041155175010157e+27,4.05029232385579e+26,1.2558530769318787e+26,-2.8055685757419045e+26,-5.200470117651602e+26,-4.9166566658184044e+26,-5.1332516132806115e+26,-2.523519781371213e+27,-2.9553141232772348e+26,4.2658807846314855e+27,7.37155493705577e+27,-4.407050641982873e+26,-1.1492555521864568e+27,-2.0874266027774848e+27,-8.507335166335641e+26,-6.01160126983653e+26,-5.399447521721006e+26,-7.913737074123004e+26,-2.5202907767365422e+26,-1.2860964061770915e+26,-3.1211734913155345e+26,-1.0457302839770042e+26,6.077422139882495e+26,8.741062714087778e+26,1.7363394144435065e+27,-3.5025104822424697e+26,-4.714433536784926e+26,-2.926310931852969e+26,5.624815321766159e+25,1.0034769870434662e+26,-7.070418658866211e+25,-2.614996394394013e+26,4.6785699326597865e+27,9.691367633684896e+26,5.72975185317463e+26,2.412537620839239e+26,1.2126705800244044e+27,1.9910412195501838e+27,-2.248555116175385e+26,2.5354046672227666e+27,-3.4228710988811866e+26,-4.710696584487584e+25,-1.3929690994022933e+25,5.35551229567192e+26,-5.894998134623381e+26,-5.949597291229313e+26,-2.6740464684772e+27,-1.0267537220583771e+27,2.441000887187991e+27,6.386211545272018e+27,-1.0326214943236547e+27,-2.482626370434324e+27,2.557003303622422e+27,-1.3549690658031675e+27,-2.1458038940928162e+27,9.720100722109527e+26,-1.3633653854677276e+27,-2.7675004792572997e+26,-1.6105123358098436e+27,-3.328437229797649e+26,-2.5531795189139667e+27,7.188928748760328e+27,-7.69368694126772e+25,-5.224045378987072e+26,1.8245624399545936e+26,-8.089118976731714e+26,-5.541007261699451e+26,-1.3263209745492476e+27,-5.881963288171758e+27,1.633067850424252e+27,-4.633798996202065e+27,-3.96585503899574e+26,-2.0402017580861237e+27,-7.900635405794205e+26,3.780881821021597e+26,7.05477072263756e+26,-1.1772467831478602e+27,1.1465276473266326e+27,-1.8176233811998884e+27,-1.7499371239880428e+27,-2.503178543187807e+27,-3.2174010404507446e+27,-3.5962896722157023e+27,-2.4461479084471156e+26,-1.23420531528737e+27,-1.2994249911982827e+27,-1.563182029483575e+27,-1.9547047268867221e+27,-2.3659813387286205e+27
3.1705716924000865e+25,-5.979611914541499e+26,3.6353885948570606e+25,2.013577225263525e+25,-4.1183942842099356e+24,-1.945086144530399e+26,-1.3345158208348744e+26,-1.3019268310979208e+26,-8.758702410959467e+25,-1.4190687863785556e+26,-1.3154144864936496e+26,-1.4881121419669358e+26,-1.4520391616890226e+26,9.594761535621194e+25,-8.95295119122524e+25,3.915238547928366e+25,3.7747055709437254e+26,7.899509495265552e+25,1.575344096185403e+25,4.3963178824700595e+26,1.3702870167190146e+27,1.3072334046761982e+27,9.623463060558065e+26,6.700217803784336e+26,1.8419393280987797e+27,1.8241561524051743e+27,1.7288144429772307e+27,-1.5674952948099473e+27,-6.697428935996746e+25,-8.223254293212158e+25,3.778544976684207e+25,-5.232702914915365e+26,-2.6876703632938373e+26,-2.1725385396839195e+26,-1.4801079630191719e+27,-2.9983604120570593e+26,1.416473695557818e+26,2.1688576298646606e+27,-2.6338088992016675e+26,-2.271031204395539e+26,-4.9522939016490264e+26,-1.7263216388245865e+26,-4.272878309220251e+25,-1.2377902617907945e+26,-2.005051523959948e+26,-8.11277442370354e+25,-3.955325714118392e+25,-5.57794374835798e+25,-2.9860198301518904e+25,4.696577534707139e+25,-1.140108427513528e+26,-6.124685657412194e+25,-3.827678795054381e+25,-1.0654417054188845e+26,-3.997566461039883e+25,5.438693833486582e+25,1.379935543348719e+25,-1.0538735003909244e+25,-7.457898200744821e+25,1.3624583960212833e+27,4.6109633318327663e+26,2.3832308545353765e+26,2.171111816452086e+26,7.606074910727635e+26,1.2012987278263076e+27,1.5082814943625407e+26,1.0798830688937472e+27,-1.7820009138663328e+26,-6.3423301463274185e+25,7.152399487881165e+25,3.206529281026807e+26,-2.1183318286650358e+26,-1.8369738510434053e+26,-1.0284333427597305e+27,-3.096366074636521e+26,-1.1404800846301327e+25,1.9209746158810984e+27,-2.8486314208830113e+26,-1.3833100660322966e+27,1.0238734434073015e+27,-8.998330156314398e+26,-7.639922393357191e+26,-4.7234057344955934e+26,-5.538036378017923e+26,-4.5289928010543885e+26,-4.943158637143231e+26,-8.701627349160721e+26,-8.937676773595778e+26,5.775512955987785e+26,-9.788038070925948e+26,2.7181290353135474e+26,3.388193783745768e+26,-3.0326037393005547e+26,-1.971859586318775e+26,-1.8998775430615489e+27,-2.240756218929064e+27,2.035490563545673e+27,-1.8827547207000964e+27,6.97236772089424e+26,-1.0061025064344799e+27,-8.223314192614453e+25,3.3302338940997126e+26,-1.6201266448859616e+26,-7.63263536216523e+26,6.5483970818783635e+25,-8.490612349502769e+26,-1.1171683504193746e+27,-1.0844817484089322e+27,-6.0821247973467044e+26,-5.338472098985265e+26,7.907444856143759e+26,-1.1286877205549499e+26,-4.8932424300052805e+26,-6.813063755649656e+26,-6.650331380974912e+26,-6.0604698434483985e+26
1.4031982285040646e+24,-6.93617669942641e+26,-9.442673366251128e+24,-3.4780346109816516e+25,-3.858829132710094e+25,-2.824469290645658e+26,-2.226689174942778e+26,-1.8481752873918603e+26,-1.6018539868502447e+26,-1.9004273968876243e+26,-2.6349146077850813e+26,-2.7805931836656174e+26,-2.1644372880690958e+26,7.422390723498992e+25,-2.2050591137247432e+26,5.878987719342555e+24,2.0760273750739606e+26,3.334886176329624e+25,-4.959077406970978e+25,3.166594638697471e+26,8.422485282493131e+26,9.623463060558065e+26,8.652402934870428e+26,7.896318198635396e+26,1.557926430368508e+27,1.2690690184560055e+27,1.709122097226454e+27,-1.5091913709199652e+27,-2.9771730569916287e+26,-2.377572907785557e+26,1.5517890659144186e+26,-6.04856789494081e+26,-3.571726561599627e+26,-2.6532795529210614e+26,-1.493609084397703e+27,-4.9690451912682175e+26,-6.713498337100448e+25,1.430457862285892e+27,-4.288217690045817e+26,-2.173795567413708e+26,-3.3558959230494504e+26,-1.4828335555200964e+26,-4.467364613035554e+25,-1.0634682284497933e+26,-2.210798150022989e+26,-1.684928304775507e+26,-9.078385970517155e+25,-9.753057559305932e+25,-6.838747802791172e+25,5.164565618411345e+25,-2.660694460311813e+26,-1.708948473093019e+26,-7.260582574016611e+25,-1.6771322262810804e+26,-8.248371106375854e+25,3.975657721995759e+25,-5.847322334513422e+25,-6.056447414322335e+25,2.1856758860579602e+25,7.866214997481754e+26,3.3870428574409166e+26,2.17314873643072e+26,2.455125703703999e+26,7.91007903921936e+26,7.863708573065247e+26,5.566510425117939e+26,8.306249569196465e+26,-3.2509305391690315e+26,-1.4198482425859045e+26,1.394311778169119e+26,3.283498321513758e+26,-2.500778968458024e+26,-1.8504010341788803e+26,-1.0026072251415736e+27,-4.542713277574386e+26,-2.0560292262201706e+26,1.2082361193033491e+27,-3.653143592670127e+26,-1.6384709956378836e+27,1.0810138469884823e+27,-1.1137714514491323e+27,-8.417403014166701e+26,-7.139530500978984e+26,-7.34040838081734e+26,-6.993898193322672e+26,-6.123621219086643e+26,-1.257212516370707e+27,-1.0631030640168627e+27,9.802415266466454e+25,-1.5226225770075234e+27,4.424712855840921e+26,3.6032239363640527e+26,1.3073521303949708e+25,2.378289725883409e+25,-1.5506759942238446e+27,-1.7868984065275415e+27,1.829856440431511e+27,-1.3000113703155476e+27,8.207645697603671e+26,-5.791583290749014e+26,-5.057574462014196e+24,2.3113509441712222e+26,-6.882511462085318e+25,-5.1741612050898356e+26,1.4868031095418359e+26,-7.05626646610689e+26,-7.570869117268392e+26,-8.283096633798012e+26,-5.485408345100008e+26,-5.96400470206297e+25,1.2787570810913e+27,3.902065528420858e+26,-3.394532572782268e+25,-3.6210584295597546e+26,-4.883905862862937e+26,-5.059260358850173e+26
6.991169558092735e+25,-7.540335807335331e+26,-1.267872057008928e+25,-1.3552287663562528e+26,-4.218700182339832e+25,-5.821108591173157e+26,-2.938617937035055e+26,-2.3921140350416498e+26,-3.687855585193683e+26,-2.7197946901557887e+26,-4.9354408070653794e+26,-3.359132303167833e+26,-2.257764716333453e+26,-1.0379633492396822e+26,-6.067088493927163e+26,-1.8033432276587607e+26,-7.212151340910992e+25,-2.1149143919192597e+26,-2.5724021341656963e+26,-3.993977020320778e+25,3.262511236452911e+26,6.700217803784336e+26,7.896318198635396e+26,1.1487078392656108e+27,1.765267977794591e+27,9.505644441614834e+26,2.3709727327816597e+27,-1.6084586153304547e+27,-9.2348401484067e+26,-6.383181904513383e+26,4.772408103028731e+26,-8.098423812057835e+26,-6.0437223139592715e+26,-3.724039964481004e+26,-1.64621742092325e+27,-8.171542921274057e+26,-2.3576026729628736e+26,8.563463688409946e+26,-9.127669345447495e+26,-3.134859512275495e+26,-1.047016160933539e+25,-2.2949781775248542e+26,-1.0978618068182248e+26,-1.5610175385260448e+26,-3.904049096295481e+26,-3.971241958664321e+26,-2.450426515287012e+26,-2.2809876798466676e+26,-1.888588217577182e+26,1.09275559934607e+26,-4.144597036438251e+26,-2.2902813509016984e+26,-1.493913335651204e+26,-3.290080901323167e+26,-1.4901593540666917e+26,-3.782303150372954e+25,-1.3216666435715902e+26,-1.4083289417272526e+26,9.72717659420544e+25,4.5012905251498166e+26,3.941533074082566e+26,3.34589096022425e+26,4.2737164274560884e+26,1.2450954304726428e+27,7.137265331086484e+26,1.3787964113164815e+27,9.552352316527059e+26,-6.490354922972355e+26,-3.212791857809907e+26,3.101647216768234e+26,5.4881104371243185e+26,-4.607953399423893e+26,-2.9115920362167e+26,-1.5149191429354094e+27,-8.184862401992083e+26,-3.3864565541655066e+26,8.583282929307281e+26,-6.856897915346568e+26,-2.4262080787219034e+27,1.7758689070131375e+27,-1.7066142084312877e+27,-1.4408981957531153e+27,-1.1016008606475979e+27,-1.2597870435552565e+27,-1.3674779753901278e+27,-1.0933388497382202e+27,-2.2620419901310152e+27,-1.8355790554854886e+27,-5.5584348131633885e+26,-2.8457001007334863e+27,1.1391874313518403e+27,5.602727035550194e+26,8.150757901159794e+26,2.7704028397893783e+26,-1.3178771283871315e+27,-1.8398711927430104e+27,2.0773889188121162e+27,-9.855890099276443e+26,1.6140541266376295e+27,-2.3194101562313613e+26,4.540492841434021e+26,2.0494163033765244e+26,-2.1404333032613416e+26,-2.7798779941631582e+26,6.967062339701279e+25,-5.004302925575413e+26,-8.336132085794377e+25,-7.726264998094958e+26,-5.396634102463015e+26,9.995476465628563e+26,2.9095544080044027e+27,1.6499972620157066e+27,9.461593551623113e+26,3.89882286231792e+26,-1.2492057910675992e+24,-2.5604849559220245e+26
1.0493004428693238e+26,-1.6235517861946105e+27,1.4460293617237967e+25,-1.9020475924533867e+26,-5.461119293000514e+25,-9.290627630648751e+26,-4.1698832118661055e+26,-3.496676753332245e+26,-4.279481463537573e+26,-4.2076975035682044e+26,-8.406989530407759e+26,-3.158595549982143e+26,-1.4114231275733356e+26,-5.558842230120814e+25,-5.8221996136286e+26,-1.015245323127594e+26,2.3219855784485687e+26,-3.477878409106782e+25,-1.1832279179234318e+26,3.783416328158764e+26,1.7636100055905928e+27,1.8419393280987797e+27,1.557926430368508e+27,1.765267977794591e+27,4.1812717609484054e+27,2.9549466842978014e+27,4.749647936741722e+27,-3.492819975534535e+27,-8.394512952778455e+26,-5.8543675061184705e+26,4.785930921205494e+26,-1.376589067043132e+27,-9.671064097549485e+26,-6.361020399025316e+26,-3.448276942320587e+27,-1.350736392192609e+27,2.1663189168197037e+26,3.4045353801599235e+27,-1.1666513804261803e+27,-6.615860982066807e+26,-7.681408645000361e+26,-5.164955263302071e+26,-2.35374821720644e+26,-3.749096117158909e+26,-8.205634787008845e+26,-6.970706238319207e+26,-4.287306911126681e+26,-4.5658529511379654e+26,-3.362368327666325e+26,2.908541309375077e+26,-5.259127441259626e+26,-7.238425708716256e+25,-3.229724895282822e+26,-6.796245625601627e+26,-2.9857224734651816e+26,3.9294509438698255e+25,-1.3928643326222056e+26,-2.3523616164790468e+26,4.303462719530486e+25,2.3786604134646442e+27,1.5174716086740233e+27,9.772733457869501e+26,8.9510590705381e+26,3.0793013822044737e+27,2.760177031392782e+27,2.402472240071519e+27,2.577258275018597e+27,-1.205569273594164e+27,-5.566787117060343e+26,5.070864672242437e+26,1.1560187619321896e+27,-9.366264728759231e+26,-6.592744394508806e+26,-3.228957868213539e+27,-1.5179822772868837e+27,-1.7517189878537096e+26,3.7366094452260905e+27,-1.425518281901714e+27,-3.982487131396718e+27,3.756425417152168e+27,-2.8822519791694405e+27,-2.8918696542137537e+27,-1.5647411145003814e+27,-2.4292224658318313e+27,-1.848651048338772e+27,-2.2588420636118576e+27,-3.274648529561882e+27,-3.73465635273418e+27,2.068382616077246e+26,-5.131334524431657e+27,1.8640289007731277e+27,9.08395176307001e+26,9.156980070074972e+26,6.22083602680918e+24,-4.901867810745567e+27,-3.9758402384435485e+27,5.436735952308783e+27,-2.8961355304952036e+27,3.2167819215218115e+27,-1.1408967305927328e+27,9.006760134611963e+26,5.018731944278802e+26,-1.156816991729365e+27,-7.631477055245259e+26,-9.10287169017585e+26,-5.105524037894977e+26,-1.4513865123778287e+27,-1.9699775143164113e+27,4.965307240481806e+26,2.721957815656032e+27,5.70432766866917e+27,2.8914577911542974e+27,1.412592983786857e+27,7.165937433307525e+26,5.662226280555312e+26,4.790293360700942e+26
1.0970934902491095e+26,-8.044579942720499e+26,8.573973586514094e+25,-1.9761854340456727e+25,2.5243869024370408e+25,-4.242426120331541e+26,-8.047847299088414e+25,-1.0283126542242905e+26,-1.3585250481087791e+26,-1.560247154700976e+26,-2.3778826146920002e+26,8.285545307826929e+25,1.0285768020064188e+26,-7.909089678470421e+24,-1.634832928784464e+26,-8.474509888326647e+24,7.447371599539835e+26,1.0627077969697675e+26,3.678095767383491e+25,5.629329915404411e+26,2.4133928360105652e+27,1.8241561524051743e+27,1.2690690184560055e+27,9.505644441614834e+26,2.9549466842978014e+27,2.8275838698426475e+27,2.7956595654151176e+27,-2.3175661340005275e+27,-1.1624175885484378e+26,-1.1625107932679321e+26,5.956763289071636e+25,-7.661187725714775e+26,-4.5417039418721075e+26,-3.559636130350529e+26,-2.284797858773244e+27,-4.277045146810701e+26,7.828629539361985e+26,3.8522244690437954e+27,-4.56839501462434e+26,-4.67317874528899e+26,-7.843082241484915e+26,-3.666629367684124e+26,-1.47053863532111e+26,-2.524589710576014e+26,-4.36089542583138e+26,-2.044886780784261e+26,-1.281284313046169e+26,-1.608265910664229e+26,-1.0270014608671424e+26,1.4522975668539209e+26,2.0273978281706134e+25,2.2809462190155858e+26,-1.0647338731649427e+26,-2.6529938697364877e+26,-8.56606131955017e+25,1.4168817234287345e+25,4.748745012696199e+25,-4.365388004821682e+25,-1.73665927103269e+26,2.641274140342004e+27,1.0329996609144055e+27,5.7252297200566876e+26,4.535960219754692e+26,1.6077097494128204e+27,2.2676710117435575e+27,4.861702324250941e+26,2.102508064979273e+27,-3.9214899932681524e+26,-1.6872188475321202e+26,1.654929146546306e+26,6.697599053306469e+26,-4.7115016283478e+26,-3.9319145251318214e+26,-2.067020462521539e+27,-5.91372411492108e+26,4.0954775497249974e+26,3.699020289402401e+27,-6.527007088761087e+26,-2.2239275756412517e+27,2.1324735719680003e+27,-1.448780369513201e+27,-1.6005779355636816e+27,-4.7652571074205784e+26,-1.0261639989285588e+27,-7.148230565450603e+26,-1.0556519288315857e+27,-1.3297523010158477e+27,-1.8294180357821097e+27,1.5638029308953731e+27,-1.670494302952284e+27,5.770042563225293e+26,5.571169705077896e+26,-2.0843691364248487e+26,-3.960022819301948e+26,-3.0345230028720827e+27,-3.9459112346767266e+27,3.275541721836526e+27,-3.292140493439151e+27,1.3051909306452417e+27,-1.6866467233751798e+27,7.079573181436164e+25,5.429111380595958e+26,-4.229459470435245e+26,-1.1261503456946029e+27,-1.1080136911499982e+26,-1.1188805258133383e+27,-1.6276463579331502e+27,-1.9013812423699696e+27,-8.747343014167371e+26,-5.538575044837775e+26,1.811446447051865e+27,2.8937034949053395e+26,-3.71476969668951e+26,-6.695288075605013e+26,-6.940329806627218e+26,-7.196320109866242e+26
9.161829665966866e+25,-2.561570964182e+27,-6.351209750254029e+25,-3.899401653214313e+26,-1.4955234140208137e+26,-1.5494806324015226e+27,-8.978687174550421e+26,-7.212703382856576e+26,-8.173931955275662e+26,-8.166250073904476e+26,-1.6115537411112622e+27,-9.358059380984026e+26,-5.7513293615444806e+26,-4.155782672051685e+25,-1.0896106193961429e+27,-1.7508776541082794e+26,-7.1898517736179696e+25,-7.832413692989477e+25,-2.8220411124377538e+26,4.5717650641882044e+26,1.357518121123084e+27,1.7288144429772307e+27,1.709122097226454e+27,2.3709727327816597e+27,4.749647936741722e+27,2.7956595654151176e+27,6.175091029253377e+27,-4.537044270469165e+27,-1.629002242344107e+27,-1.1677050973158145e+27,1.001987433518965e+27,-2.0103540106145086e+27,-1.5839071793859024e+27,-9.19556935245939e+26,-4.449333667905463e+27,-2.5239850721809595e+27,-4.563669740918454e+26,3.0302315153763007e+27,-2.0639552977813418e+27,-8.462741468605492e+26,-7.988467111034705e+26,-6.852234521760584e+26,-3.693898436060562e+26,-5.191169642291741e+26,-1.204940520524642e+27,-1.2555778522682522e+27,-7.475739214002062e+26,-7.638537816379248e+26,-5.791503418507103e+26,5.348406338398196e+26,-1.3151738373183435e+27,-6.121210990389321e+26,-5.585293507999364e+26,-1.0400139432267499e+27,-5.3000448038544435e+26,1.630625168230471e+26,-2.970670187770862e+26,-3.8185850617573214e+26,2.2093364630173206e+26,2.0380989847906167e+27,1.5878526612803537e+27,1.107746254990053e+27,1.1069265224534102e+27,3.86797047273626e+27,2.740106940695618e+27,3.871975418414032e+27,2.580617426801089e+27,-1.8975611585650202e+27,-8.486272739261292e+26,7.680099992730156e+26,1.479257445865575e+27,-1.3324982990351526e+27,-8.461067538461799e+26,-3.9805090537230224e+27,-2.663952783047177e+27,-1.0398928742859635e+27,3.551329856773809e+27,-2.1359045715923614e+27,-5.808901575353415e+27,4.968710621747182e+27,-4.451886275127313e+27,-3.94124727108473e+27,-2.9365058137037455e+27,-4.010532010263537e+27,-3.2124245732784696e+27,-3.4203134614165186e+27,-5.494090638737647e+27,-5.548191899996888e+27,-1.3048293762814576e+27,-8.662312425524174e+27,3.090681677529902e+27,1.1350364945308605e+27,1.9753884703417235e+27,4.9356215904951916e+26,-6.45217767467222e+27,-3.198155185046812e+27,7.346434782922434e+27,-1.8322027558460904e+27,4.970774354951402e+27,-3.0311371786680485e+26,1.765729352583813e+27,3.523824216250505e+26,-1.8243151255520972e+27,-1.880706637825487e+26,-1.656554487044586e+27,2.6818928748890893e+26,-8.640850429109137e+26,-1.5876633309160863e+27,2.1004692706017836e+27,6.422252008083599e+27,9.239213550758794e+27,5.147077286332168e+27,3.008912972195941e+27,2.1116408915605434e+27,1.9035390702069672e+27,1.7971625988059152e+27
7.906478283655346e+26,4.4455556111426454e+27,6.32321675335486e+26,6.993211932834194e+26,5.873346491273065e+26,1.3663163909096142e+27,1.1759124451778887e+27,7.717393220406416e+26,-1.4951557493495048e+26,7.572656109237323e+26,2.157157369151085e+27,1.398233212230971e+27,9.153152819874299e+26,-1.060200715437923e+27,-5.377128902753073e+26,-1.0294168326247522e+27,-3.2326866137641716e+26,-1.336391811633646e+27,-9.468184713874313e+26,-1.6371374753542112e+27,-1.7041155175010157e+27,-1.5674952948099473e+27,-1.5091913709199652e+27,-1.6084586153304547e+27,-3.492819975534535e+27,-2.3175661340005275e+27,-4.537044270469165e+27,5.180072195673037e+27,-5.094070914497609e+26,-2.0988385262290622e+26,-1.4249480903843043e+26,2.1671550087535606e+27,1.706599697167505e+27,1.267854223657037e+27,5.597147434964081e+27,3.1056992174545455e+27,5.7767619883089505e+26,-3.1439499388097604e+27,6.436623917061936e+26,6.554789915311548e+26,1.8731752901261334e+27,3.4603758034049643e+26,4.278264604211806e+26,3.415252792534524e+26,9.006765772588296e+26,1.074369082410752e+27,5.817416570666984e+26,4.9833747238842464e+26,4.3062664933765994e+26,-7.860266817009821e+26,1.6466583012487942e+27,9.770358827274954e+26,3.121276324006325e+26,5.36275391445213e+26,2.687280937733546e+26,-2.6560767356536296e+26,8.343292867833605e+24,7.1845414740601774e+25,4.476639600516612e+24,-1.7812292989005112e+27,-1.0118065485228444e+27,-6.183560674327848e+26,-6.0645757435924935e+26,-2.4666693385569776e+27,-1.9974385072491784e+27,-2.3486798056208912e+27,-1.8540069854570026e+27,1.0642201573958465e+27,3.6250604356583385e+26,-3.748888365320137e+26,-1.050365429161037e+27,9.098047608606365e+26,5.6817283697034926e+26,2.6117936722591184e+27,2.846685214972442e+27,1.4695116974121921e+27,-3.075692646708886e+27,1.3910683440439883e+27,5.225480116308474e+27,-3.315862498769589e+27,4.6104449114062023e+27,2.5401582901713563e+27,2.8958678970738873e+27,3.5074117567133565e+27,1.6778639441475697e+27,2.435073648674787e+27,3.9611398454377687e+27,3.9937965991043117e+27,2.0167430441568423e+26,6.930393589928572e+27,-1.931813446496116e+27,-7.31984660432084e+26,-8.453080508937663e+26,-2.2037243265658027e+26,8.760054173215264e+27,1.3681995930345276e+27,-8.025824233189349e+27,1.1551706345895027e+27,-3.817525646077051e+27,3.595554040949185e+26,-1.0870122553085536e+27,-3.101410517857638e+26,1.808816798176132e+27,2.5901364093763262e+26,2.0286028706280558e+27,-4.713002194814823e+26,2.405839390520822e+27,1.1385011087987602e+27,-4.038018020520025e+27,-7.067318314141028e+27,-6.861827504945174e+27,-3.361371552898297e+27,-1.77444151652198e+27,-1.3587023694000512e+27,-1.7839648930081583e+27,-2.4152780277109277e+27
-1.3296809458578762e+27,-2.23295683263751e+27,-8.507550300231932e+26,-5.957537280814277e+26,-5.800208513241129e+26,4.9888121378696885e+26,5.3111205530876074e+26,7.539921391382068e+26,2.0726016611866267e+27,8.644058328014377e+26,-2.9636351747248136e+26,4.365098633000999e+26,3.487008174118454e+26,1.5853252079475113e+27,2.834850839912288e+27,1.9352810304722986e+27,1.0998668419193102e+26,1.9845221843228752e+27,1.841320089812771e+27,1.2525599674132406e+27,4.05029232385579e+26,-6.697428935996746e+25,-2.9771730569916287e+26,-9.2348401484067e+26,-8.394512952778455e+26,-1.1624175885484378e+26,-1.629002242344107e+27,-5.094070914497609e+26,3.544248303545179e+27,2.219001317373055e+27,-1.2559622381635892e+27,1.5261735827069976e+26,1.835884434973401e+26,-4.8338248099788616e+26,-1.3062975430438093e+27,1.793433369540032e+26,6.300701243603254e+26,5.6731827849900084e+26,2.967310261506998e+27,-2.737942452735099e+26,-2.7024108945682816e+27,2.462070584438636e+26,-4.050586551831864e+26,2.1232456352870106e+26,4.717131183683349e+26,7.516011917533706e+26,5.287455313243211e+26,5.8470773076031335e+26,4.27374853016457e+26,4.9843053387851146e+26,4.637383664989725e+26,2.906323979455018e+26,5.063518686376185e+26,7.630964873157876e+26,5.3211285637813774e+26,1.9209497176554292e+26,5.4165450267425005e+26,4.967539491079603e+26,-3.0404542641007755e+26,4.069896879223054e+26,-1.2040028557581766e+25,-2.6973131790677262e+26,-5.486338009702059e+26,-9.589191648675552e+26,1.4988223001764749e+26,-1.7611171802125822e+27,-4.8524680198181466e+26,1.2626042537283203e+27,7.223179705570388e+26,-6.110153313737771e+26,-5.925945208517323e+26,5.679435774283271e+26,1.8732778206612818e+26,1.458825638867205e+27,3.5416752612265795e+26,3.284188038972707e+26,5.859399350676277e+26,1.1578856006547051e+27,1.759416900670589e+27,-2.0655040255246458e+27,6.749074439096454e+26,1.779316906291412e+27,1.9468790790599278e+27,1.4655548418193767e+27,3.665961095149523e+27,1.6138432735833298e+27,4.1980403813771495e+27,2.4015298846881797e+27,3.4572412114427466e+27,3.317517827420188e+27,-1.325625649401626e+27,-8.55873155372496e+26,-1.332915236065369e+27,-7.225860736617528e+26,-3.7103430007212495e+27,1.8818587902346228e+27,1.2032166136229604e+27,2.8423059736900592e+26,-1.2301024370352244e+27,-2.85442651110211e+26,-7.063045784530413e+26,-1.3676498776770602e+26,-3.1072203405703684e+26,-4.889979284108387e+25,-9.437168523773827e+26,6.561309758783301e+26,-2.72278855322178e+27,3.978101773768834e+25,3.137684099036061e+27,1.4048757791914896e+27,-2.569814347593366e+27,-1.823479913162721e+27,-1.298061314876883e+27,-5.806221812506113e+26,4.053276346228575e+26,1.32657398640054e+27
-7.953750211398265e+26,-1.2858344766398237e+27,-5.060884116230251e+26,-3.116447095209978e+26,-3.536734086445235e+26,3.484473946419511e+26,3.238432583320163e+26,4.543906625556933e+26,1.2824812999642284e+27,5.320982646520108e+26,-1.0450217091300811e+26,3.350284364729164e+26,2.6296012248293174e+26,8.461636613782886e+26,1.7962063284707278e+27,1.0835676341274038e+27,3.5386331112594972e+25,1.0664473378835374e+27,1.1539198423161627e+27,5.338103096484024e+26,1.2558530769318787e+26,-8.223254293212158e+25,-2.377572907785557e+26,-6.383181904513383e+26,-5.8543675061184705e+26,-1.1625107932679321e+26,-1.1677050973158145e+27,-2.0988385262290622e+26,2.219001317373055e+27,1.5279724386087324e+27,-9.264888490163945e+26,1.309405639310957e+26,1.2845209795799359e+26,-2.9298802780508617e+26,-7.693902986330075e+26,2.0995390152795996e+26,4.03008826293475e+26,1.4372967712837397e+26,1.9016680494756918e+27,-1.8967432711701543e+25,-1.2215601182898953e+27,2.2067940190655183e+26,-1.3904281886287279e+26,1.4033768685902386e+26,2.4661172369883816e+26,3.990425266021027e+26,2.4872634550116188e+26,3.0723857622777594e+26,1.982874400205776e+26,1.9346691201991356e+26,3.672441214946092e+26,2.3396120079391236e+26,2.8667013199520042e+26,4.216768586345731e+26,3.037383140373139e+26,4.299784632667877e+25,2.9221635658219795e+26,2.65163969641993e+26,-1.8623835919165517e+26,1.6014218530885305e+26,-3.188121681565744e+25,-1.3964730617060356e+26,-2.6473503839762205e+26,-5.963142140135314e+26,2.044612170641995e+25,-1.0740332733391571e+27,-2.0276104394279112e+26,7.038808843186801e+26,3.749135453332787e+26,-3.082899641342011e+26,-2.8387408280975184e+26,2.909703824913551e+26,1.1867356944530887e+26,8.42289393308045e+26,3.2230313699769544e+26,3.138824974891609e+26,1.6986113383108468e+26,6.402757416664662e+26,1.1937023384009426e+27,-1.1332014566810241e+27,4.556555448753e+26,1.0258857225583935e+27,1.199922901465857e+27,9.793011660045052e+26,2.267402070573131e+27,9.415408356103194e+26,2.579593303606708e+27,1.4584573411587916e+27,1.9596457783241097e+27,2.2381340655866652e+27,-9.519279524381275e+26,-3.934722738334513e+26,-8.830390959344652e+26,-4.142708671184305e+26,-2.0760549138084946e+27,9.715534263639678e+26,4.874547825196883e+26,6.272302506184736e+23,-9.359173217558325e+26,-2.917069384554041e+26,-5.145728420032658e+26,-1.657956528173922e+25,-1.4166992953234785e+26,-1.2275011573445337e+26,-5.206450883687358e+26,2.821086422386018e+26,-1.6673231538069328e+27,1.7722656695295617e+25,1.6606293791736766e+27,2.4295996431135396e+26,-1.9078614030463961e+27,-1.279308499934564e+27,-8.944037180515827e+26,-4.966892186247898e+26,7.2619893000865636e+25,6.433065027913155e+26
3.9994978371395036e+26,5.0358376084139125e+26,2.23797538531963e+26,1.071244467143015e+26,1.4630767545082343e+26,-2.859210087421389e+26,-2.1255265077586114e+26,-2.553943766466179e+26,-6.622397176264093e+26,-2.996239943166041e+26,-7.2029114007949795e+25,-3.0691413065534428e+26,-2.6683422189384317e+26,-3.408177593908979e+26,-9.556498911217664e+26,-4.799227096249404e+26,-2.4927106856561297e+26,-4.800791943917669e+26,-5.8354921500882605e+26,-1.552842508241089e+26,-2.8055685757419045e+26,3.778544976684207e+25,1.5517890659144186e+26,4.772408103028731e+26,4.785930921205494e+26,5.956763289071636e+25,1.001987433518965e+27,-1.4249480903843043e+26,-1.2559622381635892e+27,-9.264888490163945e+26,6.821105195899193e+26,-2.120255833866156e+26,-1.8718988917313995e+26,1.012150138466491e+26,2.964428042059334e+26,-2.858647661395931e+26,-5.0028396793593285e+26,-3.1069787032249106e+26,-1.0782438454446197e+27,-1.9043577602097328e+25,6.0322840662239814e+26,-1.2676095827402096e+26,4.481772775572511e+25,-7.66524297431973e+25,-1.4648499148324783e+26,-2.249886727654682e+26,-1.2922994750141206e+26,-1.3671254270411111e+26,-9.852049301209895e+25,-5.647794939465169e+25,-3.0771625502573047e+26,-2.5593729953588635e+26,-1.0431341153537788e+26,-1.823732295943363e+26,-1.0341777649265352e+26,-4.0782671784796126e+25,-1.0097377426783752e+26,-9.91168298386503e+25,7.168468296059682e+25,-1.8296119824314096e+26,3.242534239323891e+25,8.076266409655727e+25,1.5246989530260675e+26,4.152699743249764e+26,4.4767552198564865e+25,7.505340088679403e+26,1.2043283855778599e+26,-3.5724788899984086e+26,-1.8877125945000557e+26,1.7248666196599166e+26,2.0196041303797457e+26,-1.843140182040463e+26,-9.275756368715086e+25,-5.604977014901558e+26,-3.109689373202791e+26,-3.685171179891662e+26,-1.766615294418072e+26,-3.347751094760161e+26,-8.828220115525601e+26,7.165442135124779e+26,-4.909198523715015e+26,-6.647902494473243e+26,-8.191103089736468e+26,-6.588129224625987e+26,-1.3269888866422794e+27,-5.371689044857945e+26,-1.6478823969873667e+27,-9.124997322914197e+26,-1.5430428892157087e+27,-1.735403860302898e+27,9.194641245185774e+26,2.1843588037032766e+26,7.466740259014021e+26,2.500469933470374e+26,6.0560734871888225e+26,-2.6693852446146222e+26,3.451068455307955e+26,2.3968224623368388e+26,1.0740245881082684e+27,2.8810953636551342e+26,6.043327922408735e+26,-7.190465059532437e+24,-2.3056016578176366e+26,1.780748661064228e+26,-3.862492333076037e+25,1.0275500912309128e+26,1.0204050198454715e+27,2.8420617835179582e+25,-3.186427798034103e+26,9.976279586255827e+26,1.8332035372398076e+27,1.2184084783380902e+27,8.539777862107578e+26,6.710033884410342e+26,4.177218468154431e+26,1.1640277987105327e+26
1.8328758550746703e+26,1.6795990400834677e+27,2.0413683628758633e+26,2.621169813753605e+26,2.1873726564395324e+26,7.552551480476452e+26,5.720085813211714e+26,4.191221852403439e+26,9.428045628849959e+25,4.346906947363447e+26,9.122328527170582e+26,6.922055997496837e+26,4.9971943398995576e+26,-3.896874873095441e+26,1.6360812155829269e+25,-3.377047216371473e+26,-1.2303934601694448e+26,-4.449939521876722e+26,-3.152662013319213e+26,-5.25898568575104e+26,-5.200470117651602e+26,-5.232702914915365e+26,-6.04856789494081e+26,-8.098423812057835e+26,-1.376589067043132e+27,-7.661187725714775e+26,-2.0103540106145086e+27,2.1671550087535606e+27,1.5261735827069976e+26,1.309405639310957e+26,-2.120255833866156e+26,1.071830139132333e+27,9.12392368771703e+26,5.723450551916584e+26,2.3181635776260027e+27,1.371956003160667e+27,4.1478524043891787e+26,-1.0176293414709544e+27,6.210052745945878e+26,1.979100885799879e+26,3.0732904445253523e+26,1.378528875274974e+26,1.1360320868125251e+26,1.5010140964544975e+26,4.165489718335742e+26,4.647086444238295e+26,2.6925215874863928e+26,2.0184868184870888e+26,1.989037793614541e+26,-2.528420991064639e+26,7.04225553359675e+26,4.895813985810553e+26,1.016353355210747e+26,2.24632752000697e+26,9.034464921322028e+25,-4.234986599183908e+25,3.2027260432907502e+25,4.426163418331771e+25,-2.522820237529475e+25,-4.6402289104133155e+26,-3.1181765952891346e+26,-2.411830632805592e+26,-3.0329010667096235e+26,-1.0136507478566671e+27,-5.9542314613322113e+26,-1.1802765990248609e+27,-8.039360595192425e+26,4.987821397208361e+26,1.9551446403452658e+26,-2.1083685817536922e+26,-5.112994260814483e+26,4.278343214002275e+26,2.586071207805927e+26,1.311120207264059e+27,1.2001628060552255e+27,6.833122356145535e+26,-8.956782514533606e+26,6.09667870429729e+26,2.6775902661948086e+27,-1.5932528474723734e+27,2.2551615949538082e+27,1.2914035732800572e+27,1.527181894508959e+27,1.506775732342176e+27,1.1843508604057776e+27,1.0682150829259587e+27,2.3190883612148738e+27,1.8241817570895896e+27,5.0256618242963906e+26,3.229539988724717e+27,-1.0018987584282972e+27,-4.366075730094567e+26,-6.41639245573242e+26,-2.2918596123995117e+26,2.8766883843748935e+27,9.187833461495381e+26,-3.0598994871978004e+27,4.926259244414817e+26,-1.714684905395375e+27,7.556831537511964e+25,-5.320889500665687e+26,-1.5407058575322702e+26,5.7551134321937445e+26,1.0466881402730872e+26,5.195458431969128e+26,2.060819624634828e+25,4.6625552718457936e+26,5.198649495508647e+26,-9.450482997176196e+26,-2.6409300210204744e+27,-3.1280776633918573e+27,-1.6527811020181706e+27,-9.71069415382621e+26,-6.458962742057117e+26,-5.698745020208271e+26,-6.169803894674886e+26
1.39387318468396e+26,1.5034026426364216e+27,2.137505144133707e+26,3.06052154905452e+26,2.59000273758852e+26,9.630188673397844e+26,5.9526747970729685e+26,4.042442597409913e+26,6.414310119865155e+25,4.5346968806349535e+26,1.1060985664991147e+27,5.032975701221652e+26,2.914851756136508e+26,-3.0347496448710773e+26,4.621140458745528e+25,-2.971502771114915e+26,-2.345470980564139e+26,-3.6118561613372494e+26,-2.778264594582892e+26,-2.9642244107995407e+26,-4.9166566658184044e+26,-2.6876703632938373e+26,-3.571726561599627e+26,-6.0437223139592715e+26,-9.671064097549485e+26,-4.5417039418721075e+26,-1.5839071793859024e+27,1.706599697167505e+27,1.835884434973401e+26,1.2845209795799359e+26,-1.8718988917313995e+26,9.12392368771703e+26,9.839887959918793e+26,5.7159553592856115e+26,1.9844910177239154e+27,1.529487307190959e+27,6.5369630411622795e+25,-9.511099140921147e+26,6.73730942022316e+26,1.2363939806692832e+26,5.092261712180379e+25,1.2776854889600942e+26,1.2557819788460014e+26,1.5720668972365205e+26,4.3754698600240135e+26,5.217952460519291e+26,3.1304300032497245e+26,2.1413337910775117e+26,2.313318671894142e+26,-3.289391550501724e+26,5.864096939776792e+26,3.231955400122094e+26,8.580243163099704e+25,1.892021324302501e+26,5.624077005324476e+25,9.759524654716536e+22,-1.1308381349416023e+24,1.6417855756063777e+25,-1.0711039599968991e+25,-3.6590232131632646e+26,-2.045193167126146e+26,-1.888794285113585e+26,-2.543660655419058e+26,-8.159662401581619e+26,-3.5698109782396506e+26,-1.0636849639131557e+27,-7.165544718169328e+26,4.231338353935153e+26,1.5295896422191328e+26,-1.7449050164307295e+26,-4.790016826518353e+26,4.201493481803723e+26,2.419953803180455e+26,1.2593637401315634e+27,1.353392209473869e+27,4.563418657537314e+26,-7.509122594177666e+26,5.910960576841224e+26,2.565841530438211e+27,-1.528525715825947e+27,2.2064642689831936e+27,1.2794634326035937e+27,1.3538972381873867e+27,1.4963134173208172e+27,1.176596033974193e+27,1.0410917011247064e+27,2.1958249680418684e+27,1.7736844036166924e+27,-1.9134735764724415e+26,2.958282214481177e+27,-9.004010009206959e+26,-3.948321886400312e+26,-6.857672874968768e+26,-2.4394454740745948e+26,2.116599572084041e+27,8.135429721809813e+26,-2.4256234900926233e+27,3.580446812562257e+26,-1.4624550405347163e+27,8.067048727077155e+23,-5.341131305175041e+26,-1.2426568390269279e+26,4.4449459956907106e+26,2.8695874181612097e+25,3.6191435291370185e+26,5.734403270455962e+24,2.1699850606455976e+25,4.053742735211553e+26,-6.413283893709582e+26,-2.4612644559318397e+27,-2.877528542110108e+27,-1.5317237738988717e+27,-9.596138041505738e+26,-6.726660024950038e+26,-5.207139931615747e+26,-4.6967931103158955e+26
7.182647601885594e+26,1.937285899995709e+27,5.562262289372336e+26,5.9802731373171236e+26,4.147554448930225e+26,5.305996739705492e+26,1.342995796449381e+26,-8.524117236754129e+25,-4.8411064546205204e+26,-1.1051583228249394e+26,9.468217265889212e+26,1.659553590161927e+26,4.609329767528727e+25,-4.2798005021056014e+26,-4.900506192958328e+26,-4.8815158167503714e+26,-2.6256913718260726e+26,-4.823869681035004e+26,-4.281019013474306e+26,-3.020618962311562e+26,-5.1332516132806115e+26,-2.1725385396839195e+26,-2.6532795529210614e+26,-3.724039964481004e+26,-6.361020399025316e+26,-3.559636130350529e+26,-9.19556935245939e+26,1.267854223657037e+27,-4.8338248099788616e+26,-2.9298802780508617e+26,1.012150138466491e+26,5.723450551916584e+26,5.7159553592856115e+26,6.505925302912002e+26,1.9670291595125697e+27,1.0621091528566286e+27,-2.3447457717429898e+26,-9.129859000844358e+26,-2.7349874345836445e+26,4.452000350105049e+26,9.522702118803803e+26,9.580658276340867e+25,3.918797807798555e+26,7.140058315249863e+25,2.7101544954026848e+26,3.3279268435075324e+26,2.0665586441836386e+26,1.3058743815136053e+26,1.590441369288518e+26,-4.655477668109891e+26,3.5289372810016526e+26,1.4121918517611473e+26,3.2770748206375232e+25,8.314960282462445e+25,-3.9070461811439374e+23,-2.0625332749021375e+25,-5.175227632709501e+25,-3.082030322178423e+25,1.6520517178312107e+25,-3.7121272700128266e+26,-1.5690030620254943e+26,-1.2963166313351519e+26,-1.588216878841535e+26,-5.146533655016164e+26,-2.789399219036672e+26,-5.640522038266362e+26,-4.9253489321982e+26,1.9607087680026815e+26,6.036881043996608e+25,-8.800128434891679e+25,-2.956826564445672e+26,2.7086154100177946e+26,1.4239020059320414e+26,6.554027325952309e+26,1.0101297970811017e+27,2.1551499517797465e+26,-6.895331724153076e+26,3.3697787350530936e+26,1.6149804097057664e+27,-8.385020597408869e+26,1.503968051024185e+27,6.036071830802638e+26,3.0940627922606314e+26,8.91939421594105e+26,-1.0355516104321736e+26,5.793428018009129e+26,5.657796394371066e+26,9.205386739183833e+26,-1.3245724208844558e+27,1.4580542715356235e+27,-3.6664125912677025e+26,-2.281940385760638e+26,-2.813839420016062e+26,-9.84254097110603e+25,2.0756841345173136e+27,4.860565003198008e+26,-1.7535027323933883e+27,3.849892290972921e+26,-6.872720338410389e+26,1.1374895106491796e+26,-1.4170703594418086e+26,-9.474079999223166e+25,1.801210581875246e+26,1.0310896972420246e+26,1.909181268225788e+26,8.410058090313827e+25,6.871594141883278e+26,3.4220233934984235e+26,-6.744168581280182e+26,-1.4540572019987062e+27,-1.456223024382953e+27,-7.132094874053149e+26,-4.150199860978974e+26,-2.27726604591298e+26,-1.7907017319463403e+26,-2.6150111624116897e+26
1.8592913793043943e+27,6.576221791104492e+27,1.327512502062745e+27,1.548110399644018e+27,1.0156996642777839e+27,1.7479241400976657e+27,9.217405952288006e+26,2.972172449344003e+26,-9.31545970827866e+26,2.570356747157162e+26,3.092971833096304e+27,9.550513911758887e+26,3.345355022391468e+26,-1.2984856547810016e+27,-1.222568562715254e+27,-1.4706882368162775e+27,-1.0524615710035775e+27,-1.733977635095798e+27,-1.383855800674127e+27,-1.544453926504472e+27,-2.523519781371213e+27,-1.4801079630191719e+27,-1.493609084397703e+27,-1.64621742092325e+27,-3.448276942320587e+27,-2.284797858773244e+27,-4.449333667905463e+27,5.597147434964081e+27,-1.3062975430438093e+27,-7.693902986330075e+26,2.964428042059334e+26,2.3181635776260027e+27,1.9844910177239154e+27,1.9670291595125697e+27,7.490178459698966e+27,3.9224044268291035e+27,-6.810969837090639e+26,-4.3910383737352203e+27,-9.756682251453688e+25,1.6649204205820626e+27,3.78064148894073e+27,6.803328823774534e+26,1.2398272091583808e+27,4.92882084062189e+26,1.2497640724755249e+27,1.534128595842962e+27,8.908465508135697e+26,8.551656122046171e+26,6.988942988604001e+26,-1.5300076916296166e+27,1.767007728770325e+27,6.739291147477244e+26,5.974767254872815e+26,8.930926374780063e+26,5.125983638061694e+26,-3.572932035781944e+26,1.4208498697677619e+26,2.2263851196451267e+26,-1.1235961144128364e+26,-2.2045862222636713e+27,-1.0505244617824028e+27,-7.134850819031916e+26,-7.377505575850013e+26,-2.7644027222163893e+27,-1.9222238241139554e+27,-2.758680393446165e+27,-1.97867847788168e+27,1.5135981403915733e+27,5.7570655725252545e+26,-5.376596428019849e+26,-1.1896256741867672e+27,1.2210166750641072e+27,6.377375321998586e+26,2.774497367436504e+27,3.9283267060337456e+27,1.158822168314335e+27,-3.796527119082266e+27,2.0039259021051752e+27,6.304516753730898e+27,-3.8756073406315114e+27,5.637162726884691e+27,2.8406287947605335e+27,2.2242703371923196e+27,4.451008407709508e+27,8.202838046534857e+26,3.2480331717621414e+27,3.4376884444608216e+27,4.906729797838171e+27,-3.215085599553959e+27,7.469920369967761e+27,-1.5155278924529368e+27,-8.895785694937388e+26,-8.02059039448261e+26,-4.1411897672677094e+26,9.668997085494815e+27,1.6346336450637646e+27,-8.179481348267226e+27,1.389171978207471e+27,-3.2473709586651586e+27,3.3023869377181334e+26,-6.120204713718501e+26,-2.910356665634099e+26,1.2537220271733736e+27,2.781623196439677e+26,1.5369904327049231e+27,-1.7245582438802507e+26,3.272549541757436e+27,1.1439489721398332e+27,-3.9259360775838634e+27,-6.705411325588425e+27,-6.847084223225598e+27,-3.236951121847147e+27,-1.699310589944907e+27,-1.0425758442468148e+27,-1.2693807192960861e+27,-1.957356572069023e+27
1.5735727028470622e+27,5.124962140841191e+27,1.2199970885667941e+27,1.3174140804828776e+27,9.796000237318388e+26,1.5522962595964593e+27,2.323241807435352e+27,1.3462227380092412e+27,2.908137306445785e+26,1.1870306980380746e+27,3.9142860238040956e+27,2.895376290284588e+27,1.6115224570461932e+27,-6.804846014981871e+26,7.940511502969548e+25,-5.4045036538832556e+26,-1.9101021685934038e+26,-7.597111778067725e+26,-3.970356566631345e+26,-8.168612135952384e+26,-2.9553141232772348e+26,-2.9983604120570593e+26,-4.9690451912682175e+26,-8.171542921274057e+26,-1.350736392192609e+27,-4.277045146810701e+26,-2.5239850721809595e+27,3.1056992174545455e+27,1.793433369540032e+26,2.0995390152795996e+26,-2.858647661395931e+26,1.371956003160667e+27,1.529487307190959e+27,1.0621091528566286e+27,3.9224044268291035e+27,5.470445705732132e+27,1.3489448042866599e+27,-6.828254810641932e+26,1.1863531231161853e+27,4.620102387536202e+26,1.4002284727977713e+27,-9.370968715802996e+25,8.340905760511723e+26,-1.2616712690261408e+26,2.282194862228706e+26,2.330095807599799e+27,1.1020173257832632e+27,1.0690400887058717e+27,7.934132870151865e+26,-1.481500132013303e+27,4.1928835210483556e+27,2.5275935010716435e+27,9.907457750944821e+26,8.56401001139788e+26,9.742538725633594e+26,-5.5200220296260284e+26,4.6916912692578664e+26,3.586807502365874e+26,-2.1529507063470746e+26,2.516263956665713e+26,-1.091970505018426e+26,-7.196930073544822e+25,-2.5278871499776607e+26,-1.1782725797386067e+27,-3.0169512301323407e+26,-2.094121065576952e+27,2.0038969611293524e+26,1.463043524768929e+27,4.56800089474595e+26,-3.6332017560261205e+26,-5.4095588229649e+26,3.4800035177954175e+26,-1.269342793068959e+26,2.303604701692968e+26,4.7637852690769084e+27,3.667945016093104e+27,-1.3533848419485313e+26,1.4445396263577426e+27,4.197219631901044e+27,-1.4464870357370755e+27,4.1955577228663946e+27,6.937356097402865e+26,4.282750994669953e+27,5.329355868170035e+27,2.2633790071824885e+27,2.6384726355318276e+27,4.342083309707271e+27,3.6052510041827354e+27,1.0530607760407277e+27,8.862951577640261e+27,-1.5723370220507522e+27,-5.222179813826703e+26,-1.0957022407855877e+27,-6.0828234391839075e+26,6.434467423268384e+27,-3.010903088062281e+27,-5.452649624128789e+27,-2.2553416807749974e+27,-2.88917615897418e+27,-1.0698380557905864e+27,-1.1506281837537205e+27,-2.567499946178704e+24,1.452464662957555e+27,-5.761242658853919e+26,1.8971823734929948e+27,-1.363100953167714e+27,5.379721692644389e+26,-9.609908691169134e+26,-5.353838994116246e+27,-9.119211774316566e+27,-6.362170520861892e+27,-3.274612947098348e+27,-2.0432878002541866e+27,-1.8796351657902369e+27,-2.3557382408700586e+27,-3.139237129273842e+27
6.605073331353545e+26,1.6672956384654833e+27,4.5978379865363654e+26,-1.80867762011701e+26,3.722265186793954e+26,-8.474205476420421e+26,1.7641344823137314e+27,1.3772626709879166e+27,4.286155626992305e+26,9.73596943223271e+26,1.75976342636691e+26,4.85793055125099e+27,4.7708992666885233e+27,-1.516044452350943e+27,1.4945752380653432e+26,-3.997914307920636e+26,2.4301076476246522e+27,8.81808811277337e+25,1.2117521518502619e+26,-2.989498357944505e+26,4.2658807846314855e+27,1.416473695557818e+26,-6.713498337100448e+25,-2.3576026729628736e+26,2.1663189168197037e+26,7.828629539361985e+26,-4.563669740918454e+26,5.7767619883089505e+26,6.300701243603254e+26,4.03008826293475e+26,-5.0028396793593285e+26,4.1478524043891787e+26,6.5369630411622795e+25,-2.3447457717429898e+26,-6.810969837090639e+26,1.3489448042866599e+27,7.490144360300796e+27,6.568061995117866e+27,2.4316637657424828e+26,-1.300513404093442e+27,-1.3906442020315015e+27,-1.116411723964801e+27,-7.091629572231574e+26,-7.394659725732102e+26,-1.1620155841553447e+27,-1.2690652194503293e+26,-2.495517834532295e+26,-3.820356423572635e+26,-2.3027334429301293e+26,6.663282442735726e+26,3.7426266381055124e+27,4.83534477957078e+27,-2.2194077260746056e+26,-4.1148205669327144e+26,5.058256534323455e+25,-7.963287013318509e+26,3.6948244526337435e+26,-9.161055990775466e+24,-3.8487806781838035e+26,4.4035914165625813e+27,6.938511120796764e+26,5.940121400929775e+26,2.4177293126742294e+26,6.92512202654411e+26,9.856160133689683e+26,-6.310385189617004e+26,2.766812204405478e+27,8.183920602321211e+25,-1.8117767853226183e+25,-4.158418603328882e+25,4.9423612796697956e+26,-7.847611513707642e+26,-7.728925093224923e+26,-3.123989883715241e+27,-3.4906671564843933e+26,6.222855572796216e+27,6.105985875921318e+27,-1.1416010378923149e+27,-7.247359356713447e+26,2.7741186023444675e+27,2.899538410661247e+26,-2.5899746244028496e+27,4.427097832717748e+27,8.94460953858652e+25,1.1437389731081058e+27,-1.409903614889233e+27,2.2289464169171884e+27,-2.0762232970100396e+27,1.1098799365142294e+28,4.307487217778031e+27,-1.1670883187995468e+27,2.962862530594066e+25,-6.98984667620533e+26,-5.395139370560597e+26,2.703628765515429e+27,-7.321411834851408e+27,-1.93888520537931e+27,-5.433957329402732e+27,-1.9218204184054658e+27,-2.1190675179949332e+27,-1.1701204316992608e+27,2.580063674246811e+26,1.5653172716312231e+27,-1.0901649865125078e+27,2.197246186326687e+27,-2.2333247173937652e+27,-7.834723206895911e+26,-2.797132850239617e+27,-6.06039122381633e+27,-7.683514025546241e+27,-2.7679067357599544e+27,-2.0612606597002176e+27,-1.463796575527649e+27,-1.8571136079983953e+27,-2.8191756303426193e+27,-3.8700617336893956e+27
2.9998369966123118e+26,-1.099552943167357e+27,2.2495907063656895e+26,-4.22884586349684e+26,1.3768840369021708e+26,-1.5158605204309902e+27,6.422250690696809e+26,4.899492867713726e+26,5.167304054238414e+25,1.7374734555961038e+26,-8.765862990444973e+26,2.6952244655269733e+27,2.980075552436456e+27,-7.439557510968124e+26,-6.221979523145207e+25,-3.6986399145626497e+25,3.7078495139663083e+27,7.973304978887797e+26,3.7425822905851515e+26,1.2719483593733183e+27,7.37155493705577e+27,2.1688576298646606e+27,1.430457862285892e+27,8.563463688409946e+26,3.4045353801599235e+27,3.8522244690437954e+27,3.0302315153763007e+27,-3.1439499388097604e+27,5.6731827849900084e+26,1.4372967712837397e+26,-3.1069787032249106e+26,-1.0176293414709544e+27,-9.511099140921147e+26,-9.129859000844358e+26,-4.3910383737352203e+27,-6.828254810641932e+26,6.568061995117866e+27,1.1048867695318696e+28,-7.162390917287396e+26,-1.882456970767374e+27,-3.3472969432315177e+27,-1.4167737283237548e+27,-9.985659248943188e+26,-9.27146978250277e+26,-1.4692214405080808e+27,-5.545376758139324e+26,-3.446347520363406e+26,-5.924650176713597e+26,-2.8397943955836826e+26,1.0666790545102723e+27,1.6470277794617406e+27,3.0441744209835106e+27,-5.473393150483717e+26,-8.492333247986765e+26,-4.0124368972918765e+26,7.096921719018811e+24,1.960575967546435e+26,-1.3048133938901212e+26,-3.575683667508982e+26,7.136015632322896e+27,1.844828724127125e+27,1.0943970445939744e+27,5.241844897577324e+26,2.6321720826554567e+27,3.492990947753679e+27,4.9644114590193397e+26,4.2061447244784904e+27,-7.486915460890665e+26,-1.8361500887271022e+26,6.916977686671364e+25,1.0311838317383053e+27,-1.1633080670336172e+27,-1.0856463715968285e+27,-4.731960212038616e+27,-1.9454044477818362e+27,4.0527007868993336e+27,1.0035784722626278e+28,-1.9264453456462076e+27,-4.383305213744903e+27,4.7168579744840924e+27,-2.585461292062197e+27,-3.958321198935758e+27,1.5839897733007823e+27,-2.470911043598013e+27,-5.235208774557125e+26,-2.957261888159129e+27,-8.54187815554016e+26,-4.7052474118064646e+27,1.0964554457684395e+28,-1.1213374181768189e+27,-2.208980988071073e+26,3.2169735982455345e+26,-7.611235471393443e+26,-7.582150574717534e+26,-3.2519577329847396e+27,-9.025022528181681e+27,3.689387105137942e+27,-7.005460023490686e+27,3.171671692765322e+26,-2.906109662495994e+27,-8.086860437807388e+26,5.283445437567295e+26,6.245853026070961e+26,-1.6048355509734281e+27,1.200430897062171e+27,-2.356091767646009e+27,-2.7988596676085706e+27,-3.9460423864885315e+27,-3.949084312084657e+27,-3.6676240745833755e+27,1.5160959690487208e+27,-6.271286822960892e+26,-1.1399467617454198e+27,-1.6700816881951066e+27,-2.2301298467050617e+27,-2.8339811448003505e+27
-1.3317103123414465e+27,-1.2612514734006668e+27,-8.492597144802889e+26,-6.016499420441759e+26,-4.954124457242293e+26,9.21096345838152e+26,1.1065274842276015e+27,1.219713880710278e+27,2.091077458504187e+27,1.3555114639900504e+27,3.491942584920148e+26,7.713600638886787e+26,4.026399601294559e+26,1.1994071316877413e+27,2.4868943204953754e+27,1.4568973100086953e+27,-3.607601447762099e+26,1.2169401699636179e+27,1.296200624230352e+27,5.3214988162932685e+26,-4.407050641982873e+26,-2.6338088992016675e+26,-4.288217690045817e+26,-9.127669345447495e+26,-1.1666513804261803e+27,-4.56839501462434e+26,-2.0639552977813418e+27,6.436623917061936e+26,2.967310261506998e+27,1.9016680494756918e+27,-1.0782438454446197e+27,6.210052745945878e+26,6.73730942022316e+26,-2.7349874345836445e+26,-9.756682251453688e+25,1.1863531231161853e+27,2.4316637657424828e+26,-7.162390917287396e+26,3.180555557305327e+27,-2.8121634430694498e+26,-2.082008136515457e+27,3.292882599915964e+26,-3.982304448761466e+26,3.2614202283923085e+26,6.539814414318726e+26,1.00130737641334e+27,6.1144513460701726e+26,6.870735605635584e+26,4.748043447017505e+26,2.6792580182970977e+26,8.907649735846625e+26,3.803369756063304e+26,6.1612068961562996e+26,8.351777666745862e+26,6.245246082257647e+26,5.396964171551968e+25,4.963135619024419e+26,4.6918125381944006e+26,-2.5673652906847615e+26,-2.6189658830137818e+26,-1.6063341469947837e+26,-3.008110145739437e+26,-5.027949084403519e+26,-1.1858735484191045e+27,-1.9460032754487604e+26,-1.8637436223963736e+27,-7.090352980728475e+26,1.3330847448966246e+27,6.584045298202931e+26,-5.40472002582909e+26,-6.47229139072347e+26,6.407836577642306e+26,2.6737130772567206e+26,1.786651691113535e+27,1.214336221752687e+27,5.2391324100422065e+26,-4.9329069955633495e+26,1.3908128087890982e+27,2.7965744916947263e+27,-2.453466644352526e+27,1.703690959775615e+27,2.1336102120216896e+27,2.8068943357133926e+27,2.413996397295794e+27,4.087637110210833e+27,2.1204532301140582e+27,4.993404248685006e+27,3.2293821640917404e+27,2.7318241593927005e+27,4.629672741839832e+27,-1.394646802672401e+27,-7.777513817091475e+26,-1.2066519057844005e+27,-6.425089815847464e+26,-1.4029411350905745e+27,1.7295647932267414e+27,-6.529333454589505e+26,3.339884949701589e+26,-1.7293031346553362e+27,-2.5051315588355136e+26,-8.016792786666969e+26,-1.2935312769619545e+26,1.1125578776834521e+26,-7.605369696473884e+25,-3.437395791541811e+26,3.5162729273232466e+26,-2.0431032040823835e+27,1.6297268554247447e+26,1.713494739247766e+27,-6.02745189376884e+26,-3.651645113987668e+27,-2.1433624712342218e+27,-1.405257753793684e+27,-7.999017509581316e+26,-1.0770063265270596e+26,5.210109704927131e+26
8.619226545437653e+26,2.046193516291264e+27,2.3064022832328918e+26,1.026088196788035e+27,-1.295844470653185e+26,3.932130569829615e+26,-9.566470693112879e+26,-8.639023871218874e+26,-4.6714583312320823e+26,-7.28702806218344e+26,7.390209227432332e+26,-7.522549201629501e+26,-7.280614823781069e+26,4.556340755777702e+25,-1.888290687310388e+26,-1.7403600797454608e+26,-6.892978305218005e+26,-2.5296169737748022e+26,-1.043955927855706e+26,-1.4561495761592995e+26,-1.1492555521864568e+27,-2.271031204395539e+26,-2.173795567413708e+26,-3.134859512275495e+26,-6.615860982066807e+26,-4.67317874528899e+26,-8.462741468605492e+26,6.554789915311548e+26,-2.737942452735099e+26,-1.8967432711701543e+25,-1.9043577602097328e+25,1.979100885799879e+26,1.2363939806692832e+26,4.452000350105049e+26,1.6649204205820626e+27,4.620102387536202e+26,-1.300513404093442e+27,-1.882456970767374e+27,-2.8121634430694498e+26,2.607009264688902e+27,4.603187379081189e+27,1.5594241437257913e+27,2.0441137222607785e+27,7.780025601581031e+26,6.955337448742315e+26,9.262597103177824e+26,5.13756174106696e+26,1.0548679991311821e+27,4.944428069696638e+26,-1.799490640341993e+27,7.465364615318015e+26,4.162158804739425e+25,1.0817306530120435e+27,1.149766295252957e+27,1.0113697195579755e+27,-5.811726470751269e+26,5.6398899921469084e+26,5.893109012368167e+26,-3.470374460706401e+26,-8.109535830634769e+26,-2.8798738365045517e+26,-1.5025781254430481e+26,-1.3384410613243794e+26,-8.662904418119715e+26,-4.917254597297889e+26,-1.0743304996722602e+27,5.8658781460791817e+26,1.3630708434310546e+27,5.9415384553410124e+26,-3.424852698016727e+26,7.149940993067157e+25,3.652181088877971e+26,-1.4429736931639783e+26,-4.8154552322106196e+26,1.927991579849148e+27,4.9497323304510946e+26,-1.4802150851982858e+27,1.604273983772419e+27,1.2435581852225223e+27,-5.140129143419492e+26,9.361661285959002e+26,2.1462713670248448e+26,-1.2572110742701395e+27,2.7101695760671006e+27,-5.814819321786256e+26,2.225133476584913e+27,-2.9748532137177314e+26,2.5466182486023713e+27,-3.44416895747594e+27,3.485236268330543e+27,-1.8072185286237185e+26,-2.7961172528077073e+25,-2.2325686066834177e+26,-2.8013751518415914e+26,1.850987784016313e+27,-1.4280618307609367e+27,-1.1678930751665661e+27,-1.1766080713909422e+27,-3.475135258121943e+26,-7.23528942980293e+26,3.145778450707515e+25,2.118415754133788e+26,-1.0583864554054257e+26,-4.5248109555531645e+26,7.5266120110100585e+25,-5.0217004523363816e+26,6.518711266127579e+26,-8.487835921423616e+26,-1.6095340168927913e+27,-2.64695100204709e+27,-2.1401057039022563e+27,-9.43697272821154e+26,-5.033687573098284e+26,-3.793127996154526e+26,-4.6466305164334246e+26,-6.923741023865443e+26
2.1596284401648374e+27,5.592058509365272e+27,7.941079723191659e+26,1.6844331980696804e+27,1.9044351923543445e+26,1.3658683334101506e+26,-1.2124763323754735e+27,-1.320727170370665e+27,-1.7709803921152054e+27,-1.2734744062468863e+27,1.5482834884822097e+27,-3.238489124648572e+26,-4.899321195363579e+26,-1.2498118692668773e+27,-1.9817125153027188e+27,-1.6404956665707542e+27,-1.1633486997881903e+27,-1.968124892861471e+27,-1.280548015022266e+27,-1.6291838122059705e+27,-2.0874266027774848e+27,-4.9522939016490264e+26,-3.3558959230494504e+26,-1.047016160933539e+25,-7.681408645000361e+26,-7.843082241484915e+26,-7.988467111034705e+26,1.8731752901261334e+27,-2.7024108945682816e+27,-1.2215601182898953e+27,6.0322840662239814e+26,3.0732904445253523e+26,5.092261712180379e+25,9.522702118803803e+26,3.78064148894073e+27,1.4002284727977713e+27,-1.3906442020315015e+27,-3.3472969432315177e+27,-2.082008136515457e+27,4.603187379081189e+27,1.1546951670557402e+28,2.60755543458221e+27,3.435617887880876e+27,1.3861098313556464e+27,9.505656416021315e+26,1.0087918800091941e+27,2.0984048601312053e+26,1.5907344788494734e+27,2.8262521572087827e+26,-3.295310688203162e+27,2.4483329353795387e+27,1.2796648937708078e+27,2.1697177551821362e+27,2.034384613728124e+27,2.263934631251737e+27,-2.408051718969525e+27,1.2596197423934582e+27,1.0740564577887055e+27,-1.0038579935390622e+27,-1.180409946198635e+27,-5.409128008876872e+26,1.2618050612916702e+26,4.286993149995313e+26,-1.1536501153939909e+27,-1.1154369802419822e+27,-1.4460520549624945e+27,3.180373227899503e+27,2.335060105893613e+27,6.710523765070277e+26,-1.3315898268885807e+26,1.2797150482939747e+27,-2.866342759862291e+25,-4.698101617805098e+26,-3.173873267566438e+27,3.509470525122945e+27,2.847270314958669e+27,-2.703388348805624e+27,2.3739993015331666e+27,9.06520552554379e+26,1.5427044146299297e+27,1.1937139330076763e+27,-1.4109520087734737e+27,-2.0357550123422687e+27,5.116371751711826e+27,-2.929380592451162e+27,3.5534283191312314e+27,-2.7053485554712684e+27,3.773933438700646e+27,-6.447269427935074e+27,7.379522861980044e+27,3.2527452209921e+26,1.1790426571846639e+27,4.607664847863483e+26,-2.7063290386423043e+26,7.878815472810091e+27,-7.669918236406113e+27,-4.2475502413229233e+27,-5.391452489221806e+27,-4.40668364348259e+26,-2.76780220257692e+27,2.8648449324019802e+26,1.0559974936533738e+27,5.549008081978402e+26,-1.8240373437695782e+27,1.8506387505824663e+27,-2.9341071632202393e+27,3.2166511228919486e+27,-3.0986525716022483e+27,-8.718290226330378e+27,-1.061341039114456e+28,-4.355379209800055e+27,-1.6193925275902015e+27,-7.104050839796345e+26,-1.2811164367684413e+27,-2.7839521686694783e+27,-4.4529225595686306e+27
-1.1269085650057675e+26,4.451329487322816e+26,-3.490791518353839e+26,1.8031919795198233e+26,-3.530999758370692e+26,3.571781275868851e+26,-6.277672878441136e+26,-3.906155877474747e+26,8.923294288121244e+25,-2.1775683084484668e+26,6.5618800304761575e+25,-8.716225564171159e+26,-7.593857951695672e+26,3.563401980438769e+26,2.602542467945558e+26,1.8073701762013703e+26,-4.8033109808831396e+26,6.866599020096885e+25,1.2559274932097184e+26,2.3755792860016572e+25,-8.507335166335641e+26,-1.7263216388245865e+26,-1.4828335555200964e+26,-2.2949781775248542e+26,-5.164955263302071e+26,-3.666629367684124e+26,-6.852234521760584e+26,3.4603758034049643e+26,2.462070584438636e+26,2.2067940190655183e+26,-1.2676095827402096e+26,1.378528875274974e+26,1.2776854889600942e+26,9.580658276340867e+25,6.803328823774534e+26,-9.370968715802996e+25,-1.116411723964801e+27,-1.4167737283237548e+27,3.292882599915964e+26,1.5594241437257913e+27,2.60755543458221e+27,1.2707947448314686e+27,1.087621576078008e+27,7.936393676335945e+26,7.340135919517906e+26,6.217952928406795e+26,3.8120394769310675e+26,8.485745676474204e+26,3.766001193053985e+26,-9.910216367463065e+26,9.709607121226302e+25,-3.0811699145423466e+26,8.660837189090008e+26,9.522320747637303e+26,8.063242029127871e+26,-4.036028289681035e+26,4.6894085676256354e+26,4.977418219418435e+26,-2.7886546147740658e+26,-6.978103723736982e+26,-2.3527668079504344e+26,-1.3727412773362175e+26,-1.2463223463301433e+26,-7.061742109623821e+26,-3.8517846083327676e+26,-8.833015739999845e+26,3.3438828908002604e+26,1.111585536296449e+27,4.9493687949962936e+26,-2.8364324660265592e+26,2.5331614902640776e+25,3.4678123938464966e+26,-4.955218257635171e+25,-4.920208919566862e+25,1.0943798524826766e+27,-5.525109422318915e+25,-1.2374265453727099e+27,1.373177640738993e+27,9.126110770435631e+26,-6.994451149999963e+26,5.577937326961491e+26,5.731535961512279e+26,-7.52186462729395e+26,1.9562694581550834e+27,2.2762020790053135e+26,1.8942980275421526e+27,3.622498934292889e+26,2.295574381322849e+27,-1.8948194744969314e+27,2.620875879312484e+27,-2.285855394308088e+26,-5.710234796404841e+25,-2.17204628569444e+26,-2.3746153417864793e+26,7.540224793769161e+26,-6.819433687746231e+26,-6.660539646829723e+26,-7.319065298679561e+26,-3.730608570421584e+26,-5.254698742097576e+26,-7.559638236888765e+25,1.5238458271258048e+26,-2.7054802932970254e+25,-3.458430613245003e+26,4.756253962054541e+25,-3.560492460602115e+26,2.559842411345799e+25,-6.0017910947226315e+26,-7.649851942811575e+26,-1.623497503828368e+27,-1.7472532621106578e+27,-7.974369669602191e+26,-4.356751079910945e+26,-3.3548358416700414e+26,-3.525231716994627e+26,-4.2304830161368096e+26
1.118571389822608e+27,2.0729305307970983e+27,4.6627849178289296e+26,1.2481967234902546e+27,7.252494427205102e+24,4.025041788006942e+26,-7.681878935853426e+26,-7.707393986835056e+26,-5.051495782512764e+26,-6.503868152047928e+26,1.1583292654423331e+27,-3.666675402832295e+26,-3.717812000448992e+26,-8.424958074544823e+25,-3.146289143563796e+26,-2.4823482868534252e+26,-3.9586047808942e+26,-2.76683734085336e+26,-1.60133693208189e+26,-1.4744829327321062e+26,-6.01160126983653e+26,-4.272878309220251e+25,-4.467364613035554e+25,-1.0978618068182248e+26,-2.35374821720644e+26,-1.47053863532111e+26,-3.693898436060562e+26,4.278264604211806e+26,-4.050586551831864e+26,-1.3904281886287279e+26,4.481772775572511e+25,1.1360320868125251e+26,1.2557819788460014e+26,3.918797807798555e+26,1.2398272091583808e+27,8.340905760511723e+26,-7.091629572231574e+26,-9.985659248943188e+26,-3.982304448761466e+26,2.0441137222607785e+27,3.435617887880876e+27,1.087621576078008e+27,2.008509043998996e+27,4.183540878797094e+26,2.181506435170216e+26,1.0367014621349494e+27,5.510205746343403e+26,8.178241675983125e+26,4.830317560901837e+26,-1.9532465523290485e+27,1.1112556821731609e+27,4.410644664920972e+26,7.610303992807907e+26,6.48191806101004e+26,6.638696253480865e+26,-3.5261952481727314e+26,2.954197368414426e+26,3.0737858205867815e+26,-1.2774161154843882e+26,-2.7140571898723487e+26,-6.158627102452671e+25,3.9948534253488384e+24,-3.6888980847876404e+24,-2.911402099557709e+26,-1.708359430010855e+26,-4.477306679850682e+26,5.52874378435476e+26,7.295581680865332e+26,2.70805910704796e+26,-1.2936575743678502e+26,7.894990795845583e+25,3.1228757133754744e+25,-3.305770102728463e+26,-8.222557176209138e+26,2.0841109577920928e+27,8.856956016304815e+26,-5.947425972618885e+26,9.069046879796947e+26,7.921831142184257e+26,1.4665968329352747e+26,7.732294090483067e+26,-4.69107953796972e+26,-1.0618785080699122e+27,2.256036990902431e+27,-6.805409700030948e+26,1.340382581368608e+27,-4.715012195724506e+26,1.351689229494045e+27,-2.728504708026442e+27,2.6509100407872335e+27,-9.51836627513265e+25,2.389900505680755e+24,-1.4194577595355598e+26,-9.251506108002084e+25,1.6050714751908928e+27,-1.6821209224956845e+27,-9.212840725108771e+26,-1.1378568460314364e+27,-2.1887489092003312e+26,-4.551231315652499e+26,-1.579786407525828e+25,7.757312381125025e+25,5.7028543086588326e+23,-2.5150933669900498e+26,1.570705792869659e+26,-3.943661133585472e+26,4.1673774212469134e+26,-7.085816855251086e+26,-1.6569410624122767e+27,-2.720555593662151e+27,-1.4197869702808637e+27,-5.476195654645218e+26,-2.920927516823832e+26,-2.8926062447283556e+26,-4.2873228804325376e+26,-6.83117935925467e+26
-2.4251656949464078e+26,1.9798262964669005e+26,-3.0502079937463542e+26,-8.301658522806964e+25,-2.07610792884466e+26,2.8656241173194268e+26,-2.9668454750308385e+26,-1.2388435639775922e+26,1.49714999232549e+26,-1.1890357538401948e+25,-6.884506905708102e+25,-6.567503382361808e+26,-5.405546292064461e+26,2.7563057008710984e+26,2.1152113836039913e+26,1.6250280370078645e+26,-2.9125996921596737e+26,7.144623159572018e+25,8.301490746653162e+25,8.638364658577654e+24,-5.399447521721006e+26,-1.2377902617907945e+26,-1.0634682284497933e+26,-1.5610175385260448e+26,-3.749096117158909e+26,-2.524589710576014e+26,-5.191169642291741e+26,3.415252792534524e+26,2.1232456352870106e+26,1.4033768685902386e+26,-7.66524297431973e+25,1.5010140964544975e+26,1.5720668972365205e+26,7.140058315249863e+25,4.92882084062189e+26,-1.2616712690261408e+26,-7.394659725732102e+26,-9.27146978250277e+26,3.2614202283923085e+26,7.780025601581031e+26,1.3861098313556464e+27,7.936393676335945e+26,4.183540878797094e+26,6.266695735539184e+26,6.788442788997094e+26,3.487553625944115e+26,2.6090594952142097e+26,5.741816845902763e+26,2.6306437882914867e+26,-4.062068868978963e+26,-2.0956296203809692e+26,-3.6262197769663096e+26,5.6300095161259725e+26,6.501038169576841e+26,5.138779384806712e+26,-2.3772296450054395e+26,3.0312777013095668e+26,3.317316686443539e+26,-1.7835817296789237e+26,-4.717433932132228e+26,-1.5639188032478596e+26,-1.0111234181442788e+26,-1.0392672865284747e+26,-5.0158663555611816e+26,-2.5298039500365554e+26,-6.402938987570602e+26,1.4542905563950658e+26,7.510859065871149e+26,3.4235820092356494e+26,-2.041487416386108e+26,-2.4105517845266677e+25,3.1950405126197416e+26,1.8098488496923088e+25,1.3249817393409049e+26,5.7257445465360995e+26,-2.434635622457853e+26,-8.624324823697359e+26,1.0054016671507125e+27,7.21122181431878e+26,-6.652357209137287e+26,4.951776204987569e+26,6.1719746792263034e+26,-3.1468782161454845e+26,1.212071941778421e+27,3.5453099317361256e+26,1.3699949099819632e+27,5.1445532021345734e+26,1.7150211940538716e+27,-9.543367395084109e+26,1.689100431544705e+27,-2.0521045310896507e+26,-8.041567603240187e+25,-1.6077936718930066e+26,-1.7191680050274895e+26,6.67864629347875e+26,-3.7565405930876294e+26,-6.345902298306261e+26,-4.357358210747496e+26,-3.682894562898323e+26,-3.343047124050911e+26,-1.0927254682617827e+26,8.234234558641725e+25,7.80383989207967e+25,-2.3008129404336458e+26,1.4374930393757018e+26,-2.846982223506553e+26,-2.2847598814503317e+25,-4.0415813983085195e+26,-6.132274346323383e+26,-1.178621297204836e+27,-1.3243483840358705e+27,-6.199158909122156e+26,-3.447853545465205e+26,-2.825996186465402e+26,-3.224853620060896e+26,-3.971443674209052e+26
-2.6071283324604618e+26,5.579333249083352e+26,-2.1620610302060027e+26,-5.587524867675262e+23,-1.0537205291590346e+26,6.316737656041939e+26,-1.6961132382697727e+26,-4.247844753268053e+25,2.6721118568911444e+26,9.12222902230061e+25,2.2008207557938438e+26,-9.157772803579328e+26,-8.273050643636231e+26,4.2882904348867695e+26,3.8195056635173945e+26,2.7075909041134634e+26,-3.7645465576669644e+26,1.6731259408656047e+26,1.2849480069985508e+26,9.070761334599932e+25,-7.913737074123004e+26,-2.005051523959948e+26,-2.210798150022989e+26,-3.904049096295481e+26,-8.205634787008845e+26,-4.36089542583138e+26,-1.204940520524642e+27,9.006765772588296e+26,4.717131183683349e+26,2.4661172369883816e+26,-1.4648499148324783e+26,4.165489718335742e+26,4.3754698600240135e+26,2.7101544954026848e+26,1.2497640724755249e+27,2.282194862228706e+26,-1.1620155841553447e+27,-1.4692214405080808e+27,6.539814414318726e+26,6.955337448742315e+26,9.505656416021315e+26,7.340135919517906e+26,2.181506435170216e+26,6.788442788997094e+26,1.1951400737744276e+27,5.24775158279098e+26,4.942994227149525e+26,6.967026959549833e+26,4.572075169902046e+26,-1.9258744117175477e+26,-6.82371325980367e+26,-8.95193358615992e+26,5.638277873665219e+26,8.972698123194885e+26,4.907318665640833e+26,-1.2931291047380755e+26,3.246667083528019e+26,4.136652798884058e+26,-2.6317482661668563e+26,-8.84756011454123e+26,-3.446979563185086e+26,-3.126476849297302e+26,-3.365591588771536e+26,-1.1382733291410814e+27,-4.639369052749625e+26,-1.4337139468752125e+27,-3.8899178352956604e+26,1.1609706364588344e+27,5.8341219506631785e+26,-4.268329894745551e+26,-3.582219011938478e+26,8.77087039532942e+26,3.740816458983631e+26,1.2068808817191015e+27,8.45558604348502e+26,-9.201528155791718e+26,-1.5662065541050293e+27,1.6049292653365515e+27,1.7038615620989938e+27,-2.0553307312244811e+27,1.3073465528066787e+27,1.843190907351271e+27,-5.4351309166655706e+23,1.577016581887749e+27,9.016579929257303e+26,2.1483539067956726e+27,1.4585158410441222e+27,2.949035850484337e+27,-1.1178865807468141e+27,2.4592881615814785e+27,-5.806273546375737e+26,-3.127234007619704e+26,-4.845975709099698e+26,-4.094434197218684e+26,1.4485589952707144e+27,3.889617799385829e+26,-1.5080330988863437e+27,-5.675566815589018e+25,-9.859811578233633e+26,-4.1679050135986146e+26,-3.567286788235286e+26,1.0453740557459764e+26,3.148379851412123e+26,-3.598597264276219e+26,4.046598665593587e+26,-4.3790278188463733e+26,-8.092324503551718e+23,-2.4461982102130834e+26,-7.570024651947492e+26,-1.6612002384542578e+27,-2.6707590026768094e+27,-1.4508851500086298e+27,-9.018179691048617e+26,-6.840662096470571e+26,-6.446036781210709e+26,-6.714758847206981e+26
6.228639499680346e+26,2.0862443486268034e+27,2.6951318443367203e+26,6.827916976244807e+26,1.1819666746965385e+26,7.174113143376636e+26,6.65002455217785e+26,4.2815105435618595e+26,5.5395430034520064e+26,4.54854519515378e+26,1.7815835343399662e+27,5.242986428259728e+26,-3.703705959458421e+25,4.472250359593014e+26,6.0282882237015325e+26,3.886368928640087e+26,-1.2345976090037776e+26,2.6720226754367146e+26,2.571476936680055e+26,9.764697813975446e+25,-2.5202907767365422e+26,-8.11277442370354e+25,-1.684928304775507e+26,-3.971241958664321e+26,-6.970706238319207e+26,-2.044886780784261e+26,-1.2555778522682522e+27,1.074369082410752e+27,7.516011917533706e+26,3.990425266021027e+26,-2.249886727654682e+26,4.647086444238295e+26,5.217952460519291e+26,3.3279268435075324e+26,1.534128595842962e+27,2.330095807599799e+27,-1.2690652194503293e+26,-5.545376758139324e+26,1.00130737641334e+27,9.262597103177824e+26,1.0087918800091941e+27,6.217952928406795e+26,1.0367014621349494e+27,3.487553625944115e+26,5.24775158279098e+26,2.1570477983777836e+27,1.2527315456182618e+27,1.4846658277933297e+27,1.0108798204002874e+27,-1.2999780339541082e+27,1.9758001259513114e+27,6.0341048496183624e+26,1.3304726305174777e+27,1.2829974845465471e+27,1.1867595619328804e+27,-1.1711702767110582e+26,6.377504982536773e+26,6.704888365261794e+26,-2.0292343693749606e+26,-1.6574633862944076e+26,-8.161779053383076e+25,-1.620176628104553e+26,-3.248644851983624e+26,-8.57000351654367e+26,-1.4537853362522228e+26,-1.4572056510844502e+27,1.108152825362071e+26,1.646689202012755e+27,7.392602155915978e+26,-5.0143571516972676e+26,-4.181768469002261e+26,4.046407946110318e+26,-2.4952569370105844e+26,5.894528433088617e+25,3.059250740620953e+27,1.243813172784997e+27,-4.224355450458238e+26,1.9133102027754824e+27,2.0005744265731775e+27,-1.37312543056428e+27,1.8923069748062496e+27,6.46530863977707e+26,1.5772792774646933e+27,4.046203151140805e+27,1.5668138347968743e+27,2.819415975482908e+27,2.533884846694691e+27,3.3554317851898623e+27,4.0915460179660496e+26,5.585773832782058e+27,-7.972317194620271e+26,-5.46481601900267e+26,-6.62378758134188e+26,-4.6658270373418384e+26,2.4291588921533585e+27,-1.5801634373276962e+27,-2.0880790723391204e+27,-1.2515055033468945e+27,-1.362137555205907e+27,-5.911725193732739e+26,-5.9691279754607766e+26,-5.32134871133934e+25,6.32129625535018e+26,-3.232445613062775e+26,8.181335103705338e+26,-6.711841198797522e+26,-1.711441247336881e+26,-8.621424829567044e+26,-2.302862643047966e+27,-4.0285070522926303e+27,-3.444541166158922e+27,-1.7972522191197211e+27,-1.1349046254733588e+27,-9.51628662090473e+26,-1.0734692176821963e+27,-1.4016998482763006e+27
3.2158493990863846e+26,1.0729853135055691e+27,1.3277706101618715e+26,3.8320601246827344e+26,5.058715579179306e+25,4.4954025157556665e+26,2.63237160502591e+26,1.8175828921663765e+26,3.3014784707192734e+26,2.173757873053894e+26,8.913563194946203e+26,-7.035585815872519e+23,-2.0876998612204875e+26,3.3458900530866166e+26,4.017698851996301e+26,2.946615007249675e+26,-5.36189150607986e+25,2.6085943969050967e+26,1.9485972292854216e+26,1.7364892845102207e+26,-1.2860964061770915e+26,-3.955325714118392e+25,-9.078385970517155e+25,-2.450426515287012e+26,-4.287306911126681e+26,-1.281284313046169e+26,-7.475739214002062e+26,5.817416570666984e+26,5.287455313243211e+26,2.4872634550116188e+26,-1.2922994750141206e+26,2.6925215874863928e+26,3.1304300032497245e+26,2.0665586441836386e+26,8.908465508135697e+26,1.1020173257832632e+27,-2.495517834532295e+26,-3.446347520363406e+26,6.1144513460701726e+26,5.13756174106696e+26,2.0984048601312053e+26,3.8120394769310675e+26,5.510205746343403e+26,2.6090594952142097e+26,4.942994227149525e+26,1.2527315456182618e+27,8.579100220810654e+26,9.039075071898051e+26,7.190077279686633e+26,-6.296156842618394e+26,5.956528544220063e+26,-7.493724679775491e+25,6.765714386345124e+26,7.413979651106356e+26,5.3281106146203316e+26,1.3805550142101217e+26,2.741403227525964e+26,3.601055958184317e+26,-6.434847106386172e+25,-1.8510914279573533e+26,-7.543322783553517e+25,-1.5381566206306673e+26,-2.5587944956502826e+26,-5.6169548333680164e+26,-8.59128509190792e+25,-8.861665489836665e+26,-2.232988764070255e+26,9.223808361628888e+26,4.699540909931911e+26,-3.375765497765667e+26,-3.809090995594298e+26,4.271710813428241e+26,-7.728129240803095e+25,3.659282247281918e+26,1.5757407967400906e+27,1.2384577253275913e+26,-3.56457449782225e+26,1.2408039751989936e+27,1.238243090282274e+27,-1.1965131471490299e+27,1.146178913231186e+27,6.984230870026157e+26,7.389844469150511e+26,2.0601392931702275e+27,9.628117982937087e+26,1.7045567342530756e+27,1.557472682429979e+27,2.0422842233755822e+27,1.8546253066733968e+26,2.647368543579833e+27,-4.7343082478486845e+26,-4.2389904889355165e+26,-4.171044440450781e+26,-2.823131287823199e+26,1.1387869286299967e+27,-3.6278377218551215e+26,-1.0655280609837476e+27,-3.191849918955686e+26,-7.73795164317513e+26,-1.7698736632324937e+26,-3.4591181085729485e+26,-8.787704049043094e+25,3.248848325688109e+26,-1.0456270875519498e+26,3.800861838703768e+26,-2.483046977931893e+26,-1.904331150895189e+26,-3.52634824773653e+26,-8.817448046806239e+26,-1.686569445508491e+27,-1.8823171497450345e+27,-1.0161048114763684e+27,-6.538680023353706e+26,-4.929265266810202e+26,-4.741799104441881e+26,-5.824402219202935e+26
1.977365876088767e+26,1.1461498036410692e+27,-7.318471919779778e+25,2.5783005013042872e+26,-1.0576598023265449e+26,3.625183868443586e+26,1.845111228546797e+26,1.619265363160267e+26,4.2551140875522164e+26,2.1070958766243775e+26,7.588961553877361e+26,-6.299861416646754e+24,-2.8222436088436764e+26,4.571842074125363e+26,5.00771825783105e+26,3.9072714586429565e+26,-2.0083281937372162e+26,2.982458667984554e+26,2.6221340580876503e+26,1.7371103602317816e+26,-3.1211734913155345e+26,-5.57794374835798e+25,-9.753057559305932e+25,-2.2809876798466676e+26,-4.5658529511379654e+26,-1.608265910664229e+26,-7.638537816379248e+26,4.9833747238842464e+26,5.8470773076031335e+26,3.0723857622777594e+26,-1.3671254270411111e+26,2.0184868184870888e+26,2.1413337910775117e+26,1.3058743815136053e+26,8.551656122046171e+26,1.0690400887058717e+27,-3.820356423572635e+26,-5.924650176713597e+26,6.870735605635584e+26,1.0548679991311821e+27,1.5907344788494734e+27,8.485745676474204e+26,8.178241675983125e+26,5.741816845902763e+26,6.967026959549833e+26,1.4846658277933297e+27,9.039075071898051e+26,1.3871272010878857e+27,7.79639187534006e+26,-8.713525056889877e+26,1.0968887757466751e+27,1.4739811119080306e+26,1.3787118039025815e+27,1.4559966206978798e+27,1.2933556369442406e+27,-2.6049276341103275e+26,8.100271845214624e+26,8.434622112521343e+26,-3.58310566294303e+26,-2.553331799504941e+26,-1.2241784522770966e+26,-1.5364186312457116e+26,-2.5382951163408476e+26,-7.81283978023454e+26,-1.5346098394000312e+26,-1.2801974846052426e+27,5.121257723799806e+26,1.7615691842629652e+27,8.390684236752173e+26,-5.0835476016221884e+26,-1.1492521495024902e+26,3.937638420280068e+26,-2.1779551158031078e+26,-2.716555947570023e+26,1.91308154365179e+27,6.671824314148634e+26,-5.4156556536497284e+26,1.9671443039408114e+27,1.1643060270388561e+27,-9.94058555980599e+26,1.0224438264289269e+27,5.401634820956603e+26,7.058526299850199e+26,3.162605723953463e+27,9.903953180838957e+26,2.7002427143575833e+27,1.5267047450500138e+27,3.109341429752494e+27,8.20559287221726e+23,4.4446721740277307e+27,-4.051624346883834e+26,-3.22906883415499e+26,-3.7687163093340066e+26,-4.355099451983693e+26,1.414505523266634e+27,-1.6753012712076833e+27,-1.0886931487446446e+27,-1.4203375106138013e+27,-7.225419389362706e+26,-7.623306671234968e+26,-2.8843557354275847e+26,9.679372556276903e+25,2.8936706142382248e+26,-4.487436725818787e+26,4.890360703081086e+26,-6.673888859685472e+26,-1.4389310174146336e+26,-1.081169968388027e+27,-1.7660846312048632e+27,-2.782977520213054e+27,-2.4772721358817515e+27,-1.2691201151804973e+27,-7.763550447708139e+26,-6.529723403486979e+26,-7.82991601709678e+26,-1.0692711170014273e+27
2.5237011932705227e+26,8.513390801980949e+26,8.27620930181715e+25,2.9927700249543982e+26,1.7736938943662187e+25,3.440932667355712e+26,1.5480308205170742e+26,1.1181110884542573e+26,2.559259019815775e+26,1.4554216608924803e+26,6.49263332226405e+26,-6.5013786574735025e+25,-1.9982888551847987e+26,2.7739539525964056e+26,3.246814813301294e+26,2.4578943234970196e+26,-4.971382936237455e+25,2.2563769693482e+26,1.6515236293211538e+26,1.5927225077145936e+26,-1.0457302839770042e+26,-2.9860198301518904e+25,-6.838747802791172e+25,-1.888588217577182e+26,-3.362368327666325e+26,-1.0270014608671424e+26,-5.791503418507103e+26,4.3062664933765994e+26,4.27374853016457e+26,1.982874400205776e+26,-9.852049301209895e+25,1.989037793614541e+26,2.313318671894142e+26,1.590441369288518e+26,6.988942988604001e+26,7.934132870151865e+26,-2.3027334429301293e+26,-2.8397943955836826e+26,4.748043447017505e+26,4.944428069696638e+26,2.8262521572087827e+26,3.766001193053985e+26,4.830317560901837e+26,2.6306437882914867e+26,4.572075169902046e+26,1.0108798204002874e+27,7.190077279686633e+26,7.79639187534006e+26,6.14900803914279e+26,-5.119785077008799e+26,3.9179976758972194e+26,-1.2376887751902864e+26,5.7859418415846325e+26,6.546419237033968e+26,4.51307249443433e+26,1.1523330824571814e+26,2.3949112426468643e+26,3.221482676278377e+26,-6.501836190288651e+25,-1.586274717640123e+26,-6.993350945427932e+25,-1.3088236530890823e+26,-2.1077245302675376e+26,-4.700202886451622e+26,-7.198340980598091e+25,-7.366925587442902e+26,-1.4766815672202734e+26,7.975450778637449e+26,4.161270327684319e+26,-2.915252811882566e+26,-3.0042780161607165e+26,3.801243069897791e+26,-7.401764974158332e+25,2.59041667628129e+26,1.2269884309629383e+27,2.610814454452667e+25,-3.0527618116239447e+26,1.0847692011066317e+27,9.663122253038374e+26,-9.865126782361745e+26,8.909012096317082e+26,5.7606220827106584e+26,5.1641299125114124e+26,1.659784163114758e+27,7.432717481183981e+26,1.4537262664785912e+27,1.210780656221066e+27,1.7167900878826206e+27,1.0607560978037129e+26,2.102608579544962e+27,-3.576341185413863e+26,-3.4284444493386873e+26,-3.228677115049514e+26,-2.3743984362149607e+26,8.736686773385103e+26,-3.487417252475964e+26,-7.978754944623822e+26,-3.0089761645914875e+26,-5.8571586041853934e+26,-1.6782056640265395e+26,-2.5898751461557387e+26,-6.190233055678211e+25,2.3752633066955938e+26,-1.0282238842946707e+26,2.8929690324241854e+26,-2.154637158253823e+26,-1.5827130895164732e+26,-3.4482347476495565e+26,-7.151115582874855e+26,-1.3128960247333198e+27,-1.4984490461330452e+27,-8.067254478901645e+26,-5.164895277637361e+26,-3.861124525032658e+26,-3.7348403090062055e+26,-4.675367014031713e+26
-1.1503483282691837e+27,-2.4426790712161712e+27,-5.366673565654857e+26,-1.2842699215313947e+27,-1.2232610125050791e+26,-6.484636342905098e+26,4.797346762943784e+26,5.7107797659411104e+26,4.4735034804125274e+26,4.3149237133991015e+26,-1.6835772057807477e+27,2.254936163236467e+26,3.433740528155308e+26,1.3237462236020252e+26,3.7204752902394146e+26,3.353441668544136e+26,3.601596743578473e+26,4.259722727442126e+26,2.5802452220377835e+26,3.222754472902533e+26,6.077422139882495e+26,4.696577534707139e+25,5.164565618411345e+25,1.09275559934607e+26,2.908541309375077e+26,1.4522975668539209e+26,5.348406338398196e+26,-7.860266817009821e+26,4.9843053387851146e+26,1.9346691201991356e+26,-5.647794939465169e+25,-2.528420991064639e+26,-3.289391550501724e+26,-4.655477668109891e+26,-1.5300076916296166e+27,-1.481500132013303e+27,6.663282442735726e+26,1.0666790545102723e+27,2.6792580182970977e+26,-1.799490640341993e+27,-3.295310688203162e+27,-9.910216367463065e+26,-1.9532465523290485e+27,-4.062068868978963e+26,-1.9258744117175477e+26,-1.2999780339541082e+27,-6.296156842618394e+26,-8.713525056889877e+26,-5.119785077008799e+26,2.1697347474124382e+27,-1.5096351851106033e+27,-6.509277401808192e+26,-8.257567264067929e+26,-6.1580044190743265e+26,-7.224062636186807e+26,4.2600118823874815e+26,-2.7822164984730193e+26,-2.664613318858033e+26,9.955993317107767e+25,2.4468368028139484e+26,4.413476800625562e+25,-4.532473803416874e+25,-4.397161994524985e+25,2.8622114544712044e+26,1.918591810163683e+26,4.8969161941186115e+26,-5.893259505757438e+26,-7.054286252465695e+26,-1.9115307726996873e+26,6.680158414928697e+25,-7.932118969593967e+25,5.2712657642387966e+25,3.566022856902301e+26,8.303192799287629e+26,-2.710117528252085e+27,-1.2323431439894757e+27,6.40732654846138e+26,-9.032865414587518e+26,-1.1121103735093045e+27,-1.5955530768164885e+26,-1.1727691998592626e+27,4.785436469153937e+26,6.843377373323685e+26,-2.814672091869479e+27,4.444108254640321e+26,-1.4883427334167367e+27,1.0059610305515385e+26,-1.6014955328105387e+27,2.698724898450674e+27,-3.5046933769696906e+27,2.420307049403258e+26,-4.36872986140058e+25,1.9452859866941752e+26,7.216971481880303e+25,-2.53375151824183e+27,2.168104104188513e+27,1.691320641889309e+27,1.4322753748308462e+27,5.669586030272406e+26,5.461495083126095e+26,1.8108985860988654e+26,-8.147942806121258e+25,-2.877041765382938e+26,3.126596816064639e+26,-5.36060583009773e+26,6.4271465013181e+26,-4.715369653567168e+26,7.717403456076059e+26,2.55906682866066e+27,4.178679415161373e+27,2.1054193541555963e+27,8.471289379202713e+26,4.716878158163638e+26,5.42181896863721e+26,8.362317224299106e+26,1.2382923338490412e+27
1.4131527610741352e+27,4.0400185621659285e+27,7.82694373205516e+26,8.79134259022024e+26,4.7628294985495285e+26,2.5712373623345806e+26,2.0780456092585037e+27,1.3367803181318906e+27,5.930137530694323e+26,1.0355374445490168e+27,2.559936734284551e+27,4.3917429939218803e+27,3.198578613891583e+27,-6.218350923099575e+26,3.572264523186659e+26,-1.0987951565627967e+26,3.1555058500940016e+26,-2.372149248222143e+26,1.7184846729781267e+25,-5.8772864623999325e+26,8.741062714087778e+26,-1.140108427513528e+26,-2.660694460311813e+26,-4.144597036438251e+26,-5.259127441259626e+26,2.0273978281706134e+25,-1.3151738373183435e+27,1.6466583012487942e+27,4.637383664989725e+26,3.672441214946092e+26,-3.0771625502573047e+26,7.04225553359675e+26,5.864096939776792e+26,3.5289372810016526e+26,1.767007728770325e+27,4.1928835210483556e+27,3.7426266381055124e+27,1.6470277794617406e+27,8.907649735846625e+26,7.465364615318015e+26,2.4483329353795387e+27,9.709607121226302e+25,1.1112556821731609e+27,-2.0956296203809692e+26,-6.82371325980367e+26,1.9758001259513114e+27,5.956528544220063e+26,1.0968887757466751e+27,3.9179976758972194e+26,-1.5096351851106033e+27,6.180379080612364e+27,4.8474837508183513e+27,1.569864488777003e+27,1.1605420108797057e+27,1.8539201716308917e+27,-1.5158776252627525e+27,1.2463875023804646e+27,7.97080373648518e+26,-6.776727799099701e+26,1.7617456728145322e+27,2.470169575260459e+26,2.7399293477661133e+26,4.5581606619708345e+24,-4.3552687782073026e+26,1.9356586743541625e+26,-1.6418655401481737e+27,2.4072919654520388e+27,1.9506736802476409e+27,6.092992376937171e+26,-3.638865181166772e+26,3.2770458158956525e+26,-5.867420073254441e+26,-8.39193322337344e+26,-2.618112558794971e+27,3.7131569351173753e+27,6.715521830141461e+27,2.277982249927424e+27,9.52884391408791e+26,1.7244794928878135e+27,1.3100281031628718e+27,2.1159299841325972e+27,-1.756642350576208e+27,4.4957037133607804e+27,5.273789963144843e+27,1.770852589163158e+27,1.980309682190117e+27,3.201180459307494e+27,2.1354829835434573e+27,4.6564533180497747e+27,1.0017314657572426e+28,-1.0207140307825016e+27,-1.4143137683587595e+26,-6.635385895602202e+26,-6.753047223656003e+26,4.838802163244534e+27,-6.76029936508691e+27,-3.495139728229714e+27,-5.04203283130316e+27,-1.9579011029670212e+27,-2.101557081286213e+27,-8.609187444865065e+26,2.8065340863347522e+26,1.2214825395792442e+27,-1.0605923752814146e+27,1.8859047451011468e+27,-2.005642138720675e+27,1.2506656340612042e+26,-2.6459955067473063e+27,-6.504180177820905e+27,-9.509156538871147e+27,-4.899252439304961e+27,-2.5410457141199265e+27,-1.5667092099224077e+27,-1.713225179724651e+27,-2.5607169159778487e+27,-3.693716444893223e+27
1.0686515141888773e+27,2.8108220027649373e+27,6.272392918865251e+26,4.68632006012145e+26,4.005882506518494e+26,-1.7920641006629635e+26,1.5978224771798177e+27,1.0819361011578725e+27,3.29661554342458e+26,7.760743068282151e+26,1.3231275419018784e+27,4.2795377962575176e+27,3.7272887691654074e+27,-9.628309727760427e+26,1.2768203963756293e+26,-2.4922165486330523e+26,7.58410356336538e+26,-1.5117277440274802e+26,-1.125794396050277e+25,-4.660077242315228e+26,1.7363394144435065e+27,-6.124685657412194e+25,-1.708948473093019e+26,-2.2902813509016984e+26,-7.238425708716256e+25,2.2809462190155858e+26,-6.121210990389321e+26,9.770358827274954e+26,2.906323979455018e+26,2.3396120079391236e+26,-2.5593729953588635e+26,4.895813985810553e+26,3.231955400122094e+26,1.4121918517611473e+26,6.739291147477244e+26,2.5275935010716435e+27,4.83534477957078e+27,3.0441744209835106e+27,3.803369756063304e+26,4.162158804739425e+25,1.2796648937708078e+27,-3.0811699145423466e+26,4.410644664920972e+26,-3.6262197769663096e+26,-8.95193358615992e+26,6.0341048496183624e+26,-7.493724679775491e+25,1.4739811119080306e+26,-1.2376887751902864e+26,-6.509277401808192e+26,4.8474837508183513e+27,4.8894192286401087e+27,5.662847041890579e+26,2.2493897029191237e+26,9.19826215917278e+26,-1.4520411688680898e+27,7.99974540452176e+26,3.0029180334228246e+26,-5.811860853894281e+26,2.6364724758660463e+27,4.4410642099013324e+26,4.4571159682184625e+26,1.6255685931752208e+26,2.1110015484527674e+26,5.0879043157359976e+26,-8.563576171896402e+26,2.552550205278334e+27,8.521522662362171e+26,1.5682737100745287e+26,-1.0769803270895458e+26,5.3534456562463414e+26,-7.673762716554711e+26,-7.645585352422643e+26,-2.8819567578873296e+27,1.6092685360909468e+27,6.401747842119256e+27,3.58757873156089e+27,-3.196469245793911e+26,5.4586148904117054e+26,2.2671311440382277e+27,1.0998776965358236e+27,-2.2602766659636713e+27,3.732358345203691e+27,2.4373783397061174e+27,1.0515993461167538e+27,4.849989599764307e+25,2.08560801158018e+27,-2.109831480997897e+26,5.885963034359129e+27,6.591768268113926e+27,-7.119548076397394e+26,2.7243437623689346e+25,-3.997724040791775e+26,-5.089140413709632e+26,3.203829532763904e+27,-6.376274332945386e+27,-2.199532824862646e+27,-4.7468634405586006e+27,-1.3469652052881747e+27,-1.8825945610695955e+27,-6.530747850863007e+26,2.5794278416591163e+26,9.441594746147284e+26,-8.942673618069204e+26,1.4812897111090844e+27,-1.6741613828891482e+27,-1.6678721078343155e+26,-2.4604285145941156e+27,-5.330578806019823e+27,-7.432803839997227e+27,-3.0426411877685516e+27,-1.645429784104652e+27,-1.0182931500265094e+27,-1.2584233965888645e+27,-2.037986627449527e+27,-3.015856184942656e+27
9.112294373952014e+25,9.826557029648655e+26,-1.658862485345321e+26,1.1253648245660238e+26,-1.639346026136052e+26,1.8470533428606735e+26,2.2816167098216297e+26,2.0267602141682652e+26,4.429750280081564e+26,2.2362612520429987e+26,5.876849785743933e+26,2.463555362173059e+26,-1.0875401809637976e+26,4.375723009642213e+26,4.801074152858302e+26,3.889889571705061e+26,-2.681614535194978e+26,2.6246752761784418e+26,2.615741887915081e+26,1.2606737281444993e+26,-3.5025104822424697e+26,-3.827678795054381e+25,-7.260582574016611e+25,-1.493913335651204e+26,-3.229724895282822e+26,-1.0647338731649427e+26,-5.585293507999364e+26,3.121276324006325e+26,5.063518686376185e+26,2.8667013199520042e+26,-1.0431341153537788e+26,1.016353355210747e+26,8.580243163099704e+25,3.2770748206375232e+25,5.974767254872815e+26,9.907457750944821e+26,-2.2194077260746056e+26,-5.473393150483717e+26,6.1612068961562996e+26,1.0817306530120435e+27,2.1697177551821362e+27,8.660837189090008e+26,7.610303992807907e+26,5.6300095161259725e+26,5.638277873665219e+26,1.3304726305174777e+27,6.765714386345124e+26,1.3787118039025815e+27,5.7859418415846325e+26,-8.257567264067929e+26,1.569864488777003e+27,5.662847041890579e+26,1.6475677291309448e+27,1.680248541710594e+27,1.7070025965116483e+27,-7.218828438258398e+26,1.1636730689160227e+27,1.0550163873526075e+27,-6.21710730621055e+26,-1.6126460902980906e+26,-1.0197051200844313e+26,-8.38103002360811e+25,-1.629267506667532e+26,-7.507351438802539e+26,-1.2550439730928518e+26,-1.3294589479231943e+27,1.1423276385568898e+27,2.0779554475367502e+27,8.97452245614229e+26,-4.857032506374376e+26,2.1551750190340457e+26,1.789665178186213e+26,-2.7433266062245976e+26,-8.128606836339888e+26,1.8039093596161758e+27,1.313344390980823e+27,-4.3005717978083584e+26,1.9816387444860967e+27,8.015481141484114e+26,-4.432111977032714e+26,6.784034280066555e+26,1.712787542495722e+26,7.570801441812059e+26,3.397084370490615e+27,8.442044748362608e+26,2.7948868404125947e+27,1.2175565654476166e+27,3.1666165905842695e+27,1.0950984069830472e+26,5.217451808797957e+27,-2.4241811331243353e+26,-1.102637024528277e+26,-2.5287311341772613e+26,-4.901695129801875e+26,1.330788938636224e+27,-2.557775251262668e+27,-8.546228910968824e+26,-2.1854754381106925e+27,-5.023250090591476e+26,-1.1802236588000664e+27,-1.7175003946063784e+26,2.6504034646000162e+26,2.0095295892949257e+26,-6.712693838321975e+26,4.88460321373718e+26,-8.962159963027969e+26,-7.572004844111349e+25,-1.4618834499829092e+27,-2.195176085865528e+27,-3.236778393568763e+27,-2.4260005179791613e+27,-1.2009695789827241e+27,-7.125967268426355e+26,-6.584551720017823e+26,-8.994217808996985e+26,-1.2860463770102636e+27
-9.427377159324388e+25,8.670224017977022e+26,-2.5956848380752877e+26,4.131935022136274e+25,-2.1220037176575813e+26,3.1575708736872426e+26,1.580721487920407e+26,1.7957716555082166e+26,5.277505931206553e+26,2.3122049515468723e+26,4.5406715190357523e+26,4.8152477450685275e+25,-2.4314456816437547e+26,5.388367537545618e+26,6.552574831177477e+26,4.909266281974238e+26,-3.1841794766659994e+26,3.902359582106089e+26,3.456663328078288e+26,2.57694689290599e+26,-4.714433536784926e+26,-1.0654417054188845e+26,-1.6771322262810804e+26,-3.290080901323167e+26,-6.796245625601627e+26,-2.6529938697364877e+26,-1.0400139432267499e+27,5.36275391445213e+26,7.630964873157876e+26,4.216768586345731e+26,-1.823732295943363e+26,2.24632752000697e+26,1.892021324302501e+26,8.314960282462445e+25,8.930926374780063e+26,8.56401001139788e+26,-4.1148205669327144e+26,-8.492333247986765e+26,8.351777666745862e+26,1.149766295252957e+27,2.034384613728124e+27,9.522320747637303e+26,6.48191806101004e+26,6.501038169576841e+26,8.972698123194885e+26,1.2829974845465471e+27,7.413979651106356e+26,1.4559966206978798e+27,6.546419237033968e+26,-6.1580044190743265e+26,1.1605420108797057e+27,2.2493897029191237e+26,1.680248541710594e+27,2.009352205890065e+27,1.7605737286699454e+27,-6.570646903486528e+26,1.323497118985586e+27,1.2573856129508908e+27,-8.275419568274415e+26,-4.403473803576739e+26,-3.535288273061203e+26,-3.435926255745633e+26,-3.9641755257221063e+26,-1.440234750750948e+27,-3.585970512322287e+26,-2.1650570242877257e+27,8.807042870690151e+26,2.6306918849230475e+27,1.2436573842043686e+27,-7.486134370100592e+26,1.6841521236886146e+25,6.0756303704076384e+26,1.1180400706374893e+25,-4.1878267483871085e+25,1.6730157337943167e+27,8.718489795769921e+26,-9.04604991959608e+26,2.5024329870886866e+27,1.3085006276773548e+27,-1.5158885620033887e+27,9.900338942587317e+26,1.1131496064065738e+27,7.958449839998236e+26,3.5118354171912215e+27,1.1487423059156279e+27,3.409959462609111e+27,1.6974629977360172e+27,4.128737496730072e+27,7.984683405777466e+25,5.956261120139668e+27,-4.504672401286431e+26,-2.1622964466135995e+26,-4.592946448865446e+26,-7.515930571669946e+26,1.5072447950354009e+27,-2.0669126362010688e+27,-1.1714709421625979e+27,-2.0776920641332694e+27,-8.2612063200851e+26,-1.4417951371211123e+27,-2.741144712061878e+26,4.01294557070752e+26,2.5493117333908898e+26,-9.148715771335476e+26,5.753630072877658e+26,-1.0843371991297913e+27,-1.1867349748704839e+26,-1.456860060468335e+27,-2.1404709648015773e+27,-3.359206638496351e+27,-3.431976227079557e+27,-1.8691858669157215e+27,-1.1558261276959184e+27,-9.590070718320524e+26,-1.1182934762956721e+27,-1.429996888528701e+27
3.2740544010398265e+25,9.130486236962826e+26,-1.9484913184024984e+26,3.577719710808133e+25,-1.7386581846561586e+26,1.124199270316313e+26,2.9724220890399542e+26,2.5855950814663573e+26,4.7087634486197655e+26,2.579832255305964e+26,4.9865306278777294e+26,5.066676843110754e+26,1.2456796073010653e+26,4.043663756711424e+26,5.042888695022084e+26,4.0045838271841856e+26,-2.721038062165279e+26,2.8070708883987347e+26,2.783321902032671e+26,1.3703975912531482e+26,-2.926310931852969e+26,-3.997566461039883e+25,-8.248371106375854e+25,-1.4901593540666917e+26,-2.9857224734651816e+26,-8.56606131955017e+25,-5.3000448038544435e+26,2.687280937733546e+26,5.3211285637813774e+26,3.037383140373139e+26,-1.0341777649265352e+26,9.034464921322028e+25,5.624077005324476e+25,-3.9070461811439374e+23,5.125983638061694e+26,9.742538725633594e+26,5.058256534323455e+25,-4.0124368972918765e+26,6.245246082257647e+26,1.0113697195579755e+27,2.263934631251737e+27,8.063242029127871e+26,6.638696253480865e+26,5.138779384806712e+26,4.907318665640833e+26,1.1867595619328804e+27,5.3281106146203316e+26,1.2933556369442406e+27,4.51307249443433e+26,-7.224062636186807e+26,1.8539201716308917e+27,9.19826215917278e+26,1.7070025965116483e+27,1.7605737286699454e+27,1.8821313890232553e+27,-1.0505304725515198e+27,1.3773561151763058e+27,1.1480914182734277e+27,-8.438389533685798e+26,-2.1872231246139308e+25,-1.1804252295370097e+26,-7.825672907590487e+25,-1.5050118222647812e+26,-8.352532494046446e+26,-1.0791751926050196e+26,-1.5150028784588243e+27,1.4617095257116978e+27,2.283965137543821e+27,9.29644012301676e+26,-4.870297774524146e+26,3.6263140086197505e+26,1.1621286730001873e+26,-2.5066520231682097e+26,-9.800730062839421e+26,1.6739766439284517e+27,1.7866167302536845e+27,-2.525274246287913e+26,1.9439247009279155e+27,7.155963922034959e+26,-2.7291820104281798e+26,5.851220760253091e+26,8.77476310619886e+25,9.21134255298916e+26,3.424575826867692e+27,8.585007563482149e+26,2.791412555178572e+27,1.2131611741224319e+27,3.190903260666162e+27,4.263140358973102e+26,5.773895473179633e+27,-2.0355895930985855e+26,-1.9231718006242016e+25,-2.3298320718501956e+26,-5.858411663808169e+26,1.2843706080466797e+27,-2.977075912336137e+27,-7.77237369322426e+26,-2.6183397705406266e+27,-4.533438208715645e+26,-1.4706443007664854e+27,-1.3434292667073913e+26,3.7603887919543366e+26,1.6359040472705526e+26,-8.247738338635696e+26,4.941651795155915e+26,-1.0286853627575869e+27,-8.34041355945568e+25,-1.6617661747361077e+27,-2.3950011828069117e+27,-3.5093091455467555e+27,-2.566631602339277e+27,-1.2854881239568678e+27,-7.602205998693579e+26,-7.084959600865299e+26,-9.855638126997058e+26,-1.4120342693663892e+27
-1.2211522831986108e+26,-9.289605334328304e+26,4.338040163440712e+25,3.0061058794388365e+24,2.9467122962818375e+25,7.3882679978315026e+25,-1.9864807264924486e+26,-1.363325252329089e+26,1.730488766202403e+24,-9.929631256431292e+25,-2.3730385433186617e+26,-8.038155584230529e+26,-6.686797060085002e+26,2.1272080713211134e+26,9.022278585247697e+25,1.2319892938786587e+26,1.1012840081974742e+26,1.729796764493935e+26,5.552180221394387e+25,2.463393539519518e+26,5.624815321766159e+25,5.438693833486582e+25,3.975657721995759e+25,-3.782303150372954e+25,3.9294509438698255e+25,1.4168817234287345e+25,1.630625168230471e+26,-2.6560767356536296e+26,1.9209497176554292e+26,4.299784632667877e+25,-4.0782671784796126e+25,-4.234986599183908e+25,9.759524654716536e+22,-2.0625332749021375e+25,-3.572932035781944e+26,-5.5200220296260284e+26,-7.963287013318509e+26,7.096921719018811e+24,5.396964171551968e+25,-5.811726470751269e+26,-2.408051718969525e+27,-4.036028289681035e+26,-3.5261952481727314e+26,-2.3772296450054395e+26,-1.2931291047380755e+26,-1.1711702767110582e+26,1.3805550142101217e+26,-2.6049276341103275e+26,1.1523330824571814e+26,4.2600118823874815e+26,-1.5158776252627525e+27,-1.4520411688680898e+27,-7.218828438258398e+26,-6.570646903486528e+26,-1.0505304725515198e+27,2.0745080487697615e+27,-7.996559594743485e+26,-3.626664232807499e+26,9.381940291760666e+26,-3.4796681310636025e+26,2.9070086437490404e+26,-1.4386368556893617e+26,-3.0331638749792752e+26,6.409007521489469e+26,2.4518020176210586e+26,1.1451542894356274e+27,-1.8835207950733628e+27,-1.0758044029368409e+27,-2.110451677507522e+25,-1.6323621230984356e+26,-7.737208299615383e+26,1.5704370560862954e+26,8.480964823153022e+25,1.279336379207131e+27,-7.364502474564202e+26,-2.2931648651992417e+27,-1.7499578410207174e+25,-5.459272789611685e+26,-1.4118686053314857e+25,-8.391876108926279e+26,-1.310840087131562e+26,5.120364278960632e+26,-5.2570280908339566e+26,-1.662349412461225e+27,6.513804248080015e+25,-1.045809857244482e+27,-1.7589970157454928e+25,-1.2630132986971043e+27,-4.132348606522417e+26,-4.0652289840788195e+27,5.1458749008865244e+20,-7.07969376030537e+26,-7.547306092394236e+24,3.988247436673759e+26,-1.9122787990507772e+27,3.7978628368547505e+27,1.0170573290279344e+27,3.190923416230002e+27,2.8485032005048928e+26,1.8725004775990457e+27,5.829421289707845e+25,-6.655814367055422e+26,-2.7756961379987714e+26,1.1223023458253573e+27,-8.116881572486118e+26,1.4904970222513372e+27,-3.357162336649024e+26,1.6150011063370998e+27,3.4440593748254084e+27,4.6978986866527136e+27,2.3226522042494245e+27,1.1416904858400413e+27,6.720677568802727e+26,8.837939574826764e+26,1.4548578363038193e+27,2.0469000298903104e+27
-8.881214249664875e+25,3.543464331861711e+26,-1.8704596202073913e+26,-7.825561028690522e+25,-1.4650689640960879e+26,8.665997445181209e+24,2.04275589208068e+26,1.983763034579949e+26,3.793146613072067e+26,1.8871037263681383e+26,1.342725320222198e+26,4.776938245175035e+26,2.7523059421168995e+26,2.8716639307448734e+26,4.588947080433324e+26,3.4773959918490766e+26,-1.0598161840945873e+26,3.2746066718112e+26,2.7509872170105608e+26,2.583793265069426e+26,1.0034769870434662e+26,1.379935543348719e+25,-5.847322334513422e+25,-1.3216666435715902e+26,-1.3928643326222056e+26,4.748745012696199e+25,-2.970670187770862e+26,8.343292867833605e+24,5.4165450267425005e+26,2.9221635658219795e+26,-1.0097377426783752e+26,3.2027260432907502e+25,-1.1308381349416023e+24,-5.175227632709501e+25,1.4208498697677619e+26,4.6916912692578664e+26,3.6948244526337435e+26,1.960575967546435e+26,4.963135619024419e+26,5.6398899921469084e+26,1.2596197423934582e+27,4.6894085676256354e+26,2.954197368414426e+26,3.0312777013095668e+26,3.246667083528019e+26,6.377504982536773e+26,2.741403227525964e+26,8.100271845214624e+26,2.3949112426468643e+26,-2.7822164984730193e+26,1.2463875023804646e+27,7.99974540452176e+26,1.1636730689160227e+27,1.323497118985586e+27,1.3773561151763058e+27,-7.996559594743485e+26,1.1938704995997348e+27,9.392187597937153e+26,-8.539227958542363e+26,3.616994634079641e+26,-4.010212285356969e+25,-1.1601503651502298e+26,-2.100353786438845e+26,-6.839305131718734e+26,1.0057292729621589e+26,-1.344635889070061e+27,1.2431614400412072e+27,1.8594086509159865e+27,8.032626704635106e+26,-4.507560497823156e+26,3.1678350565022914e+26,1.1971974673850867e+26,-1.1814738683515657e+26,-6.916542048855066e+26,8.227751783212877e+26,1.4270283638052606e+27,3.4559696318159655e+26,1.360807763528817e+27,4.1913285866251394e+26,-2.3387277434769852e+26,2.820934462373069e+26,1.4329973415671428e+26,7.212009733496321e+26,2.1211636166855534e+27,6.805261899324506e+26,1.903633930091674e+27,9.210192102298322e+26,2.1978134299611914e+27,8.054127797087106e+26,4.1964169627097864e+27,-9.237088290737877e+25,-5.307325207599279e+25,-1.7574820828702724e+26,-5.921972651780495e+26,2.914135969797001e+26,-2.1439499434303428e+27,-9.444991719175804e+25,-2.0720986904997027e+27,-1.7448920168949804e+26,-1.2666549563956587e+27,-1.8821965806293348e+25,3.47345560424544e+26,-4.727240473069181e+25,-6.801037326626576e+26,1.5227841621407535e+26,-6.77754345100707e+26,-2.533936305990954e+26,-1.3169445402651847e+27,-1.2972044625184917e+27,-1.960038890982238e+27,-1.7004293899027526e+27,-9.219518512058276e+26,-5.572170316989137e+26,-4.3919004579937114e+26,-5.475288889514196e+26,-7.880919134764844e+26
-1.0504593781116622e+26,2.81402178015077e+26,-1.9140270216117195e+26,-5.4213821927020415e+25,-1.5407984098523945e+26,6.013244137026097e+25,1.0175371130233683e+26,1.234950505267451e+26,3.3757525707869014e+26,1.3705361106526483e+26,1.1191582309748626e+26,1.605989420865933e+26,-3.418789034455628e+24,3.1915404962647064e+26,4.210934749088139e+26,3.2855963678169754e+26,-1.2885727859849511e+26,2.974457715123348e+26,2.4597198694912798e+26,2.3419739910362002e+26,-7.070418658866211e+25,-1.0538735003909244e+25,-6.056447414322335e+25,-1.4083289417272526e+26,-2.3523616164790468e+26,-4.365388004821682e+25,-3.8185850617573214e+26,7.1845414740601774e+25,4.967539491079603e+26,2.65163969641993e+26,-9.91168298386503e+25,4.426163418331771e+25,1.6417855756063777e+25,-3.082030322178423e+25,2.2263851196451267e+26,3.586807502365874e+26,-9.161055990775466e+24,-1.3048133938901212e+26,4.6918125381944006e+26,5.893109012368167e+26,1.0740564577887055e+27,4.977418219418435e+26,3.0737858205867815e+26,3.317316686443539e+26,4.136652798884058e+26,6.704888365261794e+26,3.601055958184317e+26,8.434622112521343e+26,3.221482676278377e+26,-2.664613318858033e+26,7.97080373648518e+26,3.0029180334228246e+26,1.0550163873526075e+27,1.2573856129508908e+27,1.1480914182734277e+27,-3.626664232807499e+26,9.392187597937153e+26,8.610098936652337e+26,-5.691606219912505e+26,2.9333023089357807e+24,-1.110774721768946e+26,-1.7035876988023566e+26,-2.3662677727829717e+26,-7.01184977478775e+26,-4.840799265778729e+25,-1.1873134906940589e+27,7.612761739649227e+26,1.6572127788026744e+27,8.18014493232747e+26,-4.849454041040964e+26,1.1709974052109038e+26,2.473453755240184e+26,-6.356572032240526e+25,-3.120329372608541e+26,7.759778777955699e+26,7.262196142471701e+26,-1.0398666544075755e+26,1.4191512138902863e+27,4.892920298871879e+26,-6.0171241177936697e+26,3.269196028835919e+26,4.096105984181414e+26,4.9361058611433495e+26,1.9298392637004278e+27,6.324458622198964e+26,1.8989179206357434e+27,8.663553534543963e+26,2.213398059262726e+27,3.9749808656955235e+26,3.445920987260617e+27,-1.3934174821891346e+26,-1.3419001961047351e+26,-1.9515531691309028e+26,-4.7449648743615984e+26,3.573385201752072e+26,-1.4309256183713716e+27,-2.1408589059744715e+26,-1.4217214308974348e+27,-2.4698302309601417e+26,-9.14887208109874e+26,-6.0418619680786225e+25,2.479353743522764e+26,7.645495258701212e+24,-5.3405927049829124e+26,1.6841801604063647e+26,-5.560582719324605e+26,-1.8875456525157797e+26,-9.976995603229535e+26,-9.983291053722974e+26,-1.5128575293455775e+27,-1.5802669332277886e+27,-8.713378192072684e+26,-5.34736881695531e+26,-4.1295500082759324e+26,-4.7769562139326335e+26,-6.472825427967524e+26
9.834997690437577e+25,-2.221848548995184e+26,1.2391631637488933e+26,7.272571839494121e+25,8.413864127570817e+25,-1.1792427896808628e+25,-8.589883683287011e+25,-9.015398112217546e+25,-1.7587181758605896e+26,-8.810593074434198e+25,-2.196083821171413e+25,-3.056863763881677e+26,-2.3650579184604654e+26,-8.857441958018307e+25,-2.4530608307959334e+26,-1.4492300184140213e+26,2.112692935163786e+25,-1.611830598984671e+26,-1.5316861402639713e+26,-1.707696535658028e+26,-2.614996394394013e+26,-7.457898200744821e+25,2.1856758860579602e+25,9.72717659420544e+25,4.303462719530486e+25,-1.73665927103269e+26,2.2093364630173206e+26,4.476639600516612e+24,-3.0404542641007755e+26,-1.8623835919165517e+26,7.168468296059682e+25,-2.522820237529475e+25,-1.0711039599968991e+25,1.6520517178312107e+25,-1.1235961144128364e+26,-2.1529507063470746e+26,-3.8487806781838035e+26,-3.575683667508982e+26,-2.5673652906847615e+26,-3.470374460706401e+26,-1.0038579935390622e+27,-2.7886546147740658e+26,-1.2774161154843882e+26,-1.7835817296789237e+26,-2.6317482661668563e+26,-2.0292343693749606e+26,-6.434847106386172e+25,-3.58310566294303e+26,-6.501836190288651e+25,9.955993317107767e+25,-6.776727799099701e+26,-5.811860853894281e+26,-6.21710730621055e+26,-8.275419568274415e+26,-8.438389533685798e+26,9.381940291760666e+26,-8.539227958542363e+26,-5.691606219912505e+26,9.285576712367583e+26,-5.264387392289231e+26,9.526452719953082e+25,1.5769701179333238e+26,1.724833727600525e+26,7.76188562431163e+26,-1.5362472021826672e+26,1.455126921837393e+27,-1.1421824816211388e+27,-1.3595959872894995e+27,-4.868670687633317e+26,2.574854485013745e+26,-3.381755699957885e+26,-1.723176476724041e+26,-8.412334752669296e+25,3.4054491745191614e+26,-3.8084360016300116e+26,-1.0631478775087289e+27,-4.008242547905964e+26,-8.459227256599392e+26,-2.6028266562025036e+26,2.6081435684126085e+26,-1.6519423795891853e+26,-3.064384830296045e+26,-3.857534382079132e+26,-1.2135139647320495e+27,-3.337071861246494e+26,-1.2204804965973958e+27,-4.7256823525926154e+26,-1.5423340934499773e+27,-5.24110987596113e+26,-3.176465449200694e+27,7.791847276509437e+25,-1.982932467499483e+26,1.7606498483866857e+26,6.22025256127993e+26,-3.540559249411968e+26,1.9418244817001862e+27,1.3216631036839122e+26,2.0056622511489954e+27,1.688494502112765e+26,1.4440586988590322e+27,2.494999541730745e+25,-5.1701462388577634e+26,1.3732655278244354e+25,8.598811713839531e+26,-2.46331510486215e+26,8.541819951992014e+26,1.550887039253228e+26,1.1142696387053084e+27,1.384542508136819e+27,2.0914561855394177e+27,1.7413475023955242e+27,1.0441412033910497e+27,6.800022596253229e+26,6.0131731381377565e+26,7.36937686439306e+26,9.394477506211703e+26
4.910675780951201e+26,1.593246697679592e+26,3.1395226378898055e+26,-5.899524081393827e+24,2.006558812838623e+26,-6.863550570126421e+26,6.0897047685171775e+26,4.1670664661471476e+26,4.597689591025556e+25,2.1339749779434626e+26,-3.002763639299668e+25,2.1307055138701127e+27,2.2284145449280493e+27,-6.0362142616201416e+26,3.099568448437835e+25,-9.713097973686325e+25,1.975059127799638e+27,3.890560011706655e+26,2.122133367190669e+26,7.25214099042046e+26,4.6785699326597865e+27,1.3624583960212833e+27,7.866214997481754e+26,4.5012905251498166e+26,2.3786604134646442e+27,2.641274140342004e+27,2.0380989847906167e+27,-1.7812292989005112e+27,4.069896879223054e+26,1.6014218530885305e+26,-1.8296119824314096e+26,-4.6402289104133155e+26,-3.6590232131632646e+26,-3.7121272700128266e+26,-2.2045862222636713e+27,2.516263956665713e+26,4.4035914165625813e+27,7.136015632322896e+27,-2.6189658830137818e+26,-8.109535830634769e+26,-1.180409946198635e+27,-6.978103723736982e+26,-2.7140571898723487e+26,-4.717433932132228e+26,-8.84756011454123e+26,-1.6574633862944076e+26,-1.8510914279573533e+26,-2.553331799504941e+26,-1.586274717640123e+26,2.4468368028139484e+26,1.7617456728145322e+27,2.6364724758660463e+27,-1.6126460902980906e+26,-4.403473803576739e+26,-2.1872231246139308e+25,-3.4796681310636025e+26,3.616994634079641e+26,2.9333023089357807e+24,-5.264387392289231e+26,5.394246260566231e+27,1.5966072015889834e+27,8.905596225080717e+26,3.1464844918641445e+26,1.9508011153599593e+27,2.895019281719882e+27,1.1739986734341428e+26,3.4482993366046847e+27,-2.410798979669757e+26,-6.260826726209919e+25,-1.0523878726552378e+25,8.927913124561623e+26,-8.592520691897769e+26,-8.526176050563969e+26,-3.669768313167549e+27,-5.27015714339154e+26,3.5657186720799386e+27,7.330250800034702e+27,-1.1465490769878211e+27,-2.04308462926945e+27,3.53542097599111e+27,-1.0377411686652015e+27,-2.9076148062966707e+27,1.403585918697387e+27,-8.366084180829569e+26,-8.074580765875365e+25,-1.65837326385873e+27,-5.98400866789665e+25,-2.780586099213671e+27,6.386473277450046e+27,4.67043175457967e+26,6.739438832050743e+25,1.1446061258869137e+26,-3.6684322481095214e+26,-7.880602189973969e+26,-2.295647716480822e+27,-6.582060933646537e+27,2.567992530928676e+27,-5.313227894089335e+27,5.550540246647756e+26,-2.283727036566083e+27,-2.07991734817225e+26,3.9919358155755676e+26,-8.224945761068102e+25,-1.0568764643695773e+27,2.012173248804172e+26,-1.1970975704964768e+27,-1.8714122238825322e+27,-3.0124251098102814e+27,-2.3096204055753456e+27,-2.488457957139201e+27,1.030713321486607e+27,-1.5816668400178212e+26,-4.9737648199532664e+26,-6.752036760076294e+26,-9.116929701779849e+26,-1.3592305078647848e+27
1.5992819235982183e+26,-2.2059222359232203e+26,8.44177938291552e+25,1.7563036900886567e+24,3.88740128895176e+25,-2.4451930663336343e+26,9.279317952594808e+25,6.28765350753094e+25,-4.914029286367076e+24,1.2972351319290464e+25,-7.446464918030577e+25,3.119014497571977e+26,3.311374759242645e+26,-5.22170214240952e+25,-3.2354329705729157e+25,1.775950698919238e+25,2.6625498850802894e+26,8.16103261559519e+25,4.389498208766652e+25,1.347652220842634e+26,9.691367633684896e+26,4.6109633318327663e+26,3.3870428574409166e+26,3.941533074082566e+26,1.5174716086740233e+27,1.0329996609144055e+27,1.5878526612803537e+27,-1.0118065485228444e+27,-1.2040028557581766e+25,-3.188121681565744e+25,3.242534239323891e+25,-3.1181765952891346e+26,-2.045193167126146e+26,-1.5690030620254943e+26,-1.0505244617824028e+27,-1.091970505018426e+26,6.938511120796764e+26,1.844828724127125e+27,-1.6063341469947837e+26,-2.8798738365045517e+26,-5.409128008876872e+26,-2.3527668079504344e+26,-6.158627102452671e+25,-1.5639188032478596e+26,-3.446979563185086e+26,-8.161779053383076e+25,-7.543322783553517e+25,-1.2241784522770966e+26,-6.993350945427932e+25,4.413476800625562e+25,2.470169575260459e+26,4.4410642099013324e+26,-1.0197051200844313e+26,-3.535288273061203e+26,-1.1804252295370097e+26,2.9070086437490404e+26,-4.010212285356969e+25,-1.110774721768946e+26,9.526452719953082e+25,1.5966072015889834e+27,1.4355070525580671e+27,7.79574716871883e+26,3.324832113196957e+26,2.1253898544225465e+27,1.7865558086699598e+27,1.5239605460319376e+27,1.3504750535550558e+27,-6.01354379972617e+26,-1.9681528868490182e+26,8.891399153899132e+25,5.069330137490839e+26,-4.526875634352495e+26,-4.129507990452924e+26,-1.6935453563557818e+27,-2.766756574249926e+26,5.080844881305773e+26,2.492071886243351e+27,-6.523940837028573e+26,-9.910206633713132e+26,1.9008975127328882e+27,-6.256513948099093e+26,-1.4334934658529428e+27,4.391655836845226e+25,-6.849935460600598e+26,-2.134240072146731e+26,-9.771446352110159e+26,-4.4340823210220194e+26,-1.6474384943863546e+27,1.0717292533430457e+27,-1.8528851774597073e+27,4.96729102014823e+26,-8.362491045574428e+25,3.105050795196859e+26,-1.4629896846430187e+26,-2.1404407493036932e+27,-1.6119135885740045e+27,2.0211223619258772e+27,-1.1970383572635605e+27,1.0706638417139746e+27,-1.9702856076666644e+26,2.9805001424426617e+26,-6.072083443807828e+25,-5.369968206714312e+26,1.1977114800204086e+26,-7.099727037029204e+26,4.203555910156056e+26,-7.773380262742566e+26,-9.273331920037877e+26,8.276682295530609e+26,1.7323132366186223e+27,2.8164575350112605e+27,1.6579082072430996e+27,1.0063329591898475e+27,8.074741646277278e+26,8.48837674051027e+26,7.965207964464191e+26
1.5929297364872885e+26,-4.9695603791082e+24,6.5670296507892596e+25,-1.0706841126479298e+25,3.4068918654971914e+25,-2.4682490041123337e+26,6.236023111915728e+25,3.234028426565739e+25,-1.1084302858121323e+26,-9.249635476452034e+24,-5.039173453842655e+25,2.9972139606635885e+26,3.239612846237947e+26,-2.001860003132634e+26,-2.043160715310412e+26,-1.4240899082028028e+26,2.143580058350486e+26,-1.0866094420429212e+26,-7.123036159892637e+25,-8.856562554936654e+25,5.72975185317463e+26,2.3832308545353765e+26,2.17314873643072e+26,3.34589096022425e+26,9.772733457869501e+26,5.7252297200566876e+26,1.107746254990053e+27,-6.183560674327848e+26,-2.6973131790677262e+26,-1.3964730617060356e+26,8.076266409655727e+25,-2.411830632805592e+26,-1.888794285113585e+26,-1.2963166313351519e+26,-7.134850819031916e+26,-7.196930073544822e+25,5.940121400929775e+26,1.0943970445939744e+27,-3.008110145739437e+26,-1.5025781254430481e+26,1.2618050612916702e+26,-1.3727412773362175e+26,3.9948534253488384e+24,-1.0111234181442788e+26,-3.126476849297302e+26,-1.620176628104553e+26,-1.5381566206306673e+26,-1.5364186312457116e+26,-1.3088236530890823e+26,-4.532473803416874e+25,2.7399293477661133e+26,4.4571159682184625e+26,-8.38103002360811e+25,-3.435926255745633e+26,-7.825672907590487e+25,-1.4386368556893617e+26,-1.1601503651502298e+26,-1.7035876988023566e+26,1.5769701179333238e+26,8.905596225080717e+26,7.79574716871883e+26,6.635565995666918e+26,5.0226785154812964e+26,1.4973930057001343e+27,8.82601148289763e+26,1.3093535316919985e+27,1.1210439003773303e+27,-6.3975894132337e+26,-3.584290888832762e+26,2.857439911565727e+26,5.3640351600245815e+26,-4.515492594853947e+26,-3.480161467447596e+26,-1.5079963841694387e+27,-1.9518531718284395e+26,5.701651895443187e+26,1.3794882408345478e+27,-6.165913409262585e+26,-9.235673756748277e+26,1.7762755561290615e+27,-5.76333268783508e+26,-1.3339776076275774e+27,-5.300583763120534e+25,-5.184842772370929e+26,-4.1896023280888506e+26,-8.553467972511651e+26,-6.735861122905875e+26,-1.4034748407771616e+27,6.186361536836734e+26,-1.375654708899529e+27,4.033034252325011e+26,2.1057476947793602e+26,3.266246356026297e+26,1.0584334277490523e+26,-8.303662827308428e+26,-1.7061641933127662e+27,1.0345006449422656e+27,-1.1209672472535035e+27,7.16583207949253e+26,-1.838925070124371e+26,2.1285589013840714e+26,-1.152458377725848e+25,-2.4234264313911365e+26,3.895750268127335e+25,-2.4989416697706977e+26,6.38270047906048e+25,-2.659286336067259e+26,-7.222828301181253e+26,-2.3126454344390063e+26,2.276358133405782e+26,1.8083939544331545e+27,1.1579109652661325e+27,7.411100383896048e+26,4.718801572421032e+26,3.0924053372218315e+26,1.2166992361210802e+26
1.0803571052716482e+26,-1.3613707783748219e+26,3.3707264843331435e+25,-4.856958401508386e+25,1.5246263733079143e+25,-2.9961512084433857e+26,-5.60770650492824e+25,-6.172534083832585e+25,-2.4059939137691228e+26,-8.907228106916498e+25,-1.4963733107472455e+26,7.726494084210747e+25,1.2748311491766128e+26,-2.8631617430482267e+26,-3.845066109208038e+26,-2.7608536388469986e+26,1.1628211375005403e+26,-2.805440194205507e+26,-1.7685415209342183e+26,-2.461366817553208e+26,2.412537620839239e+26,2.171111816452086e+26,2.455125703703999e+26,4.2737164274560884e+26,8.9510590705381e+26,4.535960219754692e+26,1.1069265224534102e+27,-6.0645757435924935e+26,-5.486338009702059e+26,-2.6473503839762205e+26,1.5246989530260675e+26,-3.0329010667096235e+26,-2.543660655419058e+26,-1.588216878841535e+26,-7.377505575850013e+26,-2.5278871499776607e+26,2.4177293126742294e+26,5.241844897577324e+26,-5.027949084403519e+26,-1.3384410613243794e+26,4.286993149995313e+26,-1.2463223463301433e+26,-3.6888980847876404e+24,-1.0392672865284747e+26,-3.365591588771536e+26,-3.248644851983624e+26,-2.5587944956502826e+26,-2.5382951163408476e+26,-2.1077245302675376e+26,-4.397161994524985e+25,4.5581606619708345e+24,1.6255685931752208e+26,-1.629267506667532e+26,-3.9641755257221063e+26,-1.5050118222647812e+26,-3.0331638749792752e+26,-2.100353786438845e+26,-2.3662677727829717e+26,1.724833727600525e+26,3.1464844918641445e+26,3.324832113196957e+26,5.0226785154812964e+26,6.1751155895258784e+26,1.0931586041608431e+27,3.905272166806292e+26,1.1912440033753161e+27,8.922398246263628e+26,-7.38340939328916e+26,-4.912188289239872e+26,4.5489622430745406e+26,5.564842974536078e+26,-4.5912592905749745e+26,-2.603886922123939e+26,-1.264596897733378e+27,-3.435511686506641e+26,2.2282421478796925e+26,5.1621680644368546e+26,-6.841728405513358e+26,-1.1674840758993168e+27,1.6517711514383737e+27,-8.027786365222147e+26,-1.2312421447686283e+27,-4.119636673292753e+26,-7.196847697391903e+26,-7.601121406321309e+26,-9.324373947296053e+26,-1.1983847493408198e+27,-1.430686098232265e+27,-8.447081262244179e+25,-1.6117912514297247e+27,4.971588015787859e+26,5.555888742325763e+26,4.188571464834413e+26,2.7477942526028947e+26,-3.362348884596376e+26,-1.6090983877661737e+27,7.547191767109794e+26,-9.754006892066427e+26,7.29184234017654e+26,-2.3849811792068787e+26,2.4356496842340025e+26,1.3097559791903159e+26,-1.4552845156567798e+26,-1.3558502916506283e+26,-8.456218079410101e+24,-2.4653806474009547e+26,3.032317929955636e+25,-5.1286809215475574e+26,-7.368162246673868e+26,-4.106748759356703e+26,1.4684371270636114e+27,9.601354610991444e+26,6.033494267193844e+26,2.420682841740279e+26,-4.234075652539542e+25,-2.6235092780860076e+26
2.7890503601017234e+26,-1.2163431203137867e+27,1.3756335724906983e+26,-1.4661263848602834e+26,4.33822841411416e+25,-9.235381155695824e+26,-2.2398485685000846e+26,-2.0080809527265222e+26,-4.6899782333896244e+26,-3.0225119099147e+26,-7.299744079506852e+26,5.41659904477652e+25,2.7307486673403854e+26,-3.525406016450652e+26,-7.018841630362938e+26,-3.0393437586079643e+26,3.477159554099167e+26,-2.15696576966894e+26,-2.2598773876481756e+26,-7.47701083513591e+25,1.2126705800244044e+27,7.606074910727635e+26,7.91007903921936e+26,1.2450954304726428e+27,3.0793013822044737e+27,1.6077097494128204e+27,3.86797047273626e+27,-2.4666693385569776e+27,-9.589191648675552e+26,-5.963142140135314e+26,4.152699743249764e+26,-1.0136507478566671e+27,-8.159662401581619e+26,-5.146533655016164e+26,-2.7644027222163893e+27,-1.1782725797386067e+27,6.92512202654411e+26,2.6321720826554567e+27,-1.1858735484191045e+27,-8.662904418119715e+26,-1.1536501153939909e+27,-7.061742109623821e+26,-2.911402099557709e+26,-5.0158663555611816e+26,-1.1382733291410814e+27,-8.57000351654367e+26,-5.6169548333680164e+26,-7.81283978023454e+26,-4.700202886451622e+26,2.8622114544712044e+26,-4.3552687782073026e+26,2.1110015484527674e+26,-7.507351438802539e+26,-1.440234750750948e+27,-8.352532494046446e+26,6.409007521489469e+26,-6.839305131718734e+26,-7.01184977478775e+26,7.76188562431163e+26,1.9508011153599593e+27,2.1253898544225465e+27,1.4973930057001343e+27,1.0931586041608431e+27,4.4094825962244313e+27,2.5073780242428936e+27,4.481379997207248e+27,1.8291642031077027e+27,-2.4601821894641069e+27,-1.0819567099383734e+27,7.801812236976794e+26,1.1057463487404082e+27,-1.3233268738283488e+27,-9.155529938752389e+26,-3.4427286062087203e+27,-1.6071439481568168e+27,-7.955503820821199e+25,3.504757988148551e+27,-2.3298733549670322e+27,-3.4315931120914604e+27,4.650264668431577e+27,-2.4785272652878736e+27,-3.6447983110325345e+27,-1.1696148822083188e+27,-3.1230899076083403e+27,-1.7500065438809382e+27,-3.426756400757777e+27,-2.9572377785295386e+27,-5.245128005805851e+27,5.5496928203166945e+26,-7.29933749585803e+27,1.676239125241383e+27,3.4119200507072814e+26,1.322401131305549e+27,6.680873014923127e+26,-4.379806029410546e+27,-1.8320199117182815e+27,4.4816258648732246e+27,-6.447403146720981e+26,2.965012143865747e+27,8.204515222030788e+26,9.972436500026803e+26,-3.643632402021478e+26,-1.1580225413960072e+27,8.441525095685498e+26,-1.4921855706504406e+27,1.253645868830795e+27,-7.651256584831243e+26,-7.481997300367293e+26,2.2738471576555063e+27,5.14459762199521e+27,7.687022363745149e+27,4.6396409277965475e+27,2.9442179950962334e+27,2.251072957298645e+27,2.1693199413133995e+27,2.0978475935391732e+27
1.5003217863782875e+26,-6.595043111520105e+26,9.652089474455674e+25,-3.1842092468719196e+25,4.316629262787326e+25,-3.6836123192078844e+26,7.874449442883981e+25,4.271742535376507e+25,2.0513208107683426e+25,-2.73211446893557e+25,-2.0866484405802422e+26,3.3693484978294074e+26,3.7069444666216805e+26,3.5747875216556916e+25,6.2380288390102475e+25,1.3078251784706663e+26,4.516679136934759e+26,2.6612367421334e+26,1.6136841093799545e+26,4.98149028249497e+26,1.9910412195501838e+27,1.2012987278263076e+27,7.863708573065247e+26,7.137265331086484e+26,2.760177031392782e+27,2.2676710117435575e+27,2.740106940695618e+27,-1.9974385072491784e+27,1.4988223001764749e+26,2.044612170641995e+25,4.4767552198564865e+25,-5.9542314613322113e+26,-3.5698109782396506e+26,-2.789399219036672e+26,-1.9222238241139554e+27,-3.0169512301323407e+26,9.856160133689683e+26,3.492990947753679e+27,-1.9460032754487604e+26,-4.917254597297889e+26,-1.1154369802419822e+27,-3.8517846083327676e+26,-1.708359430010855e+26,-2.5298039500365554e+26,-4.639369052749625e+26,-1.4537853362522228e+26,-8.59128509190792e+25,-1.5346098394000312e+26,-7.198340980598091e+25,1.918591810163683e+26,1.9356586743541625e+26,5.0879043157359976e+26,-1.2550439730928518e+26,-3.585970512322287e+26,-1.0791751926050196e+26,2.4518020176210586e+26,1.0057292729621589e+26,-4.840799265778729e+25,-1.5362472021826672e+26,2.895019281719882e+27,1.7865558086699598e+27,8.82601148289763e+26,3.905272166806292e+26,2.5073780242428936e+27,2.8921501181158575e+27,1.2891819877059397e+27,2.143066006217325e+27,-5.246841183820267e+26,-1.481399698522476e+26,7.199083891028738e+25,6.941244398495014e+26,-5.450982872335281e+26,-5.2537610965937664e+26,-2.297534815384787e+27,-5.7113973045842515e+26,6.265046624312337e+26,4.2445639615131877e+27,-7.87019720014249e+26,-1.6550720898077105e+27,2.4447411814419117e+27,-1.1129965124844241e+27,-1.838370667827614e+27,-6.552223613879977e+25,-1.0883679012269814e+27,-3.0350248078965978e+26,-1.2584690027424063e+27,-7.248656309179553e+26,-2.167268679116737e+27,1.659963597076539e+27,-2.2895148471123935e+27,8.353864422035434e+26,6.878059263232104e+25,2.630075070733918e+26,-4.975140963272562e+26,-3.975578542078977e+27,-2.7898018625971515e+27,3.753549815314343e+27,-2.4111288815479304e+27,1.8099065745812323e+27,-9.93723029906407e+26,4.8846769019692985e+26,2.101371053148602e+26,-9.842596112948662e+26,-3.549610103220393e+26,-1.1077211611477325e+27,2.0074276589832527e+26,-1.5720313949092228e+27,-1.6468116980094126e+27,1.204721069918791e+27,2.3254642452481496e+27,3.611420755083273e+27,1.776207972752498e+27,8.574835372358133e+26,7.068941003686058e+26,9.172635842209035e+26,9.665507239276946e+26
2.0358295944257484e+26,-1.9119143062897952e+27,1.084371835608126e+26,-2.4730135576478216e+26,1.365958452679971e+25,-1.1677478009861147e+27,-6.790867414975223e+26,-5.542703664792704e+26,-8.707819950945304e+26,-6.329468531552952e+26,-1.2493006152637942e+27,-8.035899941116119e+26,-4.225673496528517e+26,-4.35137358236915e+26,-1.2265651079042845e+27,-5.412741459613915e+26,-1.4840252863608235e+26,-5.4373113300234244e+26,-5.196773554265925e+26,-4.400539223824516e+26,-2.248555116175385e+26,1.5082814943625407e+26,5.566510425117939e+26,1.3787964113164815e+27,2.402472240071519e+27,4.861702324250941e+26,3.871975418414032e+27,-2.3486798056208912e+27,-1.7611171802125822e+27,-1.0740332733391571e+27,7.505340088679403e+26,-1.1802765990248609e+27,-1.0636849639131557e+27,-5.640522038266362e+26,-2.758680393446165e+27,-2.094121065576952e+27,-6.310385189617004e+26,4.9644114590193397e+26,-1.8637436223963736e+27,-1.0743304996722602e+27,-1.4460520549624945e+27,-8.833015739999845e+26,-4.477306679850682e+26,-6.402938987570602e+26,-1.4337139468752125e+27,-1.4572056510844502e+27,-8.861665489836665e+26,-1.2801974846052426e+27,-7.366925587442902e+26,4.8969161941186115e+26,-1.6418655401481737e+27,-8.563576171896402e+26,-1.3294589479231943e+27,-2.1650570242877257e+27,-1.5150028784588243e+27,1.1451542894356274e+27,-1.344635889070061e+27,-1.1873134906940589e+27,1.455126921837393e+27,1.1739986734341428e+26,1.5239605460319376e+27,1.3093535316919985e+27,1.1912440033753161e+27,4.481379997207248e+27,1.2891819877059397e+27,6.021466364504513e+27,1.281996461564264e+26,-3.7015209652928785e+27,-1.6571339653670892e+27,1.2097373549019609e+27,8.968957136200218e+26,-1.569031559576493e+27,-8.68727266490155e+26,-2.6784477275800913e+27,-2.542681378632362e+27,-1.778086604204625e+27,1.2773868343418635e+27,-3.206275339160295e+27,-4.0891899674475004e+27,4.732294869352776e+27,-3.2204885982437235e+27,-3.8189334395790586e+27,-2.4455313929493873e+27,-4.774857768058278e+27,-2.7952929261353675e+27,-4.6892191291804427e+27,-4.5612276160441246e+27,-6.788331605333698e+27,-1.8620205107979975e+27,-1.1149750641281598e+28,2.2245889184143783e+27,3.769142183971817e+26,2.0594783007289856e+27,1.663991063999432e+27,-4.4577532884679584e+27,1.6647968791465633e+27,4.513124940241436e+27,2.722120951447828e+27,3.617123635190941e+27,2.8858432733057273e+27,1.463213973306185e+27,-9.268090098634668e+26,-1.3546322345410727e+27,2.09158376367777e+27,-1.9839332179544955e+27,2.560712898961187e+27,3.4029817763557776e+26,1.204814042454827e+27,4.4408714828279093e+27,8.70619472373324e+27,1.0073426259311693e+28,6.335226979464756e+27,4.265150191416948e+27,3.490226155756033e+27,3.490950111443156e+27,3.6499537912659094e+27
4.8424389778057655e+26,7.716959885798164e+26,1.3715599511518237e+25,-5.63124666751135e+25,-8.057943627356089e+25,-9.083568695091457e+26,2.2099077890415193e+26,1.4375169688793116e+26,-1.3453650946165713e+26,-4.0641452632710505e+24,-9.098408482189183e+25,1.5930675797203585e+27,1.5207793958823075e+27,-5.4082254808060144e+26,-3.5682229186022764e+26,-2.657833380432809e+26,8.997523885525453e+26,-1.4082093906818422e+26,-1.5550494264010526e+25,-1.6981265817074211e+25,2.5354046672227666e+27,1.0798830688937472e+27,8.306249569196465e+26,9.552352316527059e+26,2.577258275018597e+27,2.102508064979273e+27,2.580617426801089e+27,-1.8540069854570026e+27,-4.8524680198181466e+26,-2.0276104394279112e+26,1.2043283855778599e+26,-8.039360595192425e+26,-7.165544718169328e+26,-4.9253489321982e+26,-1.97867847788168e+27,2.0038969611293524e+26,2.766812204405478e+27,4.2061447244784904e+27,-7.090352980728475e+26,5.8658781460791817e+26,3.180373227899503e+27,3.3438828908002604e+26,5.52874378435476e+26,1.4542905563950658e+26,-3.8899178352956604e+26,1.108152825362071e+26,-2.232988764070255e+26,5.121257723799806e+26,-1.4766815672202734e+26,-5.893259505757438e+26,2.4072919654520388e+27,2.552550205278334e+27,1.1423276385568898e+27,8.807042870690151e+26,1.4617095257116978e+27,-1.8835207950733628e+27,1.2431614400412072e+27,7.612761739649227e+26,-1.1421824816211388e+27,3.4482993366046847e+27,1.3504750535550558e+27,1.1210439003773303e+27,8.922398246263628e+26,1.8291642031077027e+27,2.143066006217325e+27,1.281996461564264e+26,5.279482658441255e+27,1.134730461842999e+27,2.6621807503832405e+26,6.556267977631547e+25,1.9265423286230692e+27,-8.751603977472277e+26,-8.912332298935176e+26,-5.122818588163313e+27,3.760680867957723e+26,3.9904378476210736e+27,4.4541561531036297e+27,2.3238570619231654e+26,-2.749566971127588e+27,4.280573580879844e+27,-1.643377073969952e+27,-3.290179939196768e+27,4.330305302509767e+26,1.339331161463471e+27,-9.998861123336794e+26,3.304379633975933e+26,-1.538578773888983e+27,-6.125313764516847e+26,3.2545697922101067e+27,3.2306058751299794e+27,7.852675920750174e+26,1.1732085286596064e+27,3.86935292805208e+26,-7.95094013967144e+26,-3.0206128600028936e+25,-1.0153037440148227e+28,1.7944832488462722e+27,-7.920988820851457e+27,1.1459024150196055e+27,-3.763688811347321e+27,1.8790834127348553e+26,1.1832825866993892e+27,-2.365180184177635e+25,-2.195475216325821e+27,9.522736336110156e+26,-2.8187818597709064e+27,-7.917783582036901e+26,-4.711404853323481e+27,-5.919715242088172e+27,-6.326799126924776e+27,1.265379301462161e+26,2.6465412154469954e+25,-1.5202531287171215e+26,-9.693372272186046e+26,-2.113502990124082e+27,-3.3359115652420604e+27
-1.1839205117232204e+26,1.3830565127805968e+27,-2.749857692734968e+26,8.474858237387779e+25,-2.0896340453188942e+26,5.397611709576803e+26,4.331192893432137e+26,3.9509459523463895e+26,7.956937132541074e+26,4.398886434607418e+26,7.673603430291909e+26,5.654651275193312e+26,1.3927906917324974e+26,6.390625758360529e+26,1.0094449801487246e+27,6.711825890797415e+26,-2.907261772325183e+26,5.84238716625273e+26,5.075660634009976e+26,3.943444124317967e+26,-3.4228710988811866e+26,-1.7820009138663328e+26,-3.2509305391690315e+26,-6.490354922972355e+26,-1.205569273594164e+27,-3.9214899932681524e+26,-1.8975611585650202e+27,1.0642201573958465e+27,1.2626042537283203e+27,7.038808843186801e+26,-3.5724788899984086e+26,4.987821397208361e+26,4.231338353935153e+26,1.9607087680026815e+26,1.5135981403915733e+27,1.463043524768929e+27,8.183920602321211e+25,-7.486915460890665e+26,1.3330847448966246e+27,1.3630708434310546e+27,2.335060105893613e+27,1.111585536296449e+27,7.295581680865332e+26,7.510859065871149e+26,1.1609706364588344e+27,1.646689202012755e+27,9.223808361628888e+26,1.7615691842629652e+27,7.975450778637449e+26,-7.054286252465695e+26,1.9506736802476409e+27,8.521522662362171e+26,2.0779554475367502e+27,2.6306918849230475e+27,2.283965137543821e+27,-1.0758044029368409e+27,1.8594086509159865e+27,1.6572127788026744e+27,-1.3595959872894995e+27,-2.410798979669757e+26,-6.01354379972617e+26,-6.3975894132337e+26,-7.38340939328916e+26,-2.4601821894641069e+27,-5.246841183820267e+26,-3.7015209652928785e+27,1.134730461842999e+27,3.7662880968074817e+27,1.761474557797321e+27,-1.1374105395596041e+27,-1.3065427016779839e+26,9.508564073083141e+26,1.959675252880681e+26,3.831400689287204e+26,2.3000338968836649e+27,1.8298762627276164e+27,-8.376486502687072e+26,3.2911253956727795e+27,2.2630533705868388e+27,-2.5313344916083525e+27,1.752849351971647e+27,1.9119776950737289e+27,1.6566555075088218e+27,4.8098543400159907e+27,1.9242083248341672e+27,4.58503203415616e+27,2.9425725432370986e+27,5.797255278530375e+27,9.917326657875221e+26,9.191330951183506e+27,-9.253445030642726e+26,-3.676139233569664e+26,-8.900073786942694e+26,-1.287383364948202e+27,2.4673315865277144e+27,-2.846258129759564e+27,-2.1192868033730874e+27,-3.079035485918383e+27,-1.6063220189011336e+27,-2.3103178062717345e+27,-5.7520339003375444e+26,6.687919879614245e+26,5.28529147733252e+26,-1.4785329672709625e+27,1.0073916222566645e+27,-1.7169678873199494e+27,-2.4662261088499474e+26,-1.9962427673567892e+27,-3.257967889427237e+27,-5.400526392153727e+27,-5.759188469673578e+27,-3.2954456295244496e+27,-2.088746966246752e+27,-1.7060890289411577e+27,-1.8921142178036065e+27,-2.3004883542735153e+27
-1.1243907412722935e+26,4.023409855422035e+26,-1.601251222975535e+26,3.2744374133886957e+24,-1.2792098271779616e+26,2.1482144630096473e+26,1.1873388679257526e+26,1.3600707497396188e+26,4.020547124697842e+26,1.614994340421292e+26,1.9454421557232436e+26,1.1785397220142554e+26,-2.4606875626998725e+25,3.882378524243958e+26,5.519744386613929e+26,4.027639748809617e+26,-8.499159705159619e+25,3.9662096300691396e+26,3.0013929034307692e+26,3.229798002856743e+26,-4.710696584487584e+25,-6.3423301463274185e+25,-1.4198482425859045e+26,-3.212791857809907e+26,-5.566787117060343e+26,-1.6872188475321202e+26,-8.486272739261292e+26,3.6250604356583385e+26,7.223179705570388e+26,3.749135453332787e+26,-1.8877125945000557e+26,1.9551446403452658e+26,1.5295896422191328e+26,6.036881043996608e+25,5.7570655725252545e+26,4.56800089474595e+26,-1.8117767853226183e+25,-1.8361500887271022e+26,6.584045298202931e+26,5.9415384553410124e+26,6.710523765070277e+26,4.9493687949962936e+26,2.70805910704796e+26,3.4235820092356494e+26,5.8341219506631785e+26,7.392602155915978e+26,4.699540909931911e+26,8.390684236752173e+26,4.161270327684319e+26,-1.9115307726996873e+26,6.092992376937171e+26,1.5682737100745287e+26,8.97452245614229e+26,1.2436573842043686e+27,9.29644012301676e+26,-2.110451677507522e+25,8.032626704635106e+26,8.18014493232747e+26,-4.868670687633317e+26,-6.260826726209919e+25,-1.9681528868490182e+26,-3.584290888832762e+26,-4.912188289239872e+26,-1.0819567099383734e+27,-1.481399698522476e+26,-1.6571339653670892e+27,2.6621807503832405e+26,1.761474557797321e+27,1.0075649044560559e+27,-7.234351153610595e+26,-2.3800590306178954e+26,5.592484563040238e+26,1.228887906322329e+26,3.7878968589218676e+26,8.386739551355868e+26,4.588697630729936e+26,-2.1045612977290262e+26,1.5970688244283494e+27,1.0204151992745202e+27,-1.4535461044133895e+27,7.445637755511199e+26,1.0742170951056795e+27,6.727758422850766e+26,1.964948889442369e+27,9.506753376695137e+26,2.1042095231678263e+27,1.4282044245132025e+27,2.6419795539826085e+27,6.090805993476139e+26,3.678535525425988e+27,-4.251521124599155e+26,-4.05731741071714e+26,-4.298050318380129e+26,-6.257041798444704e+26,6.223103068695844e+26,-7.412700052362997e+26,-6.350797068932528e+26,-9.781603572672186e+26,-6.623110446721682e+26,-8.174842550268279e+26,-2.4339876715269302e+26,2.075369143751334e+26,1.5572564170187844e+26,-5.421329247061139e+26,2.8677557316788104e+26,-5.61599073187342e+26,-2.4559766138891127e+26,-8.066744906957284e+26,-8.259695805596739e+26,-1.4354023680886808e+27,-2.2509690551139472e+27,-1.357586769643453e+27,-8.72280673506341e+26,-6.252117551120708e+26,-5.904470352739209e+26,-6.76365534474362e+26
7.488187352065344e+25,-3.101705721654987e+26,7.906550344455866e+25,-2.818283805733498e+25,6.123318741934657e+25,-2.1609044877298576e+26,-1.1069562710339874e+26,-1.122148788181419e+26,-3.087919765681474e+26,-1.2899331631046645e+26,-1.7338705747475656e+26,-1.0545069300727442e+26,-1.5206466282908595e+25,-2.9895566536991955e+26,-4.4218880707560216e+26,-3.177542537131712e+26,2.595101733051443e+25,-3.2916484234617624e+26,-2.3261387643860993e+26,-2.719631845144255e+26,-1.3929690994022933e+25,7.152399487881165e+25,1.394311778169119e+26,3.101647216768234e+26,5.070864672242437e+26,1.654929146546306e+26,7.680099992730156e+26,-3.748888365320137e+26,-6.110153313737771e+26,-3.082899641342011e+26,1.7248666196599166e+26,-2.1083685817536922e+26,-1.7449050164307295e+26,-8.800128434891679e+25,-5.376596428019849e+26,-3.6332017560261205e+26,-4.158418603328882e+25,6.916977686671364e+25,-5.40472002582909e+26,-3.424852698016727e+26,-1.3315898268885807e+26,-2.8364324660265592e+26,-1.2936575743678502e+26,-2.041487416386108e+26,-4.268329894745551e+26,-5.0143571516972676e+26,-3.375765497765667e+26,-5.0835476016221884e+26,-2.915252811882566e+26,6.680158414928697e+25,-3.638865181166772e+26,-1.0769803270895458e+26,-4.857032506374376e+26,-7.486134370100592e+26,-4.870297774524146e+26,-1.6323621230984356e+26,-4.507560497823156e+26,-4.849454041040964e+26,2.574854485013745e+26,-1.0523878726552378e+25,8.891399153899132e+25,2.857439911565727e+26,4.5489622430745406e+26,7.801812236976794e+26,7.199083891028738e+25,1.2097373549019609e+27,6.556267977631547e+25,-1.1374105395596041e+27,-7.234351153610595e+26,5.913568009513965e+26,3.2916810188689474e+26,-4.8014523750652314e+26,-1.5922495977510236e+26,-5.480244137270854e+26,-5.6227388879223945e+26,-2.4770033769081297e+26,4.578673742830091e+25,-1.0462959531051922e+27,-9.431522613565751e+26,1.2802602275987026e+27,-7.039406705029445e+26,-9.666622711436836e+26,-5.798723300758956e+26,-1.2553033068115477e+27,-8.12010563578507e+26,-1.3789293462522115e+27,-1.2576070450932946e+27,-1.816185925057806e+27,-6.0222294976412245e+26,-2.4238502992089996e+27,4.215582026033494e+26,4.60543262260656e+26,3.967945813108074e+26,4.771505683611244e+26,-4.077902093243523e+26,5.180816196462071e+25,5.49430460921849e+26,3.45785265250948e+26,6.1579195363864235e+26,4.051015532379174e+26,2.4341358005350348e+26,-6.541665206367664e+25,-1.4783289400752639e+26,2.7738408292851946e+26,-1.756981635204811e+26,2.5675349461244893e+26,2.2257668755613866e+26,3.962987891510808e+26,2.6477403743178806e+26,6.495791928820359e+26,1.624513886220053e+27,1.0212775804126528e+27,6.646271535473853e+26,4.279197446172679e+26,3.244842145262625e+26,3.187223086256161e+26
4.901759184832019e+25,-3.248464831007819e+26,-7.786190651049056e+25,-1.6329839832629725e+26,-8.64183695946177e+25,-5.502773156617891e+26,-1.7583473302309618e+26,-1.3143011007943468e+26,-2.521921252361566e+26,-1.7525288166504523e+26,-4.3409843614418973e+26,1.7191176040112322e+26,2.45599895642094e+26,-2.6738306570942436e+26,-3.9106098669723955e+26,-2.3364421731766033e+26,1.2849710555948953e+26,-2.26218223388795e+26,-1.2727195617379278e+26,-1.4662876406607026e+26,5.35551229567192e+26,3.206529281026807e+26,3.283498321513758e+26,5.4881104371243185e+26,1.1560187619321896e+27,6.697599053306469e+26,1.479257445865575e+27,-1.050365429161037e+27,-5.925945208517323e+26,-2.8387408280975184e+26,2.0196041303797457e+26,-5.112994260814483e+26,-4.790016826518353e+26,-2.956826564445672e+26,-1.1896256741867672e+27,-5.4095588229649e+26,4.9423612796697956e+26,1.0311838317383053e+27,-6.47229139072347e+26,7.149940993067157e+25,1.2797150482939747e+27,2.5331614902640776e+25,7.894990795845583e+25,-2.4105517845266677e+25,-3.582219011938478e+26,-4.181768469002261e+26,-3.809090995594298e+26,-1.1492521495024902e+26,-3.0042780161607165e+26,-7.932118969593967e+25,3.2770458158956525e+26,5.3534456562463414e+26,2.1551750190340457e+26,1.6841521236886146e+25,3.6263140086197505e+26,-7.737208299615383e+26,3.1678350565022914e+26,1.1709974052109038e+26,-3.381755699957885e+26,8.927913124561623e+26,5.069330137490839e+26,5.3640351600245815e+26,5.564842974536078e+26,1.1057463487404082e+27,6.941244398495014e+26,8.968957136200218e+26,1.9265423286230692e+27,-1.3065427016779839e+26,-2.3800590306178954e+26,3.2916810188689474e+26,1.0027100300955134e+27,-6.1492411721150634e+26,-3.6790004000041576e+26,-2.1171966371065346e+27,-4.901385222096033e+26,8.888347045405036e+26,1.1834921351119858e+27,-4.454469147274507e+26,-1.7478796515281434e+27,2.2977143003333238e+27,-1.3217751520570092e+27,-1.6911842806966295e+27,-6.050293419027853e+26,-4.401918099950915e+26,-1.0339899892750115e+27,-6.232301873211413e+26,-1.6977375961259525e+27,-1.2240465141684124e+27,8.516040587260018e+25,-6.799543684460648e+26,7.565350294359597e+26,7.175603422162489e+26,5.7062096544043795e+26,4.659476612204491e+25,-7.674787779108336e+26,-3.077109597068396e+27,1.3944754367422313e+27,-2.271599240596122e+27,1.1306224103683711e+27,-9.627480964612945e+26,4.372722238103322e+26,3.8825119390080234e+26,-3.46322445157015e+26,-5.054189289012813e+26,-8.533471857531172e+25,-5.870715263133345e+26,-2.011353349825645e+25,-1.2929022414554613e+27,-1.2549656748977258e+27,-8.003326067708544e+26,1.590718043406357e+27,1.0311852725837913e+27,6.693446243795534e+26,2.6143710874885587e+26,-1.4686466835989995e+26,-5.135305327108857e+26
-1.6989612393452996e+26,4.533636231680003e+26,-7.217712980455687e+25,7.665056146692732e+25,-1.872669379491104e+25,5.559447352307181e+26,-1.2433046013130904e+25,2.2481484534573914e+25,2.495410377739287e+26,1.0483074371173875e+26,2.73745355754991e+26,-5.190050658265986e+26,-5.132026520288219e+26,3.3780483162022745e+26,4.067316579402015e+26,2.5758107059556975e+26,-2.2768071899801538e+26,2.2847086821672966e+26,1.5675261895463607e+26,1.7026659710058262e+26,-5.894998134623381e+26,-2.1183318286650358e+26,-2.500778968458024e+26,-4.607953399423893e+26,-9.366264728759231e+26,-4.7115016283478e+26,-1.3324982990351526e+27,9.098047608606365e+26,5.679435774283271e+26,2.909703824913551e+26,-1.843140182040463e+26,4.278343214002275e+26,4.201493481803723e+26,2.7086154100177946e+26,1.2210166750641072e+27,3.4800035177954175e+26,-7.847611513707642e+26,-1.1633080670336172e+27,6.407836577642306e+26,3.652181088877971e+26,-2.866342759862291e+25,3.4678123938464966e+26,3.1228757133754744e+25,3.1950405126197416e+26,8.77087039532942e+26,4.046407946110318e+26,4.271710813428241e+26,3.937638420280068e+26,3.801243069897791e+26,5.2712657642387966e+25,-5.867420073254441e+26,-7.673762716554711e+26,1.789665178186213e+26,6.0756303704076384e+26,1.1621286730001873e+26,1.5704370560862954e+26,1.1971974673850867e+26,2.473453755240184e+26,-1.723176476724041e+26,-8.592520691897769e+26,-4.526875634352495e+26,-4.515492594853947e+26,-4.5912592905749745e+26,-1.3233268738283488e+27,-5.450982872335281e+26,-1.569031559576493e+27,-8.751603977472277e+26,9.508564073083141e+26,5.592484563040238e+26,-4.8014523750652314e+26,-6.1492411721150634e+26,9.547705237490735e+26,5.3034265816345916e+26,1.7367838706706453e+27,5.743117790312118e+26,-9.402335585185341e+26,-1.4041417954245397e+27,1.240022568760049e+27,1.6936357341626998e+27,-2.4402771066333732e+27,1.2859746150292465e+27,2.0627825150904416e+27,3.118396441107617e+26,1.0294666234244997e+27,9.502637869403159e+26,1.6248685276368155e+27,1.5753836999367852e+27,2.4398840394547568e+27,-4.943188113171541e+26,1.952616108355211e+27,-6.700594577579951e+26,-4.125189288119107e+26,-5.6911450141982756e+26,-4.412209356298835e+26,1.2463751389011295e+27,1.1921868463447686e+27,-1.4499199044823365e+27,5.373223546597881e+26,-1.0808201254964376e+27,-2.142657578854317e+26,-4.0939911472593154e+26,7.6783306584974675e+25,3.524611913601671e+26,-2.8928362339276268e+26,3.941018722464064e+26,-3.1273544287862906e+26,2.496259558015462e+24,1.5123702101761121e+26,-2.534885329830569e+26,-9.498153554708839e+26,-2.572879800898343e+27,-1.5479188321344401e+27,-1.0051289180139556e+27,-7.113371484870136e+26,-5.644806056957025e+26,-4.67965137293049e+26
-3.351995150446687e+26,-2.5747793697421457e+26,-1.0046766255118118e+26,-1.1300259019452926e+26,-8.244532616131954e+24,3.0726754680041656e+26,-8.024702687452376e+25,-3.648230353247363e+25,5.6022560524491345e+25,2.1260244705860395e+25,-8.463014587182974e+25,-5.27591608661534e+26,-4.7773490592638223e+26,1.4059378757170736e+26,1.325119197139344e+26,5.230247276817819e+25,-2.1270193135497937e+26,1.4541988026602633e+25,1.2255389038003158e+25,8.236359166075124e+24,-5.949597291229313e+26,-1.8369738510434053e+26,-1.8504010341788803e+26,-2.9115920362167e+26,-6.592744394508806e+26,-3.9319145251318214e+26,-8.461067538461799e+26,5.6817283697034926e+26,1.8732778206612818e+26,1.1867356944530887e+26,-9.275756368715086e+25,2.586071207805927e+26,2.419953803180455e+26,1.4239020059320414e+26,6.377375321998586e+26,-1.269342793068959e+26,-7.728925093224923e+26,-1.0856463715968285e+27,2.6737130772567206e+26,-1.4429736931639783e+26,-4.698101617805098e+26,-4.955218257635171e+25,-3.305770102728463e+26,1.8098488496923088e+25,3.740816458983631e+26,-2.4952569370105844e+26,-7.728129240803095e+25,-2.1779551158031078e+26,-7.401764974158332e+25,3.566022856902301e+26,-8.39193322337344e+26,-7.645585352422643e+26,-2.7433266062245976e+26,1.1180400706374893e+25,-2.5066520231682097e+26,8.480964823153022e+25,-1.1814738683515657e+26,-6.356572032240526e+25,-8.412334752669296e+25,-8.526176050563969e+26,-4.129507990452924e+26,-3.480161467447596e+26,-2.603886922123939e+26,-9.155529938752389e+26,-5.2537610965937664e+26,-8.68727266490155e+26,-8.912332298935176e+26,1.959675252880681e+26,1.228887906322329e+26,-1.5922495977510236e+26,-3.6790004000041576e+26,5.3034265816345916e+26,5.667080608895142e+26,1.620921370514585e+27,-2.1297015023604878e+26,-1.0524630896997015e+27,-1.330906128472911e+27,2.6710442942784845e+26,8.945383036208851e+26,-1.6082096334007358e+27,5.530016616146551e+26,1.5245540316579584e+27,-1.062249578437712e+26,-2.0318657698868026e+26,3.511465311217716e+26,3.8373567568896154e+26,5.508016341810879e+26,9.684074421055957e+26,-8.016570026752703e+26,2.2054152647731078e+26,-3.653662786214361e+26,-7.901497878253505e+25,-2.946926248707294e+26,-1.7658249284506888e+26,5.319277500354895e+26,1.73427796806648e+27,-8.309977099217326e+26,1.0048618621011008e+27,-5.908357058198006e+26,3.7991326714343465e+25,-1.937899157438722e+26,1.0815016443095218e+26,1.6546503713003436e+26,-1.303476579089632e+26,1.4132339572469976e+26,-4.957667915150991e+25,1.692534754940314e+26,6.619062281885013e+26,4.572148880886165e+26,1.3952713200234948e+26,-1.2933207460769809e+27,-8.37569116044841e+26,-5.537339145603842e+26,-3.719572167963909e+26,-2.1540078368418106e+26,-3.916903320002315e+24
-1.1551534918470242e+27,-9.169831245179432e+26,-3.4821159249294315e+26,-1.7492476029349932e+26,-4.589869789049908e+25,1.5724836130239823e+27,-3.4009521624738285e+25,9.734933159204487e+25,6.429735811674922e+26,3.519219135277687e+26,2.5427938469757574e+26,-1.8269566908401612e+27,-1.8118031881795682e+27,8.901336023494307e+26,1.0767039109427162e+27,5.864428615583957e+26,-9.987861904502635e+26,4.2295602166332966e+26,3.1757494290790766e+26,2.477851581094128e+26,-2.6740464684772e+27,-1.0284333427597305e+27,-1.0026072251415736e+27,-1.5149191429354094e+27,-3.228957868213539e+27,-2.067020462521539e+27,-3.9805090537230224e+27,2.6117936722591184e+27,1.458825638867205e+27,8.42289393308045e+26,-5.604977014901558e+26,1.311120207264059e+27,1.2593637401315634e+27,6.554027325952309e+26,2.774497367436504e+27,2.303604701692968e+26,-3.123989883715241e+27,-4.731960212038616e+27,1.786651691113535e+27,-4.8154552322106196e+26,-3.173873267566438e+27,-4.920208919566862e+25,-8.222557176209138e+26,1.3249817393409049e+26,1.2068808817191015e+27,5.894528433088617e+25,3.659282247281918e+26,-2.716555947570023e+26,2.59041667628129e+26,8.303192799287629e+26,-2.618112558794971e+27,-2.8819567578873296e+27,-8.128606836339888e+26,-4.1878267483871085e+25,-9.800730062839421e+26,1.279336379207131e+27,-6.916542048855066e+26,-3.120329372608541e+26,3.4054491745191614e+26,-3.669768313167549e+27,-1.6935453563557818e+27,-1.5079963841694387e+27,-1.264596897733378e+27,-3.4427286062087203e+27,-2.297534815384787e+27,-2.6784477275800913e+27,-5.122818588163313e+27,3.831400689287204e+26,3.7878968589218676e+26,-5.480244137270854e+26,-2.1171966371065346e+27,1.7367838706706453e+27,1.620921370514585e+27,6.831342495706215e+27,1.563921672444941e+26,-4.1449707760473555e+27,-5.292237109156474e+27,1.0771559055110611e+27,4.5918320094928875e+27,-6.63204786709054e+27,2.917177808996339e+27,5.634893789998958e+27,3.147389257675987e+26,7.086455103253037e+25,2.430600316742482e+27,1.5876642618095333e+27,3.5742788311244064e+27,3.6848280164040756e+27,-2.9650537564478264e+27,8.372211479059716e+26,-1.718289319038533e+27,-1.133359875165407e+27,-1.3231420393589596e+27,-1.6645422564074996e+26,8.079936528643585e+26,9.958103541330287e+27,-3.09639746378166e+27,6.68193364539012e+27,-2.505821219428822e+27,2.1272372950272758e+27,-7.807591862889661e+26,-5.221776648949591e+26,3.524208068554249e+26,1.0100655199037781e+27,-4.4791127712753626e+26,1.7420898242961718e+27,1.7673292681691062e+26,4.1966806736691614e+27,4.9233273859126797e+27,3.412809409681742e+27,-4.1917806273543746e+27,-2.6102444526510654e+27,-1.6413268901151133e+27,-5.0748852938650475e+26,7.818214677427395e+26,2.1555429162435024e+27
1.5109171120109316e+27,4.9376660696390566e+27,8.872849322982048e+26,1.6591546544173684e+27,5.2889183286689355e+26,1.7423162530941946e+27,1.1141222444668634e+27,5.2440821666810715e+26,2.946101284499948e+26,6.087796876153696e+26,3.846379572625454e+27,1.1493219601278367e+27,1.8147138278070994e+26,1.1361231004317233e+25,2.9340864371293522e+26,-1.5923637851881993e+26,-5.3764989478714136e+26,-4.571326814970244e+26,-1.5963049337747934e+26,-5.6494940110330605e+26,-1.0267537220583771e+27,-3.096366074636521e+26,-4.542713277574386e+26,-8.184862401992083e+26,-1.5179822772868837e+27,-5.91372411492108e+26,-2.663952783047177e+27,2.846685214972442e+27,3.5416752612265795e+26,3.2230313699769544e+26,-3.109689373202791e+26,1.2001628060552255e+27,1.353392209473869e+27,1.0101297970811017e+27,3.9283267060337456e+27,4.7637852690769084e+27,-3.4906671564843933e+26,-1.9454044477818362e+27,1.214336221752687e+27,1.927991579849148e+27,3.509470525122945e+27,1.0943798524826766e+27,2.0841109577920928e+27,5.7257445465360995e+26,8.45558604348502e+26,3.059250740620953e+27,1.5757407967400906e+27,1.91308154365179e+27,1.2269884309629383e+27,-2.710117528252085e+27,3.7131569351173753e+27,1.6092685360909468e+27,1.8039093596161758e+27,1.6730157337943167e+27,1.6739766439284517e+27,-7.364502474564202e+26,8.227751783212877e+26,7.759778777955699e+26,-3.8084360016300116e+26,-5.27015714339154e+26,-2.766756574249926e+26,-1.9518531718284395e+26,-3.435511686506641e+26,-1.6071439481568168e+27,-5.7113973045842515e+26,-2.542681378632362e+27,3.760680867957723e+26,2.3000338968836649e+27,8.386739551355868e+26,-5.6227388879223945e+26,-4.901385222096033e+26,5.743117790312118e+26,-2.1297015023604878e+26,1.563921672444941e+26,5.734448522249907e+27,2.8419247520175745e+27,-1.3971792379247476e+27,2.6365388228061333e+27,4.2835430550588366e+27,-1.9578993021508017e+27,4.063628787980865e+27,1.0596481945425787e+27,2.4032173914206933e+27,6.827147995324413e+27,1.9654252671947676e+27,4.2416977442418805e+27,3.7796301107052527e+27,5.393769533510265e+27,-1.4541531920573253e+27,1.0139868534609828e+28,-1.5482682398948405e+27,-5.183940316451611e+26,-1.1623638403520277e+27,-6.9346976752738e+26,6.334979205381441e+27,-3.296259822218301e+27,-5.291332743634166e+27,-2.570554370059174e+27,-2.82314677599862e+27,-1.3268236314297358e+27,-1.1137444943849702e+27,1.0270851891638502e+26,1.3228790004018135e+27,-7.897507506709871e+26,1.804179530982353e+27,-1.5616499737923475e+27,4.546201205370266e+26,-1.339200309555466e+27,-5.511713197926291e+27,-9.648538177115063e+27,-7.118882294117664e+27,-3.561828970596091e+27,-2.1929880353396038e+27,-2.002021918509219e+27,-2.4588141257026402e+27,-3.217352930057863e+27
1.4576316531538372e+27,4.1746127904039865e+27,7.801759090625437e+26,6.738462862658969e+26,4.88370921569937e+26,-1.6150090071765374e+26,2.088945168058686e+27,1.4076578903070648e+27,4.314001380059945e+26,1.034312289207049e+27,2.0075086007467015e+27,5.454683286958686e+27,4.637647994360987e+27,-1.25975097444183e+27,1.2748567986799374e+26,-4.020259617813958e+26,1.1276628196276813e+27,-3.0206441135561205e+26,-5.24545566438455e+25,-6.762157883826697e+26,2.441000887187991e+27,-1.1404800846301327e+25,-2.0560292262201706e+26,-3.3864565541655066e+26,-1.7517189878537096e+26,4.0954775497249974e+26,-1.0398928742859635e+27,1.4695116974121921e+27,3.284188038972707e+26,3.138824974891609e+26,-3.685171179891662e+26,6.833122356145535e+26,4.563418657537314e+26,2.1551499517797465e+26,1.158822168314335e+27,3.667945016093104e+27,6.222855572796216e+27,4.0527007868993336e+27,5.2391324100422065e+26,4.9497323304510946e+26,2.847270314958669e+27,-5.525109422318915e+25,8.856956016304815e+26,-2.434635622457853e+26,-9.201528155791718e+26,1.243813172784997e+27,1.2384577253275913e+26,6.671824314148634e+26,2.610814454452667e+25,-1.2323431439894757e+27,6.715521830141461e+27,6.401747842119256e+27,1.313344390980823e+27,8.718489795769921e+26,1.7866167302536845e+27,-2.2931648651992417e+27,1.4270283638052606e+27,7.262196142471701e+26,-1.0631478775087289e+27,3.5657186720799386e+27,5.080844881305773e+26,5.701651895443187e+26,2.2282421478796925e+26,-7.955503820821199e+25,6.265046624312337e+26,-1.778086604204625e+27,3.9904378476210736e+27,1.8298762627276164e+27,4.588697630729936e+26,-2.4770033769081297e+26,8.888347045405036e+26,-9.402335585185341e+26,-1.0524630896997015e+27,-4.1449707760473555e+27,2.8419247520175745e+27,8.742230884336275e+27,4.5974124028407155e+27,2.920191217481618e+26,8.752848235032082e+26,2.906709088067343e+27,1.6568509014696028e+27,-2.8990007733132454e+27,4.916590044219243e+27,4.435416427391469e+27,1.410828146780598e+27,1.094870200648605e+27,2.862614766341189e+27,9.211183558103824e+26,7.648953765959199e+27,1.0651322309028926e+28,-1.118443745374232e+27,1.9845651760802306e+26,-6.928229923748132e+26,-8.848074342133998e+26,5.302209198055389e+27,-9.955660897632674e+27,-3.5759541291786725e+27,-7.549823296212629e+27,-2.1529317082845497e+27,-3.254932620645861e+27,-1.040045142315113e+27,5.926294815983809e+26,1.5219583237048664e+27,-1.6907626559192776e+27,2.476904068143995e+27,-2.9622903086006454e+27,-1.0240919648150776e+26,-3.9518521537534883e+27,-8.703094887036369e+27,-1.2104797392223577e+28,-5.392113579145412e+27,-2.964526616900983e+27,-1.8716506292146114e+27,-2.2491173000332582e+27,-3.5133121394349046e+27,-5.050314087398758e+27
6.094992092953753e+26,-4.953365967648995e+26,3.9537614454458136e+26,-1.3536654026943152e+26,2.3081973719156917e+26,-1.2376349067683895e+27,7.893334622086328e+26,5.508799094639973e+26,8.840343956632277e+25,2.3199769626514057e+26,-4.3167634728965174e+26,2.9946714787395736e+27,3.1545138493742023e+27,-7.155090879496818e+26,7.274431025547001e+25,1.783329347047725e+25,2.6939259177184954e+27,7.207362994446359e+26,3.712962689951079e+26,1.1351014316888336e+27,6.386211545272018e+27,1.9209746158810984e+27,1.2082361193033491e+27,8.583282929307281e+26,3.7366094452260905e+27,3.699020289402401e+27,3.551329856773809e+27,-3.075692646708886e+27,5.859399350676277e+26,1.6986113383108468e+26,-1.766615294418072e+26,-8.956782514533606e+26,-7.509122594177666e+26,-6.895331724153076e+26,-3.796527119082266e+27,-1.3533848419485313e+26,6.105985875921318e+27,1.0035784722626278e+28,-4.9329069955633495e+26,-1.4802150851982858e+27,-2.703388348805624e+27,-1.2374265453727099e+27,-5.947425972618885e+26,-8.624324823697359e+26,-1.5662065541050293e+27,-4.224355450458238e+26,-3.56457449782225e+26,-5.4156556536497284e+26,-3.0527618116239447e+26,6.40732654846138e+26,2.277982249927424e+27,3.58757873156089e+27,-4.3005717978083584e+26,-9.04604991959608e+26,-2.525274246287913e+26,-1.7499578410207174e+25,3.4559696318159655e+26,-1.0398666544075755e+26,-4.008242547905964e+26,7.330250800034702e+27,2.492071886243351e+27,1.3794882408345478e+27,5.1621680644368546e+26,3.504757988148551e+27,4.2445639615131877e+27,1.2773868343418635e+27,4.4541561531036297e+27,-8.376486502687072e+26,-2.1045612977290262e+26,4.578673742830091e+25,1.1834921351119858e+27,-1.4041417954245397e+27,-1.330906128472911e+27,-5.292237109156474e+27,-1.3971792379247476e+27,4.5974124028407155e+27,1.0429569447537992e+28,-2.0910446725523993e+27,-3.577253822530714e+27,5.393093205027085e+27,-2.0933418595377256e+27,-4.5330070533662547e+27,1.7711675588475697e+27,-2.0887577792977038e+27,-3.0159382666330086e+26,-3.1032775397478937e+27,-5.425333208492657e+26,-5.032151353925536e+27,9.148461931764877e+27,-1.4276507907104025e+27,4.6953726895080676e+26,-2.689355877784428e+25,-1.8988387308763456e+26,-8.194156642833282e+26,-4.7428307674610236e+27,-8.052966483672533e+27,4.8282741379114314e+27,-6.312135055145291e+27,1.487295221028251e+27,-2.3364303868944823e+27,-3.4576356813531703e+25,2.559539255327893e+26,-4.493470535511496e+26,-9.045965583218286e+26,-3.001340926073008e+26,-8.891518130044406e+26,-2.8009317910932625e+27,-3.757922686428624e+27,-1.4793459503498028e+27,-6.111138469430458e+26,3.647914319330666e+27,1.0918449942983726e+27,1.6750962196169583e+26,-1.385415161207464e+26,-2.942612986792763e+26,-7.267614335463498e+26
-1.1414670115127651e+26,1.5473327452302e+27,-2.8422398721408982e+26,2.0805016780698243e+26,-2.1302534959967194e+26,8.595279573594703e+26,2.016759059862406e+26,2.331313157698113e+26,7.465029135502026e+26,3.658155857294716e+26,9.53316276067238e+26,-3.869266499153269e+26,-7.295035610429584e+26,8.133247504151794e+26,9.562618655437838e+26,6.655325503069166e+26,-5.333953331421347e+26,4.909740360086457e+26,4.3542759466368385e+26,2.8216250127689643e+26,-1.0326214943236547e+27,-2.8486314208830113e+26,-3.653143592670127e+26,-6.856897915346568e+26,-1.425518281901714e+27,-6.527007088761087e+26,-2.1359045715923614e+27,1.3910683440439883e+27,1.1578856006547051e+27,6.402757416664662e+26,-3.347751094760161e+26,6.09667870429729e+26,5.910960576841224e+26,3.3697787350530936e+26,2.0039259021051752e+27,1.4445396263577426e+27,-1.1416010378923149e+27,-1.9264453456462076e+27,1.3908128087890982e+27,1.604273983772419e+27,2.3739993015331666e+27,1.373177640738993e+27,9.069046879796947e+26,1.0054016671507125e+27,1.6049292653365515e+27,1.9133102027754824e+27,1.2408039751989936e+27,1.9671443039408114e+27,1.0847692011066317e+27,-9.032865414587518e+26,9.52884391408791e+26,-3.196469245793911e+26,1.9816387444860967e+27,2.5024329870886866e+27,1.9439247009279155e+27,-5.459272789611685e+26,1.360807763528817e+27,1.4191512138902863e+27,-8.459227256599392e+26,-1.1465490769878211e+27,-6.523940837028573e+26,-6.165913409262585e+26,-6.841728405513358e+26,-2.3298733549670322e+27,-7.87019720014249e+26,-3.206275339160295e+27,2.3238570619231654e+26,3.2911253956727795e+27,1.5970688244283494e+27,-1.0462959531051922e+27,-4.454469147274507e+26,1.240022568760049e+27,2.6710442942784845e+26,1.0771559055110611e+27,2.6365388228061333e+27,2.920191217481618e+26,-2.0910446725523993e+27,3.554310558793898e+27,2.786657256149979e+27,-3.210830664166388e+27,2.1870894139842818e+27,2.48310703336786e+27,1.1025378180155038e+27,4.840629263707458e+27,1.9652358659523765e+27,4.863151096111429e+27,3.0529667627327086e+27,6.177958403324397e+27,-5.3819066630368765e+26,7.849659060700036e+27,-1.0348169632267058e+27,-5.393578669694454e+26,-9.187101554942399e+26,-9.953802724521392e+26,2.882874231172479e+27,-1.429017939706313e+27,-2.625978054701809e+27,-1.7580923916181528e+27,-1.7958524089826668e+27,-1.5171718966067426e+27,-6.587340926645981e+26,3.830307854413593e+26,6.26795859276766e+26,-1.0563843361755331e+27,9.844002958068375e+26,-1.3352363946241143e+27,-9.222086241190915e+25,-1.36903546088919e+27,-2.7101491034560027e+27,-4.767600902886683e+27,-5.61945072358328e+27,-3.086360999045435e+27,-1.9286427038419107e+27,-1.546898378120002e+27,-1.64910585637358e+27,-1.9510203481687603e+27
3.3364971160902814e+26,4.165048288364631e+27,4.4080495724329675e+26,9.694655674940611e+26,4.79201505281536e+26,2.693243025316613e+27,1.4131388450202052e+27,1.0104613349059586e+27,8.60525136238688e+26,1.1755417448643604e+27,2.9842834642148207e+27,1.0151851929888016e+27,3.425712950833622e+26,-5.377656137256505e+24,1.2261724680365296e+27,2.4583411092417045e+25,-1.2349266157330289e+27,-2.6957619878060576e+26,4.575140878362785e+24,-5.3202355934060285e+26,-2.482626370434324e+27,-1.3833100660322966e+27,-1.6384709956378836e+27,-2.4262080787219034e+27,-3.982487131396718e+27,-2.2239275756412517e+27,-5.808901575353415e+27,5.225480116308474e+27,1.759416900670589e+27,1.1937023384009426e+27,-8.828220115525601e+26,2.6775902661948086e+27,2.565841530438211e+27,1.6149804097057664e+27,6.304516753730898e+27,4.197219631901044e+27,-7.247359356713447e+26,-4.383305213744903e+27,2.7965744916947263e+27,1.2435581852225223e+27,9.06520552554379e+26,9.126110770435631e+26,7.921831142184257e+26,7.21122181431878e+26,1.7038615620989938e+27,2.0005744265731775e+27,1.238243090282274e+27,1.1643060270388561e+27,9.663122253038374e+26,-1.1121103735093045e+27,1.7244794928878135e+27,5.4586148904117054e+26,8.015481141484114e+26,1.3085006276773548e+27,7.155963922034959e+26,-1.4118686053314857e+25,4.1913285866251394e+26,4.892920298871879e+26,-2.6028266562025036e+26,-2.04308462926945e+27,-9.910206633713132e+26,-9.235673756748277e+26,-1.1674840758993168e+27,-3.4315931120914604e+27,-1.6550720898077105e+27,-4.0891899674475004e+27,-2.749566971127588e+27,2.2630533705868388e+27,1.0204151992745202e+27,-9.431522613565751e+26,-1.7478796515281434e+27,1.6936357341626998e+27,8.945383036208851e+26,4.5918320094928875e+27,4.2835430550588366e+27,8.752848235032082e+26,-3.577253822530714e+27,2.786657256149979e+27,8.446128218218339e+27,-5.892260182178987e+27,6.63229784505812e+27,4.762012006200562e+27,3.831570012589881e+27,5.46654556924026e+27,4.3215742408359515e+27,4.418243989112809e+27,7.424805608803578e+27,6.942057366497256e+27,-1.2700422228011002e+27,9.940105246513393e+27,-2.7666701533429957e+27,-1.6150528903626378e+27,-2.1126253132207784e+27,-9.688692728359934e+26,5.523926557611953e+27,4.380677611356822e+27,-6.911367350065749e+27,2.260812885821835e+27,-4.330372351690676e+27,3.2119947819072276e+26,-1.2792882668207228e+27,-4.686743570220097e+26,7.741483679510557e+26,3.794988869846801e+26,2.732693027012162e+26,8.072028090513107e+26,3.0942391110494688e+26,1.6646095325298086e+27,1.401778824812841e+25,-4.952076846870597e+27,-9.026128030685528e+27,-4.7457448247146064e+27,-2.8229841796344653e+27,-1.4813760628840048e+27,-5.8134148204643065e+26,-1.3576211496505525e+26
8.58746582452927e+26,-6.525032859900076e+26,3.2013903769085614e+26,-1.093543514076365e+26,6.871147594796531e+25,-1.923654400430667e+27,-2.8822371521151454e+26,-3.425687765767426e+26,-1.043383677894369e+27,-6.0752223003377225e+26,-1.0488011089933666e+27,1.364655752844851e+27,1.5955167566315326e+27,-1.1816397626768284e+27,-1.5391856718523101e+27,-9.149453089882385e+26,9.734010951976123e+26,-7.221905360384654e+26,-5.517065275735247e+26,-4.312611589142781e+26,2.557003303622422e+27,1.0238734434073015e+27,1.0810138469884823e+27,1.7758689070131375e+27,3.756425417152168e+27,2.1324735719680003e+27,4.968710621747182e+27,-3.315862498769589e+27,-2.0655040255246458e+27,-1.1332014566810241e+27,7.165442135124779e+26,-1.5932528474723734e+27,-1.528525715825947e+27,-8.385020597408869e+26,-3.8756073406315114e+27,-1.4464870357370755e+27,2.7741186023444675e+27,4.7168579744840924e+27,-2.453466644352526e+27,-5.140129143419492e+26,1.5427044146299297e+27,-6.994451149999963e+26,1.4665968329352747e+26,-6.652357209137287e+26,-2.0553307312244811e+27,-1.37312543056428e+27,-1.1965131471490299e+27,-9.94058555980599e+26,-9.865126782361745e+26,-1.5955530768164885e+26,1.3100281031628718e+27,2.2671311440382277e+27,-4.432111977032714e+26,-1.5158885620033887e+27,-2.7291820104281798e+26,-8.391876108926279e+26,-2.3387277434769852e+26,-6.0171241177936697e+26,2.6081435684126085e+26,3.53542097599111e+27,1.9008975127328882e+27,1.7762755561290615e+27,1.6517711514383737e+27,4.650264668431577e+27,2.4447411814419117e+27,4.732294869352776e+27,4.280573580879844e+27,-2.5313344916083525e+27,-1.4535461044133895e+27,1.2802602275987026e+27,2.2977143003333238e+27,-2.4402771066333732e+27,-1.6082096334007358e+27,-6.63204786709054e+27,-1.9578993021508017e+27,2.906709088067343e+27,5.393093205027085e+27,-3.210830664166388e+27,-5.892260182178987e+27,8.032737398716775e+27,-4.191946841647881e+27,-6.555510125593905e+27,-1.4543860879694118e+27,-3.2440297163448337e+27,-3.521279259235132e+27,-4.4816601374973006e+27,-5.443566489217502e+27,-7.172008567691336e+27,1.915378310888343e+27,-6.292471024362578e+27,2.3365881771898806e+27,1.4508417561061466e+27,1.877577166586919e+27,9.27675827941314e+26,-3.194307254756198e+27,-7.108841496222168e+27,4.8105566375842193e+27,-4.251349528878386e+27,3.663040932486925e+27,-6.597005846367162e+26,1.2937452894179713e+27,1.7436335706387297e+26,-9.86426522157937e+26,-1.460127949814442e+25,-6.485109976551546e+26,-2.824138290149809e+26,-6.401467482984144e+25,-2.4686290119534445e+27,-1.6847912816635715e+27,1.047345264470373e+27,7.868913042369189e+27,4.70111639284641e+27,2.991499192190144e+27,1.7786713079394376e+27,8.394674586851668e+26,-2.0638104169919165e+25
9.036304800032845e+26,4.798525829820038e+27,7.812076797179487e+26,1.10183223115031e+27,6.982043878154646e+26,2.1717994049212948e+27,1.4764896935153995e+27,9.491563673706302e+26,3.0769602811183423e+26,1.0002795222658545e+27,3.0560311212043546e+27,1.4713323585573594e+27,8.12223031620503e+26,-5.4183110288812715e+26,3.269681782933614e+26,-4.8781337255527186e+26,-5.886968362995176e+26,-6.946641121660551e+26,-4.5264576971872764e+26,-7.641294664168476e+26,-1.3549690658031675e+27,-8.998330156314398e+26,-1.1137714514491323e+27,-1.7066142084312877e+27,-2.8822519791694405e+27,-1.448780369513201e+27,-4.451886275127313e+27,4.6104449114062023e+27,6.749074439096454e+26,4.556555448753e+26,-4.909198523715015e+26,2.2551615949538082e+27,2.2064642689831936e+27,1.503968051024185e+27,5.637162726884691e+27,4.1955577228663946e+27,2.899538410661247e+26,-2.585461292062197e+27,1.703690959775615e+27,9.361661285959002e+26,1.1937139330076763e+27,5.577937326961491e+26,7.732294090483067e+26,4.951776204987569e+26,1.3073465528066787e+27,1.8923069748062496e+27,1.146178913231186e+27,1.0224438264289269e+27,8.909012096317082e+26,-1.1727691998592626e+27,2.1159299841325972e+27,1.0998776965358236e+27,6.784034280066555e+26,9.900338942587317e+26,5.851220760253091e+26,-1.310840087131562e+26,2.820934462373069e+26,3.269196028835919e+26,-1.6519423795891853e+26,-1.0377411686652015e+27,-6.256513948099093e+26,-5.76333268783508e+26,-8.027786365222147e+26,-2.4785272652878736e+27,-1.1129965124844241e+27,-3.2204885982437235e+27,-1.643377073969952e+27,1.752849351971647e+27,7.445637755511199e+26,-7.039406705029445e+26,-1.3217751520570092e+27,1.2859746150292465e+27,5.530016616146551e+26,2.917177808996339e+27,4.063628787980865e+27,1.6568509014696028e+27,-2.0933418595377256e+27,2.1870894139842818e+27,6.63229784505812e+27,-4.191946841647881e+27,5.742734721257605e+27,3.249981161161814e+27,3.6188238243553393e+27,4.86413293228004e+27,3.044789825943056e+27,3.535870583840163e+27,5.830020678158423e+27,5.407533008256664e+27,-8.380865636482765e+25,8.839150151695759e+27,-2.346220125878531e+27,-1.1907511870988315e+27,-1.7227928588481427e+27,-7.947256176300777e+26,6.676461177436265e+27,1.210854587923932e+27,-6.816922310507802e+27,4.160059694420084e+26,-3.9409026255678334e+27,-2.2221584473431834e+26,-1.3552068544078668e+27,-2.9549564276476404e+26,1.3265570931865545e+27,-5.419042451065736e+25,1.3118137359876818e+27,-3.2038792022619946e+26,6.733634078477157e+26,5.5425922405239736e+26,-2.8136329617525673e+27,-7.073974324735234e+27,-8.008131140894451e+27,-4.2564658337559796e+27,-2.605793365563829e+27,-1.831838654680116e+27,-1.6333528232197023e+27,-1.8094945213531503e+27
-1.1712942818302981e+27,-1.9412971156639456e+26,-5.186956444639848e+26,-2.2530387483499205e+26,-1.6905929465321644e+26,1.6368181422735555e+27,1.0579967173579455e+26,2.5576122880647206e+26,9.152200658626455e+26,5.2614721878389834e+26,4.5586948289208646e+26,-1.5322406054345106e+27,-1.588167638731751e+27,1.033087595993051e+27,1.344681214265861e+27,7.708095567306502e+26,-8.440374628856804e+26,5.8994412027420505e+26,4.8248735789731874e+26,3.620553120138183e+26,-2.1458038940928162e+27,-7.639922393357191e+26,-8.417403014166701e+26,-1.4408981957531153e+27,-2.8918696542137537e+27,-1.6005779355636816e+27,-3.94124727108473e+27,2.5401582901713563e+27,1.779316906291412e+27,1.0258857225583935e+27,-6.647902494473243e+26,1.2914035732800572e+27,1.2794634326035937e+27,6.036071830802638e+26,2.8406287947605335e+27,6.937356097402865e+26,-2.5899746244028496e+27,-3.958321198935758e+27,2.1336102120216896e+27,2.1462713670248448e+26,-1.4109520087734737e+27,5.731535961512279e+26,-4.69107953796972e+26,6.1719746792263034e+26,1.843190907351271e+27,6.46530863977707e+26,6.984230870026157e+26,5.401634820956603e+26,5.7606220827106584e+26,4.785436469153937e+26,-1.756642350576208e+27,-2.2602766659636713e+27,1.712787542495722e+26,1.1131496064065738e+27,8.77476310619886e+25,5.120364278960632e+26,1.4329973415671428e+26,4.096105984181414e+26,-3.064384830296045e+26,-2.9076148062966707e+27,-1.4334934658529428e+27,-1.3339776076275774e+27,-1.2312421447686283e+27,-3.6447983110325345e+27,-1.838370667827614e+27,-3.8189334395790586e+27,-3.290179939196768e+27,1.9119776950737289e+27,1.0742170951056795e+27,-9.666622711436836e+26,-1.6911842806966295e+27,2.0627825150904416e+27,1.5245540316579584e+27,5.634893789998958e+27,1.0596481945425787e+27,-2.8990007733132454e+27,-4.5330070533662547e+27,2.48310703336786e+27,4.762012006200562e+27,-6.555510125593905e+27,3.249981161161814e+27,5.695314709899196e+27,8.8109514740327e+26,2.0724272772165497e+27,2.933786833146196e+27,3.475609615180075e+27,4.3510782406366305e+27,5.810351106798672e+27,-1.8520923928865856e+27,4.5162035091310705e+27,-1.91664423858081e+27,-1.0104750912788731e+27,-1.5776712835608844e+27,-8.371247657354393e+26,1.9693673669202742e+27,5.983029941196172e+27,-3.583128552126265e+27,3.3412220496460843e+27,-2.913576995357597e+27,2.867217491984571e+26,-1.0518056638062867e+27,6.209214035443873e+24,6.828120138695515e+26,-1.643683020113366e+26,3.6546283711911336e+26,1.8872258734177525e+26,-2.126793503865916e+26,1.9919956649765193e+27,1.7850370051457523e+27,-5.4249089184226337e+26,-6.333129375904332e+27,-3.820447763187813e+27,-2.4623087541177813e+27,-1.4924409336386994e+27,-6.653418960768093e+26,1.5765366960212922e+26
-3.448331651508149e+25,2.6829573612875035e+27,1.33879135027093e+26,-4.4861043493299145e+26,4.279244392654965e+26,6.939680213041886e+26,3.5578163006803393e+27,2.847590651994929e+27,1.8519338438627888e+27,2.490785076196866e+27,1.8362818881911459e+27,4.956222074166582e+27,3.68662154287153e+27,-5.018563091177564e+26,1.4904152100573297e+27,3.115805953536459e+26,4.992513267205012e+26,8.75718273989725e+25,3.5276387040516595e+26,-5.9913006899182075e+26,9.720100722109527e+26,-4.7234057344955934e+26,-7.139530500978984e+26,-1.1016008606475979e+27,-1.5647411145003814e+27,-4.7652571074205784e+26,-2.9365058137037455e+27,2.8958678970738873e+27,1.9468790790599278e+27,1.199922901465857e+27,-8.191103089736468e+26,1.527181894508959e+27,1.3538972381873867e+27,3.0940627922606314e+26,2.2242703371923196e+27,4.282750994669953e+27,4.427097832717748e+27,1.5839897733007823e+27,2.8068943357133926e+27,-1.2572110742701395e+27,-2.0357550123422687e+27,-7.52186462729395e+26,-1.0618785080699122e+27,-3.1468782161454845e+26,-5.4351309166655706e+23,1.5772792774646933e+27,7.389844469150511e+26,7.058526299850199e+26,5.1641299125114124e+26,6.843377373323685e+26,4.4957037133607804e+27,3.732358345203691e+27,7.570801441812059e+26,7.958449839998236e+26,9.21134255298916e+26,-5.2570280908339566e+26,7.212009733496321e+26,4.9361058611433495e+26,-3.857534382079132e+26,1.403585918697387e+27,4.391655836845226e+25,-5.300583763120534e+25,-4.119636673292753e+26,-1.1696148822083188e+27,-6.552223613879977e+25,-2.4455313929493873e+27,4.330305302509767e+26,1.6566555075088218e+27,6.727758422850766e+26,-5.798723300758956e+26,-6.050293419027853e+26,3.118396441107617e+26,-1.062249578437712e+26,3.147389257675987e+26,2.4032173914206933e+27,4.916590044219243e+27,1.7711675588475697e+27,1.1025378180155038e+27,3.831570012589881e+27,-1.4543860879694118e+27,3.6188238243553393e+27,8.8109514740327e+26,7.424460525149409e+27,4.079192338909353e+27,4.718268651092796e+27,2.040833140846175e+27,7.116787336429086e+27,3.051948574919059e+27,8.519719286243797e+27,9.181511914653627e+27,-2.066111777806303e+27,-8.423612794409955e+26,-1.3811537925446816e+27,-8.938153794902313e+26,4.588155194188096e+27,-2.8794381335901983e+27,-4.7865595130067756e+27,-2.593797748094936e+27,-3.4560427851521803e+27,-1.2784161532680272e+27,-1.5014701695234798e+27,-6.014293617252869e+25,1.6676340532403108e+27,-6.090804252617532e+26,1.9444834718208532e+27,-1.3220190934702074e+27,-6.484319501065283e+26,-1.2326971744893402e+27,-4.367180755335657e+27,-7.646781848530939e+27,-6.412033122991415e+27,-3.6786666564529865e+27,-2.345977188371378e+27,-2.058215419417803e+27,-2.39842242519712e+27,-3.0068788280030407e+27
9.266345498887926e+26,5.20230717739535e+27,2.8025318688646398e+26,1.153953422802692e+27,1.474665007714313e+26,1.7866334785159975e+27,1.6250712432736123e+27,1.1204417156121194e+27,1.2019224706308156e+27,1.1891482105436649e+27,3.6999277690044836e+27,1.8874657214785976e+27,5.7252128875893404e+26,5.472022227298906e+26,1.2432781682870206e+27,4.930593450006136e+26,-7.069403824963443e+26,4.324184609596954e+25,3.245827808760345e+26,-4.215136728542554e+26,-1.3633653854677276e+27,-5.538036378017923e+26,-7.34040838081734e+26,-1.2597870435552565e+27,-2.4292224658318313e+27,-1.0261639989285588e+27,-4.010532010263537e+27,3.5074117567133565e+27,1.4655548418193767e+27,9.793011660045052e+26,-6.588129224625987e+26,1.506775732342176e+27,1.4963134173208172e+27,8.91939421594105e+26,4.451008407709508e+27,5.329355868170035e+27,8.94460953858652e+25,-2.470911043598013e+27,2.413996397295794e+27,2.7101695760671006e+27,5.116371751711826e+27,1.9562694581550834e+27,2.256036990902431e+27,1.212071941778421e+27,1.577016581887749e+27,4.046203151140805e+27,2.0601392931702275e+27,3.162605723953463e+27,1.659784163114758e+27,-2.814672091869479e+27,5.273789963144843e+27,2.4373783397061174e+27,3.397084370490615e+27,3.5118354171912215e+27,3.424575826867692e+27,-1.662349412461225e+27,2.1211636166855534e+27,1.9298392637004278e+27,-1.2135139647320495e+27,-8.366084180829569e+26,-6.849935460600598e+26,-5.184842772370929e+26,-7.196847697391903e+26,-3.1230899076083403e+27,-1.0883679012269814e+27,-4.774857768058278e+27,1.339331161463471e+27,4.8098543400159907e+27,1.964948889442369e+27,-1.2553033068115477e+27,-4.401918099950915e+26,1.0294666234244997e+27,-2.0318657698868026e+26,7.086455103253037e+25,6.827147995324413e+27,4.435416427391469e+27,-2.0887577792977038e+27,4.840629263707458e+27,5.46654556924026e+27,-3.2440297163448337e+27,4.86413293228004e+27,2.0724272772165497e+27,4.079192338909353e+27,1.015490286759648e+28,3.669372649152236e+27,7.353923005160348e+27,6.084377635132029e+27,9.282812608656924e+27,5.587000309039415e+26,1.6540609231689479e+28,-2.2379960246461924e+27,-6.901859730892935e+26,-1.7146545128314916e+27,-1.4332972625729994e+27,7.897072032604543e+27,-5.49400827033788e+27,-6.738350234372855e+27,-4.819410419480069e+27,-4.0173311322413096e+27,-2.85274515308483e+27,-1.5772826351815644e+27,5.214309139448672e+26,1.8088821948122165e+27,-1.7580786908105687e+27,2.6160584791377e+27,-2.8038533379945823e+27,2.22360069394792e+26,-2.7914451350335836e+27,-7.876733077846215e+27,-1.3347153471525827e+28,-1.0907265425669758e+28,-5.70743064266009e+27,-3.521649006786481e+27,-3.1682249977255216e+27,-3.8515848859584667e+27,-4.928028072263908e+27
-1.4349289103619763e+27,-5.591184762632743e+26,-8.704227897432082e+26,-7.174919386341602e+26,-4.155896597290261e+26,1.2771680056645523e+27,1.9393696205879444e+27,1.9225012756534397e+27,2.644226746227331e+27,2.0084429055681447e+27,8.462020884276429e+26,1.7453325857779062e+27,1.1126852482882508e+27,1.238139507747618e+27,2.9848950134387807e+27,1.6562503110131088e+27,-2.2732808601216573e+26,1.370332133308716e+27,1.4267248309557442e+27,5.0193192152149365e+26,-2.7675004792572997e+26,-4.5289928010543885e+26,-6.993898193322672e+26,-1.3674779753901278e+27,-1.848651048338772e+27,-7.148230565450603e+26,-3.2124245732784696e+27,1.6778639441475697e+27,3.665961095149523e+27,2.267402070573131e+27,-1.3269888866422794e+27,1.1843508604057776e+27,1.176596033974193e+27,-1.0355516104321736e+26,8.202838046534857e+26,2.2633790071824885e+27,1.1437389731081058e+27,-5.235208774557125e+26,4.087637110210833e+27,-5.814819321786256e+26,-2.929380592451162e+27,2.2762020790053135e+26,-6.805409700030948e+26,3.5453099317361256e+26,9.016579929257303e+26,1.5668138347968743e+27,9.628117982937087e+26,9.903953180838957e+26,7.432717481183981e+26,4.444108254640321e+26,1.770852589163158e+27,1.0515993461167538e+27,8.442044748362608e+26,1.1487423059156279e+27,8.585007563482149e+26,6.513804248080015e+25,6.805261899324506e+26,6.324458622198964e+26,-3.337071861246494e+26,-8.074580765875365e+25,-2.134240072146731e+26,-4.1896023280888506e+26,-7.601121406321309e+26,-1.7500065438809382e+27,-3.0350248078965978e+26,-2.7952929261353675e+27,-9.998861123336794e+26,1.9242083248341672e+27,9.506753376695137e+26,-8.12010563578507e+26,-1.0339899892750115e+27,9.502637869403159e+26,3.511465311217716e+26,2.430600316742482e+27,1.9654252671947676e+27,1.410828146780598e+27,-3.0159382666330086e+26,1.9652358659523765e+27,4.3215742408359515e+27,-3.521279259235132e+27,3.044789825943056e+27,2.933786833146196e+27,4.718268651092796e+27,3.669372649152236e+27,5.61381091004975e+27,3.028847316052619e+27,7.34424027958482e+27,4.5975916602810774e+27,4.9053478617394013e+27,7.294293658737018e+27,-2.1416430492300643e+27,-1.2249733934136622e+27,-1.751411031345688e+27,-9.544664188909529e+26,-1.0296428226028932e+26,1.724316202693782e+27,-2.2078857806411362e+27,1.3703663211795308e+26,-2.9215817178670896e+27,-4.130156437748894e+26,-1.3035580884345377e+27,-2.396615965484785e+26,6.006562174595454e+26,-1.2643568595389079e+26,1.3603749776833971e+26,1.7619553856292045e+26,-2.2811695226839652e+27,7.445836836037734e+25,9.647059775923767e+26,-2.334976997125438e+27,-5.786461552744776e+27,-3.395267392125793e+27,-2.2082046216459004e+27,-1.3954253325886234e+27,-6.606287939470275e+26,-9.202351395353347e+25
-8.573211547824057e+25,2.630047301226243e+27,-3.191554544882391e+26,3.879533207505328e+26,-2.195521273346971e+26,1.405717100493989e+27,5.5000510113015906e+26,5.0423091127563796e+26,1.104573011261435e+27,6.851920955576254e+26,1.7673146979381223e+27,-1.5410923462395199e+26,-7.821243799993834e+26,1.0391886932696766e+27,1.3438599607578337e+27,8.41797142009227e+26,-7.999941494404826e+26,5.2880502458228806e+26,5.3995079646348116e+26,1.809853462865045e+26,-1.6105123358098436e+27,-4.943158637143231e+26,-6.123621219086643e+26,-1.0933388497382202e+27,-2.2588420636118576e+27,-1.0556519288315857e+27,-3.4203134614165186e+27,2.435073648674787e+27,1.6138432735833298e+27,9.415408356103194e+26,-5.371689044857945e+26,1.0682150829259587e+27,1.0410917011247064e+27,5.793428018009129e+26,3.2480331717621414e+27,2.6384726355318276e+27,-1.409903614889233e+27,-2.957261888159129e+27,2.1204532301140582e+27,2.225133476584913e+27,3.5534283191312314e+27,1.8942980275421526e+27,1.340382581368608e+27,1.3699949099819632e+27,2.1483539067956726e+27,2.819415975482908e+27,1.7045567342530756e+27,2.7002427143575833e+27,1.4537262664785912e+27,-1.4883427334167367e+27,1.980309682190117e+27,4.849989599764307e+25,2.7948868404125947e+27,3.409959462609111e+27,2.791412555178572e+27,-1.045809857244482e+27,1.903633930091674e+27,1.8989179206357434e+27,-1.2204804965973958e+27,-1.65837326385873e+27,-9.771446352110159e+26,-8.553467972511651e+26,-9.324373947296053e+26,-3.426756400757777e+27,-1.2584690027424063e+27,-4.6892191291804427e+27,3.304379633975933e+26,4.58503203415616e+27,2.1042095231678263e+27,-1.3789293462522115e+27,-6.232301873211413e+26,1.6248685276368155e+27,3.8373567568896154e+26,1.5876642618095333e+27,4.2416977442418805e+27,1.094870200648605e+27,-3.1032775397478937e+27,4.863151096111429e+27,4.418243989112809e+27,-4.4816601374973006e+27,3.535870583840163e+27,3.475609615180075e+27,2.040833140846175e+27,7.353923005160348e+27,3.028847316052619e+27,6.870336637015812e+27,4.7487199347487966e+27,8.872400663489895e+27,-6.740164324027087e+26,1.2184244613594356e+28,-1.7111512978402208e+27,-6.994133044093098e+26,-1.4366480690416253e+27,-1.3971167714491024e+27,4.962153558886674e+27,-2.2592624740915283e+27,-4.560295967168677e+27,-2.6795761381527977e+27,-2.9897684585794014e+27,-2.2443645056789386e+27,-1.1142590430832965e+27,5.58498937342937e+26,1.125025789974404e+27,-1.542582312596242e+27,1.6690449614677357e+27,-2.0502255102023902e+27,-1.8410859779945458e+25,-1.8500637377127525e+27,-4.5099472683215555e+27,-8.116595465583595e+27,-8.810066594523093e+27,-4.792473539550046e+27,-2.9862864904681906e+27,-2.4613441643229204e+27,-2.684652367321575e+27,-3.1775485009121857e+27
-9.676110809035993e+26,1.8716125794918125e+27,-4.846172784676435e+26,-2.8502719142639677e+26,-6.870444364004621e+25,2.127921221763047e+27,2.8803108623126617e+27,2.5784678620185725e+27,2.921899307474708e+27,2.620168087793141e+27,2.1969907618085955e+27,3.036248223685346e+27,2.0557174257662555e+27,8.951982131275988e+26,3.2446346964839004e+27,1.4766474242796438e+27,-1.3921752670105907e+26,1.1591447659754373e+27,1.2834064712192525e+27,1.8314089916622657e+26,-3.328437229797649e+26,-8.701627349160721e+26,-1.257212516370707e+27,-2.2620419901310152e+27,-3.274648529561882e+27,-1.3297523010158477e+27,-5.494090638737647e+27,3.9611398454377687e+27,4.1980403813771495e+27,2.579593303606708e+27,-1.6478823969873667e+27,2.3190883612148738e+27,2.1958249680418684e+27,5.657796394371066e+26,3.4376884444608216e+27,4.342083309707271e+27,2.2289464169171884e+27,-8.54187815554016e+26,4.993404248685006e+27,-2.9748532137177314e+26,-2.7053485554712684e+27,3.622498934292889e+26,-4.715012195724506e+26,5.1445532021345734e+26,1.4585158410441222e+27,2.533884846694691e+27,1.557472682429979e+27,1.5267047450500138e+27,1.210780656221066e+27,1.0059610305515385e+26,3.201180459307494e+27,2.08560801158018e+27,1.2175565654476166e+27,1.6974629977360172e+27,1.2131611741224319e+27,-1.7589970157454928e+25,9.210192102298322e+26,8.663553534543963e+26,-4.7256823525926154e+26,-5.98400866789665e+25,-4.4340823210220194e+26,-6.735861122905875e+26,-1.1983847493408198e+27,-2.9572377785295386e+27,-7.248656309179553e+26,-4.5612276160441246e+27,-1.538578773888983e+27,2.9425725432370986e+27,1.4282044245132025e+27,-1.2576070450932946e+27,-1.6977375961259525e+27,1.5753836999367852e+27,5.508016341810879e+26,3.5742788311244064e+27,3.7796301107052527e+27,2.862614766341189e+27,-5.425333208492657e+26,3.0529667627327086e+27,7.424805608803578e+27,-5.443566489217502e+27,5.830020678158423e+27,4.3510782406366305e+27,7.116787336429086e+27,6.084377635132029e+27,7.34424027958482e+27,4.7487199347487966e+27,1.0607312475057667e+28,7.169387490204723e+27,6.661039837391307e+27,1.2166884953947923e+28,-3.478584430160005e+27,-1.906877415991318e+27,-2.727322001780822e+27,-1.4652205081050436e+27,3.3895500774075214e+27,1.5551279478001098e+27,-5.700423864635166e+27,-2.4294721998250916e+26,-5.129439314555859e+27,-7.611189486965513e+26,-2.143478681405853e+27,-3.7389580086900803e+26,1.4711241768559008e+27,-2.8176417304790867e+26,1.0697262854448658e+27,-2.5047103105617014e+26,-2.0646281164973485e+27,-1.882128380504765e+25,-1.0324961054760021e+27,-6.3894672994141e+27,-1.002892532519215e+28,-5.790023746166028e+27,-3.715276517610062e+27,-2.537137688459222e+27,-1.795174288344128e+27,-1.4259328573972857e+27
-4.826282444808877e+26,3.2114113346069825e+27,-5.00927679906424e+26,3.827254869109572e+26,-2.548900638587675e+26,2.2584041015135647e+27,8.766316169129774e+26,8.124777974310557e+26,1.5816240280507108e+27,1.0974755827933569e+27,2.3769379963746504e+27,-2.533151328846551e+26,-1.063179239804063e+27,1.337077405003688e+27,1.9519655899067788e+27,1.0767690198051845e+27,-1.1652667148996634e+27,6.265675007662823e+26,6.967655646250656e+26,1.1508790473944873e+26,-2.5531795189139667e+27,-8.937676773595778e+26,-1.0631030640168627e+27,-1.8355790554854886e+27,-3.73465635273418e+27,-1.8294180357821097e+27,-5.548191899996888e+27,3.9937965991043117e+27,2.4015298846881797e+27,1.4584573411587916e+27,-9.124997322914197e+26,1.8241817570895896e+27,1.7736844036166924e+27,9.205386739183833e+26,4.906729797838171e+27,3.6052510041827354e+27,-2.0762232970100396e+27,-4.7052474118064646e+27,3.2293821640917404e+27,2.5466182486023713e+27,3.773933438700646e+27,2.295574381322849e+27,1.351689229494045e+27,1.7150211940538716e+27,2.949035850484337e+27,3.3554317851898623e+27,2.0422842233755822e+27,3.109341429752494e+27,1.7167900878826206e+27,-1.6014955328105387e+27,2.1354829835434573e+27,-2.109831480997897e+26,3.1666165905842695e+27,4.128737496730072e+27,3.190903260666162e+27,-1.2630132986971043e+27,2.1978134299611914e+27,2.213398059262726e+27,-1.5423340934499773e+27,-2.780586099213671e+27,-1.6474384943863546e+27,-1.4034748407771616e+27,-1.430686098232265e+27,-5.245128005805851e+27,-2.167268679116737e+27,-6.788331605333698e+27,-6.125313764516847e+26,5.797255278530375e+27,2.6419795539826085e+27,-1.816185925057806e+27,-1.2240465141684124e+27,2.4398840394547568e+27,9.684074421055957e+26,3.6848280164040756e+27,5.393769533510265e+27,9.211183558103824e+26,-5.032151353925536e+27,6.177958403324397e+27,6.942057366497256e+27,-7.172008567691336e+27,5.407533008256664e+27,5.810351106798672e+27,3.051948574919059e+27,9.282812608656924e+27,4.5975916602810774e+27,8.872400663489895e+27,7.169387490204723e+27,1.204299126964884e+28,-1.0488253579302333e+27,1.622752589181843e+28,-2.8139192251245825e+27,-1.0327623014407579e+27,-2.2851131337036935e+27,-1.8835457521956027e+27,7.021173762974445e+27,-9.539684429220121e+26,-7.082718068098582e+27,-2.2699344404933263e+27,-4.7768293840411795e+27,-2.6553626991758935e+27,-1.786738066107079e+27,7.012103839055316e+26,1.7199443332404456e+27,-1.9320782318607345e+27,2.2863390150262198e+27,-2.499524270779538e+27,-2.6861278347158647e+25,-1.4594072606075854e+27,-5.221239372371461e+27,-1.0709329459321528e+28,-1.2922892707389075e+28,-7.151361508005977e+27,-4.482931733017953e+27,-3.589453390698972e+27,-3.6586227133669503e+27,-4.010976515776775e+27
-1.160647007114084e+27,-1.055239926506838e+27,-7.595649865381238e+26,-1.9709107269898038e+27,-2.9385924687995937e+26,-1.6117422534106047e+27,3.4026407237320346e+27,3.228566573127994e+27,2.774826984941437e+27,2.666017527915807e+27,-1.2199725664768942e+27,6.830071242557779e+27,6.460004052743438e+27,-5.5560453197516026e+26,2.2988352276315674e+27,1.10821896903773e+27,4.41087672992815e+27,1.5706670714747752e+27,1.3757198971037144e+27,3.0081162307372886e+26,7.188928748760328e+27,5.775512955987785e+26,9.802415266466454e+25,-5.5584348131633885e+26,2.068382616077246e+26,1.5638029308953731e+27,-1.3048293762814576e+27,2.0167430441568423e+26,3.4572412114427466e+27,1.9596457783241097e+27,-1.5430428892157087e+27,5.0256618242963906e+26,-1.9134735764724415e+26,-1.3245724208844558e+27,-3.215085599553959e+27,1.0530607760407277e+27,1.1098799365142294e+28,1.0964554457684395e+28,2.7318241593927005e+27,-3.44416895747594e+27,-6.447269427935074e+27,-1.8948194744969314e+27,-2.728504708026442e+27,-9.543367395084109e+26,-1.1178865807468141e+27,4.0915460179660496e+26,1.8546253066733968e+26,8.20559287221726e+23,1.0607560978037129e+26,2.698724898450674e+27,4.6564533180497747e+27,5.885963034359129e+27,1.0950984069830472e+26,7.984683405777466e+25,4.263140358973102e+26,-4.132348606522417e+26,8.054127797087106e+26,3.9749808656955235e+26,-5.24110987596113e+26,6.386473277450046e+27,1.0717292533430457e+27,6.186361536836734e+26,-8.447081262244179e+25,5.5496928203166945e+26,1.659963597076539e+27,-1.8620205107979975e+27,3.2545697922101067e+27,9.917326657875221e+26,6.090805993476139e+26,-6.0222294976412245e+26,8.516040587260018e+25,-4.943188113171541e+26,-8.016570026752703e+26,-2.9650537564478264e+27,-1.4541531920573253e+27,7.648953765959199e+27,9.148461931764877e+27,-5.3819066630368765e+26,-1.2700422228011002e+27,1.915378310888343e+27,-8.380865636482765e+25,-1.8520923928865856e+27,8.519719286243797e+27,5.587000309039415e+26,4.9053478617394013e+27,-6.740164324027087e+26,6.661039837391307e+27,-1.0488253579302333e+27,2.2110389469236654e+28,7.133690344275887e+27,-2.8477382651025195e+27,-6.133398447712889e+26,-1.9685883233048817e+27,-1.2137714884975923e+27,1.911175080123501e+27,-9.357437845003791e+27,-2.3202341263680244e+27,-7.489829235996962e+27,-4.195388909761923e+27,-3.1583862314820756e+27,-2.77203049851712e+27,2.6505505550862456e+26,3.1476757331370906e+27,-1.8167781717648948e+27,3.9128085916831117e+27,-3.6895405046444635e+27,-3.054190048268132e+27,-4.1215878270895224e+27,-7.805719423345186e+27,-9.974301014529017e+27,-5.414858896606734e+27,-4.458381410101876e+27,-3.329619984898054e+27,-3.775848596675419e+27,-4.936607904460056e+27,-6.052528945209615e+27
9.258868519882196e+26,8.487650336932371e+27,3.0447648870924008e+26,1.3499537869689192e+27,2.93145604194962e+26,2.9201644045532855e+27,3.3980571034656553e+27,2.5178018448815337e+27,2.3138022618543293e+27,2.5151096016402555e+27,5.534187397409596e+27,5.589411859207344e+27,3.638226448179421e+27,6.6519809949522875e+25,2.455310828305183e+27,6.304776487329914e+26,1.8153300718214112e+26,2.240822767032502e+26,6.831103093961638e+26,-6.963103368897625e+26,-7.69368694126772e+25,-9.788038070925948e+26,-1.5226225770075234e+27,-2.8457001007334863e+27,-5.131334524431657e+27,-1.670494302952284e+27,-8.662312425524174e+27,6.930393589928572e+27,3.317517827420188e+27,2.2381340655866652e+27,-1.735403860302898e+27,3.229539988724717e+27,2.958282214481177e+27,1.4580542715356235e+27,7.469920369967761e+27,8.862951577640261e+27,4.307487217778031e+27,-1.1213374181768189e+27,4.629672741839832e+27,3.485236268330543e+27,7.379522861980044e+27,2.620875879312484e+27,2.6509100407872335e+27,1.689100431544705e+27,2.4592881615814785e+27,5.585773832782058e+27,2.647368543579833e+27,4.4446721740277307e+27,2.102608579544962e+27,-3.5046933769696906e+27,1.0017314657572426e+28,6.591768268113926e+27,5.217451808797957e+27,5.956261120139668e+27,5.773895473179633e+27,-4.0652289840788195e+27,4.1964169627097864e+27,3.445920987260617e+27,-3.176465449200694e+27,4.67043175457967e+26,-1.8528851774597073e+27,-1.375654708899529e+27,-1.6117912514297247e+27,-7.29933749585803e+27,-2.2895148471123935e+27,-1.1149750641281598e+28,3.2306058751299794e+27,9.191330951183506e+27,3.678535525425988e+27,-2.4238502992089996e+27,-6.799543684460648e+26,1.952616108355211e+27,2.2054152647731078e+26,8.372211479059716e+26,1.0139868534609828e+28,1.0651322309028926e+28,-1.4276507907104025e+27,7.849659060700036e+27,9.940105246513393e+27,-6.292471024362578e+27,8.839150151695759e+27,4.5162035091310705e+27,9.181511914653627e+27,1.6540609231689479e+28,7.294293658737018e+27,1.2184244613594356e+28,1.2166884953947923e+28,1.622752589181843e+28,7.133690344275887e+27,3.293729246619077e+28,-5.305407741339133e+27,-8.220237541623119e+26,-4.0989956621998857e+27,-3.363922468391964e+27,1.519298765173741e+28,-1.1828091482028958e+28,-1.3644150376897025e+28,-1.114138592454904e+28,-9.164046628986997e+27,-7.203091944653078e+27,-3.833555716767211e+27,1.7158638272085157e+27,4.2566896754006556e+27,-4.5824624438928395e+27,6.063249835247121e+27,-6.827985902471026e+27,-3.127331686689335e+26,-5.699701137475781e+27,-1.6685641987291724e+28,-2.8556131166859427e+28,-2.3727974096604975e+28,-1.339443910269364e+28,-8.556491689636887e+27,-7.813420478079302e+27,-9.267282255788653e+27,-1.1241081161962074e+28
1.2881559773279247e+26,-1.1588658730744514e+27,-3.25690586738522e+25,-2.0721541746885716e+26,-8.828785535631495e+25,-8.899165265298874e+26,-6.586708624411057e+26,-5.368592610036818e+26,-6.411538840482037e+26,-5.811529634475081e+26,-9.940596408545529e+26,-8.663785815283054e+26,-6.579230234015934e+26,-5.046362709849621e+25,-8.29389705198582e+26,-1.9518102681755892e+26,-7.66152321390556e+26,-2.1067776799822912e+26,-3.232262311600386e+26,8.260297109782166e+25,-5.224045378987072e+26,2.7181290353135474e+26,4.424712855840921e+26,1.1391874313518403e+27,1.8640289007731277e+27,5.770042563225293e+26,3.090681677529902e+27,-1.931813446496116e+27,-1.325625649401626e+27,-9.519279524381275e+26,9.194641245185774e+26,-1.0018987584282972e+27,-9.004010009206959e+26,-3.6664125912677025e+26,-1.5155278924529368e+27,-1.5723370220507522e+27,-1.1670883187995468e+27,-2.208980988071073e+26,-1.394646802672401e+27,-1.8072185286237185e+26,3.2527452209921e+26,-2.285855394308088e+26,-9.51836627513265e+25,-2.0521045310896507e+26,-5.806273546375737e+26,-7.972317194620271e+26,-4.7343082478486845e+26,-4.051624346883834e+26,-3.576341185413863e+26,2.420307049403258e+26,-1.0207140307825016e+27,-7.119548076397394e+26,-2.4241811331243353e+26,-4.504672401286431e+26,-2.0355895930985855e+26,5.1458749008865244e+20,-9.237088290737877e+25,-1.3934174821891346e+26,7.791847276509437e+25,6.739438832050743e+25,4.96729102014823e+26,4.033034252325011e+26,4.971588015787859e+26,1.676239125241383e+27,8.353864422035434e+26,2.2245889184143783e+27,7.852675920750174e+26,-9.253445030642726e+26,-4.251521124599155e+26,4.215582026033494e+26,7.565350294359597e+26,-6.700594577579951e+26,-3.653662786214361e+26,-1.718289319038533e+27,-1.5482682398948405e+27,-1.118443745374232e+27,4.6953726895080676e+26,-1.0348169632267058e+27,-2.7666701533429957e+27,2.3365881771898806e+27,-2.346220125878531e+27,-1.91664423858081e+27,-2.066111777806303e+27,-2.2379960246461924e+27,-2.1416430492300643e+27,-1.7111512978402208e+27,-3.478584430160005e+27,-2.8139192251245825e+27,-2.8477382651025195e+27,-5.305407741339133e+27,2.3694536413747043e+27,5.634772143567923e+26,1.776137798426893e+27,4.589360774009562e+26,-3.1777735482545803e+27,1.1191714064900092e+26,3.886557438427869e+27,5.708272492445791e+26,3.4760567430644097e+27,5.831788043496054e+26,1.7364471935505886e+27,4.709889575130189e+25,-1.594046597354361e+27,4.7626524610506584e+26,-1.6232402580855367e+27,1.0941801102900336e+27,6.582576293823511e+26,-5.402558976222124e+25,2.53100991967747e+27,5.792165482564761e+27,6.037666631483685e+27,3.7864209651586214e+27,2.546049231018912e+27,2.2706125741719183e+27,2.2765869099868372e+27,2.216664845210337e+27
1.7999452418348023e+25,-2.9475455553161062e+26,-3.5013378172001863e+25,-1.2359567273675175e+26,-3.6489047234229144e+25,-4.365869394951828e+26,-2.332388331872794e+26,-1.964910937805448e+26,-3.957371402399055e+26,-2.1533818427635616e+26,-3.437682369200883e+26,-1.1307790800460853e+26,-3.2898674682288168e+25,-3.850986089618731e+26,-5.9025653507655476e+26,-4.237586238602861e+26,9.338614391903016e+25,-4.6347234061002924e+26,-2.8057959611589055e+26,-3.6265946129229366e+26,1.8245624399545936e+26,3.388193783745768e+26,3.6032239363640527e+26,5.602727035550194e+26,9.08395176307001e+26,5.571169705077896e+26,1.1350364945308605e+27,-7.31984660432084e+26,-8.55873155372496e+26,-3.934722738334513e+26,2.1843588037032766e+26,-4.366075730094567e+26,-3.948321886400312e+26,-2.281940385760638e+26,-8.895785694937388e+26,-5.222179813826703e+26,2.962862530594066e+25,3.2169735982455345e+26,-7.777513817091475e+26,-2.7961172528077073e+25,1.1790426571846639e+27,-5.710234796404841e+25,2.389900505680755e+24,-8.041567603240187e+25,-3.127234007619704e+26,-5.46481601900267e+26,-4.2389904889355165e+26,-3.22906883415499e+26,-3.4284444493386873e+26,-4.36872986140058e+25,-1.4143137683587595e+26,2.7243437623689346e+25,-1.102637024528277e+26,-2.1622964466135995e+26,-1.9231718006242016e+25,-7.07969376030537e+26,-5.307325207599279e+25,-1.3419001961047351e+26,-1.982932467499483e+26,1.1446061258869137e+26,-8.362491045574428e+25,2.1057476947793602e+26,5.555888742325763e+26,3.4119200507072814e+26,6.878059263232104e+25,3.769142183971817e+26,1.1732085286596064e+27,-3.676139233569664e+26,-4.05731741071714e+26,4.60543262260656e+26,7.175603422162489e+26,-4.125189288119107e+26,-7.901497878253505e+25,-1.133359875165407e+27,-5.183940316451611e+26,1.9845651760802306e+26,-2.689355877784428e+25,-5.393578669694454e+26,-1.6150528903626378e+27,1.4508417561061466e+27,-1.1907511870988315e+27,-1.0104750912788731e+27,-8.423612794409955e+26,-6.901859730892935e+26,-1.2249733934136622e+27,-6.994133044093098e+26,-1.906877415991318e+27,-1.0327623014407579e+27,-6.133398447712889e+26,-8.220237541623119e+26,5.634772143567923e+26,1.0493788014223039e+27,4.257007120931045e+26,1.4123681771780105e+26,3.68317930740908e+26,-2.4979709113747247e+27,4.616240427204615e+26,-1.8020777304956535e+27,6.656459165255632e+26,-1.041339176452887e+27,2.1717545444172727e+26,5.965291046922192e+26,4.405954441930044e+25,-8.373201865313858e+26,5.1899261559834505e+26,-1.169584662890782e+27,3.13740278140238e+26,-8.068722410403162e+26,-2.1127444097757315e+27,-2.1186492899446276e+27,3.951416410061103e+26,2.1392435547716857e+26,6.110127678764347e+25,-4.196513235307728e+26,-9.528112761117665e+26,-1.3082324924161982e+27
1.3420731140482485e+26,-5.960329732684843e+26,-1.4033727262266123e+25,-2.2014130628478406e+26,-3.5255719291081986e+25,-7.547567699456635e+26,-3.774233925408479e+26,-3.056696723869967e+26,-5.431936395805481e+26,-3.6055603884159834e+26,-7.271772801791808e+26,-4.5886119585160835e+26,-3.0756720618256624e+26,-2.4394932180643107e+26,-8.4398540818706e+26,-3.290589242879588e+26,-5.9337461770637085e+26,-4.140255902935238e+26,-4.037731818066664e+26,-4.393380514140324e+26,-8.089118976731714e+26,-3.0326037393005547e+26,1.3073521303949708e+25,8.150757901159794e+26,9.156980070074972e+26,-2.0843691364248487e+26,1.9753884703417235e+27,-8.453080508937663e+26,-1.332915236065369e+27,-8.830390959344652e+26,7.466740259014021e+26,-6.41639245573242e+26,-6.857672874968768e+26,-2.813839420016062e+26,-8.02059039448261e+26,-1.0957022407855877e+27,-6.98984667620533e+26,-7.611235471393443e+26,-1.2066519057844005e+27,-2.2325686066834177e+26,4.607664847863483e+26,-2.17204628569444e+26,-1.4194577595355598e+26,-1.6077936718930066e+26,-4.845975709099698e+26,-6.62378758134188e+26,-4.171044440450781e+26,-3.7687163093340066e+26,-3.228677115049514e+26,1.9452859866941752e+26,-6.635385895602202e+26,-3.997724040791775e+26,-2.5287311341772613e+26,-4.592946448865446e+26,-2.3298320718501956e+26,-7.547306092394236e+24,-1.7574820828702724e+26,-1.9515531691309028e+26,1.7606498483866857e+26,-3.6684322481095214e+26,3.105050795196859e+26,3.266246356026297e+26,4.188571464834413e+26,1.322401131305549e+27,2.630075070733918e+26,2.0594783007289856e+27,3.86935292805208e+26,-8.900073786942694e+26,-4.298050318380129e+26,3.967945813108074e+26,5.7062096544043795e+26,-5.6911450141982756e+26,-2.946926248707294e+26,-1.3231420393589596e+27,-1.1623638403520277e+27,-6.928229923748132e+26,-1.8988387308763456e+26,-9.187101554942399e+26,-2.1126253132207784e+27,1.877577166586919e+27,-1.7227928588481427e+27,-1.5776712835608844e+27,-1.3811537925446816e+27,-1.7146545128314916e+27,-1.751411031345688e+27,-1.4366480690416253e+27,-2.727322001780822e+27,-2.2851131337036935e+27,-1.9685883233048817e+27,-4.0989956621998857e+27,1.776137798426893e+27,4.257007120931045e+26,1.7292969821381379e+27,5.5187660902884385e+26,-1.0537072081980697e+27,2.4812723321543404e+26,1.857421543623493e+27,8.62233984010606e+26,2.359685607529475e+27,8.418029690371592e+26,1.283075274743594e+27,-8.575845770893053e+25,-8.458386958502258e+26,6.426138229994113e+26,-8.453562844608564e+26,8.884828064427712e+26,1.157011910419113e+27,1.9373762011480452e+26,1.296585005624566e+27,3.9984203941757155e+27,4.6819475427511886e+27,3.2334231110023114e+27,2.366991382772091e+27,2.000868491879765e+27,1.7034287227873765e+27,1.4087035119399717e+27
7.246482482008525e+25,-4.532678303712257e+26,5.78706738086036e+25,-2.584628461325109e+25,2.3428269859179107e+25,-2.7050681918386816e+26,-2.695236330055607e+26,-2.2531855282751737e+26,-3.506591799971664e+26,-2.308934451604303e+26,-3.100493964044133e+26,-4.085074490174562e+26,-2.879215180819914e+26,-1.9190789133700726e+26,-5.0334520045720444e+26,-2.70284861436923e+26,-1.2697198765120147e+26,-3.200227829149033e+26,-2.675590552496685e+26,-3.1073213843261026e+26,-5.541007261699451e+26,-1.971859586318775e+26,2.378289725883409e+25,2.7704028397893783e+26,6.22083602680918e+24,-3.960022819301948e+26,4.9356215904951916e+26,-2.2037243265658027e+26,-7.225860736617528e+26,-4.142708671184305e+26,2.500469933470374e+26,-2.2918596123995117e+26,-2.4394454740745948e+26,-9.84254097110603e+25,-4.1411897672677094e+26,-6.0828234391839075e+26,-5.395139370560597e+26,-7.582150574717534e+26,-6.425089815847464e+26,-2.8013751518415914e+26,-2.7063290386423043e+26,-2.3746153417864793e+26,-9.251506108002084e+25,-1.7191680050274895e+26,-4.094434197218684e+26,-4.6658270373418384e+26,-2.823131287823199e+26,-4.355099451983693e+26,-2.3743984362149607e+26,7.216971481880303e+25,-6.753047223656003e+26,-5.089140413709632e+26,-4.901695129801875e+26,-7.515930571669946e+26,-5.858411663808169e+26,3.988247436673759e+26,-5.921972651780495e+26,-4.7449648743615984e+26,6.22025256127993e+26,-7.880602189973969e+26,-1.4629896846430187e+26,1.0584334277490523e+26,2.7477942526028947e+26,6.680873014923127e+26,-4.975140963272562e+26,1.663991063999432e+27,-7.95094013967144e+26,-1.287383364948202e+27,-6.257041798444704e+26,4.771505683611244e+26,4.659476612204491e+25,-4.412209356298835e+26,-1.7658249284506888e+26,-1.6645422564074996e+26,-6.9346976752738e+26,-8.848074342133998e+26,-8.194156642833282e+26,-9.953802724521392e+26,-9.688692728359934e+26,9.27675827941314e+26,-7.947256176300777e+26,-8.371247657354393e+26,-8.938153794902313e+26,-1.4332972625729994e+27,-9.544664188909529e+26,-1.3971167714491024e+27,-1.4652205081050436e+27,-1.8835457521956027e+27,-1.2137714884975923e+27,-3.363922468391964e+27,4.589360774009562e+26,1.4123681771780105e+26,5.5187660902884385e+26,8.416490255741059e+26,-2.6794460190313222e+26,1.5587543507806864e+27,3.4477868452370676e+26,1.8390301982371763e+27,6.12902177950948e+26,1.4132634139765475e+27,2.9335166867958897e+26,-4.366288999015689e+26,-9.481279009484045e+25,8.807770835479847e+26,-2.6802992513084826e+26,8.0458989943089e+26,5.7799463514947365e+26,1.1007799254960064e+27,1.1080645935652956e+27,2.089436702409954e+27,2.255030845222853e+27,1.4849920811835474e+27,1.0596736519028369e+27,8.53144755574288e+26,8.112131096618233e+26,8.930533802689034e+26
2.997741374413991e+27,1.102007112387324e+28,1.879326852651523e+27,1.8216381919152876e+27,1.4587241084764692e+27,1.3433533150319617e+27,2.160577196257686e+27,1.1265113109789236e+27,-1.5222028379755628e+27,8.859529585065195e+26,4.7126928610717965e+27,3.4019493047982215e+27,2.331495003008924e+27,-3.0588976230998785e+27,-3.1151498408551247e+27,-3.095359304379787e+27,7.894090156623327e+26,-3.6547956716276517e+27,-2.7373480145240087e+27,-3.923888297067801e+27,-1.3263209745492476e+27,-1.8998775430615489e+27,-1.5506759942238446e+27,-1.3178771283871315e+27,-4.901867810745567e+27,-3.0345230028720827e+27,-6.45217767467222e+27,8.760054173215264e+27,-3.7103430007212495e+27,-2.0760549138084946e+27,6.0560734871888225e+26,2.8766883843748935e+27,2.116599572084041e+27,2.0756841345173136e+27,9.668997085494815e+27,6.434467423268384e+27,2.703628765515429e+27,-3.2519577329847396e+27,-1.4029411350905745e+27,1.850987784016313e+27,7.878815472810091e+27,7.540224793769161e+26,1.6050714751908928e+27,6.67864629347875e+26,1.4485589952707144e+27,2.4291588921533585e+27,1.1387869286299967e+27,1.414505523266634e+27,8.736686773385103e+26,-2.53375151824183e+27,4.838802163244534e+27,3.203829532763904e+27,1.330788938636224e+27,1.5072447950354009e+27,1.2843706080466797e+27,-1.9122787990507772e+27,2.914135969797001e+26,3.573385201752072e+26,-3.540559249411968e+26,-2.295647716480822e+27,-2.1404407493036932e+27,-8.303662827308428e+26,-3.362348884596376e+26,-4.379806029410546e+27,-3.975578542078977e+27,-4.4577532884679584e+27,-3.0206128600028936e+25,2.4673315865277144e+27,6.223103068695844e+26,-4.077902093243523e+26,-7.674787779108336e+26,1.2463751389011295e+27,5.319277500354895e+26,8.079936528643585e+26,6.334979205381441e+27,5.302209198055389e+27,-4.7428307674610236e+27,2.882874231172479e+27,5.523926557611953e+27,-3.194307254756198e+27,6.676461177436265e+27,1.9693673669202742e+27,4.588155194188096e+27,7.897072032604543e+27,-1.0296428226028932e+26,4.962153558886674e+27,3.3895500774075214e+27,7.021173762974445e+27,1.911175080123501e+27,1.519298765173741e+28,-3.1777735482545803e+27,3.68317930740908e+26,-1.0537072081980697e+27,-2.6794460190313222e+26,2.3653585745004915e+28,-8.676014485979178e+27,-1.7641605432725017e+28,-4.987170632982706e+27,-7.638881627393566e+27,-2.501049811563137e+27,-2.8711095037917185e+27,6.617896387930421e+26,5.973200455972945e+27,-2.2024694367693124e+27,8.560545592192332e+27,-6.410164406803132e+27,6.408711530036579e+27,-2.0352176976268505e+27,-2.01786469611017e+28,-2.5715655514460507e+28,-1.5302314513731876e+28,-7.921397818895421e+27,-4.6114112317771036e+27,-5.568926226223996e+27,-9.018950184187852e+27,-1.2491708809400361e+28
-2.192119065752201e+27,-5.28460867035197e+27,-8.244626209038884e+26,-7.028367747081224e+26,-4.0300740725442055e+26,1.3661172622847531e+27,-1.3958699303304533e+27,-8.182032167597843e+26,5.626155828648143e+26,-4.233903166501782e+26,-1.8274246217000784e+27,-4.705076813395964e+27,-4.1629510232218083e+27,1.9666977413946602e+27,1.570805672099272e+27,1.3460090962629974e+27,-2.9020407991438987e+27,1.1778781474001507e+27,7.371156280665645e+26,1.0136482060412974e+27,-5.881963288171758e+27,-2.240756218929064e+27,-1.7868984065275415e+27,-1.8398711927430104e+27,-3.9758402384435485e+27,-3.9459112346767266e+27,-3.198155185046812e+27,1.3681995930345276e+27,1.8818587902346228e+27,9.715534263639678e+26,-2.6693852446146222e+26,9.187833461495381e+26,8.135429721809813e+26,4.860565003198008e+26,1.6346336450637646e+27,-3.010903088062281e+27,-7.321411834851408e+27,-9.025022528181681e+27,1.7295647932267414e+27,-1.4280618307609367e+27,-7.669918236406113e+27,-6.819433687746231e+26,-1.6821209224956845e+27,-3.7565405930876294e+26,3.889617799385829e+26,-1.5801634373276962e+27,-3.6278377218551215e+26,-1.6753012712076833e+27,-3.487417252475964e+26,2.168104104188513e+27,-6.76029936508691e+27,-6.376274332945386e+27,-2.557775251262668e+27,-2.0669126362010688e+27,-2.977075912336137e+27,3.7978628368547505e+27,-2.1439499434303428e+27,-1.4309256183713716e+27,1.9418244817001862e+27,-6.582060933646537e+27,-1.6119135885740045e+27,-1.7061641933127662e+27,-1.6090983877661737e+27,-1.8320199117182815e+27,-2.7898018625971515e+27,1.6647968791465633e+27,-1.0153037440148227e+28,-2.846258129759564e+27,-7.412700052362997e+26,5.180816196462071e+25,-3.077109597068396e+27,1.1921868463447686e+27,1.73427796806648e+27,9.958103541330287e+27,-3.296259822218301e+27,-9.955660897632674e+27,-8.052966483672533e+27,-1.429017939706313e+27,4.380677611356822e+27,-7.108841496222168e+27,1.210854587923932e+27,5.983029941196172e+27,-2.8794381335901983e+27,-5.49400827033788e+27,1.724316202693782e+27,-2.2592624740915283e+27,1.5551279478001098e+27,-9.539684429220121e+26,-9.357437845003791e+27,-1.1828091482028958e+28,1.1191714064900092e+26,-2.4979709113747247e+27,2.4812723321543404e+26,1.5587543507806864e+27,-8.676014485979178e+27,2.488241308491916e+28,2.8004531068912893e+27,1.8415811820237142e+28,1.2382115470834388e+27,8.673655347021046e+27,1.4830718671758983e+27,-2.6255439922136445e+27,-3.01451803004557e+27,5.734282781910359e+27,-6.25286755734092e+27,9.261421821775542e+27,2.8322872281792264e+26,1.0657042730203446e+28,2.1124852618495294e+28,2.452114380960735e+28,6.605244866362549e+27,4.1281315838782205e+27,3.1707632266430644e+27,5.423367079526311e+27,9.196161937281958e+27,1.295837299682725e+28
-1.489945895332432e+27,-7.744922484498166e+27,-1.0790397857582077e+27,-1.2074899889888797e+27,-9.578264849139684e+26,-1.9364478948963475e+27,-2.0080615978730994e+27,-1.2944114547762622e+27,2.9243951027214852e+26,-1.241820199839418e+27,-3.8402127068372734e+27,-2.656687568215044e+27,-1.8074452219995865e+27,1.870413427827751e+27,1.165941300502859e+27,1.807030575030323e+27,-4.939419801385254e+26,2.2902225089026727e+27,1.5546520360578445e+27,2.866214560191897e+27,1.633067850424252e+27,2.035490563545673e+27,1.829856440431511e+27,2.0773889188121162e+27,5.436735952308783e+27,3.275541721836526e+27,7.346434782922434e+27,-8.025824233189349e+27,1.2032166136229604e+27,4.874547825196883e+26,3.451068455307955e+26,-3.0598994871978004e+27,-2.4256234900926233e+27,-1.7535027323933883e+27,-8.179481348267226e+27,-5.452649624128789e+27,-1.93888520537931e+27,3.689387105137942e+27,-6.529333454589505e+26,-1.1678930751665661e+27,-4.2475502413229233e+27,-6.660539646829723e+26,-9.212840725108771e+26,-6.345902298306261e+26,-1.5080330988863437e+27,-2.0880790723391204e+27,-1.0655280609837476e+27,-1.0886931487446446e+27,-7.978754944623822e+26,1.691320641889309e+27,-3.495139728229714e+27,-2.199532824862646e+27,-8.546228910968824e+26,-1.1714709421625979e+27,-7.77237369322426e+26,1.0170573290279344e+27,-9.444991719175804e+25,-2.1408589059744715e+26,1.3216631036839122e+26,2.567992530928676e+27,2.0211223619258772e+27,1.0345006449422656e+27,7.547191767109794e+26,4.4816258648732246e+27,3.753549815314343e+27,4.513124940241436e+27,1.7944832488462722e+27,-2.1192868033730874e+27,-6.350797068932528e+26,5.49430460921849e+26,1.3944754367422313e+27,-1.4499199044823365e+27,-8.309977099217326e+26,-3.09639746378166e+27,-5.291332743634166e+27,-3.5759541291786725e+27,4.8282741379114314e+27,-2.625978054701809e+27,-6.911367350065749e+27,4.8105566375842193e+27,-6.816922310507802e+27,-3.583128552126265e+27,-4.7865595130067756e+27,-6.738350234372855e+27,-2.2078857806411362e+27,-4.560295967168677e+27,-5.700423864635166e+27,-7.082718068098582e+27,-2.3202341263680244e+27,-1.3644150376897025e+28,3.886557438427869e+27,4.616240427204615e+26,1.857421543623493e+27,3.4477868452370676e+26,-1.7641605432725017e+28,2.8004531068912893e+27,1.4992054664170506e+28,1.5389662009794602e+27,7.70316047124238e+27,1.064179172458687e+27,2.9679329735813456e+27,-8.606986744711918e+25,-4.800797362537631e+27,1.0694560733662942e+27,-6.123282202791802e+27,3.8491173670246524e+27,-3.9105582478702497e+27,-1.5193533607070622e+25,1.2903525323417926e+28,1.908768959629725e+28,1.4385332375818045e+28,7.628413674214524e+27,4.4846718367326903e+27,4.6186833158670616e+27,6.512994922213799e+27,8.396559359961983e+27
-1.063131429289952e+27,-3.2242005701209224e+27,-2.8726252255010176e+26,-3.20518829743979e+26,-1.056945924476714e+26,6.644384969027198e+26,-1.0780013803858261e+27,-7.35099619255439e+26,-1.0004780346224822e+26,-5.1310798917332034e+26,-1.2273429426616045e+27,-3.4402191676167517e+27,-3.030605181772051e+27,1.0376067020121554e+27,3.314832100295383e+26,5.242648629020457e+26,-2.103011228727146e+27,3.571631707187475e+26,7.101950450577418e+25,2.5426885108158964e+26,-4.633798996202065e+27,-1.8827547207000964e+27,-1.3000113703155476e+27,-9.855890099276443e+26,-2.8961355304952036e+27,-3.292140493439151e+27,-1.8322027558460904e+27,1.1551706345895027e+27,2.8423059736900592e+26,6.272302506184736e+23,2.3968224623368388e+26,4.926259244414817e+26,3.580446812562257e+26,3.849892290972921e+26,1.389171978207471e+27,-2.2553416807749974e+27,-5.433957329402732e+27,-7.005460023490686e+27,3.339884949701589e+26,-1.1766080713909422e+27,-5.391452489221806e+27,-7.319065298679561e+26,-1.1378568460314364e+27,-4.357358210747496e+26,-5.675566815589018e+25,-1.2515055033468945e+27,-3.191849918955686e+26,-1.4203375106138013e+27,-3.0089761645914875e+26,1.4322753748308462e+27,-5.04203283130316e+27,-4.7468634405586006e+27,-2.1854754381106925e+27,-2.0776920641332694e+27,-2.6183397705406266e+27,3.190923416230002e+27,-2.0720986904997027e+27,-1.4217214308974348e+27,2.0056622511489954e+27,-5.313227894089335e+27,-1.1970383572635605e+27,-1.1209672472535035e+27,-9.754006892066427e+26,-6.447403146720981e+26,-2.4111288815479304e+27,2.722120951447828e+27,-7.920988820851457e+27,-3.079035485918383e+27,-9.781603572672186e+26,3.45785265250948e+26,-2.271599240596122e+27,5.373223546597881e+26,1.0048618621011008e+27,6.68193364539012e+27,-2.570554370059174e+27,-7.549823296212629e+27,-6.312135055145291e+27,-1.7580923916181528e+27,2.260812885821835e+27,-4.251349528878386e+27,4.160059694420084e+26,3.3412220496460843e+27,-2.593797748094936e+27,-4.819410419480069e+27,1.3703663211795308e+26,-2.6795761381527977e+27,-2.4294721998250916e+26,-2.2699344404933263e+27,-7.489829235996962e+27,-1.114138592454904e+28,5.708272492445791e+26,-1.8020777304956535e+27,8.62233984010606e+26,1.8390301982371763e+27,-4.987170632982706e+27,1.8415811820237142e+28,1.5389662009794602e+27,1.4549720436917739e+28,1.327806819435175e+27,7.496354729591339e+27,1.3082409861694116e+27,-2.3189314096395416e+27,-1.9236352926611344e+27,4.894962810987643e+27,-4.203794806445456e+27,7.060063782231293e+27,1.3050963660241413e+27,8.298029411097274e+27,1.4854856786871263e+28,1.8588320448359395e+28,6.707578703068526e+27,4.362442494600137e+27,3.3298828649887126e+27,4.6419093621837234e+27,7.011407109052552e+27,9.421239626674632e+27
-8.773745388223724e+25,-2.82993915929271e+27,-1.9611853657887177e+26,-3.948748875560756e+26,-2.586459685712315e+26,-1.334054705932616e+27,-1.2243911383992147e+27,-9.521329309778734e+26,-7.364339794095377e+26,-9.872442943221508e+26,-1.863532601538817e+27,-1.6278238516627806e+27,-1.2143481215285997e+27,3.212556150791783e+26,-7.018927330738965e+26,1.2201586971576981e+26,-1.0674027193231596e+27,2.1360111513850653e+26,-4.922087534486798e+25,7.001064514112388e+26,-3.96585503899574e+26,6.97236772089424e+26,8.207645697603671e+26,1.6140541266376295e+27,3.2167819215218115e+27,1.3051909306452417e+27,4.970774354951402e+27,-3.817525646077051e+27,-1.2301024370352244e+27,-9.359173217558325e+26,1.0740245881082684e+27,-1.714684905395375e+27,-1.4624550405347163e+27,-6.872720338410389e+26,-3.2473709586651586e+27,-2.88917615897418e+27,-1.9218204184054658e+27,3.171671692765322e+26,-1.7293031346553362e+27,-3.475135258121943e+26,-4.40668364348259e+26,-3.730608570421584e+26,-2.1887489092003312e+26,-3.682894562898323e+26,-9.859811578233633e+26,-1.362137555205907e+27,-7.73795164317513e+26,-7.225419389362706e+26,-5.8571586041853934e+26,5.669586030272406e+26,-1.9579011029670212e+27,-1.3469652052881747e+27,-5.023250090591476e+26,-8.2612063200851e+26,-4.533438208715645e+26,2.8485032005048928e+26,-1.7448920168949804e+26,-2.4698302309601417e+26,1.688494502112765e+26,5.550540246647756e+26,1.0706638417139746e+27,7.16583207949253e+26,7.29184234017654e+26,2.965012143865747e+27,1.8099065745812323e+27,3.617123635190941e+27,1.1459024150196055e+27,-1.6063220189011336e+27,-6.623110446721682e+26,6.1579195363864235e+26,1.1306224103683711e+27,-1.0808201254964376e+27,-5.908357058198006e+26,-2.505821219428822e+27,-2.82314677599862e+27,-2.1529317082845497e+27,1.487295221028251e+27,-1.7958524089826668e+27,-4.330372351690676e+27,3.663040932486925e+27,-3.9409026255678334e+27,-2.913576995357597e+27,-3.4560427851521803e+27,-4.0173311322413096e+27,-2.9215817178670896e+27,-2.9897684585794014e+27,-5.129439314555859e+27,-4.7768293840411795e+27,-4.195388909761923e+27,-9.164046628986997e+27,3.4760567430644097e+27,6.656459165255632e+26,2.359685607529475e+27,6.12902177950948e+26,-7.638881627393566e+27,1.2382115470834388e+27,7.70316047124238e+27,1.327806819435175e+27,5.626665115115588e+27,1.0779501710402946e+27,2.657810692186195e+27,-4.177900022475301e+25,-3.0110015462183604e+27,9.40237090871859e+26,-3.4539595047365836e+27,2.3996401677986784e+27,-9.861455601039453e+25,1.5754472605596812e+26,6.244855804035486e+27,1.1220190232127413e+28,1.013951192676169e+28,6.083572220552035e+27,3.962918760334517e+27,3.760557414660893e+27,4.317108998491388e+27,4.764580932227949e+27
-1.7379756896647914e+26,-1.3109824895525247e+27,3.636120021379625e+25,-4.758858648105765e+25,3.8024118057474153e+25,6.840181677676659e+25,-4.533046997803266e+26,-3.411516761402079e+26,-2.2000770092876525e+26,-2.8892696571907302e+26,-5.277289549594864e+26,-1.3234076561151708e+27,-1.1147791557863474e+27,2.911721556856245e+26,-1.6313452342979068e+26,9.29658077490324e+25,-8.437205634695228e+26,2.9223326653489628e+25,-1.2370595231324773e+26,-5.464067767231657e+25,-2.0402017580861237e+27,-1.0061025064344799e+27,-5.791583290749014e+26,-2.3194101562313613e+26,-1.1408967305927328e+27,-1.6866467233751798e+27,-3.0311371786680485e+26,3.595554040949185e+26,-2.85442651110211e+26,-2.917069384554041e+26,2.8810953636551342e+26,7.556831537511964e+25,8.067048727077155e+23,1.1374895106491796e+26,3.3023869377181334e+26,-1.0698380557905864e+27,-2.1190675179949332e+27,-2.906109662495994e+27,-2.5051315588355136e+26,-7.23528942980293e+26,-2.76780220257692e+27,-5.254698742097576e+26,-4.551231315652499e+26,-3.343047124050911e+26,-4.1679050135986146e+26,-5.911725193732739e+26,-1.7698736632324937e+26,-7.623306671234968e+26,-1.6782056640265395e+26,5.461495083126095e+26,-2.101557081286213e+27,-1.8825945610695955e+27,-1.1802236588000664e+27,-1.4417951371211123e+27,-1.4706443007664854e+27,1.8725004775990457e+27,-1.2666549563956587e+27,-9.14887208109874e+26,1.4440586988590322e+27,-2.283727036566083e+27,-1.9702856076666644e+26,-1.838925070124371e+26,-2.3849811792068787e+26,8.204515222030788e+26,-9.93723029906407e+26,2.8858432733057273e+27,-3.763688811347321e+27,-2.3103178062717345e+27,-8.174842550268279e+26,4.051015532379174e+26,-9.627480964612945e+26,-2.142657578854317e+26,3.7991326714343465e+25,2.1272372950272758e+27,-1.3268236314297358e+27,-3.254932620645861e+27,-2.3364303868944823e+27,-1.5171718966067426e+27,3.2119947819072276e+26,-6.597005846367162e+26,-2.2221584473431834e+26,2.867217491984571e+26,-1.2784161532680272e+27,-2.85274515308483e+27,-4.130156437748894e+26,-2.2443645056789386e+27,-7.611189486965513e+26,-2.6553626991758935e+27,-3.1583862314820756e+27,-7.203091944653078e+27,5.831788043496054e+26,-1.041339176452887e+27,8.418029690371592e+26,1.4132634139765475e+27,-2.501049811563137e+27,8.673655347021046e+27,1.064179172458687e+27,7.496354729591339e+27,1.0779501710402946e+27,4.566794550272008e+27,7.788788574183492e+26,-1.5934883336926518e+27,-9.150210791938248e+26,3.1109353260376244e+27,-2.1486926233858525e+27,4.000405197945156e+27,8.37961650096967e+26,4.126961784154921e+27,7.402907037385756e+27,1.0041964861975764e+28,5.246207568930811e+27,3.4755089432805865e+27,2.596826655545474e+27,3.0165748523846365e+27,4.015089607069474e+27,5.019138885591284e+27
5.6196261805095935e+25,-8.384437848014974e+26,-3.886700476925691e+25,-1.2291538726811572e+26,-7.5483772433953995e+25,-5.150215520974757e+26,-5.2859369392053886e+26,-4.267105182595274e+26,-4.075439698288696e+26,-4.426019873436986e+26,-7.364262035295557e+26,-7.461935244547663e+26,-5.933465076180165e+26,5.400983041020038e+25,-4.087689803236561e+26,-5.369622593463768e+25,-8.179356494766648e+26,-5.95948034015554e+25,-1.3755715198081558e+26,1.4260962270145443e+26,-7.900635405794205e+26,-8.223314192614453e+25,-5.057574462014196e+24,4.540492841434021e+26,9.006760134611963e+26,7.079573181436164e+25,1.765729352583813e+27,-1.0870122553085536e+27,-7.063045784530413e+26,-5.145728420032658e+26,6.043327922408735e+26,-5.320889500665687e+26,-5.341131305175041e+26,-1.4170703594418086e+26,-6.120204713718501e+26,-1.1506281837537205e+27,-1.1701204316992608e+27,-8.086860437807388e+26,-8.016792786666969e+26,3.145778450707515e+25,2.8648449324019802e+26,-7.559638236888765e+25,-1.579786407525828e+25,-1.0927254682617827e+26,-3.567286788235286e+26,-5.9691279754607766e+26,-3.4591181085729485e+26,-2.8843557354275847e+26,-2.5898751461557387e+26,1.8108985860988654e+26,-8.609187444865065e+26,-6.530747850863007e+26,-1.7175003946063784e+26,-2.741144712061878e+26,-1.3434292667073913e+26,5.829421289707845e+25,-1.8821965806293348e+25,-6.0418619680786225e+25,2.494999541730745e+25,-2.07991734817225e+26,2.9805001424426617e+26,2.1285589013840714e+26,2.4356496842340025e+26,9.972436500026803e+26,4.8846769019692985e+26,1.463213973306185e+27,1.8790834127348553e+26,-5.7520339003375444e+26,-2.4339876715269302e+26,2.4341358005350348e+26,4.372722238103322e+26,-4.0939911472593154e+26,-1.937899157438722e+26,-7.807591862889661e+26,-1.1137444943849702e+27,-1.040045142315113e+27,-3.4576356813531703e+25,-6.587340926645981e+26,-1.2792882668207228e+27,1.2937452894179713e+27,-1.3552068544078668e+27,-1.0518056638062867e+27,-1.5014701695234798e+27,-1.5772826351815644e+27,-1.3035580884345377e+27,-1.1142590430832965e+27,-2.143478681405853e+27,-1.786738066107079e+27,-2.77203049851712e+27,-3.833555716767211e+27,1.7364471935505886e+27,2.1717545444172727e+26,1.283075274743594e+27,2.9335166867958897e+26,-2.8711095037917185e+27,1.4830718671758983e+27,2.9679329735813456e+27,1.3082409861694116e+27,2.657810692186195e+27,7.788788574183492e+26,1.533614898075238e+27,-8.942693023434572e+25,-1.6342892747259746e+27,6.945807910442985e+26,-1.9052540580666955e+27,1.570603916555705e+27,5.754495971522145e+26,4.885481515924461e+26,3.352846785661984e+27,5.717002266392144e+27,4.548157347927938e+27,2.9383195675142794e+27,2.0579675069758568e+27,2.1575408458723076e+27,2.5036127669107305e+27,2.694425245193908e+27
-4.6998773386297874e+25,9.289712595506817e+25,-7.475115898831376e+25,-6.790497650627351e+25,-5.4700819773313126e+25,-1.2625579401692061e+26,-2.709027533698579e+25,-1.7712109152120001e+25,-4.909112282124843e+25,-2.146713315206153e+25,-5.725265320734185e+25,1.1240168069989526e+26,9.409792584598008e+25,-1.1224158612029857e+26,-8.778266713666204e+25,-1.0513687940191089e+26,1.259570512802091e+26,-1.1245477667472983e+26,-2.53676356761218e+25,-5.857841164792877e+25,3.780881821021597e+26,3.3302338940997126e+26,2.3113509441712222e+26,2.0494163033765244e+26,5.018731944278802e+26,5.429111380595958e+26,3.523824216250505e+26,-3.101410517857638e+26,-1.3676498776770602e+26,-1.657956528173922e+25,-7.190465059532437e+24,-1.5407058575322702e+26,-1.2426568390269279e+26,-9.474079999223166e+25,-2.910356665634099e+26,-2.567499946178704e+24,2.580063674246811e+26,5.283445437567295e+26,-1.2935312769619545e+26,2.118415754133788e+26,1.0559974936533738e+27,1.5238458271258048e+26,7.757312381125025e+25,8.234234558641725e+25,1.0453740557459764e+26,-5.32134871133934e+25,-8.787704049043094e+25,9.679372556276903e+25,-6.190233055678211e+25,-8.147942806121258e+25,2.8065340863347522e+26,2.5794278416591163e+26,2.6504034646000162e+26,4.01294557070752e+26,3.7603887919543366e+26,-6.655814367055422e+26,3.47345560424544e+26,2.479353743522764e+26,-5.1701462388577634e+26,3.9919358155755676e+26,-6.072083443807828e+25,-1.152458377725848e+25,1.3097559791903159e+26,-3.643632402021478e+26,2.101371053148602e+26,-9.268090098634668e+26,1.1832825866993892e+27,6.687919879614245e+26,2.075369143751334e+26,-6.541665206367664e+25,3.8825119390080234e+26,7.6783306584974675e+25,1.0815016443095218e+26,-5.221776648949591e+26,1.0270851891638502e+26,5.926294815983809e+26,2.559539255327893e+26,3.830307854413593e+26,-4.686743570220097e+26,1.7436335706387297e+26,-2.9549564276476404e+26,6.209214035443873e+24,-6.014293617252869e+25,5.214309139448672e+26,-2.396615965484785e+26,5.58498937342937e+26,-3.7389580086900803e+26,7.012103839055316e+26,2.6505505550862456e+26,1.7158638272085157e+27,4.709889575130189e+25,5.965291046922192e+26,-8.575845770893053e+25,-4.366288999015689e+26,6.617896387930421e+26,-2.6255439922136445e+27,-8.606986744711918e+25,-2.3189314096395416e+27,-4.177900022475301e+25,-1.5934883336926518e+27,-8.942693023434572e+25,6.949360824594278e+26,1.8429185653612964e+26,-1.1757771505085915e+27,6.609170753854541e+26,-1.4273272893806634e+27,-8.313159244870022e+25,-1.236561138270521e+27,-2.3312871314769473e+27,-2.946551480777067e+27,-1.4008132279044602e+27,-9.473791590593638e+26,-7.285637634633948e+26,-9.374484680578988e+26,-1.3114334443751312e+27,-1.623617749237766e+27
2.880061561979455e+26,1.8325072719292096e+27,2.148370185846976e+26,1.5447523870873566e+26,2.139643759825732e+26,2.620846075052433e+26,7.157056511687152e+26,5.2353559391887835e+26,5.565994946233742e+25,4.74327387627402e+26,9.437636254319491e+26,1.0882288437648699e+27,8.623223978718883e+26,-5.3928804882291926e+26,-3.493248019276882e+26,-4.5457418704740434e+26,1.0005779026383479e+27,-5.396377277948466e+26,-3.7181544541403474e+26,-7.917054589114086e+26,7.05477072263756e+26,-1.6201266448859616e+26,-6.882511462085318e+25,-2.1404333032613416e+26,-1.156816991729365e+27,-4.229459470435245e+26,-1.8243151255520972e+27,1.808816798176132e+27,-3.1072203405703684e+26,-1.4166992953234785e+26,-2.3056016578176366e+26,5.7551134321937445e+26,4.4449459956907106e+26,1.801210581875246e+26,1.2537220271733736e+27,1.452464662957555e+27,1.5653172716312231e+27,6.245853026070961e+26,1.1125578776834521e+26,-1.0583864554054257e+26,5.549008081978402e+26,-2.7054802932970254e+25,5.7028543086588326e+23,7.80383989207967e+25,3.148379851412123e+26,6.32129625535018e+26,3.248848325688109e+26,2.8936706142382248e+26,2.3752633066955938e+26,-2.877041765382938e+26,1.2214825395792442e+27,9.441594746147284e+26,2.0095295892949257e+26,2.5493117333908898e+26,1.6359040472705526e+26,-2.7756961379987714e+26,-4.727240473069181e+25,7.645495258701212e+24,1.3732655278244354e+25,-8.224945761068102e+25,-5.369968206714312e+26,-2.4234264313911365e+26,-1.4552845156567798e+26,-1.1580225413960072e+27,-9.842596112948662e+26,-1.3546322345410727e+27,-2.365180184177635e+25,5.28529147733252e+26,1.5572564170187844e+26,-1.4783289400752639e+26,-3.46322445157015e+26,3.524611913601671e+26,1.6546503713003436e+26,3.524208068554249e+26,1.3228790004018135e+27,1.5219583237048664e+27,-4.493470535511496e+26,6.26795859276766e+26,7.741483679510557e+26,-9.86426522157937e+26,1.3265570931865545e+27,6.828120138695515e+26,1.6676340532403108e+27,1.8088821948122165e+27,6.006562174595454e+26,1.125025789974404e+27,1.4711241768559008e+27,1.7199443332404456e+27,3.1476757331370906e+27,4.2566896754006556e+27,-1.594046597354361e+27,4.405954441930044e+25,-8.458386958502258e+26,-9.481279009484045e+25,5.973200455972945e+27,-3.01451803004557e+27,-4.800797362537631e+27,-1.9236352926611344e+27,-3.0110015462183604e+27,-9.150210791938248e+26,-1.6342892747259746e+27,1.8429185653612964e+26,2.457029225704855e+27,-8.983872244754275e+26,3.207603862558706e+27,-2.506904761120006e+27,6.987591412374676e+26,-8.21189135367021e+26,-6.306213646854967e+27,-8.330519703269182e+27,-5.092448614372506e+27,-3.072445133856897e+27,-2.0300552527595155e+27,-2.5022067984917707e+27,-3.583183647875182e+27,-4.4469310398788117e+27
-4.728318557032362e+25,-7.496276939444471e+26,5.242598838337405e+25,-9.476288981994461e+24,4.361479818430014e+25,4.234628210056215e+25,-2.0427806767098573e+26,-1.5852018515701634e+26,-9.035211333588623e+25,-1.4311943674356475e+26,-2.9056730108623293e+26,-6.264674138090502e+26,-5.144413855600928e+26,1.9013131970140082e+26,-1.1985533032646025e+25,1.1364919187299373e+26,-5.6129430111571436e+26,1.0704235002620188e+26,-1.9622547799716496e+25,4.574309973682611e+25,-1.1772467831478602e+27,-7.63263536216523e+26,-5.1741612050898356e+26,-2.7798779941631582e+26,-7.631477055245259e+26,-1.1261503456946029e+27,-1.880706637825487e+26,2.5901364093763262e+26,-4.889979284108387e+25,-1.2275011573445337e+26,1.780748661064228e+26,1.0466881402730872e+26,2.8695874181612097e+25,1.0310896972420246e+26,2.781623196439677e+26,-5.761242658853919e+26,-1.0901649865125078e+27,-1.6048355509734281e+27,-7.605369696473884e+25,-4.5248109555531645e+26,-1.8240373437695782e+27,-3.458430613245003e+26,-2.5150933669900498e+26,-2.3008129404336458e+26,-3.598597264276219e+26,-3.232445613062775e+26,-1.0456270875519498e+26,-4.487436725818787e+26,-1.0282238842946707e+26,3.126596816064639e+26,-1.0605923752814146e+27,-8.942673618069204e+26,-6.712693838321975e+26,-9.148715771335476e+26,-8.247738338635696e+26,1.1223023458253573e+27,-6.801037326626576e+26,-5.3405927049829124e+26,8.598811713839531e+26,-1.0568764643695773e+27,1.1977114800204086e+26,3.895750268127335e+25,-1.3558502916506283e+26,8.441525095685498e+26,-3.549610103220393e+26,2.09158376367777e+27,-2.195475216325821e+27,-1.4785329672709625e+27,-5.421329247061139e+26,2.7738408292851946e+26,-5.054189289012813e+26,-2.8928362339276268e+26,-1.303476579089632e+26,1.0100655199037781e+27,-7.897507506709871e+26,-1.6907626559192776e+27,-9.045965583218286e+26,-1.0563843361755331e+27,3.794988869846801e+26,-1.460127949814442e+25,-5.419042451065736e+25,-1.643683020113366e+26,-6.090804252617532e+26,-1.7580786908105687e+27,-1.2643568595389079e+26,-1.542582312596242e+27,-2.8176417304790867e+26,-1.9320782318607345e+27,-1.8167781717648948e+27,-4.5824624438928395e+27,4.7626524610506584e+26,-8.373201865313858e+26,6.426138229994113e+26,8.807770835479847e+26,-2.2024694367693124e+27,5.734282781910359e+27,1.0694560733662942e+27,4.894962810987643e+27,9.40237090871859e+26,3.1109353260376244e+27,6.945807910442985e+26,-1.1757771505085915e+27,-8.983872244754275e+26,2.319989200094697e+27,-1.882950745635202e+27,3.145643950790589e+27,4.699055951956526e+26,2.6766698830045754e+27,5.597130705437812e+27,7.427911209118391e+27,4.0155075895484506e+27,2.709706809210765e+27,2.0536881552342763e+27,2.4561160233634806e+27,3.25245088749268e+27,3.948962819959706e+27
6.241361650598099e+26,2.8466263248807017e+27,3.65139326030355e+26,2.460909997293529e+26,3.14802808801917e+26,8.254128710656332e+25,8.944390167424306e+26,6.11842620134166e+26,-1.7019835185358935e+26,5.091413088750006e+26,1.239696357689092e+27,1.5382428214205472e+27,1.2171874091922828e+27,-9.154690111052745e+26,-8.38004595887606e+26,-8.18422364556555e+26,1.3116539756986474e+27,-9.408473437521108e+26,-6.791482642068733e+26,-1.1392992860667698e+27,1.1465276473266326e+27,6.5483970818783635e+25,1.4868031095418359e+26,6.967062339701279e+25,-9.10287169017585e+26,-1.1080136911499982e+26,-1.656554487044586e+27,2.0286028706280558e+27,-9.437168523773827e+26,-5.206450883687358e+26,-3.862492333076037e+25,5.195458431969128e+26,3.6191435291370185e+26,1.909181268225788e+26,1.5369904327049231e+27,1.8971823734929948e+27,2.197246186326687e+27,1.200430897062171e+27,-3.437395791541811e+26,7.5266120110100585e+25,1.8506387505824663e+27,4.756253962054541e+25,1.570705792869659e+26,1.4374930393757018e+26,4.046598665593587e+26,8.181335103705338e+26,3.800861838703768e+26,4.890360703081086e+26,2.8929690324241854e+26,-5.36060583009773e+26,1.8859047451011468e+27,1.4812897111090844e+27,4.88460321373718e+26,5.753630072877658e+26,4.941651795155915e+26,-8.116881572486118e+26,1.5227841621407535e+26,1.6841801604063647e+26,-2.46331510486215e+26,2.012173248804172e+26,-7.099727037029204e+26,-2.4989416697706977e+26,-8.456218079410101e+24,-1.4921855706504406e+27,-1.1077211611477325e+27,-1.9839332179544955e+27,9.522736336110156e+26,1.0073916222566645e+27,2.8677557316788104e+26,-1.756981635204811e+26,-8.533471857531172e+25,3.941018722464064e+26,1.4132339572469976e+26,-4.4791127712753626e+26,1.804179530982353e+27,2.476904068143995e+27,-3.001340926073008e+26,9.844002958068375e+26,2.732693027012162e+26,-6.485109976551546e+26,1.3118137359876818e+27,3.6546283711911336e+26,1.9444834718208532e+27,2.6160584791377e+27,1.3603749776833971e+26,1.6690449614677357e+27,1.0697262854448658e+27,2.2863390150262198e+27,3.9128085916831117e+27,6.063249835247121e+27,-1.6232402580855367e+27,5.1899261559834505e+26,-8.453562844608564e+26,-2.6802992513084826e+26,8.560545592192332e+27,-6.25286755734092e+27,-6.123282202791802e+27,-4.203794806445456e+27,-3.4539595047365836e+27,-2.1486926233858525e+27,-1.9052540580666955e+27,6.609170753854541e+26,3.207603862558706e+27,-1.882950745635202e+27,4.632181034529769e+27,-4.241233105349424e+27,1.2673955248553342e+27,-2.091290255202062e+27,-1.020137669588503e+28,-1.2660992929092456e+28,-6.781739075342647e+27,-4.1107281360801003e+27,-2.7728421595652887e+27,-3.6186973266364464e+27,-5.4188878961704e+27,-6.950805330748755e+27
-4.6333076965144084e+26,-2.1412857276815105e+27,-1.63616166987114e+26,-1.5052641450840352e+26,-1.1414723539369887e+26,1.6563930553063894e+26,-5.700402080908645e+26,-3.9075591596414655e+26,1.0249871230937856e+26,-3.0942812424672862e+26,-8.281371468708445e+26,-1.3792256499938344e+27,-1.1392682666108858e+27,7.045941490996179e+26,5.6967335924969534e+26,5.833243117134012e+26,-1.26676778436637e+27,6.339327876874687e+26,3.7532224405011235e+26,6.494220487680154e+26,-1.8176233811998884e+27,-8.490612349502769e+26,-7.05626646610689e+26,-5.004302925575413e+26,-5.105524037894977e+26,-1.1188805258133383e+27,2.6818928748890893e+26,-4.713002194814823e+26,6.561309758783301e+26,2.821086422386018e+26,1.0275500912309128e+26,2.060819624634828e+25,5.734403270455962e+24,8.410058090313827e+25,-1.7245582438802507e+26,-1.363100953167714e+27,-2.2333247173937652e+27,-2.356091767646009e+27,3.5162729273232466e+26,-5.0217004523363816e+26,-2.9341071632202393e+27,-3.560492460602115e+26,-3.943661133585472e+26,-2.846982223506553e+26,-4.3790278188463733e+26,-6.711841198797522e+26,-2.483046977931893e+26,-6.673888859685472e+26,-2.154637158253823e+26,6.4271465013181e+26,-2.005642138720675e+27,-1.6741613828891482e+27,-8.962159963027969e+26,-1.0843371991297913e+27,-1.0286853627575869e+27,1.4904970222513372e+27,-6.77754345100707e+26,-5.560582719324605e+26,8.541819951992014e+26,-1.1970975704964768e+27,4.203555910156056e+26,6.38270047906048e+25,-2.4653806474009547e+26,1.253645868830795e+27,2.0074276589832527e+26,2.560712898961187e+27,-2.8187818597709064e+27,-1.7169678873199494e+27,-5.61599073187342e+26,2.5675349461244893e+26,-5.870715263133345e+26,-3.1273544287862906e+26,-4.957667915150991e+25,1.7420898242961718e+27,-1.5616499737923475e+27,-2.9622903086006454e+27,-8.891518130044406e+26,-1.3352363946241143e+27,8.072028090513107e+26,-2.824138290149809e+26,-3.2038792022619946e+26,1.8872258734177525e+26,-1.3220190934702074e+27,-2.8038533379945823e+27,1.7619553856292045e+26,-2.0502255102023902e+27,-2.5047103105617014e+26,-2.499524270779538e+27,-3.6895405046444635e+27,-6.827985902471026e+27,1.0941801102900336e+27,-1.169584662890782e+27,8.884828064427712e+26,8.0458989943089e+26,-6.410164406803132e+27,9.261421821775542e+27,3.8491173670246524e+27,7.060063782231293e+27,2.3996401677986784e+27,4.000405197945156e+27,1.570603916555705e+27,-1.4273272893806634e+27,-2.506904761120006e+27,3.145643950790589e+27,-4.241233105349424e+27,5.274124480648308e+27,-2.482585920909409e+26,3.818449962398639e+27,1.0903957180902112e+28,1.362034256251887e+28,6.706120179325418e+27,4.3229506601523887e+27,3.1432022459006144e+27,4.104668237380567e+27,5.916423081753683e+27,7.466901817100932e+27
1.250784491057595e+27,3.081649994824941e+27,7.40705412909106e+26,5.141695282062044e+26,5.112466469079926e+26,-3.450937855255381e+26,-9.041780615336004e+25,-3.369436402995777e+26,-1.422159078393129e+27,-4.7957060539333645e+26,5.584800305840203e+26,-2.3837556245716226e+25,-1.844543064938877e+26,-1.2538849827117568e+27,-2.0927638435245094e+27,-1.494714847031216e+27,-5.247642687487661e+26,-1.7037782964244408e+27,-1.4287531343443087e+27,-1.542229788038725e+27,-1.7499371239880428e+27,-1.1171683504193746e+27,-7.570869117268392e+26,-8.336132085794377e+25,-1.4513865123778287e+27,-1.6276463579331502e+27,-8.640850429109137e+26,2.405839390520822e+27,-2.72278855322178e+27,-1.6673231538069328e+27,1.0204050198454715e+27,4.6625552718457936e+26,2.1699850606455976e+25,6.871594141883278e+26,3.272549541757436e+27,5.379721692644389e+26,-7.834723206895911e+26,-2.7988596676085706e+27,-2.0431032040823835e+27,6.518711266127579e+26,3.2166511228919486e+27,2.559842411345799e+25,4.1673774212469134e+26,-2.2847598814503317e+25,-8.092324503551718e+23,-1.711441247336881e+26,-1.904331150895189e+26,-1.4389310174146336e+26,-1.5827130895164732e+26,-4.715369653567168e+26,1.2506656340612042e+26,-1.6678721078343155e+26,-7.572004844111349e+25,-1.1867349748704839e+26,-8.34041355945568e+25,-3.357162336649024e+26,-2.533936305990954e+26,-1.8875456525157797e+26,1.550887039253228e+26,-1.8714122238825322e+27,-7.773380262742566e+26,-2.659286336067259e+26,3.032317929955636e+25,-7.651256584831243e+26,-1.5720313949092228e+27,3.4029817763557776e+26,-7.917783582036901e+26,-2.4662261088499474e+26,-2.4559766138891127e+26,2.2257668755613866e+26,-2.011353349825645e+25,2.496259558015462e+24,1.692534754940314e+26,1.7673292681691062e+26,4.546201205370266e+26,-1.0240919648150776e+26,-2.8009317910932625e+27,-9.222086241190915e+25,3.0942391110494688e+26,-6.401467482984144e+25,6.733634078477157e+26,-2.126793503865916e+26,-6.484319501065283e+26,2.22360069394792e+26,-2.2811695226839652e+27,-1.8410859779945458e+25,-2.0646281164973485e+27,-2.6861278347158647e+25,-3.054190048268132e+27,-3.127331686689335e+26,6.582576293823511e+26,3.13740278140238e+26,1.157011910419113e+27,5.7799463514947365e+26,6.408711530036579e+27,2.8322872281792264e+26,-3.9105582478702497e+27,1.3050963660241413e+27,-9.861455601039453e+25,8.37961650096967e+26,5.754495971522145e+26,-8.313159244870022e+25,6.987591412374676e+26,4.699055951956526e+26,1.2673955248553342e+27,-2.482585920909409e+26,3.962552128623172e+27,8.933429427460114e+26,-3.2321253594919637e+27,-1.8706928956682573e+27,-1.0024116571204009e+25,6.295111395484863e+26,8.404607051431711e+26,5.785690003621663e+26,-3.441141507380462e+26,-1.3491454594309136e+27
-5.6344681253489326e+26,-1.6042446028245205e+27,-5.0629019808041975e+25,-1.0201534125344298e+26,4.674381695180874e+25,5.153233759234034e+26,-4.752966439872512e+26,-3.531569924727194e+26,-1.6877277910633846e+26,-2.3532899397295614e+26,-4.5602094500850716e+26,-1.686839877882362e+27,-1.5127095561595958e+27,3.1172726717541886e+26,4.40788736962687e+25,3.7370757318432122e+25,-1.026876587494705e+27,-6.110619878792545e+25,-1.0782202225250164e+26,-7.507948440710301e+25,-2.503178543187807e+27,-1.0844817484089322e+27,-8.283096633798012e+26,-7.726264998094958e+26,-1.9699775143164113e+27,-1.9013812423699696e+27,-1.5876633309160863e+27,1.1385011087987602e+27,3.978101773768834e+25,1.7722656695295617e+25,2.8420617835179582e+25,5.198649495508647e+26,4.053742735211553e+26,3.4220233934984235e+26,1.1439489721398332e+27,-9.609908691169134e+26,-2.797132850239617e+27,-3.9460423864885315e+27,1.6297268554247447e+26,-8.487835921423616e+26,-3.0986525716022483e+27,-6.0017910947226315e+26,-7.085816855251086e+26,-4.0415813983085195e+26,-2.4461982102130834e+26,-8.621424829567044e+26,-3.52634824773653e+26,-1.081169968388027e+27,-3.4482347476495565e+26,7.717403456076059e+26,-2.6459955067473063e+27,-2.4604285145941156e+27,-1.4618834499829092e+27,-1.456860060468335e+27,-1.6617661747361077e+27,1.6150011063370998e+27,-1.3169445402651847e+27,-9.976995603229535e+26,1.1142696387053084e+27,-3.0124251098102814e+27,-9.273331920037877e+26,-7.222828301181253e+26,-5.1286809215475574e+26,-7.481997300367293e+26,-1.6468116980094126e+27,1.204814042454827e+27,-4.711404853323481e+27,-1.9962427673567892e+27,-8.066744906957284e+26,3.962987891510808e+26,-1.2929022414554613e+27,1.5123702101761121e+26,6.619062281885013e+26,4.1966806736691614e+27,-1.339200309555466e+27,-3.9518521537534883e+27,-3.757922686428624e+27,-1.36903546088919e+27,1.6646095325298086e+27,-2.4686290119534445e+27,5.5425922405239736e+26,1.9919956649765193e+27,-1.2326971744893402e+27,-2.7914451350335836e+27,7.445836836037734e+25,-1.8500637377127525e+27,-1.882128380504765e+25,-1.4594072606075854e+27,-4.1215878270895224e+27,-5.699701137475781e+27,-5.402558976222124e+25,-8.068722410403162e+26,1.9373762011480452e+26,1.1007799254960064e+27,-2.0352176976268505e+27,1.0657042730203446e+28,-1.5193533607070622e+25,8.298029411097274e+27,1.5754472605596812e+26,4.126961784154921e+27,4.885481515924461e+26,-1.236561138270521e+27,-8.21189135367021e+26,2.6766698830045754e+27,-2.091290255202062e+27,3.818449962398639e+27,8.933429427460114e+26,5.145247480528099e+27,7.922522012382348e+27,9.129483101892814e+27,2.701290990950819e+27,1.7271010284981444e+27,1.355508125113585e+27,2.1443599073622216e+27,3.4924979517693295e+27,4.924370055855635e+27
-2.6833177441577974e+27,-8.960390843273046e+27,-1.3832982426457012e+27,-1.2556872199233683e+27,-9.756644651809373e+26,7.428387383711356e+25,-2.0863737121439505e+27,-1.2093808429119075e+27,1.0385234038310764e+27,-8.685130619428264e+26,-3.671487271893539e+27,-4.594196532302158e+27,-3.688902449109926e+27,2.829232279280938e+27,2.63836459253515e+27,2.504394726313162e+27,-2.7139955525257625e+27,2.7443381463263776e+27,1.922207185977827e+27,2.859311899055424e+27,-3.2174010404507446e+27,-6.0821247973467044e+26,-5.485408345100008e+26,-5.396634102463015e+26,4.965307240481806e+26,-8.747343014167371e+26,2.1004692706017836e+27,-4.038018020520025e+27,3.137684099036061e+27,1.6606293791736766e+27,-3.186427798034103e+26,-9.450482997176196e+26,-6.413283893709582e+26,-6.744168581280182e+26,-3.9259360775838634e+27,-5.353838994116246e+27,-6.06039122381633e+27,-3.949084312084657e+27,1.713494739247766e+27,-1.6095340168927913e+27,-8.718290226330378e+27,-7.649851942811575e+26,-1.6569410624122767e+27,-6.132274346323383e+26,-7.570024651947492e+26,-2.302862643047966e+27,-8.817448046806239e+26,-1.7660846312048632e+27,-7.151115582874855e+26,2.55906682866066e+27,-6.504180177820905e+27,-5.330578806019823e+27,-2.195176085865528e+27,-2.1404709648015773e+27,-2.3950011828069117e+27,3.4440593748254084e+27,-1.2972044625184917e+27,-9.983291053722974e+26,1.384542508136819e+27,-2.3096204055753456e+27,8.276682295530609e+26,-2.3126454344390063e+26,-7.368162246673868e+26,2.2738471576555063e+27,1.204721069918791e+27,4.4408714828279093e+27,-5.919715242088172e+27,-3.257967889427237e+27,-8.259695805596739e+26,2.6477403743178806e+26,-1.2549656748977258e+27,-2.534885329830569e+26,4.572148880886165e+26,4.9233273859126797e+27,-5.511713197926291e+27,-8.703094887036369e+27,-1.4793459503498028e+27,-2.7101491034560027e+27,1.401778824812841e+25,-1.6847912816635715e+27,-2.8136329617525673e+27,1.7850370051457523e+27,-4.367180755335657e+27,-7.876733077846215e+27,9.647059775923767e+26,-4.5099472683215555e+27,-1.0324961054760021e+27,-5.221239372371461e+27,-7.805719423345186e+27,-1.6685641987291724e+28,2.53100991967747e+27,-2.1127444097757315e+27,1.296585005624566e+27,1.1080645935652956e+27,-2.01786469611017e+28,2.1124852618495294e+28,1.2903525323417926e+28,1.4854856786871263e+28,6.244855804035486e+27,7.402907037385756e+27,3.352846785661984e+27,-2.3312871314769473e+27,-6.306213646854967e+27,5.597130705437812e+27,-1.020137669588503e+28,1.0903957180902112e+28,-3.2321253594919637e+27,7.922522012382348e+27,2.6895180965836527e+28,3.30299213240415e+28,1.513966785511784e+28,8.783623397922264e+27,5.89863427051877e+27,8.111117076901286e+27,1.2791003050031475e+28,1.7201523257778447e+28
-2.8440905163313647e+27,-1.1905645689328022e+28,-1.6210238595073193e+27,-2.1092831448321503e+27,-1.2142598386424104e+27,-1.9483429880008946e+27,-3.2554040531953636e+27,-2.0516449230276318e+27,1.7475814361219468e+26,-1.875751114086701e+27,-6.396848713472802e+27,-6.352920094743823e+27,-4.94626801953668e+27,3.032310376303733e+27,1.4741229163068816e+27,2.5009884035041293e+27,-3.211800635928618e+27,2.8312168408728316e+27,1.61347222685666e+27,3.206104474165243e+27,-3.5962896722157023e+27,-5.338472098985265e+26,-5.96400470206297e+25,9.995476465628563e+26,2.721957815656032e+27,-5.538575044837775e+26,6.422252008083599e+27,-7.067318314141028e+27,1.4048757791914896e+27,2.4295996431135396e+26,9.976279586255827e+26,-2.6409300210204744e+27,-2.4612644559318397e+27,-1.4540572019987062e+27,-6.705411325588425e+27,-9.119211774316566e+27,-7.683514025546241e+27,-3.6676240745833755e+27,-6.02745189376884e+26,-2.64695100204709e+27,-1.061341039114456e+28,-1.623497503828368e+27,-2.720555593662151e+27,-1.178621297204836e+27,-1.6612002384542578e+27,-4.0285070522926303e+27,-1.686569445508491e+27,-2.782977520213054e+27,-1.3128960247333198e+27,4.178679415161373e+27,-9.509156538871147e+27,-7.432803839997227e+27,-3.236778393568763e+27,-3.359206638496351e+27,-3.5093091455467555e+27,4.6978986866527136e+27,-1.960038890982238e+27,-1.5128575293455775e+27,2.0914561855394177e+27,-2.488457957139201e+27,1.7323132366186223e+27,2.276358133405782e+26,-4.106748759356703e+26,5.14459762199521e+27,2.3254642452481496e+27,8.70619472373324e+27,-6.326799126924776e+27,-5.400526392153727e+27,-1.4354023680886808e+27,6.495791928820359e+26,-8.003326067708544e+26,-9.498153554708839e+26,1.3952713200234948e+26,3.412809409681742e+27,-9.648538177115063e+27,-1.2104797392223577e+28,-6.111138469430458e+26,-4.767600902886683e+27,-4.952076846870597e+27,1.047345264470373e+27,-7.073974324735234e+27,-5.4249089184226337e+26,-7.646781848530939e+27,-1.3347153471525827e+28,-2.334976997125438e+27,-8.116595465583595e+27,-6.3894672994141e+27,-1.0709329459321528e+28,-9.974301014529017e+27,-2.8556131166859427e+28,5.792165482564761e+27,-2.1186492899446276e+27,3.9984203941757155e+27,2.089436702409954e+27,-2.5715655514460507e+28,2.452114380960735e+28,1.908768959629725e+28,1.8588320448359395e+28,1.1220190232127413e+28,1.0041964861975764e+28,5.717002266392144e+27,-2.946551480777067e+27,-8.330519703269182e+27,7.427911209118391e+27,-1.2660992929092456e+28,1.362034256251887e+28,-1.8706928956682573e+27,9.129483101892814e+27,3.30299213240415e+28,4.647239804801082e+28,2.646333126046895e+28,1.5481121310040974e+28,1.0424748590865856e+28,1.2294247516886306e+28,1.7183266986831557e+28,2.176490939253909e+28
-3.4466446003955915e+26,-6.458430193327705e+27,-3.0013731034079074e+26,-1.0822938897589773e+27,-3.741408529580017e+26,-2.943567094173311e+27,-2.2020399415064878e+27,-1.6640924930834374e+27,-1.526073870860039e+27,-1.8198886849233008e+27,-4.2349430790786124e+27,-2.95903088980328e+27,-1.971627578000897e+27,2.5803270914573532e+26,-1.6779657590077736e+27,-4.180948428928028e+25,-1.097866364392449e+27,1.8657516543866064e+26,-3.1676521767147516e+26,7.923240114401284e+26,-2.4461479084471156e+26,7.907444856143759e+26,1.2787570810913e+27,2.9095544080044027e+27,5.70432766866917e+27,1.811446447051865e+27,9.239213550758794e+27,-6.861827504945174e+27,-2.569814347593366e+27,-1.9078614030463961e+27,1.8332035372398076e+27,-3.1280776633918573e+27,-2.877528542110108e+27,-1.456223024382953e+27,-6.847084223225598e+27,-6.362170520861892e+27,-2.7679067357599544e+27,1.5160959690487208e+27,-3.651645113987668e+27,-2.1401057039022563e+27,-4.355379209800055e+27,-1.7472532621106578e+27,-1.4197869702808637e+27,-1.3243483840358705e+27,-2.6707590026768094e+27,-3.444541166158922e+27,-1.8823171497450345e+27,-2.4772721358817515e+27,-1.4984490461330452e+27,2.1054193541555963e+27,-4.899252439304961e+27,-3.0426411877685516e+27,-2.4260005179791613e+27,-3.431976227079557e+27,-2.566631602339277e+27,2.3226522042494245e+27,-1.7004293899027526e+27,-1.5802669332277886e+27,1.7413475023955242e+27,1.030713321486607e+27,2.8164575350112605e+27,1.8083939544331545e+27,1.4684371270636114e+27,7.687022363745149e+27,3.611420755083273e+27,1.0073426259311693e+28,1.265379301462161e+26,-5.759188469673578e+27,-2.2509690551139472e+27,1.624513886220053e+27,1.590718043406357e+27,-2.572879800898343e+27,-1.2933207460769809e+27,-4.1917806273543746e+27,-7.118882294117664e+27,-5.392113579145412e+27,3.647914319330666e+27,-5.61945072358328e+27,-9.026128030685528e+27,7.868913042369189e+27,-8.008131140894451e+27,-6.333129375904332e+27,-6.412033122991415e+27,-1.0907265425669758e+28,-5.786461552744776e+27,-8.810066594523093e+27,-1.002892532519215e+28,-1.2922892707389075e+28,-5.414858896606734e+27,-2.3727974096604975e+28,6.037666631483685e+27,3.951416410061103e+26,4.6819475427511886e+27,2.255030845222853e+27,-1.5302314513731876e+28,6.605244866362549e+27,1.4385332375818045e+28,6.707578703068526e+27,1.013951192676169e+28,5.246207568930811e+27,4.548157347927938e+27,-1.4008132279044602e+27,-5.092448614372506e+27,4.0155075895484506e+27,-6.781739075342647e+27,6.706120179325418e+27,-1.0024116571204009e+25,2.701290990950819e+27,1.513966785511784e+28,2.646333126046895e+28,2.325908168516983e+28,1.3892718228372915e+28,9.18869474721595e+27,8.612202730772626e+27,9.870620832344644e+27,1.111915696269142e+28
-3.3954614833705676e+25,-3.1035373866357186e+27,-1.1922835944573325e+26,-5.02147062442211e+26,-1.7374770665296535e+26,-1.5344688071195062e+27,-1.1966861249561975e+27,-9.212294925183288e+26,-9.476163220265592e+26,-9.894783776180639e+26,-2.1036177158498156e+27,-1.6927877247541713e+27,-1.180894583225248e+27,4.888007977880194e+25,-1.1292760809841735e+27,-1.591776064742488e+26,-1.1901232408350144e+27,-1.5238116948982378e+26,-3.4472326419692284e+26,2.6024951032244858e+25,-1.23420531528737e+27,-1.1286877205549499e+26,3.902065528420858e+26,1.6499972620157066e+27,2.8914577911542974e+27,2.8937034949053395e+26,5.147077286332168e+27,-3.361371552898297e+27,-1.823479913162721e+27,-1.279308499934564e+27,1.2184084783380902e+27,-1.6527811020181706e+27,-1.5317237738988717e+27,-7.132094874053149e+26,-3.236951121847147e+27,-3.274612947098348e+27,-2.0612606597002176e+27,-6.271286822960892e+26,-2.1433624712342218e+27,-9.43697272821154e+26,-1.6193925275902015e+27,-7.974369669602191e+26,-5.476195654645218e+26,-6.199158909122156e+26,-1.4508851500086298e+27,-1.7972522191197211e+27,-1.0161048114763684e+27,-1.2691201151804973e+27,-8.067254478901645e+26,8.471289379202713e+26,-2.5410457141199265e+27,-1.645429784104652e+27,-1.2009695789827241e+27,-1.8691858669157215e+27,-1.2854881239568678e+27,1.1416904858400413e+27,-9.219518512058276e+26,-8.713378192072684e+26,1.0441412033910497e+27,-1.5816668400178212e+26,1.6579082072430996e+27,1.1579109652661325e+27,9.601354610991444e+26,4.6396409277965475e+27,1.776207972752498e+27,6.335226979464756e+27,2.6465412154469954e+25,-3.2954456295244496e+27,-1.357586769643453e+27,1.0212775804126528e+27,1.0311852725837913e+27,-1.5479188321344401e+27,-8.37569116044841e+26,-2.6102444526510654e+27,-3.561828970596091e+27,-2.964526616900983e+27,1.0918449942983726e+27,-3.086360999045435e+27,-4.7457448247146064e+27,4.70111639284641e+27,-4.2564658337559796e+27,-3.820447763187813e+27,-3.6786666564529865e+27,-5.70743064266009e+27,-3.395267392125793e+27,-4.792473539550046e+27,-5.790023746166028e+27,-7.151361508005977e+27,-4.458381410101876e+27,-1.339443910269364e+28,3.7864209651586214e+27,2.1392435547716857e+26,3.2334231110023114e+27,1.4849920811835474e+27,-7.921397818895421e+27,4.1281315838782205e+27,7.628413674214524e+27,4.362442494600137e+27,6.083572220552035e+27,3.4755089432805865e+27,2.9383195675142794e+27,-9.473791590593638e+26,-3.072445133856897e+27,2.709706809210765e+27,-4.1107281360801003e+27,4.3229506601523887e+27,6.295111395484863e+26,1.7271010284981444e+27,8.783623397922264e+27,1.5481121310040974e+28,1.3892718228372915e+28,8.836323546634678e+27,6.099202507374222e+27,5.689664637999447e+27,6.263977849644572e+27,6.789230608448157e+27
1.0175337528508992e+25,-1.7935420360760232e+27,-8.241903559566324e+25,-3.251282295144559e+26,-1.107885144799406e+26,-9.74297203840105e+26,-7.508400998882927e+26,-5.7531473200657954e+26,-6.302562414503984e+26,-6.17486178751742e+26,-1.3169030044972906e+27,-1.0715529447685269e+27,-7.46363197630561e+26,-1.0304199726916745e+25,-7.841542069852614e+26,-1.4398575322406825e+26,-9.72845837345839e+26,-1.7708261122568948e+26,-2.7405815353298722e+26,-1.6945833371422062e+26,-1.2994249911982827e+27,-4.8932424300052805e+26,-3.394532572782268e+25,9.461593551623113e+26,1.412592983786857e+27,-3.71476969668951e+26,3.008912972195941e+27,-1.77444151652198e+27,-1.298061314876883e+27,-8.944037180515827e+26,8.539777862107578e+26,-9.71069415382621e+26,-9.596138041505738e+26,-4.150199860978974e+26,-1.699310589944907e+27,-2.0432878002541866e+27,-1.463796575527649e+27,-1.1399467617454198e+27,-1.405257753793684e+27,-5.033687573098284e+26,-7.104050839796345e+26,-4.356751079910945e+26,-2.920927516823832e+26,-3.447853545465205e+26,-9.018179691048617e+26,-1.1349046254733588e+27,-6.538680023353706e+26,-7.763550447708139e+26,-5.164895277637361e+26,4.716878158163638e+26,-1.5667092099224077e+27,-1.0182931500265094e+27,-7.125967268426355e+26,-1.1558261276959184e+27,-7.602205998693579e+26,6.720677568802727e+26,-5.572170316989137e+26,-5.34736881695531e+26,6.800022596253229e+26,-4.9737648199532664e+26,1.0063329591898475e+27,7.411100383896048e+26,6.033494267193844e+26,2.9442179950962334e+27,8.574835372358133e+26,4.265150191416948e+27,-1.5202531287171215e+26,-2.088746966246752e+27,-8.72280673506341e+26,6.646271535473853e+26,6.693446243795534e+26,-1.0051289180139556e+27,-5.537339145603842e+26,-1.6413268901151133e+27,-2.1929880353396038e+27,-1.8716506292146114e+27,1.6750962196169583e+26,-1.9286427038419107e+27,-2.8229841796344653e+27,2.991499192190144e+27,-2.605793365563829e+27,-2.4623087541177813e+27,-2.345977188371378e+27,-3.521649006786481e+27,-2.2082046216459004e+27,-2.9862864904681906e+27,-3.715276517610062e+27,-4.482931733017953e+27,-3.329619984898054e+27,-8.556491689636887e+27,2.546049231018912e+27,6.110127678764347e+25,2.366991382772091e+27,1.0596736519028369e+27,-4.6114112317771036e+27,3.1707632266430644e+27,4.4846718367326903e+27,3.3298828649887126e+27,3.962918760334517e+27,2.596826655545474e+27,2.0579675069758568e+27,-7.285637634633948e+26,-2.0300552527595155e+27,2.0536881552342763e+27,-2.7728421595652887e+27,3.1432022459006144e+27,8.404607051431711e+26,1.355508125113585e+27,5.89863427051877e+27,1.0424748590865856e+28,9.18869474721595e+27,6.099202507374222e+27,4.3664627474220547e+27,4.119312718963255e+27,4.4356363088165386e+27,4.6939204199910565e+27
-1.4130154695538845e+26,-1.8980095647358467e+27,-1.2903191616507901e+26,-2.78585460467148e+26,-1.323207785106264e+26,-6.216722422687606e+26,-7.303193835296714e+26,-5.4503718129957506e+26,-3.700267666908144e+26,-5.4937034417141895e+26,-1.2187893294732013e+27,-1.2299649661677574e+27,-9.373082059406976e+26,3.097270305077875e+26,-2.6875065967323627e+26,1.7808819549933496e+26,-1.2222930383657174e+27,1.875337483098264e+26,-5.227097331056528e+24,2.2801001422108543e+26,-1.563182029483575e+27,-6.813063755649656e+26,-3.6210584295597546e+26,3.89882286231792e+26,7.165937433307525e+26,-6.695288075605013e+26,2.1116408915605434e+27,-1.3587023694000512e+27,-5.806221812506113e+26,-4.966892186247898e+26,6.710033884410342e+26,-6.458962742057117e+26,-6.726660024950038e+26,-2.27726604591298e+26,-1.0425758442468148e+27,-1.8796351657902369e+27,-1.8571136079983953e+27,-1.6700816881951066e+27,-7.999017509581316e+26,-3.793127996154526e+26,-1.2811164367684413e+27,-3.3548358416700414e+26,-2.8926062447283556e+26,-2.825996186465402e+26,-6.840662096470571e+26,-9.51628662090473e+26,-4.929265266810202e+26,-6.529723403486979e+26,-3.861124525032658e+26,5.42181896863721e+26,-1.713225179724651e+27,-1.2584233965888645e+27,-6.584551720017823e+26,-9.590070718320524e+26,-7.084959600865299e+26,8.837939574826764e+26,-4.3919004579937114e+26,-4.1295500082759324e+26,6.0131731381377565e+26,-6.752036760076294e+26,8.074741646277278e+26,4.718801572421032e+26,2.420682841740279e+26,2.251072957298645e+27,7.068941003686058e+26,3.490226155756033e+27,-9.693372272186046e+26,-1.7060890289411577e+27,-6.252117551120708e+26,4.279197446172679e+26,2.6143710874885587e+26,-7.113371484870136e+26,-3.719572167963909e+26,-5.0748852938650475e+26,-2.002021918509219e+27,-2.2491173000332582e+27,-1.385415161207464e+26,-1.546898378120002e+27,-1.4813760628840048e+27,1.7786713079394376e+27,-1.831838654680116e+27,-1.4924409336386994e+27,-2.058215419417803e+27,-3.1682249977255216e+27,-1.3954253325886234e+27,-2.4613441643229204e+27,-2.537137688459222e+27,-3.589453390698972e+27,-3.775848596675419e+27,-7.813420478079302e+27,2.2706125741719183e+27,-4.196513235307728e+26,2.000868491879765e+27,8.53144755574288e+26,-5.568926226223996e+27,5.423367079526311e+27,4.6186833158670616e+27,4.6419093621837234e+27,3.760557414660893e+27,3.0165748523846365e+27,2.1575408458723076e+27,-9.374484680578988e+26,-2.5022067984917707e+27,2.4561160233634806e+27,-3.6186973266364464e+27,4.104668237380567e+27,5.785690003621663e+26,2.1443599073622216e+27,8.111117076901286e+27,1.2294247516886306e+28,8.612202730772626e+27,5.689664637999447e+27,4.119312718963255e+27,4.4148514970857495e+27,5.342531487024945e+27,6.058366406514945e+27
-5.5369557378165966e+26,-3.094204729946441e+27,-3.037849234283009e+26,-3.357553889590982e+26,-2.5724700947933807e+26,-3.0631580419511955e+26,-9.841116815751058e+26,-6.916942657803078e+26,-4.893072339260111e+25,-6.19824019074752e+26,-1.522692181085276e+27,-1.8904056699736012e+27,-1.5121387892839795e+27,8.906143096025298e+26,4.72793127660183e+26,7.23586295009591e+26,-1.660616140711136e+27,8.072324047851143e+26,4.5868388440546274e+26,9.289133693164449e+26,-1.9547047268867221e+27,-6.650331380974912e+26,-4.883905862862937e+26,-1.2492057910675992e+24,5.662226280555312e+26,-6.940329806627218e+26,1.9035390702069672e+27,-1.7839648930081583e+27,4.053276346228575e+26,7.2619893000865636e+25,4.177218468154431e+26,-5.698745020208271e+26,-5.207139931615747e+26,-1.7907017319463403e+26,-1.2693807192960861e+27,-2.3557382408700586e+27,-2.8191756303426193e+27,-2.2301298467050617e+27,-1.0770063265270596e+26,-4.6466305164334246e+26,-2.7839521686694783e+27,-3.525231716994627e+26,-4.2873228804325376e+26,-3.224853620060896e+26,-6.446036781210709e+26,-1.0734692176821963e+27,-4.741799104441881e+26,-7.82991601709678e+26,-3.7348403090062055e+26,8.362317224299106e+26,-2.5607169159778487e+27,-2.037986627449527e+27,-8.994217808996985e+26,-1.1182934762956721e+27,-9.855638126997058e+26,1.4548578363038193e+27,-5.475288889514196e+26,-4.7769562139326335e+26,7.36937686439306e+26,-9.116929701779849e+26,8.48837674051027e+26,3.0924053372218315e+26,-4.234075652539542e+25,2.1693199413133995e+27,9.172635842209035e+26,3.490950111443156e+27,-2.113502990124082e+27,-1.8921142178036065e+27,-5.904470352739209e+26,3.244842145262625e+26,-1.4686466835989995e+26,-5.644806056957025e+26,-2.1540078368418106e+26,7.818214677427395e+26,-2.4588141257026402e+27,-3.5133121394349046e+27,-2.942612986792763e+26,-1.64910585637358e+27,-5.8134148204643065e+26,8.394674586851668e+26,-1.6333528232197023e+27,-6.653418960768093e+26,-2.39842242519712e+27,-3.8515848859584667e+27,-6.606287939470275e+26,-2.684652367321575e+27,-1.795174288344128e+27,-3.6586227133669503e+27,-4.936607904460056e+27,-9.267282255788653e+27,2.2765869099868372e+27,-9.528112761117665e+26,1.7034287227873765e+27,8.112131096618233e+26,-9.018950184187852e+27,9.196161937281958e+27,6.512994922213799e+27,7.011407109052552e+27,4.317108998491388e+27,4.015089607069474e+27,2.5036127669107305e+27,-1.3114334443751312e+27,-3.583183647875182e+27,3.25245088749268e+27,-5.4188878961704e+27,5.916423081753683e+27,-3.441141507380462e+26,3.4924979517693295e+27,1.2791003050031475e+28,1.7183266986831557e+28,9.870620832344644e+27,6.263977849644572e+27,4.4356363088165386e+27,5.342531487024945e+27,7.304971835071898e+27,8.940621721661006e+27
-1.1493725932976217e+27,-4.764822081285925e+27,-5.844452803507365e+26,-5.098466691585382e+26,-4.535613777316044e+26,-7.356466406300339e+25,-1.3466960416536603e+27,-8.900888139167789e+26,2.7045842241795582e+26,-7.235388002275538e+26,-2.0443831947015789e+27,-2.7220100151339635e+27,-2.1948337219639488e+27,1.478972520867931e+27,1.1840660863939806e+27,1.2584728648615183e+27,-2.009173879978056e+27,1.3968141355812645e+27,9.261818997154149e+26,1.5504414989526808e+27,-2.3659813387286205e+27,-6.0604698434483985e+26,-5.059260358850173e+26,-2.5604849559220245e+26,4.790293360700942e+26,-7.196320109866242e+26,1.7971625988059152e+27,-2.4152780277109277e+27,1.32657398640054e+27,6.433065027913155e+26,1.1640277987105327e+26,-6.169803894674886e+26,-4.6967931103158955e+26,-2.6150111624116897e+26,-1.957356572069023e+27,-3.139237129273842e+27,-3.8700617336893956e+27,-2.8339811448003505e+27,5.210109704927131e+26,-6.923741023865443e+26,-4.4529225595686306e+27,-4.2304830161368096e+26,-6.83117935925467e+26,-3.971443674209052e+26,-6.714758847206981e+26,-1.4016998482763006e+27,-5.824402219202935e+26,-1.0692711170014273e+27,-4.675367014031713e+26,1.2382923338490412e+27,-3.693716444893223e+27,-3.015856184942656e+27,-1.2860463770102636e+27,-1.429996888528701e+27,-1.4120342693663892e+27,2.0469000298903104e+27,-7.880919134764844e+26,-6.472825427967524e+26,9.394477506211703e+26,-1.3592305078647848e+27,7.965207964464191e+26,1.2166992361210802e+26,-2.6235092780860076e+26,2.0978475935391732e+27,9.665507239276946e+26,3.6499537912659094e+27,-3.3359115652420604e+27,-2.3004883542735153e+27,-6.76365534474362e+26,3.187223086256161e+26,-5.135305327108857e+26,-4.67965137293049e+26,-3.916903320002315e+24,2.1555429162435024e+27,-3.217352930057863e+27,-5.050314087398758e+27,-7.267614335463498e+26,-1.9510203481687603e+27,-1.3576211496505525e+26,-2.0638104169919165e+25,-1.8094945213531503e+27,1.5765366960212922e+26,-3.0068788280030407e+27,-4.928028072263908e+27,-9.202351395353347e+25,-3.1775485009121857e+27,-1.4259328573972857e+27,-4.010976515776775e+27,-6.052528945209615e+27,-1.1241081161962074e+28,2.216664845210337e+27,-1.3082324924161982e+27,1.4087035119399717e+27,8.930533802689034e+26,-1.2491708809400361e+28,1.295837299682725e+28,8.396559359961983e+27,9.421239626674632e+27,4.764580932227949e+27,5.019138885591284e+27,2.694425245193908e+27,-1.623617749237766e+27,-4.4469310398788117e+27,3.948962819959706e+27,-6.950805330748755e+27,7.466901817100932e+27,-1.3491454594309136e+27,4.924370055855635e+27,1.7201523257778447e+28,2.176490939253909e+28,1.111915696269142e+28,6.789230608448157e+27,4.6939204199910565e+27,6.058366406514945e+27,8.940621721661006e+27,1.1509867969879721e+28
