0,1,2,3,4,5,6,7,8,9,10,11,12,13,14,15,16,17,18,19,20,21,22,23,24,25,26,27,28,29,30,31,32,33,34,35,36,37,38,39,40,41,42,43,44,45,46,47,48,49,50,51,52,53,54,55,56,57,58,59,60,61,62,63,64,65,66,67,68,69,70,71,72,73,74,75,76,77,78,79,80,81,82,83,84,85,86,87,88,89,90,91,92,93,94,95,96,97,98,99,100,101,102,103,104,105,106,107,108,109,110,111,112,113,114,115
2.7666876458935136e+27,4.064744873961332e+27,-1.6952639605850553e+27,-4.100363523796926e+26,-9.367678942823574e+26,-5.015694818673233e+26,-1.3871618431344915e+26,1.697120171006331e+26,3.2284678744392154e+26,1.886633389555538e+26,-4.2526128214820804e+26,-5.182486687228805e+26,-2.2149762461242667e+26,3.1543565643554674e+26,6.380046971947717e+26,3.7378151141014286e+26,3.149949489843392e+26,4.7740123022389204e+26,5.56204080850568e+26,4.997011760693841e+26,-8.16550465187146e+26,-3.480960875110255e+26,-4.135968176306115e+26,3.628996493332739e+26,-6.77877535837726e+26,-5.257845939455808e+26,-4.24460507571577e+26,5.008458845788059e+25,9.216300251313131e+26,6.722952188313334e+26,-3.590163239510657e+26,-2.3150223072323044e+26,-4.270184304118437e+25,2.1581259063150638e+26,-2.0245350187148947e+26,-1.0214292861321786e+27,1.1633822689028322e+27,-1.9016231992892477e+27,3.690324045367165e+26,1.4360845360593895e+27,9.555910138038028e+26,5.683260827047719e+26,5.3256558166671526e+26,1.896523796828473e+26,-6.001058802286178e+25,-3.4508954098420695e+26,-9.025880512541518e+25,3.3373060095929506e+25,1.7679960987441733e+26,8.161034021056477e+24,-5.741872765485952e+26,-5.0688830783425e+26,-9.935453008254006e+24,1.9233382651809618e+26,-2.881104273562892e+25,-2.674024380800984e+26,5.422422708118575e+25,-1.1194646201283624e+26,4.414128788799037e+25,5.683539047784741e+26,-2.7298270133226245e+26,-2.2871555186047798e+26,-2.437688107525709e+26,-8.00727936052501e+26,-4.314709784774158e+26,-6.089451355206214e+26,6.194618751508926e+26,3.471165834378818e+26,1.9460226513301736e+26,-2.112751165321768e+26,1.750487631594946e+26,1.6357334955183346e+26,4.4249623828249774e+26,1.2966829670178316e+27,4.445266252490369e+26,-1.0186806342500246e+27,7.663523972213464e+26,4.4766110966215984e+26,5.515896809702417e+25,1.1653792830129043e+27,3.163830460161482e+26,1.247383008702228e+27,-1.4928368260166875e+27,1.0637232336412127e+27,-1.0473765812142967e+26,6.927410910955082e+26,-3.5988436368460336e+26,1.1307935851499043e+27,-3.716839406003659e+26,1.4655382517348197e+27,-4.724080906109383e+25,-5.387126166724969e+25,-7.545350540692014e+25,-7.272715769778017e+25,4.3038830009583095e+26,2.188992081253127e+27,4.147943312918029e+26,1.1942173902444184e+27,1.0318136667651288e+26,1.2369235797630082e+26,1.6116771261779816e+26,2.063245610901599e+25,2.815630013893292e+26,1.5673927863132683e+26,-1.145257895050462e+26,3.169687328150305e+26,1.6450824194527e+26,6.621400512733442e+26,1.353044708993567e+27,2.0264410234527683e+27,1.621413065146889e+26,-4.0020262307691977e+26,-3.381419953952103e+26,-1.6227406742021274e+26,6.755312956162627e+25,4.290485192600283e+26
4.064744873961332e+27,8.064741100985982e+27,-2.3122702217133886e+27,-7.741234278845225e+26,-1.343875679310719e+27,-1.4032292138328665e+27,-1.978753620211843e+26,1.4515460490815189e+26,2.2450802466037733e+26,-5.630859943147115e+24,-4.767882856701687e+26,-1.1869065865933565e+27,-1.8853353816561978e+26,7.28875242821999e+26,9.231044768213052e+26,9.572668813946706e+26,1.0301649033604542e+27,1.3231575796362165e+27,1.278432390301699e+27,1.1215517227838964e+27,-2.0581626717525622e+27,-8.504490939082866e+26,-4.839398372790154e+26,7.766194350449814e+26,-4.845789061463919e+26,-1.099865125477037e+27,8.937592273121255e+26,-1.642299335167133e+27,1.5957987523472642e+27,1.10313060022026e+27,-3.6813260901838404e+26,-8.027036538022162e+26,-5.337697813813271e+26,8.0698011467838e+26,-5.847029533236188e+26,-1.993205438595911e+27,2.767002810427246e+27,-2.824625488173171e+27,-6.996493743111311e+25,1.2030025518089738e+27,-4.2525130486655525e+26,1.4515122661473645e+26,2.1704347994318805e+26,-1.2641412241765983e+26,-5.53882047635653e+26,-3.617401030234588e+26,5.050422402116785e+25,9.852631711396666e+25,4.3124795941645846e+26,3.39361665783657e+26,-1.3253202881861436e+27,-1.2710553931549433e+27,3.860845394771789e+26,2.028814948814239e+25,-6.625120788929224e+26,-9.51181902793861e+26,-4.569264413137246e+26,1.1359825765594164e+26,-3.210819644509323e+26,1.7884182962802883e+27,-4.262431127973991e+26,-1.756054425531188e+26,-2.203698898938762e+26,-7.659725394486936e+26,-8.410727716179435e+26,2.903844087404842e+26,1.9500796342517977e+27,8.965932035630991e+25,1.0982026834925498e+26,-3.1074780412342693e+26,6.386894347201117e+26,6.739647665862096e+26,5.164119438808408e+26,2.556533015103415e+27,6.0028285860331024e+26,-2.8072583576436805e+27,3.2908950222488435e+27,8.494668935633753e+26,-9.022811319288057e+26,2.3202621979177038e+27,1.5575555260103735e+27,1.889538804146602e+27,-3.9784074649912754e+27,1.4377421146014324e+27,-1.2752834361363697e+27,1.248147452057319e+27,-2.337087863039938e+27,1.9988115689600825e+27,-8.340615897925258e+26,4.343502038960448e+26,-7.17331063819193e+26,2.5338183299202208e+26,-2.2832566600117723e+26,1.941567888095632e+26,-3.6026390514944227e+27,6.212077685549444e+27,-2.631866137878861e+27,3.9321045207389695e+27,-1.376562391679681e+27,1.349187944268949e+27,-2.467558512908822e+26,2.9135345838535464e+26,-3.948452346211657e+26,7.826594441818528e+26,1.123006473512638e+27,1.6740380211140109e+27,-1.5958406997449424e+27,2.0058448129207497e+27,6.967506289573649e+27,9.606512361986622e+27,4.2723604015697146e+27,9.78232727843958e+26,2.5547827366234997e+26,6.072944802267426e+26,1.6980735499785768e+27,3.3614228725147007e+27
-1.6952639605850553e+27,-2.3122702217133886e+27,1.2455678284589758e+27,3.704130338786009e+26,7.794910105828438e+26,3.84710698071955e+26,6.526394507139551e+25,-1.448490126071292e+26,-2.8315485628539947e+26,-1.5935137253366046e+26,4.2342718289295445e+26,2.2111607137200364e+26,5.39159575395222e+25,-2.4869918260615672e+26,-4.611617961972187e+26,-2.885848397002398e+26,-1.218213058115048e+26,-2.7906805304572043e+26,-3.426975757750603e+26,-2.3107899304308497e+26,2.9241288386951956e+26,1.09964439818403e+26,1.4778956348015888e+26,-1.5795914516404857e+26,2.304792402713236e+26,1.6938138509842e+26,1.2197291530877636e+26,1.6215727044105667e+26,-5.391834313038937e+26,-3.526588012047261e+26,1.4619661668758477e+26,2.199345389449119e+26,-1.5550933672286165e+26,8.34618729125106e+25,4.673430029373973e+26,9.518391408709871e+26,-4.595405717093628e+26,6.485969325440297e+26,-2.9725405376166917e+26,-7.533945555476184e+26,-4.3836967661124107e+26,-4.0444856836989556e+26,-3.3034709486906025e+26,-2.001849160860628e+26,-7.608146540760838e+25,2.4441624468234402e+26,1.0124539343412702e+26,2.3386584973509034e+25,-2.1810217168635777e+25,1.58335573540245e+26,2.4566246548804863e+26,1.7015860920744356e+26,3.3065452122674124e+25,-6.064279670569012e+25,-3.8571973950154077e+25,5.031733018824664e+25,-9.202256712912483e+25,6.5853728794127295e+25,-9.321451196479193e+25,-1.7742070596568448e+26,9.760542624685394e+25,1.2530747971346351e+26,1.0405296984504906e+26,3.058764639041412e+26,1.304529270668135e+26,2.9195512306043436e+26,-1.637216940855938e+26,-1.0548685056045189e+26,-4.3283829766575434e+25,1.9662900688927258e+25,-2.041422679169085e+25,1.8122324538874863e+25,-1.4477252303723626e+26,-3.9402953271164126e+26,1.0272094007235743e+24,4.1433697373689846e+26,-2.225632107652644e+26,-8.24764730656017e+25,4.0222725623198505e+26,-3.211122130580734e+26,1.3978518278646459e+26,-4.37777582452217e+26,9.870202646152474e+26,-2.6933035010090104e+26,-6.723832835113745e+25,-1.4175302197488522e+26,-6.39333352997342e+25,-2.7638665749344115e+26,-4.6528360929081746e+26,-3.163532770982517e+26,6.905745715513783e+23,6.885690758510094e+24,-6.571486379631195e+24,9.57700349591666e+24,1.1773058088302085e+26,-7.66194647495947e+26,8.24213506958914e+25,-3.7965902648363225e+26,-1.3814864795483238e+24,-2.3849232181026955e+25,-1.4595566379570909e+26,-4.483665102527687e+25,-1.7380428490014738e+26,-1.4913882711375871e+26,-1.7173470333792328e+25,-2.5524099589742108e+26,4.149601147772801e+25,-2.5884399954226923e+26,-6.616952303257769e+26,-9.920832102867285e+26,-1.024607175118597e+26,1.625781223817622e+26,1.361666609684268e+26,1.8958900424800823e+25,-1.1252163862620915e+26,-2.765581373346314e+26
-4.100363523796926e+26,-7.741234278845225e+26,3.704130338786009e+26,7.843844923095625e+26,6.861130331511329e+25,-1.8999634529201485e+26,-2.225515666338193e+26,-2.7230705915520326e+26,-3.3029166529263174e+26,-2.7297416179785685e+26,1.645755504329305e+26,5.745953101966617e+25,-1.560704748265878e+26,-2.25540481277168e+26,-3.048795953378103e+26,-2.1072545444585485e+26,-3.956906052003179e+25,-9.811789116230072e+25,-9.658922570766323e+25,5.273513705499451e+25,2.4243659372049153e+25,-3.318483718550726e+25,-1.2823427359814084e+26,3.898242316159898e+25,-2.389566217059481e+26,-7.047976737006028e+25,-3.450708590425431e+26,5.340236152286081e+26,-1.982236806593744e+26,-2.5374574960110436e+25,-6.971937652591486e+25,2.7770721560749042e+26,-5.082074343330843e+26,6.71082791636844e+26,1.0484588522226477e+27,9.083595898069061e+26,-5.450551535933104e+25,-4.6890734695343914e+26,-4.249769618337632e+26,4.7008867760171075e+26,8.534772208023119e+26,3.5198570946221866e+26,5.0488940252119365e+26,1.3425724366409711e+26,1.2290502969983631e+26,1.634742228899208e+26,1.3995379708591326e+26,1.889035006642087e+26,8.817025025818233e+25,8.14085484675851e+25,1.5288208296636271e+26,6.103419698603157e+25,-1.8221581805527137e+26,1.9501344633585536e+26,1.897186164717851e+26,5.88272360198905e+25,7.887407046393235e+25,-7.351440150388562e+25,4.3098817344609177e+24,-1.0672759506419604e+26,-5.684738541781048e+25,-2.4818077518470083e+25,-3.517204642452345e+25,-1.8725614587546965e+26,-8.00381927692215e+25,-1.735619950422498e+26,-1.2455094219538163e+26,2.093776958446092e+26,9.754755904506873e+25,-4.912550652079216e+25,-5.573050721703327e+25,-5.84348824165587e+25,-1.0466766143922653e+26,-2.5149398865379e+26,4.598680868775737e+26,4.1196012350094166e+26,-3.840502329166323e+26,1.5609454457081482e+26,9.93929758131433e+26,-1.4550965715864726e+26,9.260540846544172e+26,-2.1125365500463708e+26,-6.429120041414991e+25,4.023568971680475e+26,-6.216166470054168e+26,1.9736195127367168e+26,-9.088909084984613e+26,1.5361872632152432e+26,-1.7765977070802098e+27,1.0506274557388284e+27,7.456482444958368e+25,8.582610473247682e+23,-1.964462757418364e+25,1.460312110044217e+25,9.342564397681215e+26,-4.529665240646375e+26,8.688697327367021e+26,-2.488077374114961e+26,2.7086605982844407e+26,-4.529023162149756e+25,5.486100524024077e+25,1.0417113243457514e+25,5.824626669254002e+25,2.2147648009490523e+25,6.136548201401975e+24,2.488920320824425e+25,2.44252645978938e+26,-6.644317288552143e+25,-6.712756415361957e+26,-1.621716099985028e+27,-8.138116850886564e+26,-2.076965346941382e+26,-7.583035976821826e+25,-2.2311294670046447e+25,-4.8985075739239215e+25,-1.7434759444247927e+26
-9.367678942823574e+26,-1.343875679310719e+27,7.794910105828438e+26,6.861130331511329e+25,6.514943467052385e+26,5.242025883454335e+26,1.0451664351997319e+26,2.5597551155059125e+24,-8.188246740504487e+25,2.920208207261928e+25,3.467666124460104e+26,9.126179430592203e+25,1.036019961407721e+25,-1.500495372239492e+26,-2.202403551898611e+26,-1.9785496986344123e+26,-3.935512297235495e+25,-1.8360658301643293e+26,-2.2431062386671363e+26,-1.2123200477945983e+26,6.330854329311042e+25,2.3287034589206616e+25,4.23239430756434e+25,-6.833451760028677e+25,5.886080491076142e+25,3.103255868168687e+25,-1.9763574911755427e+24,2.1957507233388296e+26,-2.4201360772016768e+26,-1.5590593959501924e+26,2.0478005652517422e+25,1.3381786913792996e+26,1.2080575494917583e+25,-1.3571045429755637e+26,1.4393876890453148e+26,6.588993903380942e+26,-1.557274260919675e+26,1.4760174835193264e+26,2.318757086636031e+25,-4.438607860302869e+26,-2.9320259912956556e+26,-3.1791244208793004e+26,-2.8684807828300632e+26,-1.6611016331326887e+26,-1.1850294330834508e+26,1.3838526886772128e+26,5.398395457645621e+25,1.6643653993581543e+25,1.4500857676167196e+25,1.753352088193299e+26,9.47832849723893e+25,3.401073626651853e+25,2.795606376593057e+25,-6.350577703387088e+23,-3.899331586827249e+25,-3.3505761668935425e+25,-6.373051932727419e+25,2.4651808047741407e+25,-7.28778656248753e+25,8.662580365029012e+24,4.470879947193073e+25,7.95611658462974e+25,3.8305494442607984e+25,9.916253560157596e+25,2.751719580157522e+25,1.0332881274615687e+26,-2.7611048073686487e+25,1.098593014376692e+25,2.020627467717151e+25,-4.605120438681615e+25,2.2211499914094786e+25,8.85843278567661e+25,-1.6567005297646742e+25,-4.435707597740814e+25,1.2027833620076346e+26,1.398862397791611e+26,2.896356847950624e+25,5.681159658436055e+25,3.53138738507818e+26,3.866842867051521e+25,-1.660083465929472e+26,-5.1694380737872096e+25,9.82424345393431e+26,5.634558182369827e+25,2.5676913412852478e+26,8.187801521120242e+25,3.0266038679748753e+26,1.01640210619734e+26,-2.5783170206070183e+26,1.5287260663098868e+26,-1.224121358623953e+25,-4.649890399212703e+25,-6.6884216123096746e+25,-4.9415113545225085e+25,4.295096608757787e+26,-2.5499440467646637e+26,2.65261955784017e+26,-1.2179196357167472e+26,2.69894877337579e+25,-4.909613333165563e+25,-1.3045552889480921e+26,-7.559631657225157e+25,-1.0976320569409296e+26,-1.6446212205531646e+26,-1.1800912609312427e+26,-2.5270470167553434e+26,2.0385878100768857e+26,-1.5067171542522497e+26,-5.065857134009519e+26,-5.7063637412869885e+26,-1.1989071751149713e+26,2.8562776192802792e+25,2.828079523098328e+25,-6.945572309349487e+25,-1.779609821187058e+26,-2.9762028948394565e+26
-5.015694818673233e+26,-1.4032292138328665e+27,3.84710698071955e+26,-1.8999634529201485e+26,5.242025883454335e+26,1.0807090968820844e+27,2.6358243611859796e+26,2.9851474811134523e+26,3.862923534225117e+26,4.399926907085983e+26,3.265313600357613e+26,1.7557602991630574e+26,5.065214097041995e+25,-3.1842335991711914e+25,1.9475681231629108e+26,-1.5151966688286297e+26,-1.2002991722716359e+26,-2.88152716578963e+26,-2.691121758969554e+26,-1.7608358152545544e+26,9.171297248732825e+25,4.7819872212094315e+24,-1.0988401232318365e+26,-1.8782301421917348e+25,-2.4515361897022e+26,-4.040414826975752e+25,-4.9457045831236435e+26,8.390940640298285e+26,7.1829521268166405e+25,1.7917322155303461e+25,-1.8550368594668453e+26,1.667677887847806e+26,6.220262568110269e+26,-8.95526519477534e+26,-4.787535106410616e+26,5.716640408769648e+26,-3.2105552570709e+26,-8.909214448475212e+25,8.355241421739478e+26,-2.37692698237615e+26,-1.4168589007906634e+26,-2.0978361525996473e+26,-2.0898735735434884e+26,-1.0574316566412944e+26,-1.4001793072256875e+26,1.283999237939594e+26,4.531812768284069e+25,5.681202781371506e+25,3.7768387802896178e+25,1.627255007028277e+26,1.851674505118462e+26,1.2499701270988373e+26,-4.195533001204578e+25,1.1496680320532702e+26,8.170879113794061e+25,2.8750290528852636e+25,5.973900171469145e+25,-4.273202610291212e+25,2.999225665003697e+25,-3.228246331240763e+25,5.62585723584158e+25,3.308450363441429e+25,-9.219981787540147e+25,-2.023127529486971e+26,9.602562350932985e+24,-3.711337969749172e+26,-6.752036621347642e+25,2.0946685204602617e+26,1.1100042845248241e+26,-1.2360462514966476e+26,2.2030523114379034e+25,1.5971105340170827e+26,3.36635152061627e+24,3.154870304036803e+25,2.2469288122382938e+26,3.6337540824354334e+26,-1.969090640982435e+26,2.185120169162904e+26,3.806461628756107e+26,2.357762041167338e+26,-1.388345931203068e+27,1.2382499661782096e+26,1.9414158297594522e+27,3.7874612831361625e+26,1.3922214618332135e+27,3.276279836929121e+26,1.853265147129201e+27,4.72511903102302e+26,7.659887929022409e+26,1.0757413621804601e+27,1.653997931329203e+26,-1.8937794693658738e+26,-1.544367020446861e+26,-1.9103444139187547e+26,1.870305196182403e+27,-3.5697985963082964e+26,1.3371134119171916e+27,-2.642291034999351e+26,4.5928618615713104e+26,-2.8375083806125753e+26,1.1137641743636663e+25,-1.5138711533983792e+26,1.7963531268846022e+26,-2.28875701684693e+26,-5.2499212404669065e+26,-3.937732599066105e+26,9.850834658604177e+26,-1.83325934067161e+26,-1.410185383996569e+27,-1.6443521932914228e+27,-1.0043462691201386e+27,-4.412531869873346e+26,-2.5857685051922408e+26,-3.383700601534371e+26,-5.457202177323546e+26,-8.509650157475462e+26
-1.3871618431344915e+26,-1.978753620211843e+26,6.526394507139551e+25,-2.225515666338193e+26,1.0451664351997319e+26,2.6358243611859796e+26,2.775082213626834e+26,2.5539734351449735e+26,2.8111422956832447e+26,2.1182334948811277e+26,1.6163319606809605e+26,9.162912796827534e+25,7.354000856715424e+25,2.2304944494847637e+26,2.7193344522024055e+26,1.751015341678742e+26,6.97642543437071e+25,9.013148785382773e+25,8.546704883611538e+25,2.829674907689791e+25,-1.0288903277746822e+26,-3.1109877923512794e+25,-1.964410281569673e+25,5.316402815565075e+25,-6.547202061911641e+25,-5.4794249101930705e+25,-2.2725022817262746e+25,-8.587910241770264e+25,2.4310445450778245e+26,1.2456965843773859e+26,-7.78642922794706e+25,-1.179470409120827e+26,2.731143540702641e+26,-3.5737172305415175e+26,-5.3066692823988755e+26,-2.921631110225531e+24,-6.6881628807090045e+25,-2.3210002678578335e+25,3.9735462588486547e+26,-2.715816678119108e+26,-3.4759120516482894e+26,-1.7736221766289297e+26,-2.216451971576354e+26,-7.025198332358524e+25,-7.444395373944696e+25,1.3809440189150635e+26,5.110488690363171e+25,4.756696798974498e+25,1.544203997890214e+25,7.903882413533924e+25,1.2083154471691589e+26,2.076059139443003e+25,-3.580104606514817e+25,5.872561028417073e+25,5.865365136759538e+25,-3.5839869051566916e+25,2.7748149401768383e+25,-2.3876528893810713e+25,-6.970205744014331e+23,7.042678301397148e+25,3.2385936025143327e+25,3.3182650667986806e+25,-3.4573058543738846e+25,-5.465925871934395e+25,-1.217719394243437e+25,-6.638550293911779e+25,-1.5477936751237653e+25,8.708239336152754e+25,4.532238625259142e+25,-4.538369216703163e+25,1.8206898082639673e+24,7.542930541968043e+25,-3.4896020777169498e+25,-4.77412135811891e+25,-3.938820966784763e+25,1.528607306321986e+26,8.74834936246983e+25,1.0466545172231983e+26,-2.9207710127314215e+26,6.247445365645894e+25,-6.039650685798195e+26,-1.5360875075270618e+25,7.361772721487768e+26,1.2191997558020422e+26,6.170547303494378e+26,1.5445079560879941e+26,8.017681918820356e+26,2.1254394304034977e+26,8.904583252557863e+26,3.382781783233746e+26,-7.309253572296292e+25,-6.006710586285537e+25,-7.151553224138755e+25,-5.1369097706675e+25,1.5755334998537986e+26,-2.7439285188671677e+25,-1.7826605178587405e+25,-2.607191116117709e+25,-4.34118731319741e+25,-4.861043703673472e+25,-9.591266015907228e+25,-3.6317173818308405e+25,-2.6163374224940027e+25,-4.56725704179709e+25,-1.4674480546835123e+26,-1.0751373561169899e+26,8.510767363951446e+25,-6.853901857470446e+25,-1.6759600404726527e+26,2.2306439992543904e+25,-1.090043982248618e+25,-5.30193892825477e+25,-5.592517310092084e+25,-9.777781151389166e+25,-1.3579053972972004e+26,-1.6722720131033087e+26
1.697120171006331e+26,1.4515460490815189e+26,-1.448490126071292e+26,-2.7230705915520326e+26,2.5597551155059125e+24,2.9851474811134523e+26,2.5539734351449735e+26,3.155044027121125e+26,3.9544673855790095e+26,3.001989562174569e+26,1.433597956434677e+26,5.5762449548067295e+25,2.1794508493006845e+25,2.405799389718097e+26,4.2484406439074696e+26,1.9027929748967228e+26,4.060280885895527e+25,9.004910756525683e+25,1.3827564845635081e+26,5.112022996797155e+25,-1.1900293453107151e+26,-3.3384325558144404e+25,-5.945357732891871e+25,7.691181263452877e+25,-1.3033900214733531e+26,-7.012222343559782e+25,-1.2055213323221749e+26,-3.2397328564097754e+25,4.095180563362252e+26,2.4645376349232657e+26,-1.560094108616172e+26,-1.747364499361571e+26,3.640085339834382e+26,-4.7307498544250705e+26,-7.388527924734026e+26,-2.6345345012261e+25,8.138822425332053e+24,-2.0406792218430774e+26,5.7477772788803775e+26,-1.2439584161026307e+26,-2.656005999768677e+26,-1.1106620646234007e+26,-1.372301310222429e+26,-4.453362564190422e+25,-8.447083886311559e+25,9.113783935314315e+25,3.94289398470421e+25,5.092702347854169e+25,3.3095180565611158e+25,1.0004981783496925e+26,7.701851410149064e+25,3.5326625770066313e+24,-4.504200866974722e+25,7.250940447794387e+25,6.446404400175707e+25,-4.149887258870001e+25,4.445129174521239e+25,-3.437786339468039e+25,1.605506602216938e+25,9.257680617045126e+25,2.562178971907593e+25,2.131541755204077e+25,-5.091176730824309e+25,-1.1217900571849768e+26,-2.2409042544925518e+25,-1.4521035354522329e+26,1.6721153286624333e+25,1.1158512779243085e+26,5.093946022999762e+25,-4.967538788456257e+25,1.4660046005153798e+25,9.985879783214876e+25,-2.7626694358000865e+25,1.7071710516747948e+25,9.171661940928834e+25,9.752915428340982e+25,1.1581028364734883e+26,1.45989323659068e+26,-3.281031864366742e+26,1.4576095815319524e+26,-7.95552331972036e+26,6.944946837931477e+25,7.278509336290062e+26,2.6514398025064852e+26,7.760341438273367e+26,2.2491660222632022e+26,9.94178236857993e+26,3.288914825658598e+26,9.381732050631416e+26,4.883097903730407e+26,-6.38434953557945e+25,-7.358132918272273e+25,-1.0185572680098805e+26,-6.9004850585685905e+25,3.760031870108952e+26,6.150367115966469e+25,1.3528343750593599e+26,1.900766963542372e+25,2.0624092577586213e+24,-6.509274221712226e+25,-8.373498115671372e+25,-3.937876477389069e+25,5.466977206889708e+24,-3.5817765927616326e+25,-1.843670092497243e+26,-8.681622278805869e+25,1.6493591541434023e+26,-2.9200216545484845e+25,-2.3920456429063692e+26,-7.030966378282068e+25,-1.3843448114623165e+26,-1.389474461915024e+26,-1.124629704447287e+26,-1.4025690632406114e+26,-1.717291790537204e+26,-2.0653908740758353e+26
3.2284678744392154e+26,2.2450802466037733e+26,-2.8315485628539947e+26,-3.3029166529263174e+26,-8.188246740504487e+25,3.862923534225117e+26,2.8111422956832447e+26,3.9544673855790095e+26,5.811132853313621e+26,4.1211459659385936e+26,1.1220999079261402e+26,9.263273419912725e+25,9.143681076544746e+25,3.195236364950365e+26,6.957875993688776e+26,2.804009885372722e+26,-2.015682810761367e+25,8.568254085808111e+25,2.1663940963356016e+26,2.6004507997287617e+25,-5.345129557331603e+25,-3.7460483219676667e+25,-1.2095285517566217e+26,1.1094983999514056e+26,-2.489382710508346e+26,-9.364379450339098e+25,-2.923429197954185e+26,3.845690123888726e+25,6.705512160328373e+26,4.1869069328908034e+26,-2.886458224602768e+26,-2.7610329125872963e+26,5.5195890434221934e+26,-6.962656610274093e+26,-1.1511311681882093e+27,-8.374702083964657e+25,-1.1178008682318667e+26,-1.6680982356768083e+26,8.72162621286682e+26,-8.887444829674088e+25,-2.9110965253063708e+26,-8.982224720655386e+25,-1.1060918675474937e+26,-3.3700742120095357e+25,-9.949255661095763e+25,8.665926740099921e+25,4.5129758643251384e+25,7.493134854816856e+25,4.730691988355125e+25,9.584814814979626e+25,1.0524267565540257e+26,6.897755952613808e+25,-5.767858337244554e+25,1.1982826575584887e+26,9.382587164193885e+25,-5.596027069208006e+24,8.646681537887284e+25,-5.840522612788538e+25,5.426215398804482e+25,5.339099283661042e+25,3.1481684793962633e+25,1.1812821818712956e+25,-9.046036141600106e+25,-2.1171125102958976e+26,-2.5447814072668086e+25,-3.059344717938844e+26,-2.793353539213173e+25,1.8408802272058765e+26,8.464667267680455e+25,-7.24995613657695e+25,3.7037807429411315e+23,1.3215105659952266e+26,-5.1663054994774684e+25,-3.4185933685642453e+25,1.25851131422816e+26,1.8411604544160472e+26,3.1472313149791367e+25,2.117819323327714e+26,-5.246686990177965e+26,1.7188759735888287e+26,-1.2473473281514705e+27,7.369314771734408e+25,9.300803236067864e+26,3.5832377896957264e+26,1.1488687943247872e+27,3.177718749923122e+26,1.532992965746417e+27,4.5788811505903104e+26,1.5809595659452225e+27,7.710275144668812e+26,-5.427278337420097e+25,-1.2337376046023387e+26,-1.6167785793998107e+26,-1.1614457020301186e+26,7.624272086116522e+26,-5.320070327102099e+25,3.702529803886764e+26,-7.797273459651112e+25,9.395316028615652e+25,-1.536278634556981e+26,-8.924869017202355e+25,-6.438511570633363e+25,5.552796489092677e+25,-6.0403674473987515e+25,-3.15160536969359e+26,-1.4716920562940756e+26,3.356998538923898e+26,-8.004375436226037e+25,-5.670731471349918e+26,-4.2527018704902373e+26,-4.315535810272145e+26,-3.148514337156801e+26,-2.2818926926381462e+26,-2.5401761148678832e+26,-3.172061948972479e+26,-4.114256960150787e+26
1.886633389555538e+26,-5.630859943147115e+24,-1.5935137253366046e+26,-2.7297416179785685e+26,2.920208207261928e+25,4.399926907085983e+26,2.1182334948811277e+26,3.001989562174569e+26,4.1211459659385936e+26,3.528579379692471e+26,1.1444339464165337e+26,7.830232419945425e+25,3.1234698097846715e+25,1.3632885074521225e+26,3.979194932099852e+26,7.853829278725076e+25,-2.912657101458611e+25,-2.375490599818417e+25,4.644939588754061e+25,-2.1513210452392637e+23,-3.654505751688552e+25,-9.838976987155208e+24,-7.261367463088568e+25,6.696416944173193e+25,-1.603782930706436e+26,-4.272664934515468e+25,-2.2674193128046893e+26,1.6446414071898492e+26,3.6368011564712726e+26,2.2941107155780815e+26,-1.8815630849739774e+26,-1.1003840231897173e+26,4.2799571262318255e+26,-5.606213090470911e+26,-6.950238434537928e+26,2.6395743652134264e+25,-8.568535555777086e+25,-1.66421853879158e+26,6.600495997430388e+26,-7.161229215210844e+25,-1.8566447867552525e+26,-8.448539080036865e+25,-1.0601419648335937e+26,-3.411193441394934e+25,-8.14238364551808e+25,4.791433366681902e+25,1.6315685665849233e+25,3.2554316094734495e+25,2.419726524917952e+25,7.022130398437143e+25,7.668845762147606e+25,4.152683876368285e+25,-2.901913825951845e+25,6.525355032282362e+25,5.533659976259842e+25,-9.32177511695108e+24,5.147621366831651e+25,-3.27174015781151e+25,3.1191149843307405e+25,3.799965670891738e+25,2.7153389565927674e+25,8.011436225738965e+24,-6.514035637139003e+25,-1.4351151218418756e+26,-4.027893431903433e+24,-2.328566176879494e+26,1.0013675864971384e+25,1.1600780646917642e+26,5.376730948892699e+25,-5.872200228858233e+25,2.339350295068549e+25,1.007052928714935e+26,-7.704075348891995e+24,5.7398222855763875e+25,9.895397772466393e+25,1.2761975072756983e+26,7.595657827465766e+24,1.3654072750361782e+26,-1.737210775779853e+26,1.728263424900614e+26,-9.249398725418411e+26,1.0911242715718644e+26,8.925249807562958e+26,2.516825117592022e+26,9.105743788330241e+26,2.1239415391446753e+26,1.1776956868860959e+27,3.2349851967698214e+26,8.927235350875064e+26,5.49179873651788e+26,-1.219569691314058e+25,-9.969947171447499e+25,-1.1471058377953146e+26,-1.0182952635405767e+26,7.150121663297301e+26,6.151253732427245e+23,4.2597939080337156e+26,-3.6011009156432097e+25,1.1599661049084093e+26,-1.2945219829793477e+26,-4.64082561639102e+25,-6.321068518661032e+25,5.917938483121065e+25,-7.434586587321235e+25,-2.5165861036914553e+26,-1.3913667587287361e+26,3.317260378231681e+26,-3.3350716299218967e+25,-4.870072196485494e+26,-4.302783145633638e+26,-3.823990040942762e+26,-2.4670237001195787e+26,-1.7006320524698136e+26,-1.9498979758006323e+26,-2.5754538584348122e+26,-3.442899915928575e+26
-4.2526128214820804e+26,-4.767882856701687e+26,4.2342718289295445e+26,1.645755504329305e+26,3.467666124460104e+26,3.265313600357613e+26,1.6163319606809605e+26,1.433597956434677e+26,1.1220999079261402e+26,1.1444339464165337e+26,5.643206850652488e+26,-4.379602426010965e+25,-1.6814080917459346e+26,5.132012805839709e+25,1.459111309406569e+26,-3.3716754744866425e+24,8.108476986079328e+25,1.315357792945951e+25,2.8880058336873686e+25,1.0149204507571984e+25,-2.1490451507446336e+26,-4.417014832294779e+25,-5.0706418001951905e+25,5.9591921147431366e+25,-1.5810563239117126e+26,-1.0186268305652382e+26,-1.452048464719046e+26,8.644738289857765e+25,2.2258015761519705e+26,1.6977630761460046e+26,-1.4307012661455541e+26,-8.37138740716866e+25,4.2225659344997565e+25,-1.448492398758313e+26,-2.5664369341509734e+26,8.74805509769851e+26,2.555771334393977e+26,-4.887699078697991e+26,2.5253992851273297e+26,-2.0282408815841936e+26,-2.048925046580703e+26,-1.8426652115278255e+26,-7.670181505940403e+25,-1.1927636128933109e+26,-1.4937181778222686e+26,3.28742503519373e+26,1.8861626283384578e+26,1.741098362702991e+26,1.0806751879152116e+26,3.69025142248612e+26,8.581070120329904e+25,-1.4238232742525335e+26,-1.3007125082422164e+26,1.2613744233635468e+26,9.555367265301767e+25,-1.4052795942063911e+26,-2.190808120822878e+25,-2.229992461654873e+25,-8.723284515364758e+25,1.8543927279458295e+26,1.5179013656242366e+25,7.451533152010149e+25,-1.5538497063097114e+25,-8.575430078498504e+25,-6.910425788961632e+25,1.3609716458790975e+25,1.1874066425222478e+26,1.42188377041226e+26,6.287820934623217e+25,-7.599877521296201e+25,6.053862943486879e+25,1.7090050843331558e+26,-1.1034133978794438e+26,-1.4367961903585915e+25,5.493551279634894e+26,1.218402593036318e+26,2.4763063164651506e+26,2.7331297436919763e+26,1.6441181447184213e+26,1.7373419175118255e+26,-2.4304430970964218e+26,-4.553816677273667e+25,8.277813264574689e+26,6.0252410772190666e+26,3.304938567500633e+26,4.1220208858788206e+26,2.913610881889159e+26,5.326727118252243e+26,-4.028068672409797e+26,8.749970559377691e+26,-8.866642034706837e+25,-1.8837575197633957e+25,-1.2276001189769045e+26,-1.3271045475772012e+25,5.3067741482525416e+26,1.540967083362557e+26,3.0343514234443916e+26,1.7681294436954346e+26,6.799129951407377e+24,8.974123984976636e+25,-1.628314919985078e+26,-9.831233041847423e+24,-8.563881453335812e+25,3.9720007901623254e+23,-1.1250853843032072e+26,-2.496045685922086e+25,1.410115707156189e+26,4.932218488170832e+25,-1.8422966810931367e+26,-3.327193463808877e+26,-9.601011500881073e+25,-4.0618183491399195e+25,-4.897110285545472e+25,-8.986549668698506e+25,-9.22754958249977e+25,-9.118869791772893e+25
-5.182486687228805e+26,-1.1869065865933565e+27,2.2111607137200364e+26,5.745953101966617e+25,9.126179430592203e+25,1.7557602991630574e+26,9.162912796827534e+25,5.5762449548067295e+25,9.263273419912725e+25,7.830232419945425e+25,-4.379602426010965e+25,4.631096172819168e+26,1.768314921173044e+26,-2.91661635882404e+25,1.6221545951787303e+25,-3.1126196703889772e+25,-1.4762336326748402e+26,-8.778329787899836e+25,-6.4070033269158575e+25,-4.277271854489794e+25,4.075529006714224e+26,1.1497079466474724e+26,4.618503313794091e+25,-3.0543653156975484e+25,-3.006987427836731e+25,1.5663964134230036e+26,-2.250644906791215e+26,1.52197815134876e+26,-6.33483643830682e+25,-3.412476698599398e+25,-3.600438614381686e+24,3.552253481994204e+25,1.0451407053296468e+26,-1.31069503404453e+26,-5.62170359754862e+25,1.7531136128251243e+26,-8.166914719948532e+26,5.8910999577313294e+26,1.406270962946444e+26,-1.847887135131789e+26,4.3891127867616e+25,5.734487591226155e+24,-4.266106501999167e+25,4.808685337317848e+25,1.2213574028323466e+26,-1.9568039644277563e+25,-9.118156017910338e+25,-8.786429919577723e+25,-1.4291647093994986e+26,-2.4039919265079522e+26,4.562300550956677e+26,5.01620206890588e+26,-4.4099438819671725e+24,-3.5013809994275573e+25,1.1513835576719031e+26,3.114801995839902e+26,1.2031932036836242e+26,-9.9120840901393e+24,1.0392912602680167e+26,-4.452035027381665e+26,6.365988862430946e+25,5.90672481188945e+24,-6.395604914633911e+24,2.9870533180851923e+25,1.3512708037077938e+26,-1.9798468382984662e+26,-3.481286651288397e+26,-2.027828702815151e+25,-1.5459481127316503e+25,3.812429034144772e+25,-1.0479090698775663e+26,-1.3224015546357088e+26,-7.40087150869692e+25,-4.347028843955088e+26,-3.459641243825923e+26,8.087916219805019e+26,-7.712727166003383e+26,-2.1988165450832356e+26,8.555685391075314e+24,-4.27630499183366e+26,-3.312719828543111e+26,-3.432201094601696e+26,8.085591619319145e+26,-5.026910611700275e+26,3.7258095842814684e+26,-3.3125710154862e+26,5.9300715251248014e+26,-4.723585858475722e+26,5.8455104043563786e+26,-1.4606869003534335e+26,6.124469196032384e+25,-7.736365318468931e+25,2.724254341916849e+25,-6.652558410011604e+25,7.200890984031897e+26,-1.1032608901056749e+27,4.5821860298440035e+26,-7.240963672237688e+26,2.3287927235125317e+26,-2.9186071863282692e+26,5.069244785227329e+25,-6.204972884017554e+25,1.2999448677759893e+26,-1.3689663853416732e+26,-2.9386006969134124e+26,-3.2146079679015806e+26,2.6140723675241735e+26,-3.190923021694348e+26,-1.3073213630019793e+27,-1.7989211690335901e+27,-9.09002955203931e+26,-3.089152557996623e+26,-1.4476519679064688e+26,-1.87974063687401e+26,-3.849612161794574e+26,-6.782773262421522e+26
-2.2149762461242667e+26,-1.8853353816561978e+26,5.39159575395222e+25,-1.560704748265878e+26,1.036019961407721e+25,5.065214097041995e+25,7.354000856715424e+25,2.1794508493006845e+25,9.143681076544746e+25,3.1234698097846715e+25,-1.6814080917459346e+26,1.768314921173044e+26,4.6313287218363494e+26,1.7988126443579693e+26,1.9251916086210374e+26,2.9366429567069477e+26,1.917943105974049e+26,2.6717147412355117e+26,1.9032885268194362e+26,9.472851677099042e+25,-1.764824028960247e+25,-1.4994348098674745e+26,-1.8295034105484302e+25,1.6501684769602533e+26,-6.061179673118742e+25,-1.6355387311396334e+26,2.13284925559033e+26,-4.3075264423768155e+26,2.2162541564774963e+26,7.733922093822801e+25,-3.0712779656527853e+25,-1.9844379126578654e+26,1.626167938284191e+26,-2.226856066260909e+26,-5.762213168001626e+26,-3.755718078240647e+26,-3.712955542131503e+26,6.343348469912328e+26,1.3018749397961298e+26,-3.367995169263984e+26,-4.966650259557945e+26,-1.4892994936065883e+26,-1.9903985716556367e+26,-4.661368445633351e+25,-3.4807538266835877e+25,3.682759083437655e+24,-3.7266174519009415e+24,1.6236869450908142e+25,-2.0288575865011683e+25,-1.4012425927728325e+26,1.4063030417821784e+26,2.6045608600368237e+26,8.676116188943057e+25,6.117194674417077e+25,-1.6406470386333462e+25,1.143918438107058e+26,6.454487527443641e+25,-3.0222800782799326e+25,6.649192073488091e+25,5.540576764970747e+24,-2.8702940637869453e+25,-2.263934459503871e+25,-5.210377903857821e+25,-1.0933714395695755e+26,-8.460537861239488e+25,-9.90455400264997e+25,-1.34160768931584e+26,9.468939629258731e+25,6.166350491337042e+25,-3.736404982061766e+25,-4.888187495387746e+25,4.37954241945228e+25,-9.090464185693757e+25,-2.6550957983683894e+26,-3.849818584527655e+26,2.1449682850086745e+26,3.046616219053424e+25,4.7433502239577294e+25,-6.321488212420926e+26,-8.811074633610571e+25,-4.208862172110334e+26,-1.8849316147695596e+26,1.0933755775530849e+26,-2.855295886698217e+26,2.768021991123286e+26,2.1450935466674495e+25,4.65510704212095e+26,-1.7411534538661907e+24,1.4286252531299932e+27,3.430630717471786e+25,-2.0653906653642473e+26,-6.5984128967703e+25,-1.4329888936782613e+26,-4.892777658843397e+25,-5.8087112695443366e+26,-2.0067354251963572e+26,-6.369329206020942e+26,-1.6234954650130936e+26,-3.245094838817275e+26,-8.319869732516338e+25,-1.6129602463590975e+26,-3.590980405358651e+25,-1.5663462026779688e+26,-2.4436110960895797e+25,6.609054070000789e+25,-9.550498186356302e+24,-1.8341622325628438e+26,-1.6891197083831032e+26,1.841360977734078e+26,4.756229108705446e+26,2.593030833263556e+26,3.6870727409353223e+25,-1.9140546369664684e+25,-1.747808381280706e+25,1.9195275366425073e+25,5.348684756982567e+25
3.1543565643554674e+26,7.28875242821999e+26,-2.4869918260615672e+26,-2.25540481277168e+26,-1.500495372239492e+26,-3.1842335991711914e+25,2.2304944494847637e+26,2.405799389718097e+26,3.195236364950365e+26,1.3632885074521225e+26,5.132012805839709e+25,-2.91661635882404e+25,1.7988126443579693e+26,5.279368604331483e+26,5.5872465156777327e+26,5.897636179897593e+26,2.9126720559145303e+26,5.029588542610565e+26,4.5642358482512404e+26,2.551457859186483e+26,-3.619060253741791e+26,-1.9414052646457172e+26,-1.4325422605999564e+26,2.0459335436960285e+26,-2.1554808667858265e+26,-2.7487909201737765e+26,6.919967991252326e+25,-4.5413586442429325e+26,6.502772740416098e+26,3.612668662105522e+26,-1.5630518977578012e+26,-3.4752709255493954e+26,2.4308683993192856e+26,-3.054369344384989e+26,-9.189692121152441e+26,-2.9580479443175217e+26,1.8462786744034477e+26,-2.9594898319023743e+26,3.920400925546348e+26,-1.1043730711535867e+26,-4.0001191992232886e+26,-8.724070130307952e+25,-9.443031259171905e+25,-3.8524292870759576e+25,-9.890448578057752e+25,1.389350484517346e+26,9.457231865581675e+25,1.260940910061444e+26,8.45998370032693e+25,1.2192808337048343e+26,5.033060973726014e+25,-1.2768312839374528e+25,-7.055342640597393e+25,1.4755450249788715e+26,8.840887930028299e+25,-5.232185660625048e+25,5.756644683628913e+25,-5.982575849830751e+25,1.702967841395316e+25,2.2315208646728695e+26,-2.6946807834248346e+25,1.2309054863439622e+25,-6.1929480833900585e+25,-1.9345662875465293e+26,-1.56468029369348e+26,-6.376143997600068e+25,4.478450668908928e+25,1.8208512316525606e+26,8.661166980397823e+25,-5.516685245558253e+25,-1.5521652452612745e+25,1.3305118018388096e+26,-9.798821416167334e+25,-9.1745709306296e+25,9.408422081388882e+25,2.1167380831532328e+25,3.74784158233305e+26,2.5461731731001194e+26,-7.326264859500244e+26,1.3504748188875435e+26,-5.591920911453337e+26,-6.861269352408002e+24,4.571227486885413e+25,3.666500490211685e+26,4.4390467527243705e+26,3.628824823384624e+26,5.8312495226892835e+26,4.833984876008092e+26,1.3004276262256851e+27,6.277429053319108e+26,-2.096096240836318e+26,-2.776839555868887e+25,-1.4992452454579219e+26,-1.545665619539636e+24,-3.950393829206134e+26,3.546277723240137e+26,-5.1971526215580374e+26,2.2508894941409686e+26,-2.9476867282972122e+26,9.561883354427455e+25,-1.627039782692889e+26,2.3829003232136294e+25,-1.2147379832689379e+26,1.18102532782531e+26,6.282485375020422e+25,1.903535050485431e+26,-1.6821202587863637e+26,2.362910347134316e+25,5.542459929056381e+26,9.615905630825569e+26,4.3542527765822815e+26,6.778794403315067e+25,-1.8888193279788179e+25,1.0266621956621213e+25,1.2984482099090273e+26,2.6968553260702893e+26
6.380046971947717e+26,9.231044768213052e+26,-4.611617961972187e+26,-3.048795953378103e+26,-2.202403551898611e+26,1.9475681231629108e+26,2.7193344522024055e+26,4.2484406439074696e+26,6.957875993688776e+26,3.979194932099852e+26,1.459111309406569e+26,1.6221545951787303e+25,1.9251916086210374e+26,5.5872465156777327e+26,1.153090288270615e+27,6.380479267057116e+26,5.751031188875309e+25,3.981250251266672e+26,6.368365233257513e+26,1.1429148591452183e+26,-1.0113577937354506e+26,-1.1914636328572644e+26,-2.195380829300291e+26,2.9827309694379663e+26,-5.1500460599002815e+26,-2.41560744402021e+26,-4.2110419300759104e+26,-3.889206767932941e+26,1.3109253256769957e+27,8.442751899285143e+26,-5.2936966521921535e+26,-6.800539367635674e+26,5.46483841770715e+26,-6.921576123532366e+26,-1.9008041186324318e+27,-1.0796892632752505e+26,9.233580724361513e+24,-1.655485491766243e+26,1.0319809835696403e+27,-1.0878967788646804e+24,-4.008457581063892e+26,-6.352667309789932e+25,-3.396410064651922e+25,-3.616565014381187e+25,-1.580569288357089e+26,1.5203547834398295e+26,1.2226178250802382e+26,1.893277933279997e+26,1.338862649799944e+26,1.9970201089437933e+26,6.8805849120477965e+25,5.492535561397255e+25,-9.533420456169094e+25,2.5299093627410642e+26,1.275387580116409e+26,-5.705551671904746e+24,1.2337029684465898e+26,-1.036993898619638e+26,8.455883550707846e+25,9.978824561350472e+25,1.0245837663003147e+25,-5.078809670641346e+24,-1.5644539468364543e+26,-4.356039485913945e+26,-1.0495332853874243e+26,-4.997031143830324e+26,-3.796021758048378e+25,3.4791148547146594e+26,1.649681016345206e+26,-1.228324483358097e+26,-1.8912527823516733e+25,2.3284133852774893e+26,-1.311215739946181e+26,-1.3401104987305993e+26,3.414954798378096e+26,1.4837901249512363e+26,1.5094193908010401e+26,4.3536498008754656e+26,-1.1489630962707566e+27,2.7421282381489458e+26,-1.4460822664255354e+27,6.674161759278966e+25,6.489914937334133e+26,7.049293212827972e+26,1.2070179780761162e+27,6.273045178190094e+26,1.6386672259731537e+27,8.582805988638427e+26,2.3899488105828984e+27,1.362403655321595e+27,-2.5345121562153832e+26,-1.6496310021527016e+26,-3.105470358865791e+26,-1.4101959273799847e+26,7.302098334251643e+26,2.5412793491823326e+25,1.1149447128656238e+26,-4.484107429615085e+25,-5.371213470085016e+25,-1.7085542112279826e+26,-2.4705844084318797e+26,-6.21375291783245e+25,-1.030149716624157e+25,-1.4557041378592777e+25,-3.9281624848110204e+26,-1.1428097075755364e+26,2.1876496707581897e+26,-1.0726066252120542e+26,-5.259247412025093e+26,-2.309331477718661e+26,-4.786590672858401e+26,-4.916144214516382e+26,-3.9074236605692735e+26,-3.940059540531663e+26,-4.1028258487675524e+26,-4.5010197130660534e+26
3.7378151141014286e+26,9.572668813946706e+26,-2.885848397002398e+26,-2.1072545444585485e+26,-1.9785496986344123e+26,-1.5151966688286297e+26,1.751015341678742e+26,1.9027929748967228e+26,2.804009885372722e+26,7.853829278725076e+25,-3.3716754744866425e+24,-3.1126196703889772e+25,2.9366429567069477e+26,5.897636179897593e+26,6.380479267057116e+26,7.454506859210024e+26,3.408161366916369e+26,7.077716717575196e+26,6.459598922027082e+26,3.609016793989167e+26,-3.32470618550978e+26,-2.711261689125544e+26,-1.9822521307206705e+26,3.301103433785328e+26,-3.128737066071677e+26,-3.63561153100708e+26,1.202477198166149e+26,-7.301280325064045e+26,8.242260368218979e+26,4.684514195792525e+26,-1.9909498928998634e+26,-4.785178975660049e+26,1.831357779705471e+26,-2.3045543110732328e+26,-1.0910725671335072e+27,-3.830243017155059e+26,1.2885127561387303e+26,-1.2377144968848825e+26,3.2428805193432964e+26,-1.2158908254781866e+26,-4.890135498484732e+26,-8.711771533020912e+25,-8.477139493005307e+25,-3.916899527667637e+25,-1.077921269020856e+26,1.2480528783661484e+26,1.0201600756635443e+26,1.452753684284073e+26,9.722100887133237e+25,1.0409580683745903e+26,3.8253882557542797e+25,4.609516991888618e+25,-4.098191821248005e+25,1.746922751468803e+26,6.418184622746975e+25,-3.01900733784084e+24,6.54760194212677e+25,-6.717172101912293e+25,4.257871610192919e+25,1.733770940701519e+26,-4.97539970345613e+25,-1.2086911548444453e+25,-8.744192106517577e+25,-2.8049384059206078e+26,-2.004824641151735e+26,-1.278738161298022e+26,1.829274822683934e+25,2.171498914664874e+26,1.0756710186616717e+26,-6.523543794791616e+25,-3.1804415453226424e+25,1.5197044699179046e+26,-1.3015853640681462e+26,-1.6473427820096486e+26,6.873337273483773e+25,1.3582833110645618e+25,3.606511124230716e+26,2.9328365969212742e+26,-9.828430785571694e+26,1.16515724458356e+26,-4.788822568269902e+26,-5.3422416779696615e+25,-2.1245390737800936e+26,3.508396643182199e+26,3.1408307781634364e+26,4.037676428465598e+26,4.2833596034322824e+26,5.272516776108206e+26,1.5868324413171104e+27,6.680218519709937e+26,-3.4422455552901635e+26,-3.800454044568685e+25,-2.201476627284101e+26,-3.7256822898968667e+24,-6.90619599424596e+26,3.6121116630596455e+26,-8.419696013843658e+26,2.1591254000163013e+26,-4.644995760002197e+26,8.908676839680907e+25,-2.4937621837914017e+26,2.6391768546470853e+25,-2.053461521032755e+26,1.435946735957245e+26,1.344425670692201e+26,2.445367464818743e+26,-3.421009355887054e+26,2.705219601158738e+22,7.361307248920276e+26,1.2229271736752158e+27,5.356496861512974e+26,5.470939503001439e+25,-4.695616697560803e+25,7.309741507690979e+24,1.7302829799684635e+26,3.642211980636721e+26
3.149949489843392e+26,1.0301649033604542e+27,-1.218213058115048e+26,-3.956906052003179e+25,-3.935512297235495e+25,-1.2002991722716359e+26,6.97642543437071e+25,4.060280885895527e+25,-2.015682810761367e+25,-2.912657101458611e+25,8.108476986079328e+25,-1.4762336326748402e+26,1.917943105974049e+26,2.9126720559145303e+26,5.751031188875309e+25,3.408161366916369e+26,8.17175244084536e+26,5.24796675306787e+26,2.4330883553034035e+26,4.952073401053916e+26,-9.419726371784837e+26,-4.677959945817321e+26,-1.1242600471871367e+26,2.6530476288773522e+26,-9.004792527245433e+25,-5.4509694308616475e+26,5.643059871237795e+26,-4.808297832845009e+26,2.2689468875677577e+26,9.682638362969289e+25,3.7230110796559443e+25,-1.063852546228186e+26,-1.6097515872015936e+26,1.1716043501150991e+26,-5.427326824601565e+25,-1.0728573097522162e+26,7.196027171132222e+26,-8.302041660347652e+26,-8.018607234855288e+25,3.46199398535045e+25,-2.7146798862171117e+26,-4.9456211442937575e+25,-1.243404474264044e+25,-5.019174439091442e+25,-1.267721108669176e+26,1.4441085150621334e+26,1.2069737858700502e+26,1.6561565617447357e+26,1.2757348632409503e+26,1.4734168168290046e+26,-4.450402234647901e+25,-1.590038391237964e+26,-4.295820896581423e+25,1.8776879965282025e+26,3.689458072186903e+25,-1.7914723611016032e+26,5.11146569965232e+24,-6.2394713442567694e+25,-7.523506643860555e+25,7.34265398218935e+26,-1.4128016549188475e+26,1.1805533013699713e+25,-3.6328193952532005e+25,-2.0011934297437496e+26,-3.799847256164854e+26,2.0907717514592675e+26,2.819559047942259e+26,2.234618638555093e+26,1.2522227966192963e+26,-1.0823667543639476e+26,6.864873224601655e+25,1.8058879496026065e+26,-5.508592162813367e+25,1.6568294007308805e+26,1.8142472291256403e+26,-2.3908026937528934e+26,1.10007673550663e+27,3.4955231105082027e+26,-7.973284136797283e+25,4.1608366056548525e+26,3.645807341062859e+26,1.454685126050991e+26,-4.594300655757632e+26,4.63695985767173e+26,-2.5044269888139195e+26,4.820657862657641e+26,-5.484564575203395e+26,6.407027308173094e+26,-4.360306066834334e+26,7.513782441921747e+26,-3.0198419792126434e+26,4.043163080621537e+25,-1.716790075775333e+26,6.342057605956972e+25,-1.3626038022418297e+27,1.1534317910171244e+27,-1.037926074304451e+27,7.768477248030408e+26,-6.793318911079914e+26,3.772852388742491e+26,-2.085599678409683e+26,6.296322575430238e+25,-3.443660626247134e+26,2.3205687091226526e+26,5.626778298652352e+26,5.614502649192722e+26,-5.089734837278676e+26,2.6399140603894736e+26,1.886448845395299e+27,2.3530943625389209e+27,1.3852671963728504e+27,5.738301622466255e+26,2.7789335146785335e+26,3.625016034000264e+26,6.96690479200878e+26,1.1077623362415409e+27
4.7740123022389204e+26,1.3231575796362165e+27,-2.7906805304572043e+26,-9.811789116230072e+25,-1.8360658301643293e+26,-2.88152716578963e+26,9.013148785382773e+25,9.004910756525683e+25,8.568254085808111e+25,-2.375490599818417e+25,1.315357792945951e+25,-8.778329787899836e+25,2.6717147412355117e+26,5.029588542610565e+26,3.981250251266672e+26,7.077716717575196e+26,5.24796675306787e+26,9.068804687784679e+26,6.974898749844792e+26,6.19618849698533e+26,-5.3168033046111524e+26,-4.4240144061843364e+26,-2.6886309867537397e+26,5.131780982061459e+26,-3.945651288181631e+26,-5.356035844335037e+26,3.2311933428067714e+26,-9.119498667381118e+26,7.147436328206317e+26,4.1776598677394575e+26,-1.3868691217296101e+26,-3.988380578886728e+26,-1.1108838439651609e+26,1.2643267342336065e+26,-5.973468252320259e+26,-2.760776721999778e+26,3.266607800681419e+26,-3.8751762984961985e+26,1.4911257893609824e+25,1.8660653244075058e+25,-3.581072464460361e+26,-3.3379083755363455e+25,-7.15400613457458e+24,-2.9740726197982275e+25,-1.1158869422202498e+26,1.1523653455494324e+26,1.1438673561801457e+26,1.6906634596977067e+26,1.2381198940339973e+26,1.200160751845328e+26,-1.9062283061436892e+25,-1.0115591116400175e+25,-2.0239734586147362e+25,2.0187246544344058e+26,3.2380677134929996e+25,-3.4606969068171156e+25,4.406915125578093e+25,-7.250300239624181e+25,2.348471425017271e+25,2.506043724624812e+26,-1.2066713445275777e+26,-4.9769217010369716e+25,-1.1531958665054464e+26,-3.936231374878987e+26,-3.22268161411574e+26,-1.1636852108141342e+26,1.318508021630847e+26,2.5490026831141604e+26,1.348459567635357e+26,-1.0105104328578801e+26,5.677065136407328e+24,1.6911500193514705e+26,-9.655653455649904e+25,-1.6092805225748146e+25,1.5141312719777368e+26,-1.1399018537307186e+26,5.134776237782402e+26,3.486487258980248e+26,-6.607007506670371e+26,2.3487102914287233e+26,2.0435957928182956e+26,3.3512587710726842e+25,-5.828933319849287e+26,4.401455542342522e+26,-1.7112691375571208e+26,4.766949166745195e+26,-3.6032635120163666e+26,6.274051263588228e+26,6.192655691353249e+26,8.034263534581394e+26,-5.194684763705417e+26,-1.627993204011449e+25,-2.800772476540111e+26,1.815751701763308e+25,-1.191331083952407e+27,7.626187470937386e+26,-1.2059383932557372e+27,4.684612457191417e+26,-7.456868660044911e+26,1.8793871942662325e+26,-3.416198660503794e+26,4.223808728491206e+25,-3.624726992151733e+26,1.9544990352143167e+26,3.904413203505584e+26,4.130599236289638e+26,-6.465141364926139e+26,1.2605850613381402e+26,1.3947706018161706e+27,1.8859411641036087e+27,8.940741556322877e+26,1.9572252297529216e+26,2.5790035810712887e+25,1.3032354531009338e+26,4.126176864158605e+26,7.56977275295631e+26
5.56204080850568e+26,1.278432390301699e+27,-3.426975757750603e+26,-9.658922570766323e+25,-2.2431062386671363e+26,-2.691121758969554e+26,8.546704883611538e+25,1.3827564845635081e+26,2.1663940963356016e+26,4.644939588754061e+25,2.8880058336873686e+25,-6.4070033269158575e+25,1.9032885268194362e+26,4.5642358482512404e+26,6.368365233257513e+26,6.459598922027082e+26,2.4330883553034035e+26,6.974898749844792e+26,7.463601965288967e+26,4.233871682466008e+26,-2.378294177173223e+26,-2.415852058639093e+26,-2.37656263987373e+26,4.4992729025121176e+26,-4.2080964912390295e+26,-3.447918083375089e+26,2.076963825950814e+25,-8.273197713655164e+26,9.591046842668782e+26,6.359690833368051e+26,-3.137913167447995e+26,-5.261752278972714e+26,-4.5737388718484665e+25,6.279963203549689e+25,-9.0739423110834e+26,-1.9184072920432693e+26,1.9664356173160624e+26,-2.089578224598706e+26,2.2172460262267207e+26,7.216510521538037e+25,-2.7224615598464968e+26,5.401002234375371e+22,3.5620055974278107e+25,-1.0400169058287065e+25,-9.255255565361045e+25,9.439925740530544e+25,1.0047891285360659e+26,1.543337880228908e+26,1.1200227182485218e+26,1.2387027152290625e+26,-1.681116956502743e+25,4.635962920594953e+24,-4.491398070315691e+25,1.8505320663847777e+26,5.5107770901216196e+25,-6.106619982939632e+24,6.702598157665646e+25,-7.036912074052346e+25,5.230052186194171e+25,1.28380161433073e+26,-6.654509198049667e+25,-4.7568672532915565e+25,-1.1499947386904905e+26,-3.757827435113552e+26,-1.9383807498250485e+26,-2.5676263475647988e+26,5.534111536436921e+25,2.3578658841024876e+26,1.1513514010844618e+26,-8.081575674125672e+25,-3.146766285434981e+24,1.5027528462977638e+26,-1.0056687879454135e+26,-6.044190871327968e+25,2.1553854686024854e+26,-4.219639355496343e+25,2.907433850555703e+26,3.1520779083393066e+26,-8.097287036058915e+26,1.9502559038783022e+26,-7.685896031210896e+25,2.55310312466584e+25,-3.7234186003207795e+26,4.604125077876093e+26,7.236031461683347e+25,4.3992320723007316e+26,1.8938154424262888e+25,5.8484894060839454e+26,1.0358759523457605e+27,8.07604515978233e+26,-4.6936677021162324e+26,-5.305110726221434e+25,-2.8038048547242918e+26,-2.798381982271918e+25,-5.759976929095051e+26,4.153580191271149e+26,-7.828280676835407e+26,2.266098463692429e+26,-5.054183236931463e+26,3.961030112328752e+25,-3.317720784718427e+26,1.1873170231993005e+25,-2.591498266140964e+26,1.1177107152443448e+26,1.2745106177517908e+26,1.9938698161847078e+26,-4.6717450937087566e+26,4.739457286859981e+25,6.461034245933594e+26,9.861476922998684e+26,3.1033943752946575e+26,-1.0071859703435834e+26,-1.4879344432509311e+26,-7.83787217507888e+25,8.82330813394734e+25,2.9350933928478325e+26
4.997011760693841e+26,1.1215517227838964e+27,-2.3107899304308497e+26,5.273513705499451e+25,-1.2123200477945983e+26,-1.7608358152545544e+26,2.829674907689791e+25,5.112022996797155e+25,2.6004507997287617e+25,-2.1513210452392637e+23,1.0149204507571984e+25,-4.277271854489794e+25,9.472851677099042e+25,2.551457859186483e+26,1.1429148591452183e+26,3.609016793989167e+26,4.952073401053916e+26,6.19618849698533e+26,4.233871682466008e+26,9.072486528203782e+26,-6.272089002429045e+26,-5.8285182533016524e+26,-4.974183314224069e+26,4.9467990114724106e+26,-3.9240965905780315e+26,-6.291563596595231e+26,3.299872897841837e+26,-2.0039716634333845e+26,3.7812376148831923e+26,3.022102193560892e+26,-1.4140195752800978e+26,1.172615410570461e+26,-3.5211053201796384e+26,4.218809586239681e+26,5.591391864626484e+26,-1.954398980683599e+25,4.0052964448463986e+26,-1.0867527147738302e+27,-7.0861322281792605e+25,3.0648051291735556e+26,1.619727780113809e+26,1.1075003049248087e+26,1.4710851880911223e+26,2.4976689969183837e+25,-4.802284727245176e+25,5.976401747783718e+25,7.998202523540893e+25,1.3759932137975632e+26,1.0778073021639705e+26,8.217132438228466e+25,-1.9249178358017194e+25,-3.7721095380027247e+25,-5.344651757956783e+25,1.897629152262299e+26,6.161137297188474e+25,-7.731444786717275e+25,4.9697807182682e+25,-8.131276619357906e+25,-5.239348830362127e+24,3.749708180080521e+26,-1.7218836340213714e+26,-7.329780590067798e+25,-1.0918027826456283e+26,-4.108652878047365e+26,-3.856562152938827e+26,-9.148998364493467e+25,2.388930787581004e+26,2.572700076917454e+26,1.4111889834717887e+26,-1.273835376373597e+26,6.724280044325582e+25,1.0418258980357324e+26,2.805557337369619e+25,2.841150517502987e+26,2.250144026003428e+26,-8.046864383499645e+25,5.8339888707123865e+26,2.950945534382696e+26,5.4153674676530415e+26,4.337837030157786e+26,7.918739252993389e+26,2.4947154579687625e+26,-3.656791184791764e+26,4.857089223180383e+26,-2.939652329916707e+26,4.1387097461705043e+26,-7.058219775745091e+26,5.639550423264426e+26,-9.510301063286971e+26,9.607303020446438e+26,-3.7664268790500035e+26,-9.439673741408671e+24,-2.4260631316586137e+26,7.602545577551204e+24,-8.297602950977525e+26,1.0633014671600378e+27,-5.7689604096679834e+26,6.437527621218584e+26,-6.45269655509226e+26,2.2356907214771237e+26,-2.2942824124446977e+26,2.151878326083304e+25,-4.098689584738257e+26,1.7429839233552343e+26,6.766998770998558e+26,5.423047648510549e+26,-5.569688988090299e+26,2.6886872597845493e+26,1.6014016408729862e+27,1.6448255869492283e+27,8.124371645847143e+26,3.453359485917172e+26,1.898520045522257e+26,3.455591862399102e+26,6.704477183882331e+26,1.0262801617660514e+27
-8.16550465187146e+26,-2.0581626717525622e+27,2.9241288386951956e+26,2.4243659372049153e+25,6.330854329311042e+25,9.171297248732825e+25,-1.0288903277746822e+26,-1.1900293453107151e+26,-5.345129557331603e+25,-3.654505751688552e+25,-2.1490451507446336e+26,4.075529006714224e+26,-1.764824028960247e+25,-3.619060253741791e+26,-1.0113577937354506e+26,-3.32470618550978e+26,-9.419726371784837e+26,-5.3168033046111524e+26,-2.378294177173223e+26,-6.272089002429045e+26,1.9280322333032034e+27,7.818378625528169e+26,4.045572503847398e+26,-1.805024161571251e+26,1.3675038234152323e+26,1.0740106440449925e+27,-7.180219780697229e+26,4.097146321099397e+25,-2.8991270067669274e+26,-2.0491770202735643e+26,6.5454018695521745e+25,-1.0853423318092731e+26,2.419123857248819e+26,-2.6576654556312377e+26,-4.898650038456837e+26,1.648000584550361e+25,-1.3874227279489013e+27,2.481651945789476e+27,-8.254348691903628e+23,-3.333857372342901e+26,1.83295724015416e+26,-4.470040469673663e+23,-9.04814831278275e+25,7.3154200195393285e+25,2.669270702232614e+26,-2.4437326476565145e+26,-2.3510047887566322e+26,-3.195619090374197e+26,-2.8150424166621723e+26,-3.563141680593362e+26,2.7236776574030496e+26,5.930552396980272e+26,6.877589670109569e+25,-3.393603415419683e+26,-1.9651139397128752e+25,6.628463804653082e+26,5.142530996197009e+25,1.0514620563278689e+26,2.2994110210843445e+26,-1.5277345668526677e+27,3.6404114171230326e+26,-4.1756963304788176e+25,3.5790695631861946e+25,3.113056510847502e+26,8.741290119110517e+26,-6.495126807665237e+26,-8.414819255087565e+26,-4.058243085494986e+26,-2.3335281139357865e+26,2.4853981268757905e+26,-2.1318681983269777e+26,-3.862717717284815e+26,5.850578436123996e+24,-7.04972446870995e+26,-5.799048020930507e+26,7.732569311540254e+26,-2.1668139408908272e+27,-7.223505986354369e+26,-6.455057355126076e+26,-9.401437304767111e+26,-7.778571181409238e+26,-4.912185912984403e+26,6.676589607478362e+26,-1.1441294155287798e+27,3.317523045111289e+26,-1.0201577296014958e+27,9.564697852299533e+26,-1.3970845424946111e+27,1.751544859868681e+27,-1.5988609013813166e+27,1.6058587053053476e+26,-1.562035533361401e+26,1.248761282339764e+26,-1.7973403571896696e+26,1.717888132879769e+27,-2.9191779827290285e+27,9.582289643476209e+26,-2.019383786514655e+27,7.722486778910804e+26,-9.809185437376296e+26,1.2754940553161696e+26,-1.6155733442322613e+26,4.593212830042598e+26,-5.280378806000634e+26,-1.1240502111849654e+27,-1.2753020524972025e+27,6.001015367111106e+26,-8.148107693717547e+26,-3.918920624636661e+27,-4.652302844334212e+27,-2.7618327682225385e+27,-1.2914619750682328e+27,-7.138887555079467e+26,-8.845729400750824e+26,-1.5517799417051174e+27,-2.374602955533692e+27
-3.480960875110255e+26,-8.504490939082866e+26,1.09964439818403e+26,-3.318483718550726e+25,2.3287034589206616e+25,4.7819872212094315e+24,-3.1109877923512794e+25,-3.3384325558144404e+25,-3.7460483219676667e+25,-9.838976987155208e+24,-4.417014832294779e+25,1.1497079466474724e+26,-1.4994348098674745e+26,-1.9414052646457172e+26,-1.1914636328572644e+26,-2.711261689125544e+26,-4.677959945817321e+26,-4.4240144061843364e+26,-2.415852058639093e+26,-5.8285182533016524e+26,7.818378625528169e+26,1.0786021194744964e+27,7.449559217911682e+26,-2.396364171062176e+26,4.608572697810108e+26,1.1155116716807682e+27,-4.431330110395289e+26,-2.081613601129132e+26,-2.653641709802922e+26,-1.80392627554599e+26,1.1086689184298137e+26,-1.6860362353726195e+26,1.2654207765832322e+26,-1.3685954135260498e+26,-4.045389738649968e+26,2.0308237013721487e+25,-4.206128576370885e+26,9.382765524118134e+26,-4.519187935506674e+25,-2.192508923585622e+26,-8.323440198597566e+23,-4.1937139217509245e+25,-7.531462368087939e+25,1.4768760882080602e+25,1.0830553601797854e+26,-8.83084858760509e+25,-1.0647984792503773e+26,-1.7660760219118122e+26,-1.3725718117128408e+26,-1.1752062555406713e+26,9.886119534670774e+25,1.1425029255960768e+26,-6.053986382002756e+24,-2.5337836521946125e+26,8.376591886651145e+24,1.3709857663317508e+26,-3.6852591549499194e+25,9.122833568398734e+25,-3.882734416257194e+25,-4.7141171746176405e+26,1.359496434172563e+26,5.681922404807207e+25,1.8746615268071033e+26,5.102148582563868e+26,5.244145399558122e+26,6.833874103474732e+24,-2.1621281168137103e+26,-3.55788198946006e+26,-2.0601428188486993e+26,1.797414073213654e+26,-1.4744940720888623e+25,-1.8631501615793765e+26,7.6846708885121e+23,-1.8932985310756086e+26,-2.175177471411911e+26,2.3184788647223582e+26,-7.530554631421259e+26,-4.202758574736257e+26,-5.063351127642412e+26,-4.159369643082737e+26,-3.747126911913805e+26,-2.0734794162158206e+26,2.337077361635738e+26,-5.465131706117985e+26,7.793905107290913e+25,-5.697505333392056e+26,3.499856066558085e+26,-7.652986432045613e+26,6.438160592613314e+26,-1.2278836557125589e+27,-1.618756933174872e+25,6.353109304898739e+25,3.5863383146998417e+25,-1.7493213052446674e+24,9.235417823388925e+26,-1.343108687494722e+27,4.475699298499713e+26,-8.411470825259046e+26,4.9660558772418334e+26,-3.706310256968414e+26,-3.065404441972444e+25,-8.031670883623838e+24,2.9863522921495036e+26,-3.1555217963782376e+26,-9.11764999255655e+26,-9.238368413241766e+26,2.8194919995066243e+26,-2.6154397460136916e+26,-2.2811290010736044e+27,-2.390897374174685e+27,-1.4223773135173408e+27,-8.562634469522403e+26,-5.741760743824718e+26,-7.65824870876044e+26,-1.1819835377034848e+27,-1.5817430858022743e+27
-4.135968176306115e+26,-4.839398372790154e+26,1.4778956348015888e+26,-1.2823427359814084e+26,4.23239430756434e+25,-1.0988401232318365e+26,-1.964410281569673e+25,-5.945357732891871e+25,-1.2095285517566217e+26,-7.261367463088568e+25,-5.0706418001951905e+25,4.618503313794091e+25,-1.8295034105484302e+25,-1.4325422605999564e+26,-2.195380829300291e+26,-1.9822521307206705e+26,-1.1242600471871367e+26,-2.6886309867537397e+26,-2.37656263987373e+26,-4.974183314224069e+26,4.045572503847398e+26,7.449559217911682e+26,1.0293567823725651e+27,-1.3461823702940756e+26,9.375630877086933e+26,9.824442250072649e+26,6.206417266151866e+26,-1.0087620699235463e+27,-3.5581020697167934e+26,-3.155140152086442e+26,3.0586385019146933e+26,-3.582129420141681e+26,8.226881953873057e+25,-1.768809460724959e+26,-7.880289296346583e+26,-2.0123817137841053e+26,-1.7073494974471982e+26,1.467156673603991e+27,-2.210849359652251e+26,-5.055367133035705e+26,-5.784747832121026e+26,-2.08729871699709e+26,-2.4120056986821107e+26,-6.3138887297705205e+25,2.239606088658856e+25,-5.996994193294536e+25,-8.143347470817234e+25,-1.5910879060466546e+26,-1.267254568963054e+26,-1.054613675001397e+26,1.851381439578405e+25,3.0551142939239864e+25,1.0915221164670642e+26,-2.5723655907506454e+26,-1.3169898918411946e+26,2.028002449797863e+25,-1.0782108891274245e+26,1.1508344217526892e+26,-4.514349722314276e+25,-2.2036950663377762e+26,2.7229518641625604e+26,1.3540122770065972e+26,2.0641176418390282e+26,7.299325823360556e+26,6.20686094319925e+26,2.6138711407643315e+26,-3.0565899953068126e+26,-3.744383704372729e+26,-2.0226663019525794e+26,1.830538063481592e+26,-5.352868354731639e+25,-9.785032502233615e+25,-1.0122873105351985e+26,-4.2341681428068066e+26,-3.5687609157110906e+26,-5.141535685951367e+25,-1.915086686850839e+26,-3.6759900161270735e+26,-1.0464036128851145e+27,-5.045420944955297e+26,-2.7570153543615983e+26,-3.7634461058659655e+26,-2.2587560282238308e+26,-6.992502379654455e+26,-1.930312061482259e+26,-5.234843958968475e+26,-7.481245103873956e+25,-7.207681969245817e+26,6.946010803648776e+26,-1.6591571724648092e+27,-3.805632490541846e+26,-5.967905957831611e+24,-1.6617191819859295e+26,-4.574260758205985e+25,-9.607664140738009e+26,-1.2163842041507435e+27,-1.2129472276819498e+27,-7.796722081152628e+26,-4.472286473399397e+26,-3.121013399138437e+26,-3.344379691190013e+26,-5.628961714900331e+25,-1.8405724711181428e+26,-2.8054135892729232e+26,-3.384699384684137e+26,-6.506396426132926e+26,-4.1170734220599745e+26,-3.7420652118832e+26,-1.000799313462583e+27,-6.444449961541915e+26,-8.92459534822338e+25,-1.8591944712208326e+26,-2.302541455504979e+26,-4.2821120327174455e+26,-6.352742330730053e+26,-7.885229169014548e+26
3.628996493332739e+26,7.766194350449814e+26,-1.5795914516404857e+26,3.898242316159898e+25,-6.833451760028677e+25,-1.8782301421917348e+25,5.316402815565075e+25,7.691181263452877e+25,1.1094983999514056e+26,6.696416944173193e+25,5.9591921147431366e+25,-3.0543653156975484e+25,1.6501684769602533e+26,2.0459335436960285e+26,2.9827309694379663e+26,3.301103433785328e+26,2.6530476288773522e+26,5.131780982061459e+26,4.4992729025121176e+26,4.9467990114724106e+26,-1.805024161571251e+26,-2.396364171062176e+26,-1.3461823702940756e+26,8.597560108210114e+26,-3.706956526828549e+26,-1.701421580115027e+26,3.0660142416224476e+26,-5.8274325319157216e+26,6.1829833860681065e+26,4.379609974841671e+26,-3.0012013937486325e+26,-1.2011597215302286e+26,-1.3780569384021449e+26,2.000809526030882e+26,-1.6998709277433374e+26,5.782447887613354e+25,1.347062112949818e+26,4.350568304623158e+25,1.4582070037312118e+26,2.0497040931823522e+26,3.41907748901972e+25,5.743497810101918e+25,9.277759269930365e+25,-2.354856332200356e+24,-8.18019875672441e+25,8.915741161328128e+25,1.0417462288831275e+26,1.774551373654943e+26,1.2871660761220432e+26,1.0854992325514759e+26,-2.0373406863418206e+25,-4.3043382366402506e+24,-2.0921039773765563e+25,2.5701439578847506e+26,4.264354658775059e+25,-7.761569747158032e+24,9.36014681618707e+25,-9.94864139120439e+25,1.0380911694158745e+26,2.9535743209371125e+25,-1.3380277206967674e+25,-1.172281012064909e+26,-2.1843957940346923e+26,-5.377429774073226e+26,-2.6547525861989687e+25,-6.97539967787935e+26,-7.143682660153392e+25,3.735699558251497e+26,2.0631806200395197e+26,-1.7793172363437355e+26,-6.907391229608533e+24,1.559082765161542e+26,-6.223344140133852e+24,3.086669582811444e+25,2.312265541739875e+26,-1.2460776606855736e+25,2.724043825034719e+25,3.962751060837102e+26,-3.747347893441057e+25,3.023492547257747e+26,2.3241899417697636e+26,1.5094173029874714e+26,-2.227373576568462e+25,5.35816970761793e+26,5.927114803848524e+25,5.344936995532668e+26,-1.0662668589000323e+26,7.021922460926469e+26,2.1366418158364755e+26,1.300578682203769e+27,-8.252601075542854e+26,-2.254439745874968e+26,-6.997903025030751e+26,-2.199904874506112e+26,-3.0339568986171864e+26,1.1498115926339725e+26,-6.982915213565548e+26,-1.1103821538889578e+26,-8.783710113086905e+26,-3.41883268297786e+26,-6.188643245966978e+26,-1.409340593847824e+26,-5.7065664320632136e+26,-1.5398474952340721e+26,2.414445904049822e+26,-9.189308611089927e+25,-4.413864550721089e+26,-1.2762624021818186e+26,1.9942064793534792e+26,2.62462200574381e+26,-2.056080011030482e+26,-4.1159664187665126e+26,-3.86572507951242e+26,-2.8761464478738098e+26,-1.3733981618163931e+26,1.9393130978166408e+24
-6.77877535837726e+26,-4.845789061463919e+26,2.304792402713236e+26,-2.389566217059481e+26,5.886080491076142e+25,-2.4515361897022e+26,-6.547202061911641e+25,-1.3033900214733531e+26,-2.489382710508346e+26,-1.603782930706436e+26,-1.5810563239117126e+26,-3.006987427836731e+25,-6.061179673118742e+25,-2.1554808667858265e+26,-5.1500460599002815e+26,-3.128737066071677e+26,-9.004792527245433e+25,-3.945651288181631e+26,-4.2080964912390295e+26,-3.9240965905780315e+26,1.3675038234152323e+26,4.608572697810108e+26,9.375630877086933e+26,-3.706956526828549e+26,2.3226034827791346e+27,1.0541473269564122e+27,2.527768921317168e+27,-1.4155124061892896e+27,-8.179882734605603e+26,-6.109165157585469e+26,5.4754004560883276e+26,-5.1908256056589965e+25,4.3004352164086e+24,-1.1978133124423985e+26,-3.751246026611845e+26,-5.435947936710999e+26,4.705640885664882e+25,1.7046828024514e+27,-5.292380250976573e+26,-9.257854472626017e+26,-1.1924114429904125e+27,-3.8982767280593136e+26,-4.284862420115679e+26,-1.3143093242860318e+26,6.502050413805968e+24,-1.4732812796546765e+26,-1.3575528064784643e+26,-2.8235863908942263e+26,-1.87323745381233e+26,-1.5193254585584716e+26,-1.103808103799252e+26,-7.574801963520907e+25,2.53113907532776e+26,-4.936189806078489e+26,-3.628118998619241e+26,-1.3516218583340396e+26,-3.1942298180531726e+26,2.595742054981856e+26,-1.4640512652667942e+26,1.341198579871542e+26,6.963904797453716e+26,4.487782320622325e+26,5.70617855273085e+26,1.9681243246247991e+27,1.079772724708573e+27,1.3130562713173193e+27,-7.154641431006565e+26,-7.49024594275715e+26,-3.821226853278509e+26,3.706365919828807e+26,-2.1254067626015063e+26,-1.4424779958597529e+26,-2.1971995761217637e+26,-9.764017900505009e+26,-6.207303541679049e+26,-4.507128609925372e+26,6.377353590281618e+26,-6.303612456381963e+26,-9.288017072527239e+26,-1.003185727435984e+27,1.6267311492685515e+26,-7.452279189404229e+26,-8.511702385221244e+26,-1.261961752491625e+27,-6.328080679645282e+26,-9.191238708988654e+26,-7.915389156537466e+26,-1.285006574540542e+27,-1.928097417136025e+26,-3.52718073974698e+27,-5.561872606253719e+26,-1.2763178222134373e+26,-3.415935968893866e+26,-1.5455207920821129e+26,-4.14980778276921e+27,-1.5286402294170767e+27,-3.60703081538158e+27,-1.0339314175991507e+27,-1.9920421563813238e+27,-2.74179080224702e+26,-6.479763060311527e+26,-2.3856924104428152e+26,-1.3550043100246396e+27,-3.1440430779709076e+26,1.613199451109047e+27,1.5286194958848021e+26,-1.817753163701604e+27,-8.07835043395897e+26,1.3205646186911042e+27,1.8737971334983207e+27,2.3942654817409248e+27,1.7231217713157765e+27,1.0881608381776269e+27,9.082071541525951e+26,1.0819171432082525e+27,1.2018585016308928e+27
-5.257845939455808e+26,-1.099865125477037e+27,1.6938138509842e+26,-7.047976737006028e+25,3.103255868168687e+25,-4.040414826975752e+25,-5.4794249101930705e+25,-7.012222343559782e+25,-9.364379450339098e+25,-4.272664934515468e+25,-1.0186268305652382e+26,1.5663964134230036e+26,-1.6355387311396334e+26,-2.7487909201737765e+26,-2.41560744402021e+26,-3.63561153100708e+26,-5.4509694308616475e+26,-5.356035844335037e+26,-3.447918083375089e+26,-6.291563596595231e+26,1.0740106440449925e+27,1.1155116716807682e+27,9.824442250072649e+26,-1.701421580115027e+26,1.0541473269564122e+27,1.5596744940682522e+27,3.0082339447402283e+26,-6.023947606410532e+26,-4.542542370682805e+26,-3.2026602557833295e+26,2.3320239182686392e+26,-1.6314862413581194e+26,1.3126687921196626e+26,-1.630659983748933e+26,-5.173138613520009e+26,-8.32708877483453e+25,-5.610634231373429e+26,1.7882977533339885e+27,-1.5777584242708565e+26,-4.093931404820781e+26,-1.8745668499598417e+26,-1.1624129438534116e+26,-1.626833348266087e+26,-1.2334188099524215e+25,1.323588114875399e+26,-1.56594960320032e+26,-1.6575622956610843e+26,-2.752599575059151e+26,-2.0343695451550093e+26,-1.820662297323178e+26,1.0292543644401205e+26,1.696148204972904e+26,5.178625784755482e+25,-3.828247773776185e+26,-5.832001547553184e+25,2.156900585557778e+26,-8.159441187926596e+25,1.435188790192182e+26,-1.954919418526361e+25,-7.712807851528262e+26,4.320995057382709e+26,1.122668711277003e+26,2.7030986967685762e+26,9.176410149831216e+26,1.0876574150396969e+27,-9.043126628233454e+25,-5.756560443633954e+26,-5.2863436461153246e+26,-2.9880141618675788e+26,2.7666431283789294e+26,-9.979503961074956e+25,-2.5984326862883055e+26,-1.5667078367348617e+25,-4.7744463010261336e+26,-3.914763085000671e+26,2.315489671596766e+26,-1.074358133637961e+27,-6.208576048757878e+26,-7.32449413337702e+26,-7.216830039342426e+26,-3.716704679834466e+26,-3.718102445903596e+26,1.2353333422698407e+26,-8.95162256293311e+26,-3.3905500377890126e+25,-8.530781577911734e+26,2.455173873120397e+26,-1.1512014825106034e+27,7.358849885479646e+26,-2.028230831766013e+27,-2.8617304022988512e+26,-9.165320293490314e+25,-2.1072749711599064e+26,-1.8196189954312624e+26,9.985678119444023e+25,-2.2252117088417954e+27,-4.632722101670376e+26,-1.5420974661149022e+27,-1.5704919939163854e+26,-8.031520416623483e+26,-2.8349881179812275e+26,-1.6564363623656356e+26,-1.1851761631099981e+26,-5.853150148783468e+26,-5.9842070253898275e+26,-1.1757290209701425e+27,-1.438352027743527e+26,-6.50050930500397e+26,-2.607731645170318e+27,-2.7383309965537827e+27,-1.4481907323901857e+27,-7.818897702232054e+26,-5.34731376251832e+26,-7.632466888253214e+26,-1.2182383255100964e+27,-1.7103670279226973e+27
-4.24460507571577e+26,8.937592273121255e+26,1.2197291530877636e+26,-3.450708590425431e+26,-1.9763574911755427e+24,-4.9457045831236435e+26,-2.2725022817262746e+25,-1.2055213323221749e+26,-2.923429197954185e+26,-2.2674193128046893e+26,-1.452048464719046e+26,-2.250644906791215e+26,2.13284925559033e+26,6.919967991252326e+25,-4.2110419300759104e+26,1.202477198166149e+26,5.643059871237795e+26,3.2311933428067714e+26,2.076963825950814e+25,3.299872897841837e+26,-7.180219780697229e+26,-4.431330110395289e+26,6.206417266151866e+26,3.0660142416224476e+26,2.527768921317168e+27,3.0082339447402283e+26,4.2358897441763646e+27,-2.517577009902642e+27,-4.6005098595782415e+26,-4.162635928377956e+26,5.306853561015116e+26,-1.5052253468274357e+26,-2.3231509347126354e+26,1.0353423320801935e+26,-4.566320239035731e+26,-8.977649718040614e+26,6.718470053375102e+26,1.7153335178253227e+27,-7.228076554959797e+26,-1.1578394397506792e+27,-2.0083241091283316e+27,-5.744970423212338e+26,-5.745311159603169e+26,-2.3966843657511415e+26,-1.8707559166622583e+26,-3.685307446776942e+25,-1.450729273440259e+24,-1.0527744065677585e+26,-4.57971250740065e+25,-2.175553212626697e+25,-3.10450965440937e+26,-2.8495308746722957e+26,4.040597500515489e+26,-3.2002754602840353e+26,-5.7792907590363566e+26,-4.289801422794042e+26,-4.268977217937071e+26,2.5038334714346203e+26,-1.622479882681284e+26,8.073418953810793e+26,7.72851165998019e+26,5.268126226698997e+26,5.142673543887285e+26,1.9519155295139527e+27,8.816274769513732e+26,1.691030297011929e+27,-6.588413639111544e+26,-5.431223877057508e+26,-2.3804205297220223e+26,2.5317695761647008e+26,-2.4741954284295417e+26,1.1864609673288312e+26,-3.8659739503843446e+26,-1.1778998318036207e+27,-6.034602299537634e+26,-1.0271780830693006e+27,1.987701747907721e+27,-2.2824042024456123e+26,-1.219483933759796e+27,-8.021840607171234e+26,8.077815667683696e+26,-8.4760988043403e+26,-1.7557577403968363e+27,-1.0264095012393882e+27,-1.106659568011138e+27,-4.1800858657620575e+26,-1.7566957687137662e+27,-6.54173575175856e+26,-5.1910839405512775e+26,-3.3202218413302754e+27,-1.3327623028794528e+27,-2.379921802577857e+26,-8.763230828178942e+26,-1.9250968805164032e+26,-7.540278202333445e+27,-2.9376188072275066e+26,-6.423244245725252e+27,-2.8729897917592792e+26,-3.903699360044044e+27,1.0237515503288084e+26,-1.252259082345915e+27,-2.8607634022527982e+26,-2.515029309624301e+27,-7.349370025309629e+24,3.380214231684978e+27,1.3415840937242358e+27,-3.331874421314051e+27,-7.512224992717564e+26,4.99266929595962e+27,6.228049916080463e+27,5.301196125959448e+27,3.205938397250074e+27,1.9258628476121182e+27,1.9633189519005115e+27,2.83263319916376e+27,3.663741345078459e+27
5.008458845788059e+25,-1.642299335167133e+27,1.6215727044105667e+26,5.340236152286081e+26,2.1957507233388296e+26,8.390940640298285e+26,-8.587910241770264e+25,-3.2397328564097754e+25,3.845690123888726e+25,1.6446414071898492e+26,8.644738289857765e+25,1.52197815134876e+26,-4.3075264423768155e+26,-4.5413586442429325e+26,-3.889206767932941e+26,-7.301280325064045e+26,-4.808297832845009e+26,-9.119498667381118e+26,-8.273197713655164e+26,-2.0039716634333845e+26,4.097146321099397e+25,-2.081613601129132e+26,-1.0087620699235463e+27,-5.8274325319157216e+26,-1.4155124061892896e+27,-6.023947606410532e+26,-2.517577009902642e+27,3.8385466854951807e+27,-7.184513430378478e+26,-3.2852962810979126e+26,-1.852126266360225e+26,1.3659262499274226e+27,1.608500727916928e+26,-5.352993967546586e+25,2.515875391896018e+27,1.010774717646215e+27,-2.914373111445563e+26,-2.430532662366078e+27,4.083982307296139e+26,1.2627237791637426e+27,2.22522146264679e+27,6.397904569263811e+26,6.592957162501013e+26,2.4129641655834734e+26,1.842236601821774e+26,-5.175916719660315e+25,-3.421601362239699e+25,5.063231329777554e+25,5.222548608332769e+25,-1.68755037136246e+25,1.7236443688703715e+26,6.967477291088569e+25,-2.7744390496224695e+26,2.305019356482799e+26,3.485460622596344e+26,1.2662442583871448e+26,1.993773926884496e+26,-1.4116551489296019e+26,3.872329111981474e+25,-1.6839353165053474e+26,-4.243961899544969e+26,-2.554715980144883e+26,-2.881709928737399e+26,-1.0673737050644471e+27,-6.431708710066443e+26,-7.43160352284556e+26,5.012921643336726e+26,4.0430731524164464e+26,2.132670222839771e+26,-2.271515090055043e+26,1.3553524355657193e+26,-1.067206615102814e+26,4.2700678711288936e+26,1.0605888677079456e+27,5.4916449448126286e+26,6.103578434725583e+26,-9.717657921325898e+26,1.9329662237311793e+26,3.2125057535007767e+27,7.252352461339508e+26,-8.351400595590083e+25,8.423741975471796e+26,1.7142782722136634e+27,8.525208528566114e+26,7.847226336409454e+26,3.2341681954382335e+26,1.051119574078744e+27,5.04404551825905e+26,-2.3300685820673173e+27,2.6097206312915915e+27,1.7462363140472826e+27,1.1285946993998556e+26,8.228682086642129e+26,1.1495882078387874e+26,5.634320631021617e+27,9.606957791163193e+26,5.667936021691222e+27,6.818069705356232e+26,2.9394468464753947e+27,2.0893842181438023e+26,1.4833028895055614e+27,1.429166076630366e+26,1.719291121032592e+27,2.3001204184870164e+26,-1.1404431711165936e+27,8.392918306417067e+25,2.9274686340693296e+27,6.930856073827846e+26,-1.9477077484902325e+27,-3.6276646746559753e+27,-2.7447508516709154e+27,-1.0188974259010612e+27,-3.6788704721751785e+26,-1.8303351564540342e+26,-4.724535623866084e+26,-9.614720872566658e+26
9.216300251313131e+26,1.5957987523472642e+27,-5.391834313038937e+26,-1.982236806593744e+26,-2.4201360772016768e+26,7.1829521268166405e+25,2.4310445450778245e+26,4.095180563362252e+26,6.705512160328373e+26,3.6368011564712726e+26,2.2258015761519705e+26,-6.33483643830682e+25,2.2162541564774963e+26,6.502772740416098e+26,1.3109253256769957e+27,8.242260368218979e+26,2.2689468875677577e+26,7.147436328206317e+26,9.591046842668782e+26,3.7812376148831923e+26,-2.8991270067669274e+26,-2.653641709802922e+26,-3.5581020697167934e+26,6.1829833860681065e+26,-8.179882734605603e+26,-4.542542370682805e+26,-4.6005098595782415e+26,-7.184513430378478e+26,1.7279446823001498e+27,1.1695901169940673e+27,-7.412888000976023e+26,-8.483594851814677e+26,3.0725432074046705e+26,-3.8534371368389626e+26,-1.932669034742165e+27,4.964916682720294e+25,2.4370405325604435e+26,-4.8244087047958384e+26,9.89809524312934e+26,2.1353779386846197e+26,-2.8486576522507546e+26,4.685978401917121e+24,8.514919029502536e+25,-3.028680345703395e+25,-2.082800191726468e+26,2.1131354501240988e+26,1.9830821778460094e+26,3.074482392617288e+26,2.3171636122920527e+26,3.110442542191483e+26,1.6503669362457247e+25,-8.501756725400606e+24,-1.3146925631351817e+26,3.992202360780361e+26,1.5605809723972028e+26,-4.187093360483111e+25,1.4862073563259313e+26,-1.5189738386676267e+26,9.484815306822383e+25,2.1933429993356537e+26,-5.316159578473361e+25,-4.984196282149733e+25,-2.4688349234959334e+26,-7.359394011729073e+26,-2.4455192839437775e+26,-7.239687558110292e+26,4.566844767416168e+25,5.4281009728693694e+26,2.7025021013006713e+26,-2.1605887906242206e+26,7.826817962728833e+24,3.3102485156155384e+26,-1.3523484103311192e+26,-2.7312055262672622e+25,6.0708546749800875e+26,6.828212578096578e+25,3.375896236491232e+26,6.843251161221374e+26,-1.1381987273062413e+27,5.2271599329813246e+26,-1.0537339121362064e+27,1.975952910195615e+26,4.269112086203496e+26,1.1252872863440463e+27,1.0077776678791981e+27,9.733506829299846e+26,1.2397731964679226e+27,1.3179598920632332e+27,2.1365911038577086e+27,2.1343174540543973e+27,-5.772211641369742e+26,-2.130022921367845e+26,-5.1845551569640436e+26,-1.796707470614507e+26,6.8301674883906e+26,3.782551174811667e+26,-1.1084648187127919e+26,1.43501554538486e+26,-3.2645970253615476e+26,-1.69381648434304e+26,-4.8368406282281056e+26,-7.6690466877976706e+25,-1.882081764041385e+26,8.07973407062835e+24,-3.2620901485350335e+26,-4.666702187759588e+25,-1.5564503730011317e+25,-3.862300197252951e+25,-2.1611693920803124e+26,1.1113261328653426e+26,-4.580133097346398e+26,-6.302039915441712e+26,-5.284772783771277e+26,-4.853101748193575e+26,-4.088736016383094e+26,-3.278626594161935e+26
6.722952188313334e+26,1.10313060022026e+27,-3.526588012047261e+26,-2.5374574960110436e+25,-1.5590593959501924e+26,1.7917322155303461e+25,1.2456965843773859e+26,2.4645376349232657e+26,4.1869069328908034e+26,2.2941107155780815e+26,1.6977630761460046e+26,-3.412476698599398e+25,7.733922093822801e+25,3.612668662105522e+26,8.442751899285143e+26,4.684514195792525e+26,9.682638362969289e+25,4.1776598677394575e+26,6.359690833368051e+26,3.022102193560892e+26,-2.0491770202735643e+26,-1.80392627554599e+26,-3.155140152086442e+26,4.379609974841671e+26,-6.109165157585469e+26,-3.2026602557833295e+26,-4.162635928377956e+26,-3.2852962810979126e+26,1.1695901169940673e+27,8.569044587733426e+26,-5.785321090674318e+26,-4.763520653158952e+26,5.4982256693570855e+25,-3.660804085394576e+25,-9.487874987953836e+26,1.957896499437195e+26,1.690879833967194e+26,-6.009528147969399e+26,6.138177640764587e+26,3.036122973628119e+26,5.813290605539493e+25,8.517682422721e+25,1.5564046306757787e+26,1.0592525858622286e+25,-1.1043101890768066e+26,1.354825770156235e+26,1.3552220085998547e+26,2.1816429488246776e+26,1.65138030156595e+26,2.1670826917256817e+26,1.5575655697646634e+25,-1.346905401478963e+25,-1.2013260969123006e+26,2.8807693254257198e+26,1.3896193271114238e+26,-2.5174679154281784e+25,1.1489251176675579e+26,-1.1387734861761286e+26,5.988369646731739e+25,1.3615029524111246e+26,-6.044396271644631e+25,-4.616437336202282e+25,-1.6795465063537426e+26,-5.3551053921477064e+26,-1.879683602353814e+26,-5.320826349429477e+26,4.447198487472298e+25,3.922370964277705e+26,1.9491817808157358e+26,-1.5898849967978588e+26,1.2149076969100906e+25,2.004016557712341e+26,-5.862359486500361e+25,5.129903966080147e+25,5.043600455716697e+26,8.537727198523653e+25,1.5534706662601283e+26,4.715042335637912e+26,-4.040722925774463e+26,3.859465346366671e+26,-4.014894506440693e+26,1.8968194880510163e+26,3.127717636544307e+26,8.514536740522928e+26,5.682441300578061e+26,6.757422417058871e+26,6.1628526912550975e+26,9.155220696029983e+26,8.963702770253364e+26,1.6194666412568255e+27,-3.976832979157807e+26,-1.473203940215958e+26,-3.600640087398973e+26,-1.293022807987273e+26,7.012865568052057e+26,2.7566136093324888e+26,1.8272027546276046e+26,9.926881433312318e+25,-1.6580885729659456e+26,-1.3233441302464778e+26,-3.396796874625767e+26,-6.088651900379954e+25,-1.5333583782597915e+26,-1.2646012563680696e+25,-1.8014493234674147e+26,-3.5649052278922626e+25,-2.6753927277626156e+25,-1.8714467498182517e+24,-2.409044938650336e+26,-2.280322132605394e+26,-5.01984843143698e+26,-4.7938113144367145e+26,-3.694623042320075e+26,-3.2668699162066925e+26,-2.7982492946851234e+26,-2.3922607509486372e+26
-3.590163239510657e+26,-3.6813260901838404e+26,1.4619661668758477e+26,-6.971937652591486e+25,2.0478005652517422e+25,-1.8550368594668453e+26,-7.78642922794706e+25,-1.560094108616172e+26,-2.886458224602768e+26,-1.8815630849739774e+26,-1.4307012661455541e+26,-3.600438614381686e+24,-3.0712779656527853e+25,-1.5630518977578012e+26,-5.2936966521921535e+26,-1.9909498928998634e+26,3.7230110796559443e+25,-1.3868691217296101e+26,-3.137913167447995e+26,-1.4140195752800978e+26,6.5454018695521745e+25,1.1086689184298137e+26,3.0586385019146933e+26,-3.0012013937486325e+26,5.4754004560883276e+26,2.3320239182686392e+26,5.306853561015116e+26,-1.852126266360225e+26,-7.412888000976023e+26,-5.785321090674318e+26,5.442667319916213e+26,1.3939456859198981e+26,-4.989008581416407e+25,4.2606443932629436e+24,3.3971384218491246e+26,-3.1875510091704295e+26,1.535957401021379e+24,5.2997120350473066e+26,-4.965207793560178e+26,-3.349287828977906e+26,-3.172164248296268e+26,-1.2427205508579838e+26,-1.7682194220852264e+26,-3.128412320861167e+25,5.212011949314735e+25,-1.0137226125962228e+26,-1.0302305264426995e+26,-1.7621756055186135e+26,-1.3216989808956766e+26,-1.5830035819707692e+26,-3.306913346240098e+25,-1.4734160881288266e+25,1.1644902097560657e+26,-2.5522564989144005e+26,-1.3908534659254854e+26,-1.9322898522212562e+25,-1.1199222906162067e+26,1.0256068968286924e+26,-6.258502997525423e+25,-1.5974777076817464e+25,5.388725230362114e+25,5.270405875466379e+25,1.5364686918485074e+26,4.770274624110029e+26,1.4281145241423158e+26,5.3879299434400786e+26,2.7285961671502605e+25,-3.6004409957902156e+26,-1.8729173615294955e+26,1.5518515276628452e+26,-4.720800928587652e+23,-1.2839411255586395e+26,-6.078229019870417e+24,-7.825271125478634e+25,-4.159505765031076e+26,-1.616708785633063e+26,1.0283798798901003e+26,-3.80597140738738e+26,-1.6882761677426295e+26,-3.5299345092050654e+26,2.9621310056026762e+26,-2.1913479861747144e+26,-5.572214044539858e+26,-7.06685121886284e+26,-5.4587390369362775e+26,-5.3867112253104004e+26,-6.269931665482117e+26,-7.190445580315626e+26,-4.022132867334112e+26,-1.5272516424583988e+27,2.195818373246468e+26,1.561042374445782e+26,2.855972323479981e+26,1.419632186237978e+26,-1.2976027767895548e+27,-3.038493976257986e+23,-7.30756039664301e+26,8.616270929306743e+25,-9.729564074985056e+25,2.1633007821770015e+26,2.2728975345795853e+26,8.752041852589244e+25,6.092713527772946e+25,9.020011508628589e+25,2.4780158840659022e+26,1.6475845200341316e+26,-2.3093647362147652e+26,7.947552646822961e+25,7.1808201630987e+26,9.592765295843532e+26,8.536013809640126e+26,5.297732535666148e+26,3.511841402848369e+26,3.2749826274438194e+26,3.729302830631347e+26,4.660926133215481e+26
-2.3150223072323044e+26,-8.027036538022162e+26,2.199345389449119e+26,2.7770721560749042e+26,1.3381786913792996e+26,1.667677887847806e+26,-1.179470409120827e+26,-1.747364499361571e+26,-2.7610329125872963e+26,-1.1003840231897173e+26,-8.37138740716866e+25,3.552253481994204e+25,-1.9844379126578654e+26,-3.4752709255493954e+26,-6.800539367635674e+26,-4.785178975660049e+26,-1.063852546228186e+26,-3.988380578886728e+26,-5.261752278972714e+26,1.172615410570461e+26,-1.0853423318092731e+26,-1.6860362353726195e+26,-3.582129420141681e+26,-1.2011597215302286e+26,-5.1908256056589965e+25,-1.6314862413581194e+26,-1.5052253468274357e+26,1.3659262499274226e+27,-8.483594851814677e+26,-4.763520653158952e+26,1.3939456859198981e+26,9.834163691878533e+26,-2.546275454451264e+26,4.2133209504433196e+26,2.0806059618177128e+27,2.4653844115038807e+26,-2.682687849939499e+25,-8.891511177705368e+26,-3.5728920344415264e+26,4.1249917828431545e+26,8.95850754155162e+26,2.3802534396662605e+26,2.153642833159221e+26,9.5476411083626e+25,1.3570551698048338e+26,-9.446053136365845e+25,-6.04479883175934e+25,-5.7194216657100985e+25,-2.9451711287712286e+25,-1.0099136061374868e+26,-6.358824281968621e+24,-2.0386794815752156e+25,-3.628526767019276e+25,-1.907726698264747e+25,4.1767119455219445e+25,1.2892427222895686e+25,9.902487080880161e+24,-5.736721699921212e+24,-1.72711223635787e+25,1.4917385003787717e+25,-1.1295926853582264e+26,-6.746662870534373e+25,1.975025919231457e+24,-5.2126367877761276e+25,-1.4146797398089208e+26,4.136273487076916e+25,8.783185064534716e+25,1.8799031922174156e+24,1.8820637055026322e+25,-3.349060592345044e+25,2.1206621054175307e+25,-1.4444974789621002e+26,2.186565923235654e+26,3.7124553458763936e+26,-2.589044138156048e+25,5.951204729368494e+25,-2.068047054783992e+26,-1.0698556690582716e+26,1.8957535949000194e+27,1.2681583629079786e+26,9.095924208682819e+26,2.672672931648267e+26,1.8514177837464127e+26,-3.910760319878523e+25,-3.421765405348264e+26,-1.5258277135596955e+26,-5.782161119606006e+26,-2.0118343751602578e+26,-2.1743146777645415e+27,1.9497079111989815e+26,4.061052113298605e+26,3.9618638787066895e+25,1.614886062402887e+26,3.1709713918517036e+25,8.253789959200495e+26,3.222164242065553e+26,1.2237217554644732e+27,1.8364172953616375e+26,4.165154032810747e+26,6.932827368467332e+25,3.310322230231159e+26,-1.4559684125928606e+24,9.15727970000703e+25,1.894276936942043e+25,3.8856950278703476e+26,2.317734175443643e+26,3.85436971320751e+26,1.530981961828169e+26,2.0773340824765267e+26,-4.6676727518293296e+26,-2.113939086328498e+26,2.1575446716645992e+26,2.7138659883613217e+26,3.738268781837212e+26,4.141396305758294e+26,3.710323699698158e+26
-4.270184304118437e+25,-5.337697813813271e+26,-1.5550933672286165e+26,-5.082074343330843e+26,1.2080575494917583e+25,6.220262568110269e+26,2.731143540702641e+26,3.640085339834382e+26,5.5195890434221934e+26,4.2799571262318255e+26,4.2225659344997565e+25,1.0451407053296468e+26,1.626167938284191e+26,2.4308683993192856e+26,5.46483841770715e+26,1.831357779705471e+26,-1.6097515872015936e+26,-1.1108838439651609e+26,-4.5737388718484665e+25,-3.5211053201796384e+26,2.419123857248819e+26,1.2654207765832322e+26,8.226881953873057e+25,-1.3780569384021449e+26,4.3004352164086e+24,1.3126687921196626e+26,-2.3231509347126354e+26,1.608500727916928e+26,3.0725432074046705e+26,5.4982256693570855e+25,-4.989008581416407e+25,-2.546275454451264e+26,1.0607699531498822e+27,-1.2628246258645048e+27,-1.5889641725150887e+27,-2.8885682500942297e+26,-4.116759003550736e+26,6.44271002731432e+26,9.253472601877566e+26,-4.550073868995246e+26,-6.879054954179126e+26,-2.544292024189633e+26,-3.101755185395318e+26,-8.727224303454017e+25,-1.1814004410153231e+26,3.160983567818548e+25,-1.8970333003097354e+25,-3.315185905033978e+25,-3.246927006943475e+25,1.5180453674868453e+25,1.0576926907335138e+26,1.2560444574387841e+26,3.1802528576215762e+25,-2.4430949230457326e+25,5.027011814364968e+24,5.42229685366097e+25,4.536540908401075e+25,2.890725795154544e+24,7.025845617255521e+25,-1.3580428003634847e+26,1.2329190400448189e+26,4.23578820957663e+25,-3.6878844717614474e+25,1.8432323425451567e+25,1.4812531847761175e+26,-1.907190241030903e+26,-1.2305568011118205e+26,8.87534460343851e+23,-1.2034935687294527e+25,9.274449274286439e+24,-1.4963946310211146e+25,1.066306691602575e+26,-8.855571283506115e+25,-1.8880488569517336e+26,-1.3798814659367897e+26,1.6983485023789264e+26,-1.783258447692017e+26,1.999842970833918e+25,-9.603064588120804e+26,-3.4415214082168058e+25,-1.9996837717564653e+27,-8.033913727185356e+25,1.094853380671604e+27,-6.672914450121721e+25,1.4124195039514997e+27,4.307405531581041e+25,2.121783264742825e+27,9.436526815821433e+25,2.463846784961186e+27,5.134055475022695e+24,2.069035293868811e+26,-1.1164596845434698e+26,-2.6737836351988784e+25,-1.1094833213706824e+26,8.907747768308708e+26,-4.5182028576208326e+26,3.829330762896961e+26,-3.0300438662768204e+26,3.121145823852677e+26,-2.070177845239508e+26,1.1024222182075478e+26,-6.6287632492466846e+25,2.7210885622162744e+26,-9.609966090249855e+25,-5.269085688523051e+26,-2.7233171896057482e+26,6.867076321295876e+26,-1.799181173280481e+26,-9.686211830131494e+26,-6.467251504804938e+26,-4.5019188997655425e+26,-2.88851297604662e+26,-2.0305227744553113e+26,-2.8404418685968192e+26,-4.474352926101328e+26,-6.665588610309716e+26
2.1581259063150638e+26,8.0698011467838e+26,8.34618729125106e+25,6.71082791636844e+26,-1.3571045429755637e+26,-8.95526519477534e+26,-3.5737172305415175e+26,-4.7307498544250705e+26,-6.962656610274093e+26,-5.606213090470911e+26,-1.448492398758313e+26,-1.31069503404453e+26,-2.226856066260909e+26,-3.054369344384989e+26,-6.921576123532366e+26,-2.3045543110732328e+26,1.1716043501150991e+26,1.2643267342336065e+26,6.279963203549689e+25,4.218809586239681e+26,-2.6576654556312377e+26,-1.3685954135260498e+26,-1.768809460724959e+26,2.000809526030882e+26,-1.1978133124423985e+26,-1.630659983748933e+26,1.0353423320801935e+26,-5.352993967546586e+25,-3.8534371368389626e+26,-3.660804085394576e+25,4.2606443932629436e+24,4.2133209504433196e+26,-1.2628246258645048e+27,1.7760001217282654e+27,2.2862394760170166e+27,2.5876722206163987e+26,3.658554372593723e+26,-9.404336062428684e+26,-1.2032953678683412e+27,7.56529689204503e+26,1.1334797997734458e+27,4.274711373575279e+26,4.7463181809190034e+26,1.5990624027035344e+26,1.969572472791135e+26,-7.596208950214078e+25,8.804152549967772e+24,4.042133265724334e+25,4.360499204015774e+25,-7.372960103256034e+25,-1.4887268217616147e+26,-1.5970489815186387e+26,-5.7788235441845565e+25,5.50435352250372e+25,2.7183543652926094e+25,-4.4575244899239415e+25,-1.71776112740994e+25,-2.6218142993579714e+25,-6.001249115938277e+25,6.5319016206183415e+25,-1.9100832671222033e+26,-1.0109460506020816e+26,1.2071799913104561e+25,-1.3752432411104348e+26,-2.0801032006677366e+26,8.155828543394712e+25,1.346153288995631e+26,4.745687112549926e+25,4.645175452595032e+25,-3.819771540551712e+25,1.1381633955825171e+25,-1.7933564547921564e+26,1.8874386851187208e+26,3.41515412997984e+26,1.2899453936216683e+26,-1.988866542068584e+26,-1.1810387550246321e+25,-2.395525162356733e+25,1.4217475872934486e+27,8.172074457469303e+25,2.715532461072027e+27,2.0948486912218927e+26,-1.456739252107751e+27,1.1053084310991293e+26,-1.8414630128382592e+27,-5.507941325051225e+25,-2.7462926037653714e+27,-1.1873459877414265e+26,-3.1562232724385e+27,1.8425970601490313e+26,-2.5258663010729828e+26,1.174797456921855e+26,4.306269971640643e+25,1.1592732778457322e+26,-6.279015215258041e+26,5.22491512145279e+26,-1.690696319390658e+26,3.0588507904085208e+26,-2.460205835694098e+26,1.6967535722768638e+26,-1.220468383756454e+26,6.750526209426611e+25,-2.750702162483555e+26,7.637531529151627e+25,5.4438762134518733e+26,2.3083787234960933e+26,-7.96908985921903e+26,2.1341687606001735e+26,9.366750634779563e+26,4.437298339019277e+26,2.1355675868988637e+26,1.6518444255036312e+26,1.4386920006092914e+26,2.5170124260720315e+26,4.05311153648879e+26,6.277409851127646e+26
-2.0245350187148947e+26,-5.847029533236188e+26,4.673430029373973e+26,1.0484588522226477e+27,1.4393876890453148e+26,-4.787535106410616e+26,-5.3066692823988755e+26,-7.388527924734026e+26,-1.1511311681882093e+27,-6.950238434537928e+26,-2.5664369341509734e+26,-5.62170359754862e+25,-5.762213168001626e+26,-9.189692121152441e+26,-1.9008041186324318e+27,-1.0910725671335072e+27,-5.427326824601565e+25,-5.973468252320259e+26,-9.0739423110834e+26,5.591391864626484e+26,-4.898650038456837e+26,-4.045389738649968e+26,-7.880289296346583e+26,-1.6998709277433374e+26,-3.751246026611845e+26,-5.173138613520009e+26,-4.566320239035731e+26,2.515875391896018e+27,-1.932669034742165e+27,-9.487874987953836e+26,3.3971384218491246e+26,2.0806059618177128e+27,-1.5889641725150887e+27,2.2862394760170166e+27,5.796182219519859e+27,6.690748330557436e+26,3.48280077287103e+26,-2.58177275237982e+27,-1.756601110523189e+27,1.3302253769326989e+27,2.4493010534194963e+27,7.43907902612482e+26,7.517984101497924e+26,2.8416023494900975e+26,3.788176858600493e+26,-2.3432458235474577e+26,-1.1239066306824883e+26,-1.0119608481383093e+26,-3.679813384428362e+25,-2.5299943196476977e+26,-1.3603358802297187e+26,-2.0288892171552824e+26,-8.519859887310984e+25,-6.922173329708905e+25,4.528146979940856e+25,-5.799424290362663e+25,-6.542887648609155e+25,2.0239446403809866e+25,-1.4857901946558206e+26,1.5979007921290302e+26,-4.487488933731962e+26,-2.217835131412586e+26,-1.1749271432995328e+25,-3.114047062883106e+26,-5.705931525380333e+26,3.0832300761432223e+26,6.498843007312829e+26,-7.141029275603848e+25,7.776571527074983e+24,-7.380966621206409e+25,1.70545818630869e+26,-3.784309028770331e+26,5.449569804511117e+26,1.2303001728742312e+27,3.552123856813163e+25,-1.2583002897573453e+26,-2.0502927462669048e+26,-2.6357334457331877e+26,4.639628013585152e+27,4.2341915806770936e+26,4.0661833783306765e+27,6.936089562429647e+26,-1.0187867570412238e+27,-6.461536034168397e+25,-2.3106853884164653e+27,-3.8274327304533834e+26,-3.574622071510466e+27,-5.1256027997814545e+26,-6.819669292160392e+27,2.5851600746899152e+26,7.717989494102043e+26,3.507138109752234e+26,6.151523889320892e+26,3.299739343328113e+26,1.0711632809127369e+27,1.8541796652285198e+27,2.3758727373909363e+27,1.2572148620928308e+27,9.469638984475794e+26,6.766075105958998e+26,7.967083566209219e+26,2.307983800095081e+26,3.307710085866532e+26,3.846121234026582e+26,9.682044757722367e+26,9.18643653976718e+26,2.2811397892061875e+26,9.491460445047665e+26,1.8108810396884148e+27,2.5716041771414714e+26,1.2204873751784034e+26,5.7147496313705885e+26,6.117613007902136e+26,9.392959645094547e+26,1.23262744798268e+27,1.5133814878311726e+27
-1.0214292861321786e+27,-1.993205438595911e+27,9.518391408709871e+26,9.083595898069061e+26,6.588993903380942e+26,5.716640408769648e+26,-2.921631110225531e+24,-2.6345345012261e+25,-8.374702083964657e+25,2.6395743652134264e+25,8.74805509769851e+26,1.7531136128251243e+26,-3.755718078240647e+26,-2.9580479443175217e+26,-1.0796892632752505e+26,-3.830243017155059e+26,-1.0728573097522162e+26,-2.760776721999778e+26,-1.9184072920432693e+26,-1.954398980683599e+25,1.648000584550361e+25,2.0308237013721487e+25,-2.0123817137841053e+26,5.782447887613354e+25,-5.435947936710999e+26,-8.32708877483453e+25,-8.977649718040614e+26,1.010774717646215e+27,4.964916682720294e+25,1.957896499437195e+26,-3.1875510091704295e+26,2.4653844115038807e+26,-2.8885682500942297e+26,2.5876722206163987e+26,6.690748330557436e+26,2.208290043024594e+27,-9.531478455203152e+25,-1.0069129394685697e+27,1.4184579563166124e+26,2.7904872568930203e+26,8.459525155451992e+26,1.5602575085673277e+26,4.087391654746474e+26,2.328326805393007e+25,2.7358086554890014e+24,4.868722282415012e+26,2.789872303084757e+26,3.274486725898053e+26,1.4040764818795584e+26,4.5576865686429894e+26,4.1221667062880306e+26,7.745961915246285e+25,-3.861463111444491e+26,3.490434470164487e+26,4.120064199978011e+26,3.7479013889578835e+25,1.5816433223460317e+26,-1.4100632766513345e+26,-2.852415390326582e+25,-1.2977751631362719e+26,-2.728086718300096e+25,4.20421682425597e+25,-7.214120751379302e+25,-3.58670991265735e+26,-9.806491250422471e+25,-4.2246182930596606e+26,-1.6861065581779923e+26,4.231583813823517e+26,1.86466509172433e+26,-1.4141355706139595e+26,-2.497833053895191e+25,7.740936402491849e+25,-1.8656162409364924e+26,-3.277628527317788e+26,1.1311926533084595e+27,9.086501961293337e+26,-5.86587701750987e+26,3.910171428961576e+26,1.4356074203448413e+27,-1.4401393802661967e+25,2.1972505432595985e+26,-2.316420335958175e+26,1.699257532037456e+27,1.0760902406810507e+27,2.2832308264076906e+26,5.8473133013725685e+26,7.3733602929401094e+25,6.823315325793066e+26,-2.1700589383391937e+27,2.3462395675382172e+27,7.821716870110049e+25,-1.1093014329161392e+26,-1.661906308554484e+26,-9.662739074665853e+25,2.677633726460889e+27,-9.281469275972075e+26,2.0309371458010906e+27,-5.120834231183399e+26,6.252483021191951e+26,-2.2638201888068327e+26,-8.450112310969335e+25,-8.752344780439932e+25,1.1138341977169524e+26,-1.6724993430488582e+26,-5.0025956018911594e+26,-3.821977603084188e+26,8.464085846837917e+26,-2.217839218362691e+26,-2.1843061761196573e+27,-3.6583609656479153e+27,-1.919068644705556e+27,-6.667353092119758e+26,-3.4302066642937155e+26,-3.926858888418052e+26,-6.317710963293749e+26,-1.0351471570211939e+27
1.1633822689028322e+27,2.767002810427246e+27,-4.595405717093628e+26,-5.450551535933104e+25,-1.557274260919675e+26,-3.2105552570709e+26,-6.6881628807090045e+25,8.138822425332053e+24,-1.1178008682318667e+26,-8.568535555777086e+25,2.555771334393977e+26,-8.166914719948532e+26,-3.712955542131503e+26,1.8462786744034477e+26,9.233580724361513e+24,1.2885127561387303e+26,7.196027171132222e+26,3.266607800681419e+26,1.9664356173160624e+26,4.0052964448463986e+26,-1.3874227279489013e+27,-4.206128576370885e+26,-1.7073494974471982e+26,1.347062112949818e+26,4.705640885664882e+25,-5.610634231373429e+26,6.718470053375102e+26,-2.914373111445563e+26,2.4370405325604435e+26,1.690879833967194e+26,1.535957401021379e+24,-2.682687849939499e+25,-4.116759003550736e+26,3.658554372593723e+26,3.48280077287103e+26,-9.531478455203152e+25,2.2121112767003246e+27,-2.0284983270489702e+27,-2.172145288627845e+26,4.642816050450296e+26,-9.94853795102095e+25,7.44675410816183e+23,1.4177534149030099e+26,-1.063715682858693e+26,-3.0289921071861764e+26,1.570639372760307e+26,2.359897438286011e+26,2.559398536354014e+26,3.3266983047690995e+26,5.4210644120113275e+26,-7.222247019769715e+26,-9.989132830697817e+26,-2.674522282741401e+25,1.56569152442773e+26,-1.8971295920645123e+26,-7.607078420753837e+26,-2.7985118977236606e+26,1.5806760917093196e+25,-3.161584718322673e+26,1.4886121032815953e+27,-1.66072775826519e+26,5.43007496531337e+25,2.0765681133523734e+25,-8.521878660599826e+25,-4.490906516709639e+26,6.369808788144376e+26,9.638004236161019e+26,1.3319127870607887e+26,8.438346255991997e+25,-1.4308220136384088e+26,3.0880020189554523e+26,3.777281405985239e+26,1.0869142253109885e+26,1.0474488928572606e+27,8.457448684884536e+26,-1.486338195912075e+27,2.4025320699704754e+27,6.211934689395212e+26,3.5554807158053914e+26,1.2117538886286602e+27,9.520614889439924e+26,7.87368547169995e+26,-1.4483951855419257e+27,1.2641263311235453e+27,-7.569121076299307e+26,9.113466552080753e+26,-1.4435805691750579e+27,1.2846426726036487e+27,-2.070814768339096e+27,7.54361218242459e+26,-1.778814322391925e+26,2.0881309902115484e+26,-7.566033664840911e+25,1.952981596843781e+26,-1.8311679384497732e+27,3.0284756073899953e+27,-1.086272158611609e+27,2.055097983140251e+27,-6.852957749477833e+26,9.133294370987967e+26,-1.2378677766409523e+26,1.8253933738448498e+26,-3.684347544121909e+26,4.5833652522382756e+26,8.9725006310024e+26,1.050654507843192e+27,-6.59883924521765e+26,9.249127690578548e+26,3.670537941754655e+27,4.6512899544319425e+27,2.572789317792117e+27,1.0250965872090593e+27,5.181983384239934e+26,6.551460895432413e+26,1.2451189775601797e+27,2.0604131748340373e+27
-1.9016231992892477e+27,-2.824625488173171e+27,6.485969325440297e+26,-4.6890734695343914e+26,1.4760174835193264e+26,-8.909214448475212e+25,-2.3210002678578335e+25,-2.0406792218430774e+26,-1.6680982356768083e+26,-1.66421853879158e+26,-4.887699078697991e+26,5.8910999577313294e+26,6.343348469912328e+26,-2.9594898319023743e+26,-1.655485491766243e+26,-1.2377144968848825e+26,-8.302041660347652e+26,-3.8751762984961985e+26,-2.089578224598706e+26,-1.0867527147738302e+27,2.481651945789476e+27,9.382765524118134e+26,1.467156673603991e+27,4.350568304623158e+25,1.7046828024514e+27,1.7882977533339885e+27,1.7153335178253227e+27,-2.430532662366078e+27,-4.8244087047958384e+26,-6.009528147969399e+26,5.2997120350473066e+26,-8.891511177705368e+26,6.44271002731432e+26,-9.404336062428684e+26,-2.58177275237982e+27,-1.0069129394685697e+27,-2.0284983270489702e+27,6.401467615779927e+27,-2.677766247341829e+26,-1.9144854260582741e+27,-2.0320474510801233e+27,-6.996925188200965e+26,-8.988551733824748e+26,-1.6187993247810267e+26,1.7163366507025036e+26,-2.8403421158924405e+26,-3.319557322945536e+26,-5.224802014941691e+26,-5.0139326793703385e+26,-6.656537908641147e+26,3.6233150237624605e+26,8.774278182181458e+26,4.902106130345289e+26,-6.6382352633985e+26,-4.360538367525608e+26,7.549525094560638e+26,-1.0200180799759092e+26,2.9325764468768756e+26,3.6369190266397475e+26,-1.758846673717292e+27,1.0338480214318147e+27,2.1400232107462064e+26,1.9207059635671216e+26,1.4062064736237175e+27,1.8261450282421095e+27,-1.3605530571179464e+26,-1.686582347619561e+27,-8.634909622672868e+26,-4.497558752948767e+26,4.8682980961932364e+26,-4.709033271752228e+26,-3.797468541529662e+26,-4.278924793786222e+26,-2.1288826557375126e+27,-1.7628059541326968e+27,6.664099536616645e+26,-1.929666474492336e+27,-1.1665020375722662e+27,-3.3741745910239055e+27,-2.0452947545434327e+27,-1.7204211110071607e+27,-1.619944217348418e+27,2.2679004371294065e+25,-2.7970583368249736e+27,2.3173866605400326e+26,-1.758448207370215e+27,1.1686459801787248e+27,-2.48793891192367e+27,4.917937406166031e+27,-4.5599983955568384e+27,-7.882098938473705e+26,-3.987579242784375e+26,-4.094289985329261e+26,-3.7697575051322026e+26,-2.757299788193889e+27,-4.6762386445125436e+27,-3.436304290009318e+27,-3.2359798161586126e+27,-1.3925230323149314e+27,-1.3919645944946657e+27,-6.797260067023095e+26,-3.582469471810325e+26,-6.528951358442409e+26,-7.158487210526817e+26,-1.7586769814595494e+26,-1.2551452004597873e+27,-1.0677609476528695e+27,-1.6991480530848167e+27,-2.774940089594017e+27,-2.3995617975088878e+27,-5.506158901535016e+26,-1.9893225494969007e+26,-2.0663641598451985e+26,-4.973736915781597e+26,-9.780680224129052e+26,-1.6240979707097887e+27
3.690324045367165e+26,-6.996493743111311e+25,-2.9725405376166917e+26,-4.249769618337632e+26,2.318757086636031e+25,8.355241421739478e+26,3.9735462588486547e+26,5.7477772788803775e+26,8.72162621286682e+26,6.600495997430388e+26,2.5253992851273297e+26,1.406270962946444e+26,1.3018749397961298e+26,3.920400925546348e+26,1.0319809835696403e+27,3.2428805193432964e+26,-8.018607234855288e+25,1.4911257893609824e+25,2.2172460262267207e+26,-7.0861322281792605e+25,-8.254348691903628e+23,-4.519187935506674e+25,-2.210849359652251e+26,1.4582070037312118e+26,-5.292380250976573e+26,-1.5777584242708565e+26,-7.228076554959797e+26,4.083982307296139e+26,9.89809524312934e+26,6.138177640764587e+26,-4.965207793560178e+26,-3.5728920344415264e+26,9.253472601877566e+26,-1.2032953678683412e+27,-1.756601110523189e+27,1.4184579563166124e+26,-2.172145288627845e+26,-2.677766247341829e+26,1.4381770769698237e+27,-5.64409130669565e+25,-2.810559952792684e+26,-1.1609822081388962e+26,-1.2088360471625989e+26,-5.645638269873245e+25,-1.73433285275106e+26,1.528679546229213e+26,8.665406333226894e+25,1.459994145558173e+26,1.0025880894163771e+26,1.975464759564867e+26,1.7343646491163215e+26,1.2055983924312216e+26,-1.0820457597844962e+26,2.4218921885130847e+26,1.683959124941901e+26,2.049248021004446e+25,1.513470593075125e+26,-1.0963395461386111e+26,9.782258036268807e+25,3.0054718036129453e+25,4.277484132391867e+25,3.110911843526967e+24,-1.8186582351062932e+26,-4.536660313131185e+26,-5.1165095898774466e+25,-6.542697682653588e+26,-6.9529393453346e+25,3.761853647345886e+26,1.8180724008130802e+26,-1.6000362270239043e+26,8.5019693541751e+23,2.3930486230797225e+26,-5.684252708038744e+25,-1.7592421407694839e+25,3.400740734082858e+26,3.554404074606535e+26,-9.56006674983234e+25,4.143086916223545e+26,-5.9055463391946465e+26,3.5794898838685385e+26,-2.147043914603933e+27,1.8653583962669453e+26,1.7780747124145637e+27,7.271143289871921e+26,1.9553771646164077e+27,6.149417583570193e+26,2.6439485833310193e+27,8.750602210985894e+26,2.3727179914478268e+27,1.6543824539859307e+27,2.612510504516634e+25,-2.437246494788083e+26,-2.6644324831939547e+26,-2.3204807453595625e+26,1.9656346995422098e+27,-2.2627412189654356e+26,1.1767658872080616e+27,-2.2866148958249993e+26,4.119695008697138e+26,-3.42443692209787e+26,-7.4735577919454405e+25,-1.4055731679458776e+26,2.263829095542989e+26,-1.6403405839544964e+26,-7.252873267057234e+26,-3.7773591707175604e+26,9.301061571701426e+26,-1.777960271567566e+26,-1.4657730900604044e+27,-1.4216463371090885e+27,-1.170809206780037e+27,-7.247784891140166e+26,-4.908369913578346e+26,-5.450682290824516e+26,-7.27107295028021e+26,-9.951460203847888e+26
1.4360845360593895e+27,1.2030025518089738e+27,-7.533945555476184e+26,4.7008867760171075e+26,-4.438607860302869e+26,-2.37692698237615e+26,-2.715816678119108e+26,-1.2439584161026307e+26,-8.887444829674088e+25,-7.161229215210844e+25,-2.0282408815841936e+26,-1.847887135131789e+26,-3.367995169263984e+26,-1.1043730711535867e+26,-1.0878967788646804e+24,-1.2158908254781866e+26,3.46199398535045e+25,1.8660653244075058e+25,7.216510521538037e+25,3.0648051291735556e+26,-3.333857372342901e+26,-2.192508923585622e+26,-5.055367133035705e+26,2.0497040931823522e+26,-9.257854472626017e+26,-4.093931404820781e+26,-1.1578394397506792e+27,1.2627237791637426e+27,2.1353779386846197e+26,3.036122973628119e+26,-3.349287828977906e+26,4.1249917828431545e+26,-4.550073868995246e+26,7.56529689204503e+26,1.3302253769326989e+27,2.7904872568930203e+26,4.642816050450296e+26,-1.9144854260582741e+27,-5.64409130669565e+25,1.8304613756220823e+27,2.3113310727032372e+27,9.768629654438623e+26,9.89954856139536e+26,4.126988889692347e+26,2.6834523155857104e+26,-1.556521769159121e+26,-7.442257420364204e+24,1.9757292130092204e+26,1.6058913295658422e+26,-3.8083268008970326e+25,-1.4342660395826987e+26,-1.6874425545490996e+26,-3.112509076302436e+26,4.8272243911745996e+26,3.704140049295163e+26,1.549042880832435e+25,2.9793823019199166e+26,-2.8079367659570545e+26,1.5442118744163308e+26,4.343641003067909e+25,-2.8284514453432224e+26,-2.5518501523969948e+26,-2.656409619512597e+26,-9.446958074525866e+26,-3.890917798507868e+26,-1.0148899283348975e+27,-9.378198649434337e+25,6.911839940191967e+26,3.65889094283841e+26,-2.5048823139369473e+26,-9.539185373841554e+25,-1.180738548774559e+26,3.5245063470006416e+26,5.159550217229883e+26,6.96197643188143e+26,4.996579349328881e+25,-5.11059964668048e+26,4.5502407472573064e+26,1.612287956792088e+27,5.634936839546807e+26,9.544302643526498e+26,7.948867708574457e+26,-3.731630001084015e+26,1.2329190893548616e+27,-3.559105620841454e+26,6.629162961564566e+26,-6.123888858836654e+26,9.071406037871912e+26,-2.0977608588260677e+27,2.8793120502735396e+27,2.6731465265846415e+26,-1.7415472605921674e+26,-1.870650143918633e+25,-1.5307497052519925e+26,2.7500987351812785e+27,3.659120030490153e+25,2.3451979153567848e+27,-2.076242573780578e+26,8.786017315941394e+26,-4.0498221564917266e+26,3.164156749144659e+26,-9.797528949412475e+25,5.043495039667418e+26,-1.3753683067440173e+26,-5.368419810588503e+26,-2.9079263815549247e+26,1.031164097976193e+27,-7.4301474456614864e+25,-1.5117104779915e+27,-2.4381901722056756e+27,-2.0750696197622108e+27,-1.002864945354852e+27,-5.408042119706992e+26,-4.219327272299622e+26,-5.954971268593518e+26,-9.03268954414433e+26
9.555910138038028e+26,-4.2525130486655525e+26,-4.3836967661124107e+26,8.534772208023119e+26,-2.9320259912956556e+26,-1.4168589007906634e+26,-3.4759120516482894e+26,-2.656005999768677e+26,-2.9110965253063708e+26,-1.8566447867552525e+26,-2.048925046580703e+26,4.3891127867616e+25,-4.966650259557945e+26,-4.0001191992232886e+26,-4.008457581063892e+26,-4.890135498484732e+26,-2.7146798862171117e+26,-3.581072464460361e+26,-2.7224615598464968e+26,1.619727780113809e+26,1.83295724015416e+26,-8.323440198597566e+23,-5.784747832121026e+26,3.41907748901972e+25,-1.1924114429904125e+27,-1.8745668499598417e+26,-2.0083241091283316e+27,2.22522146264679e+27,-2.8486576522507546e+26,5.813290605539493e+25,-3.172164248296268e+26,8.95850754155162e+26,-6.879054954179126e+26,1.1334797997734458e+27,2.4493010534194963e+27,8.459525155451992e+26,-9.94853795102095e+25,-2.0320474510801233e+27,-2.810559952792684e+26,2.3113310727032372e+27,3.6279390507561357e+27,1.353437834944331e+27,1.3050819583512258e+27,6.231702519595253e+26,6.113021277411717e+26,-1.8289366967259944e+26,-8.751411125082166e+25,1.6600497092764295e+26,4.769981272695413e+25,-1.9035739528973877e+26,1.2556027118592238e+26,8.462985131849162e+25,-5.906341833184891e+26,6.230178364811721e+26,7.768222488163982e+26,3.384392892452201e+26,6.141347570423449e+26,-4.625488185609541e+26,3.44200428622208e+26,-5.747625952527808e+26,-3.381758594191872e+26,-3.822322297956691e+26,-3.0173405870078707e+26,-1.1357721353579449e+27,-3.0815578017292587e+26,-1.6068006909968614e+27,-7.50258052142799e+26,9.048508235326593e+26,4.5744239994487896e+26,-2.3082074377700347e+26,-3.354811139295041e+26,-4.9868139693170764e+26,5.022355343736092e+26,1.679084334212172e+26,7.176131435292608e+26,8.354059509542892e+26,-1.9344507643174093e+27,2.3142775057962644e+26,2.688362925029823e+27,1.0867276127749974e+26,1.3439325799765617e+27,7.422566086293684e+26,3.6658040816035644e+26,1.2147439931559019e+27,-4.403185163689886e+26,3.750655514163243e+26,-5.8892091613212924e+26,4.659826536169337e+26,-3.0389847238907716e+27,3.732201665507256e+27,5.920637220018651e+26,-3.0851945253447144e+26,1.4059825752486407e+26,-2.7119958643430086e+26,4.9096315746999675e+27,-1.8943508627227507e+27,4.1467401012846726e+27,-1.6019549265968704e+27,1.7433025322477723e+27,-1.0958770900172092e+27,5.4036054089642624e+26,-2.376947997734837e+26,8.599739436820216e+26,-5.2700834955257974e+26,-1.1734327359764226e+27,-1.1182305258903997e+27,1.7702698474564237e+27,-7.423545654904821e+26,-4.4486820210423574e+27,-6.523954780692964e+27,-4.501085239552619e+27,-1.8748084883977934e+27,-9.071180162215656e+26,-8.644654904415472e+26,-1.5280295260738337e+27,-2.512291426943929e+27
5.683260827047719e+26,1.4515122661473645e+26,-4.0444856836989556e+26,3.5198570946221866e+26,-3.1791244208793004e+26,-2.0978361525996473e+26,-1.7736221766289297e+26,-1.1106620646234007e+26,-8.982224720655386e+25,-8.448539080036865e+25,-1.8426652115278255e+26,5.734487591226155e+24,-1.4892994936065883e+26,-8.724070130307952e+25,-6.352667309789932e+25,-8.711771533020912e+25,-4.9456211442937575e+25,-3.3379083755363455e+25,5.401002234375371e+22,1.1075003049248087e+26,-4.470040469673663e+23,-4.1937139217509245e+25,-2.08729871699709e+26,5.743497810101918e+25,-3.8982767280593136e+26,-1.1624129438534116e+26,-5.744970423212338e+26,6.397904569263811e+26,4.685978401917121e+24,8.517682422721e+25,-1.2427205508579838e+26,2.3802534396662605e+26,-2.544292024189633e+26,4.274711373575279e+26,7.43907902612482e+26,1.5602575085673277e+26,7.44675410816183e+23,-6.996925188200965e+26,-1.1609822081388962e+26,9.768629654438623e+26,1.353437834944331e+27,6.593693632899486e+26,6.459877365821319e+26,3.3917702583196524e+26,2.91739150987907e+26,-6.0398203137616166e+25,-7.216443666785329e+24,1.2913900215876064e+26,3.0258729958968676e+25,-1.390306274405709e+26,6.281715180427031e+25,4.621144836786915e+25,-2.5136595077118587e+26,2.8336191325126387e+26,3.0472100494808638e+26,1.114468919836349e+26,2.2984023086772037e+26,-1.761091237867038e+26,1.299426555084031e+26,-1.4488302907860338e+26,-1.0982739179133656e+26,-1.19342915298784e+26,-1.0296928792309369e+26,-3.8122200234608356e+26,-1.2643600231452097e+26,-4.823256745730042e+26,-2.9940818521148858e+26,3.533157942592635e+26,1.693213772007198e+26,-5.596309175381873e+25,-1.5909118078765904e+26,-1.911174333280176e+26,3.8205917389137464e+25,-1.9811362739664835e+26,2.5329355691718426e+26,3.337350731164508e+26,-5.837426879102508e+26,1.2920818288024226e+26,7.92667025927618e+26,-1.189034907980695e+26,5.1776993603509516e+26,4.972706340866789e+25,-2.0396309031935496e+26,4.387270506381221e+26,-2.6238787635974363e+26,1.7149043409188247e+26,-3.5966993715568046e+26,1.6750601991035706e+26,-1.0752415684923582e+27,1.3543285175833457e+27,1.7346337709485694e+26,-6.525904228653421e+25,2.715993878937743e+25,-3.952286245498042e+25,1.3903380749849387e+27,-6.80683004905866e+26,1.174109997617946e+27,-5.2208209951247066e+26,4.683196130341749e+26,-2.6616596110941363e+26,2.001409500856478e+26,-2.1867440481077767e+25,2.5633220629423904e+26,-3.1667090860133114e+25,-2.0144366819983708e+26,-1.1672909538058077e+26,4.7581547917737246e+26,-2.3017042340329922e+26,-1.1831823070375084e+27,-2.016301475892784e+27,-1.306678075454425e+27,-4.9056108907398487e+26,-2.2707004219128516e+26,-1.5239483992015968e+26,-2.703732300518927e+26,-5.3331103857627364e+26
5.3256558166671526e+26,2.1704347994318805e+26,-3.3034709486906025e+26,5.0488940252119365e+26,-2.8684807828300632e+26,-2.0898735735434884e+26,-2.216451971576354e+26,-1.372301310222429e+26,-1.1060918675474937e+26,-1.0601419648335937e+26,-7.670181505940403e+25,-4.266106501999167e+25,-1.9903985716556367e+26,-9.443031259171905e+25,-3.396410064651922e+25,-8.477139493005307e+25,-1.243404474264044e+25,-7.15400613457458e+24,3.5620055974278107e+25,1.4710851880911223e+26,-9.04814831278275e+25,-7.531462368087939e+25,-2.4120056986821107e+26,9.277759269930365e+25,-4.284862420115679e+26,-1.626833348266087e+26,-5.745311159603169e+26,6.592957162501013e+26,8.514919029502536e+25,1.5564046306757787e+26,-1.7682194220852264e+26,2.153642833159221e+26,-3.101755185395318e+26,4.7463181809190034e+26,7.517984101497924e+26,4.087391654746474e+26,1.4177534149030099e+26,-8.988551733824748e+26,-1.2088360471625989e+26,9.89954856139536e+26,1.3050819583512258e+27,6.459877365821319e+26,7.189095152786718e+26,3.023514183411737e+26,2.2157071237457843e+26,5.689288747222447e+24,6.024057998727261e+25,1.858654927012019e+26,9.035970333730745e+25,-2.418913500263947e+25,4.405043033966498e+25,-4.054127565820021e+24,-2.5987099784897612e+26,2.9638941660838783e+26,2.9203212517135748e+26,6.502810592080625e+25,1.9668999632607033e+26,-1.604018295194801e+26,9.503726878374493e+25,-5.26906241623921e+25,-1.1424698594304085e+26,-1.0342456136475808e+26,-1.055167673937225e+26,-4.068278104923382e+26,-1.5680114418216787e+26,-4.500176664174669e+26,-1.767910768126929e+26,3.600600907739786e+26,1.6651352324197014e+26,-7.117640728508662e+25,-1.0316559592990561e+26,-1.1075994654308604e+26,-1.0163160867079937e+25,-1.3294485855698555e+26,4.8740851672105125e+26,2.9055127818438795e+26,-4.1644443778713164e+26,2.232610266780848e+26,8.903024151988777e+26,-5.295214639396855e+24,6.017780371045192e+26,5.167714535271255e+25,-2.5959246788025994e+26,6.42579798084753e+26,-3.343440584157618e+26,3.100962888918017e+26,-5.131904892558029e+26,3.4836043543155406e+26,-1.4188277703434684e+27,1.5419372036563107e+27,1.4260288423216001e+26,-4.812698702478037e+25,-2.03426053073983e+25,-2.8259134713313673e+25,1.41226194477e+27,-4.0327996230300765e+26,1.195119662362092e+27,-3.07428986207301e+26,4.2475762438163105e+26,-1.6827861685185e+26,1.665130661552796e+26,-3.1592330008601627e+24,2.159983951882919e+26,2.4457467217506722e+25,-1.3040489430407162e+26,6.683789044633778e+24,4.622988049404748e+26,-9.711584289048281e+25,-9.233597411935888e+26,-1.8192186057415768e+27,-1.1826250613899515e+27,-4.451067339806907e+26,-2.1499731684915203e+26,-1.2069430599341529e+26,-1.7192953782836e+26,-3.564951241124131e+26
1.896523796828473e+26,-1.2641412241765983e+26,-2.001849160860628e+26,1.3425724366409711e+26,-1.6611016331326887e+26,-1.0574316566412944e+26,-7.025198332358524e+25,-4.453362564190422e+25,-3.3700742120095357e+25,-3.411193441394934e+25,-1.1927636128933109e+26,4.808685337317848e+25,-4.661368445633351e+25,-3.8524292870759576e+25,-3.616565014381187e+25,-3.916899527667637e+25,-5.019174439091442e+25,-2.9740726197982275e+25,-1.0400169058287065e+25,2.4976689969183837e+25,7.3154200195393285e+25,1.4768760882080602e+25,-6.3138887297705205e+25,-2.354856332200356e+24,-1.3143093242860318e+26,-1.2334188099524215e+25,-2.3966843657511415e+26,2.4129641655834734e+26,-3.028680345703395e+25,1.0592525858622286e+25,-3.128412320861167e+25,9.5476411083626e+25,-8.727224303454017e+25,1.5990624027035344e+26,2.8416023494900975e+26,2.328326805393007e+25,-1.063715682858693e+26,-1.6187993247810267e+26,-5.645638269873245e+25,4.126988889692347e+26,6.231702519595253e+26,3.3917702583196524e+26,3.023514183411737e+26,2.0852124580964973e+26,2.0403563499787976e+26,-2.4585827691142613e+25,-1.765525993409898e+25,6.109048070356973e+25,-2.3971094430158634e+25,-1.247355382814979e+26,8.618454191807929e+25,7.606817433903014e+25,-1.4963414595633014e+26,1.3814092067269795e+26,1.8304673057821052e+26,8.844753570351782e+25,1.3299514523880743e+26,-9.142164707225803e+25,7.467718385294921e+25,-1.2869563115439185e+26,-3.5660728569254227e+25,-4.408099324555212e+25,-2.7969698809433702e+25,-1.1587769695070777e+26,-2.9642005730589795e+25,-1.7399095010255403e+26,-2.355839873276613e+26,1.4940725030214464e+26,6.415556045266517e+25,9.771853077020743e+24,-1.174549172739584e+26,-1.4626329153037168e+26,-4.788532227008606e+25,-2.96050515054562e+26,2.717351812784576e+25,2.736341525732515e+26,-3.7428864705365576e+26,6.417295810134865e+23,2.720383206915881e+26,-2.381483298481463e+26,1.7588859272800286e+26,-1.3994782094080607e+26,-4.827119567631621e+25,7.716153461759179e+25,-9.648286223629447e+25,-1.3705529488163242e+25,-1.0455246182538956e+26,-7.357184532596213e+25,-3.6014470639562554e+26,4.9108649035832784e+26,8.873538325057576e+25,-9.427750678841527e+24,3.810506675703669e+25,8.464153049372429e+24,5.692909327594338e+26,-5.987119272067881e+26,4.659352289038094e+26,-3.9968201726241075e+26,2.113310965312668e+26,-1.271203115241949e+26,9.998498341524816e+25,9.698882735699509e+24,1.1426957529574618e+26,6.995325483272244e+24,-7.481373802068722e+25,-4.625387418502423e+25,1.718104776322053e+26,-1.8418536440596112e+26,-6.895744111855375e+26,-1.1615306760264642e+27,-6.400609437892523e+26,-1.955808131342366e+26,-7.502844366151536e+25,-4.348867604339275e+25,-1.1264599200009292e+26,-2.7221806349613562e+26
-6.001058802286178e+25,-5.53882047635653e+26,-7.608146540760838e+25,1.2290502969983631e+26,-1.1850294330834508e+26,-1.4001793072256875e+26,-7.444395373944696e+25,-8.447083886311559e+25,-9.949255661095763e+25,-8.14238364551808e+25,-1.4937181778222686e+26,1.2213574028323466e+26,-3.4807538266835877e+25,-9.890448578057752e+25,-1.580569288357089e+26,-1.077921269020856e+26,-1.267721108669176e+26,-1.1158869422202498e+26,-9.255255565361045e+25,-4.802284727245176e+25,2.669270702232614e+26,1.0830553601797854e+26,2.239606088658856e+25,-8.18019875672441e+25,6.502050413805968e+24,1.323588114875399e+26,-1.8707559166622583e+26,1.842236601821774e+26,-2.082800191726468e+26,-1.1043101890768066e+26,5.212011949314735e+25,1.3570551698048338e+26,-1.1814004410153231e+26,1.969572472791135e+26,3.788176858600493e+26,2.7358086554890014e+24,-3.0289921071861764e+26,1.7163366507025036e+26,-1.73433285275106e+26,2.6834523155857104e+26,6.113021277411717e+26,2.91739150987907e+26,2.2157071237457843e+26,2.0403563499787976e+26,2.8094946041363526e+26,-5.916458377650527e+25,-8.171312647379593e+25,-2.4645785565578176e+25,-1.1720875872078184e+26,-1.9938740673079252e+26,1.583417953820549e+26,1.688215067180742e+26,-1.702006384967712e+26,6.936137140805309e+25,2.337053669085423e+26,1.82500606016668e+26,1.793693978349037e+26,-9.600708108488695e+25,1.0954944640849646e+26,-3.0405216601729453e+26,3.5575215458227403e+24,-3.170115470097702e+25,2.469935116928952e+25,3.8271750541652564e+25,7.5706578727882624e+25,-1.1585135885220848e+26,-4.240613428123795e+26,5.933698211105652e+25,1.009141546702195e+25,8.216560581513607e+25,-1.8658018431640298e+26,-2.7065144299082788e+26,-4.865607562918417e+25,-4.925289469773804e+26,-1.441247839514146e+26,4.336119893610399e+26,-6.545093979458715e+26,-2.0425775125077032e+26,2.2455208953263067e+26,-5.073202485224298e+26,2.270839944468584e+26,-2.8283294369654706e+26,9.126570496486705e+23,-2.2835689585975548e+26,-1.771199791139257e+26,-2.919825204852265e+26,-1.4615073442126158e+26,-4.50219838399566e+26,-2.897065436147421e+26,3.617720394843754e+25,1.1008217510441605e+26,-4.182251102028792e+24,9.820207869810672e+25,1.8216886806912639e+25,4.334603222866234e+26,-1.1303913820618498e+27,3.7112515395800326e+26,-7.532444686928683e+26,2.2259309114851592e+26,-2.3149479177471774e+26,1.0501203930307117e+26,-7.886353457536637e+23,9.525569378432315e+25,-5.122714721921852e+25,-7.696378256192468e+25,-1.6958670097216205e+26,7.335711729233169e+25,-3.5449282492259394e+26,-1.0735378249564171e+27,-1.663345479613491e+27,-8.171102124080792e+26,-1.9308901012718128e+26,-3.939181640880241e+25,-3.8136386253915737e+25,-1.8653698096448903e+26,-4.4926435023015835e+26
-3.4508954098420695e+26,-3.617401030234588e+26,2.4441624468234402e+26,1.634742228899208e+26,1.3838526886772128e+26,1.283999237939594e+26,1.3809440189150635e+26,9.113783935314315e+25,8.665926740099921e+25,4.791433366681902e+25,3.28742503519373e+26,-1.9568039644277563e+25,3.682759083437655e+24,1.389350484517346e+26,1.5203547834398295e+26,1.2480528783661484e+26,1.4441085150621334e+26,1.1523653455494324e+26,9.439925740530544e+25,5.976401747783718e+25,-2.4437326476565145e+26,-8.83084858760509e+25,-5.996994193294536e+25,8.915741161328128e+25,-1.4732812796546765e+26,-1.56594960320032e+26,-3.685307446776942e+25,-5.175916719660315e+25,2.1131354501240988e+26,1.354825770156235e+26,-1.0137226125962228e+26,-9.446053136365845e+25,3.160983567818548e+25,-7.596208950214078e+25,-2.3432458235474577e+26,4.868722282415012e+26,1.570639372760307e+26,-2.8403421158924405e+26,1.528679546229213e+26,-1.556521769159121e+26,-1.8289366967259944e+26,-6.0398203137616166e+25,5.689288747222447e+24,-2.4585827691142613e+25,-5.916458377650527e+25,3.404683447269713e+26,2.0286370867035442e+26,2.2042218661932747e+26,8.946925510337919e+25,2.1030744300540794e+26,1.1139250020058992e+26,-1.0719401790658625e+26,-1.674356646745984e+26,1.8595172578147177e+26,1.573504297273319e+26,-1.3941373025376362e+26,3.7299266358673482e+25,-6.497729074842418e+25,-4.930058299079825e+25,2.1314010567188738e+26,-1.778798890753614e+25,3.724447527785389e+25,-3.738677658440429e+25,-1.2498854671403242e+26,-1.1574426301041037e+26,4.853631445723814e+24,4.3547307317849405e+25,1.918465363854825e+26,8.36057964517078e+25,-6.311255600926098e+25,1.7450625004184852e+25,1.0610324563247869e+26,-1.7566234352583936e+26,-1.9586915107688728e+26,2.9496394695998066e+26,1.952778017545353e+26,2.3173514418891394e+26,2.5745284088811292e+26,-2.9762928392495334e+25,2.9219727431079614e+25,-1.6097546106751934e+26,-2.0707140002127303e+26,4.759747068912452e+26,4.339502553093266e+26,2.076506743130001e+26,3.623232402537324e+26,1.88806481501296e+26,4.168487743462149e+26,2.190467339388199e+24,8.758201738836985e+26,-1.026573743990808e+26,7.919271233383939e+23,-1.0179447801682042e+26,1.572711333517646e+25,1.2334307624312482e+26,5.852510668361146e+25,1.3869632629886153e+25,1.1035546056030249e+26,-8.04348184459616e+25,1.0481116609529075e+26,-1.290234707296474e+26,2.2340759972894833e+25,-8.898504983150601e+25,6.529985429075856e+25,-1.6374055954905148e+24,8.333894272039079e+25,9.575012627796097e+24,2.0699740600262893e+25,6.877727862485511e+25,-5.738769380469505e+25,6.334671115024124e+25,3.2331317564055954e+25,-7.719207482311679e+24,-1.240786412431091e+25,3.481483729533615e+25,7.838604430021946e+25
-9.025880512541518e+25,5.050422402116785e+25,1.0124539343412702e+26,1.3995379708591326e+26,5.398395457645621e+25,4.531812768284069e+25,5.110488690363171e+25,3.94289398470421e+25,4.5129758643251384e+25,1.6315685665849233e+25,1.8861626283384578e+26,-9.118156017910338e+25,-3.7266174519009415e+24,9.457231865581675e+25,1.2226178250802382e+26,1.0201600756635443e+26,1.2069737858700502e+26,1.1438673561801457e+26,1.0047891285360659e+26,7.998202523540893e+25,-2.3510047887566322e+26,-1.0647984792503773e+26,-8.143347470817234e+25,1.0417462288831275e+26,-1.3575528064784643e+26,-1.6575622956610843e+26,-1.450729273440259e+24,-3.421601362239699e+25,1.9830821778460094e+26,1.3552220085998547e+26,-1.0302305264426995e+26,-6.04479883175934e+25,-1.8970333003097354e+25,8.804152549967772e+24,-1.1239066306824883e+26,2.789872303084757e+26,2.359897438286011e+26,-3.319557322945536e+26,8.665406333226894e+25,-7.442257420364204e+24,-8.751411125082166e+25,-7.216443666785329e+24,6.024057998727261e+25,-1.765525993409898e+25,-8.171312647379593e+25,2.0286370867035442e+26,1.7901946416944956e+26,2.0261743637003325e+26,1.430051064348245e+26,1.9094189040446818e+26,-5.284597196691693e+25,-1.4494143473302702e+26,-5.566551774848547e+25,1.5955586680772988e+26,1.1925666545807836e+25,-1.4840102597814502e+26,-3.793434902166255e+25,-3.4555903372413803e+25,-5.9806137609553065e+25,2.233842789379303e+26,-3.0279242939033487e+25,1.3314733935326556e+25,-4.085144685144265e+25,-1.3466890399182732e+26,-1.1776992393872006e+26,-8.888298101333484e+24,1.1444792104112023e+26,1.6553904599100316e+26,8.471638761166603e+25,-7.414538935557946e+25,3.952334920991074e+25,1.2985878776052777e+26,-1.0410268946504984e+26,-1.49594557605529e+25,2.9451403749489146e+26,-9.154582472356298e+25,3.239333144370848e+26,2.934813954801427e+26,2.9975321139791638e+25,1.7320318847402686e+26,-1.2260198145205592e+25,-3.3375652837471523e+25,1.2179663878161984e+26,4.6475452899773654e+26,6.565729862240252e+25,3.9811752111873434e+26,-2.94288257949432e+23,4.758552994453954e+26,-1.190039180003831e+26,7.298977057583296e+26,-1.0346537021459838e+26,-4.028727314954564e+23,-1.1058813119474101e+26,5.99392422772225e+24,-9.418657534583095e+24,3.248490067884468e+26,-4.32919376252456e+25,2.4856784543100256e+26,-1.1457955173079333e+26,1.1340070417306334e+26,-1.125826918286891e+26,1.6962040110059998e+25,-1.0301223765527734e+26,6.63376726387366e+25,8.157571727727267e+25,1.36932422066696e+26,-3.007902710441678e+25,8.17092456393597e+25,3.4374843098260126e+26,3.564242353346225e+26,2.005735824637901e+26,5.526553146267633e+25,3.059588666795986e+24,2.2478727283203014e+25,1.0923351637089395e+26,2.078171219322647e+26
3.3373060095929506e+25,9.852631711396666e+25,2.3386584973509034e+25,1.889035006642087e+26,1.6643653993581543e+25,5.681202781371506e+25,4.756696798974498e+25,5.092702347854169e+25,7.493134854816856e+25,3.2554316094734495e+25,1.741098362702991e+26,-8.786429919577723e+25,1.6236869450908142e+25,1.260940910061444e+26,1.893277933279997e+26,1.452753684284073e+26,1.6561565617447357e+26,1.6906634596977067e+26,1.543337880228908e+26,1.3759932137975632e+26,-3.195619090374197e+26,-1.7660760219118122e+26,-1.5910879060466546e+26,1.774551373654943e+26,-2.8235863908942263e+26,-2.752599575059151e+26,-1.0527744065677585e+26,5.063231329777554e+25,3.074482392617288e+26,2.1816429488246776e+26,-1.7621756055186135e+26,-5.7194216657100985e+25,-3.315185905033978e+25,4.042133265724334e+25,-1.0119608481383093e+26,3.274486725898053e+26,2.559398536354014e+26,-5.224802014941691e+26,1.459994145558173e+26,1.9757292130092204e+26,1.6600497092764295e+26,1.2913900215876064e+26,1.858654927012019e+26,6.109048070356973e+25,-2.4645785565578176e+25,2.2042218661932747e+26,2.0261743637003325e+26,2.9336552087311798e+26,1.7599736533969064e+26,1.819649335235647e+26,-3.6031010225720837e+25,-1.4519604690034357e+26,-1.1519265970000975e+26,3.155797510795871e+26,7.646991682023905e+25,-1.8227717889882074e+26,8.986702433546715e+24,-1.0669339769772493e+26,-5.004887180541716e+25,2.782122386697042e+26,-7.30768305314021e+25,-1.3540424338561977e+25,-8.891472485351472e+25,-2.939662628344093e+26,-2.0315475833931568e+26,-1.5153601757131809e+26,4.0208004670877325e+25,3.536570730337261e+26,1.8747699061743653e+26,-1.3330448015262086e+26,-5.222130024147232e+24,1.2494910467807475e+26,-1.3281528462173077e+26,-1.192136932185948e+26,3.8252090885017617e+26,-2.516572175489181e+25,3.0805678071570926e+26,4.3995482597784446e+26,1.2902114160754853e+26,1.895191315801019e+26,-1.3100018877979968e+25,-4.014579545706588e+25,1.8604121690084673e+26,6.804723520717495e+26,1.209486949031248e+26,5.850258805796209e+26,5.410405420554854e+25,6.93090637912521e+26,-1.800045704316013e+26,1.3556512587282195e+27,-1.2858134758809821e+26,-3.682175026008398e+25,-1.7082648258678847e+26,-1.9052530631098735e+25,2.6493790011300615e+26,2.028000948550205e+26,1.3792103517235885e+26,1.5226230670799107e+26,-9.428450466817969e+25,5.566912794207857e+25,-1.3439073319233155e+26,1.2154297958585538e+24,-1.0836148021581838e+26,5.746099778595327e+25,6.032096571565191e+25,1.2511492294761797e+26,6.259401937223184e+25,-9.255171174808621e+24,1.469746034267273e+26,2.967973671417063e+25,-2.2036658152983736e+25,-4.226145217829575e+25,-5.459035564108421e+25,-1.7004903527865181e+25,6.429544979867455e+25,1.2146557736499706e+26
1.7679960987441733e+26,4.3124795941645846e+26,-2.1810217168635777e+25,8.817025025818233e+25,1.4500857676167196e+25,3.7768387802896178e+25,1.544203997890214e+25,3.3095180565611158e+25,4.730691988355125e+25,2.419726524917952e+25,1.0806751879152116e+26,-1.4291647093994986e+26,-2.0288575865011683e+25,8.45998370032693e+25,1.338862649799944e+26,9.722100887133237e+25,1.2757348632409503e+26,1.2381198940339973e+26,1.1200227182485218e+26,1.0778073021639705e+26,-2.8150424166621723e+26,-1.3725718117128408e+26,-1.267254568963054e+26,1.2871660761220432e+26,-1.87323745381233e+26,-2.0343695451550093e+26,-4.57971250740065e+25,5.222548608332769e+25,2.3171636122920527e+26,1.65138030156595e+26,-1.3216989808956766e+26,-2.9451711287712286e+25,-3.246927006943475e+25,4.360499204015774e+25,-3.679813384428362e+25,1.4040764818795584e+26,3.3266983047690995e+26,-5.0139326793703385e+26,1.0025880894163771e+26,1.6058913295658422e+26,4.769981272695413e+25,3.0258729958968676e+25,9.035970333730745e+25,-2.3971094430158634e+25,-1.1720875872078184e+26,8.946925510337919e+25,1.430051064348245e+26,1.7599736533969064e+26,1.9029912932117456e+26,1.8947543951869138e+26,-1.597796996975511e+26,-1.8124373942575474e+26,2.4023781558311196e+25,1.5579645283128173e+26,-7.83679423289561e+25,-1.5644181997963327e+26,-7.632273987321479e+25,-2.1284171467578044e+25,-5.966371359570661e+25,2.53126925100657e+26,-4.9338001488562325e+25,-1.2791700256129043e+25,-6.2906296312332915e+25,-2.0299403818785322e+26,-1.4158512984334561e+26,-9.070015887867241e+25,1.746287027467922e+26,1.8766678575575434e+26,1.1212313972391449e+26,-1.0987798496981646e+26,5.606594750822064e+25,1.6696463144855555e+26,-1.2430540632669937e+24,2.0498526218501318e+26,3.236790227008919e+26,-2.9631789148520758e+26,3.954237907412817e+26,3.581799578244944e+26,1.2987939389677767e+26,3.703227031706347e+26,4.3228191404715205e+25,2.04667851664257e+26,-3.3826365355215963e+25,5.692685485359569e+26,4.52183123792773e+25,4.837959229661672e+26,-3.7512939255419263e+25,6.202172178041866e+26,-1.9641123239514454e+26,8.118450356752035e+26,-9.123234069206459e+25,-2.883226753203329e+25,-1.2893409154787055e+26,-2.7602950649035565e+25,1.0992554650756007e+26,5.755875234300608e+26,6.305241823033527e+25,3.603418427195046e+26,-8.934356066300402e+25,8.109455850124801e+25,-9.209728110799957e+25,-8.443624981271446e+24,-8.129402138711276e+25,3.552265245116001e+25,7.226140225794041e+25,1.2297147701576856e+26,4.244400894395606e+25,1.133297091597857e+26,4.399302788792797e+26,5.862605014099501e+26,1.9548876832798775e+26,3.1127136375489263e+24,-3.1707806022443453e+25,6.199996081505917e+23,9.429269442534869e+25,2.090241440856352e+26
8.161034021056477e+24,3.39361665783657e+26,1.58335573540245e+26,8.14085484675851e+25,1.753352088193299e+26,1.627255007028277e+26,7.903882413533924e+25,1.0004981783496925e+26,9.584814814979626e+25,7.022130398437143e+25,3.69025142248612e+26,-2.4039919265079522e+26,-1.4012425927728325e+26,1.2192808337048343e+26,1.9970201089437933e+26,1.0409580683745903e+26,1.4734168168290046e+26,1.200160751845328e+26,1.2387027152290625e+26,8.217132438228466e+25,-3.563141680593362e+26,-1.1752062555406713e+26,-1.054613675001397e+26,1.0854992325514759e+26,-1.5193254585584716e+26,-1.820662297323178e+26,-2.175553212626697e+25,-1.68755037136246e+25,3.110442542191483e+26,2.1670826917256817e+26,-1.5830035819707692e+26,-1.0099136061374868e+26,1.5180453674868453e+25,-7.372960103256034e+25,-2.5299943196476977e+26,4.5576865686429894e+26,5.4210644120113275e+26,-6.656537908641147e+26,1.975464759564867e+26,-3.8083268008970326e+25,-1.9035739528973877e+26,-1.390306274405709e+26,-2.418913500263947e+25,-1.247355382814979e+26,-1.9938740673079252e+26,2.1030744300540794e+26,1.9094189040446818e+26,1.819649335235647e+26,1.8947543951869138e+26,3.967171428225707e+26,-1.839654705832794e+26,-2.994296872911157e+26,-5.749714539016807e+25,1.2432104689478197e+26,-1.8500546511031413e+25,-2.2060760590556322e+26,-7.802363242015121e+25,-1.2573042399422987e+25,-9.799330960566109e+25,3.378799672831506e+26,-2.1943265310911448e+25,4.071471388015292e+25,-2.7347206424434353e+25,-1.273858446432629e+26,-1.2438874138286464e+26,2.683558968388832e+25,2.526919539453763e+26,1.4290222483403917e+26,7.185772570264198e+25,-9.031071314049197e+25,9.509848583232255e+25,2.1889588550055366e+26,-3.683558350987881e+25,2.304078291887022e+26,5.832419142121202e+26,-3.337940180656757e+26,5.592976347926249e+26,3.598851884067186e+26,6.514883499730986e+25,4.0298059428066384e+26,-1.0729135543340639e+26,1.879406051018704e+26,2.0373449259966086e+26,7.519772207215931e+26,1.5948755699614867e+26,5.3199015196519495e+26,6.670914872444291e+25,7.128832845159893e+26,-3.0660702316294102e+26,8.128877619822923e+26,-1.3401260304770473e+26,-5.520121335880042e+24,-1.574138745998151e+26,-7.561686963351726e+24,8.562277537294626e+25,6.93921896973305e+26,2.4826240161146564e+24,4.809463561477076e+26,-1.4096817327341094e+26,1.6354892932185653e+26,-1.762682722199345e+26,4.799493016521637e+24,-1.5210187273577652e+26,5.17325757378803e+25,7.073125807051739e+25,1.3761077818049867e+26,-1.261622388711744e+25,1.801200451264724e+26,5.099913183616931e+26,6.904283981325356e+26,3.27787097314512e+26,6.701905778976694e+25,-4.517868327536415e+24,-2.1321748221360577e+24,1.0262423539668737e+26,2.5199138293428883e+26
-5.741872765485952e+26,-1.3253202881861436e+27,2.4566246548804863e+26,1.5288208296636271e+26,9.47832849723893e+25,1.851674505118462e+26,1.2083154471691589e+26,7.701851410149064e+25,1.0524267565540257e+26,7.668845762147606e+25,8.581070120329904e+25,4.562300550956677e+26,1.4063030417821784e+26,5.033060973726014e+25,6.8805849120477965e+25,3.8253882557542797e+25,-4.450402234647901e+25,-1.9062283061436892e+25,-1.681116956502743e+25,-1.9249178358017194e+25,2.7236776574030496e+26,9.886119534670774e+25,1.851381439578405e+25,-2.0373406863418206e+25,-1.103808103799252e+26,1.0292543644401205e+26,-3.10450965440937e+26,1.7236443688703715e+26,1.6503669362457247e+25,1.5575655697646634e+25,-3.306913346240098e+25,-6.358824281968621e+24,1.0576926907335138e+26,-1.4887268217616147e+26,-1.3603358802297187e+26,4.1221667062880306e+26,-7.222247019769715e+26,3.6233150237624605e+26,1.7343646491163215e+26,-1.4342660395826987e+26,1.2556027118592238e+26,6.281715180427031e+25,4.405043033966498e+25,8.618454191807929e+25,1.583417953820549e+26,1.1139250020058992e+26,-5.284597196691693e+25,-3.6031010225720837e+25,-1.597796996975511e+26,-1.839654705832794e+26,6.012363106139326e+26,4.966930322269548e+26,-1.6802146442340573e+26,2.963603916752836e+25,3.196444958584571e+26,3.3379588642691675e+26,2.3029186638032833e+26,-5.558369389752004e+25,1.2876042078380004e+26,-3.96207198267296e+26,4.751192119447023e+25,1.643549869059334e+25,-1.1699906681545259e+25,-2.2736162095105437e+25,8.42343750409209e+25,-2.0702730084597626e+26,-3.939161395934921e+26,4.725426201227129e+25,-4.1366990988802346e+24,5.035732663604431e+25,-1.325241467724872e+26,-1.4811301414919308e+26,-1.6298429028437324e+26,-6.121837121615371e+26,-1.8058628301739723e+26,1.0760780765490043e+27,-8.108324472458197e+26,-1.9542766299578357e+26,1.7790753078308146e+25,-5.375384394479329e+26,-3.7011192831017375e+26,-4.8875080900257735e+26,9.33592617714984e+26,-3.4954879322328584e+26,3.9723811844617066e+26,-2.76239983716521e+26,6.075074876391057e+26,-4.129066446428141e+26,4.321530885333098e+26,2.3412069481148464e+26,7.142461847856921e+25,-5.787348270093134e+25,2.682356574965968e+25,-3.5559552915912028e+25,9.118992750566183e+26,-1.2624671625368312e+27,5.822944009672707e+26,-7.853890515969014e+26,2.781832090661206e+26,-2.539408447270701e+26,5.662784116884542e+25,-3.0326830120235337e+25,1.561957717608011e+26,-7.6153652995296994e+25,-3.232218787309477e+26,-2.66433796899587e+26,3.127778404198672e+26,-3.310645854265151e+26,-1.474664444759854e+27,-2.1810565116142965e+27,-1.0547494301582041e+27,-3.333336226547841e+26,-1.557042620370456e+26,-1.9040823215170872e+26,-3.83604074520118e+26,-7.018461587146657e+26
-5.0688830783425e+26,-1.2710553931549433e+27,1.7015860920744356e+26,6.103419698603157e+25,3.401073626651853e+25,1.2499701270988373e+26,2.076059139443003e+25,3.5326625770066313e+24,6.897755952613808e+25,4.152683876368285e+25,-1.4238232742525335e+26,5.01620206890588e+26,2.6045608600368237e+26,-1.2768312839374528e+25,5.492535561397255e+25,4.609516991888618e+25,-1.590038391237964e+26,-1.0115591116400175e+25,4.635962920594953e+24,-3.7721095380027247e+25,5.930552396980272e+26,1.1425029255960768e+26,3.0551142939239864e+25,-4.3043382366402506e+24,-7.574801963520907e+25,1.696148204972904e+26,-2.8495308746722957e+26,6.967477291088569e+25,-8.501756725400606e+24,-1.346905401478963e+25,-1.4734160881288266e+25,-2.0386794815752156e+25,1.2560444574387841e+26,-1.5970489815186387e+26,-2.0288892171552824e+26,7.745961915246285e+25,-9.989132830697817e+26,8.774278182181458e+26,1.2055983924312216e+26,-1.6874425545490996e+26,8.462985131849162e+25,4.621144836786915e+25,-4.054127565820021e+24,7.606817433903014e+25,1.688215067180742e+26,-1.0719401790658625e+26,-1.4494143473302702e+26,-1.4519604690034357e+26,-1.8124373942575474e+26,-2.994296872911157e+26,4.966930322269548e+26,6.782302104870927e+26,7.728390028473082e+24,-7.811440277889645e+25,1.2983213677437144e+26,5.2756403344056934e+26,1.693299352333607e+26,1.916643160488991e+24,1.8585855981314946e+26,-6.697127393014752e+26,7.550045592544664e+25,-9.872472421554622e+24,-8.313106980315779e+24,2.3512611477554595e+25,1.689764442802748e+26,-2.851294584796752e+26,-5.0305047078103485e+26,-6.363113464406339e+25,-4.424511075399049e+25,8.411723613305827e+25,-1.690839566618128e+26,-1.893142839434011e+26,-9.588177694943227e+25,-6.1466452916438534e+26,-4.0023569241621896e+26,9.492666961532264e+26,-1.064476245766741e+27,-3.202340953901087e+26,-1.7700153795971558e+26,-6.008872339544641e+26,-4.244668876572658e+26,-4.394956426880069e+26,6.686837423524107e+26,-6.587418968109251e+26,3.524628192735289e+26,-4.740764635191811e+26,6.553115149406743e+26,-6.639206125878311e+26,9.365738363957591e+26,-3.669795347887412e+26,4.0585126839509695e+25,-9.16783527287227e+25,1.2961368835387366e+25,-7.131231044217343e+25,7.823096409630767e+26,-1.5021786103260262e+27,4.289239102941511e+26,-1.0010646577050094e+27,2.418892568911259e+26,-3.946090268840652e+26,4.3890691316421e+25,-6.565200749779642e+25,1.371745737570339e+26,-1.4739326887884926e+26,-3.2397983243389345e+26,-3.69655757672973e+26,2.4810287560382835e+26,-4.463519278854959e+26,-1.659202116348838e+27,-2.254204151485103e+27,-1.1718648320781409e+27,-4.186295400380019e+26,-1.997532947616608e+26,-2.3457562132971048e+26,-4.685822240993779e+26,-8.38409384422333e+26
-9.935453008254006e+24,3.860845394771789e+26,3.3065452122674124e+25,-1.8221581805527137e+26,2.795606376593057e+25,-4.195533001204578e+25,-3.580104606514817e+25,-4.504200866974722e+25,-5.767858337244554e+25,-2.901913825951845e+25,-1.3007125082422164e+26,-4.4099438819671725e+24,8.676116188943057e+25,-7.055342640597393e+25,-9.533420456169094e+25,-4.098191821248005e+25,-4.295820896581423e+25,-2.0239734586147362e+25,-4.491398070315691e+25,-5.344651757956783e+25,6.877589670109569e+25,-6.053986382002756e+24,1.0915221164670642e+26,-2.0921039773765563e+25,2.53113907532776e+26,5.178625784755482e+25,4.040597500515489e+26,-2.7744390496224695e+26,-1.3146925631351817e+26,-1.2013260969123006e+26,1.1644902097560657e+26,-3.628526767019276e+25,3.1802528576215762e+25,-5.7788235441845565e+25,-8.519859887310984e+25,-3.861463111444491e+26,-2.674522282741401e+25,4.902106130345289e+26,-1.0820457597844962e+26,-3.112509076302436e+26,-5.906341833184891e+26,-2.5136595077118587e+26,-2.5987099784897612e+26,-1.4963414595633014e+26,-1.702006384967712e+26,-1.674356646745984e+26,-5.566551774848547e+25,-1.1519265970000975e+26,2.4023781558311196e+25,-5.749714539016807e+25,-1.6802146442340573e+26,7.728390028473082e+24,4.059402997943341e+26,-2.1427451377917826e+26,-4.6110783329316944e+26,-6.104650665688341e+25,-3.0905004404634104e+26,1.8620499093443316e+26,-1.197676439910843e+26,5.9332533386106495e+25,6.396366924150507e+25,4.4501161641586095e+25,3.6025576620673837e+25,2.068881858505552e+26,7.970157456178473e+25,2.8959543400653546e+26,3.0789536911998623e+26,-2.5399156501297842e+26,-7.976745784306148e+25,-1.5528026625189608e+25,1.4123615365626299e+26,1.4785600562756974e+26,8.175358002644505e+25,3.748126144562243e+26,-2.9845080770150874e+26,-4.923995502716923e+26,4.698968851850692e+26,-3.645611909233949e+25,-2.8022880957938457e+26,2.739554922846008e+26,2.7361781448796274e+25,1.791865658648671e+26,-4.0015449982358395e+26,-3.9464220975505134e+26,-1.3674977714069254e+26,-1.0284996014867812e+26,-1.7609382227070342e+26,-9.972838337209347e+25,3.0244637990514925e+26,-1.0916070440206527e+27,-5.044981884646857e+25,4.6549802774794475e+25,1.616510694064309e+25,2.3816598424520464e+25,-1.0426564625290817e+27,8.389900747869502e+26,-7.014937412971944e+26,5.668731441847413e+26,-2.6933084227572814e+26,2.2167937865215792e+26,-2.0695884900481284e+25,1.9267838021176933e+25,-9.58685232512153e+25,5.674720952876839e+25,2.244683815610397e+26,1.9461111600782077e+26,-2.6214058594902803e+26,2.68145394432443e+26,1.1799697578744731e+27,1.796003240019183e+27,1.0300236030598509e+27,3.674968532671885e+26,1.7250976535338414e+26,1.769074747479527e+26,3.1899472933828544e+26,5.657004502211843e+26
1.9233382651809618e+26,2.028814948814239e+25,-6.064279670569012e+25,1.9501344633585536e+26,-6.350577703387088e+23,1.1496680320532702e+26,5.872561028417073e+25,7.250940447794387e+25,1.1982826575584887e+26,6.525355032282362e+25,1.2613744233635468e+26,-3.5013809994275573e+25,6.117194674417077e+25,1.4755450249788715e+26,2.5299093627410642e+26,1.746922751468803e+26,1.8776879965282025e+26,2.0187246544344058e+26,1.8505320663847777e+26,1.897629152262299e+26,-3.393603415419683e+26,-2.5337836521946125e+26,-2.5723655907506454e+26,2.5701439578847506e+26,-4.936189806078489e+26,-3.828247773776185e+26,-3.2002754602840353e+26,2.305019356482799e+26,3.992202360780361e+26,2.8807693254257198e+26,-2.5522564989144005e+26,-1.907726698264747e+25,-2.4430949230457326e+25,5.50435352250372e+25,-6.922173329708905e+25,3.490434470164487e+26,1.56569152442773e+26,-6.6382352633985e+26,2.4218921885130847e+26,4.8272243911745996e+26,6.230178364811721e+26,2.8336191325126387e+26,2.9638941660838783e+26,1.3814092067269795e+26,6.936137140805309e+25,1.8595172578147177e+26,1.5955586680772988e+26,3.155797510795871e+26,1.5579645283128173e+26,1.2432104689478197e+26,2.963603916752836e+25,-7.811440277889645e+25,-2.1427451377917826e+26,5.081759609125975e+26,2.3969732324618312e+26,-1.608960963093618e+26,1.7805170915434362e+26,-2.561555075699035e+26,4.141868886062932e+25,2.4449748594511515e+26,-1.3958915165597177e+26,-8.146527351093162e+25,-1.7459929521204935e+26,-5.524357268378615e+26,-2.961557378181187e+26,-5.165123294168166e+26,-2.365072445275556e+26,6.508107118926694e+26,3.532480812597548e+26,-2.2797760677011776e+26,-1.2566261871690072e+26,4.132081074681779e+25,-4.511454323105203e+25,-2.241284690914676e+26,4.0583839384315265e+26,1.808691018094585e+26,2.2887596325745533e+25,5.202361502249961e+26,2.7760134721308167e+26,1.8381354271964597e+26,-9.155204049319136e+25,7.06673794303898e+25,4.231425076436131e+26,8.63418759700183e+26,2.7317125250995144e+26,7.049109134855961e+26,2.8781756322610328e+26,8.5697402040038e+26,-7.3827533707878915e+25,2.2518372083993975e+27,-1.346701785375986e+26,-1.757487555159011e+26,-2.4121671805825862e+26,-1.3560410888670323e+26,9.460478628056251e+26,-3.511317124657632e+26,5.509969171965745e+26,-3.26157840162571e+26,1.5650932919304049e+25,-2.6521467890796254e+26,-1.4887175597628362e+26,-1.0689145349690859e+26,-7.0894517992509276e+25,-1.207298115557984e+26,-1.3573719718179977e+26,-1.6959399084417826e+26,3.079395038636413e+26,-3.370957228479798e+26,-7.108357058094167e+26,-1.0164664565408842e+27,-7.478306503354252e+26,-3.552168432577313e+26,-2.172121419067994e+26,-1.965678151821729e+26,-2.53445928750353e+26,-4.02156781146025e+26
-2.881104273562892e+25,-6.625120788929224e+26,-3.8571973950154077e+25,1.897186164717851e+26,-3.899331586827249e+25,8.170879113794061e+25,5.865365136759538e+25,6.446404400175707e+25,9.382587164193885e+25,5.533659976259842e+25,9.555367265301767e+25,1.1513835576719031e+26,-1.6406470386333462e+25,8.840887930028299e+25,1.275387580116409e+26,6.418184622746975e+25,3.689458072186903e+25,3.2380677134929996e+25,5.5107770901216196e+25,6.161137297188474e+25,-1.9651139397128752e+25,8.376591886651145e+24,-1.3169898918411946e+26,4.264354658775059e+25,-3.628118998619241e+26,-5.832001547553184e+25,-5.7792907590363566e+26,3.485460622596344e+26,1.5605809723972028e+26,1.3896193271114238e+26,-1.3908534659254854e+26,4.1767119455219445e+25,5.027011814364968e+24,2.7183543652926094e+25,4.528146979940856e+25,4.120064199978011e+26,-1.8971295920645123e+26,-4.360538367525608e+26,1.683959124941901e+26,3.704140049295163e+26,7.768222488163982e+26,3.0472100494808638e+26,2.9203212517135748e+26,1.8304673057821052e+26,2.337053669085423e+26,1.573504297273319e+26,1.1925666545807836e+25,7.646991682023905e+25,-7.83679423289561e+25,-1.8500546511031413e+25,3.196444958584571e+26,1.2983213677437144e+26,-4.6110783329316944e+26,2.3969732324618312e+26,6.556550098853039e+26,2.000129099119732e+26,5.116536654982111e+26,-2.602770851405555e+26,2.557818503156329e+26,-2.0287332481574463e+26,-1.1021346206856133e+26,-1.1192816930451541e+26,-7.404465616758742e+25,-3.35915756964074e+26,-1.0493842405817634e+26,-5.448368006797654e+26,-5.1130444319266784e+26,3.233763579310161e+26,9.483291681082343e+25,3.0946061531560273e+25,-2.0262175172600273e+26,-2.310538132402941e+26,-5.158746174258898e+25,-4.8665647497893136e+26,2.2945944914004727e+26,8.241387721740405e+26,-8.495727786457577e+26,-4.45061870967101e+25,2.8621142388932856e+26,-3.8430293155071435e+26,-1.4609453721542465e+26,-1.9365351422515598e+26,6.43415588628061e+26,3.301584446779962e+26,2.6820524516910434e+26,9.652057081902615e+24,4.035346244320399e+26,-1.4621786585726529e+25,-6.65262580795573e+25,1.3627235158116683e+27,6.08341485166239e+25,-1.171446668306588e+26,-2.354914824541715e+25,-8.818130929714758e+25,1.4376991260365952e+27,-1.380333160159227e+27,9.846295977431845e+26,-9.875475742604543e+26,3.921552198858487e+26,-4.663114438738316e+26,3.165017449073657e+25,-7.567614781586662e+25,1.613825712132515e+26,-1.7700102638279892e+26,-4.192608933256633e+26,-4.3844470297475346e+26,4.11453850412435e+26,-4.696325558357891e+26,-1.9535585755915613e+27,-2.774809309118133e+27,-1.6727448152373474e+27,-6.449147308613366e+26,-3.1261173796196786e+26,-3.3890207907126115e+26,-6.092493441346989e+26,-1.0277224367673212e+27
-2.674024380800984e+26,-9.51181902793861e+26,5.031733018824664e+25,5.88272360198905e+25,-3.3505761668935425e+25,2.8750290528852636e+25,-3.5839869051566916e+25,-4.149887258870001e+25,-5.596027069208006e+24,-9.32177511695108e+24,-1.4052795942063911e+26,3.114801995839902e+26,1.143918438107058e+26,-5.232185660625048e+25,-5.705551671904746e+24,-3.01900733784084e+24,-1.7914723611016032e+26,-3.4606969068171156e+25,-6.106619982939632e+24,-7.731444786717275e+25,6.628463804653082e+26,1.3709857663317508e+26,2.028002449797863e+25,-7.761569747158032e+24,-1.3516218583340396e+26,2.156900585557778e+26,-4.289801422794042e+26,1.2662442583871448e+26,-4.187093360483111e+25,-2.5174679154281784e+25,-1.9322898522212562e+25,1.2892427222895686e+25,5.42229685366097e+25,-4.4575244899239415e+25,-5.799424290362663e+25,3.7479013889578835e+25,-7.607078420753837e+26,7.549525094560638e+26,2.049248021004446e+25,1.549042880832435e+25,3.384392892452201e+26,1.114468919836349e+26,6.502810592080625e+25,8.844753570351782e+25,1.82500606016668e+26,-1.3941373025376362e+26,-1.4840102597814502e+26,-1.8227717889882074e+26,-1.5644181997963327e+26,-2.2060760590556322e+26,3.3379588642691675e+26,5.2756403344056934e+26,-6.104650665688341e+25,-1.608960963093618e+26,2.000129099119732e+26,6.882157926463665e+26,2.143368939158118e+26,2.8811380877310823e+25,2.764023752778608e+26,-8.5825735898282e+26,1.026088335398031e+26,-5.926590091442341e+25,-1.3167803346773351e+25,-6.864466158275673e+24,2.4416962228858237e+26,-4.369918970946424e+26,-5.4817291418365544e+26,-1.685408471732306e+26,-1.2620743777778875e+26,1.6522632716645176e+26,-1.861480388260074e+26,-2.4081650340154865e+26,4.057933943023805e+24,-4.6607963401237674e+26,-2.5294979943204535e+26,7.709085332791903e+26,-1.3256831557494127e+27,-3.91336187446539e+26,-9.061383551013493e+25,-5.707641050401183e+26,-2.508208210628458e+26,-2.5601079290958092e+26,3.935607259378335e+26,-5.0710581386126326e+26,1.7161437750100306e+26,-5.307442765630642e+26,4.4244495334988274e+26,-7.084870051513158e+26,6.808954708722605e+26,-4.96559365121918e+26,6.595712946069539e+25,-9.722386385080452e+25,4.579355706404487e+25,-7.751288118859142e+25,1.0104316176456244e+27,-1.6016530050873806e+27,6.274873271635683e+26,-1.132770580450259e+27,3.6449855180817124e+26,-5.1221496117927213e+26,7.80215032084749e+25,-6.659806687551047e+25,2.0454377036139956e+26,-1.7695608996746874e+26,-4.169205011959505e+26,-4.6572883559677616e+26,2.8014029858889493e+26,-4.574218874503177e+26,-1.986518467612761e+27,-2.638198768619387e+27,-1.5522146353353184e+27,-6.1844516108678325e+26,-2.9747300422829332e+26,-3.2671440576225354e+26,-6.191211244467823e+26,-1.0525552079256162e+27
5.422422708118575e+25,-4.569264413137246e+26,-9.202256712912483e+25,7.887407046393235e+25,-6.373051932727419e+25,5.973900171469145e+25,2.7748149401768383e+25,4.445129174521239e+25,8.646681537887284e+25,5.147621366831651e+25,-2.190808120822878e+25,1.2031932036836242e+26,6.454487527443641e+25,5.756644683628913e+25,1.2337029684465898e+26,6.54760194212677e+25,5.11146569965232e+24,4.406915125578093e+25,6.702598157665646e+25,4.9697807182682e+25,5.142530996197009e+25,-3.6852591549499194e+25,-1.0782108891274245e+26,9.36014681618707e+25,-3.1942298180531726e+26,-8.159441187926596e+25,-4.268977217937071e+26,1.993773926884496e+26,1.4862073563259313e+26,1.1489251176675579e+26,-1.1199222906162067e+26,9.902487080880161e+24,4.536540908401075e+25,-1.71776112740994e+25,-6.542887648609155e+25,1.5816433223460317e+26,-2.7985118977236606e+26,-1.0200180799759092e+26,1.513470593075125e+26,2.9793823019199166e+26,6.141347570423449e+26,2.2984023086772037e+26,1.9668999632607033e+26,1.3299514523880743e+26,1.793693978349037e+26,3.7299266358673482e+25,-3.793434902166255e+25,8.986702433546715e+24,-7.632273987321479e+25,-7.802363242015121e+25,2.3029186638032833e+26,1.693299352333607e+26,-3.0905004404634104e+26,1.7805170915434362e+26,5.116536654982111e+26,2.143368939158118e+26,5.054795290243776e+26,-2.4039228646350026e+26,3.284796552510621e+26,-2.2408433158466516e+26,-1.2742379173469733e+26,-1.7022403561688076e+26,-1.127309225902755e+26,-3.7877956249459345e+26,-1.1081562184876984e+26,-6.398722219289355e+26,-5.1988668911693894e+26,2.8853090356450587e+26,8.893134629401743e+25,1.944112995448965e+25,-1.8978953927389436e+26,-2.0240752052144183e+26,2.750962490345877e+25,-3.554517207061506e+26,6.552990866003734e+25,6.409194151612556e+26,-8.440699013489653e+26,-7.406384272905711e+25,9.897310012089592e+25,-2.9441823697604292e+26,-2.0169056735473744e+26,-6.890988763644435e+25,4.611973720215587e+26,1.5896481964154612e+26,2.5524977210082086e+26,-4.465740088735493e+25,4.265447532172495e+26,-6.030722890885493e+25,2.965898820720728e+26,1.0825847375907811e+27,-2.5881094750608324e+24,-1.7623153732455286e+26,-6.434983575427583e+25,-1.51970772463328e+26,1.1220520905434098e+27,-1.3017734601608226e+27,6.891333917206349e+26,-1.0088941778118221e+27,2.475014442673309e+26,-5.730695507885678e+26,-7.91450659271965e+24,-1.3181508016418828e+26,9.972337126739609e+25,-2.5614206121005107e+26,-3.7500824584593536e+26,-5.019739792444514e+26,3.2117570307741076e+26,-5.119190692009136e+26,-1.7858278181101613e+27,-2.3564422326467554e+27,-1.5325651623041428e+27,-6.375377809387593e+26,-3.1677786637939185e+26,-3.468131007710197e+26,-6.167273181055208e+26,-1.0120836835815345e+27
-1.1194646201283624e+26,1.1359825765594164e+26,6.5853728794127295e+25,-7.351440150388562e+25,2.4651808047741407e+25,-4.273202610291212e+25,-2.3876528893810713e+25,-3.437786339468039e+25,-5.840522612788538e+25,-3.27174015781151e+25,-2.229992461654873e+25,-9.9120840901393e+24,-3.0222800782799326e+25,-5.982575849830751e+25,-1.036993898619638e+26,-6.717172101912293e+25,-6.2394713442567694e+25,-7.250300239624181e+25,-7.036912074052346e+25,-8.131276619357906e+25,1.0514620563278689e+26,9.122833568398734e+25,1.1508344217526892e+26,-9.94864139120439e+25,2.595742054981856e+26,1.435188790192182e+26,2.5038334714346203e+26,-1.4116551489296019e+26,-1.5189738386676267e+26,-1.1387734861761286e+26,1.0256068968286924e+26,-5.736721699921212e+24,2.890725795154544e+24,-2.6218142993579714e+25,2.0239446403809866e+25,-1.4100632766513345e+26,1.5806760917093196e+25,2.9325764468768756e+26,-1.0963395461386111e+26,-2.8079367659570545e+26,-4.625488185609541e+26,-1.761091237867038e+26,-1.604018295194801e+26,-9.142164707225803e+25,-9.600708108488695e+25,-6.497729074842418e+25,-3.4555903372413803e+25,-1.0669339769772493e+26,-2.1284171467578044e+25,-1.2573042399422987e+25,-5.558369389752004e+25,1.916643160488991e+24,1.8620499093443316e+26,-2.561555075699035e+26,-2.602770851405555e+26,2.8811380877310823e+25,-2.4039228646350026e+26,2.0415569996740044e+26,-1.1533257817121102e+26,-2.313789538464662e+25,1.0934664469504254e+26,1.0190438872904304e+26,9.288474343046713e+25,3.19068805710314e+26,1.4385534034004783e+26,4.147818449051811e+26,2.8816971023951713e+26,-3.5253547901587155e+26,-1.6928246354997825e+26,7.7109265013649795e+25,1.1816770137482902e+26,8.392482291121508e+25,-2.478293192466367e+25,1.718408636368445e+26,-1.5138493930383553e+26,-2.3225209814077048e+26,2.9033060981576106e+26,-1.3867139055678904e+26,-1.320270435356677e+26,3.1586130667591218e+25,7.076411534465562e+25,-4.179734705823827e+25,-2.661111898532601e+26,-3.5728114329393136e+26,-1.4880639008242246e+26,-2.148811485827983e+26,-2.079950197598093e+26,-2.6214639794718993e+26,-3.918748768311483e+25,-1.1800964323806296e+27,3.4392493423825326e+25,1.3145376666725662e+26,8.763318095444483e+25,1.1194856663089554e+26,-6.819501786320168e+26,6.206440949252206e+26,-4.107197080586249e+26,5.1715289128444355e+26,-9.461020141294798e+25,3.369181993983956e+26,4.472112297326672e+25,9.997475185485758e+25,-9.605591012253747e+24,1.7372098259132806e+26,1.89181244348983e+26,2.9465697575647965e+26,-2.03274914745838e+26,3.356115557342918e+26,9.26279483398583e+26,1.1952995837265613e+27,8.334529950487114e+26,3.608873873130736e+26,1.85759527421076e+26,2.003670826459364e+26,3.4052245514194e+26,5.505371087428391e+26
4.414128788799037e+25,-3.210819644509323e+26,-9.321451196479193e+25,4.3098817344609177e+24,-7.28778656248753e+25,2.999225665003697e+25,-6.970205744014331e+23,1.605506602216938e+25,5.426215398804482e+25,3.1191149843307405e+25,-8.723284515364758e+25,1.0392912602680167e+26,6.649192073488091e+25,1.702967841395316e+25,8.455883550707846e+25,4.257871610192919e+25,-7.523506643860555e+25,2.348471425017271e+25,5.230052186194171e+25,-5.239348830362127e+24,2.2994110210843445e+26,-3.882734416257194e+25,-4.514349722314276e+25,1.0380911694158745e+26,-1.4640512652667942e+26,-1.954919418526361e+25,-1.622479882681284e+26,3.872329111981474e+25,9.484815306822383e+25,5.988369646731739e+25,-6.258502997525423e+25,-1.72711223635787e+25,7.025845617255521e+25,-6.001249115938277e+25,-1.4857901946558206e+26,-2.852415390326582e+25,-3.161584718322673e+26,3.6369190266397475e+26,9.782258036268807e+25,1.5442118744163308e+26,3.44200428622208e+26,1.299426555084031e+26,9.503726878374493e+25,7.467718385294921e+25,1.0954944640849646e+26,-4.930058299079825e+25,-5.9806137609553065e+25,-5.004887180541716e+25,-5.966371359570661e+25,-9.799330960566109e+25,1.2876042078380004e+26,1.8585855981314946e+26,-1.197676439910843e+26,4.141868886062932e+25,2.557818503156329e+26,2.764023752778608e+26,3.284796552510621e+26,-1.1533257817121102e+26,3.3596320785596424e+26,-3.374188313457501e+26,2.2152897540645396e+25,-1.3014437279102737e+26,-1.2432810027325533e+26,-2.2464180349191062e+26,5.0664945302738905e+25,-5.529465973063906e+26,-4.935565434287409e+26,1.2003510096950646e+26,2.143049330927681e+25,4.68028996868587e+25,-1.6910548602109066e+26,-1.4534441267194888e+26,4.828086202834361e+25,-2.8929562000923497e+26,-6.189872524557893e+25,3.9589932957693654e+26,-7.702728593619687e+26,-1.1846707606459489e+26,-8.694965862513134e+25,-2.6868931713725778e+26,-2.2290659509532495e+26,-4.001586869721619e+25,2.389537659457262e+26,-4.994685366204777e+25,1.870059674566677e+26,-1.3445220278067137e+26,3.6145441510849865e+26,-1.7208558695811557e+26,5.120604021972218e+26,4.100244941458301e+26,-3.880573267984347e+25,-2.040925445112381e+26,-7.257951121127216e+25,-1.728731713044029e+26,5.900108896863159e+26,-1.1224815482980785e+27,2.7230187150969682e+26,-9.13312760192866e+26,6.332763752189484e+25,-5.4990429164794634e+26,-1.9634766612565776e+25,-1.4618745564406808e+26,2.884647913456438e+25,-2.207587255011763e+26,-1.919332704253477e+26,-3.5804876517896034e+26,1.6657377115419244e+26,-4.646492008100297e+26,-1.2913231072142598e+27,-1.6646411414709112e+27,-1.0844499127317314e+27,-4.206509855640548e+26,-1.9353320903294263e+26,-2.06865892268738e+26,-4.018058731768951e+26,-7.083210468399838e+26
5.683539047784741e+26,1.7884182962802883e+27,-1.7742070596568448e+26,-1.0672759506419604e+26,8.662580365029012e+24,-3.228246331240763e+25,7.042678301397148e+25,9.257680617045126e+25,5.339099283661042e+25,3.799965670891738e+25,1.8543927279458295e+26,-4.452035027381665e+26,5.540576764970747e+24,2.2315208646728695e+26,9.978824561350472e+25,1.733770940701519e+26,7.34265398218935e+26,2.506043724624812e+26,1.28380161433073e+26,3.749708180080521e+26,-1.5277345668526677e+27,-4.7141171746176405e+26,-2.2036950663377762e+26,2.9535743209371125e+25,1.341198579871542e+26,-7.712807851528262e+26,8.073418953810793e+26,-1.6839353165053474e+26,2.1933429993356537e+26,1.3615029524111246e+26,-1.5974777076817464e+25,1.4917385003787717e+25,-1.3580428003634847e+26,6.5319016206183415e+25,1.5979007921290302e+26,-1.2977751631362719e+26,1.4886121032815953e+27,-1.758846673717292e+27,3.0054718036129453e+25,4.343641003067909e+25,-5.747625952527808e+26,-1.4488302907860338e+26,-5.26906241623921e+25,-1.2869563115439185e+26,-3.0405216601729453e+26,2.1314010567188738e+26,2.233842789379303e+26,2.782122386697042e+26,2.53126925100657e+26,3.378799672831506e+26,-3.96207198267296e+26,-6.697127393014752e+26,5.9332533386106495e+25,2.4449748594511515e+26,-2.0287332481574463e+26,-8.5825735898282e+26,-2.2408433158466516e+26,-2.313789538464662e+25,-3.374188313457501e+26,1.8632000742393845e+27,-2.5763982768892367e+26,1.3505709706196e+26,3.023843521193732e+25,-3.2776461181498174e+25,-7.165992531000965e+26,9.653699096484407e+26,9.498996293762449e+26,2.6419277091787714e+26,1.8420184329576306e+26,-2.359063183340911e+26,2.988462005577807e+26,4.233866954900925e+26,-6.636890005919225e+25,6.87543629279743e+26,4.168788540827766e+26,-1.0254105194412733e+27,2.800671023748847e+27,6.465607275109196e+26,2.8041653307775658e+26,1.0380480252107303e+27,4.5634039288515526e+26,4.0860948020178996e+26,-6.97498126235521e+26,8.317493822480362e+26,-2.392350478079289e+26,8.799835628238796e+26,-7.39184089324083e+26,1.1911960858085477e+27,-1.2498196081957102e+27,8.439448801571574e+26,-1.0009707178444882e+26,2.232821451968515e+26,-6.224099131633792e+25,2.3183237246721417e+26,-2.0552285959975456e+27,3.011197425395509e+27,-1.1814240815668446e+27,2.1706838191471876e+27,-7.244651658064911e+26,1.1308068331159382e+27,-1.1195279111072959e+26,1.962553018517997e+26,-4.1749469259262725e+26,5.440065733786461e+26,1.0439847745946722e+27,1.2570963745426538e+27,-5.7972864948440706e+26,8.913764184252902e+26,4.082958944363109e+27,5.069248568363622e+27,3.1746444103359165e+27,1.4440010772534732e+27,7.671105208845273e+26,8.832499539084843e+26,1.5467591696267108e+27,2.4112360225745082e+27
-2.7298270133226245e+26,-4.262431127973991e+26,9.760542624685394e+25,-5.684738541781048e+25,4.470879947193073e+25,5.62585723584158e+25,3.2385936025143327e+25,2.562178971907593e+25,3.1481684793962633e+25,2.7153389565927674e+25,1.5179013656242366e+25,6.365988862430946e+25,-2.8702940637869453e+25,-2.6946807834248346e+25,1.0245837663003147e+25,-4.97539970345613e+25,-1.4128016549188475e+26,-1.2066713445275777e+26,-6.654509198049667e+25,-1.7218836340213714e+26,3.6404114171230326e+26,1.359496434172563e+26,2.7229518641625604e+26,-1.3380277206967674e+25,6.963904797453716e+26,4.320995057382709e+26,7.72851165998019e+26,-4.243961899544969e+26,-5.316159578473361e+25,-6.044396271644631e+25,5.388725230362114e+25,-1.1295926853582264e+26,1.2329190400448189e+26,-1.9100832671222033e+26,-4.487488933731962e+26,-2.728086718300096e+25,-1.66072775826519e+26,1.0338480214318147e+27,4.277484132391867e+25,-2.8284514453432224e+26,-3.381758594191872e+26,-1.0982739179133656e+26,-1.1424698594304085e+26,-3.5660728569254227e+25,3.5575215458227403e+24,-1.778798890753614e+25,-3.0279242939033487e+25,-7.30768305314021e+25,-4.9338001488562325e+25,-2.1943265310911448e+25,4.751192119447023e+25,7.550045592544664e+25,6.396366924150507e+25,-1.3958915165597177e+26,-1.1021346206856133e+26,1.026088335398031e+26,-1.2742379173469733e+26,1.0934664469504254e+26,2.2152897540645396e+25,-2.5763982768892367e+26,5.4898428175356e+26,2.421912194580371e+26,1.0276466431026603e+26,6.646088850444541e+26,6.935865273667867e+26,1.5949660985488012e+26,-5.144804555627511e+26,-2.054921910306407e+26,-1.033142425839711e+26,1.2553633135083025e+26,-1.7507812182931216e+26,-3.5601980688530152e+25,-1.0733273172148624e+26,-5.704919555383853e+26,-1.2666021870324504e+26,4.071017638525238e+25,-1.261144535382823e+26,-1.6334457091297545e+26,-4.382006774331165e+26,-4.586658333771122e+26,-3.060236365810317e+26,-3.1911554516578695e+26,1.0669658834226411e+26,-3.2616432335005415e+26,1.088492076112438e+26,-2.447627851850613e+26,2.0623500099054685e+26,-3.563524255541418e+26,4.3559293954851356e+26,-9.451894894934896e+26,-2.0893544955390484e+26,-2.0782005731052386e+26,-1.842320541281076e+26,-1.6440053853547702e+26,-9.315659538020963e+26,-1.0250553585459883e+27,-9.824316103918774e+26,-7.556363636670411e+26,-6.268558558473726e+26,-3.208473393296494e+26,-2.2246256659549784e+26,-1.5035686522031927e+26,-3.8763925883610005e+26,-9.727441024826503e+25,4.386666908442338e+26,6.231057936115848e+25,-3.908460367003023e+26,-4.592435795896726e+26,-1.068631665730838e+26,-2.1250728148497776e+26,3.594303073999867e+26,4.47305485209124e+26,2.9585231311221016e+26,2.587490992316711e+26,2.8310218522889346e+26,1.957771997878438e+26
-2.2871555186047798e+26,-1.756054425531188e+26,1.2530747971346351e+26,-2.4818077518470083e+25,7.95611658462974e+25,3.308450363441429e+25,3.3182650667986806e+25,2.131541755204077e+25,1.1812821818712956e+25,8.011436225738965e+24,7.451533152010149e+25,5.90672481188945e+24,-2.263934459503871e+25,1.2309054863439622e+25,-5.078809670641346e+24,-1.2086911548444453e+25,1.1805533013699713e+25,-4.9769217010369716e+25,-4.7568672532915565e+25,-7.329780590067798e+25,-4.1756963304788176e+25,5.681922404807207e+25,1.3540122770065972e+26,-1.172281012064909e+26,4.487782320622325e+26,1.122668711277003e+26,5.268126226698997e+26,-2.554715980144883e+26,-4.984196282149733e+25,-4.616437336202282e+25,5.270405875466379e+25,-6.746662870534373e+25,4.23578820957663e+25,-1.0109460506020816e+26,-2.217835131412586e+26,4.20421682425597e+25,5.43007496531337e+25,2.1400232107462064e+26,3.110911843526967e+24,-2.5518501523969948e+26,-3.822322297956691e+26,-1.19342915298784e+26,-1.0342456136475808e+26,-4.408099324555212e+25,-3.170115470097702e+25,3.724447527785389e+25,1.3314733935326556e+25,-1.3540424338561977e+25,-1.2791700256129043e+25,4.071471388015292e+25,1.643549869059334e+25,-9.872472421554622e+24,4.4501161641586095e+25,-8.146527351093162e+25,-1.1192816930451541e+26,-5.926590091442341e+25,-1.7022403561688076e+26,1.0190438872904304e+26,-1.3014437279102737e+26,1.3505709706196e+26,2.421912194580371e+26,2.95780105788491e+26,1.9745962704297748e+26,5.8445643864981256e+26,1.9607819452344853e+26,6.672144736649194e+26,-1.2084303626210866e+26,-1.5851660757722072e+26,-6.499108368254734e+25,6.993307193756154e+25,-9.249471996952191e+25,3.3903911881766674e+25,-1.4099615020121503e+26,-3.902882907046739e+26,-2.0580243372106664e+25,-7.47370624093841e+25,4.805094322030413e+26,-4.598511506071366e+25,-2.07258337804225e+26,-2.7716092381290613e+26,-9.661271544105503e+25,-2.8877499952543655e+26,-2.895516967505535e+24,-1.61495655690424e+26,2.2010558470840318e+24,-8.402386931096474e+25,-3.442217810941011e+25,-1.4048672818707724e+26,-5.1879921514294796e+25,-7.524035990214902e+26,-6.961679478455845e+25,3.1446191471756857e+25,-2.913845227733859e+25,8.488704243413079e+25,-9.472999147312373e+26,-7.2278596469793536e+25,-7.615941646895508e+26,6.313424871092679e+25,-3.989948393516531e+26,2.8006877422951325e+26,-1.1939383694517872e+26,3.69615692031246e+25,-2.7463883372892713e+26,1.9155483494315916e+26,4.911682563070973e+26,4.3197629068007025e+26,-3.7259862392986e+26,-6.962506859110093e+25,8.194653053615151e+26,8.89810362296881e+26,1.0888592546443746e+27,7.50660245771275e+26,4.5709800632583137e+26,4.475944617651524e+26,6.14907949237241e+26,7.431079538404853e+26
-2.437688107525709e+26,-2.203698898938762e+26,1.0405296984504906e+26,-3.517204642452345e+25,3.8305494442607984e+25,-9.219981787540147e+25,-3.4573058543738846e+25,-5.091176730824309e+25,-9.046036141600106e+25,-6.514035637139003e+25,-1.5538497063097114e+25,-6.395604914633911e+24,-5.210377903857821e+25,-6.1929480833900585e+25,-1.5644539468364543e+26,-8.744192106517577e+25,-3.6328193952532005e+25,-1.1531958665054464e+26,-1.1499947386904905e+26,-1.0918027826456283e+26,3.5790695631861946e+25,1.8746615268071033e+26,2.0641176418390282e+26,-2.1843957940346923e+26,5.70617855273085e+26,2.7030986967685762e+26,5.142673543887285e+26,-2.881709928737399e+26,-2.4688349234959334e+26,-1.6795465063537426e+26,1.5364686918485074e+26,1.975025919231457e+24,-3.6878844717614474e+25,1.2071799913104561e+25,-1.1749271432995328e+25,-7.214120751379302e+25,2.0765681133523734e+25,1.9207059635671216e+26,-1.8186582351062932e+26,-2.656409619512597e+26,-3.0173405870078707e+26,-1.0296928792309369e+26,-1.055167673937225e+26,-2.7969698809433702e+25,2.469935116928952e+25,-3.738677658440429e+25,-4.085144685144265e+25,-8.891472485351472e+25,-6.2906296312332915e+25,-2.7347206424434353e+25,-1.1699906681545259e+25,-8.313106980315779e+24,3.6025576620673837e+25,-1.7459929521204935e+26,-7.404465616758742e+25,-1.3167803346773351e+25,-1.127309225902755e+26,9.288474343046713e+25,-1.2432810027325533e+26,3.023843521193732e+25,1.0276466431026603e+26,1.9745962704297748e+26,3.409793134757306e+26,7.122009139787563e+26,1.886490399971265e+26,7.440006042248599e+26,-1.8306733332723284e+26,-3.0084661346640703e+26,-1.606133284841247e+26,1.7342570595258645e+26,-1.0146169260740727e+26,-6.981276814149652e+25,-9.248455967301687e+25,-3.711599299795218e+26,-1.2725768060552938e+26,-8.931647052488721e+25,2.4192220408089845e+26,-2.2966488495307245e+26,-1.7684063067205446e+26,-3.986730645616451e+26,1.1629916557693212e+26,-2.8604925213856653e+26,-2.5016490846012e+26,-3.7150623485320246e+26,-2.3361472587627635e+26,-3.2577023383872186e+26,-3.019968541292284e+26,-4.5998177385567634e+26,-2.5599121470656114e+26,-1.252380560026832e+27,-2.3569838212067845e+25,9.374571363997038e+25,4.182464733958603e+25,1.1298235326927978e+26,-1.1513908592731333e+27,-3.6827944913029025e+26,-8.490785979475711e+26,-1.48109527313788e+26,-3.7408202018702135e+26,1.887013910415996e+26,-8.592464076182278e+25,2.0753819196445298e+25,-3.160785798656113e+26,8.754706445112267e+25,5.586377853813988e+26,2.8837387371818972e+26,-5.325469845399977e+26,-1.9045958937491256e+26,5.4820677863704144e+26,6.415231398286836e+26,8.966257172499809e+26,6.901785660172526e+26,4.7615999026421746e+26,4.556997756655031e+26,5.423429638368994e+26,5.853548222234811e+26
-8.00727936052501e+26,-7.659725394486936e+26,3.058764639041412e+26,-1.8725614587546965e+26,9.916253560157596e+25,-2.023127529486971e+26,-5.465925871934395e+25,-1.1217900571849768e+26,-2.1171125102958976e+26,-1.4351151218418756e+26,-8.575430078498504e+25,2.9870533180851923e+25,-1.0933714395695755e+26,-1.9345662875465293e+26,-4.356039485913945e+26,-2.8049384059206078e+26,-2.0011934297437496e+26,-3.936231374878987e+26,-3.757827435113552e+26,-4.108652878047365e+26,3.113056510847502e+26,5.102148582563868e+26,7.299325823360556e+26,-5.377429774073226e+26,1.9681243246247991e+27,9.176410149831216e+26,1.9519155295139527e+27,-1.0673737050644471e+27,-7.359394011729073e+26,-5.3551053921477064e+26,4.770274624110029e+26,-5.2126367877761276e+25,1.8432323425451567e+25,-1.3752432411104348e+26,-3.114047062883106e+26,-3.58670991265735e+26,-8.521878660599826e+25,1.4062064736237175e+27,-4.536660313131185e+26,-9.446958074525866e+26,-1.1357721353579449e+27,-3.8122200234608356e+26,-4.068278104923382e+26,-1.1587769695070777e+26,3.8271750541652564e+25,-1.2498854671403242e+26,-1.3466890399182732e+26,-2.939662628344093e+26,-2.0299403818785322e+26,-1.273858446432629e+26,-2.2736162095105437e+25,2.3512611477554595e+25,2.068881858505552e+26,-5.524357268378615e+26,-3.35915756964074e+26,-6.864466158275673e+24,-3.7877956249459345e+26,3.19068805710314e+26,-2.2464180349191062e+26,-3.2776461181498174e+25,6.646088850444541e+26,5.8445643864981256e+26,7.122009139787563e+26,2.0732220697830903e+27,9.334020198699233e+26,1.7446641038612864e+27,-6.572509791615341e+26,-8.730456939064317e+26,-4.5385951487400424e+26,4.5652763222925215e+26,-2.721268228352388e+26,-1.7353906707595953e+26,-2.8462164789276915e+26,-1.124912444489011e+27,-5.420300462544565e+26,-2.7374073706633753e+26,5.635185426914602e+26,-6.954086467007572e+26,-8.040254718551745e+26,-1.1790474993498497e+27,7.758812759376863e+25,-8.850971343088057e+26,-6.377566883492109e+26,-1.2804654268011982e+27,-5.241095118196484e+26,-1.0054464915496502e+27,-6.283612884843062e+26,-1.4107033228589122e+27,-1.9911507812425395e+26,-3.792903886767152e+27,-2.2142734268132657e+26,5.487990587812372e+25,-2.2026416777496513e+25,9.478930514021445e+25,-3.6239356319016677e+27,-1.340706070799354e+27,-2.9206150602171613e+27,-7.390454049019185e+26,-1.4147249232240534e+27,1.791126623748459e+26,-3.595199953594453e+26,-5.900168397983384e+25,-1.0203846169666784e+27,7.116622583708342e+25,1.582879698281144e+27,6.259885210992707e+26,-1.5881110633669103e+27,-6.255736662850886e+26,1.4878709527280938e+27,1.783415304978719e+27,2.532758922509046e+27,1.9434887190531165e+27,1.2958998185278986e+27,1.1855280350940367e+27,1.4150389075944918e+27,1.5380175349247868e+27
-4.314709784774158e+26,-8.410727716179435e+26,1.304529270668135e+26,-8.00381927692215e+25,2.751719580157522e+25,9.602562350932985e+24,-1.217719394243437e+25,-2.2409042544925518e+25,-2.5447814072668086e+25,-4.027893431903433e+24,-6.910425788961632e+25,1.3512708037077938e+26,-8.460537861239488e+25,-1.56468029369348e+26,-1.0495332853874243e+26,-2.004824641151735e+26,-3.799847256164854e+26,-3.22268161411574e+26,-1.9383807498250485e+26,-3.856562152938827e+26,8.741290119110517e+26,5.244145399558122e+26,6.20686094319925e+26,-2.6547525861989687e+25,1.079772724708573e+27,1.0876574150396969e+27,8.816274769513732e+26,-6.431708710066443e+26,-2.4455192839437775e+26,-1.879683602353814e+26,1.4281145241423158e+26,-1.4146797398089208e+26,1.4812531847761175e+26,-2.0801032006677366e+26,-5.705931525380333e+26,-9.806491250422471e+25,-4.490906516709639e+26,1.8261450282421095e+27,-5.1165095898774466e+25,-3.890917798507868e+26,-3.0815578017292587e+26,-1.2643600231452097e+26,-1.5680114418216787e+26,-2.9642005730589795e+25,7.5706578727882624e+25,-1.1574426301041037e+26,-1.1776992393872006e+26,-2.0315475833931568e+26,-1.4158512984334561e+26,-1.2438874138286464e+26,8.42343750409209e+25,1.689764442802748e+26,7.970157456178473e+25,-2.961557378181187e+26,-1.0493842405817634e+26,2.4416962228858237e+26,-1.1081562184876984e+26,1.4385534034004783e+26,5.0664945302738905e+25,-7.165992531000965e+26,6.935865273667867e+26,1.9607819452344853e+26,1.886490399971265e+26,9.334020198699233e+26,1.1893188710906298e+27,-1.1527303504838165e+26,-7.922818126301541e+26,-4.103537569423985e+26,-2.2722042562730086e+26,2.4318260877874814e+26,-2.1067885141389793e+26,-1.71078676747761e+26,-6.774843078620916e+25,-7.01200132448765e+26,-3.102584555634412e+26,1.650361579418474e+26,-8.313483111793081e+26,-4.44562877461085e+26,-6.792812711675721e+26,-7.328471121285107e+26,-3.920378055823973e+26,-4.065171728055148e+26,1.1625316855059376e+26,-7.047322237645167e+26,5.689396975531292e+25,-6.251599754681291e+26,2.715154906596915e+26,-8.606230796190432e+26,7.41188308055926e+26,-1.695117825758091e+27,-3.468981491318439e+26,-2.8684093556304844e+26,-3.0687036102668863e+26,-3.0427801614987937e+26,-7.716054401983612e+26,-2.0851409380696053e+27,-1.1136331034581974e+27,-1.5508714660132505e+27,-7.125773509027803e+26,-8.285611313777534e+26,-3.4341683662232285e+26,-2.66885383001377e+26,-4.554226392338146e+26,-4.4813178306213055e+26,1.6427413732170858e+26,-5.706050920277181e+26,-4.4305226881785395e+26,-7.914223739206074e+26,-1.4524789500686305e+27,-1.655087182218036e+27,-5.738285421238303e+26,-7.137687036967506e+25,-3.0419721325604676e+25,-1.5104668579651244e+26,-3.630137812459443e+26,-7.104514347133217e+26
-6.089451355206214e+26,2.903844087404842e+26,2.9195512306043436e+26,-1.735619950422498e+26,1.0332881274615687e+26,-3.711337969749172e+26,-6.638550293911779e+25,-1.4521035354522329e+26,-3.059344717938844e+26,-2.328566176879494e+26,1.3609716458790975e+25,-1.9798468382984662e+26,-9.90455400264997e+25,-6.376143997600068e+25,-4.997031143830324e+26,-1.278738161298022e+26,2.0907717514592675e+26,-1.1636852108141342e+26,-2.5676263475647988e+26,-9.148998364493467e+25,-6.495126807665237e+26,6.833874103474732e+24,2.6138711407643315e+26,-6.97539967787935e+26,1.3130562713173193e+27,-9.043126628233454e+25,1.691030297011929e+27,-7.43160352284556e+26,-7.239687558110292e+26,-5.320826349429477e+26,5.3879299434400786e+26,4.136273487076916e+25,-1.907190241030903e+26,8.155828543394712e+25,3.0832300761432223e+26,-4.2246182930596606e+26,6.369808788144376e+26,-1.3605530571179464e+26,-6.542697682653588e+26,-1.0148899283348975e+27,-1.6068006909968614e+27,-4.823256745730042e+26,-4.500176664174669e+26,-1.7399095010255403e+26,-1.1585135885220848e+26,4.853631445723814e+24,-8.888298101333484e+24,-1.5153601757131809e+26,-9.070015887867241e+25,2.683558968388832e+25,-2.0702730084597626e+26,-2.851294584796752e+26,2.8959543400653546e+26,-5.165123294168166e+26,-5.448368006797654e+26,-4.369918970946424e+26,-6.398722219289355e+26,4.147818449051811e+26,-5.529465973063906e+26,9.653699096484407e+26,1.5949660985488012e+26,6.672144736649194e+26,7.440006042248599e+26,1.7446641038612864e+27,-1.1527303504838165e+26,2.993375296781202e+27,5.65215948064685e+26,-9.176154028908459e+26,-4.4775134946604684e+26,3.7747026696926105e+26,9.007706763945194e+24,8.322108882887269e+25,-4.462570992345705e+26,-5.8185399154621716e+26,-3.7913559319889225e+26,-8.478109810552306e+26,2.3718699256122521e+27,-4.031253952463424e+26,-3.654552354141243e+26,-6.545561088320315e+26,7.296466343488705e+26,-8.558427677463221e+26,-1.336228296595546e+27,-1.0225904379357383e+27,-9.702400121623039e+26,-6.310437421646315e+26,-1.504246180243544e+27,-9.073560951305137e+26,-1.3572078468922484e+27,-3.852335403774456e+27,2.4541020762120937e+26,7.272027933420563e+26,5.291784930200319e+26,8.236611672915533e+26,-4.6506911107411994e+27,1.9609523559092356e+27,-2.8568389708513926e+27,1.945562559661381e+27,-9.875982632285452e+26,2.0310300535782817e+27,1.3452277015727372e+26,5.59061177508151e+26,-6.252904732134066e+26,1.2205456569338385e+27,2.1651034566265787e+27,2.3533218327764365e+27,-1.7064009564481262e+27,7.959292227319359e+26,5.47803301815822e+27,6.298203515158525e+27,5.375091297345548e+27,3.185013874986887e+27,1.9835185133302344e+27,2.1290632426322547e+27,3.0400268793660117e+27,4.040137837298442e+27
6.194618751508926e+26,1.9500796342517977e+27,-1.637216940855938e+26,-1.2455094219538163e+26,-2.7611048073686487e+25,-6.752036621347642e+25,-1.5477936751237653e+25,1.6721153286624333e+25,-2.793353539213173e+25,1.0013675864971384e+25,1.1874066425222478e+26,-3.481286651288397e+26,-1.34160768931584e+26,4.478450668908928e+25,-3.796021758048378e+25,1.829274822683934e+25,2.819559047942259e+26,1.318508021630847e+26,5.534111536436921e+25,2.388930787581004e+26,-8.414819255087565e+26,-2.1621281168137103e+26,-3.0565899953068126e+26,-7.143682660153392e+25,-7.154641431006565e+26,-5.756560443633954e+26,-6.588413639111544e+26,5.012921643336726e+26,4.566844767416168e+25,4.447198487472298e+25,2.7285961671502605e+25,8.783185064534716e+25,-1.2305568011118205e+26,1.346153288995631e+26,6.498843007312829e+26,-1.6861065581779923e+26,9.638004236161019e+26,-1.686582347619561e+27,-6.9529393453346e+25,-9.378198649434337e+25,-7.50258052142799e+26,-2.9940818521148858e+26,-1.767910768126929e+26,-2.355839873276613e+26,-4.240613428123795e+26,4.3547307317849405e+25,1.1444792104112023e+26,4.0208004670877325e+25,1.746287027467922e+26,2.526919539453763e+26,-3.939161395934921e+26,-5.0305047078103485e+26,3.0789536911998623e+26,-2.365072445275556e+26,-5.1130444319266784e+26,-5.4817291418365544e+26,-5.1988668911693894e+26,2.8816971023951713e+26,-4.935565434287409e+26,9.498996293762449e+26,-5.144804555627511e+26,-1.2084303626210866e+26,-1.8306733332723284e+26,-6.572509791615341e+26,-7.922818126301541e+26,5.65215948064685e+26,2.2148662550117827e+27,-3.2779206401938255e+26,-1.4041981016393666e+26,-1.782589547767015e+26,8.47854931813545e+26,5.1582026895075425e+26,8.905673681988815e+25,1.9824631857269427e+27,2.383352339757362e+26,-1.0697024976160941e+27,1.825730452597712e+27,3.2055514055255866e+26,5.549188830902192e+26,1.5180234418248178e+27,5.934953637253067e+26,7.479714569397771e+26,-7.886917480913274e+26,3.442983260921919e+26,-3.3538964015796015e+26,4.515016717141084e+26,-7.781833155800305e+26,7.600814970572839e+26,-1.1445286714172376e+27,-3.306389854357101e+26,4.533590363295036e+26,6.869783397029321e+26,4.9325704930545894e+26,5.379866337384739e+26,3.7761061461729437e+25,4.934002359652293e+27,8.665579514890512e+26,3.6868726726397645e+27,8.515150558205374e+26,1.7331146723837163e+27,5.7816366629958694e+26,6.041633069197034e+26,8.401970180088685e+26,8.453778489352912e+26,-3.973767637929006e+26,1.013326349490204e+27,4.4487926706418195e+26,2.36756605761762e+27,3.7844609223308375e+27,4.8508561028300954e+27,2.0701409250344636e+27,1.6623571937320295e+26,-1.5534516638173717e+26,1.2106804614241456e+25,5.660030641299495e+26,1.613422830068469e+27
3.471165834378818e+26,8.965932035630991e+25,-1.0548685056045189e+26,2.093776958446092e+26,1.098593014376692e+25,2.0946685204602617e+26,8.708239336152754e+25,1.1158512779243085e+26,1.8408802272058765e+26,1.1600780646917642e+26,1.42188377041226e+26,-2.027828702815151e+25,9.468939629258731e+25,1.8208512316525606e+26,3.4791148547146594e+26,2.171498914664874e+26,2.234618638555093e+26,2.5490026831141604e+26,2.3578658841024876e+26,2.572700076917454e+26,-4.058243085494986e+26,-3.55788198946006e+26,-3.744383704372729e+26,3.735699558251497e+26,-7.49024594275715e+26,-5.2863436461153246e+26,-5.431223877057508e+26,4.0430731524164464e+26,5.4281009728693694e+26,3.922370964277705e+26,-3.6004409957902156e+26,1.8799031922174156e+24,8.87534460343851e+23,4.745687112549926e+25,-7.141029275603848e+25,4.231583813823517e+26,1.3319127870607887e+26,-8.634909622672868e+26,3.761853647345886e+26,6.911839940191967e+26,9.048508235326593e+26,3.533157942592635e+26,3.600600907739786e+26,1.4940725030214464e+26,5.933698211105652e+25,1.918465363854825e+26,1.6553904599100316e+26,3.536570730337261e+26,1.8766678575575434e+26,1.4290222483403917e+26,4.725426201227129e+25,-6.363113464406339e+25,-2.5399156501297842e+26,6.508107118926694e+26,3.233763579310161e+26,-1.685408471732306e+26,2.8853090356450587e+26,-3.5253547901587155e+26,1.2003510096950646e+26,2.6419277091787714e+26,-2.054921910306407e+26,-1.5851660757722072e+26,-3.0084661346640703e+26,-8.730456939064317e+26,-4.103537569423985e+26,-9.176154028908459e+26,-3.2779206401938255e+26,9.054883538908311e+26,5.004599041750589e+26,-3.589353840447731e+26,-1.4630153618009044e+26,6.133840362459236e+25,6.982562452920388e+25,-8.187625760160529e+25,5.004413037282802e+26,2.6507478434463303e+26,-1.2289733719021825e+26,6.658426716792559e+26,4.292466783560499e+26,3.918295646703592e+26,-1.861013727560074e+26,2.9822550150500443e+26,6.69115077243681e+26,1.1340849944767002e+27,4.578188871615408e+26,9.196049561259585e+26,5.296557303782684e+26,1.1672877083581091e+27,4.2809937847898774e+25,3.16097395268682e+27,-1.6721833101885963e+26,-3.25167851857651e+26,-3.335238278996644e+26,-2.760823056704207e+26,1.6095022500136966e+27,-4.7858696522942585e+26,9.733038622989967e+26,-5.300158335759608e+26,1.1968281023991495e+26,-5.3704450916550215e+26,-1.8235579759791588e+26,-2.2335149065942e+26,-2.0509969920839177e+25,-3.0324106236636115e+26,-3.765879439788929e+26,-4.5585766776318605e+26,5.7867322773816737e+26,-4.9372955553792905e+26,-1.2923088284291417e+27,-1.645526841013303e+27,-1.3409995908652997e+27,-6.909327732329107e+26,-4.20274018580655e+26,-4.1942196935185866e+26,-5.8372584943092435e+26,-8.564383833264094e+26
1.9460226513301736e+26,1.0982026834925498e+26,-4.3283829766575434e+25,9.754755904506873e+25,2.020627467717151e+25,1.1100042845248241e+26,4.532238625259142e+25,5.093946022999762e+25,8.464667267680455e+25,5.376730948892699e+25,6.287820934623217e+25,-1.5459481127316503e+25,6.166350491337042e+25,8.661166980397823e+25,1.649681016345206e+26,1.0756710186616717e+26,1.2522227966192963e+26,1.348459567635357e+26,1.1513514010844618e+26,1.4111889834717887e+26,-2.3335281139357865e+26,-2.0601428188486993e+26,-2.0226663019525794e+26,2.0631806200395197e+26,-3.821226853278509e+26,-2.9880141618675788e+26,-2.3804205297220223e+26,2.132670222839771e+26,2.7025021013006713e+26,1.9491817808157358e+26,-1.8729173615294955e+26,1.8820637055026322e+25,-1.2034935687294527e+25,4.645175452595032e+25,7.776571527074983e+24,1.86466509172433e+26,8.438346255991997e+25,-4.497558752948767e+26,1.8180724008130802e+26,3.65889094283841e+26,4.5744239994487896e+26,1.693213772007198e+26,1.6651352324197014e+26,6.415556045266517e+25,1.009141546702195e+25,8.36057964517078e+25,8.471638761166603e+25,1.8747699061743653e+26,1.1212313972391449e+26,7.185772570264198e+25,-4.1366990988802346e+24,-4.424511075399049e+25,-7.976745784306148e+25,3.532480812597548e+26,9.483291681082343e+25,-1.2620743777778875e+26,8.893134629401743e+25,-1.6928246354997825e+26,2.143049330927681e+25,1.8420184329576306e+26,-1.033142425839711e+26,-6.499108368254734e+25,-1.606133284841247e+26,-4.5385951487400424e+26,-2.2722042562730086e+26,-4.4775134946604684e+26,-1.4041981016393666e+26,5.004599041750589e+26,2.9741556296244094e+26,-2.3236886344462108e+26,-6.813284896645341e+25,6.0473635986676196e+25,6.845098812639325e+25,2.127954289442691e+25,2.360224876941677e+26,5.7745841337298605e+25,4.7771287303465e+25,3.933513237629633e+26,2.5315234390224254e+26,2.8595053078688448e+26,-5.895649198348361e+25,2.1728520305089273e+26,3.196525138856809e+26,5.983032501681176e+26,2.2136597029225008e+26,5.2977218708515364e+26,2.430382677212297e+26,6.771519981005189e+26,4.7612033093329736e+24,1.6807297088302198e+27,-1.0337623703304604e+26,-1.82094492089214e+26,-1.9135659969111895e+26,-1.5356042513204761e+26,7.638062322014916e+26,-1.1847982339291916e+26,4.552565883072471e+26,-1.9764277542285102e+26,2.174301985524612e+25,-2.5938595921598907e+26,-1.1413645704063203e+26,-1.2998218256596752e+26,-3.912548313991538e+25,-1.6955129126316783e+26,-1.6573035614873735e+26,-2.3006962478176457e+26,2.9064774806105267e+26,-2.547690486476473e+26,-5.187527727505174e+26,-6.109543294323795e+26,-5.5750221686241336e+26,-3.0631220372478226e+26,-1.951089081798561e+26,-1.9670646114268783e+26,-2.6567079871773052e+26,-3.802551742804563e+26
-2.112751165321768e+26,-3.1074780412342693e+26,1.9662900688927258e+25,-4.912550652079216e+25,-4.605120438681615e+25,-1.2360462514966476e+26,-4.538369216703163e+25,-4.967538788456257e+25,-7.24995613657695e+25,-5.872200228858233e+25,-7.599877521296201e+25,3.812429034144772e+25,-3.736404982061766e+25,-5.516685245558253e+25,-1.228324483358097e+26,-6.523543794791616e+25,-1.0823667543639476e+26,-1.0105104328578801e+26,-8.081575674125672e+25,-1.273835376373597e+26,2.4853981268757905e+26,1.797414073213654e+26,1.830538063481592e+26,-1.7793172363437355e+26,3.706365919828807e+26,2.7666431283789294e+26,2.5317695761647008e+26,-2.271515090055043e+26,-2.1605887906242206e+26,-1.5898849967978588e+26,1.5518515276628452e+26,-3.349060592345044e+25,9.274449274286439e+24,-3.819771540551712e+25,-7.380966621206409e+25,-1.4141355706139595e+26,-1.4308220136384088e+26,4.8682980961932364e+26,-1.6000362270239043e+26,-2.5048823139369473e+26,-2.3082074377700347e+26,-5.596309175381873e+25,-7.117640728508662e+25,9.771853077020743e+24,8.216560581513607e+25,-6.311255600926098e+25,-7.414538935557946e+25,-1.3330448015262086e+26,-1.0987798496981646e+26,-9.031071314049197e+25,5.035732663604431e+25,8.411723613305827e+25,-1.5528026625189608e+25,-2.2797760677011776e+26,3.0946061531560273e+25,1.6522632716645176e+26,1.944112995448965e+25,7.7109265013649795e+25,4.68028996868587e+25,-2.359063183340911e+26,1.2553633135083025e+26,6.993307193756154e+25,1.7342570595258645e+26,4.5652763222925215e+26,2.4318260877874814e+26,3.7747026696926105e+26,-1.782589547767015e+26,-3.589353840447731e+26,-2.3236886344462108e+26,2.5290294278428507e+26,-8.787935749682022e+25,-1.4714495580017855e+26,-1.1953885517235664e+26,-3.8772448878234934e+26,-1.9714423694081784e+26,9.855812464301342e+25,-2.299384053574288e+26,-3.6144718144028034e+26,-2.8011411867065308e+26,-5.15748301674449e+26,7.564708698221197e+24,-3.5267866202708154e+26,-2.3543713576475337e+26,-5.0151285232194744e+26,-1.8292878908555478e+26,-4.891145240094792e+26,-1.6164064882100276e+26,-6.674273019002063e+26,7.1055240867693244e+25,-1.327788148176823e+27,7.139266456637505e+25,1.2651819152134244e+26,1.4093945045471927e+26,1.3393170293964967e+26,-6.93001771617389e+26,-5.191466888377805e+26,-4.836859846880751e+26,-2.57612902698935e+26,-9.06742370378186e+25,1.0589831220334388e+26,7.239485216156003e+25,9.885060305708833e+25,-4.2431537925030014e+25,1.5477547878565376e+26,2.642755384451945e+26,2.3025277073583935e+26,-3.2152180838677925e+26,-5.635095308925468e+25,9.903051109372386e+25,-3.5292424885892753e+25,2.980918753217909e+26,3.106375938790738e+26,2.3610613538455325e+26,2.5137337899935217e+26,2.876768745623034e+26,2.7867593946038687e+26
1.750487631594946e+26,6.386894347201117e+26,-2.041422679169085e+25,-5.573050721703327e+25,2.2211499914094786e+25,2.2030523114379034e+25,1.8206898082639673e+24,1.4660046005153798e+25,3.7037807429411315e+23,2.339350295068549e+25,6.053862943486879e+25,-1.0479090698775663e+26,-4.888187495387746e+25,-1.5521652452612745e+25,-1.8912527823516733e+25,-3.1804415453226424e+25,6.864873224601655e+25,5.677065136407328e+24,-3.146766285434981e+24,6.724280044325582e+25,-2.1318681983269777e+26,-1.4744940720888623e+25,-5.352868354731639e+25,-6.907391229608533e+24,-2.1254067626015063e+26,-9.979503961074956e+25,-2.4741954284295417e+26,1.3553524355657193e+26,7.826817962728833e+24,1.2149076969100906e+25,-4.720800928587652e+23,2.1206621054175307e+25,-1.4963946310211146e+25,1.1381633955825171e+25,1.70545818630869e+26,-2.497833053895191e+25,3.0880020189554523e+26,-4.709033271752228e+26,8.5019693541751e+23,-9.539185373841554e+25,-3.354811139295041e+26,-1.5909118078765904e+26,-1.0316559592990561e+26,-1.174549172739584e+26,-1.8658018431640298e+26,1.7450625004184852e+25,3.952334920991074e+25,-5.222130024147232e+24,5.606594750822064e+25,9.509848583232255e+25,-1.325241467724872e+26,-1.690839566618128e+26,1.4123615365626299e+26,-1.2566261871690072e+26,-2.0262175172600273e+26,-1.861480388260074e+26,-1.8978953927389436e+26,1.1816770137482902e+26,-1.6910548602109066e+26,2.988462005577807e+26,-1.7507812182931216e+26,-9.249471996952191e+25,-1.0146169260740727e+26,-2.721268228352388e+26,-2.1067885141389793e+26,9.007706763945194e+24,8.47854931813545e+26,-1.4630153618009044e+26,-6.813284896645341e+25,-8.787935749682022e+25,4.001182399768845e+26,2.1069841200727206e+26,7.282209295764428e+25,8.94374357632449e+26,7.097885894087751e+25,-3.6885458157546243e+26,5.664723631582607e+26,9.224742896471276e+25,1.705347076024284e+26,6.966856992145165e+26,1.4810280953733139e+26,3.626404170560074e+26,-1.8616924714462664e+26,8.631276619509713e+25,-6.644267719227511e+25,1.3730470905592864e+26,-1.958306999272326e+26,2.5739484606596797e+26,-3.1620987917725175e+26,-1.272593533438738e+26,9.728269418315017e+25,1.759818981407768e+26,1.181424754873115e+26,8.192904339331837e+25,2.0201715556522792e+26,1.7023991628803342e+27,3.5587560905262644e+26,1.2260088415758282e+27,2.9299910445187255e+26,4.244623496774962e+26,1.3923311828742689e+26,1.314610202836848e+26,2.8701255878126906e+26,1.000299074473798e+26,-3.447885888743148e+26,3.4641106948572956e+25,2.0832701178443557e+26,8.405572905934915e+26,9.514037696488313e+26,1.3999472240856695e+27,4.0432559255910444e+26,-1.8374696304324383e+26,-2.17838061975065e+26,-2.1999188770149243e+26,-1.2634050470788308e+26,1.8710904605029175e+26
1.6357334955183346e+26,6.739647665862096e+26,1.8122324538874863e+25,-5.84348824165587e+25,8.85843278567661e+25,1.5971105340170827e+26,7.542930541968043e+25,9.985879783214876e+25,1.3215105659952266e+26,1.007052928714935e+26,1.7090050843331558e+26,-1.3224015546357088e+26,4.37954241945228e+25,1.3305118018388096e+26,2.3284133852774893e+26,1.5197044699179046e+26,1.8058879496026065e+26,1.6911500193514705e+26,1.5027528462977638e+26,1.0418258980357324e+26,-3.862717717284815e+26,-1.8631501615793765e+26,-9.785032502233615e+25,1.559082765161542e+26,-1.4424779958597529e+26,-2.5984326862883055e+26,1.1864609673288312e+26,-1.067206615102814e+26,3.3102485156155384e+26,2.004016557712341e+26,-1.2839411255586395e+26,-1.4444974789621002e+26,1.066306691602575e+26,-1.7933564547921564e+26,-3.784309028770331e+26,7.740936402491849e+25,3.777281405985239e+26,-3.797468541529662e+26,2.3930486230797225e+26,-1.180738548774559e+26,-4.9868139693170764e+26,-1.911174333280176e+26,-1.1075994654308604e+26,-1.4626329153037168e+26,-2.7065144299082788e+26,1.0610324563247869e+26,1.2985878776052777e+26,1.2494910467807475e+26,1.6696463144855555e+26,2.1889588550055366e+26,-1.4811301414919308e+26,-1.893142839434011e+26,1.4785600562756974e+26,4.132081074681779e+25,-2.310538132402941e+26,-2.4081650340154865e+26,-2.0240752052144183e+26,8.392482291121508e+25,-1.4534441267194888e+26,4.233866954900925e+26,-3.5601980688530152e+25,3.3903911881766674e+25,-6.981276814149652e+25,-1.7353906707595953e+26,-1.71078676747761e+26,8.322108882887269e+25,5.1582026895075425e+26,6.133840362459236e+25,6.0473635986676196e+25,-1.4714495580017855e+26,2.1069841200727206e+26,3.3575520572933333e+26,-1.5040968654793003e+25,4.725840069262212e+26,2.5465760377568133e+26,-4.224668344509022e+26,8.238233220335579e+26,3.804078685376522e+26,-1.2816577331921567e+26,6.0562420506127076e+26,-2.2143309987139992e+26,2.600473155829479e+26,3.0446721438216616e+25,4.391942737976663e+26,2.2403964600332062e+26,5.107665297776017e+26,1.5929267740336696e+26,7.12236493703189e+26,1.6960343350581936e+26,4.467881170392711e+26,-1.315472224288438e+26,1.5871458533709286e+25,-1.5168678332798813e+26,-3.1330157212943253e+24,-2.7439012332233028e+26,1.367874578155506e+27,-2.377673042517412e+26,9.49364928138967e+26,-2.1444511694387098e+26,3.3688250596200546e+26,-1.1658392309011202e+26,2.8933357260139154e+25,-8.563621915553906e+25,1.273226331942028e+26,8.951191409000369e+25,2.9137310039030745e+26,1.2018494437474416e+25,4.429915463541915e+26,1.2614432853222287e+27,1.7925349439839888e+27,8.875779991416205e+26,1.9497381125415026e+26,1.5549310876319473e+25,4.6127586271800865e+25,2.5918125437641997e+26,5.802502854871085e+26
4.4249623828249774e+26,5.164119438808408e+26,-1.4477252303723626e+26,-1.0466766143922653e+26,-1.6567005297646742e+25,3.36635152061627e+24,-3.4896020777169498e+25,-2.7626694358000865e+25,-5.1663054994774684e+25,-7.704075348891995e+24,-1.1034133978794438e+26,-7.40087150869692e+25,-9.090464185693757e+25,-9.798821416167334e+25,-1.311215739946181e+26,-1.3015853640681462e+26,-5.508592162813367e+25,-9.655653455649904e+25,-1.0056687879454135e+26,2.805557337369619e+25,5.850578436123996e+24,7.6846708885121e+23,-1.0122873105351985e+26,-6.223344140133852e+24,-2.1971995761217637e+26,-1.5667078367348617e+25,-3.8659739503843446e+26,4.2700678711288936e+26,-1.3523484103311192e+26,-5.862359486500361e+25,-6.078229019870417e+24,2.186565923235654e+26,-8.855571283506115e+25,1.8874386851187208e+26,5.449569804511117e+26,-1.8656162409364924e+26,1.0869142253109885e+26,-4.278924793786222e+26,-5.684252708038744e+25,3.5245063470006416e+26,5.022355343736092e+26,3.8205917389137464e+25,-1.0163160867079937e+25,-4.788532227008606e+25,-4.865607562918417e+25,-1.7566234352583936e+26,-1.0410268946504984e+26,-1.3281528462173077e+26,-1.2430540632669937e+24,-3.683558350987881e+25,-1.6298429028437324e+26,-9.588177694943227e+25,8.175358002644505e+25,-4.511454323105203e+25,-5.158746174258898e+25,4.057933943023805e+24,2.750962490345877e+25,-2.478293192466367e+25,4.828086202834361e+25,-6.636890005919225e+25,-1.0733273172148624e+26,-1.4099615020121503e+26,-9.248455967301687e+25,-2.8462164789276915e+26,-6.774843078620916e+25,-4.462570992345705e+26,8.905673681988815e+25,6.982562452920388e+25,6.845098812639325e+25,-1.1953885517235664e+26,7.282209295764428e+25,-1.5040968654793003e+25,4.3340158002430935e+26,7.856293373868397e+26,-4.452632868671835e+25,-2.581446344519458e+26,-2.3929327918945374e+26,-1.9849252199705736e+25,5.019761983723525e+26,5.2637997169410425e+26,2.740447926487056e+26,7.296286708798436e+26,-7.136391896484452e+25,1.190657475714654e+26,-6.74941406294196e+25,1.5279304235417262e+25,-7.839402485138975e+25,1.4168095145298714e+26,-3.328266102798849e+26,3.7091410838667816e+26,1.2153702112776962e+26,-1.4236406886762208e+26,5.901533144572881e+25,-1.670578537590963e+26,9.298157538267731e+26,2.890418875353376e+26,7.990121769062647e+26,-2.6497658953217805e+25,3.812208806459197e+26,-3.494789032783605e+26,1.1576982336582707e+26,-1.572103109940599e+26,2.2952301807787985e+26,-3.28905632161468e+26,-4.4928913513173735e+26,-5.472681644029778e+26,4.1058490353732895e+26,-2.198963899101689e+25,-6.807552535272501e+26,-4.718622819639345e+26,-7.855917160201808e+26,-5.143890980951423e+26,-2.8691239013309085e+26,-3.431719553637189e+26,-5.598245582420082e+26,-7.178810974033595e+26
1.2966829670178316e+27,2.556533015103415e+27,-3.9402953271164126e+26,-2.5149398865379e+26,-4.435707597740814e+25,3.154870304036803e+25,-4.77412135811891e+25,1.7071710516747948e+25,-3.4185933685642453e+25,5.7398222855763875e+25,-1.4367961903585915e+25,-4.347028843955088e+26,-2.6550957983683894e+26,-9.1745709306296e+25,-1.3401104987305993e+26,-1.6473427820096486e+26,1.6568294007308805e+26,-1.6092805225748146e+25,-6.044190871327968e+25,2.841150517502987e+26,-7.04972446870995e+26,-1.8932985310756086e+26,-4.2341681428068066e+26,3.086669582811444e+25,-9.764017900505009e+26,-4.7744463010261336e+26,-1.1778998318036207e+27,1.0605888677079456e+27,-2.7312055262672622e+25,5.129903966080147e+25,-7.825271125478634e+25,3.7124553458763936e+26,-1.8880488569517336e+26,3.41515412997984e+26,1.2303001728742312e+27,-3.277628527317788e+26,1.0474488928572606e+27,-2.1288826557375126e+27,-1.7592421407694839e+25,5.159550217229883e+26,1.679084334212172e+26,-1.9811362739664835e+26,-1.3294485855698555e+26,-2.96050515054562e+26,-4.925289469773804e+26,-1.9586915107688728e+26,-1.49594557605529e+25,-1.192136932185948e+26,2.0498526218501318e+26,2.304078291887022e+26,-6.121837121615371e+26,-6.1466452916438534e+26,3.748126144562243e+26,-2.241284690914676e+26,-4.8665647497893136e+26,-4.6607963401237674e+26,-3.554517207061506e+26,1.718408636368445e+26,-2.8929562000923497e+26,6.87543629279743e+26,-5.704919555383853e+26,-3.902882907046739e+26,-3.711599299795218e+26,-1.124912444489011e+27,-7.01200132448765e+26,-5.8185399154621716e+26,1.9824631857269427e+27,-8.187625760160529e+25,2.127954289442691e+25,-3.8772448878234934e+26,8.94374357632449e+26,4.725840069262212e+26,7.856293373868397e+26,3.076185124570585e+27,2.7880404508550046e+26,-1.3197986087583798e+27,1.054550784130471e+27,3.445289121847976e+26,1.2407798226110003e+27,2.3240541962626502e+27,7.913337692242855e+26,1.9252981876988733e+27,-6.230321782958877e+26,7.073442112601739e+26,-2.3822729587670986e+26,5.6660510006134595e+26,-5.988571899371629e+26,1.0884649134038392e+27,-1.379289368576443e+27,7.722728773744341e+26,4.568270129346196e+26,1.9741408375182395e+26,3.7131153667931206e+26,8.261945982697117e+24,1.7633608559244963e+27,4.5044425754150283e+27,2.0525634235003165e+27,2.8749801173159014e+27,1.2309368564086795e+27,5.949953212894812e+26,5.601995992160937e+26,1.2253972697586323e+26,1.0031639988936377e+27,-2.7576516024979765e+25,-1.1792482693877161e+27,-2.955015928504562e+26,1.0847609715751381e+27,1.880842105835381e+27,1.6838606217789724e+27,2.9060858035358534e+27,3.954688080908833e+25,-9.511559394724242e+26,-7.557992138896914e+26,-7.421043353323762e+26,-7.040933863150712e+26,-1.449455559404533e+26
4.445266252490369e+26,6.0028285860331024e+26,1.0272094007235743e+24,4.598680868775737e+26,1.2027833620076346e+26,2.2469288122382938e+26,-3.938820966784763e+25,9.171661940928834e+25,1.25851131422816e+26,9.895397772466393e+25,5.493551279634894e+26,-3.459641243825923e+26,-3.849818584527655e+26,9.408422081388882e+25,3.414954798378096e+26,6.873337273483773e+25,1.8142472291256403e+26,1.5141312719777368e+26,2.1553854686024854e+26,2.250144026003428e+26,-5.799048020930507e+26,-2.175177471411911e+26,-3.5687609157110906e+26,2.312265541739875e+26,-6.207303541679049e+26,-3.914763085000671e+26,-6.034602299537634e+26,5.4916449448126286e+26,6.0708546749800875e+26,5.043600455716697e+26,-4.159505765031076e+26,-2.589044138156048e+25,-1.3798814659367897e+26,1.2899453936216683e+26,3.552123856813163e+25,1.1311926533084595e+27,8.457448684884536e+26,-1.7628059541326968e+27,3.400740734082858e+26,6.96197643188143e+26,7.176131435292608e+26,2.5329355691718426e+26,4.8740851672105125e+26,2.717351812784576e+25,-1.441247839514146e+26,2.9496394695998066e+26,2.9451403749489146e+26,3.8252090885017617e+26,3.236790227008919e+26,5.832419142121202e+26,-1.8058628301739723e+26,-4.0023569241621896e+26,-2.9845080770150874e+26,4.0583839384315265e+26,2.2945944914004727e+26,-2.5294979943204535e+26,6.552990866003734e+25,-1.5138493930383553e+26,-6.189872524557893e+25,4.168788540827766e+26,-1.2666021870324504e+26,-2.0580243372106664e+25,-1.2725768060552938e+26,-5.420300462544565e+26,-3.102584555634412e+26,-3.7913559319889225e+26,2.383352339757362e+26,5.004413037282802e+26,2.360224876941677e+26,-1.9714423694081784e+26,7.097885894087751e+25,2.5465760377568133e+26,-4.452632868671835e+25,2.7880404508550046e+26,1.319663840173437e+27,-1.765282904277934e+26,4.14457314875125e+26,6.95921478775752e+26,7.896203502926694e+26,6.158536310042026e+26,1.0335208321928661e+26,3.637375460613759e+26,3.6447347697325057e+26,1.6503170824833704e+27,1.656871934736814e+26,1.0323244446093234e+27,-5.938574872398218e+25,1.3637597033323313e+27,-1.5115603501792742e+27,2.509096303623756e+27,-7.336512899720831e+25,-7.114134972148309e+25,-2.639100637401297e+26,-6.378871615996829e+25,1.539535020553174e+27,6.478684461052358e+26,1.1491899852320545e+27,4.2547128790021145e+26,2.051549652969857e+26,5.659266138516644e+25,-1.3627454536579279e+26,-2.1234505403643853e+25,-1.9799937032121406e+25,4.350524959810435e+25,-1.2557659976866327e+26,1.0580730931306387e+26,4.666451219562233e+26,1.7357167740897758e+26,-2.756659888164185e+26,-7.487417132728526e+26,-6.713333987878437e+26,-3.6831060973315104e+26,-2.4549961354523914e+26,-1.902456679204716e+26,-1.2642830868833658e+26,-1.0672704379807443e+26
-1.0186806342500246e+27,-2.8072583576436805e+27,4.1433697373689846e+26,4.1196012350094166e+26,1.398862397791611e+26,3.6337540824354334e+26,1.528607306321986e+26,9.752915428340982e+25,1.8411604544160472e+26,1.2761975072756983e+26,1.218402593036318e+26,8.087916219805019e+26,2.1449682850086745e+26,2.1167380831532328e+25,1.4837901249512363e+26,1.3582833110645618e+25,-2.3908026937528934e+26,-1.1399018537307186e+26,-4.219639355496343e+25,-8.046864383499645e+25,7.732569311540254e+26,2.3184788647223582e+26,-5.141535685951367e+25,-1.2460776606855736e+25,-4.507128609925372e+26,2.315489671596766e+26,-1.0271780830693006e+27,6.103578434725583e+26,6.828212578096578e+25,8.537727198523653e+25,-1.616708785633063e+26,5.951204729368494e+25,1.6983485023789264e+26,-1.988866542068584e+26,-1.2583002897573453e+26,9.086501961293337e+26,-1.486338195912075e+27,6.664099536616645e+26,3.554404074606535e+26,4.996579349328881e+25,8.354059509542892e+26,3.337350731164508e+26,2.9055127818438795e+26,2.736341525732515e+26,4.336119893610399e+26,1.952778017545353e+26,-9.154582472356298e+25,-2.516572175489181e+25,-2.9631789148520758e+26,-3.337940180656757e+26,1.0760780765490043e+27,9.492666961532264e+26,-4.923995502716923e+26,1.808691018094585e+26,8.241387721740405e+26,7.709085332791903e+26,6.409194151612556e+26,-2.3225209814077048e+26,3.9589932957693654e+26,-1.0254105194412733e+27,4.071017638525238e+25,-7.47370624093841e+25,-8.931647052488721e+25,-2.7374073706633753e+26,1.650361579418474e+26,-8.478109810552306e+26,-1.0697024976160941e+27,2.6507478434463303e+26,5.7745841337298605e+25,9.855812464301342e+25,-3.6885458157546243e+26,-4.224668344509022e+26,-2.581446344519458e+26,-1.3197986087583798e+27,-1.765282904277934e+26,2.1945327755800516e+27,-2.169190760276913e+27,-3.7507366609254945e+26,2.4389245009964857e+26,-1.1510889131633246e+27,-7.250473702011576e+26,-8.912123108015935e+26,1.9069743350198317e+27,-4.245289421788911e+26,8.081278909909805e+26,-5.0133475817675485e+26,1.313884261166521e+27,-7.753536837027288e+26,8.241993316601175e+26,1.1274630669415057e+27,1.8010658832334414e+26,-2.1226413186767116e+26,2.0136474807147145e+25,-1.6247693588543213e+26,2.744925258986688e+27,-3.267841821358486e+27,1.8202289158418776e+27,-2.1696764178382078e+27,8.396499580960971e+26,-8.854133300528242e+26,1.2238417327400034e+26,-1.4051645998206253e+26,4.0955649968548535e+26,-3.422860766268851e+26,-9.376569663222618e+26,-9.146573881973812e+26,8.970737298060705e+26,-9.625058338815926e+26,-4.196343218204206e+27,-5.95943943796023e+27,-3.238802488887131e+27,-1.184395956648567e+27,-5.7916691980413354e+26,-6.671981377574998e+26,-1.248639093213915e+27,-2.150878930539889e+27
7.663523972213464e+26,3.2908950222488435e+27,-2.225632107652644e+26,-3.840502329166323e+26,2.896356847950624e+25,-1.969090640982435e+26,8.74834936246983e+25,1.1581028364734883e+26,3.1472313149791367e+25,7.595657827465766e+24,2.4763063164651506e+26,-7.712727166003383e+26,3.046616219053424e+25,3.74784158233305e+26,1.5094193908010401e+26,3.606511124230716e+26,1.10007673550663e+27,5.134776237782402e+26,2.907433850555703e+26,5.8339888707123865e+26,-2.1668139408908272e+27,-7.530554631421259e+26,-1.915086686850839e+26,2.724043825034719e+25,6.377353590281618e+26,-1.074358133637961e+27,1.987701747907721e+27,-9.717657921325898e+26,3.375896236491232e+26,1.5534706662601283e+26,1.0283798798901003e+26,-2.068047054783992e+26,-1.783258447692017e+26,-1.1810387550246321e+25,-2.0502927462669048e+26,-5.86587701750987e+26,2.4025320699704754e+27,-1.929666474492336e+27,-9.56006674983234e+25,-5.11059964668048e+26,-1.9344507643174093e+27,-5.837426879102508e+26,-4.1644443778713164e+26,-3.7428864705365576e+26,-6.545093979458715e+26,2.3173514418891394e+26,3.239333144370848e+26,3.0805678071570926e+26,3.954237907412817e+26,5.592976347926249e+26,-8.108324472458197e+26,-1.064476245766741e+27,4.698968851850692e+26,2.2887596325745533e+25,-8.495727786457577e+26,-1.3256831557494127e+27,-8.440699013489653e+26,2.9033060981576106e+26,-7.702728593619687e+26,2.800671023748847e+27,-1.261144535382823e+26,4.805094322030413e+26,2.4192220408089845e+26,5.635185426914602e+26,-8.313483111793081e+26,2.3718699256122521e+27,1.825730452597712e+27,-1.2289733719021825e+26,4.7771287303465e+25,-2.299384053574288e+26,5.664723631582607e+26,8.238233220335579e+26,-2.3929327918945374e+26,1.054550784130471e+27,4.14457314875125e+26,-2.169190760276913e+27,5.079469292756319e+27,8.61034779295445e+26,-2.664676746678554e+26,1.5439549559578801e+27,7.022238610294283e+26,4.344159426713728e+26,-1.7395813102547436e+27,7.59340536930315e+26,-6.204631014431052e+26,1.1158196335916483e+27,-1.4986873547476023e+27,1.5263813256025664e+27,-1.5160362461291056e+27,-7.69564844380058e+26,-3.045814708772939e+26,5.6999397870071015e+26,-6.064819075272805e+25,5.982263094813381e+26,-5.171248825523564e+27,5.670290316270684e+27,-3.2932135611124806e+27,4.229941827122106e+27,-1.702689724887263e+27,2.440066135639821e+27,-2.6699857478122433e+26,5.0262589837980046e+26,-9.00327242524207e+26,1.2719961808238166e+27,2.2438872380186377e+27,2.720151479676663e+27,-1.608514310095761e+27,1.829571409982474e+27,8.471274036499844e+27,1.0660744218296205e+28,6.956873568182718e+27,3.162232578872026e+27,1.6673463177910057e+27,1.9116943544133705e+27,3.31111984439932e+27,5.114865774515261e+27
4.4766110966215984e+26,8.494668935633753e+26,-8.24764730656017e+25,1.5609454457081482e+26,5.681159658436055e+25,2.185120169162904e+26,1.0466545172231983e+26,1.45989323659068e+26,2.117819323327714e+26,1.3654072750361782e+26,2.7331297436919763e+26,-2.1988165450832356e+26,4.7433502239577294e+25,2.5461731731001194e+26,4.3536498008754656e+26,2.9328365969212742e+26,3.4955231105082027e+26,3.486487258980248e+26,3.1520779083393066e+26,2.950945534382696e+26,-7.223505986354369e+26,-4.202758574736257e+26,-3.6759900161270735e+26,3.962751060837102e+26,-6.303612456381963e+26,-6.208576048757878e+26,-2.2824042024456123e+26,1.9329662237311793e+26,6.843251161221374e+26,4.715042335637912e+26,-3.80597140738738e+26,-1.0698556690582716e+26,1.999842970833918e+25,-2.395525162356733e+25,-2.6357334457331877e+26,3.910171428961576e+26,6.211934689395212e+26,-1.1665020375722662e+27,4.143086916223545e+26,4.5502407472573064e+26,2.3142775057962644e+26,1.2920818288024226e+26,2.232610266780848e+26,6.417295810134865e+23,-2.0425775125077032e+26,2.5745284088811292e+26,2.934813954801427e+26,4.3995482597784446e+26,3.581799578244944e+26,3.598851884067186e+26,-1.9542766299578357e+26,-3.202340953901087e+26,-3.645611909233949e+25,5.202361502249961e+26,-4.45061870967101e+25,-3.91336187446539e+26,-7.406384272905711e+25,-1.3867139055678904e+26,-1.1846707606459489e+26,6.465607275109196e+26,-1.6334457091297545e+26,-4.598511506071366e+25,-2.2966488495307245e+26,-6.954086467007572e+26,-4.44562877461085e+26,-4.031253952463424e+26,3.2055514055255866e+26,6.658426716792559e+26,3.933513237629633e+26,-3.6144718144028034e+26,9.224742896471276e+25,3.804078685376522e+26,-1.9849252199705736e+25,3.445289121847976e+26,6.95921478775752e+26,-3.7507366609254945e+26,8.61034779295445e+26,9.139788997586264e+26,2.810246372033369e+26,8.454108812790835e+26,-1.497053792262157e+26,4.187816286057928e+26,3.0286624129889475e+26,1.355283663672703e+27,3.826637517622718e+26,1.2292141170358473e+27,2.811823609442682e+26,1.5862167672428534e+27,-1.441295924252377e+26,2.5949811204689293e+27,-2.407402771330202e+26,-1.3868740192634158e+26,-3.688402859603403e+26,-1.191063324688998e+26,6.73219651587205e+26,1.1477743338153578e+27,3.809386225653557e+26,7.033779401905814e+26,-1.591751109873464e+26,1.0524066787854664e+26,-2.393518868888127e+26,-6.1299564304265425e+25,-1.4395013415919757e+26,3.3689585138239117e+25,-2.6524085722052164e+24,1.718948345297975e+26,3.0634222076515747e+26,1.5299105473159648e+26,6.597939207882557e+26,8.919636928013583e+26,1.739698635852244e+26,-1.4261448942048014e+26,-1.828242149116891e+26,-1.1636740565392869e+26,5.741951917154022e+25,2.5091018225181174e+26
5.515896809702417e+25,-9.022811319288057e+26,4.0222725623198505e+26,9.93929758131433e+26,3.53138738507818e+26,3.806461628756107e+26,-2.9207710127314215e+26,-3.281031864366742e+26,-5.246686990177965e+26,-1.737210775779853e+26,1.6441181447184213e+26,8.555685391075314e+24,-6.321488212420926e+26,-7.326264859500244e+26,-1.1489630962707566e+27,-9.828430785571694e+26,-7.973284136797283e+25,-6.607007506670371e+26,-8.097287036058915e+26,5.4153674676530415e+26,-6.455057355126076e+26,-5.063351127642412e+26,-1.0464036128851145e+27,-3.747347893441057e+25,-9.288017072527239e+26,-7.32449413337702e+26,-1.219483933759796e+27,3.2125057535007767e+27,-1.1381987273062413e+27,-4.040722925774463e+26,-1.6882761677426295e+26,1.8957535949000194e+27,-9.603064588120804e+26,1.4217475872934486e+27,4.639628013585152e+27,1.4356074203448413e+27,3.5554807158053914e+26,-3.3741745910239055e+27,-5.9055463391946465e+26,1.612287956792088e+27,2.688362925029823e+27,7.92667025927618e+26,8.903024151988777e+26,2.720383206915881e+26,2.2455208953263067e+26,-2.9762928392495334e+25,2.9975321139791638e+25,1.2902114160754853e+26,1.2987939389677767e+26,6.514883499730986e+25,1.7790753078308146e+25,-1.7700153795971558e+26,-2.8022880957938457e+26,2.7760134721308167e+26,2.8621142388932856e+26,-9.061383551013493e+25,9.897310012089592e+25,-1.320270435356677e+26,-8.694965862513134e+25,2.8041653307775658e+26,-4.382006774331165e+26,-2.07258337804225e+26,-1.7684063067205446e+26,-8.040254718551745e+26,-6.792812711675721e+26,-3.654552354141243e+26,5.549188830902192e+26,4.292466783560499e+26,2.5315234390224254e+26,-2.8011411867065308e+26,1.705347076024284e+26,-1.2816577331921567e+26,5.019761983723525e+26,1.2407798226110003e+27,7.896203502926694e+26,2.4389245009964857e+26,-2.664676746678554e+26,2.810246372033369e+26,4.7530151506141863e+27,8.806202135948687e+26,2.4954602803440927e+27,9.589302573414427e+26,7.187376955630063e+26,1.0507710189649457e+27,-7.729342619990436e+26,4.244134120945089e+26,-1.5948099579978752e+27,5.9812058458853004e+26,-5.981632278215052e+27,2.557136235134516e+27,8.081362392312083e+26,7.929555348631304e+25,2.9257759151144595e+26,6.674296227863867e+25,3.508532240591685e+27,1.5095855585164483e+27,3.92790429206519e+27,9.592230475331511e+26,1.377438191759272e+27,2.9101352269977845e+26,6.922254024656675e+26,4.550899989762179e+25,4.8980082186161865e+26,1.3764699048429218e+26,2.7970865985168725e+26,4.665690035760155e+26,1.281998774614862e+27,7.039885382456698e+26,2.1814382072652765e+25,-1.8693012777541408e+27,-1.3386922334659724e+27,-1.7068171118794935e+26,1.3765352549198185e+26,3.9554122068469845e+26,4.7501080299922975e+26,4.177145812318032e+26
1.1653792830129043e+27,2.3202621979177038e+27,-3.211122130580734e+26,-1.4550965715864726e+26,3.866842867051521e+25,2.357762041167338e+26,6.247445365645894e+25,1.4576095815319524e+26,1.7188759735888287e+26,1.728263424900614e+26,1.7373419175118255e+26,-4.27630499183366e+26,-8.811074633610571e+25,1.3504748188875435e+26,2.7421282381489458e+26,1.16515724458356e+26,4.1608366056548525e+26,2.3487102914287233e+26,1.9502559038783022e+26,4.337837030157786e+26,-9.401437304767111e+26,-4.159369643082737e+26,-5.045420944955297e+26,3.023492547257747e+26,-1.003185727435984e+27,-7.216830039342426e+26,-8.021840607171234e+26,7.252352461339508e+26,5.2271599329813246e+26,3.859465346366671e+26,-3.5299345092050654e+26,1.2681583629079786e+26,-3.4415214082168058e+25,8.172074457469303e+25,4.2341915806770936e+26,-1.4401393802661967e+25,1.2117538886286602e+27,-2.0452947545434327e+27,3.5794898838685385e+26,5.634936839546807e+26,1.0867276127749974e+26,-1.189034907980695e+26,-5.295214639396855e+24,-2.381483298481463e+26,-5.073202485224298e+26,2.9219727431079614e+25,1.7320318847402686e+26,1.895191315801019e+26,3.703227031706347e+26,4.0298059428066384e+26,-5.375384394479329e+26,-6.008872339544641e+26,2.739554922846008e+26,1.8381354271964597e+26,-3.8430293155071435e+26,-5.707641050401183e+26,-2.9441823697604292e+26,3.1586130667591218e+25,-2.6868931713725778e+26,1.0380480252107303e+27,-4.586658333771122e+26,-2.7716092381290613e+26,-3.986730645616451e+26,-1.1790474993498497e+27,-7.328471121285107e+26,-6.545561088320315e+26,1.5180234418248178e+27,3.918295646703592e+26,2.8595053078688448e+26,-5.15748301674449e+26,6.966856992145165e+26,6.0562420506127076e+26,5.2637997169410425e+26,2.3240541962626502e+27,6.158536310042026e+26,-1.1510889131633246e+27,1.5439549559578801e+27,8.454108812790835e+26,8.806202135948687e+26,2.3303116285041402e+27,2.354335674343534e+26,1.6547302308067972e+27,-1.4541756060454914e+26,1.3360343530852466e+27,2.267266731083429e+26,1.2046214384088269e+27,-2.7988629119458075e+25,1.8079584277665573e+27,-7.503788888122227e+26,2.179201214112052e+27,7.687711660056064e+25,-5.054800202580788e+24,-5.954329131794562e+25,-1.1941301339866e+26,1.6203711692116944e+27,3.758264924307376e+27,1.4018533654890263e+27,2.3510251154375044e+27,5.6932123016205565e+26,4.094780905281004e+26,1.4321619929749809e+26,-4.212075618165393e+24,4.852972464317457e+26,-5.820573449619013e+25,-7.635633270900938e+26,-1.3769942602992519e+26,8.765232108326334e+26,1.290545282128384e+27,1.5809966681189952e+27,2.699237803638394e+27,2.659295982014676e+26,-6.774562628893689e+26,-6.026409930845417e+26,-5.7236786888602096e+26,-4.414006917429547e+26,5.340286887896943e+25
3.163830460161482e+26,1.5575555260103735e+27,1.3978518278646459e+26,9.260540846544172e+26,-1.660083465929472e+26,-1.388345931203068e+27,-6.039650685798195e+26,-7.95552331972036e+26,-1.2473473281514705e+27,-9.249398725418411e+26,-2.4304430970964218e+26,-3.312719828543111e+26,-4.208862172110334e+26,-5.591920911453337e+26,-1.4460822664255354e+27,-4.788822568269902e+26,3.645807341062859e+26,2.0435957928182956e+26,-7.685896031210896e+25,7.918739252993389e+26,-7.778571181409238e+26,-3.747126911913805e+26,-2.7570153543615983e+26,2.3241899417697636e+26,1.6267311492685515e+26,-3.716704679834466e+26,8.077815667683696e+26,-8.351400595590083e+25,-1.0537339121362064e+27,-4.014894506440693e+26,2.9621310056026762e+26,9.095924208682819e+26,-1.9996837717564653e+27,2.715532461072027e+27,4.0661833783306765e+27,2.1972505432595985e+26,9.520614889439924e+26,-1.7204211110071607e+27,-2.147043914603933e+27,9.544302643526498e+26,1.3439325799765617e+27,5.1776993603509516e+26,6.017780371045192e+26,1.7588859272800286e+26,2.270839944468584e+26,-1.6097546106751934e+26,-1.2260198145205592e+25,-1.3100018877979968e+25,4.3228191404715205e+25,-1.0729135543340639e+26,-3.7011192831017375e+26,-4.244668876572658e+26,2.7361781448796274e+25,-9.155204049319136e+25,-1.4609453721542465e+26,-2.508208210628458e+26,-2.0169056735473744e+26,7.076411534465562e+25,-2.2290659509532495e+26,4.5634039288515526e+26,-3.060236365810317e+26,-9.661271544105503e+25,1.1629916557693212e+26,7.758812759376863e+25,-3.920378055823973e+26,7.296466343488705e+26,5.934953637253067e+26,-1.861013727560074e+26,-5.895649198348361e+25,7.564708698221197e+24,1.4810280953733139e+26,-2.2143309987139992e+26,2.740447926487056e+26,7.913337692242855e+26,1.0335208321928661e+26,-7.250473702011576e+26,7.022238610294283e+26,-1.497053792262157e+26,2.4954602803440927e+27,2.354335674343534e+26,4.5931305095676937e+27,3.3937754847899515e+26,-2.754209268315988e+27,-7.711289236336872e+25,-3.246887878612823e+27,-2.4216445889424714e+26,-4.909775465087332e+27,-3.611483275187309e+26,-5.888973054809956e+27,-6.797194464082033e+26,-2.9810707303534567e+26,3.594099502088737e+26,1.8420266312481847e+26,3.4216947365566206e+26,-2.365506912996019e+27,1.9461690009517898e+27,-1.0428951482704567e+27,1.3294469379908888e+27,-7.452800581570877e+26,7.878520344914902e+26,-5.950207983708703e+25,2.3508919866144465e+26,-5.806905509264182e+26,4.131212518352685e+26,1.551687674794499e+27,1.0559380658007084e+27,-1.622840085499117e+27,7.9817333708031e+26,3.475841423559978e+27,3.024998793885067e+27,1.9287491560847764e+27,1.1085702894124249e+27,7.44396950130408e+26,1.0024486100622482e+27,1.5628420051800676e+27,2.2981105659462583e+27
1.247383008702228e+27,1.889538804146602e+27,-4.37777582452217e+26,-2.1125365500463708e+26,-5.1694380737872096e+25,1.2382499661782096e+26,-1.5360875075270618e+25,6.944946837931477e+25,7.369314771734408e+25,1.0911242715718644e+26,-4.553816677273667e+25,-3.432201094601696e+26,-1.8849316147695596e+26,-6.861269352408002e+24,6.674161759278966e+25,-5.3422416779696615e+25,1.454685126050991e+26,3.3512587710726842e+25,2.55310312466584e+25,2.4947154579687625e+26,-4.912185912984403e+26,-2.0734794162158206e+26,-3.7634461058659655e+26,1.5094173029874714e+26,-7.452279189404229e+26,-3.718102445903596e+26,-8.4760988043403e+26,8.423741975471796e+26,1.975952910195615e+26,1.8968194880510163e+26,-2.1913479861747144e+26,2.672672931648267e+26,-8.033913727185356e+25,2.0948486912218927e+26,6.936089562429647e+26,-2.316420335958175e+26,7.87368547169995e+26,-1.619944217348418e+27,1.8653583962669453e+26,7.948867708574457e+26,7.422566086293684e+26,4.972706340866789e+25,5.167714535271255e+25,-1.3994782094080607e+26,-2.8283294369654706e+26,-2.0707140002127303e+26,-3.3375652837471523e+25,-4.014579545706588e+25,2.04667851664257e+26,1.879406051018704e+26,-4.8875080900257735e+26,-4.394956426880069e+26,1.791865658648671e+26,7.06673794303898e+25,-1.9365351422515598e+26,-2.5601079290958092e+26,-6.890988763644435e+25,-4.179734705823827e+25,-4.001586869721619e+25,4.0860948020178996e+26,-3.1911554516578695e+26,-2.8877499952543655e+26,-2.8604925213856653e+26,-8.850971343088057e+26,-4.065171728055148e+26,-8.558427677463221e+26,7.479714569397771e+26,2.9822550150500443e+26,2.1728520305089273e+26,-3.5267866202708154e+26,3.626404170560074e+26,2.600473155829479e+26,7.296286708798436e+26,1.9252981876988733e+27,3.637375460613759e+26,-8.912123108015935e+26,4.344159426713728e+26,4.187816286057928e+26,9.589302573414427e+26,1.6547302308067972e+27,3.3937754847899515e+26,1.63889486125728e+27,-1.7659220513064827e+26,9.368786552602224e+26,9.386121017050053e+25,6.579470904622491e+26,-2.515987744961292e+25,1.1120914455481004e+27,-7.378672896257092e+26,1.60785013915934e+27,1.7480673582751855e+26,-1.7726461808254623e+26,1.3558780178635515e+25,-2.493245884043601e+26,1.824563332572427e+27,2.0209383743964105e+27,1.6111052919080542e+27,1.0071110267814765e+27,6.924031686119787e+26,-2.330190300763315e+26,2.006375316568142e+26,-1.7732021370535098e+26,4.7956992037900215e+26,-3.6638569384263236e+26,-8.190544271722938e+26,-6.133548822514619e+26,8.912582163161804e+26,5.370991744894863e+26,-8.23365814168157e+25,6.239202550618032e+26,-8.466567546126769e+26,-9.138234542774207e+26,-6.054028089056929e+26,-6.324564477879147e+26,-7.98819327766589e+26,-7.606197559779836e+26
-1.4928368260166875e+27,-3.9784074649912754e+27,9.870202646152474e+26,-6.429120041414991e+25,9.82424345393431e+26,1.9414158297594522e+27,7.361772721487768e+26,7.278509336290062e+26,9.300803236067864e+26,8.925249807562958e+26,8.277813264574689e+26,8.085591619319145e+26,1.0933755775530849e+26,4.571227486885413e+25,6.489914937334133e+26,-2.1245390737800936e+26,-4.594300655757632e+26,-5.828933319849287e+26,-3.7234186003207795e+26,-3.656791184791764e+26,6.676589607478362e+26,2.337077361635738e+26,-2.2587560282238308e+26,-2.227373576568462e+25,-8.511702385221244e+26,1.2353333422698407e+26,-1.7557577403968363e+27,1.7142782722136634e+27,4.269112086203496e+26,3.127717636544307e+26,-5.572214044539858e+26,1.8514177837464127e+26,1.094853380671604e+27,-1.456739252107751e+27,-1.0187867570412238e+27,1.699257532037456e+27,-1.4483951855419257e+27,2.2679004371294065e+25,1.7780747124145637e+27,-3.731630001084015e+26,3.6658040816035644e+26,-2.0396309031935496e+26,-2.5959246788025994e+26,-4.827119567631621e+25,9.126570496486705e+23,4.759747068912452e+26,1.2179663878161984e+26,1.8604121690084673e+26,-3.3826365355215963e+25,2.0373449259966086e+26,9.33592617714984e+26,6.686837423524107e+26,-4.0015449982358395e+26,4.231425076436131e+26,6.43415588628061e+26,3.935607259378335e+26,4.611973720215587e+26,-2.661111898532601e+26,2.389537659457262e+26,-6.97498126235521e+26,1.0669658834226411e+26,-2.895516967505535e+24,-2.5016490846012e+26,-6.377566883492109e+26,1.1625316855059376e+26,-1.336228296595546e+27,-7.886917480913274e+26,6.69115077243681e+26,3.196525138856809e+26,-2.3543713576475337e+26,-1.8616924714462664e+26,3.0446721438216616e+25,-7.136391896484452e+25,-6.230321782958877e+26,3.6447347697325057e+26,1.9069743350198317e+27,-1.7395813102547436e+27,3.0286624129889475e+26,7.187376955630063e+26,-1.4541756060454914e+26,-2.754209268315988e+27,-1.7659220513064827e+26,4.867694288498979e+27,7.007893077767035e+26,3.0234622873924244e+27,4.772075503845882e+26,4.121747776181077e+27,6.097894584973518e+26,2.0525172595971595e+27,3.0891048486599914e+27,3.1918902594250255e+26,-5.086324164346222e+26,-2.5262894879804066e+26,-4.8246572269753265e+26,5.299949648763686e+27,-2.7256264207053097e+27,3.6638899154016545e+27,-1.9086553440514217e+27,1.4442312927074114e+27,-1.182379016957698e+27,-6.551237461436949e+24,-3.978820951196487e+26,5.929303581860466e+26,-7.605798405228226e+26,-1.816354160548554e+27,-1.6112628174877063e+27,2.2426223401236712e+27,-1.024195645558563e+27,-5.588568354966688e+27,-6.969892779213074e+27,-4.1839121413065975e+27,-1.807968044789751e+27,-1.0046961924089786e+27,-1.2689339621934764e+27,-2.130682478986023e+27,-3.311249165352673e+27
1.0637232336412127e+27,1.4377421146014324e+27,-2.6933035010090104e+26,4.023568971680475e+26,5.634558182369827e+25,3.7874612831361625e+26,1.2191997558020422e+26,2.6514398025064852e+26,3.5832377896957264e+26,2.516825117592022e+26,6.0252410772190666e+26,-5.026910611700275e+26,-2.855295886698217e+26,3.666500490211685e+26,7.049293212827972e+26,3.508396643182199e+26,4.63695985767173e+26,4.401455542342522e+26,4.604125077876093e+26,4.857089223180383e+26,-1.1441294155287798e+27,-5.465131706117985e+26,-6.992502379654455e+26,5.35816970761793e+26,-1.261961752491625e+27,-8.95162256293311e+26,-1.0264095012393882e+27,8.525208528566114e+26,1.1252872863440463e+27,8.514536740522928e+26,-7.06685121886284e+26,-3.910760319878523e+25,-6.672914450121721e+25,1.1053084310991293e+26,-6.461536034168397e+25,1.0760902406810507e+27,1.2641263311235453e+27,-2.7970583368249736e+27,7.271143289871921e+26,1.2329190893548616e+27,1.2147439931559019e+27,4.387270506381221e+26,6.42579798084753e+26,7.716153461759179e+25,-2.2835689585975548e+26,4.339502553093266e+26,4.6475452899773654e+26,6.804723520717495e+26,5.692685485359569e+26,7.519772207215931e+26,-3.4954879322328584e+26,-6.587418968109251e+26,-3.9464220975505134e+26,8.63418759700183e+26,3.301584446779962e+26,-5.0710581386126326e+26,1.5896481964154612e+26,-3.5728114329393136e+26,-4.994685366204777e+25,8.317493822480362e+26,-3.2616432335005415e+26,-1.61495655690424e+26,-3.7150623485320246e+26,-1.2804654268011982e+27,-7.047322237645167e+26,-1.0225904379357383e+27,3.442983260921919e+26,1.1340849944767002e+27,5.983032501681176e+26,-5.0151285232194744e+26,8.631276619509713e+25,4.391942737976663e+26,1.190657475714654e+26,7.073442112601739e+26,1.6503170824833704e+27,-4.245289421788911e+26,7.59340536930315e+26,1.355283663672703e+27,1.0507710189649457e+27,1.3360343530852466e+27,-7.711289236336872e+25,9.368786552602224e+26,7.007893077767035e+26,2.704184191837791e+27,6.129291821667502e+26,1.9432381217054396e+27,4.250736924502325e+26,2.5725785144956484e+27,-1.1927924947927947e+27,4.877027932599156e+27,-1.82574059173633e+26,-2.633257131038839e+26,-4.885273796130033e+26,-2.38984299468954e+26,2.5679943481165397e+27,1.273054779670559e+27,1.832051084027966e+27,6.604263350909941e+26,3.161033829420456e+26,-1.4468183863145282e+26,-2.2985813026122256e+26,-1.413345181483747e+26,3.8381115704875883e+25,-9.915635877416809e+25,-4.289965633026015e+26,-1.0128799156189773e+26,9.297221943170738e+26,1.2417451460878792e+26,-4.4059167289207776e+26,-6.64084134924446e+26,-1.170998560535852e+27,-8.326975157740624e+26,-5.739402381921174e+26,-4.949440882187883e+26,-4.5777611751855e+26,-4.5408139051874646e+26
-1.0473765812142967e+26,-1.2752834361363697e+27,-6.723832835113745e+25,-6.216166470054168e+26,2.5676913412852478e+26,1.3922214618332135e+27,6.170547303494378e+26,7.760341438273367e+26,1.1488687943247872e+27,9.105743788330241e+26,3.304938567500633e+26,3.7258095842814684e+26,2.768021991123286e+26,4.4390467527243705e+26,1.2070179780761162e+27,3.1408307781634364e+26,-2.5044269888139195e+26,-1.7112691375571208e+26,7.236031461683347e+25,-2.939652329916707e+26,3.317523045111289e+26,7.793905107290913e+25,-1.930312061482259e+26,5.927114803848524e+25,-6.328080679645282e+26,-3.3905500377890126e+25,-1.106659568011138e+27,7.847226336409454e+26,1.0077776678791981e+27,5.682441300578061e+26,-5.4587390369362775e+26,-3.421765405348264e+26,1.4124195039514997e+27,-1.8414630128382592e+27,-2.3106853884164653e+27,2.2832308264076906e+26,-7.569121076299307e+26,2.3173866605400326e+26,1.9553771646164077e+27,-3.559105620841454e+26,-4.403185163689886e+26,-2.6238787635974363e+26,-3.343440584157618e+26,-9.648286223629447e+25,-1.771199791139257e+26,2.076506743130001e+26,6.565729862240252e+25,1.209486949031248e+26,4.52183123792773e+25,1.5948755699614867e+26,3.9723811844617066e+26,3.524628192735289e+26,-1.3674977714069254e+26,2.7317125250995144e+26,2.6820524516910434e+26,1.7161437750100306e+26,2.5524977210082086e+26,-1.4880639008242246e+26,1.870059674566677e+26,-2.392350478079289e+26,1.088492076112438e+26,2.2010558470840318e+24,-2.3361472587627635e+26,-5.241095118196484e+26,5.689396975531292e+25,-9.702400121623039e+26,-3.3538964015796015e+26,4.578188871615408e+26,2.2136597029225008e+26,-1.8292878908555478e+26,-6.644267719227511e+25,2.2403964600332062e+26,-6.74941406294196e+25,-2.3822729587670986e+26,1.656871934736814e+26,8.081278909909805e+26,-6.204631014431052e+26,3.826637517622718e+26,-7.729342619990436e+26,2.267266731083429e+26,-3.246887878612823e+27,9.386121017050053e+25,3.0234622873924244e+27,6.129291821667502e+26,2.911327813241202e+27,5.740560434934214e+26,4.075697646600365e+27,8.199352715531819e+26,3.7275732764608657e+27,1.9706329802617867e+27,1.787956287006358e+26,-3.789997234186638e+26,-2.8038730953115276e+26,-3.62004625357725e+26,3.145711824342335e+27,-1.0949735092579175e+27,1.9582813182774333e+27,-8.408913634808348e+26,8.19096966731893e+26,-6.981753029796051e+26,-1.6030958493558875e+25,-2.493226965247038e+26,4.486145979093363e+26,-3.881370777984717e+26,-1.2741143666707037e+27,-8.689671997615617e+26,1.5768879074918778e+27,-5.115140870925399e+26,-2.993002739033067e+27,-3.0817581422256193e+27,-2.176349948074624e+27,-1.1808716324536385e+27,-7.47176204283409e+26,-8.937783313455132e+26,-1.3394501002726806e+27,-1.9508786071223623e+27
6.927410910955082e+26,1.248147452057319e+27,-1.4175302197488522e+26,1.9736195127367168e+26,8.187801521120242e+25,3.276279836929121e+26,1.5445079560879941e+26,2.2491660222632022e+26,3.177718749923122e+26,2.1239415391446753e+26,4.1220208858788206e+26,-3.3125710154862e+26,2.1450935466674495e+25,3.628824823384624e+26,6.273045178190094e+26,4.037676428465598e+26,4.820657862657641e+26,4.766949166745195e+26,4.3992320723007316e+26,4.1387097461705043e+26,-1.0201577296014958e+27,-5.697505333392056e+26,-5.234843958968475e+26,5.344936995532668e+26,-9.191238708988654e+26,-8.530781577911734e+26,-4.1800858657620575e+26,3.2341681954382335e+26,9.733506829299846e+26,6.757422417058871e+26,-5.3867112253104004e+26,-1.5258277135596955e+26,4.307405531581041e+25,-5.507941325051225e+25,-3.8274327304533834e+26,5.8473133013725685e+26,9.113466552080753e+26,-1.758448207370215e+27,6.149417583570193e+26,6.629162961564566e+26,3.750655514163243e+26,1.7149043409188247e+26,3.100962888918017e+26,-1.3705529488163242e+25,-2.919825204852265e+26,3.623232402537324e+26,3.9811752111873434e+26,5.850258805796209e+26,4.837959229661672e+26,5.3199015196519495e+26,-2.76239983716521e+26,-4.740764635191811e+26,-1.0284996014867812e+26,7.049109134855961e+26,9.652057081902615e+24,-5.307442765630642e+26,-4.465740088735493e+25,-2.148811485827983e+26,-1.3445220278067137e+26,8.799835628238796e+26,-2.447627851850613e+26,-8.402386931096474e+25,-3.2577023383872186e+26,-1.0054464915496502e+27,-6.251599754681291e+26,-6.310437421646315e+26,4.515016717141084e+26,9.196049561259585e+26,5.2977218708515364e+26,-4.891145240094792e+26,1.3730470905592864e+26,5.107665297776017e+26,1.5279304235417262e+25,5.6660510006134595e+26,1.0323244446093234e+27,-5.0133475817675485e+26,1.1158196335916483e+27,1.2292141170358473e+27,4.244134120945089e+26,1.2046214384088269e+27,-2.4216445889424714e+26,6.579470904622491e+26,4.772075503845882e+26,1.9432381217054396e+27,5.740560434934214e+26,1.683430548987796e+27,4.450574340578807e+26,2.2018343887012202e+27,-2.435251534237079e+26,3.676373346119744e+27,-3.0251669533960257e+26,-2.033775139102945e+26,-4.8957974462610055e+26,-1.8079671412957594e+26,1.1542998995650233e+27,1.582733731038726e+27,6.979895968581817e+26,9.466501931052666e+26,-1.2988691777408832e+26,9.56473076824584e+25,-3.0455935898759335e+26,-9.689448069562027e+25,-1.4066456292018428e+26,1.1280212465876679e+25,-1.0954330858191707e+26,1.5524192861256213e+26,5.0354530161792635e+26,2.2685696072109204e+26,7.141311734559266e+26,1.0108759410610539e+27,3.79038965444754e+25,-3.08298244387634e+26,-3.139821975798124e+26,-2.339853356515667e+26,-3.5943057133709284e+25,1.9553432749213277e+26
-3.5988436368460336e+26,-2.337087863039938e+27,-6.39333352997342e+25,-9.088909084984613e+26,3.0266038679748753e+26,1.853265147129201e+27,8.017681918820356e+26,9.94178236857993e+26,1.532992965746417e+27,1.1776956868860959e+27,2.913610881889159e+26,5.9300715251248014e+26,4.65510704212095e+26,5.8312495226892835e+26,1.6386672259731537e+27,4.2833596034322824e+26,-5.484564575203395e+26,-3.6032635120163666e+26,1.8938154424262888e+25,-7.058219775745091e+26,9.564697852299533e+26,3.499856066558085e+26,-7.481245103873956e+25,-1.0662668589000323e+26,-7.915389156537466e+26,2.455173873120397e+26,-1.7566957687137662e+27,1.051119574078744e+27,1.2397731964679226e+27,6.1628526912550975e+26,-6.269931665482117e+26,-5.782161119606006e+26,2.121783264742825e+27,-2.7462926037653714e+27,-3.574622071510466e+27,7.3733602929401094e+25,-1.4435805691750579e+27,1.1686459801787248e+27,2.6439485833310193e+27,-6.123888858836654e+26,-5.8892091613212924e+26,-3.5966993715568046e+26,-5.131904892558029e+26,-1.0455246182538956e+26,-1.4615073442126158e+26,1.88806481501296e+26,-2.94288257949432e+23,5.410405420554854e+25,-3.7512939255419263e+25,6.670914872444291e+25,6.075074876391057e+26,6.553115149406743e+26,-1.7609382227070342e+26,2.8781756322610328e+26,4.035346244320399e+26,4.4244495334988274e+26,4.265447532172495e+26,-2.079950197598093e+26,3.6145441510849865e+26,-7.39184089324083e+26,2.0623500099054685e+26,-3.442217810941011e+25,-3.019968541292284e+26,-6.283612884843062e+26,2.715154906596915e+26,-1.504246180243544e+27,-7.781833155800305e+26,5.296557303782684e+26,2.430382677212297e+26,-1.6164064882100276e+26,-1.958306999272326e+26,1.5929267740336696e+26,-7.839402485138975e+25,-5.988571899371629e+26,-5.938574872398218e+25,1.313884261166521e+27,-1.4986873547476023e+27,2.811823609442682e+26,-1.5948099579978752e+27,-2.7988629119458075e+25,-4.909775465087332e+27,-2.515987744961292e+25,4.121747776181077e+27,4.250736924502325e+26,4.075697646600365e+27,4.450574340578807e+26,5.987438910358286e+27,6.552477080782029e+26,6.15132218629691e+27,2.1936178903686e+27,4.274244441898087e+26,-5.556041242318513e+26,-2.4837851096916752e+26,-5.327440854625415e+26,4.74351515914756e+27,-2.5078507739893526e+27,2.918788119560062e+27,-1.851625634643059e+27,1.4729978475723553e+27,-1.272142262798984e+27,1.284328154473569e+26,-3.814640083623654e+26,8.833888248001684e+26,-6.983927557797746e+26,-2.2126267971238109e+27,-1.6435844974559254e+27,2.4702205605244129e+27,-1.0303148716415884e+27,-5.396363028178135e+27,-5.553864586776672e+27,-3.8014118155752646e+27,-2.0096622713995214e+27,-1.2345431304694794e+27,-1.513833607195453e+27,-2.376090936863163e+27,-3.510239303537275e+27
1.1307935851499043e+27,1.9988115689600825e+27,-2.7638665749344115e+26,1.5361872632152432e+26,1.01640210619734e+26,4.72511903102302e+26,2.1254394304034977e+26,3.288914825658598e+26,4.5788811505903104e+26,3.2349851967698214e+26,5.326727118252243e+26,-4.723585858475722e+26,-1.7411534538661907e+24,4.833984876008092e+26,8.582805988638427e+26,5.272516776108206e+26,6.407027308173094e+26,6.274051263588228e+26,5.8484894060839454e+26,5.639550423264426e+26,-1.3970845424946111e+27,-7.652986432045613e+26,-7.207681969245817e+26,7.021922460926469e+26,-1.285006574540542e+27,-1.1512014825106034e+27,-6.54173575175856e+26,5.04404551825905e+26,1.3179598920632332e+27,9.155220696029983e+26,-7.190445580315626e+26,-2.0118343751602578e+26,9.436526815821433e+25,-1.1873459877414265e+26,-5.1256027997814545e+26,6.823315325793066e+26,1.2846426726036487e+27,-2.48793891192367e+27,8.750602210985894e+26,9.071406037871912e+26,4.659826536169337e+26,1.6750601991035706e+26,3.4836043543155406e+26,-7.357184532596213e+25,-4.50219838399566e+26,4.168487743462149e+26,4.758552994453954e+26,6.93090637912521e+26,6.202172178041866e+26,7.128832845159893e+26,-4.129066446428141e+26,-6.639206125878311e+26,-9.972838337209347e+25,8.5697402040038e+26,-1.4621786585726529e+25,-7.084870051513158e+26,-6.030722890885493e+25,-2.6214639794718993e+26,-1.7208558695811557e+26,1.1911960858085477e+27,-3.563524255541418e+26,-1.4048672818707724e+26,-4.5998177385567634e+26,-1.4107033228589122e+27,-8.606230796190432e+26,-9.073560951305137e+26,7.600814970572839e+26,1.1672877083581091e+27,6.771519981005189e+26,-6.674273019002063e+26,2.5739484606596797e+26,7.12236493703189e+26,1.4168095145298714e+26,1.0884649134038392e+27,1.3637597033323313e+27,-7.753536837027288e+26,1.5263813256025664e+27,1.5862167672428534e+27,5.9812058458853004e+26,1.8079584277665573e+27,-3.611483275187309e+26,1.1120914455481004e+27,6.097894584973518e+26,2.5725785144956484e+27,8.199352715531819e+26,2.2018343887012202e+27,6.552477080782029e+26,2.9527882049006403e+27,-3.0033680325781426e+26,4.7940497740399634e+27,-3.497914846571046e+26,-2.7591021424792173e+26,-6.09100835280427e+26,-2.6135835875785475e+26,1.7234109765094648e+27,2.49475296908882e+27,1.1056918989292174e+27,1.481524333604215e+27,-5.63814723061239e+25,1.386440635085482e+26,-3.403815817237189e+26,-1.3871297218253766e+26,-7.360193057420364e+25,-1.2943830260262907e+25,-2.9176144495407844e+26,1.4215847500508149e+26,7.930568475551775e+26,4.615168333980261e+26,1.0386438872644742e+27,1.6000863089510588e+27,2.9048103472074856e+25,-5.119075903304812e+26,-4.9406533048260465e+26,-3.958846165375276e+26,-1.4880089093839857e+26,1.91102131261163e+26
-3.716839406003659e+26,-8.340615897925258e+26,-4.6528360929081746e+26,-1.7765977070802098e+27,-2.5783170206070183e+26,7.659887929022409e+26,8.904583252557863e+26,9.381732050631416e+26,1.5809595659452225e+27,8.927235350875064e+26,-4.028068672409797e+26,5.8455104043563786e+26,1.4286252531299932e+27,1.3004276262256851e+27,2.3899488105828984e+27,1.5868324413171104e+27,-4.360306066834334e+26,6.192655691353249e+26,1.0358759523457605e+27,-9.510301063286971e+26,1.751544859868681e+27,6.438160592613314e+26,6.946010803648776e+26,2.1366418158364755e+26,-1.928097417136025e+26,7.358849885479646e+26,-5.1910839405512775e+26,-2.3300685820673173e+27,2.1365911038577086e+27,8.963702770253364e+26,-4.022132867334112e+26,-2.1743146777645415e+27,2.463846784961186e+27,-3.1562232724385e+27,-6.819669292160392e+27,-2.1700589383391937e+27,-2.070814768339096e+27,4.917937406166031e+27,2.3727179914478268e+27,-2.0977608588260677e+27,-3.0389847238907716e+27,-1.0752415684923582e+27,-1.4188277703434684e+27,-3.6014470639562554e+26,-2.897065436147421e+26,2.190467339388199e+24,-1.190039180003831e+26,-1.800045704316013e+26,-1.9641123239514454e+26,-3.0660702316294102e+26,4.321530885333098e+26,9.365738363957591e+26,3.0244637990514925e+26,-7.3827533707878915e+25,-6.65262580795573e+25,6.808954708722605e+26,2.965898820720728e+26,-3.918748768311483e+25,5.120604021972218e+26,-1.2498196081957102e+27,4.3559293954851356e+26,-5.1879921514294796e+25,-2.5599121470656114e+26,-1.9911507812425395e+26,7.41188308055926e+26,-1.3572078468922484e+27,-1.1445286714172376e+27,4.2809937847898774e+25,4.7612033093329736e+24,7.1055240867693244e+25,-3.1620987917725175e+26,1.6960343350581936e+26,-3.328266102798849e+26,-1.379289368576443e+27,-1.5115603501792742e+27,8.241993316601175e+26,-1.5160362461291056e+27,-1.441295924252377e+26,-5.981632278215052e+27,-7.503788888122227e+26,-5.888973054809956e+27,-7.378672896257092e+26,2.0525172595971595e+27,-1.1927924947927947e+27,3.7275732764608657e+27,-2.435251534237079e+26,6.15132218629691e+27,-3.0033680325781426e+26,1.20147801582766e+28,-8.752113510938769e+26,-5.157349358558125e+26,-5.576352778876959e+26,-4.516900152367893e+26,-5.271933265936301e+26,5.20016288172931e+26,-3.2759410396633104e+27,-1.3988624476012208e+27,-2.4378055274545979e+27,1.3432623914501627e+24,-1.4835420792772488e+27,-5.1213456220579795e+26,-3.585022896761845e+26,3.9086819918535216e+26,-7.535339423408155e+26,-2.2399344687879857e+27,-1.9553391215040745e+27,7.132070320225186e+26,-1.4633943228379686e+27,-4.2990975129928026e+27,-2.3040430999759555e+27,-2.110965285586631e+27,-1.8961716612266413e+27,-1.416813159472857e+27,-1.8165114051279654e+27,-2.622379248860382e+27,-3.4566774235352443e+27
1.4655382517348197e+27,4.343502038960448e+26,-3.163532770982517e+26,1.0506274557388284e+27,1.5287260663098868e+26,1.0757413621804601e+27,3.382781783233746e+26,4.883097903730407e+26,7.710275144668812e+26,5.49179873651788e+26,8.749970559377691e+26,-1.4606869003534335e+26,3.430630717471786e+25,6.277429053319108e+26,1.362403655321595e+27,6.680218519709937e+26,7.513782441921747e+26,8.034263534581394e+26,8.07604515978233e+26,9.607303020446438e+26,-1.5988609013813166e+27,-1.2278836557125589e+27,-1.6591571724648092e+27,1.300578682203769e+27,-3.52718073974698e+27,-2.028230831766013e+27,-3.3202218413302754e+27,2.6097206312915915e+27,2.1343174540543973e+27,1.6194666412568255e+27,-1.5272516424583988e+27,1.9497079111989815e+26,5.134055475022695e+24,1.8425970601490313e+26,2.5851600746899152e+26,2.3462395675382172e+27,7.54361218242459e+26,-4.5599983955568384e+27,1.6543824539859307e+27,2.8793120502735396e+27,3.732201665507256e+27,1.3543285175833457e+27,1.5419372036563107e+27,4.9108649035832784e+26,3.617720394843754e+25,8.758201738836985e+26,7.298977057583296e+26,1.3556512587282195e+27,8.118450356752035e+26,8.128877619822923e+26,2.3412069481148464e+26,-3.669795347887412e+26,-1.0916070440206527e+27,2.2518372083993975e+27,1.3627235158116683e+27,-4.96559365121918e+26,1.0825847375907811e+27,-1.1800964323806296e+27,4.100244941458301e+26,8.439448801571574e+26,-9.451894894934896e+26,-7.524035990214902e+26,-1.252380560026832e+27,-3.792903886767152e+27,-1.695117825758091e+27,-3.852335403774456e+27,-3.306389854357101e+26,3.16097395268682e+27,1.6807297088302198e+27,-1.327788148176823e+27,-1.272593533438738e+26,4.467881170392711e+26,3.7091410838667816e+26,7.722728773744341e+26,2.509096303623756e+27,1.1274630669415057e+27,-7.69564844380058e+26,2.5949811204689293e+27,2.557136235134516e+27,2.179201214112052e+27,-6.797194464082033e+26,1.60785013915934e+27,3.0891048486599914e+27,4.877027932599156e+27,1.9706329802617867e+27,3.676373346119744e+27,2.1936178903686e+27,4.7940497740399634e+27,-8.752113510938769e+26,1.2480801795126402e+28,-1.3539562106006354e+26,-1.0265871269145986e+27,-9.718178749964235e+26,-9.400800920883968e+26,8.469451962868251e+27,-2.9515301165660564e+26,5.953904027578248e+27,-8.804932478434083e+26,1.7076775921000902e+27,-1.6884452795656953e+27,-2.005664523712865e+26,-6.631701368943496e+26,7.694951271424986e+26,-9.717275879296528e+26,-2.3412897788987825e+27,-1.7772103372885305e+27,3.296378565565483e+27,-8.409709723625531e+26,-5.367735185193521e+27,-7.097387340794942e+27,-6.241703210036553e+27,-3.4896982689803216e+27,-2.1529951255506493e+27,-2.1030127103220086e+27,-2.7969201851535976e+27,-3.7805346134423207e+27
-4.724080906109383e+25,-7.17331063819193e+26,6.905745715513783e+23,7.456482444958368e+25,-1.224121358623953e+25,1.653997931329203e+26,-7.309253572296292e+25,-6.38434953557945e+25,-5.427278337420097e+25,-1.219569691314058e+25,-8.866642034706837e+25,6.124469196032384e+25,-2.0653906653642473e+26,-2.096096240836318e+26,-2.5345121562153832e+26,-3.4422455552901635e+26,-3.0198419792126434e+26,-5.194684763705417e+26,-4.6936677021162324e+26,-3.7664268790500035e+26,1.6058587053053476e+26,-1.618756933174872e+25,-3.805632490541846e+26,-8.252601075542854e+26,-5.561872606253719e+26,-2.8617304022988512e+26,-1.3327623028794528e+27,1.7462363140472826e+27,-5.772211641369742e+26,-3.976832979157807e+26,2.195818373246468e+26,4.061052113298605e+26,2.069035293868811e+26,-2.5258663010729828e+26,7.717989494102043e+26,7.821716870110049e+25,-1.778814322391925e+26,-7.882098938473705e+26,2.612510504516634e+25,2.6731465265846415e+26,5.920637220018651e+26,1.7346337709485694e+26,1.4260288423216001e+26,8.873538325057576e+25,1.1008217510441605e+26,-1.026573743990808e+26,-1.0346537021459838e+26,-1.2858134758809821e+26,-9.123234069206459e+25,-1.3401260304770473e+26,7.142461847856921e+25,4.0585126839509695e+25,-5.044981884646857e+25,-1.346701785375986e+26,6.08341485166239e+25,6.595712946069539e+25,-2.5881094750608324e+24,3.4392493423825326e+25,-3.880573267984347e+25,-1.0009707178444882e+26,-2.0893544955390484e+26,-6.961679478455845e+25,-2.3569838212067845e+25,-2.2142734268132657e+26,-3.468981491318439e+26,2.4541020762120937e+26,4.533590363295036e+26,-1.6721833101885963e+26,-1.0337623703304604e+26,7.139266456637505e+25,9.728269418315017e+25,-1.315472224288438e+26,1.2153702112776962e+26,4.568270129346196e+26,-7.336512899720831e+25,1.8010658832334414e+26,-3.045814708772939e+26,-2.407402771330202e+26,8.081362392312083e+26,7.687711660056064e+25,-2.9810707303534567e+26,1.7480673582751855e+26,3.1918902594250255e+26,-1.82574059173633e+26,1.787956287006358e+26,-3.0251669533960257e+26,4.274244441898087e+26,-3.497914846571046e+26,-5.157349358558125e+26,-1.3539562106006354e+26,1.4774790913165812e+27,3.319601006186628e+26,1.0717063225692302e+27,3.500196138438378e+26,2.034981564727495e+27,9.278924195040013e+26,2.580278513896965e+27,8.28761244351639e+26,1.9757337855470497e+27,6.469128583792622e+26,1.330997940962719e+27,3.120673805263536e+26,1.4139789844728372e+27,5.2417586570389524e+26,-6.386470933307991e+26,5.367481395356569e+26,1.5248590383172583e+27,6.990640967477463e+26,-5.707020511809995e+25,-5.535216366723518e+26,-4.583512893008231e+26,8.861693236102422e+24,1.8656390324988627e+26,2.9900418823115417e+26,2.2230723907160334e+26,1.116278516165338e+26
-5.387126166724969e+25,2.5338183299202208e+26,6.885690758510094e+24,8.582610473247682e+23,-4.649890399212703e+25,-1.8937794693658738e+26,-6.006710586285537e+25,-7.358132918272273e+25,-1.2337376046023387e+26,-9.969947171447499e+25,-1.8837575197633957e+25,-7.736365318468931e+25,-6.5984128967703e+25,-2.776839555868887e+25,-1.6496310021527016e+26,-3.800454044568685e+25,4.043163080621537e+25,-1.627993204011449e+25,-5.305110726221434e+25,-9.439673741408671e+24,-1.562035533361401e+26,6.353109304898739e+25,-5.967905957831611e+24,-2.254439745874968e+26,-1.2763178222134373e+26,-9.165320293490314e+25,-2.379921802577857e+26,1.1285946993998556e+26,-2.130022921367845e+26,-1.473203940215958e+26,1.561042374445782e+26,3.9618638787066895e+25,-1.1164596845434698e+26,1.174797456921855e+26,3.507138109752234e+26,-1.1093014329161392e+26,2.0881309902115484e+26,-3.987579242784375e+26,-2.437246494788083e+26,-1.7415472605921674e+26,-3.0851945253447144e+26,-6.525904228653421e+25,-4.812698702478037e+25,-9.427750678841527e+24,-4.182251102028792e+24,7.919271233383939e+23,-4.028727314954564e+23,-3.682175026008398e+25,-2.883226753203329e+25,-5.520121335880042e+24,-5.787348270093134e+25,-9.16783527287227e+25,4.6549802774794475e+25,-1.757487555159011e+26,-1.171446668306588e+26,-9.722386385080452e+25,-1.7623153732455286e+26,1.3145376666725662e+26,-2.040925445112381e+26,2.232821451968515e+26,-2.0782005731052386e+26,3.1446191471756857e+25,9.374571363997038e+25,5.487990587812372e+25,-2.8684093556304844e+26,7.272027933420563e+26,6.869783397029321e+26,-3.25167851857651e+26,-1.82094492089214e+26,1.2651819152134244e+26,1.759818981407768e+26,1.5871458533709286e+25,-1.4236406886762208e+26,1.9741408375182395e+26,-7.114134972148309e+25,-2.1226413186767116e+26,5.6999397870071015e+26,-1.3868740192634158e+26,7.929555348631304e+25,-5.054800202580788e+24,3.594099502088737e+26,-1.7726461808254623e+26,-5.086324164346222e+26,-2.633257131038839e+26,-3.789997234186638e+26,-2.033775139102945e+26,-5.556041242318513e+26,-2.7591021424792173e+26,-5.576352778876959e+26,-1.0265871269145986e+27,3.319601006186628e+26,5.175220021096327e+26,4.066588011545821e+26,4.977861401156329e+26,-4.4626733814662125e+26,1.420837238649324e+27,1.3695065243472668e+26,1.291279775494607e+27,4.447709430690274e+26,1.0093084868653689e+27,3.6835534652194994e+26,4.525721181749243e+26,3.869930151622013e+26,6.481180624662225e+26,7.35347343857606e+25,7.704151711699707e+26,-5.011558364677894e+25,8.703159822188208e+26,1.5979829195542384e+27,1.7430534149331083e+27,1.1230872481574056e+27,3.917859173872391e+26,1.7898646156043117e+26,2.9726491029619403e+26,5.8306082917845995e+26,9.906482048929659e+26
-7.545350540692014e+25,-2.2832566600117723e+26,-6.571486379631195e+24,-1.964462757418364e+25,-6.6884216123096746e+25,-1.544367020446861e+26,-7.151553224138755e+25,-1.0185572680098805e+26,-1.6167785793998107e+26,-1.1471058377953146e+26,-1.2276001189769045e+26,2.724254341916849e+25,-1.4329888936782613e+26,-1.4992452454579219e+26,-3.105470358865791e+26,-2.201476627284101e+26,-1.716790075775333e+26,-2.800772476540111e+26,-2.8038048547242918e+26,-2.4260631316586137e+26,1.248761282339764e+26,3.5863383146998417e+25,-1.6617191819859295e+26,-6.997903025030751e+26,-3.415935968893866e+26,-2.1072749711599064e+26,-8.763230828178942e+26,8.228682086642129e+26,-5.1845551569640436e+26,-3.600640087398973e+26,2.855972323479981e+26,1.614886062402887e+26,-2.6737836351988784e+25,4.306269971640643e+25,6.151523889320892e+26,-1.661906308554484e+26,-7.566033664840911e+25,-4.094289985329261e+26,-2.6644324831939547e+26,-1.870650143918633e+25,1.4059825752486407e+26,2.715993878937743e+25,-2.03426053073983e+25,3.810506675703669e+25,9.820207869810672e+25,-1.0179447801682042e+26,-1.1058813119474101e+26,-1.7082648258678847e+26,-1.2893409154787055e+26,-1.574138745998151e+26,2.682356574965968e+25,1.2961368835387366e+25,1.616510694064309e+25,-2.4121671805825862e+26,-2.354914824541715e+25,4.579355706404487e+25,-6.434983575427583e+25,8.763318095444483e+25,-7.257951121127216e+25,-6.224099131633792e+25,-1.842320541281076e+26,-2.913845227733859e+25,4.182464733958603e+25,-2.2026416777496513e+25,-3.0687036102668863e+26,5.291784930200319e+26,4.9325704930545894e+26,-3.335238278996644e+26,-1.9135659969111895e+26,1.4093945045471927e+26,1.181424754873115e+26,-1.5168678332798813e+26,5.901533144572881e+25,3.7131153667931206e+26,-2.639100637401297e+26,2.0136474807147145e+25,-6.064819075272805e+25,-3.688402859603403e+26,2.9257759151144595e+26,-5.954329131794562e+25,1.8420266312481847e+26,1.3558780178635515e+25,-2.5262894879804066e+26,-4.885273796130033e+26,-2.8038730953115276e+26,-4.8957974462610055e+26,-2.4837851096916752e+26,-6.09100835280427e+26,-4.516900152367893e+26,-9.718178749964235e+26,1.0717063225692302e+27,4.066588011545821e+26,1.0192003352679555e+27,4.266316616499705e+26,6.604869049069596e+26,1.0348837939408852e+27,1.339885281059671e+27,9.352491056645123e+26,1.423668277856599e+27,7.84010382296463e+26,1.0207767532091924e+27,3.6447079131543716e+26,1.1012220192795931e+27,5.800550011304791e+26,-4.182962563198495e+26,5.998586418214963e+26,7.074043483405227e+26,7.479791119815681e+26,6.817178349489315e+26,5.537495899776175e+26,3.0328441713111037e+26,2.7059860666662485e+26,2.9154986601618945e+26,3.694682555404801e+26,3.800853954469874e+26,4.653929253365054e+26
-7.272715769778017e+25,1.941567888095632e+26,9.57700349591666e+24,1.460312110044217e+25,-4.9415113545225085e+25,-1.9103444139187547e+26,-5.1369097706675e+25,-6.9004850585685905e+25,-1.1614457020301186e+26,-1.0182952635405767e+26,-1.3271045475772012e+25,-6.652558410011604e+25,-4.892777658843397e+25,-1.545665619539636e+24,-1.4101959273799847e+26,-3.7256822898968667e+24,6.342057605956972e+25,1.815751701763308e+25,-2.798381982271918e+25,7.602545577551204e+24,-1.7973403571896696e+26,-1.7493213052446674e+24,-4.574260758205985e+25,-2.199904874506112e+26,-1.5455207920821129e+26,-1.8196189954312624e+26,-1.9250968805164032e+26,1.1495882078387874e+26,-1.796707470614507e+26,-1.293022807987273e+26,1.419632186237978e+26,3.1709713918517036e+25,-1.1094833213706824e+26,1.1592732778457322e+26,3.299739343328113e+26,-9.662739074665853e+25,1.952981596843781e+26,-3.7697575051322026e+26,-2.3204807453595625e+26,-1.5307497052519925e+26,-2.7119958643430086e+26,-3.952286245498042e+25,-2.8259134713313673e+25,8.464153049372429e+24,1.8216886806912639e+25,1.572711333517646e+25,5.99392422772225e+24,-1.9052530631098735e+25,-2.7602950649035565e+25,-7.561686963351726e+24,-3.5559552915912028e+25,-7.131231044217343e+25,2.3816598424520464e+25,-1.3560410888670323e+26,-8.818130929714758e+25,-7.751288118859142e+25,-1.51970772463328e+26,1.1194856663089554e+26,-1.728731713044029e+26,2.3183237246721417e+26,-1.6440053853547702e+26,8.488704243413079e+25,1.1298235326927978e+26,9.478930514021445e+25,-3.0427801614987937e+26,8.236611672915533e+26,5.379866337384739e+26,-2.760823056704207e+26,-1.5356042513204761e+26,1.3393170293964967e+26,8.192904339331837e+25,-3.1330157212943253e+24,-1.670578537590963e+26,8.261945982697117e+24,-6.378871615996829e+25,-1.6247693588543213e+26,5.982263094813381e+26,-1.191063324688998e+26,6.674296227863867e+25,-1.1941301339866e+26,3.4216947365566206e+26,-2.493245884043601e+26,-4.8246572269753265e+26,-2.38984299468954e+26,-3.62004625357725e+26,-1.8079671412957594e+26,-5.327440854625415e+26,-2.6135835875785475e+26,-5.271933265936301e+26,-9.400800920883968e+26,3.500196138438378e+26,4.977861401156329e+26,4.266316616499705e+26,5.2975369449712114e+26,-5.7423259137902186e+26,1.279512731152644e+27,5.700440426979742e+25,1.1970405364183776e+27,4.064156574737975e+26,1.0549080119927046e+27,3.850580559802825e+26,4.599972767629312e+26,3.629721131140497e+26,7.54427482686447e+26,2.3291036772727236e+26,9.775652745288571e+26,-9.143866115387437e+25,7.634952192035135e+26,1.7619634772398277e+27,1.8150056502825132e+27,1.3046596592634732e+27,5.916337135274382e+26,3.269413945836956e+26,4.807232895376532e+26,8.176608746865972e+26,1.2238989764391756e+27
4.3038830009583095e+26,-3.6026390514944227e+27,1.1773058088302085e+26,9.342564397681215e+26,4.295096608757787e+26,1.870305196182403e+27,1.5755334998537986e+26,3.760031870108952e+26,7.624272086116522e+26,7.150121663297301e+26,5.3067741482525416e+26,7.200890984031897e+26,-5.8087112695443366e+26,-3.950393829206134e+26,7.302098334251643e+26,-6.90619599424596e+26,-1.3626038022418297e+27,-1.191331083952407e+27,-5.759976929095051e+26,-8.297602950977525e+26,1.717888132879769e+27,9.235417823388925e+26,-9.607664140738009e+26,-3.0339568986171864e+26,-4.14980778276921e+27,9.985678119444023e+25,-7.540278202333445e+27,5.634320631021617e+27,6.8301674883906e+26,7.012865568052057e+26,-1.2976027767895548e+27,8.253789959200495e+26,8.907747768308708e+26,-6.279015215258041e+26,1.0711632809127369e+27,2.677633726460889e+27,-1.8311679384497732e+27,-2.757299788193889e+27,1.9656346995422098e+27,2.7500987351812785e+27,4.9096315746999675e+27,1.3903380749849387e+27,1.41226194477e+27,5.692909327594338e+26,4.334603222866234e+26,1.2334307624312482e+26,-9.418657534583095e+24,2.6493790011300615e+26,1.0992554650756007e+26,8.562277537294626e+25,9.118992750566183e+26,7.823096409630767e+26,-1.0426564625290817e+27,9.460478628056251e+26,1.4376991260365952e+27,1.0104316176456244e+27,1.1220520905434098e+27,-6.819501786320168e+26,5.900108896863159e+26,-2.0552285959975456e+27,-9.315659538020963e+26,-9.472999147312373e+26,-1.1513908592731333e+27,-3.6239356319016677e+27,-7.716054401983612e+26,-4.6506911107411994e+27,3.7761061461729437e+25,1.6095022500136966e+27,7.638062322014916e+26,-6.93001771617389e+26,2.0201715556522792e+26,-2.7439012332233028e+26,9.298157538267731e+26,1.7633608559244963e+27,1.539535020553174e+27,2.744925258986688e+27,-5.171248825523564e+27,6.73219651587205e+26,3.508532240591685e+27,1.6203711692116944e+27,-2.365506912996019e+27,1.824563332572427e+27,5.299949648763686e+27,2.5679943481165397e+27,3.145711824342335e+27,1.1542998995650233e+27,4.74351515914756e+27,1.7234109765094648e+27,5.20016288172931e+26,8.469451962868251e+27,2.034981564727495e+27,-4.4626733814662125e+26,6.604869049069596e+26,-5.7423259137902186e+26,1.8374463874922038e+28,-2.59248133242507e+27,1.318375107569677e+28,-2.042728527851638e+27,6.822933586252344e+27,-2.1276715386899454e+27,1.72550665556368e+27,-2.4095939813334405e+26,4.1698883535994285e+27,-1.3289705529361906e+27,-7.007347243697248e+27,-4.416996839019032e+27,7.306011610033067e+27,-1.0445594488018869e+26,-1.3959159684596257e+28,-1.728931017812928e+28,-1.307750415226244e+28,-7.223055883634236e+27,-4.3423832256422585e+27,-4.7167839692333787e+27,-7.037354667527421e+27,-9.612278584387447e+27
2.188992081253127e+27,6.212077685549444e+27,-7.66194647495947e+26,-4.529665240646375e+26,-2.5499440467646637e+26,-3.5697985963082964e+26,-2.7439285188671677e+25,6.150367115966469e+25,-5.320070327102099e+25,6.151253732427245e+23,1.540967083362557e+26,-1.1032608901056749e+27,-2.0067354251963572e+26,3.546277723240137e+26,2.5412793491823326e+25,3.6121116630596455e+26,1.1534317910171244e+27,7.626187470937386e+26,4.153580191271149e+26,1.0633014671600378e+27,-2.9191779827290285e+27,-1.343108687494722e+27,-1.2163842041507435e+27,1.1498115926339725e+26,-1.5286402294170767e+27,-2.2252117088417954e+27,-2.9376188072275066e+26,9.606957791163193e+26,3.782551174811667e+26,2.7566136093324888e+26,-3.038493976257986e+23,3.222164242065553e+26,-4.5182028576208326e+26,5.22491512145279e+26,1.8541796652285198e+27,-9.281469275972075e+26,3.0284756073899953e+27,-4.6762386445125436e+27,-2.2627412189654356e+26,3.659120030490153e+25,-1.8943508627227507e+27,-6.80683004905866e+26,-4.0327996230300765e+26,-5.987119272067881e+26,-1.1303913820618498e+27,5.852510668361146e+25,3.248490067884468e+26,2.028000948550205e+26,5.755875234300608e+26,6.93921896973305e+26,-1.2624671625368312e+27,-1.5021786103260262e+27,8.389900747869502e+26,-3.511317124657632e+26,-1.380333160159227e+27,-1.6016530050873806e+27,-1.3017734601608226e+27,6.206440949252206e+26,-1.1224815482980785e+27,3.011197425395509e+27,-1.0250553585459883e+27,-7.2278596469793536e+25,-3.6827944913029025e+26,-1.340706070799354e+27,-2.0851409380696053e+27,1.9609523559092356e+27,4.934002359652293e+27,-4.7858696522942585e+26,-1.1847982339291916e+26,-5.191466888377805e+26,1.7023991628803342e+27,1.367874578155506e+27,2.890418875353376e+26,4.5044425754150283e+27,6.478684461052358e+26,-3.267841821358486e+27,5.670290316270684e+27,1.1477743338153578e+27,1.5095855585164483e+27,3.758264924307376e+27,1.9461690009517898e+27,2.0209383743964105e+27,-2.7256264207053097e+27,1.273054779670559e+27,-1.0949735092579175e+27,1.582733731038726e+27,-2.5078507739893526e+27,2.49475296908882e+27,-3.2759410396633104e+27,-2.9515301165660564e+26,9.278924195040013e+26,1.420837238649324e+27,1.0348837939408852e+27,1.279512731152644e+27,-2.59248133242507e+27,1.2836945395961704e+28,2.4146431007265804e+26,9.297998549022138e+27,7.983228948381089e+26,4.510424225887109e+27,1.301281431178431e+27,1.3523784256613286e+27,1.259429532779531e+27,2.571643714069619e+27,1.0469055599811707e+27,4.155535653231083e+27,8.664868308355265e+25,5.437070816754563e+27,1.2743555328173726e+28,1.5650433024860263e+28,7.814993740925561e+27,2.3177808947055693e+27,9.271797816911505e+26,1.6500566491665306e+27,3.6787754891318587e+27,6.713184291760027e+27
4.147943312918029e+26,-2.631866137878861e+27,8.24213506958914e+25,8.688697327367021e+26,2.65261955784017e+26,1.3371134119171916e+27,-1.7826605178587405e+25,1.3528343750593599e+26,3.702529803886764e+26,4.2597939080337156e+26,3.0343514234443916e+26,4.5821860298440035e+26,-6.369329206020942e+26,-5.1971526215580374e+26,1.1149447128656238e+26,-8.419696013843658e+26,-1.037926074304451e+27,-1.2059383932557372e+27,-7.828280676835407e+26,-5.7689604096679834e+26,9.582289643476209e+26,4.475699298499713e+26,-1.2129472276819498e+27,-6.982915213565548e+26,-3.60703081538158e+27,-4.632722101670376e+26,-6.423244245725252e+27,5.667936021691222e+27,-1.1084648187127919e+26,1.8272027546276046e+26,-7.30756039664301e+26,1.2237217554644732e+27,3.829330762896961e+26,-1.690696319390658e+26,2.3758727373909363e+27,2.0309371458010906e+27,-1.086272158611609e+27,-3.436304290009318e+27,1.1767658872080616e+27,2.3451979153567848e+27,4.1467401012846726e+27,1.174109997617946e+27,1.195119662362092e+27,4.659352289038094e+26,3.7112515395800326e+26,1.3869632629886153e+25,-4.32919376252456e+25,1.3792103517235885e+26,6.305241823033527e+25,2.4826240161146564e+24,5.822944009672707e+26,4.289239102941511e+26,-7.014937412971944e+26,5.509969171965745e+26,9.846295977431845e+26,6.274873271635683e+26,6.891333917206349e+26,-4.107197080586249e+26,2.7230187150969682e+26,-1.1814240815668446e+27,-9.824316103918774e+26,-7.615941646895508e+26,-8.490785979475711e+26,-2.9206150602171613e+27,-1.1136331034581974e+27,-2.8568389708513926e+27,8.665579514890512e+26,9.733038622989967e+26,4.552565883072471e+26,-4.836859846880751e+26,3.5587560905262644e+26,-2.377673042517412e+26,7.990121769062647e+26,2.0525634235003165e+27,1.1491899852320545e+27,1.8202289158418776e+27,-3.2932135611124806e+27,3.809386225653557e+26,3.92790429206519e+27,1.4018533654890263e+27,-1.0428951482704567e+27,1.6111052919080542e+27,3.6638899154016545e+27,1.832051084027966e+27,1.9582813182774333e+27,6.979895968581817e+26,2.918788119560062e+27,1.1056918989292174e+27,-1.3988624476012208e+27,5.953904027578248e+27,2.580278513896965e+27,1.3695065243472668e+26,1.339885281059671e+27,5.700440426979742e+25,1.318375107569677e+28,2.4146431007265804e+26,1.1548492103649077e+28,1.8057775916863146e+26,6.380735750370273e+27,-4.741089320437826e+26,2.29458188131426e+27,2.4578634762987515e+26,3.9874923070884204e+27,-1.934489377068726e+26,-4.968252182400716e+27,-2.0610092587250346e+27,6.100344028347179e+27,1.0665711200641593e+27,-8.304380381679145e+27,-1.1186625994105167e+28,-8.84925462551053e+27,-4.7810765895553353e+27,-2.739861889463297e+27,-2.7588395196507264e+27,-4.1478672285066093e+27,-5.671700008804562e+27
1.1942173902444184e+27,3.9321045207389695e+27,-3.7965902648363225e+26,-2.488077374114961e+26,-1.2179196357167472e+26,-2.642291034999351e+26,-2.607191116117709e+25,1.900766963542372e+25,-7.797273459651112e+25,-3.6011009156432097e+25,1.7681294436954346e+26,-7.240963672237688e+26,-1.6234954650130936e+26,2.2508894941409686e+26,-4.484107429615085e+25,2.1591254000163013e+26,7.768477248030408e+26,4.684612457191417e+26,2.266098463692429e+26,6.437527621218584e+26,-2.019383786514655e+27,-8.411470825259046e+26,-7.796722081152628e+26,-1.1103821538889578e+26,-1.0339314175991507e+27,-1.5420974661149022e+27,-2.8729897917592792e+26,6.818069705356232e+26,1.43501554538486e+26,9.926881433312318e+25,8.616270929306743e+25,1.8364172953616375e+26,-3.0300438662768204e+26,3.0588507904085208e+26,1.2572148620928308e+27,-5.120834231183399e+26,2.055097983140251e+27,-3.2359798161586126e+27,-2.2866148958249993e+26,-2.076242573780578e+26,-1.6019549265968704e+27,-5.2208209951247066e+26,-3.07428986207301e+26,-3.9968201726241075e+26,-7.532444686928683e+26,1.1035546056030249e+26,2.4856784543100256e+26,1.5226230670799107e+26,3.603418427195046e+26,4.809463561477076e+26,-7.853890515969014e+26,-1.0010646577050094e+27,5.668731441847413e+26,-3.26157840162571e+26,-9.875475742604543e+26,-1.132770580450259e+27,-1.0088941778118221e+27,5.1715289128444355e+26,-9.13312760192866e+26,2.1706838191471876e+27,-7.556363636670411e+26,6.313424871092679e+25,-1.48109527313788e+26,-7.390454049019185e+26,-1.5508714660132505e+27,1.945562559661381e+27,3.6868726726397645e+27,-5.300158335759608e+26,-1.9764277542285102e+26,-2.57612902698935e+26,1.2260088415758282e+27,9.49364928138967e+26,-2.6497658953217805e+25,2.8749801173159014e+27,4.2547128790021145e+26,-2.1696764178382078e+27,4.229941827122106e+27,7.033779401905814e+26,9.592230475331511e+26,2.3510251154375044e+27,1.3294469379908888e+27,1.0071110267814765e+27,-1.9086553440514217e+27,6.604263350909941e+26,-8.408913634808348e+26,9.466501931052666e+26,-1.851625634643059e+27,1.481524333604215e+27,-2.4378055274545979e+27,-8.804932478434083e+26,8.28761244351639e+26,1.291279775494607e+27,9.352491056645123e+26,1.1970405364183776e+27,-2.042728527851638e+27,9.297998549022138e+27,1.8057775916863146e+26,6.997052102916591e+27,7.759417153443583e+26,3.7495217714082215e+27,1.0659774705828343e+27,1.2084824232656991e+27,1.0473641142398185e+27,2.1848022248445408e+27,7.786721213278918e+26,3.3449996518354397e+27,3.7172697430369297e+25,4.146457650310982e+27,9.505212450936289e+27,1.1444795579545346e+28,6.100578660811657e+27,1.955537758125515e+27,8.239396717491635e+26,1.3614506230328178e+27,2.917188154695995e+27,5.196263010482044e+27
1.0318136667651288e+26,-1.376562391679681e+27,-1.3814864795483238e+24,2.7086605982844407e+26,2.69894877337579e+25,4.5928618615713104e+26,-4.34118731319741e+25,2.0624092577586213e+24,9.395316028615652e+25,1.1599661049084093e+26,6.799129951407377e+24,2.3287927235125317e+26,-3.245094838817275e+26,-2.9476867282972122e+26,-5.371213470085016e+25,-4.644995760002197e+26,-6.793318911079914e+26,-7.456868660044911e+26,-5.054183236931463e+26,-6.45269655509226e+26,7.722486778910804e+26,4.9660558772418334e+26,-4.472286473399397e+26,-8.783710113086905e+26,-1.9920421563813238e+27,-1.5704919939163854e+26,-3.903699360044044e+27,2.9394468464753947e+27,-3.2645970253615476e+26,-1.6580885729659456e+26,-9.729564074985056e+25,4.165154032810747e+26,3.121145823852677e+26,-2.460205835694098e+26,9.469638984475794e+26,6.252483021191951e+26,-6.852957749477833e+26,-1.3925230323149314e+27,4.119695008697138e+26,8.786017315941394e+26,1.7433025322477723e+27,4.683196130341749e+26,4.2475762438163105e+26,2.113310965312668e+26,2.2259309114851592e+26,-8.04348184459616e+25,-1.1457955173079333e+26,-9.428450466817969e+25,-8.934356066300402e+25,-1.4096817327341094e+26,2.781832090661206e+26,2.418892568911259e+26,-2.6933084227572814e+26,1.5650932919304049e+25,3.921552198858487e+26,3.6449855180817124e+26,2.475014442673309e+26,-9.461020141294798e+25,6.332763752189484e+25,-7.244651658064911e+26,-6.268558558473726e+26,-3.989948393516531e+26,-3.7408202018702135e+26,-1.4147249232240534e+27,-7.125773509027803e+26,-9.875982632285452e+26,8.515150558205374e+26,1.1968281023991495e+26,2.174301985524612e+25,-9.06742370378186e+25,2.9299910445187255e+26,-2.1444511694387098e+26,3.812208806459197e+26,1.2309368564086795e+27,2.051549652969857e+26,8.396499580960971e+26,-1.702689724887263e+27,-1.591751109873464e+26,1.377438191759272e+27,5.6932123016205565e+26,-7.452800581570877e+26,6.924031686119787e+26,1.4442312927074114e+27,3.161033829420456e+26,8.19096966731893e+26,-1.2988691777408832e+26,1.4729978475723553e+27,-5.63814723061239e+25,1.3432623914501627e+24,1.7076775921000902e+27,1.9757337855470497e+27,4.447709430690274e+26,1.423668277856599e+27,4.064156574737975e+26,6.822933586252344e+27,7.983228948381089e+26,6.380735750370273e+27,7.759417153443583e+26,4.260409464640195e+27,3.824643229041233e+26,1.8351223869164374e+27,4.580670269035356e+26,2.907240125890493e+27,3.433668312256374e+26,-3.1287381282563415e+27,-7.779902371974367e+26,3.5064940362256687e+27,1.123676044713429e+27,-3.848869241506977e+27,-5.020194694526617e+27,-4.194293988294765e+27,-2.414809238865494e+27,-1.3740206707671053e+27,-1.3805193108640826e+27,-2.121989473156007e+27,-2.805248478850503e+27
1.2369235797630082e+26,1.349187944268949e+27,-2.3849232181026955e+25,-4.529023162149756e+25,-4.909613333165563e+25,-2.8375083806125753e+26,-4.861043703673472e+25,-6.509274221712226e+25,-1.536278634556981e+26,-1.2945219829793477e+26,8.974123984976636e+25,-2.9186071863282692e+26,-8.319869732516338e+25,9.561883354427455e+25,-1.7085542112279826e+26,8.908676839680907e+25,3.772852388742491e+26,1.8793871942662325e+26,3.961030112328752e+25,2.2356907214771237e+26,-9.809185437376296e+26,-3.706310256968414e+26,-3.121013399138437e+26,-3.41883268297786e+26,-2.74179080224702e+26,-8.031520416623483e+26,1.0237515503288084e+26,2.0893842181438023e+26,-1.69381648434304e+26,-1.3233441302464778e+26,2.1633007821770015e+26,6.932827368467332e+25,-2.070177845239508e+26,1.6967535722768638e+26,6.766075105958998e+26,-2.2638201888068327e+26,9.133294370987967e+26,-1.3919645944946657e+27,-3.42443692209787e+26,-4.0498221564917266e+26,-1.0958770900172092e+27,-2.6616596110941363e+26,-1.6827861685185e+26,-1.271203115241949e+26,-2.3149479177471774e+26,1.0481116609529075e+26,1.1340070417306334e+26,5.566912794207857e+25,8.109455850124801e+25,1.6354892932185653e+26,-2.539408447270701e+26,-3.946090268840652e+26,2.2167937865215792e+26,-2.6521467890796254e+26,-4.663114438738316e+26,-5.1221496117927213e+26,-5.730695507885678e+26,3.369181993983956e+26,-5.4990429164794634e+26,1.1308068331159382e+27,-3.208473393296494e+26,2.8006877422951325e+26,1.887013910415996e+26,1.791126623748459e+26,-8.285611313777534e+26,2.0310300535782817e+27,1.7331146723837163e+27,-5.3704450916550215e+26,-2.5938595921598907e+26,1.0589831220334388e+26,4.244623496774962e+26,3.3688250596200546e+26,-3.494789032783605e+26,5.949953212894812e+26,5.659266138516644e+25,-8.854133300528242e+26,2.440066135639821e+27,1.0524066787854664e+26,2.9101352269977845e+26,4.094780905281004e+26,7.878520344914902e+26,-2.330190300763315e+26,-1.182379016957698e+27,-1.4468183863145282e+26,-6.981753029796051e+26,9.56473076824584e+25,-1.272142262798984e+27,1.386440635085482e+26,-1.4835420792772488e+27,-1.6884452795656953e+27,6.469128583792622e+26,1.0093084868653689e+27,7.84010382296463e+26,1.0549080119927046e+27,-2.1276715386899454e+27,4.510424225887109e+27,-4.741089320437826e+26,3.7495217714082215e+27,3.824643229041233e+26,2.6684551675958304e+27,7.326291864446497e+26,9.441857532006799e+26,5.278382557569281e+26,1.7532002056197736e+27,1.0210534747633728e+27,2.659977204834094e+27,-3.904626464764276e+26,2.1814279994235738e+27,5.953295256783239e+27,6.645119574587963e+27,4.4041229198525974e+27,1.9709919810604484e+27,1.065863500805082e+27,1.445290892809848e+27,2.508808376863281e+27,3.8415625794523835e+27
1.6116771261779816e+26,-2.467558512908822e+26,-1.4595566379570909e+26,5.486100524024077e+25,-1.3045552889480921e+26,1.1137641743636663e+25,-9.591266015907228e+25,-8.373498115671372e+25,-8.924869017202355e+25,-4.64082561639102e+25,-1.628314919985078e+26,5.069244785227329e+25,-1.6129602463590975e+26,-1.627039782692889e+26,-2.4705844084318797e+26,-2.4937621837914017e+26,-2.085599678409683e+26,-3.416198660503794e+26,-3.317720784718427e+26,-2.2942824124446977e+26,1.2754940553161696e+26,-3.065404441972444e+25,-3.344379691190013e+26,-6.188643245966978e+26,-6.479763060311527e+26,-2.8349881179812275e+26,-1.252259082345915e+27,1.4833028895055614e+27,-4.8368406282281056e+26,-3.396796874625767e+26,2.2728975345795853e+26,3.310322230231159e+26,1.1024222182075478e+26,-1.220468383756454e+26,7.967083566209219e+26,-8.450112310969335e+25,-1.2378677766409523e+26,-6.797260067023095e+26,-7.4735577919454405e+25,3.164156749144659e+26,5.4036054089642624e+26,2.001409500856478e+26,1.665130661552796e+26,9.998498341524816e+25,1.0501203930307117e+26,-1.290234707296474e+26,-1.125826918286891e+26,-1.3439073319233155e+26,-9.209728110799957e+25,-1.762682722199345e+26,5.662784116884542e+25,4.3890691316421e+25,-2.0695884900481284e+25,-1.4887175597628362e+26,3.165017449073657e+25,7.80215032084749e+25,-7.91450659271965e+24,4.472112297326672e+25,-1.9634766612565776e+25,-1.1195279111072959e+26,-2.2246256659549784e+26,-1.1939383694517872e+26,-8.592464076182278e+25,-3.595199953594453e+26,-3.4341683662232285e+26,1.3452277015727372e+26,5.7816366629958694e+26,-1.8235579759791588e+26,-1.1413645704063203e+26,7.239485216156003e+25,1.3923311828742689e+26,-1.1658392309011202e+26,1.1576982336582707e+26,5.601995992160937e+26,-1.3627454536579279e+26,1.2238417327400034e+26,-2.6699857478122433e+26,-2.393518868888127e+26,6.922254024656675e+26,1.4321619929749809e+26,-5.950207983708703e+25,2.006375316568142e+26,-6.551237461436949e+24,-2.2985813026122256e+26,-1.6030958493558875e+25,-3.0455935898759335e+26,1.284328154473569e+26,-3.403815817237189e+26,-5.1213456220579795e+26,-2.005664523712865e+26,1.330997940962719e+27,3.6835534652194994e+26,1.0207767532091924e+27,3.850580559802825e+26,1.72550665556368e+27,1.301281431178431e+27,2.29458188131426e+27,1.0659774705828343e+27,1.8351223869164374e+27,7.326291864446497e+26,1.3223724819522956e+27,3.7493100429375645e+26,1.4504106800301191e+27,6.498259148635791e+26,-6.1044915903681724e+26,7.043456705007506e+26,1.3892721625999106e+27,9.083120684760913e+26,4.253995396895803e+26,1.3907072683882012e+25,-2.8049347305035565e+26,-6.617601537070776e+25,8.063263120463392e+25,2.668336167443958e+26,3.0141476487616184e+26,3.373738210843554e+26
2.063245610901599e+25,2.9135345838535464e+26,-4.483665102527687e+25,1.0417113243457514e+25,-7.559631657225157e+25,-1.5138711533983792e+26,-3.6317173818308405e+25,-3.937876477389069e+25,-6.438511570633363e+25,-6.321068518661032e+25,-9.831233041847423e+24,-6.204972884017554e+25,-3.590980405358651e+25,2.3829003232136294e+25,-6.21375291783245e+25,2.6391768546470853e+25,6.296322575430238e+25,4.223808728491206e+25,1.1873170231993005e+25,2.151878326083304e+25,-1.6155733442322613e+26,-8.031670883623838e+24,-5.628961714900331e+25,-1.409340593847824e+26,-2.3856924104428152e+26,-1.6564363623656356e+26,-2.8607634022527982e+26,1.429166076630366e+26,-7.6690466877976706e+25,-6.088651900379954e+25,8.752041852589244e+25,-1.4559684125928606e+24,-6.6287632492466846e+25,6.750526209426611e+25,2.307983800095081e+26,-8.752344780439932e+25,1.8253933738448498e+26,-3.582469471810325e+26,-1.4055731679458776e+26,-9.797528949412475e+25,-2.376947997734837e+26,-2.1867440481077767e+25,-3.1592330008601627e+24,9.698882735699509e+24,-7.886353457536637e+23,2.2340759972894833e+25,1.6962040110059998e+25,1.2154297958585538e+24,-8.443624981271446e+24,4.799493016521637e+24,-3.0326830120235337e+25,-6.565200749779642e+25,1.9267838021176933e+25,-1.0689145349690859e+26,-7.567614781586662e+25,-6.659806687551047e+25,-1.3181508016418828e+26,9.997475185485758e+25,-1.4618745564406808e+26,1.962553018517997e+26,-1.5035686522031927e+26,3.69615692031246e+25,2.0753819196445298e+25,-5.900168397983384e+25,-2.66885383001377e+26,5.59061177508151e+26,6.041633069197034e+26,-2.2335149065942e+26,-1.2998218256596752e+26,9.885060305708833e+25,1.314610202836848e+26,2.8933357260139154e+25,-1.572103109940599e+26,1.2253972697586323e+26,-2.1234505403643853e+25,-1.4051645998206253e+26,5.0262589837980046e+26,-6.1299564304265425e+25,4.550899989762179e+25,-4.212075618165393e+24,2.3508919866144465e+26,-1.7732021370535098e+26,-3.978820951196487e+26,-1.413345181483747e+26,-2.493226965247038e+26,-9.689448069562027e+25,-3.814640083623654e+26,-1.3871297218253766e+26,-3.585022896761845e+26,-6.631701368943496e+26,3.120673805263536e+26,4.525721181749243e+26,3.6447079131543716e+26,4.599972767629312e+26,-2.4095939813334405e+26,1.3523784256613286e+27,2.4578634762987515e+26,1.2084824232656991e+27,4.580670269035356e+26,9.441857532006799e+26,3.7493100429375645e+26,4.4268816401913436e+26,4.3447652172850244e+26,6.936839858668715e+26,3.467649147169066e+25,8.339593946563563e+26,5.836311465150017e+25,8.416692899662748e+26,1.5175897481626007e+27,1.5526523603022096e+27,9.764070451912337e+26,3.239094614655787e+26,1.2890698310402231e+26,2.7560181612068325e+26,5.808979514029538e+26,9.75678472230927e+26
2.815630013893292e+26,-3.948452346211657e+26,-1.7380428490014738e+26,5.824626669254002e+25,-1.0976320569409296e+26,1.7963531268846022e+26,-2.6163374224940027e+25,5.466977206889708e+24,5.552796489092677e+25,5.917938483121065e+25,-8.563881453335812e+25,1.2999448677759893e+26,-1.5663462026779688e+26,-1.2147379832689379e+26,-1.030149716624157e+25,-2.053461521032755e+26,-3.443660626247134e+26,-3.624726992151733e+26,-2.591498266140964e+26,-4.098689584738257e+26,4.593212830042598e+26,2.9863522921495036e+26,-1.8405724711181428e+26,-5.7065664320632136e+26,-1.3550043100246396e+27,-1.1851761631099981e+26,-2.515029309624301e+27,1.719291121032592e+27,-1.882081764041385e+26,-1.5333583782597915e+26,6.092713527772946e+25,9.15727970000703e+25,2.7210885622162744e+26,-2.750702162483555e+26,3.307710085866532e+26,1.1138341977169524e+26,-3.684347544121909e+26,-6.528951358442409e+26,2.263829095542989e+26,5.043495039667418e+26,8.599739436820216e+26,2.5633220629423904e+26,2.159983951882919e+26,1.1426957529574618e+26,9.525569378432315e+25,-8.898504983150601e+25,-1.0301223765527734e+26,-1.0836148021581838e+26,-8.129402138711276e+25,-1.5210187273577652e+26,1.561957717608011e+26,1.371745737570339e+26,-9.58685232512153e+25,-7.0894517992509276e+25,1.613825712132515e+26,2.0454377036139956e+26,9.972337126739609e+25,-9.605591012253747e+24,2.884647913456438e+25,-4.1749469259262725e+26,-3.8763925883610005e+26,-2.7463883372892713e+26,-3.160785798656113e+26,-1.0203846169666784e+27,-4.554226392338146e+26,-6.252904732134066e+26,8.401970180088685e+26,-2.0509969920839177e+25,-3.912548313991538e+25,-4.2431537925030014e+25,2.8701255878126906e+26,-8.563621915553906e+25,2.2952301807787985e+26,1.0031639988936377e+27,-1.9799937032121406e+25,4.0955649968548535e+26,-9.00327242524207e+26,-1.4395013415919757e+26,4.8980082186161865e+26,4.852972464317457e+26,-5.806905509264182e+26,4.7956992037900215e+26,5.929303581860466e+26,3.8381115704875883e+25,4.486145979093363e+26,-1.4066456292018428e+26,8.833888248001684e+26,-7.360193057420364e+25,3.9086819918535216e+26,7.694951271424986e+26,1.4139789844728372e+27,3.869930151622013e+26,1.1012220192795931e+27,3.629721131140497e+26,4.1698883535994285e+27,1.259429532779531e+27,3.9874923070884204e+27,1.0473641142398185e+27,2.907240125890493e+27,5.278382557569281e+26,1.4504106800301191e+27,4.3447652172850244e+26,2.2512256674315823e+27,4.8554734762606625e+26,-2.2216601074026633e+27,-2.152283620941762e+26,2.441889497459724e+27,1.1584472085188017e+27,-1.7421798954880354e+27,-2.2231954403321504e+27,-2.2651933996773647e+27,-1.541090105629387e+27,-9.519574170975306e+26,-8.923339805726136e+26,-1.249440084653766e+27,-1.4947225362655648e+27
1.5673927863132683e+26,7.826594441818528e+26,-1.4913882711375871e+26,2.2147648009490523e+25,-1.6446212205531646e+26,-2.28875701684693e+26,-4.56725704179709e+25,-3.5817765927616326e+25,-6.0403674473987515e+25,-7.434586587321235e+25,3.9720007901623254e+23,-1.3689663853416732e+26,-2.4436110960895797e+25,1.18102532782531e+26,-1.4557041378592777e+25,1.435946735957245e+26,2.3205687091226526e+26,1.9544990352143167e+26,1.1177107152443448e+26,1.7429839233552343e+26,-5.280378806000634e+26,-3.1555217963782376e+26,-2.8054135892729232e+26,-1.5398474952340721e+26,-3.1440430779709076e+26,-5.853150148783468e+26,-7.349370025309629e+24,2.3001204184870164e+26,8.07973407062835e+24,-1.2646012563680696e+25,9.020011508628589e+25,1.894276936942043e+25,-9.609966090249855e+25,7.637531529151627e+25,3.846121234026582e+26,-1.6724993430488582e+26,4.5833652522382756e+26,-7.158487210526817e+26,-1.6403405839544964e+26,-1.3753683067440173e+26,-5.2700834955257974e+26,-3.1667090860133114e+25,2.4457467217506722e+25,6.995325483272244e+24,-5.122714721921852e+25,6.529985429075856e+25,6.63376726387366e+25,5.746099778595327e+25,3.552265245116001e+25,5.17325757378803e+25,-7.6153652995296994e+25,-1.4739326887884926e+26,5.674720952876839e+25,-1.207298115557984e+26,-1.7700102638279892e+26,-1.7695608996746874e+26,-2.5614206121005107e+26,1.7372098259132806e+26,-2.207587255011763e+26,5.440065733786461e+26,-9.727441024826503e+25,1.9155483494315916e+26,8.754706445112267e+25,7.116622583708342e+25,-4.4813178306213055e+26,1.2205456569338385e+27,8.453778489352912e+26,-3.0324106236636115e+26,-1.6955129126316783e+26,1.5477547878565376e+26,1.000299074473798e+26,1.273226331942028e+26,-3.28905632161468e+26,-2.7576516024979765e+25,4.350524959810435e+25,-3.422860766268851e+26,1.2719961808238166e+27,3.3689585138239117e+25,1.3764699048429218e+26,-5.820573449619013e+25,4.131212518352685e+26,-3.6638569384263236e+26,-7.605798405228226e+26,-9.915635877416809e+25,-3.881370777984717e+26,1.1280212465876679e+25,-6.983927557797746e+26,-1.2943830260262907e+25,-7.535339423408155e+26,-9.717275879296528e+26,5.2417586570389524e+26,6.481180624662225e+26,5.800550011304791e+26,7.54427482686447e+26,-1.3289705529361906e+27,2.571643714069619e+27,-1.934489377068726e+26,2.1848022248445408e+27,3.433668312256374e+26,1.7532002056197736e+27,6.498259148635791e+26,6.936839858668715e+26,4.8554734762606625e+26,1.4387349793791612e+27,8.736722095216121e+26,2.2101758117094903e+27,-1.8918215625305024e+26,1.3417861394799653e+27,3.9633929892749976e+27,3.9785235495870495e+27,2.752122475111465e+27,1.3783553391957206e+27,7.966497435431656e+26,1.1865318328359831e+27,1.994302650578998e+27,2.846397966149382e+27
-1.145257895050462e+26,1.123006473512638e+27,-1.7173470333792328e+25,6.136548201401975e+24,-1.1800912609312427e+26,-5.2499212404669065e+26,-1.4674480546835123e+26,-1.843670092497243e+26,-3.15160536969359e+26,-2.5165861036914553e+26,-1.1250853843032072e+26,-2.9386006969134124e+26,6.609054070000789e+25,6.282485375020422e+25,-3.9281624848110204e+26,1.344425670692201e+26,5.626778298652352e+26,3.904413203505584e+26,1.2745106177517908e+26,6.766998770998558e+26,-1.1240502111849654e+27,-9.11764999255655e+26,-3.384699384684137e+26,2.414445904049822e+26,1.613199451109047e+27,-5.9842070253898275e+26,3.380214231684978e+27,-1.1404431711165936e+27,-3.2620901485350335e+26,-1.8014493234674147e+26,2.4780158840659022e+26,3.8856950278703476e+26,-5.269085688523051e+26,5.4438762134518733e+26,9.682044757722367e+26,-5.0025956018911594e+26,8.9725006310024e+26,-1.7586769814595494e+26,-7.252873267057234e+26,-5.368419810588503e+26,-1.1734327359764226e+27,-2.0144366819983708e+26,-1.3040489430407162e+26,-7.481373802068722e+25,-7.696378256192468e+25,-1.6374055954905148e+24,8.157571727727267e+25,6.032096571565191e+25,7.226140225794041e+25,7.073125807051739e+25,-3.232218787309477e+26,-3.2397983243389345e+26,2.244683815610397e+26,-1.3573719718179977e+26,-4.192608933256633e+26,-4.169205011959505e+26,-3.7500824584593536e+26,1.89181244348983e+26,-1.919332704253477e+26,1.0439847745946722e+27,4.386666908442338e+26,4.911682563070973e+26,5.586377853813988e+26,1.582879698281144e+27,1.6427413732170858e+26,2.1651034566265787e+27,-3.973767637929006e+26,-3.765879439788929e+26,-1.6573035614873735e+26,2.642755384451945e+26,-3.447885888743148e+26,8.951191409000369e+25,-4.4928913513173735e+26,-1.1792482693877161e+27,-1.2557659976866327e+26,-9.376569663222618e+26,2.2438872380186377e+27,-2.6524085722052164e+24,2.7970865985168725e+26,-7.635633270900938e+26,1.551687674794499e+27,-8.190544271722938e+26,-1.816354160548554e+27,-4.289965633026015e+26,-1.2741143666707037e+27,-1.0954330858191707e+26,-2.2126267971238109e+27,-2.9176144495407844e+26,-2.2399344687879857e+27,-2.3412897788987825e+27,-6.386470933307991e+26,7.35347343857606e+25,-4.182962563198495e+26,2.3291036772727236e+26,-7.007347243697248e+27,1.0469055599811707e+27,-4.968252182400716e+27,7.786721213278918e+26,-3.1287381282563415e+27,1.0210534747633728e+27,-6.1044915903681724e+26,3.467649147169066e+25,-2.2216601074026633e+27,8.736722095216121e+26,4.408074293802498e+27,3.0201040362224604e+27,-3.1317671680992474e+27,-2.2627784218568106e+26,6.979456843876786e+27,7.315147194682497e+27,6.045873676534794e+27,4.026553983764048e+27,2.661590965121749e+27,3.112491599622379e+27,4.460899599333892e+27,5.582929493268913e+27
3.169687328150305e+26,1.6740380211140109e+27,-2.5524099589742108e+26,2.488920320824425e+25,-2.5270470167553434e+26,-3.937732599066105e+26,-1.0751373561169899e+26,-8.681622278805869e+25,-1.4716920562940756e+26,-1.3913667587287361e+26,-2.496045685922086e+25,-3.2146079679015806e+26,-9.550498186356302e+24,1.903535050485431e+26,-1.1428097075755364e+26,2.445367464818743e+26,5.614502649192722e+26,4.130599236289638e+26,1.9938698161847078e+26,5.423047648510549e+26,-1.2753020524972025e+27,-9.238368413241766e+26,-6.506396426132926e+26,-9.189308611089927e+25,1.5286194958848021e+26,-1.1757290209701425e+27,1.3415840937242358e+27,8.392918306417067e+25,-4.666702187759588e+25,-3.5649052278922626e+25,1.6475845200341316e+26,2.317734175443643e+26,-2.7233171896057482e+26,2.3083787234960933e+26,9.18643653976718e+26,-3.821977603084188e+26,1.050654507843192e+27,-1.2551452004597873e+27,-3.7773591707175604e+26,-2.9079263815549247e+26,-1.1182305258903997e+27,-1.1672909538058077e+26,6.683789044633778e+24,-4.625387418502423e+25,-1.6958670097216205e+26,8.333894272039079e+25,1.36932422066696e+26,1.2511492294761797e+26,1.2297147701576856e+26,1.3761077818049867e+26,-2.66433796899587e+26,-3.69655757672973e+26,1.9461111600782077e+26,-1.6959399084417826e+26,-4.3844470297475346e+26,-4.6572883559677616e+26,-5.019739792444514e+26,2.9465697575647965e+26,-3.5804876517896034e+26,1.2570963745426538e+27,6.231057936115848e+25,4.3197629068007025e+26,2.8837387371818972e+26,6.259885210992707e+26,-5.706050920277181e+26,2.3533218327764365e+27,1.013326349490204e+27,-4.5585766776318605e+26,-2.3006962478176457e+26,2.3025277073583935e+26,3.4641106948572956e+25,2.9137310039030745e+26,-5.472681644029778e+26,-2.955015928504562e+26,1.0580730931306387e+26,-9.146573881973812e+26,2.720151479676663e+27,1.718948345297975e+26,4.665690035760155e+26,-1.3769942602992519e+26,1.0559380658007084e+27,-6.133548822514619e+26,-1.6112628174877063e+27,-1.0128799156189773e+26,-8.689671997615617e+26,1.5524192861256213e+26,-1.6435844974559254e+27,1.4215847500508149e+26,-1.9553391215040745e+27,-1.7772103372885305e+27,5.367481395356569e+26,7.704151711699707e+26,5.998586418214963e+26,9.775652745288571e+26,-4.416996839019032e+27,4.155535653231083e+27,-2.0610092587250346e+27,3.3449996518354397e+27,-7.779902371974367e+26,2.659977204834094e+27,7.043456705007506e+26,8.339593946563563e+26,-2.152283620941762e+26,2.2101758117094903e+27,3.0201040362224604e+27,4.237268020885842e+27,-1.317202925020504e+27,1.7162013566416123e+27,8.32318253354596e+27,8.520694723480654e+27,6.153340682763874e+27,3.5317456024253753e+27,2.2117416912745296e+27,2.9383894545934895e+27,4.5828002319033707e+27,6.179685323516962e+27
1.6450824194527e+26,-1.5958406997449424e+27,4.149601147772801e+25,2.44252645978938e+26,2.0385878100768857e+26,9.850834658604177e+26,8.510767363951446e+25,1.6493591541434023e+26,3.356998538923898e+26,3.317260378231681e+26,1.410115707156189e+26,2.6140723675241735e+26,-1.8341622325628438e+26,-1.6821202587863637e+26,2.1876496707581897e+26,-3.421009355887054e+26,-5.089734837278676e+26,-6.465141364926139e+26,-4.6717450937087566e+26,-5.569688988090299e+26,6.001015367111106e+26,2.8194919995066243e+26,-4.1170734220599745e+26,-4.413864550721089e+26,-1.817753163701604e+27,-1.438352027743527e+26,-3.331874421314051e+27,2.9274686340693296e+27,-1.5564503730011317e+25,-2.6753927277626156e+25,-2.3093647362147652e+26,3.85436971320751e+26,6.867076321295876e+26,-7.96908985921903e+26,2.2811397892061875e+26,8.464085846837917e+26,-6.59883924521765e+26,-1.0677609476528695e+27,9.301061571701426e+26,1.031164097976193e+27,1.7702698474564237e+27,4.7581547917737246e+26,4.622988049404748e+26,1.718104776322053e+26,7.335711729233169e+25,9.575012627796097e+24,-3.007902710441678e+25,6.259401937223184e+25,4.244400894395606e+25,-1.261622388711744e+25,3.127778404198672e+26,2.4810287560382835e+26,-2.6214058594902803e+26,3.079395038636413e+26,4.11453850412435e+26,2.8014029858889493e+26,3.2117570307741076e+26,-2.03274914745838e+26,1.6657377115419244e+26,-5.7972864948440706e+26,-3.908460367003023e+26,-3.7259862392986e+26,-5.325469845399977e+26,-1.5881110633669103e+27,-4.4305226881785395e+26,-1.7064009564481262e+27,4.4487926706418195e+26,5.7867322773816737e+26,2.9064774806105267e+26,-3.2152180838677925e+26,2.0832701178443557e+26,1.2018494437474416e+25,4.1058490353732895e+26,1.0847609715751381e+27,4.666451219562233e+26,8.970737298060705e+26,-1.608514310095761e+27,3.0634222076515747e+26,1.281998774614862e+27,8.765232108326334e+26,-1.622840085499117e+27,8.912582163161804e+26,2.2426223401236712e+27,9.297221943170738e+26,1.5768879074918778e+27,5.0354530161792635e+26,2.4702205605244129e+27,7.930568475551775e+26,7.132070320225186e+26,3.296378565565483e+27,1.5248590383172583e+27,-5.011558364677894e+25,7.074043483405227e+26,-9.143866115387437e+25,7.306011610033067e+27,8.664868308355265e+25,6.100344028347179e+27,3.7172697430369297e+25,3.5064940362256687e+27,-3.904626464764276e+26,1.3892721625999106e+27,5.836311465150017e+25,2.441889497459724e+27,-1.8918215625305024e+26,-3.1317671680992474e+27,-1.317202925020504e+27,3.8911004314062184e+27,5.0770336944109266e+26,-4.7640892598787026e+27,-5.833680828803288e+27,-4.722548130477762e+27,-2.7050789381319376e+27,-1.6381337060243795e+27,-1.7106016344314104e+27,-2.5317219777525824e+27,-3.423108835928528e+27
6.621400512733442e+26,2.0058448129207497e+27,-2.5884399954226923e+26,-6.644317288552143e+25,-1.5067171542522497e+26,-1.83325934067161e+26,-6.853901857470446e+25,-2.9200216545484845e+25,-8.004375436226037e+25,-3.3350716299218967e+25,4.932218488170832e+25,-3.190923021694348e+26,-1.6891197083831032e+26,2.362910347134316e+25,-1.0726066252120542e+26,2.705219601158738e+22,2.6399140603894736e+26,1.2605850613381402e+26,4.739457286859981e+25,2.6886872597845493e+26,-8.148107693717547e+26,-2.6154397460136916e+26,-3.7420652118832e+26,-1.2762624021818186e+26,-8.07835043395897e+26,-6.50050930500397e+26,-7.512224992717564e+26,6.930856073827846e+26,-3.862300197252951e+25,-1.8714467498182517e+24,7.947552646822961e+25,1.530981961828169e+26,-1.799181173280481e+26,2.1341687606001735e+26,9.491460445047665e+26,-2.217839218362691e+26,9.249127690578548e+26,-1.6991480530848167e+27,-1.777960271567566e+26,-7.4301474456614864e+25,-7.423545654904821e+26,-2.3017042340329922e+26,-9.711584289048281e+25,-1.8418536440596112e+26,-3.5449282492259394e+26,2.0699740600262893e+25,8.17092456393597e+25,-9.255171174808621e+24,1.133297091597857e+26,1.801200451264724e+26,-3.310645854265151e+26,-4.463519278854959e+26,2.68145394432443e+26,-3.370957228479798e+26,-4.696325558357891e+26,-4.574218874503177e+26,-5.119190692009136e+26,3.356115557342918e+26,-4.646492008100297e+26,8.913764184252902e+26,-4.592435795896726e+26,-6.962506859110093e+25,-1.9045958937491256e+26,-6.255736662850886e+26,-7.914223739206074e+26,7.959292227319359e+26,2.36756605761762e+27,-4.9372955553792905e+26,-2.547690486476473e+26,-5.635095308925468e+25,8.405572905934915e+26,4.429915463541915e+26,-2.198963899101689e+25,1.880842105835381e+27,1.7357167740897758e+26,-9.625058338815926e+26,1.829571409982474e+27,1.5299105473159648e+26,7.039885382456698e+26,1.290545282128384e+27,7.9817333708031e+26,5.370991744894863e+26,-1.024195645558563e+27,1.2417451460878792e+26,-5.115140870925399e+26,2.2685696072109204e+26,-1.0303148716415884e+27,4.615168333980261e+26,-1.4633943228379686e+27,-8.409709723625531e+26,6.990640967477463e+26,8.703159822188208e+26,7.479791119815681e+26,7.634952192035135e+26,-1.0445594488018869e+26,5.437070816754563e+27,1.0665711200641593e+27,4.146457650310982e+27,1.123676044713429e+27,2.1814279994235738e+27,9.083120684760913e+26,8.416692899662748e+26,1.1584472085188017e+27,1.3417861394799653e+27,-2.2627784218568106e+26,1.7162013566416123e+27,5.0770336944109266e+26,2.8259181092761085e+27,4.680638681741282e+27,5.414182987744e+27,2.524151178072846e+27,4.5075452342420056e+26,2.0317371442493104e+25,3.3635546297906776e+26,1.1136097438545062e+27,2.3648681065977153e+27
1.353044708993567e+27,6.967506289573649e+27,-6.616952303257769e+26,-6.712756415361957e+26,-5.065857134009519e+26,-1.410185383996569e+27,-1.6759600404726527e+26,-2.3920456429063692e+26,-5.670731471349918e+26,-4.870072196485494e+26,-1.8422966810931367e+26,-1.3073213630019793e+27,1.841360977734078e+26,5.542459929056381e+26,-5.259247412025093e+26,7.361307248920276e+26,1.886448845395299e+27,1.3947706018161706e+27,6.461034245933594e+26,1.6014016408729862e+27,-3.918920624636661e+27,-2.2811290010736044e+27,-1.000799313462583e+27,1.9942064793534792e+26,1.3205646186911042e+27,-2.607731645170318e+27,4.99266929595962e+27,-1.9477077484902325e+27,-2.1611693920803124e+26,-2.409044938650336e+26,7.1808201630987e+26,2.0773340824765267e+26,-9.686211830131494e+26,9.366750634779563e+26,1.8108810396884148e+27,-2.1843061761196573e+27,3.670537941754655e+27,-2.774940089594017e+27,-1.4657730900604044e+27,-1.5117104779915e+27,-4.4486820210423574e+27,-1.1831823070375084e+27,-9.233597411935888e+26,-6.895744111855375e+26,-1.0735378249564171e+27,6.877727862485511e+25,3.4374843098260126e+26,1.469746034267273e+26,4.399302788792797e+26,5.099913183616931e+26,-1.474664444759854e+27,-1.659202116348838e+27,1.1799697578744731e+27,-7.108357058094167e+26,-1.9535585755915613e+27,-1.986518467612761e+27,-1.7858278181101613e+27,9.26279483398583e+26,-1.2913231072142598e+27,4.082958944363109e+27,-1.068631665730838e+26,8.194653053615151e+26,5.4820677863704144e+26,1.4878709527280938e+27,-1.4524789500686305e+27,5.47803301815822e+27,3.7844609223308375e+27,-1.2923088284291417e+27,-5.187527727505174e+26,9.903051109372386e+25,9.514037696488313e+26,1.2614432853222287e+27,-6.807552535272501e+26,1.6838606217789724e+27,-2.756659888164185e+26,-4.196343218204206e+27,8.471274036499844e+27,6.597939207882557e+26,2.1814382072652765e+25,1.5809966681189952e+27,3.475841423559978e+27,-8.23365814168157e+25,-5.588568354966688e+27,-4.4059167289207776e+26,-2.993002739033067e+27,7.141311734559266e+26,-5.396363028178135e+27,1.0386438872644742e+27,-4.2990975129928026e+27,-5.367735185193521e+27,-5.707020511809995e+25,1.5979829195542384e+27,6.817178349489315e+26,1.7619634772398277e+27,-1.3959159684596257e+28,1.2743555328173726e+28,-8.304380381679145e+27,9.505212450936289e+27,-3.848869241506977e+27,5.953295256783239e+27,4.253995396895803e+26,1.5175897481626007e+27,-1.7421798954880354e+27,3.9633929892749976e+27,6.979456843876786e+27,8.32318253354596e+27,-4.7640892598787026e+27,4.680638681741282e+27,2.2096975015413544e+28,2.574007360029856e+28,1.6798230044880604e+28,8.272313546154066e+27,4.793113340892106e+27,6.024708007256822e+27,9.843502582248138e+27,1.4341665538126487e+28
2.0264410234527683e+27,9.606512361986622e+27,-9.920832102867285e+26,-1.621716099985028e+27,-5.7063637412869885e+26,-1.6443521932914228e+27,2.2306439992543904e+25,-7.030966378282068e+25,-4.2527018704902373e+26,-4.302783145633638e+26,-3.327193463808877e+26,-1.7989211690335901e+27,4.756229108705446e+26,9.615905630825569e+26,-2.309331477718661e+26,1.2229271736752158e+27,2.3530943625389209e+27,1.8859411641036087e+27,9.861476922998684e+26,1.6448255869492283e+27,-4.652302844334212e+27,-2.390897374174685e+27,-6.444449961541915e+26,2.62462200574381e+26,1.8737971334983207e+27,-2.7383309965537827e+27,6.228049916080463e+27,-3.6276646746559753e+27,1.1113261328653426e+26,-2.280322132605394e+26,9.592765295843532e+26,-4.6676727518293296e+26,-6.467251504804938e+26,4.437298339019277e+26,2.5716041771414714e+26,-3.6583609656479153e+27,4.6512899544319425e+27,-2.3995617975088878e+27,-1.4216463371090885e+27,-2.4381901722056756e+27,-6.523954780692964e+27,-2.016301475892784e+27,-1.8192186057415768e+27,-1.1615306760264642e+27,-1.663345479613491e+27,-5.738769380469505e+25,3.564242353346225e+26,2.967973671417063e+25,5.862605014099501e+26,6.904283981325356e+26,-2.1810565116142965e+27,-2.254204151485103e+27,1.796003240019183e+27,-1.0164664565408842e+27,-2.774809309118133e+27,-2.638198768619387e+27,-2.3564422326467554e+27,1.1952995837265613e+27,-1.6646411414709112e+27,5.069248568363622e+27,-2.1250728148497776e+26,8.89810362296881e+26,6.415231398286836e+26,1.783415304978719e+27,-1.655087182218036e+27,6.298203515158525e+27,4.8508561028300954e+27,-1.645526841013303e+27,-6.109543294323795e+26,-3.5292424885892753e+25,1.3999472240856695e+27,1.7925349439839888e+27,-4.718622819639345e+26,2.9060858035358534e+27,-7.487417132728526e+26,-5.95943943796023e+27,1.0660744218296205e+28,8.919636928013583e+26,-1.8693012777541408e+27,2.699237803638394e+27,3.024998793885067e+27,6.239202550618032e+26,-6.969892779213074e+27,-6.64084134924446e+26,-3.0817581422256193e+27,1.0108759410610539e+27,-5.553864586776672e+27,1.6000863089510588e+27,-2.3040430999759555e+27,-7.097387340794942e+27,-5.535216366723518e+26,1.7430534149331083e+27,5.537495899776175e+26,1.8150056502825132e+27,-1.728931017812928e+28,1.5650433024860263e+28,-1.1186625994105167e+28,1.1444795579545346e+28,-5.020194694526617e+27,6.645119574587963e+27,1.3907072683882012e+25,1.5526523603022096e+27,-2.2231954403321504e+27,3.9785235495870495e+27,7.315147194682497e+27,8.520694723480654e+27,-5.833680828803288e+27,5.414182987744e+27,2.574007360029856e+28,3.215374257909257e+28,2.0194913368044577e+28,9.193125110795994e+27,5.093363311846887e+27,6.200465414714828e+27,1.0381200509319417e+28,1.5702435993838396e+28
1.621413065146889e+26,4.2723604015697146e+27,-1.024607175118597e+26,-8.138116850886564e+26,-1.1989071751149713e+26,-1.0043462691201386e+27,-1.090043982248618e+25,-1.3843448114623165e+26,-4.315535810272145e+26,-3.823990040942762e+26,-9.601011500881073e+25,-9.09002955203931e+26,2.593030833263556e+26,4.3542527765822815e+26,-4.786590672858401e+26,5.356496861512974e+26,1.3852671963728504e+27,8.940741556322877e+26,3.1033943752946575e+26,8.124371645847143e+26,-2.7618327682225385e+27,-1.4223773135173408e+27,-8.92459534822338e+25,-2.056080011030482e+26,2.3942654817409248e+27,-1.4481907323901857e+27,5.301196125959448e+27,-2.7447508516709154e+27,-4.580133097346398e+26,-5.01984843143698e+26,8.536013809640126e+26,-2.113939086328498e+26,-4.5019188997655425e+26,2.1355675868988637e+26,1.2204873751784034e+26,-1.919068644705556e+27,2.572789317792117e+27,-5.506158901535016e+26,-1.170809206780037e+27,-2.0750696197622108e+27,-4.501085239552619e+27,-1.306678075454425e+27,-1.1826250613899515e+27,-6.400609437892523e+26,-8.171102124080792e+26,6.334671115024124e+25,2.005735824637901e+26,-2.2036658152983736e+25,1.9548876832798775e+26,3.27787097314512e+26,-1.0547494301582041e+27,-1.1718648320781409e+27,1.0300236030598509e+27,-7.478306503354252e+26,-1.6727448152373474e+27,-1.5522146353353184e+27,-1.5325651623041428e+27,8.334529950487114e+26,-1.0844499127317314e+27,3.1746444103359165e+27,3.594303073999867e+26,1.0888592546443746e+27,8.966257172499809e+26,2.532758922509046e+27,-5.738285421238303e+26,5.375091297345548e+27,2.0701409250344636e+27,-1.3409995908652997e+27,-5.5750221686241336e+26,2.980918753217909e+26,4.0432559255910444e+26,8.875779991416205e+26,-7.855917160201808e+26,3.954688080908833e+25,-6.713333987878437e+26,-3.238802488887131e+27,6.956873568182718e+27,1.739698635852244e+26,-1.3386922334659724e+27,2.659295982014676e+26,1.9287491560847764e+27,-8.466567546126769e+26,-4.1839121413065975e+27,-1.170998560535852e+27,-2.176349948074624e+27,3.79038965444754e+25,-3.8014118155752646e+27,2.9048103472074856e+25,-2.110965285586631e+27,-6.241703210036553e+27,-4.583512893008231e+26,1.1230872481574056e+27,3.0328441713111037e+26,1.3046596592634732e+27,-1.307750415226244e+28,7.814993740925561e+27,-8.84925462551053e+27,6.100578660811657e+27,-4.194293988294765e+27,4.4041229198525974e+27,-2.8049347305035565e+26,9.764070451912337e+26,-2.2651933996773647e+27,2.752122475111465e+27,6.045873676534794e+27,6.153340682763874e+27,-4.722548130477762e+27,2.524151178072846e+27,1.6798230044880604e+28,2.0194913368044577e+28,1.4414338567969573e+28,7.554682816728327e+27,4.44377528337455e+27,5.108843905066152e+27,7.946880785351775e+27,1.1215457919533187e+28
-4.0020262307691977e+26,9.78232727843958e+26,1.625781223817622e+26,-2.076965346941382e+26,2.8562776192802792e+25,-4.412531869873346e+26,-5.30193892825477e+25,-1.389474461915024e+26,-3.148514337156801e+26,-2.4670237001195787e+26,-4.0618183491399195e+25,-3.089152557996623e+26,3.6870727409353223e+25,6.778794403315067e+25,-4.916144214516382e+26,5.470939503001439e+25,5.738301622466255e+26,1.9572252297529216e+26,-1.0071859703435834e+26,3.453359485917172e+26,-1.2914619750682328e+27,-8.562634469522403e+26,-1.8591944712208326e+26,-4.1159664187665126e+26,1.7231217713157765e+27,-7.818897702232054e+26,3.205938397250074e+27,-1.0188974259010612e+27,-6.302039915441712e+26,-4.7938113144367145e+26,5.297732535666148e+26,2.1575446716645992e+26,-2.88851297604662e+26,1.6518444255036312e+26,5.7147496313705885e+26,-6.667353092119758e+26,1.0250965872090593e+27,-1.9893225494969007e+26,-7.247784891140166e+26,-1.002864945354852e+27,-1.8748084883977934e+27,-4.9056108907398487e+26,-4.451067339806907e+26,-1.955808131342366e+26,-1.9308901012718128e+26,3.2331317564055954e+25,5.526553146267633e+25,-4.226145217829575e+25,3.1127136375489263e+24,6.701905778976694e+25,-3.333336226547841e+26,-4.186295400380019e+26,3.674968532671885e+26,-3.552168432577313e+26,-6.449147308613366e+26,-6.1844516108678325e+26,-6.375377809387593e+26,3.608873873130736e+26,-4.206509855640548e+26,1.4440010772534732e+27,4.47305485209124e+26,7.50660245771275e+26,6.901785660172526e+26,1.9434887190531165e+27,-7.137687036967506e+25,3.185013874986887e+27,1.6623571937320295e+26,-6.909327732329107e+26,-3.0631220372478226e+26,3.106375938790738e+26,-1.8374696304324383e+26,1.9497381125415026e+26,-5.143890980951423e+26,-9.511559394724242e+26,-3.6831060973315104e+26,-1.184395956648567e+27,3.162232578872026e+27,-1.4261448942048014e+26,-1.7068171118794935e+26,-6.774562628893689e+26,1.1085702894124249e+27,-9.138234542774207e+26,-1.807968044789751e+27,-8.326975157740624e+26,-1.1808716324536385e+27,-3.08298244387634e+26,-2.0096622713995214e+27,-5.119075903304812e+26,-1.8961716612266413e+27,-3.4896982689803216e+27,8.861693236102422e+24,3.917859173872391e+26,2.7059860666662485e+26,5.916337135274382e+26,-7.223055883634236e+27,2.3177808947055693e+27,-4.7810765895553353e+27,1.955537758125515e+27,-2.414809238865494e+27,1.9709919810604484e+27,-6.617601537070776e+25,3.239094614655787e+26,-1.541090105629387e+27,1.3783553391957206e+27,4.026553983764048e+27,3.5317456024253753e+27,-2.7050789381319376e+27,4.5075452342420056e+26,8.272313546154066e+27,9.193125110795994e+27,7.554682816728327e+27,4.7930574725948854e+27,3.106755167065892e+27,3.4687743193383107e+27,4.905722349783661e+27,6.275049518208814e+27
-3.381419953952103e+26,2.5547827366234997e+26,1.361666609684268e+26,-7.583035976821826e+25,2.828079523098328e+25,-2.5857685051922408e+26,-5.592517310092084e+25,-1.124629704447287e+26,-2.2818926926381462e+26,-1.7006320524698136e+26,-4.897110285545472e+25,-1.4476519679064688e+26,-1.9140546369664684e+25,-1.8888193279788179e+25,-3.9074236605692735e+26,-4.695616697560803e+25,2.7789335146785335e+26,2.5790035810712887e+25,-1.4879344432509311e+26,1.898520045522257e+26,-7.138887555079467e+26,-5.741760743824718e+26,-2.302541455504979e+26,-3.86572507951242e+26,1.0881608381776269e+27,-5.34731376251832e+26,1.9258628476121182e+27,-3.6788704721751785e+26,-5.284772783771277e+26,-3.694623042320075e+26,3.511841402848369e+26,2.7138659883613217e+26,-2.0305227744553113e+26,1.4386920006092914e+26,6.117613007902136e+26,-3.4302066642937155e+26,5.181983384239934e+26,-2.0663641598451985e+26,-4.908369913578346e+26,-5.408042119706992e+26,-9.071180162215656e+26,-2.2707004219128516e+26,-2.1499731684915203e+26,-7.502844366151536e+25,-3.939181640880241e+25,-7.719207482311679e+24,3.059588666795986e+24,-5.459035564108421e+25,-3.1707806022443453e+25,-4.517868327536415e+24,-1.557042620370456e+26,-1.997532947616608e+26,1.7250976535338414e+26,-2.172121419067994e+26,-3.1261173796196786e+26,-2.9747300422829332e+26,-3.1677786637939185e+26,1.85759527421076e+26,-1.9353320903294263e+26,7.671105208845273e+26,2.9585231311221016e+26,4.5709800632583137e+26,4.7615999026421746e+26,1.2958998185278986e+27,-3.0419721325604676e+25,1.9835185133302344e+27,-1.5534516638173717e+26,-4.20274018580655e+26,-1.951089081798561e+26,2.3610613538455325e+26,-2.17838061975065e+26,1.5549310876319473e+25,-2.8691239013309085e+26,-7.557992138896914e+26,-2.4549961354523914e+26,-5.7916691980413354e+26,1.6673463177910057e+27,-1.828242149116891e+26,1.3765352549198185e+26,-6.026409930845417e+26,7.44396950130408e+26,-6.054028089056929e+26,-1.0046961924089786e+27,-5.739402381921174e+26,-7.47176204283409e+26,-3.139821975798124e+26,-1.2345431304694794e+27,-4.9406533048260465e+26,-1.416813159472857e+27,-2.1529951255506493e+27,1.8656390324988627e+26,1.7898646156043117e+26,2.9154986601618945e+26,3.269413945836956e+26,-4.3423832256422585e+27,9.271797816911505e+26,-2.739861889463297e+27,8.239396717491635e+26,-1.3740206707671053e+27,1.065863500805082e+27,8.063263120463392e+25,1.2890698310402231e+26,-9.519574170975306e+26,7.966497435431656e+26,2.661590965121749e+27,2.2117416912745296e+27,-1.6381337060243795e+27,2.0317371442493104e+25,4.793113340892106e+27,5.093363311846887e+27,4.44377528337455e+27,3.106755167065892e+27,2.125177909308372e+27,2.3564116912561342e+27,3.1764284756312195e+27,3.8704015370965486e+27
-1.6227406742021274e+26,6.072944802267426e+26,1.8958900424800823e+25,-2.2311294670046447e+25,-6.945572309349487e+25,-3.383700601534371e+26,-9.777781151389166e+25,-1.4025690632406114e+26,-2.5401761148678832e+26,-1.9498979758006323e+26,-8.986549668698506e+25,-1.87974063687401e+26,-1.747808381280706e+25,1.0266621956621213e+25,-3.940059540531663e+26,7.309741507690979e+24,3.625016034000264e+26,1.3032354531009338e+26,-7.83787217507888e+25,3.455591862399102e+26,-8.845729400750824e+26,-7.65824870876044e+26,-4.2821120327174455e+26,-2.8761464478738098e+26,9.082071541525951e+26,-7.632466888253214e+26,1.9633189519005115e+27,-1.8303351564540342e+26,-4.853101748193575e+26,-3.2668699162066925e+26,3.2749826274438194e+26,3.738268781837212e+26,-2.8404418685968192e+26,2.5170124260720315e+26,9.392959645094547e+26,-3.926858888418052e+26,6.551460895432413e+26,-4.973736915781597e+26,-5.450682290824516e+26,-4.219327272299622e+26,-8.644654904415472e+26,-1.5239483992015968e+26,-1.2069430599341529e+26,-4.348867604339275e+25,-3.8136386253915737e+25,-1.240786412431091e+25,2.2478727283203014e+25,-1.7004903527865181e+25,6.199996081505917e+23,-2.1321748221360577e+24,-1.9040823215170872e+26,-2.3457562132971048e+26,1.769074747479527e+26,-1.965678151821729e+26,-3.3890207907126115e+26,-3.2671440576225354e+26,-3.468131007710197e+26,2.003670826459364e+26,-2.06865892268738e+26,8.832499539084843e+26,2.587490992316711e+26,4.475944617651524e+26,4.556997756655031e+26,1.1855280350940367e+27,-1.5104668579651244e+26,2.1290632426322547e+27,1.2106804614241456e+25,-4.1942196935185866e+26,-1.9670646114268783e+26,2.5137337899935217e+26,-2.1999188770149243e+26,4.6127586271800865e+25,-3.431719553637189e+26,-7.421043353323762e+26,-1.902456679204716e+26,-6.671981377574998e+26,1.9116943544133705e+27,-1.1636740565392869e+26,3.9554122068469845e+26,-5.7236786888602096e+26,1.0024486100622482e+27,-6.324564477879147e+26,-1.2689339621934764e+27,-4.949440882187883e+26,-8.937783313455132e+26,-2.339853356515667e+26,-1.513833607195453e+27,-3.958846165375276e+26,-1.8165114051279654e+27,-2.1030127103220086e+27,2.9900418823115417e+26,2.9726491029619403e+26,3.694682555404801e+26,4.807232895376532e+26,-4.7167839692333787e+27,1.6500566491665306e+27,-2.7588395196507264e+27,1.3614506230328178e+27,-1.3805193108640826e+27,1.445290892809848e+27,2.668336167443958e+26,2.7560181612068325e+26,-8.923339805726136e+26,1.1865318328359831e+27,3.112491599622379e+27,2.9383894545934895e+27,-1.7106016344314104e+27,3.3635546297906776e+26,6.024708007256822e+27,6.200465414714828e+27,5.108843905066152e+27,3.4687743193383107e+27,2.3564116912561342e+27,2.773111383966881e+27,3.873759089003249e+27,4.8114447514782843e+27
6.755312956162627e+25,1.6980735499785768e+27,-1.1252163862620915e+26,-4.8985075739239215e+25,-1.779609821187058e+26,-5.457202177323546e+26,-1.3579053972972004e+26,-1.717291790537204e+26,-3.172061948972479e+26,-2.5754538584348122e+26,-9.22754958249977e+25,-3.849612161794574e+26,1.9195275366425073e+25,1.2984482099090273e+26,-4.1028258487675524e+26,1.7302829799684635e+26,6.96690479200878e+26,4.126176864158605e+26,8.82330813394734e+25,6.704477183882331e+26,-1.5517799417051174e+27,-1.1819835377034848e+27,-6.352742330730053e+26,-1.3733981618163931e+26,1.0819171432082525e+27,-1.2182383255100964e+27,2.83263319916376e+27,-4.724535623866084e+26,-4.088736016383094e+26,-2.7982492946851234e+26,3.729302830631347e+26,4.141396305758294e+26,-4.474352926101328e+26,4.05311153648879e+26,1.23262744798268e+27,-6.317710963293749e+26,1.2451189775601797e+27,-9.780680224129052e+26,-7.27107295028021e+26,-5.954971268593518e+26,-1.5280295260738337e+27,-2.703732300518927e+26,-1.7192953782836e+26,-1.1264599200009292e+26,-1.8653698096448903e+26,3.481483729533615e+25,1.0923351637089395e+26,6.429544979867455e+25,9.429269442534869e+25,1.0262423539668737e+26,-3.83604074520118e+26,-4.685822240993779e+26,3.1899472933828544e+26,-2.53445928750353e+26,-6.092493441346989e+26,-6.191211244467823e+26,-6.167273181055208e+26,3.4052245514194e+26,-4.018058731768951e+26,1.5467591696267108e+27,2.8310218522889346e+26,6.14907949237241e+26,5.423429638368994e+26,1.4150389075944918e+27,-3.630137812459443e+26,3.0400268793660117e+27,5.660030641299495e+26,-5.8372584943092435e+26,-2.6567079871773052e+26,2.876768745623034e+26,-1.2634050470788308e+26,2.5918125437641997e+26,-5.598245582420082e+26,-7.040933863150712e+26,-1.2642830868833658e+26,-1.248639093213915e+27,3.31111984439932e+27,5.741951917154022e+25,4.7501080299922975e+26,-4.414006917429547e+26,1.5628420051800676e+27,-7.98819327766589e+26,-2.130682478986023e+27,-4.5777611751855e+26,-1.3394501002726806e+27,-3.5943057133709284e+25,-2.376090936863163e+27,-1.4880089093839857e+26,-2.622379248860382e+27,-2.7969201851535976e+27,2.2230723907160334e+26,5.8306082917845995e+26,3.800853954469874e+26,8.176608746865972e+26,-7.037354667527421e+27,3.6787754891318587e+27,-4.1478672285066093e+27,2.917188154695995e+27,-2.121989473156007e+27,2.508808376863281e+27,3.0141476487616184e+26,5.808979514029538e+26,-1.249440084653766e+27,1.994302650578998e+27,4.460899599333892e+27,4.5828002319033707e+27,-2.5317219777525824e+27,1.1136097438545062e+27,9.843502582248138e+27,1.0381200509319417e+28,7.946880785351775e+27,4.905722349783661e+27,3.1764284756312195e+27,3.873759089003249e+27,5.717701253507062e+27,7.44519734421928e+27
4.290485192600283e+26,3.3614228725147007e+27,-2.765581373346314e+26,-1.7434759444247927e+26,-2.9762028948394565e+26,-8.509650157475462e+26,-1.6722720131033087e+26,-2.0653908740758353e+26,-4.114256960150787e+26,-3.442899915928575e+26,-9.118869791772893e+25,-6.782773262421522e+26,5.348684756982567e+25,2.6968553260702893e+26,-4.5010197130660534e+26,3.642211980636721e+26,1.1077623362415409e+27,7.56977275295631e+26,2.9350933928478325e+26,1.0262801617660514e+27,-2.374602955533692e+27,-1.5817430858022743e+27,-7.885229169014548e+26,1.9393130978166408e+24,1.2018585016308928e+27,-1.7103670279226973e+27,3.663741345078459e+27,-9.614720872566658e+26,-3.278626594161935e+26,-2.3922607509486372e+26,4.660926133215481e+26,3.710323699698158e+26,-6.665588610309716e+26,6.277409851127646e+26,1.5133814878311726e+27,-1.0351471570211939e+27,2.0604131748340373e+27,-1.6240979707097887e+27,-9.951460203847888e+26,-9.03268954414433e+26,-2.512291426943929e+27,-5.3331103857627364e+26,-3.564951241124131e+26,-2.7221806349613562e+26,-4.4926435023015835e+26,7.838604430021946e+25,2.078171219322647e+26,1.2146557736499706e+26,2.090241440856352e+26,2.5199138293428883e+26,-7.018461587146657e+26,-8.38409384422333e+26,5.657004502211843e+26,-4.02156781146025e+26,-1.0277224367673212e+27,-1.0525552079256162e+27,-1.0120836835815345e+27,5.505371087428391e+26,-7.083210468399838e+26,2.4112360225745082e+27,1.957771997878438e+26,7.431079538404853e+26,5.853548222234811e+26,1.5380175349247868e+27,-7.104514347133217e+26,4.040137837298442e+27,1.613422830068469e+27,-8.564383833264094e+26,-3.802551742804563e+26,2.7867593946038687e+26,1.8710904605029175e+26,5.802502854871085e+26,-7.178810974033595e+26,-1.449455559404533e+26,-1.0672704379807443e+26,-2.150878930539889e+27,5.114865774515261e+27,2.5091018225181174e+26,4.177145812318032e+26,5.340286887896943e+25,2.2981105659462583e+27,-7.606197559779836e+26,-3.311249165352673e+27,-4.5408139051874646e+26,-1.9508786071223623e+27,1.9553432749213277e+26,-3.510239303537275e+27,1.91102131261163e+26,-3.4566774235352443e+27,-3.7805346134423207e+27,1.116278516165338e+26,9.906482048929659e+26,4.653929253365054e+26,1.2238989764391756e+27,-9.612278584387447e+27,6.713184291760027e+27,-5.671700008804562e+27,5.196263010482044e+27,-2.805248478850503e+27,3.8415625794523835e+27,3.373738210843554e+26,9.75678472230927e+26,-1.4947225362655648e+27,2.846397966149382e+27,5.582929493268913e+27,6.179685323516962e+27,-3.423108835928528e+27,2.3648681065977153e+27,1.4341665538126487e+28,1.5702435993838396e+28,1.1215457919533187e+28,6.275049518208814e+27,3.8704015370965486e+27,4.8114447514782843e+27,7.44519734421928e+27,1.018288513778946e+28
