0,1,2,3,4,5,6,7,8,9,10,11,12,13,14,15,16,17,18,19,20,21,22,23,24,25,26,27,28,29,30,31,32,33,34,35,36,37,38,39,40,41,42,43,44,45,46,47,48,49,50,51,52,53,54,55,56,57,58,59,60,61,62,63,64,65,66,67,68,69,70,71,72,73,74,75,76,77,78,79,80,81,82,83,84,85,86,87,88,89,90,91,92,93,94,95,96,97,98,99,100,101,102,103,104,105,106,107,108,109,110,111,112,113,114,115
2.984555757122901e+27,4.7547933205088503e+27,1.9355015017732577e+27,-1.5447720423301192e+27,1.0826868604135707e+27,7.61580879817308e+26,-8.528614369613784e+26,-4.5043839269541095e+25,1.211737106658188e+25,8.611394997923878e+24,-1.463013419666624e+27,8.383429616663075e+26,4.700961134533308e+26,-5.362883878994836e+26,-4.378276388237384e+26,-5.049931074349681e+26,4.235600337286014e+26,-4.3683433148836026e+26,-3.4220768887823544e+26,-2.3779969954228462e+26,6.502023131905612e+26,7.397440070781471e+25,7.650854182812696e+25,-1.0221356943911724e+25,1.4859662663085844e+25,1.111405798928352e+26,-2.410920194644978e+26,7.056834396828372e+26,-4.6322429523936664e+26,-3.220185593125591e+26,2.1707350328494363e+26,3.8283413210841126e+26,3.117740840167477e+26,7.085733224338e+25,1.43702862019187e+27,-2.4199627022472946e+27,1.2041657555198145e+27,8.369271242614446e+26,-3.894630053119967e+26,1.8276928499458735e+27,7.163842417040748e+26,1.0275606904674812e+27,-1.3072871189807824e+27,-4.268989313355395e+26,-2.2505756013527615e+26,-6.999065008900111e+26,4.323457194289315e+26,3.464974199869385e+26,2.9426927770494296e+26,-1.729325816262309e+26,9.329142527272127e+26,5.7014541055648384e+26,3.3449435905007846e+25,2.898138320823256e+25,-1.0773523571193279e+26,1.8743978585634074e+26,4.147286961584604e+25,7.1075082842620445e+25,1.551234294593784e+26,7.013451534834094e+26,2.6753559860292186e+26,1.642368170251418e+26,5.565532395462932e+25,2.7454907723649764e+26,2.987494156668956e+26,1.0171540775910733e+24,2.6685167092109757e+26,1.4424261995894588e+26,-3.5964207140374973e+25,-1.703997942993831e+25,-5.170398756107194e+25,-2.2164020697653616e+26,-4.95265399940292e+26,-7.828007318923338e+26,-1.4323486604951685e+27,1.5180210314777504e+27,1.0483108353998767e+27,7.882336804818382e+24,7.570850919963538e+26,-5.4042057939889455e+26,4.202368103514479e+26,-9.694372191961061e+26,2.482564929089383e+27,1.1434765747083592e+27,-8.92475085878734e+26,1.426493720440331e+25,-1.2014469707032507e+27,-3.468102278987109e+26,3.337340498929854e+26,-5.51932949455675e+26,-2.0536415268220512e+26,-9.971705041797988e+25,-1.9149297833094496e+26,-3.0926650588632874e+25,2.1557847762236878e+27,-1.4091628697982282e+27,-1.392436335715235e+27,-7.327263982839525e+26,-5.1321007325065115e+26,-9.660524953744538e+25,2.2132855858585247e+26,-6.584378983437913e+24,3.670042473875201e+26,8.410498162788544e+23,4.547093696096298e+26,-1.5641490435686724e+26,9.792473623538478e+26,-4.742921653907557e+26,-1.5608818999638095e+27,-2.3842607239563038e+27,-1.1475603596594334e+27,-3.484327890051293e+26,-1.4664810668520485e+26,-1.504449778644547e+26,-3.1227777578295155e+26,-6.29842321404259e+26
4.7547933205088503e+27,1.0442257131357541e+28,2.8837717118770546e+27,-1.9199612104330174e+27,1.827391091103671e+27,2.3395304522556733e+27,-2.0152495919201215e+27,7.559973056184555e+26,1.0865326023154488e+27,9.075840187068497e+26,-2.277376528598762e+27,2.547358652845996e+27,1.6774905996297667e+27,-1.5409424037430454e+27,-1.2063545142535596e+27,-1.451814130382833e+27,1.3063685612125448e+27,-1.385562243673536e+27,-1.0636338761317368e+27,-1.1133911062348348e+27,1.7703384650870395e+27,-4.4742028333037853e+24,9.451230034518936e+24,-4.7565178588774475e+26,-9.189404389286578e+26,-7.705480946406606e+24,-2.689124831138356e+27,3.402411105518554e+27,-1.0902144581884224e+27,-6.129794963793194e+26,3.756514419538389e+26,1.4460289886419463e+27,7.792215852356697e+25,-9.429302468824345e+26,4.178352357086024e+27,-4.307668846057257e+27,3.959877080661003e+27,1.8843946193271693e+27,-1.925873159783961e+27,2.8015772035932344e+27,2.8677552481681974e+27,1.1728207159728516e+27,-1.4656037508477248e+27,-4.00000750528621e+26,-9.160685079115896e+25,-1.4093757270802683e+27,6.0459136425487625e+26,7.191037442085309e+26,4.5481240993749426e+26,-6.037298198208345e+25,2.535928588451018e+27,1.8702122797370134e+27,-2.2502158264547962e+26,4.009908882177082e+26,-5.734790600258804e+26,8.577564655996283e+26,-1.674131341502528e+26,-2.3070852317677744e+25,1.239367009382909e+26,1.8284816480697361e+27,4.711878979930368e+26,1.6964965098262736e+26,-7.005287876743675e+25,-3.540823180676184e+26,3.7658993329940956e+26,-1.569660067658403e+27,1.3523397826982547e+27,-2.2388914743744217e+26,1.6622038128400927e+26,-2.5042204715555056e+26,-3.5043587460227705e+25,-2.184530594059596e+26,-5.668275249435015e+26,-1.975548841164206e+27,-2.3131044718218776e+27,4.392159661127497e+27,2.0936376180813137e+27,5.334297794680229e+26,1.7369479092117994e+27,-9.972693535788845e+26,-9.4384229997241e+25,-1.3877438919070836e+27,6.885707869421336e+27,3.3132909683029207e+27,-3.964476501106696e+27,1.0298733787743254e+27,-5.719070447008784e+27,1.017137295245545e+27,4.5752552126458597e+27,-4.6259499908351227e+27,-1.780351028535742e+27,-2.803750988394365e+26,-1.3882138183731255e+27,-4.3171606878850045e+26,1.0071304051438227e+28,-5.635586151180336e+27,-7.324551662491773e+27,-3.579599533735147e+27,-3.711493902421398e+27,-1.3924579839456304e+27,1.6786014858980754e+27,-3.608954736811392e+26,2.694824358262988e+27,-9.137507162036848e+26,3.529068143188996e+27,-2.0974699071585966e+27,4.135074622120961e+27,-2.311548487967108e+27,-7.609951900632295e+27,-1.0031360783258804e+28,-6.374958995226292e+27,-3.2445409034778595e+27,-1.9470577680267206e+27,-1.9921752766488325e+27,-2.942227087464482e+27,-4.334176353010966e+27
1.9355015017732577e+27,2.8837717118770546e+27,1.5225982156693628e+27,-1.1579570713467305e+27,9.890825451347005e+26,6.302753950445079e+26,-5.5842739516104264e+26,1.875286308593441e+25,-1.4137814956720925e+25,8.550697582291412e+25,-9.961049876854457e+26,3.690792785361617e+26,1.3186781160293401e+26,-2.8184229588071856e+26,-1.086472199104354e+26,-2.6247470826486302e+26,1.256411565210185e+26,-2.1391922357055586e+26,-1.8933006069579857e+26,-3.548985175344689e+25,2.248279407720485e+26,8.10579351033987e+24,-8.892588858637377e+25,-2.3968308853400612e+26,-1.4080047329196801e+26,1.8705018538201095e+25,-3.7925501220202824e+26,6.0063512604770384e+26,-2.5124198266752967e+25,-9.474007446058537e+25,8.881381422460656e+25,3.973400361061409e+26,4.3152429323021147e+26,1.608932660590362e+26,1.4303493285828293e+27,-1.6671524045129198e+27,4.499123861945408e+26,2.1514859961124296e+26,-5.9563151973829596e+25,8.402283989091782e+26,-1.2242883845882175e+26,5.4406909842958764e+26,-7.772375757508072e+26,-2.2196314365930482e+26,-7.2464795963389685e+25,-3.2862567095272334e+26,3.4090149243463506e+26,1.8684006895059174e+26,2.0523204249113327e+26,1.5307024982586671e+26,4.190300943847228e+26,1.7565187493962216e+26,1.250840475986663e+26,3.934263107509067e+24,4.293609756380656e+25,-1.74835580677285e+25,7.454612683849854e+25,6.309588641123129e+25,9.850025460623493e+25,2.5857997144513275e+26,8.851795091411644e+25,4.529065028916616e+25,-6.3480006895423905e+25,-1.2377106735364893e+25,1.0377322472988235e+26,-1.277130083176398e+26,-2.0271826058620646e+26,3.350298047340181e+25,6.472354938114421e+24,-2.347680045835018e+25,-1.6093868685590208e+26,-3.2239768442827728e+25,-3.0372749132139045e+26,7.85708123299604e+25,-7.086843172396736e+26,6.33411413965656e+26,3.229890621932674e+26,5.297196509705221e+25,1.0468749403167764e+27,1.5196341850821102e+26,7.731188617947831e+26,-1.9427644060489385e+26,1.6250012768393195e+27,5.331544306389763e+26,-4.0312592242352565e+26,3.5220488321985214e+25,-4.082086792524664e+26,-7.485826518422023e+25,-3.812213923277873e+26,-5.220771830349513e+26,-2.969689728692989e+26,-1.5609723114212543e+26,-3.2183008649002075e+26,-8.727754379167208e+25,1.0000095575269422e+27,-2.897435192324331e+24,-8.46365862648894e+26,9.04023100554248e+25,-3.886379335092401e+26,8.833293990903459e+25,1.217018606607814e+26,-1.8060113923458048e+25,1.5753869816307063e+26,7.206149995591221e+25,6.722609918269097e+25,1.565898116802419e+26,5.949224025414678e+26,6.710520232319146e+25,-2.2490248005587228e+26,-6.374137228220837e+26,-5.213497568475013e+26,-2.45170865325171e+26,-1.3985080396677066e+26,-1.5437946627397735e+25,3.351104550399691e+25,1.0044660248672526e+24
-1.5447720423301192e+27,-1.9199612104330174e+27,-1.1579570713467305e+27,1.0321178703555442e+27,-6.306294180938133e+26,-2.2628248079114218e+26,3.984658334624262e+26,1.196587020198948e+26,1.2838172388829555e+26,9.358690729772622e+25,9.327778881402833e+26,-2.945074145177513e+26,-1.1386945411463288e+26,1.5463763141074954e+26,8.649216208995321e+25,1.3985894106636882e+26,-1.149898675412367e+26,1.0274682842699502e+26,8.547722911438314e+25,-1.2499535735590646e+25,-2.376965807643085e+26,-6.157309690470624e+25,-2.6631331724238304e+25,1.993392215321233e+25,-8.693254333749185e+25,-8.850797808806523e+25,-8.44575504382311e+25,-7.827780916636882e+25,9.89867062769749e+25,9.368010152212179e+25,-5.733113687227737e+25,-9.525203165971098e+25,-2.5516420272154653e+26,-1.5770035662443675e+26,-4.8844780761178586e+26,1.3976542594655274e+27,-3.4805799948059664e+26,-3.803883642716562e+26,-3.475172464383887e+25,-8.233328790344573e+26,2.0842953294629502e+26,-6.1439669321794076e+26,8.405492070038027e+26,2.9225497961708407e+26,1.825161179058161e+26,2.9859677868012545e+26,-2.7813705244126494e+26,-1.18656035494742e+26,-1.416232717402851e+26,5.961312428610609e+25,-3.6503428330507366e+26,-1.619288555232118e+26,-1.2114981341159926e+26,6.7688741388009936e+25,-5.26608615558528e+25,2.1032868928348945e+25,-7.801073355432368e+25,-6.899192050750304e+25,-1.0239702644016758e+26,-2.6244303966561705e+26,-1.2106462223738347e+26,-7.346029186833392e+25,-1.0959851971633112e+25,-1.857498825451421e+26,-1.646385241122021e+26,-1.4820279563486788e+26,1.1360951037981001e+26,-1.4362618310362e+26,4.985673145073758e+25,-2.282388048461312e+25,7.07011137625972e+25,1.0881948316684773e+26,2.819610452856775e+26,7.646618026985083e+25,7.49867913818582e+26,-5.04714968472409e+26,-4.852526352471072e+26,1.1161467372622382e+26,-3.552467655833895e+26,9.865902618088259e+25,-3.716761670052134e+26,3.90215295593084e+26,-9.641884178731043e+26,-2.697891279700432e+26,9.103826734370167e+25,2.136941782432239e+26,7.1246599283484136e+25,4.4603281903041616e+26,3.3610796160170994e+26,-2.164575737487328e+26,1.9662967441743365e+25,5.8218767963933844e+25,6.987445132470791e+25,-9.453182233473066e+24,-6.630122527746825e+25,-4.7436365838551565e+25,4.437540675562353e+25,-1.2354626136857451e+26,-3.282574325906048e+25,-1.4618009530108734e+26,1.597000256061618e+25,-3.5955226195346175e+25,5.454435562640457e+25,-1.3318897562705061e+26,1.6031580881743073e+26,-2.2602249557085313e+26,-1.0077523770245904e+26,-1.2325561224913656e+26,-1.3140992592722224e+26,1.4728405206300464e+26,-2.52053035997887e+25,-1.0742140074952207e+26,-7.901812202623067e+25,-1.245765287046486e+26,-1.8742022693392628e+26,-2.1428400892673483e+26
1.0826868604135707e+27,1.827391091103671e+27,9.890825451347005e+26,-6.306294180938133e+26,8.332599333629608e+26,5.664764872860803e+26,-2.8571796731056217e+26,1.2254188883325668e+26,2.4790799018749347e+25,2.3610181347042483e+26,-5.674946766743949e+26,8.38249892619704e+25,-6.697451394162854e+25,-9.575052687349573e+25,1.761429404494724e+26,-1.0986647047760276e+26,-1.0016751536840556e+26,-1.2890240210747932e+26,-1.1861204861433584e+26,-1.903969467614488e+25,-1.5709915858896618e+26,-8.768577669866102e+25,-2.2235731606703195e+26,-4.296597027200574e+26,-3.855482573626606e+26,-1.1021202204704862e+26,-7.88484260834681e+26,8.069274987687051e+26,3.385164868580091e+26,1.019285275212457e+26,-1.089235818305634e+25,4.857413829299564e+26,5.0376122630940304e+26,1.3274392196864362e+26,1.664542358356532e+27,-1.031229475780815e+27,-7.111634976438793e+25,-5.3050962669909505e+26,1.938069360814515e+26,3.431063736517731e+26,7.818859147334294e+25,1.2532071774615842e+26,-2.6706283057061353e+26,-1.2683764077559816e+25,1.0387832087148775e+26,-2.097155940455372e+26,2.3398326323643832e+26,1.6555708658376828e+26,1.6831613703558595e+26,2.6431535446757654e+26,1.4827061077260403e+26,-4.240101419818067e+25,6.898297771190283e+25,9.459575885185823e+25,1.8105834059241648e+25,-8.021441898113012e+25,2.751975601052346e+25,1.3654486888664046e+25,2.7827708719328076e+25,-6.8995250731559415e+25,-3.5880405706630903e+25,-3.291087999450526e+25,-1.4509261623245961e+26,-2.9175991862166223e+26,-6.791859232627074e+25,-3.835977623730322e+26,-3.207678231108049e+26,-1.4519051495226274e+26,7.928061713599056e+25,-6.691642702194479e+25,-2.056726918898057e+26,8.917385330951327e+25,-1.5430863730806286e+26,3.905554821262331e+26,-3.8293550809075146e+26,2.4041081520300472e+26,-3.694820987350305e+26,2.363718680597729e+26,1.4353878232827807e+27,4.998164559758841e+26,1.070228389610607e+27,2.6730343281440873e+26,1.0539580220072067e+27,6.413971816321216e+26,-8.99427182153036e+25,3.582316565380826e+26,3.127519506159349e+25,5.203799369494444e+26,-1.061658518540073e+27,-1.269990397245565e+27,-4.885778224406546e+26,-2.1143823436267162e+26,-4.690114552576884e+26,-1.528024042646761e+26,1.1181741759975986e+27,3.101889123163136e+26,-1.1400735877002731e+27,2.345967527620462e+26,-6.1775461940051666e+26,6.190172050958771e+25,1.7300173591457287e+26,-5.736720369280806e+25,2.0222790324280013e+26,2.1551959375880276e+25,8.597059656536092e+25,1.466491211982391e+26,5.335688920626591e+26,1.13246035470206e+26,-8.897961066097403e+25,-4.537973022764694e+26,-7.490755545432456e+26,-4.5965318063886136e+26,-2.705763385121684e+26,-7.922364934533705e+25,6.701548208375573e+23,6.301748609077932e+24
7.61580879817308e+26,2.3395304522556733e+27,6.302753950445079e+26,-2.2628248079114218e+26,5.664764872860803e+26,1.0512304538341134e+27,-5.723641559603019e+26,4.9688123460630465e+26,5.986268078417026e+26,5.796393750232399e+26,-2.299473979253074e+26,5.8517936206821606e+26,3.916224442386819e+26,-5.174525773375937e+26,-3.740815331282531e+26,-4.781216111967811e+26,3.262464353498809e+26,-4.2812839303919235e+26,-3.981206771283788e+26,-2.8726340126485287e+26,4.408157077928497e+26,-3.860839615212486e+25,-1.265286052992091e+26,-3.574101779081837e+26,-3.551793653190973e+26,-3.090753995629272e+25,-9.094941162752838e+26,1.226952585193996e+27,-2.069594155045026e+26,-1.6216110689340345e+26,1.4416984540067545e+26,6.751504744210718e+26,-1.769561566128814e+25,-4.963080150737412e+26,1.5124425091257604e+27,-7.288231113112828e+26,1.0158177162685311e+27,5.553039225743762e+26,-7.946236481703036e+26,-7.563814816759738e+25,-2.8808396501305325e+26,-4.146872423780886e+25,5.88003572717809e+25,3.290232339276228e+25,7.576362694722712e+25,-9.817689775192375e+25,1.5996455549570665e+26,9.399431496181164e+25,8.996066394044342e+25,3.880897133310655e+26,4.5109144415445644e+26,3.752955639956647e+26,1.0349624868615167e+26,2.8944132203925486e+25,3.5876279759237027e+25,8.942832354057655e+25,4.405858727800566e+25,4.706682809657667e+25,5.573355410519642e+25,4.094519264049184e+26,5.095931829244134e+25,-9.191638475839687e+23,-1.1235404018753661e+26,-2.0776500702656478e+26,4.71788657999196e+25,-4.371945755991926e+26,-9.905595827982878e+25,-3.2023741849719303e+25,4.3033048105727925e+25,-6.2174809904202035e+25,-1.6645318384843685e+26,6.661748812314582e+25,-1.2232396312282991e+26,1.4077868229692858e+26,6.966797769732704e+25,7.516494816302752e+26,4.728328966606642e+26,1.2356759072209692e+26,7.700278466219269e+26,2.5561945715411795e+26,-7.164634912044082e+25,1.1282632948447738e+26,2.1091174862919537e+27,3.121019752150007e+26,-1.5759740397201392e+27,1.649563584879838e+26,-2.085461645066413e+27,2.5027214454694813e+26,1.8060018365082392e+27,-8.929206038685115e+26,-7.063104983559979e+26,-1.8340402862568506e+26,-5.868581891316133e+26,-1.6800418249693946e+26,2.32104002044777e+27,-4.2736730928948e+26,-1.9800154970002688e+27,-2.466684835326132e+26,-1.151382047073879e+27,-1.350848126692196e+26,5.281134726611119e+26,-8.997974303903032e+25,7.807932554389778e+26,-1.203353482719414e+26,7.752446322736841e+26,-2.4248981231561588e+26,1.263088924500063e+27,-1.640381896393528e+26,-1.1360029035129619e+27,-1.4805933242920229e+27,-1.2448644981922933e+27,-7.92560953783067e+26,-5.211474867681212e+26,-4.128423604479958e+26,-5.061570218569476e+26,-6.974702780810193e+26
-8.528614369613784e+26,-2.0152495919201215e+27,-5.5842739516104264e+26,3.984658334624262e+26,-2.8571796731056217e+26,-5.723641559603019e+26,1.1740623609076152e+27,-1.2622683421525057e+26,-3.1075812112797595e+26,-2.093772122538116e+26,7.525142947188596e+26,-1.298768970279914e+27,-1.0101404692915314e+27,8.405603216640109e+26,4.429834943448017e+26,6.747948227854802e+26,-5.296099946610594e+26,5.408659760403752e+26,3.6522653021758855e+26,4.0726652644693846e+26,-7.429496235507723e+26,-2.1334381081814253e+24,-3.762838747700092e+25,-4.027418783505177e+23,9.251475452709142e+25,-2.5496410001235107e+25,3.381141947295245e+26,-7.340665153378391e+26,4.514474076363764e+26,2.1057122587619276e+26,-1.8903072386223285e+26,-3.539489946606403e+26,-9.11238941972134e+25,-6.291124718295147e+24,-7.544066349069962e+26,1.2198981386519802e+27,-1.7901132547506647e+27,-1.0901282611191695e+27,6.794650994470974e+26,-3.035012234836205e+26,-3.623725597502877e+25,-3.00910013302005e+26,3.518971085618448e+26,1.8692288887482227e+26,2.3369349436159065e+26,-7.722473951842773e+24,2.655329591685378e+25,1.2301651085692561e+26,1.089187079538253e+26,2.3221575932402935e+26,-8.552726954009307e+26,-8.946689811396612e+26,-1.6305199272009383e+26,1.46517179209087e+26,-1.1163734379951512e+26,-2.1191982161891466e+26,-6.993533849842171e+25,-6.506189944070389e+25,-5.192699126678572e+25,-6.996295830628412e+26,-8.916030341331472e+25,-2.2049201741341197e+25,-6.533858989791802e+25,-6.868639476908947e+25,-1.055174332859313e+26,8.038648596956494e+25,-3.167082617621052e+26,-2.0035193633833276e+26,5.5040971195832426e+25,-2.274538441197075e+25,-8.425037606379132e+25,1.0619635963309186e+26,5.515766554275261e+24,4.217632180781859e+26,3.0017025402393414e+26,-1.2496803866365366e+27,-1.1257940569333353e+27,3.0897470339384962e+26,-3.780338499821057e+26,4.4081259455424276e+26,9.371617149077625e+25,4.4736923946797904e+26,-2.2627683410905887e+27,2.9206723056970196e+26,1.3261513370728786e+27,5.121104153642449e+26,1.693554757202894e+27,7.024323206556607e+26,-1.9500693614895837e+27,-3.6801754164097025e+26,1.7414991046665664e+26,-1.1750254618919061e+26,7.826898560668834e+25,-3.365800782705086e+25,-1.8098378781077733e+27,1.0010603212221607e+27,1.3140066570458607e+27,6.571559833593714e+26,6.042283125887379e+26,2.6931918200217798e+26,-2.339743098429977e+26,1.345138731806127e+25,-4.423125430896814e+26,1.628121555018835e+26,-6.796910716869832e+26,4.653040927304346e+26,-8.036785947827987e+26,2.703200298697283e+26,1.3939472440701535e+27,1.8113394856166136e+27,8.864743535868044e+26,4.7266718099488e+26,3.223953279177396e+26,4.233802703127325e+26,6.224606696403877e+26,8.48789834792936e+26
-4.5043839269541095e+25,7.559973056184555e+26,1.875286308593441e+25,1.196587020198948e+26,1.2254188883325668e+26,4.9688123460630465e+26,-1.2622683421525057e+26,7.096465173376173e+26,6.615878310171927e+26,5.753322065378704e+26,6.614638582661769e+25,4.512702287430881e+26,2.9165542739843493e+26,5.886775394737281e+25,2.771208707845241e+26,1.6385388148794275e+26,1.4991356492908845e+25,1.73193223045543e+26,2.2425020090084082e+26,7.784957900956809e+25,6.139747161651294e+25,-1.2354904727693185e+26,-2.5598820624545307e+26,-5.008370318768334e+26,-4.7095318031200546e+26,-1.291138936713755e+26,-1.0065919395583481e+27,4.615152472081414e+26,5.302025373667953e+26,4.5246025524068275e+26,-3.713638772920191e+26,1.590360421288973e+26,-1.7993850356647935e+26,-5.6163787123797346e+26,3.3662625539012204e+26,-1.5852246307708715e+26,7.051237503431908e+26,7.111055141306894e+25,-3.7947082280187046e+26,-3.0757201654221643e+26,-2.8829896025759376e+26,-1.5254426827837554e+26,2.1777692805439075e+26,6.00427736066881e+25,9.477502083310874e+25,-1.5759260786249884e+26,1.7194727900603276e+26,1.5530515744954586e+26,9.830084239760364e+25,4.003649042686491e+26,5.189933715181208e+26,3.88485337248272e+26,3.6355949369694903e+25,1.4158132006023703e+26,-9.9635950218682e+25,1.4424356206581652e+26,-9.052736926075641e+25,-3.7621664873233168e+25,-5.918576083602282e+25,1.7671202601174993e+26,-2.6583539628718385e+25,-6.924740633578391e+25,-1.9352958933077904e+26,-4.2800905942513955e+26,-6.923221282019698e+25,-6.916922020857004e+26,-5.630498597378274e+25,-2.020196460103879e+26,1.03790876501568e+26,-1.1293652695432542e+26,-1.441293224103889e+26,5.764364306199059e+25,-1.0421582600632578e+26,2.029424507974694e+26,1.884305545983691e+26,8.11435626846582e+26,5.345517494779766e+25,2.3168970679197924e+26,2.3202562820322752e+25,3.406420029379871e+26,-3.398088220056921e+26,2.2772716951528e+26,1.2315096973197045e+27,5.390233381127743e+26,-1.0393744812564677e+27,3.907666316230404e+26,-1.5289638831252835e+27,6.0802392163820124e+26,1.962543278985174e+27,-1.434155679158773e+27,-7.755859323016976e+26,-2.471481211445616e+26,-6.841788804146252e+26,-2.565037264713911e+26,1.0915591472633702e+27,-2.801740867167436e+26,-1.162084885787324e+27,-2.6591564184282282e+26,-9.349030199849054e+26,-2.1145360912700084e+26,4.162988752898367e+26,-1.4614799839941329e+26,4.842833728827975e+26,-1.740622018560299e+26,4.080890856155113e+26,-1.4256342199145466e+26,2.326319952436697e+26,-1.989911742983698e+26,-6.379850292079742e+26,-1.0189627841266145e+27,-1.3169576218165993e+27,-8.70402437752757e+26,-5.403335655519419e+26,-3.454895308598661e+26,-3.538516836143094e+26,-4.4153179370447905e+26
1.211737106658188e+25,1.0865326023154488e+27,-1.4137814956720925e+25,1.2838172388829555e+26,2.4790799018749347e+25,5.986268078417026e+26,-3.1075812112797595e+26,6.615878310171927e+26,8.279116411883044e+26,5.700287449773932e+26,1.012297661419631e+26,6.796651244667659e+26,5.576826484121403e+26,-3.159463591808624e+26,-1.3460100251105498e+26,-2.109714901260413e+26,4.2842746695398036e+26,-1.3502061880335202e+26,-2.828761033066527e+25,-1.6708246058341545e+26,5.693994556855308e+26,-1.1490673805353026e+26,-2.140075017216256e+26,-4.472738524780948e+26,-4.2941959638132855e+26,-8.353721544922542e+25,-1.0175028589461777e+27,7.537106804719054e+26,1.0198439028960814e+26,2.5631468390041967e+26,-2.755870624421238e+26,2.91862622161603e+26,-3.4918071651147653e+26,-7.063362266087495e+26,3.1937544071612376e+26,-1.3485988526904872e+26,1.3420748641597813e+27,8.367594036719289e+26,-8.54548636467268e+26,-2.781560542364538e+26,-3.523580065650987e+26,-1.0499931542561234e+26,1.849396281913047e+26,3.2679925492404607e+25,4.438797446239482e+25,-7.93040822886086e+25,1.2857861583973103e+26,1.0760641602228984e+26,6.137517905502428e+25,3.2066235511099745e+26,5.7457679992906e+26,5.736956685563452e+26,8.16635521937853e+25,8.309764750310554e+25,-3.660620568202426e+25,1.8345634048293837e+26,-4.681017833293959e+25,-7.736567064297452e+24,-2.585090631335126e+25,5.40662410334505e+26,3.0914505958512774e+25,-4.8273689412173004e+25,-1.6005731865920486e+26,-3.311323671877948e+26,1.5142566697202445e+25,-6.430221627165624e+26,6.08927642512468e+25,-1.0540518979404825e+26,7.610338148970231e+25,-9.963130647820067e+25,-1.1112222611335854e+26,2.4865949293767547e+25,-1.0053855711357859e+26,3.3112208219205694e+25,2.4411526886785822e+26,9.757296230631024e+26,6.569756053775598e+26,1.2762307579618931e+26,-2.4658758119022458e+26,1.5675686759790602e+26,-7.7771572796896e+26,6.693838233806384e+25,1.5831563011062233e+27,2.8187417720067318e+26,-1.6460031184935158e+27,1.9810563200277603e+26,-2.389504602193972e+27,3.059010446102145e+26,3.277139822553529e+27,-9.735226774840063e+26,-8.537060308678567e+26,-2.0218692349933028e+26,-6.674864655086289e+26,-2.3537206331837658e+26,1.6501220245468276e+27,-6.286210337608658e+26,-1.569670616493592e+27,-4.836558512509547e+26,-1.1768757678271844e+27,-2.8737286075782208e+26,5.797780845899857e+26,-1.4488264262860433e+26,7.373899480448718e+26,-2.197901530987633e+26,7.009850426941569e+26,-3.0838880083071678e+26,5.9305137878525525e+26,-3.0470345810147294e+26,-1.1045754602828033e+27,-1.5006927390093746e+27,-1.4542288564026004e+27,-9.51917930010759e+26,-6.0519305551248864e+26,-4.701054925725149e+26,-5.6576894855853016e+26,-7.424583831776185e+26
8.611394997923878e+24,9.075840187068497e+26,8.550697582291412e+25,9.358690729772622e+25,2.3610181347042483e+26,5.796393750232399e+26,-2.093772122538116e+26,5.753322065378704e+26,5.700287449773932e+26,5.852582111380711e+26,-2.8576165484770586e+25,3.7256936807486605e+26,2.2871495464780834e+26,-1.077829182360748e+26,1.7620945196864253e+26,-6.375959967711789e+25,3.6760580269189443e+25,-9.514268699511093e+25,-3.0214974963031806e+25,-1.2470943638577222e+26,2.8676302558207524e+25,-1.0665308727115283e+26,-2.1426695772867732e+26,-4.548473241777304e+26,-4.4370610502529094e+26,-1.0850438511906544e+26,-1.0149524902641764e+27,7.880790151466512e+26,3.889937178046454e+26,2.889645649375635e+26,-1.9146439928487666e+26,3.678504685324759e+26,-3.0830028076720743e+25,-4.8920373515953784e+26,7.966842542917603e+26,-2.8238324293189596e+26,5.242626174955901e+26,-9.967823324977521e+25,-3.136777466724708e+26,-2.667113541101726e+26,-1.3138587881466173e+26,-1.784074741595409e+26,2.221769406872539e+26,8.008674740268232e+25,1.0984578999423122e+26,-1.3114472260212399e+26,1.327949239177299e+26,1.2062116948777762e+26,8.256850325128699e+25,3.27387303372108e+26,3.650709162864622e+26,2.5613144125492742e+26,4.237251867410365e+25,1.0539098078689094e+26,-4.588048395476091e+25,6.5550577691201575e+25,-4.122701780101869e+25,-1.3541521217208856e+25,-2.5026697191121925e+25,1.3274089627480628e+26,-1.3126554255782328e+25,-5.125305009385423e+25,-1.6658183060415854e+26,-3.439762116883984e+26,-3.814015063602702e+25,-5.5678850059181984e+26,-1.1603203680312634e+26,-1.5351059233264014e+26,8.337546808054227e+25,-9.014617175984464e+25,-1.510937592537637e+26,7.325621285157527e+25,-7.8818340938803e+25,2.4728592471616982e+26,7.765826697711633e+25,5.9004417529008864e+26,-3.4035969862705615e+25,2.0803814837262202e+26,5.0242149039473224e+26,3.580837613854793e+26,-2.798780218113313e+25,2.6479940270860753e+26,1.2251414939547936e+27,5.196288634616202e+26,-9.295317965604341e+26,3.5410451910572524e+26,-1.3124809380619708e+27,5.761568770105556e+26,1.1948535078427349e+27,-1.3412218714313455e+27,-7.480804734553248e+26,-2.2071119852117546e+26,-6.257638952952961e+26,-2.0641113711719155e+26,1.4158836515790286e+27,-1.7092394275713178e+26,-1.4552850469398934e+27,-1.5150723534831511e+26,-1.0043940482939745e+27,-1.3288098125127656e+26,4.336451722106662e+26,-1.1009915875416842e+26,5.3527350236514125e+26,-1.1877657062286898e+26,4.428659557317947e+26,-1.1025618633373515e+26,4.589357543467734e+26,-1.2203380749363924e+26,-6.438052996617287e+26,-1.034059003744169e+27,-1.2169313256113922e+27,-7.77680436694766e+26,-4.804140525497962e+26,-3.1620477561275144e+26,-3.3209604997301376e+26,-4.229302231699542e+26
-1.463013419666624e+27,-2.277376528598762e+27,-9.961049876854457e+26,9.327778881402833e+26,-5.674946766743949e+26,-2.299473979253074e+26,7.525142947188596e+26,6.614638582661769e+25,1.012297661419631e+26,-2.8576165484770586e+25,1.4557748578254795e+27,-8.925803769865941e+26,-4.922592322096535e+26,2.3416922175599614e+26,-1.7041164300750708e+25,2.1522691109418945e+26,-1.0444226780220061e+26,2.6473864129182684e+26,1.652964691519271e+26,2.1503102006255743e+26,-1.978410797098733e+26,-1.5902300503971417e+25,-2.618702653264054e+25,3.711691260515033e+25,1.2002524739161702e+26,-1.9076083735483433e+25,3.9270072037364105e+26,-5.297245006738284e+26,4.505068677259248e+25,4.961238495471806e+25,-7.065917990098553e+25,-2.0095576036151075e+26,-3.1365638250106624e+26,-1.3478621348030881e+26,-7.69365272282912e+26,2.0498580020772258e+27,-8.249589484734475e+26,-1.58672073351589e+26,-1.0932173463042429e+26,-1.010490510068586e+27,-5.838799875487479e+26,-6.686100329954907e+26,9.076210541131877e+26,3.754360653892131e+26,3.3539356627257156e+26,5.347142798211116e+26,-1.881780197035139e+26,-6.304465358306494e+25,-1.656891577704519e+25,4.730154546237263e+26,-1.0044522614246067e+27,-6.339428270693407e+26,-1.1980559057391309e+26,8.063038509705383e+25,1.8560965891264803e+25,-1.1643285898330425e+26,-3.829817409865257e+25,-5.7935550646500774e+25,-8.034275622584386e+25,-3.508277510233803e+26,-1.220219609025808e+26,-4.876406464285274e+25,-2.1987934917887656e+25,-7.217100202242448e+25,-1.3403697735017156e+26,7.522369306914551e+25,-1.7649163746758446e+26,-1.4406284288019779e+26,3.059306843805811e+25,6.840199189393105e+24,-1.0191967539949484e+25,1.937926980295709e+26,1.9244858894688105e+26,4.232474826607247e+26,1.32437249921856e+27,-1.3773002013961872e+27,-5.355444439397703e+26,2.3454446587815506e+26,-6.741284695171885e+26,3.8646559799410456e+26,-4.85647648738437e+26,6.118327461847882e+26,-1.657173005544034e+27,-6.920331939351022e+26,2.0257412182126992e+26,2.8776708658413675e+26,2.9870419806934473e+26,4.3779668705201e+26,3.974666771822827e+26,4.601915995985536e+26,1.8756059165487138e+26,-1.6857475190372542e+25,1.4377855817411547e+26,-1.8077892273926335e+25,-1.4423437340199806e+27,8.023640149895478e+26,1.1214694870521172e+27,4.6707620563999174e+26,4.9065394334068854e+26,1.1700706268833567e+26,-1.7697200077213977e+26,-1.0618842698301829e+25,-2.815953189027396e+26,3.798771419636577e+25,-3.7327265295418695e+26,1.97484325534603e+26,-4.129809160639359e+26,1.763735074208175e+26,1.024060237324817e+27,1.7524218818623498e+27,9.665222772181722e+26,3.954536653496936e+26,2.277364604869828e+26,2.5094014652987567e+26,3.547559329111788e+26,5.0922722351238494e+26
8.383429616663075e+26,2.547358652845996e+27,3.690792785361617e+26,-2.945074145177513e+26,8.38249892619704e+25,5.8517936206821606e+26,-1.298768970279914e+27,4.512702287430881e+26,6.796651244667659e+26,3.7256936807486605e+26,-8.925803769865941e+26,2.1669770432900678e+27,1.7795445352816844e+27,-7.519783262858059e+26,-3.73865262563549e+26,-4.287613515007234e+26,8.27910118436297e+26,-1.691932175777175e+26,-1.0499472129534423e+25,-1.5141476944055953e+26,1.342713873248804e+27,-1.732330397137759e+26,-1.3026853415968233e+26,-2.511350570067803e+26,-4.606674125955479e+26,-1.5531822275926776e+26,-9.863626968121944e+26,6.89484995307443e+26,-2.8335912051208007e+26,8.70157319975044e+25,-1.9748112306697123e+26,1.4001208663735648e+26,-2.596681509964402e+26,-4.131111920840296e+26,1.4897174741212147e+26,-1.4462548434595718e+27,3.181415832771936e+27,1.9353266798351996e+27,-1.0497283358773913e+27,4.553271859515793e+26,3.707639331181273e+26,3.813711773550984e+26,-3.956467472877981e+26,-2.4360582971752392e+26,-3.2672837551342256e+26,-2.4272689989195426e+26,-3.910330832330183e+25,-8.994736673681821e+25,-1.4146860191945082e+26,-3.9118430174884175e+26,1.806235413941701e+27,1.8736726283975604e+27,1.623281446246985e+26,-1.3887638788762122e+26,2.9400872615754403e+22,6.846015174457468e+26,3.330736634469764e+24,7.003453578753706e+25,2.364140987784548e+25,1.432730337310574e+27,1.5707757312331763e+26,9.199700936804133e+24,8.231422697877174e+24,-1.4896574869336516e+26,7.67150401214957e+25,-6.0244430097010975e+26,7.364593889119193e+26,2.299862202177144e+26,-4.23580897182343e+25,-4.79703825845064e+25,1.3370426244402252e+26,-2.07886082670471e+26,-6.351846256646955e+25,-9.119312439864204e+26,-5.809418670788628e+26,2.7215152285007893e+27,2.0200136411505257e+27,-3.7078486757155605e+26,-4.876834353733884e+26,-8.200613364173506e+26,-9.111801128979752e+26,-8.113127396672988e+26,3.0515857544312737e+27,1.4812923458021738e+26,-2.0922954867658734e+27,-5.186043650700645e+26,-3.051330871842089e+27,-7.144124309721177e+26,4.500761201421312e+27,-2.6345306880821466e+26,-6.464004559680926e+26,5.181448164649231e+25,-4.481782097309775e+26,-1.1281370857471775e+26,2.819173030290275e+27,-2.2453084173902457e+27,-2.0833015454835816e+27,-1.5668882095969013e+27,-1.253910084868919e+27,-6.861265211833089e+26,5.586149040304873e+26,-1.3279162856595603e+26,8.426208753192673e+26,-4.329674499803954e+26,1.2124248920254055e+27,-9.059404110711803e+26,7.884831995053525e+26,-8.107130318161072e+26,-2.7200001974196297e+27,-3.6587040875437517e+27,-2.2969735444285643e+27,-1.2736838356318376e+27,-7.952146944806975e+26,-8.554728557552056e+26,-1.2149126372758383e+27,-1.6670413065582096e+27
4.700961134533308e+26,1.6774905996297667e+27,1.3186781160293401e+26,-1.1386945411463288e+26,-6.697451394162854e+25,3.916224442386819e+26,-1.0101404692915314e+27,2.9165542739843493e+26,5.576826484121403e+26,2.2871495464780834e+26,-4.922592322096535e+26,1.7795445352816844e+27,1.6049961861571295e+27,-6.891183307450027e+26,-4.1442069618729674e+26,-3.791905832567126e+26,8.853209398590524e+26,-6.399578107313493e+25,4.206930238234454e+25,-2.2054402569646105e+25,1.413470826491546e+27,-2.0266165031871602e+26,-1.3493073664738648e+26,-1.86564092397555e+26,-3.609161729928004e+26,-1.7657921662264827e+26,-6.663381794548508e+26,3.7317735508905716e+26,-3.3757871221578564e+26,4.700900765105906e+25,-1.9326583679119798e+26,2.1557856408062853e+25,-3.102991487050363e+26,-3.5942065787029294e+26,-2.3288259769935808e+26,-8.139220857113532e+26,2.8373284346472473e+27,2.0119154951513758e+27,-9.717729214139473e+26,2.4207512033372164e+26,1.0447182518304054e+26,2.4706678132119793e+26,-2.2282210574072414e+26,-1.5864470473954656e+26,-2.4291868176381548e+26,-3.225215789580226e+25,-9.28039353723686e+25,-1.2191578314420454e+26,-1.3567751925705097e+26,-3.155226247898093e+26,1.3170851011442314e+27,1.5907820728481357e+27,1.6750195332021406e+26,-1.5272842481125008e+26,8.88300090944121e+25,5.722200447063797e+26,4.574783901069567e+25,7.488531613712413e+25,3.01685268834905e+25,1.4007762785083653e+27,1.2791130916629141e+26,1.5787596718669071e+25,3.1120489243775203e+25,-7.066575719252275e+25,4.22234456789669e+25,-4.060521304003675e+26,6.148855078878665e+26,2.490931849015734e+26,-5.57025431068957e+25,-2.1214539132995184e+25,1.2644591291284937e+26,-1.5886347628112297e+26,-2.9869748915080844e+25,-7.572676032501556e+26,-2.529838849619089e+26,2.0531888650764386e+27,1.9648365763292e+27,-3.457332584025612e+26,-7.563782827934309e+26,-7.198671836795561e+26,-9.966636479482831e+26,-6.678371699025512e+26,2.1872420186654967e+27,-2.1781023774006137e+26,-1.7645541844040903e+27,-5.385212181915298e+26,-2.5942077580825455e+27,-7.706177178081943e+26,4.245926730624571e+27,3.431092631328866e+26,-4.61147024817067e+26,6.597899263645559e+25,-2.8247144295261052e+26,-7.202181640874168e+25,1.8938060435209595e+27,-1.767650105209833e+27,-1.3543616409050795e+27,-1.2394484054479932e+27,-8.766980179357066e+26,-5.370476863496953e+26,4.139466507591598e+26,-9.851775054072445e+25,6.054933972817215e+26,-3.359818672603162e+26,8.876300045870186e+26,-6.987398815833082e+26,4.9324116962320086e+26,-6.47311719080227e+26,-2.034008803177727e+27,-2.6596140896012655e+27,-1.605800848360579e+27,-9.00951800558587e+26,-5.5631784984617296e+26,-6.20323310647451e+26,-9.061368947799738e+26,-1.2539316874284607e+27
-5.362883878994836e+26,-1.5409424037430454e+27,-2.8184229588071856e+26,1.5463763141074954e+26,-9.575052687349573e+25,-5.174525773375937e+26,8.405603216640109e+26,5.886775394737281e+25,-3.159463591808624e+26,-1.077829182360748e+26,2.3416922175599614e+26,-7.519783262858059e+26,-6.891183307450027e+26,1.0584286682274706e+27,8.370601142649082e+26,1.0271679237860915e+27,-8.347813229900009e+26,9.16229382614299e+26,6.813684194978142e+26,7.276258831676302e+26,-9.517258186844087e+26,-4.332305345471669e+25,-1.584204636667569e+26,-1.9455990411962046e+26,-8.92479946176133e+25,-1.0451087514179553e+26,7.631405011289321e+25,-9.100799842720636e+26,9.149376496312306e+26,4.724169602968553e+26,-3.5440648485297686e+26,-4.436838706003043e+26,7.813143218751689e+25,8.402249925304428e+25,-6.148101754666862e+26,4.9291967567361344e+26,-1.4499884081500836e+27,-1.3275605791442747e+27,9.39974444678688e+26,-1.457939237171008e+26,2.7318265320545123e+25,-1.5687488936527432e+26,1.4135144288585655e+26,8.502613200584794e+25,1.442408092384111e+26,-1.6417394025921977e+26,1.1163250653049713e+26,1.4961316310283023e+26,1.0480231134246914e+26,1.6661788050342736e+26,-2.1985258411579407e+26,-4.2426708182846926e+26,-7.547991859277216e+25,1.6227673191066125e+26,-1.3624571610268575e+26,-7.150393543778336e+25,-1.055472171257956e+26,-6.887976108504899e+25,-7.195733504912475e+25,-6.963578029091506e+26,-1.2577896814538707e+26,-4.564294534235588e+25,-1.192909124137354e+26,-2.6225175757254332e+26,-1.9212955486694654e+26,-1.8344026507273102e+26,-3.116892179672159e+26,-2.409057738409976e+26,8.659592888770709e+25,-6.12311801351214e+25,-1.2316091143472331e+26,8.15026023275129e+25,-3.7375701649813224e+25,4.221052622024484e+26,-5.57521280023723e+24,-4.6871921552664425e+26,-1.1556284270945815e+27,2.8712179588825216e+26,-1.3081478632291604e+26,4.745302476524833e+26,4.302792585465871e+26,3.9691729774313396e+26,-1.5377747422345674e+27,5.460105516365717e+26,1.389891522497054e+27,4.970141367192566e+26,1.8009106897022914e+27,7.361488097871979e+26,-2.064594268258727e+27,-8.45157438976201e+26,7.454939729431761e+25,-1.8513584102518224e+26,-1.1171443748567304e+26,-1.0882887849390497e+26,-1.8076955652119743e+27,8.980257520882659e+26,1.2999534880305094e+27,5.5028999319394916e+26,5.796770476838229e+26,1.9061525885751755e+26,-3.133683574146104e+26,-2.970231362635667e+25,-5.6741045736550606e+26,1.0662831942548372e+26,-7.62731106504422e+26,4.640643372994602e+26,-1.0471277159724854e+27,2.141526380009152e+26,1.3236916180335597e+27,1.4906531498871444e+27,4.446223636063994e+26,1.9968840321526078e+26,1.563087278240864e+26,3.507440861481321e+26,5.894976987144367e+26,8.253073039427798e+26
-4.378276388237384e+26,-1.2063545142535596e+27,-1.086472199104354e+26,8.649216208995321e+25,1.761429404494724e+26,-3.740815331282531e+26,4.429834943448017e+26,2.771208707845241e+26,-1.3460100251105498e+26,1.7620945196864253e+26,-1.7041164300750708e+25,-3.73865262563549e+26,-4.1442069618729674e+26,8.370601142649082e+26,1.5246371233925734e+27,9.399789051022568e+26,-9.22525084622263e+26,8.856695662565843e+26,9.329311433312642e+26,6.68180226356288e+26,-1.3619428070165515e+27,-4.139942741611172e+26,-7.0376125094779e+26,-8.974258248489538e+26,-8.649939311019651e+26,-5.244025491385782e+26,-1.1589800242593638e+27,-1.4394750988263911e+26,1.9440115341801022e+27,1.2121211004661483e+27,-7.037379500370054e+26,-3.6024235084542157e+25,6.934073695389056e+26,5.126876634112556e+26,7.738596618597091e+26,4.492485815334224e+25,-1.2387853144689049e+27,-2.508091142156684e+27,1.3742227771416182e+27,-5.45499285361086e+25,5.225642583018944e+26,-1.9764487503194285e+26,1.3630694472936345e+26,1.084959876313325e+26,2.0090973228043494e+26,-2.2321947825431306e+26,1.7098887823969036e+26,2.3469327405832042e+26,1.485286308677817e+26,1.8037712145729546e+26,-2.590775922333018e+25,-2.7400551578147914e+26,-7.23896325179803e+25,3.175198466474007e+26,-1.9987378425457935e+26,-8.807193423266219e+25,-2.1583979440302683e+26,-1.5721762609109785e+26,-2.1502058932603224e+26,-9.63165285524888e+26,-3.7358559675001705e+26,-2.1806079953913253e+26,-2.9873988913392502e+26,-9.058998096139167e+26,-5.712470516214979e+26,-8.17412366404958e+26,-4.6982539524818236e+26,-5.323203708872374e+26,2.1014138420051503e+26,-1.3893966685031844e+26,-1.9126335919877035e+26,1.3404615573999982e+26,-1.2803750131663175e+25,7.58216157803983e+26,-1.877469078056021e+26,-1.1332548951856436e+26,-2.0178342968380531e+27,4.871561608268234e+26,1.5971167435981198e+27,8.892512322980505e+26,1.8029819377535096e+27,7.284747373990436e+26,-8.36173170002e+26,1.0366794111313149e+27,1.518920953725159e+27,8.635575842120392e+26,2.2337866127035068e+27,1.3878324346367485e+27,-3.072993749315638e+27,-2.4814321181273035e+27,-3.63589377539561e+26,-2.9173203591109235e+26,-4.43352250233336e+26,-2.410225131631038e+26,-1.1622369975838379e+27,1.2509335569474012e+27,3.101989143403219e+26,6.848344317508146e+26,4.869336239474702e+25,1.2361975081441581e+26,-3.980799117693432e+26,-9.474594167626031e+25,-7.64801699146461e+26,7.436385249881839e+25,-1.0161425556160757e+27,6.113728889781894e+26,-1.1985443082100412e+27,3.460343378608979e+26,1.442722490807064e+27,1.0835908461367485e+27,-4.961593943893078e+26,-3.5660322467982174e+26,-1.044587115840247e+26,3.0630465163753338e+26,6.462726082849162e+26,9.433119309778934e+26
-5.049931074349681e+26,-1.451814130382833e+27,-2.6247470826486302e+26,1.3985894106636882e+26,-1.0986647047760276e+26,-4.781216111967811e+26,6.747948227854802e+26,1.6385388148794275e+26,-2.109714901260413e+26,-6.375959967711789e+25,2.1522691109418945e+26,-4.287613515007234e+26,-3.791905832567126e+26,1.0271679237860915e+27,9.399789051022568e+26,1.1304969037466408e+27,-7.571514950320531e+26,1.1565475585302871e+27,9.131068568511502e+26,9.701408694325368e+26,-7.931723268954763e+26,-1.5217843765845707e+26,-3.002714105380521e+26,-3.484625478337811e+26,-2.656048365386875e+26,-2.2901697506409348e+26,-9.636753479757846e+25,-1.0489522468258881e+27,1.108725703188543e+27,6.435717737048303e+26,-4.870730200297047e+26,-5.128363295514096e+26,7.237184956388482e+25,8.943457716735967e+25,-7.071623473487585e+26,4.3750848264982775e+26,-9.464147768422738e+26,-1.1074214394666093e+27,8.671137527278579e+26,-1.7109375865662072e+26,-1.0033167109697479e+26,-1.294111702989454e+26,1.226068345627898e+26,6.135522663656893e+25,1.1459201844870299e+26,-1.365423535044571e+26,1.2778888443717336e+26,1.504871137405142e+26,9.652310075596673e+25,1.817571148794105e+26,1.7542902425304108e+25,-1.1966167647410833e+26,-2.432389976019802e+25,1.700235790501745e+26,-1.3040178389476427e+26,3.3367081910978322e+25,-1.3332178818755294e+26,-7.843170219720046e+25,-1.0657696552415831e+26,-5.356993982626467e+26,-1.847792296364002e+26,-7.915357828051377e+25,-1.5143741240550021e+26,-4.226056087706083e+26,-3.056685929900774e+26,-3.6301759275670825e+26,-2.8190282108271597e+26,-2.625679138812752e+26,1.0206608760975725e+26,-7.84002474391804e+25,-1.2749681386947168e+26,7.017400871170883e+25,-5.005469095100081e+25,4.05419547616904e+26,6.703314820629308e+25,-1.0325585098033839e+26,-9.752961286104585e+26,2.6856649657999003e+26,-2.2483420785717957e+26,4.68294096088361e+26,3.807404276146318e+26,3.6535478610431374e+26,-1.2122968246948749e+27,4.668474877009761e+26,1.1746236719997926e+27,4.528580366783216e+26,1.5241375558860346e+27,6.801098306676295e+26,-1.3230564257097278e+27,-8.750411894192237e+26,1.4369916208769965e+25,-2.1003559162494587e+26,-1.9451487011760122e+26,-1.5106953400943028e+26,-1.9275904598084928e+27,8.322030201998462e+26,1.3871869610596258e+27,4.712223922476662e+26,5.7538569063532554e+26,1.2797373843005314e+26,-3.5827627908170396e+26,-5.632311510682048e+25,-6.465027423459301e+26,6.859394436292217e+25,-8.220369552322821e+26,4.591616461951243e+26,-1.1997652737038776e+27,1.740893865828733e+26,1.3140033986992382e+27,1.4154670415629852e+27,2.4984038176326388e+26,5.094713073284004e+25,7.35688800024178e+25,3.224114405317652e+26,5.7869568799370664e+26,8.187168920229583e+26
4.235600337286014e+26,1.3063685612125448e+27,1.256411565210185e+26,-1.149898675412367e+26,-1.0016751536840556e+26,3.262464353498809e+26,-5.296099946610594e+26,1.4991356492908845e+25,4.2842746695398036e+26,3.6760580269189443e+25,-1.0444226780220061e+26,8.27910118436297e+26,8.853209398590524e+26,-8.347813229900009e+26,-9.22525084622263e+26,-7.571514950320531e+26,1.568422891647207e+27,-4.5217122438564615e+26,-2.5141490288936856e+26,-1.214706844816965e+26,2.1159907466263885e+27,-3.514728019364841e+25,5.3611389808424085e+25,4.939465563692613e+24,3.0657319859037398e+25,1.2734786491707722e+26,-1.413093586207351e+26,1.8726300123312928e+26,-1.0078538350224616e+27,-3.0671104638690704e+26,-1.3090811216683844e+26,-1.1077826870275873e+26,-5.4570698068532024e+26,-5.2866497490253365e+26,-7.71124116815865e+26,-2.5950127530004685e+26,2.2344291008039844e+27,3.0086041669851086e+27,-1.2075709453318593e+27,1.3100452716172552e+26,-3.4608007433497295e+26,2.0514975947470995e+26,-1.6302620615214324e+26,-1.0597494387514009e+26,-1.600333416929483e+26,9.681192142299825e+25,-6.450533649289799e+25,-9.248152661104839e+25,-6.824085464178011e+25,-1.2243787681963331e+26,3.775019707653786e+26,6.969726638199442e+26,1.3772632986850458e+26,-1.5884147377680448e+26,1.6943516363511308e+26,1.8597379327652816e+26,1.1717645737878025e+26,8.907232077663895e+25,8.233183467264689e+25,1.6078747349928666e+27,2.202759508033656e+26,5.3621040770122505e+25,7.271383474543181e+25,2.4342000910461014e+26,3.3222796889505104e+26,-6.6685620482129606e+25,5.023479540432167e+26,2.9402668583306365e+26,-7.493967846495081e+25,9.277647429519524e+24,1.0788229792828612e+26,-1.2824400520985654e+26,-7.021700188338821e+25,-6.6403846745494e+26,2.349267642456896e+25,8.693890861301283e+26,2.427339599326503e+27,-2.9650843289050236e+26,-1.549283932539439e+27,-6.605275057756203e+26,-1.5777741808887076e+27,-6.16921326061298e+26,1.280732358937219e+27,-5.231244290165214e+26,-1.7085490898065932e+27,-5.3745180595812854e+26,-2.624398590703105e+27,-8.942762178166075e+26,4.547375614689273e+27,1.1871324910121436e+27,-4.474493257700978e+26,9.176181190329447e+25,-2.228681876842155e+26,-1.1964934432011508e+25,1.4675057559803978e+27,-1.4970204382320465e+27,-9.585757278725782e+26,-1.0039342093734919e+27,-8.045257690417665e+26,-3.991488583342323e+26,5.912546878184617e+26,-5.185367328831949e+25,8.172040352510842e+26,-2.54735635000222e+26,9.946819744559651e+26,-6.506096341044155e+26,6.637840145769369e+26,-5.2969829293925675e+26,-1.7423023791970623e+27,-1.9637428984336184e+27,-8.998185147155505e+26,-5.7153229898962145e+26,-4.158506233449079e+26,-5.5518262443365096e+26,-8.395333542161954e+26,-1.1463969608994454e+27
-4.3683433148836026e+26,-1.385562243673536e+27,-2.1391922357055586e+26,1.0274682842699502e+26,-1.2890240210747932e+26,-4.2812839303919235e+26,5.408659760403752e+26,1.73193223045543e+26,-1.3502061880335202e+26,-9.514268699511093e+25,2.6473864129182684e+26,-1.691932175777175e+26,-6.399578107313493e+25,9.16229382614299e+26,8.856695662565843e+26,1.1565475585302871e+27,-4.5217122438564615e+26,1.4305961472445864e+27,1.135771739829239e+27,1.3904446578534662e+27,-2.944436642880563e+26,-2.986226627878298e+26,-5.0838838464281575e+26,-5.728400017209921e+26,-4.54591657594494e+26,-3.758788211819748e+26,-1.866391015684764e+26,-1.3165299025048494e+27,1.167256515048844e+27,7.371476418434074e+26,-6.1000929564078354e+26,-5.9448600602929205e+26,3.808836905918358e+25,1.1375700314361136e+26,-8.774792076533894e+26,4.798277272445744e+26,-2.7813968788068063e+26,-4.051823494095573e+26,6.801908220942857e+26,-2.0572055179344892e+26,-3.685926291243292e+26,-8.876917710881401e+25,9.290215110067072e+25,3.351368177445145e+25,7.65855926307121e+25,-5.587660753693358e+25,1.4034562398831696e+26,1.4273995906230571e+26,8.409596301650693e+25,2.0745426247424392e+26,1.8762853651383628e+26,1.9978081722086e+26,6.141561804028333e+25,1.6426450756998065e+26,-8.802207933269655e+25,1.5557651495576806e+26,-1.5050670424550214e+26,-8.009919966187802e+25,-1.4281537771641932e+26,-1.6016206407065085e+26,-2.676529819005028e+26,-1.2266587032880891e+26,-1.918640440767797e+26,-6.155567522604222e+26,-4.467822218341242e+26,-5.67040821589768e+26,-2.6356459369575647e+26,-2.6300747588980916e+26,1.1634946672008683e+26,-9.865873601769048e+25,-1.3959531461139515e+26,5.225913675628921e+25,-7.348651483045109e+25,3.86487800114031e+26,2.2528225255814937e+26,2.2160007486308923e+26,-4.8344467362509964e+26,2.243391328878143e+26,-4.820222550843309e+26,4.463715578229882e+26,2.380287850002031e+26,3.022519840509293e+26,-9.796756526353309e+26,2.2336463152912426e+26,8.89265824520834e+26,3.398739480362743e+26,1.1648660928525647e+27,5.003617819969225e+26,-1.5793782639610792e+26,-5.811422512182293e+26,-2.2713567693278247e+25,-2.457702216625067e+26,-2.873965187928291e+26,-2.0542324812358436e+26,-2.308798995776345e+27,8.258034040053595e+26,1.725099715143668e+27,4.249482900686811e+26,6.815712532490214e+26,7.186945460643762e+25,-4.6063757421521555e+26,-8.685433444159745e+25,-8.07899884745895e+26,3.8349904517891505e+25,-9.735077642446238e+26,5.041573985109831e+26,-1.3879834815885795e+27,1.563614281087973e+26,1.4513472188412923e+27,1.5623051608962771e+27,1.9301370126143227e+26,-6.513525028696584e+25,2.6228408979284924e+24,3.358264532343731e+26,6.378383334497619e+26,9.053655687799721e+26
-3.4220768887823544e+26,-1.0636338761317368e+27,-1.8933006069579857e+26,8.547722911438314e+25,-1.1861204861433584e+26,-3.981206771283788e+26,3.6522653021758855e+26,2.2425020090084082e+26,-2.828761033066527e+25,-3.0214974963031806e+25,1.652964691519271e+26,-1.0499472129534423e+25,4.206930238234454e+25,6.813684194978142e+26,9.329311433312642e+26,9.131068568511502e+26,-2.5141490288936856e+26,1.135771739829239e+27,1.1033303775754243e+27,1.0383656340488662e+27,-2.9162017464171443e+26,-3.4750229561398495e+26,-5.469746037625612e+26,-6.258388604765928e+26,-5.463114908442747e+26,-3.907307817404719e+26,-4.965109170527073e+26,-9.094348927498563e+26,1.235850927532464e+27,9.114814837165563e+26,-7.237590735727788e+26,-4.957469995993322e+26,9.531117876764382e+25,1.6224264099420488e+26,-6.1029567344864806e+26,3.07826796177927e+26,-7.247209131551729e+25,-5.6670904706388685e+26,6.311351329274825e+26,-8.911492368122508e+25,-9.28892961752048e+25,-4.717849218957451e+25,4.858440031787235e+25,1.7410773547525424e+25,5.896448004411785e+25,-8.960015431321973e+25,1.241100740176047e+26,1.5030105014668982e+26,8.113205966601255e+25,1.4132325838589505e+26,2.159431558245637e+26,1.9559856632254756e+26,1.889549690775171e+25,1.903378569424246e+26,-1.1951710484708614e+26,1.1520627447623665e+26,-1.686007468318842e+26,-1.0289868742466019e+26,-1.6410650497413365e+26,-1.6986176121890685e+26,-2.4480221915051197e+26,-1.45450202021895e+26,-1.9598954278576044e+26,-6.145927389528005e+26,-3.9604607667672195e+26,-6.130056300928717e+26,-1.5003614195179802e+26,-3.0157189408567247e+26,1.3280019267148902e+26,-1.073129395900129e+26,-9.18972529448552e+25,3.1202289571672254e+25,-5.274543188527176e+25,2.754126395879092e+26,1.0162500885810118e+26,3.209988527225869e+26,-5.515961300959852e+26,2.3305371508012143e+26,-2.069413471494026e+26,3.693499540196053e+26,3.41727724757621e+26,2.465931889833762e+26,-6.40099433523984e+26,3.616377962558481e+26,7.09491401353786e+26,3.818618273391929e+26,9.247313486896182e+26,5.664033777156801e+26,-5.28027702251489e+25,-9.423174540975295e+26,-1.6213454847605666e+26,-2.016911013279881e+26,-2.8558906552335316e+26,-1.9816060295087914e+26,-1.5893349536952988e+27,5.268021398208997e+26,1.0700506025869165e+27,2.172411659815456e+26,3.419649579187687e+26,-2.4452629502105675e+25,-3.3141234924686786e+26,-9.691680636377879e+25,-6.304933142203264e+26,-1.7683467869424902e+25,-7.482817549128798e+26,3.4708685467081616e+26,-1.1747400043328352e+27,6.311223410647717e+25,9.788401705941535e+26,9.010979832340046e+26,-1.926406580199127e+26,-2.2150528784538817e+26,-6.904412374381157e+25,2.1383920574161506e+26,4.32173389059472e+26,6.183338834150749e+26
-2.3779969954228462e+26,-1.1133911062348348e+27,-3.548985175344689e+25,-1.2499535735590646e+25,-1.903969467614488e+25,-2.8726340126485287e+26,4.0726652644693846e+26,7.784957900956809e+25,-1.6708246058341545e+26,-1.2470943638577222e+26,2.1503102006255743e+26,-1.5141476944055953e+26,-2.2054402569646105e+25,7.276258831676302e+26,6.68180226356288e+26,9.701408694325368e+26,-1.214706844816965e+26,1.3904446578534662e+27,1.0383656340488662e+27,1.7438893456194504e+27,4.440758818234646e+26,-1.2720740673339536e+26,-4.595559529062237e+26,-6.960954683785372e+26,-2.5405712387327197e+26,-1.649835148870239e+26,1.339696469697682e+26,-1.826742557574388e+27,9.534593233177187e+26,5.877785861478294e+26,-5.890229310504728e+26,-6.659201326431732e+26,7.425773803660088e+25,1.4835979164514627e+26,-1.0094122628261465e+27,3.798573581019328e+26,7.101354225433162e+25,7.870913962310782e+26,5.2544740446427466e+26,-2.086825874068875e+26,-6.367949993560132e+26,-4.8632756978936605e+25,4.196652482008028e+25,1.6511891900661383e+25,5.71143750770671e+25,2.6442621872863323e+25,1.4691128475637515e+26,1.194084201692099e+26,7.587493593258486e+25,2.42489943166718e+26,1.8026754404747646e+26,2.79520161152503e+26,1.4919724226291304e+26,1.3169766951655429e+26,-6.382411245195471e+24,2.010417064292803e+26,-1.2612875918062108e+26,-5.994815259541995e+25,-1.508536079148165e+26,4.313709035791379e+26,-2.5227018269407213e+26,-1.4775421855999278e+26,-2.1434984888486786e+26,-6.350158171577024e+26,-3.261003253809749e+26,-7.084077351063029e+26,-1.9326847352880852e+26,-2.1538199347901082e+26,1.1431613361684381e+26,-1.0797164118625e+26,-1.4936804711011385e+26,4.8989391214738435e+25,-9.793790317939971e+25,3.441383044391266e+26,3.175907715869728e+26,2.808398139305576e+26,4.161752534610532e+26,1.7015544292693423e+26,-7.66167131975076e+26,3.9188533255530254e+26,1.7156460685687766e+26,2.3682795553992443e+26,-7.774594073606013e+26,-4.1398153721365295e+25,6.991845993729219e+26,1.9685598454192084e+26,9.428403109034694e+26,2.6059559538822068e+26,5.7115240300614935e+26,-8.85429223520509e+24,9.856015153912527e+23,-2.6844298191341602e+26,-5.1112634500904346e+26,-2.759482725944202e+26,-2.7290684013328e+27,6.547549182891797e+26,2.2709261105704162e+27,2.5224642748144213e+26,9.334812693731597e+26,-6.025142581917422e+25,-6.504910542569385e+26,-1.3826287721173804e+26,-1.0184086687249848e+27,-6.564497849370165e+25,-1.0514428612731671e+27,4.312443171474767e+26,-1.6197242332066547e+27,6.910281264163708e+25,1.42882945602979e+27,1.593597582012394e+27,1.9763458467309166e+26,-2.1573877743353473e+26,-1.7835307766749587e+26,2.1595024348492843e+26,5.6222182464829886e+26,8.524415088862604e+26
6.502023131905612e+26,1.7703384650870395e+27,2.248279407720485e+26,-2.376965807643085e+26,-1.5709915858896618e+26,4.408157077928497e+26,-7.429496235507723e+26,6.139747161651294e+25,5.693994556855308e+26,2.8676302558207524e+25,-1.978410797098733e+26,1.342713873248804e+27,1.413470826491546e+27,-9.517258186844087e+26,-1.3619428070165515e+27,-7.931723268954763e+26,2.1159907466263885e+27,-2.944436642880563e+26,-2.9162017464171443e+26,4.440758818234646e+26,4.154160469794058e+27,7.659184370653839e+26,4.9960421956888755e+26,2.48405631313735e+26,1.2335551068027798e+27,1.1717168005433166e+27,1.4005266114425024e+27,-1.6368371783260374e+27,-1.577077124929505e+27,-5.953502285513364e+26,-2.117613591211021e+26,-7.197110118715993e+26,-9.73244984115811e+26,-9.638483335797509e+26,-2.561602898682266e+27,-4.08150950670406e+26,3.659764260802191e+27,6.783334391541643e+27,-1.777380140274001e+27,1.2215105430589266e+26,-1.0040289122041451e+27,3.486123726278296e+26,-2.8391706840218974e+26,-1.8653542691923148e+26,-2.8153261494187477e+26,1.4402284983670517e+26,-6.925092128448298e+25,-1.4611306525002443e+26,-1.1302334822865226e+26,-1.2373147319708748e+26,8.669396576296133e+26,1.4196072951715023e+27,2.8992356103113955e+26,-2.8234709809702844e+26,2.8090870797854535e+26,6.020477908731072e+26,1.5692091924031275e+26,1.574524180703044e+26,1.0247285969565749e+26,3.7838007813960134e+27,5.6624927852784915e+26,9.422330742517864e+25,6.4922837587780635e+25,5.4831625009743406e+26,1.1184272490396321e+27,-3.981633742990203e+26,1.1682668292132373e+27,5.71951919439708e+26,-1.460830187550957e+26,-1.892337209761497e+25,1.985314983773563e+26,-2.2904550182806028e+26,-1.7789576163106587e+26,-1.3313245311373413e+27,1.1644529186048074e+26,1.7453507597800216e+27,5.798920366434378e+27,-5.3363459120980966e+26,-3.677044773674621e+27,-1.336457311161142e+27,-2.929460218297831e+27,-1.1875395998496153e+27,1.826975228959936e+27,-9.861217743781157e+26,-2.509996865100546e+27,-9.962882648638962e+26,-4.001786447336363e+27,-1.7129782207642928e+27,7.926273558609362e+27,2.9591941755536564e+27,-1.5842887432497955e+26,1.7599081359684306e+25,-4.782105451999357e+26,-2.811112007642312e+26,5.507132659391135e+25,-2.990201289308262e+27,9.595096959496423e+26,-2.2110638943376288e+27,1.6423104532250482e+26,-1.0366484471282013e+27,1.5798333786757626e+26,-2.766905255207951e+26,2.7738642499108117e+26,-7.109614713852608e+26,8.478692448394715e+26,-1.0661685535533865e+27,-3.948245029341541e+26,-1.2659669245541172e+27,-2.4269130648412089e+27,-2.6532655835263526e+27,-1.0636839636404244e+27,-8.933632787602193e+26,-8.08177509126782e+26,-8.64597401920183e+26,-1.1751403517320345e+27,-1.594522233255056e+27
7.397440070781471e+25,-4.4742028333037853e+24,8.10579351033987e+24,-6.157309690470624e+25,-8.768577669866102e+25,-3.860839615212486e+25,-2.1334381081814253e+24,-1.2354904727693185e+26,-1.1490673805353026e+26,-1.0665308727115283e+26,-1.5902300503971417e+25,-1.732330397137759e+26,-2.0266165031871602e+26,-4.332305345471669e+25,-4.139942741611172e+26,-1.5217843765845707e+26,-3.514728019364841e+25,-2.986226627878298e+26,-3.4750229561398495e+26,-1.2720740673339536e+26,7.659184370653839e+26,1.3807780702221613e+27,1.0950888389201241e+27,9.51339693691838e+26,2.1045818375703137e+27,1.649879197231052e+27,2.431930132922292e+27,-1.9697492852237656e+27,-7.753990112938847e+26,-5.191314103696789e+26,2.4430779022548686e+26,-6.253780340021643e+26,-3.175239517962401e+26,-2.6198548712452716e+26,-1.7925615831612746e+27,2.9769871652699645e+25,-7.598643375924378e+25,2.3027243081125116e+27,-2.3637604066609953e+26,-3.388908766913398e+25,-4.531351541714478e+26,8.15756257260787e+25,-6.938783998418424e+25,-3.8419112255339665e+25,-5.654224151056415e+25,9.095238300952267e+25,-3.8351733087374146e+25,-7.714162584772025e+25,-3.917195381444546e+25,-1.1313090157835678e+25,-1.4601580298821337e+26,-1.598663936694992e+26,1.7066974237576767e+25,-9.548980763757907e+25,5.48734979187883e+25,-1.6282655699397272e+25,3.7143984954468417e+25,2.842009038658668e+25,3.4347806992230104e+25,9.263423895922304e+26,4.729730281699625e+26,1.0780006040292448e+26,1.7801206569495843e+26,8.625883559173078e+26,1.1923238015018028e+27,2.6460098366561507e+26,6.500512847300938e+26,2.0967327575790232e+26,-8.367833415972149e+25,5.239146103199108e+25,1.585499648883473e+26,-3.686380566648549e+25,-1.2566759024141672e+24,-5.760316960924836e+26,9.41948923263599e+25,-2.4865121545428242e+26,2.05528669627546e+27,-1.6303176976603148e+26,-1.8427801654905636e+27,-5.851338185933445e+26,-1.0530981182650589e+27,-3.745830061367261e+26,-1.5584367639454403e+26,-4.559438990562216e+26,-1.4214049621918798e+26,-3.31450367751628e+26,-3.8915030010377535e+26,-6.227748359400664e+26,9.829432486154984e+26,1.7376013895293518e+27,8.49643435092908e+26,1.581922907523069e+26,1.1198534936320595e+26,-8.415165272944813e+25,-1.4193620421266215e+27,-1.4419144753686936e+27,2.154276484088531e+27,-1.1326312767308816e+27,1.423716398631214e+27,-6.0874867279739856e+26,-6.847774375517856e+26,-1.4930105099741665e+26,-6.663002677037694e+26,-5.2127235781879916e+26,3.499236175832837e+25,-7.012306505566346e+26,-1.0716563674964746e+27,-7.051942285846689e+26,-8.161779899920188e+26,-5.276619827263057e+26,4.1167609217799656e+26,8.123272267320276e+25,-2.6672439018058597e+26,-4.5854946654798176e+26,-5.5943805829449346e+26,-6.608265950342931e+26
7.650854182812696e+25,9.451230034518936e+24,-8.892588858637377e+25,-2.6631331724238304e+25,-2.2235731606703195e+26,-1.265286052992091e+26,-3.762838747700092e+25,-2.5598820624545307e+26,-2.140075017216256e+26,-2.1426695772867732e+26,-2.618702653264054e+25,-1.3026853415968233e+26,-1.3493073664738648e+26,-1.584204636667569e+26,-7.0376125094779e+26,-3.002714105380521e+26,5.3611389808424085e+25,-5.0838838464281575e+26,-5.469746037625612e+26,-4.595559529062237e+26,4.9960421956888755e+26,1.0950888389201241e+27,1.495677797465548e+27,1.535574331680065e+27,1.8856499311760635e+27,1.187621589949651e+27,2.373238880870959e+27,-1.8286194870677057e+27,-1.3368851813475189e+27,-8.54791799624773e+26,3.767205613980447e+26,-9.089757249735796e+26,-4.944337550485431e+26,-3.3078756075256756e+26,-2.3716319442009965e+27,5.565483724540969e+25,-8.781119795079699e+25,1.763210083628424e+27,-3.8331280237970116e+26,4.3133140598591214e+25,-3.949188942283749e+26,1.6140995577244353e+26,-1.2695069775239553e+26,-8.434232314987486e+25,-1.354654288059946e+26,1.0694495850223773e+26,-1.3060241672028568e+26,-1.6668386708180078e+26,-9.261627916771481e+25,-1.653468089116911e+26,-2.177522267414032e+26,-1.9079277630282247e+26,-5.267292170191107e+25,-2.2054014695200793e+26,7.822198526181983e+25,-5.657354421533517e+25,1.277763500671663e+26,8.33851724047065e+25,1.5142313022379614e+26,4.7577010795956685e+26,5.609798371509515e+26,2.5766674672488303e+26,3.5747191715003246e+26,1.3272015100683154e+27,1.0318542290155069e+27,1.0144416121699518e+27,6.973875941551979e+26,4.250378812387046e+26,-1.911789095485307e+26,1.3951377541386803e+26,2.6688867581463363e+26,-1.102127691141137e+26,2.1246312772285765e+25,-8.549940496214905e+26,3.774506911375881e+24,-4.06439060562169e+26,1.565324468306902e+27,-3.488242075650031e+26,-2.4796592244332547e+27,-9.395269938177782e+26,-1.6008481201607705e+27,-6.604773935692392e+26,-2.46767079500145e+26,-6.595510144149474e+26,-2.0812102870826914e+26,-6.0460917006382914e+26,-5.90017843430245e+26,-1.0537081638442237e+27,9.715278221859619e+26,2.3096616432795784e+27,8.064033703898903e+26,3.314885830428515e+26,3.157891861328209e+26,2.0371432377891853e+26,-7.280422283306489e+26,-1.6024744280997757e+27,1.5617811442609812e+27,-1.0414647141557756e+27,9.433580985541062e+26,-3.324957251271968e+26,-8.396809241549257e+25,2.661195156943929e+25,1.2374303423016275e+26,-3.0364644748786646e+26,7.021209379249547e+26,-8.494965786626234e+26,-5.913272443564522e+26,-6.464454972847118e+26,-1.2548097438772663e+27,-8.367696650046397e+26,7.48736886619415e+26,5.058804581427225e+26,5.488008097237624e+25,-4.86424436043251e+26,-7.814088574502177e+26,-9.737535294088333e+26
-1.0221356943911724e+25,-4.7565178588774475e+26,-2.3968308853400612e+26,1.993392215321233e+25,-4.296597027200574e+26,-3.574101779081837e+26,-4.027418783505177e+23,-5.008370318768334e+26,-4.472738524780948e+26,-4.548473241777304e+26,3.711691260515033e+25,-2.511350570067803e+26,-1.86564092397555e+26,-1.9455990411962046e+26,-8.974258248489538e+26,-3.484625478337811e+26,4.939465563692613e+24,-5.728400017209921e+26,-6.258388604765928e+26,-6.960954683785372e+26,2.48405631313735e+26,9.51339693691838e+26,1.535574331680065e+27,2.0634774958409073e+27,2.2030972656369835e+27,1.1196122114672194e+27,3.199282204420549e+27,-1.8124963109626286e+27,-1.717028756356447e+27,-1.1691688350043698e+27,7.788800676382592e+26,-9.484674391151731e+26,-6.480399902670265e+26,-2.4915362710881706e+26,-2.834516160950062e+27,2.6638781503177855e+26,-3.8092671244293764e+26,1.452521680201181e+27,-3.674684902041697e+26,8.076472174483374e+25,-5.537920673939633e+26,2.6110874358622162e+26,-1.971393938249154e+26,-1.5001644782478133e+26,-2.6786798685971493e+26,1.889117559809846e+26,-2.5397119062056693e+26,-3.0102112572344246e+26,-1.8373370265932348e+26,-3.705084702167483e+26,-4.310054310276342e+26,-3.339600250826546e+26,-1.0379043378987564e+26,-3.994247156949423e+26,1.1009227146437998e+26,-8.092186571056906e+25,1.8662458394728864e+26,1.3741929993155968e+26,2.304573263461924e+26,2.566571034572876e+26,6.564526329741238e+26,3.9188154149996616e+26,5.56896652488637e+26,1.8828663928932258e+27,1.1063936541834438e+27,1.8883908910915052e+27,7.15820071541922e+26,7.212952743129256e+26,-3.49804242223604e+26,2.6571974891775677e+26,4.068186180717794e+26,-2.2343822853238283e+26,3.797659154359159e+25,-1.1224078525205443e+27,3.717071285139941e+24,-8.060471789826981e+26,1.5015704512610633e+27,-6.458131226055987e+26,-2.657415757841686e+27,-1.397698254986247e+27,-1.8823198528652107e+27,-1.037357965765176e+27,-8.025693754405362e+26,-1.1565061284636018e+27,1.0315307076724013e+26,-1.0660258245408744e+27,-1.1192861804685245e+26,-1.7831848565435037e+27,6.129739467501666e+25,3.792933070719983e+27,1.5522628481698864e+27,5.0713419154921536e+26,1.269775226355159e+27,4.659585745692599e+26,-1.7224803915069875e+27,-1.1892357381143723e+27,2.4610481475278473e+27,-6.05881572837339e+26,1.7511292089471853e+27,6.082976001575235e+25,-2.908007786115151e+26,1.99807143639345e+26,-1.915275864502215e+26,4.094944924154262e+25,1.5933391976308055e+26,-4.140866066277113e+26,-5.404293734734897e+26,-3.663110513080422e+26,-3.810061890890766e+26,4.088097671659536e+26,2.301616819669703e+27,1.7134357391220923e+27,9.486682145918408e+26,2.178659236581163e+26,-8.528294698153648e+25,-2.301879831197805e+26
1.4859662663085844e+25,-9.189404389286578e+26,-1.4080047329196801e+26,-8.693254333749185e+25,-3.855482573626606e+26,-3.551793653190973e+26,9.251475452709142e+25,-4.7095318031200546e+26,-4.2941959638132855e+26,-4.4370610502529094e+26,1.2002524739161702e+26,-4.606674125955479e+26,-3.609161729928004e+26,-8.92479946176133e+25,-8.649939311019651e+26,-2.656048365386875e+26,3.0657319859037398e+25,-4.54591657594494e+26,-5.463114908442747e+26,-2.5405712387327197e+26,1.2335551068027798e+27,2.1045818375703137e+27,1.8856499311760635e+27,2.2030972656369835e+27,4.709202016741053e+27,2.959890966977611e+27,6.228997182634866e+27,-4.2393325816762655e+27,-1.641061100715413e+27,-1.084943472968076e+27,6.325102381149133e+26,-1.3519266177182235e+27,-7.496315729399123e+26,-3.9719136927525665e+26,-4.488684173068688e+27,4.460310680965703e+26,-3.915802788185474e+26,4.3523043771014544e+27,-3.791462584887819e+26,-1.0111993433704543e+26,-1.7252286303616018e+27,2.99716845484846e+26,-2.2456575354102524e+26,-1.699004576289383e+26,-2.9683220077309514e+26,3.2679208628598e+26,-1.8711465782473064e+26,-3.206411895399491e+26,-1.692916474110173e+26,-2.03982634179718e+26,-5.357602094792237e+26,-3.660365484085509e+26,1.1822696829012901e+26,-5.521597003666905e+26,2.993682032498045e+26,-5.69698334265285e+25,2.439075873406369e+26,2.2555191175073614e+26,2.9872574318291685e+26,1.836258508026747e+27,1.4871693228386548e+27,6.1649920436901017e+26,5.8742200651825555e+26,3.2459475263981456e+27,2.9281783721313394e+27,2.4898914069414404e+27,1.0990960843994745e+27,1.1214714537239978e+27,-4.801723673129725e+26,2.683192253938917e+26,3.971062966531384e+26,-2.68412703842663e+26,-1.6117128959550217e+26,-1.486846038184535e+27,3.066599398244737e+26,-1.0667524122587621e+27,4.6833922561825584e+27,-8.478619259400614e+26,-3.9531084617006574e+27,-1.9294387050308442e+27,-2.3668325082681252e+27,-1.4615796604121194e+27,-1.164816176171355e+27,-1.8594420149546078e+27,1.388109766214643e+26,-1.5534388560214418e+27,-6.483622761174119e+25,-2.729611811174856e+27,9.28191475134672e+26,7.095132341445867e+27,2.558997266111695e+27,2.084114539375407e+26,1.5671508542484764e+27,6.1568849131066075e+25,-6.490884858423453e+27,-1.3128954065730506e+27,6.979262951979488e+27,-8.804178262975132e+26,4.536635939827896e+27,-9.633636514371956e+25,-1.8496101049893848e+27,-8.131308513149036e+25,-2.495186170640738e+27,-1.17176026026263e+26,-2.162995520194527e+27,3.814845062936199e+26,-3.1198619306052335e+27,-7.446763345335026e+26,1.6389769570754835e+27,2.8781704385970543e+27,4.593971398606811e+27,3.1445187796905385e+27,1.7937855584492886e+27,1.2697774608769333e+27,1.3153831306952417e+27,1.3913892323261667e+27
1.111405798928352e+26,-7.705480946406606e+24,1.8705018538201095e+25,-8.850797808806523e+25,-1.1021202204704862e+26,-3.090753995629272e+25,-2.5496410001235107e+25,-1.291138936713755e+26,-8.353721544922542e+25,-1.0850438511906544e+26,-1.9076083735483433e+25,-1.5531822275926776e+26,-1.7657921662264827e+26,-1.0451087514179553e+26,-5.244025491385782e+26,-2.2901697506409348e+26,1.2734786491707722e+26,-3.758788211819748e+26,-3.907307817404719e+26,-1.649835148870239e+26,1.1717168005433166e+27,1.649879197231052e+27,1.187621589949651e+27,1.1196122114672194e+27,2.959890966977611e+27,2.2380497317539436e+27,3.4475976568498654e+27,-2.4762423531598744e+27,-9.320802695948812e+26,-5.8312710507437006e+26,2.700754970121917e+26,-7.185158196107042e+26,-4.4805654360473695e+26,-4.007932986213355e+26,-2.3731392505018978e+27,4.88578296201699e+25,7.32033766697081e+25,3.323026837923825e+27,-3.6248588280245584e+26,-5.050921304330444e+25,-7.878648847277836e+26,1.2237683693273336e+26,-9.857307366211591e+25,-5.905339391198666e+25,-9.568582542871131e+25,1.2514494146718801e+26,-4.981695568302615e+25,-1.1320090309664021e+26,-5.513407056895577e+25,-2.070259074245935e+25,-1.626535383615182e+26,-1.4113431385940296e+26,7.046493605148828e+25,-1.9965777223101335e+26,1.2404683308833839e+26,4.905896747101163e+24,8.654559616916373e+25,8.46520881006e+25,9.521979358161878e+25,1.5375100772159027e+27,8.312757469423394e+26,2.1673735453257538e+26,2.3597900950311193e+26,1.4759868502604386e+27,1.913933645382387e+27,6.360699151790023e+26,8.391670690130764e+26,4.387445235528897e+26,-1.745278316297438e+26,8.781071357594039e+25,1.915280262862517e+26,-8.217851577965126e+25,-7.0527258856837145e+25,-8.261262698361756e+26,1.3100515636290623e+26,-2.934397455262468e+26,3.264456352322921e+27,-3.040061812766142e+26,-2.3564708560227273e+27,-9.18956939224878e+26,-1.4292778301031545e+27,-6.4293333039161e+26,-1.7868149100994844e+26,-7.259687107481672e+26,-2.7996321070362447e+26,-5.969396849026585e+26,-6.234772629476063e+26,-1.0999174064994355e+27,1.4636968104598923e+27,3.038496611127095e+27,1.2013110528055288e+27,1.0550234910016985e+26,4.301485550410696e+26,-1.7360106747028273e+26,-2.69700146153249e+27,-1.603698752998908e+27,3.390863511748067e+27,-1.2596468368171934e+27,2.2424582451643517e+27,-6.255765456701916e+26,-1.0305178951200514e+27,-2.1639470042173106e+26,-1.2432643764570316e+27,-5.256608915523633e+26,-6.374367382135781e+26,-4.282013676471731e+26,-1.641767993451125e+27,-8.440969483358777e+26,-2.8513632047346045e+26,1.5625710212762898e+26,1.3004520485311774e+27,7.528953643644646e+26,2.002359083078736e+26,2.4779095572252626e+24,-5.86864908974013e+25,-1.5252931649993354e+26
-2.410920194644978e+26,-2.689124831138356e+27,-3.7925501220202824e+26,-8.44575504382311e+25,-7.88484260834681e+26,-9.094941162752838e+26,3.381141947295245e+26,-1.0065919395583481e+27,-1.0175028589461777e+27,-1.0149524902641764e+27,3.9270072037364105e+26,-9.863626968121944e+26,-6.663381794548508e+26,7.631405011289321e+25,-1.1589800242593638e+27,-9.636753479757846e+25,-1.413093586207351e+26,-1.866391015684764e+26,-4.965109170527073e+26,1.339696469697682e+26,1.4005266114425024e+27,2.431930132922292e+27,2.373238880870959e+27,3.199282204420549e+27,6.228997182634866e+27,3.4475976568498654e+27,9.268400418495052e+27,-6.439214571422243e+27,-2.2841704175644872e+27,-1.6298465896652523e+27,1.107339134938055e+27,-2.1007175893855134e+27,-1.0310563013108593e+27,-1.4293400094482217e+26,-6.891069102516512e+27,1.1449603275294529e+27,-1.1003306356947042e+27,5.506489641732613e+27,-2.058064432781311e+26,-2.7781523993344977e+26,-3.1579047480685616e+27,5.271920945927387e+26,-3.906178536545043e+26,-3.3282162436911344e+26,-5.9305061198263945e+26,6.610273660649553e+26,-3.567850910669025e+26,-6.068975389385729e+26,-3.350599092769387e+26,-4.2736033233418655e+26,-1.0947219019209491e+27,-6.808472157456151e+26,2.3257078463556003e+26,-9.920178796704236e+26,5.4617754271775385e+26,-1.4113693935092697e+26,4.127452542860172e+26,3.8212706847870424e+26,4.7958703105500654e+26,2.1199515259630379e+27,1.8485356685689523e+27,9.511209924225354e+26,9.289846128544494e+26,4.7523150940612555e+27,3.5079576459369635e+27,4.484185898552638e+27,1.0412428039891747e+27,1.88513981874498e+27,-8.322020070510335e+26,4.9597435606564076e+26,5.988465170450919e+26,-5.091927220265634e+26,-2.5909954798028067e+26,-1.9328960506138362e+27,6.838487858556456e+26,-2.1648352258952405e+27,6.025114057791111e+27,-1.5638011661551024e+27,-5.58594648185763e+27,-2.8917110556397385e+27,-3.1758316075068606e+27,-2.318370919169794e+27,-2.824968540438268e+27,-3.522653004924992e+27,1.0486190821346136e+27,-2.813222581043036e+27,1.3100458361101032e+27,-4.790294387974891e+27,-1.6563095823912732e+26,1.2068208365216348e+28,4.2960419624153224e+27,3.556042234584812e+26,2.9654936155922614e+27,4.5791368243136604e+26,-1.1779514630282144e+28,3.764256047576832e+25,1.1715895300790444e+28,2.647330314522514e+26,7.471996339649106e+27,8.164245814838688e+26,-3.002079342562841e+27,2.0935593456603435e+26,-4.199566014807729e+27,6.18764803979582e+26,-4.321457466598362e+27,1.7067637915653893e+27,-4.909710029525332e+27,-1.0262846211692646e+26,4.929441781432586e+27,7.325469070741274e+27,8.954932022466351e+27,6.012724720262174e+27,3.6740158544159186e+27,2.930093153530252e+27,3.3028712542561686e+27,3.802388189594435e+27
7.056834396828372e+26,3.402411105518554e+27,6.0063512604770384e+26,-7.827780916636882e+25,8.069274987687051e+26,1.226952585193996e+27,-7.340665153378391e+26,4.615152472081414e+26,7.537106804719054e+26,7.880790151466512e+26,-5.297245006738284e+26,6.89484995307443e+26,3.7317735508905716e+26,-9.100799842720636e+26,-1.4394750988263911e+26,-1.0489522468258881e+27,1.8726300123312928e+26,-1.3165299025048494e+27,-9.094348927498563e+26,-1.826742557574388e+27,-1.6368371783260374e+27,-1.9697492852237656e+27,-1.8286194870677057e+27,-1.8124963109626286e+27,-4.2393325816762655e+27,-2.4762423531598744e+27,-6.439214571422243e+27,7.498628817494958e+27,4.61914128753749e+26,1.5822068404257285e+26,4.6931618188630555e+26,2.9761939402494453e+27,7.175354997961473e+26,-2.366819760433737e+25,7.324193622856335e+27,-1.2578671045241203e+27,3.754691386733134e+26,-5.067007027755027e+27,-4.862725667752309e+26,3.552076277593019e+26,2.4422634407833695e+27,-3.359381630347304e+26,2.2481613969040205e+26,2.2665475172361304e+26,3.4673891989718965e+26,-3.7999347531951474e+26,8.3114349644878e+25,2.1083442016093155e+26,1.2499526186238631e+26,9.139484785037193e+25,3.872976601600696e+26,4.546828776021916e+25,-1.8051111019403295e+26,3.665228999729714e+26,-1.9382973471686515e+26,-1.7758875097122743e+26,-8.901469038351262e+24,-7.316475746942479e+25,-3.2473628851992752e+25,-2.0250705793986113e+27,-1.0263276127534575e+27,-4.054944179223422e+26,-4.0521466105646195e+26,-2.425527632359582e+27,-2.1441047165248467e+27,-1.7708446563423143e+27,-1.0947711894457322e+27,-8.088506668133891e+26,3.4303468560350234e+26,-1.6097636973586536e+26,-4.145477011972815e+26,3.231382478963479e+26,2.221561921872791e+26,1.342712567801025e+27,-6.93429416940263e+26,8.040269988680601e+26,-4.7219558894643966e+27,7.420309001241964e+26,6.107787155122948e+27,1.7624846623526557e+27,2.605845724976519e+27,1.402012680293878e+27,2.763731877591875e+27,2.0339458233678946e+27,-1.4033898366572343e+27,1.4192704130155293e+27,-1.5106118369591528e+27,2.5845423263704856e+27,-1.890936373372824e+27,-7.065626402847068e+27,-2.5542481947895004e+27,-1.0199322217676132e+26,-8.058272286905784e+26,6.211067042828552e+25,1.0322011803765383e+28,8.78502414224678e+26,-1.0150986867671729e+28,8.500005721507356e+26,-5.560470633399488e+27,2.436744062339055e+26,2.457556074105632e+27,1.4523098725480247e+26,3.4854817631708387e+27,2.2989383964232756e+26,3.005722604767921e+27,-5.126646097239067e+26,5.941169333823978e+27,7.14373220963245e+26,-2.9957894173271827e+27,-4.3574146790017753e+27,-4.589955018502966e+27,-2.6825293239320856e+27,-1.3592936684956296e+27,-1.0888622179135221e+27,-1.4763853167747954e+27,-1.9511301887840778e+27
-4.6322429523936664e+26,-1.0902144581884224e+27,-2.5124198266752967e+25,9.89867062769749e+25,3.385164868580091e+26,-2.069594155045026e+26,4.514474076363764e+26,5.302025373667953e+26,1.0198439028960814e+26,3.889937178046454e+26,4.505068677259248e+25,-2.8335912051208007e+26,-3.3757871221578564e+26,9.149376496312306e+26,1.9440115341801022e+27,1.108725703188543e+27,-1.0078538350224616e+27,1.167256515048844e+27,1.235850927532464e+27,9.534593233177187e+26,-1.577077124929505e+27,-7.753990112938847e+26,-1.3368851813475189e+27,-1.717028756356447e+27,-1.641061100715413e+27,-9.320802695948812e+26,-2.2841704175644872e+27,4.61914128753749e+26,2.7500918544173226e+27,1.7576371460551312e+27,-1.024343545978104e+27,3.625331764427696e+26,9.70904812037933e+26,6.339264559965942e+26,1.8915114077356765e+27,2.7120260823631553e+25,-1.1061655098536601e+27,-3.171004811293787e+27,1.510593150157935e+27,-1.3814193685677124e+26,6.1716067275659644e+26,-3.150462607529529e+26,2.4075186657207073e+26,1.725351832136276e+26,3.1510139047144424e+26,-2.7684248670918215e+26,2.931405113655734e+26,3.700369407804988e+26,2.3314446823111565e+26,3.840936534327867e+26,1.3277437439634355e+26,-1.413098331168724e+26,-2.127008591729839e+25,4.902149723339589e+26,-2.512241906046274e+26,-5.5675447690206575e+25,-3.1053625632663005e+26,-2.222716637852443e+26,-3.216426073422687e+26,-1.11748967109275e+27,-6.273066167642052e+26,-3.7175368446578594e+26,-5.3059534376410814e+26,-1.625296666027869e+27,-9.806608209603738e+26,-1.5432102325580457e+27,-7.817125456099582e+26,-8.332547857711318e+26,3.533220194714816e+26,-2.4949167476261174e+26,-3.649317686364325e+26,2.2612353638198834e+26,-4.371886050017839e+25,1.24033583854732e+27,-9.31238670324699e+25,1.791358338309804e+26,-2.6492835273678515e+27,7.595034242099e+26,2.7228609587063085e+27,1.473615376976969e+27,2.607050862168583e+27,1.1577099637475637e+27,-5.1398789290323645e+26,1.451971526189777e+27,1.4445720976424957e+27,1.2996634103089144e+27,2.284795793177797e+27,2.1008434404558826e+27,-3.0915377695486135e+27,-3.884285753157165e+27,-8.771460613711947e+26,-5.250860658833766e+26,-8.896195757088103e+26,-4.532676016234059e+26,-9.098936681671565e+26,1.8648787353435708e+27,-3.243661501641547e+26,1.0091517506812082e+27,-4.1051379412025656e+26,1.3117159804757373e+26,-4.4285029275380545e+26,-1.8744307515416246e+26,-9.232657956234981e+26,7.563807050225147e+25,-1.3405895805967122e+27,9.024670806944285e+26,-1.2076672349824579e+27,5.196244554849895e+26,1.9005872896013145e+27,1.272740932907148e+27,-1.1974000480192521e+27,-8.931103940624181e+26,-3.759852082264661e+26,3.546424382310825e+26,8.649906712024743e+26,1.2618384794004986e+27
-3.220185593125591e+26,-6.129794963793194e+26,-9.474007446058537e+25,9.368010152212179e+25,1.019285275212457e+26,-1.6216110689340345e+26,2.1057122587619276e+26,4.5246025524068275e+26,2.5631468390041967e+26,2.889645649375635e+26,4.961238495471806e+25,8.70157319975044e+25,4.700900765105906e+25,4.724169602968553e+26,1.2121211004661483e+27,6.435717737048303e+26,-3.0671104638690704e+26,7.371476418434074e+26,9.114814837165563e+26,5.877785861478294e+26,-5.953502285513364e+26,-5.191314103696789e+26,-8.54791799624773e+26,-1.1691688350043698e+27,-1.084943472968076e+27,-5.8312710507437006e+26,-1.6298465896652523e+27,1.5822068404257285e+26,1.7576371460551312e+27,1.3148134978248024e+27,-9.51940675767357e+26,4.075592755316193e+25,4.691710361632115e+26,2.8112019220900034e+26,7.151293651643238e+26,2.760823346265908e+25,-8.585823533239066e+25,-1.399850793260635e+27,7.301910686279395e+26,-7.624723993434212e+25,3.3627029278373794e+26,-1.5270525115278029e+26,1.2712360762119654e+26,7.893522155626747e+25,1.6109144157570204e+26,-1.9051252688962202e+26,1.9442057399059832e+26,2.5066327208564537e+26,1.4657096368768847e+26,2.3208532846241956e+26,2.82364130214263e+26,1.5718355386968194e+26,-2.8002610877992048e+23,3.263239639728479e+26,-1.7363401101883206e+26,4.141928815221687e+25,-2.2038139931075887e+26,-1.5420660742961786e+26,-2.250505807427129e+26,-3.752023474683951e+26,-3.362188381253774e+26,-2.447193256051491e+26,-3.571587156915721e+26,-1.0335253854458324e+27,-5.393861310956635e+26,-1.1262903621629498e+27,-3.1311657575929775e+26,-5.3246082983834407e+26,2.3852477269280734e+26,-1.8586346785735516e+26,-1.9459596643550655e+26,1.0355323260350153e+26,-5.2457789292952985e+25,6.083173664662622e+26,-3.8563957356353367e+25,4.816305732173377e+26,-1.1817459875662423e+27,4.599893328151778e+26,1.1417211020819233e+27,7.87138884248484e+26,1.2104384204243115e+27,5.967289771176952e+26,-4.018024837734124e+25,9.224796620861467e+26,5.1258368418123366e+26,7.90531284786458e+26,7.776447129089136e+26,1.2570422036658808e+27,-5.1279824556753816e+26,-2.49920570741087e+27,-8.046579349660068e+26,-3.425026169887226e+26,-7.447039375076318e+26,-3.4579121282968285e+26,-3.872692619802839e+26,7.158241641003785e+26,-3.837564437149351e+26,2.7476569511329418e+26,-5.372946936014763e+26,-9.77643980594267e+25,-1.1372014917902276e+26,-1.726537901079649e+26,-4.161942313449786e+26,-7.56294162351618e+25,-6.388350468880754e+26,3.775223113069684e+26,-9.226348120945572e+26,1.2581258842724983e+26,7.440817310073187e+26,1.8394980670245145e+26,-1.216042125337679e+27,-8.451957724236479e+26,-4.192790230730729e+26,3.19905382586335e+25,2.9163828711672234e+26,4.753035035680471e+26
2.1707350328494363e+26,3.756514419538389e+26,8.881381422460656e+25,-5.733113687227737e+25,-1.089235818305634e+25,1.4416984540067545e+26,-1.8903072386223285e+26,-3.713638772920191e+26,-2.755870624421238e+26,-1.9146439928487666e+26,-7.065917990098553e+25,-1.9748112306697123e+26,-1.9326583679119798e+26,-3.5440648485297686e+26,-7.037379500370054e+26,-4.870730200297047e+26,-1.3090811216683844e+26,-6.1000929564078354e+26,-7.237590735727788e+26,-5.890229310504728e+26,-2.117613591211021e+26,2.4430779022548686e+26,3.767205613980447e+26,7.788800676382592e+26,6.325102381149133e+26,2.700754970121917e+26,1.107339134938055e+27,4.6931618188630555e+26,-1.024343545978104e+27,-9.51940675767357e+26,1.0372130620726875e+27,4.1377682044763573e+26,-1.2834187105596696e+26,3.937028028649915e+24,4.179728535724631e+26,-6.11713101313223e+25,-4.8499635207055854e+26,-1.2963933306871662e+26,-2.7598202974958847e+26,6.01239239791377e+25,-3.3315026151030065e+25,7.393335362678656e+25,-6.739965956570508e+25,-4.154453505273847e+25,-1.0931316442683429e+26,1.3620579971270517e+26,-1.6858165529508083e+26,-2.05085339749502e+26,-1.239637228794067e+26,-2.057064635379739e+26,-3.541993236569531e+26,-3.2906575544261284e+26,-5.721335014857191e+25,-2.3529236238462315e+26,8.322043446436965e+25,-8.949524357766223e+25,1.3137036002519565e+26,9.327174442207896e+25,1.3091311592189929e+26,-2.2552417337842638e+26,1.0249928690727571e+26,1.350155409923196e+26,2.6217204769585524e+26,6.1429825567980656e+26,1.897454222890422e+26,8.98215229485405e+26,4.626439723435743e+25,3.429607078722131e+26,-1.831340926219952e+26,1.6891783390750427e+26,1.4316580083412087e+26,-6.0215006986217685e+25,9.050265938201256e+25,-2.5483831653375373e+26,-2.6585996962854486e+25,-6.286581251871956e+26,8.349493745488379e+24,-3.2683849595232934e+26,3.7727920241766395e+26,-4.315431129255699e+26,-1.575304575111406e+26,-2.999081324236851e+26,-9.012038636482127e+25,-6.0647852164903164e+26,-8.75462884601239e+24,-5.232317490400779e+26,1.5200556858781972e+26,-7.798661712502538e+26,-1.4241689671243894e+27,1.5452487280736662e+27,9.45107337038697e+26,2.9360646917880798e+26,9.317150538825598e+26,3.2708371733403584e+26,2.7063119250900964e+26,7.474401345264443e+25,2.0119676255224744e+26,2.4246916804822083e+26,6.968859827372124e+26,2.708953547550557e+26,-2.353427904743163e+26,1.9230539424095633e+26,-4.792164129961876e+25,2.2266874313291392e+26,5.256283588544886e+25,3.051913911224475e+25,9.434454423529889e+26,2.054958496107695e+26,4.509582407572168e+25,5.11259374606168e+26,1.3173022723922903e+27,9.559515909985915e+26,5.949993731143354e+26,3.100069534173321e+26,1.9730338480264764e+26,1.3431055907373048e+26
3.8283413210841126e+26,1.4460289886419463e+27,3.973400361061409e+26,-9.525203165971098e+25,4.857413829299564e+26,6.751504744210718e+26,-3.539489946606403e+26,1.590360421288973e+26,2.91862622161603e+26,3.678504685324759e+26,-2.0095576036151075e+26,1.4001208663735648e+26,2.1557856408062853e+25,-4.436838706003043e+26,-3.6024235084542157e+25,-5.128363295514096e+26,-1.1077826870275873e+26,-5.9448600602929205e+26,-4.957469995993322e+26,-6.659201326431732e+26,-7.197110118715993e+26,-6.253780340021643e+26,-9.089757249735796e+26,-9.484674391151731e+26,-1.3519266177182235e+27,-7.185158196107042e+26,-2.1007175893855134e+27,2.9761939402494453e+27,3.625331764427696e+26,4.075592755316193e+25,4.1377682044763573e+26,1.5979833193316385e+27,5.066157458530384e+26,1.5467180052368287e+26,3.6265140525666255e+27,-5.199373815305287e+26,-1.1363624457808435e+26,-1.9605362167357275e+27,-1.3009060855289397e+26,7.118239723420784e+25,7.427273729922411e+26,-1.745265162381368e+26,1.1781481375270434e+26,1.1185981029751978e+26,1.6364341057975765e+26,-8.053344463527443e+25,5.864578474401184e+25,7.665915266688255e+25,5.7435559533222274e+25,1.2013165296573981e+26,2.2194822902350462e+25,-9.972748779172398e+25,-1.8824212765254447e+24,1.2278762705615576e+26,-1.6233711426547302e+25,-1.1079518185021115e+26,6.565000464826809e+24,-1.3746392857712632e+25,-1.7920749432418796e+25,-6.90118287701161e+26,-3.7727132703377506e+26,-1.6318958264117044e+26,-1.994651284397369e+26,-8.967766985977166e+26,-6.703877113223147e+26,-6.571248340428345e+26,-5.9246726105244284e+26,-2.8880808958026585e+26,1.2357109252525777e+26,-5.959102592875601e+25,-2.3045371762521105e+26,1.597158328917038e+26,6.254752956838575e+25,7.326231683518956e+26,-1.6055175608401605e+26,8.181173039649891e+25,-1.6577093703301165e+27,2.8979282922495685e+26,3.2962484922136407e+27,8.33239367342534e+26,1.6448671072037566e+27,6.577770918724828e+26,1.1296948919951488e+27,6.371403319741917e+26,-4.6661319535402575e+26,5.139022552102104e+26,-2.354025449041671e+26,9.530701046284019e+26,-1.6157719473611227e+27,-2.2820299555901383e+27,-6.650261704188662e+26,-1.3941122927017418e+26,-1.757514069926719e+26,-5.976409849611711e+25,3.0713343638256485e+27,9.372535589264648e+26,-3.1723239057903057e+27,7.071171432352743e+26,-1.4506930713737585e+27,2.2397177092954644e+26,3.470513430736466e+26,2.5492851362480474e+25,5.558284111736352e+26,1.7990336706349724e+26,3.0504944488927163e+26,2.6712722859967807e+26,2.0271896966282634e+27,4.806178507328641e+26,-1.8301072077030613e+26,-6.004094166458044e+26,-1.0977422004667975e+27,-6.509216311416286e+26,-2.6452999073157978e+26,1.0404155845225083e+25,5.516382576105946e+25,9.102528594162041e+24
3.117740840167477e+26,7.792215852356697e+25,4.3152429323021147e+26,-2.5516420272154653e+26,5.0376122630940304e+26,-1.769561566128814e+25,-9.11238941972134e+25,-1.7993850356647935e+26,-3.4918071651147653e+26,-3.0830028076720743e+25,-3.1365638250106624e+26,-2.596681509964402e+26,-3.102991487050363e+26,7.813143218751689e+25,6.934073695389056e+26,7.237184956388482e+25,-5.4570698068532024e+26,3.808836905918358e+25,9.531117876764382e+25,7.425773803660088e+25,-9.73244984115811e+26,-3.175239517962401e+26,-4.944337550485431e+26,-6.480399902670265e+26,-7.496315729399123e+26,-4.4805654360473695e+26,-1.0310563013108593e+27,7.175354997961473e+26,9.70904812037933e+26,4.691710361632115e+26,-1.2834187105596696e+26,5.066157458530384e+26,1.0290638608403353e+27,9.724243538053196e+26,2.0066182274084117e+27,-4.57680067738184e+26,-9.469251090293554e+26,-2.06331657786637e+27,9.816178987669203e+26,2.8894925762866978e+26,8.032105880806532e+26,-3.4983565010345577e+25,-9.373752274709882e+25,5.411212748239394e+25,1.3125285844710402e+26,-6.896458547935247e+25,6.0685690043711155e+25,9.24858124747284e+25,7.363236895864916e+25,-2.1085362216261294e+25,-2.0343884410036594e+26,-3.3999466233572305e+26,-4.311080624041086e+25,1.7198413402133917e+26,-5.420054668840299e+25,-1.7335299264686293e+26,-7.092435876408302e+25,-8.329423339459754e+25,-1.0912369581078983e+26,-8.234243007910162e+26,-3.345790250869105e+26,-1.622341946766837e+26,-1.5238300442944893e+26,-6.746809171291235e+26,-5.2020405872033095e+26,-4.845725818824029e+26,-4.2376601254708736e+26,-3.431198526381929e+26,1.3162019266476857e+26,-5.4104484443484275e+25,-1.2485373348997774e+26,1.2151010531760191e+26,6.358599579932257e+25,6.268550565943104e+26,-3.190346247430274e+26,-3.2808067188552956e+26,-1.7027080669871614e+27,2.9242774211644225e+26,2.4894202509729106e+27,6.867203457495621e+26,2.331829203243504e+27,5.754851765007093e+26,-1.6501079075671853e+26,5.893146519029505e+26,1.1666159052996985e+27,5.0963044154157205e+26,2.0227586172724345e+27,8.824428655017437e+26,-3.4896261492181304e+27,-1.774934265086327e+27,-2.1636546343302687e+26,-9.007990353536394e+25,-2.359204793382567e+26,-6.26449049044351e+25,1.3968566355921898e+26,1.0582296565464969e+27,-5.895010235397481e+26,6.39289838598492e+26,-1.7813651279847858e+26,1.5002032793131627e+26,-3.128072583147751e+26,-2.1440765231252018e+24,-4.859192352924231e+26,1.0425830096882821e+26,-5.828444986610588e+26,3.910757419524536e+26,-1.9938960465841415e+26,4.236202103206368e+26,8.432646464300897e+26,4.8155777551765055e+26,-4.0265976435588954e+26,-2.82302201055975e+26,-1.121267811341526e+26,1.3731734049427464e+26,3.6035282079075076e+26,5.667844858003455e+26
7.085733224338e+25,-9.429302468824345e+26,1.608932660590362e+26,-1.5770035662443675e+26,1.3274392196864362e+26,-4.963080150737412e+26,-6.291124718295147e+24,-5.6163787123797346e+26,-7.063362266087495e+26,-4.8920373515953784e+26,-1.3478621348030881e+26,-4.131111920840296e+26,-3.5942065787029294e+26,8.402249925304428e+25,5.126876634112556e+26,8.943457716735967e+25,-5.2866497490253365e+26,1.1375700314361136e+26,1.6224264099420488e+26,1.4835979164514627e+26,-9.638483335797509e+26,-2.6198548712452716e+26,-3.3078756075256756e+26,-2.4915362710881706e+26,-3.9719136927525665e+26,-4.007932986213355e+26,-1.4293400094482217e+26,-2.366819760433737e+25,6.339264559965942e+26,2.8112019220900034e+26,3.937028028649915e+24,1.5467180052368287e+26,9.724243538053196e+26,1.417274741608327e+27,1.1046173434105556e+27,-1.7799093668521472e+25,-1.1259362263706181e+27,-1.8688716841737347e+27,1.0710093110815034e+27,3.174389918757226e+26,7.530858043040581e+26,6.9065405778576065e+25,-1.702060965195176e+26,-1.5888290304574639e+25,-1.3206331800541176e+25,1.1907650179745378e+26,-1.1385431977639609e+26,-7.3656071205641235e+25,-5.972927684353738e+25,-2.8877487393979034e+26,-4.2519107554765546e+26,-4.302304209057727e+26,-1.002739855135953e+26,5.553195212150825e+25,-4.250175392976825e+25,-1.621190015788048e+26,-7.187962967783524e+25,-9.053482578722004e+25,-1.2931491928979236e+26,-9.199152283586921e+26,-3.532195296163729e+26,-1.428428920285809e+26,9.699191103443888e+24,-4.05448894845882e+26,-5.3797182880945505e+26,-1.0445013107281706e+25,-2.2427270336222856e+26,-1.9475453460110618e+26,4.137655215949109e+25,3.9742120197229755e+25,7.895957398697095e+25,2.5428295528457282e+25,1.834374547347491e+26,3.429159817930648e+26,-1.6336391305982834e+26,-7.06377123770105e+26,-1.6030764625467402e+27,2.390920209499141e+25,1.891742766976495e+27,2.5635534529535885e+26,2.150951330963764e+27,2.8827500108292304e+26,-1.0337733127213161e+27,-8.618604311087745e+25,1.6961134570308093e+27,7.830753763682602e+25,2.824723570676691e+27,2.35479318479817e+26,-3.858160707993661e+27,-4.514266627556909e+26,4.908504645550141e+26,1.677192150936622e+26,3.72791845839936e+26,1.4193595466067312e+26,-1.2076830387022901e+27,1.1338768557029887e+27,7.693976753450046e+26,6.822611562184063e+26,7.44811854914694e+26,2.0475431363404452e+26,-7.420219656804599e+26,9.666331466114145e+25,-1.0097610914665272e+27,1.8106220942849256e+26,-9.823973750256046e+26,4.3421807542897984e+26,-6.827729600753307e+26,5.3701498756988444e+26,1.371950085292839e+27,1.3571962105249665e+27,6.689461181802268e+26,3.8883457560220494e+26,3.011946706846913e+26,3.8168782806025876e+26,6.0362466140087936e+26,8.917411643744072e+26
1.43702862019187e+27,4.178352357086024e+27,1.4303493285828293e+27,-4.8844780761178586e+26,1.664542358356532e+27,1.5124425091257604e+27,-7.544066349069962e+26,3.3662625539012204e+26,3.1937544071612376e+26,7.966842542917603e+26,-7.69365272282912e+26,1.4897174741212147e+26,-2.3288259769935808e+26,-6.148101754666862e+26,7.738596618597091e+26,-7.071623473487585e+26,-7.71124116815865e+26,-8.774792076533894e+26,-6.1029567344864806e+26,-1.0094122628261465e+27,-2.561602898682266e+27,-1.7925615831612746e+27,-2.3716319442009965e+27,-2.834516160950062e+27,-4.488684173068688e+27,-2.3731392505018978e+27,-6.891069102516512e+27,7.324193622856335e+27,1.8915114077356765e+27,7.151293651643238e+26,4.179728535724631e+26,3.6265140525666255e+27,2.0066182274084117e+27,1.1046173434105556e+27,1.0212158165146584e+28,-1.7542310867078342e+27,-9.540234664317774e+26,-6.704295503218985e+27,7.107819167239994e+26,7.29720196533559e+26,3.4471512839820184e+27,-4.9307348567780944e+26,2.1351273750472308e+26,4.0343146024206385e+26,7.141343075457356e+26,-4.259074010502489e+26,2.876064298123854e+26,4.814567856530177e+26,3.231704349338929e+26,3.9570325187609714e+26,1.2942846495072626e+26,-4.0561964235275964e+26,-1.6787464406990173e+26,7.890245935889265e+26,-2.9465872600908086e+26,-2.9816404962203526e+26,-1.865720799987594e+26,-2.3499259567366225e+26,-2.5777566549492275e+26,-2.592679625243935e+27,-1.4185135863400226e+27,-6.890855767077973e+26,-7.448044967969971e+26,-3.519256075688711e+27,-2.4915630651488057e+27,-3.0726782182836107e+27,-1.4712801800606552e+27,-1.5247464208862779e+27,6.686725572961715e+26,-3.6069806782074296e+26,-7.13267172130342e+26,6.456753110042317e+26,3.065000078806226e+26,2.1776922346877947e+27,-7.847120653261107e+26,4.389224414692962e+26,-6.165561187692502e+27,1.4739692099750167e+27,9.269841680476786e+27,2.9546217206619535e+27,5.763830916483136e+27,2.432075225919089e+27,2.71150779940441e+27,2.964617428736089e+27,-4.914218035762486e+24,2.5223771000980115e+27,1.0292103135392614e+27,4.2792651831963066e+27,-5.999421635935759e+27,-9.542967922255487e+27,-2.459948122333586e+27,-4.3521287819944964e+26,-1.442726687852398e+27,-3.9521898605263104e+26,9.830838234954882e+27,1.6208999750469504e+27,-9.606686429853964e+27,1.0947154488187332e+27,-4.8112552632448817e+27,-4.911932371193425e+25,1.2620599478989562e+27,-1.3277758175572362e+26,2.0424208397986667e+27,-8.835121063130275e+25,1.9617747681087063e+27,-2.9711749865802276e+26,5.332554535224352e+27,6.813374319361696e+26,-2.1880133518865427e+27,-3.7175957744758413e+27,-5.351592448311559e+27,-3.4513516181237645e+27,-1.9053340040645641e+27,-1.1015672230304045e+27,-1.1361949135914135e+27,-1.4096281563125417e+27
-2.4199627022472946e+27,-4.307668846057257e+27,-1.6671524045129198e+27,1.3976542594655274e+27,-1.031229475780815e+27,-7.288231113112828e+26,1.2198981386519802e+27,-1.5852246307708715e+26,-1.3485988526904872e+26,-2.8238324293189596e+26,2.0498580020772258e+27,-1.4462548434595718e+27,-8.139220857113532e+26,4.9291967567361344e+26,4.492485815334224e+25,4.3750848264982775e+26,-2.5950127530004685e+26,4.798277272445744e+26,3.07826796177927e+26,3.798573581019328e+26,-4.08150950670406e+26,2.9769871652699645e+25,5.565483724540969e+25,2.6638781503177855e+26,4.460310680965703e+26,4.88578296201699e+25,1.1449603275294529e+27,-1.2578671045241203e+27,2.7120260823631553e+25,2.760823346265908e+25,-6.11713101313223e+25,-5.199373815305287e+26,-4.57680067738184e+26,-1.7799093668521472e+25,-1.7542310867078342e+27,3.1168339575758353e+27,-1.5675960917562732e+27,-2.8407142123699914e+26,1.387609590012048e+26,-1.4920106007389048e+27,-1.0213705095491811e+27,-9.127470089279131e+26,1.2373921635370688e+27,4.842844212029792e+26,3.8672356543071354e+26,8.610085126071079e+26,-3.539804524659787e+26,-2.113041544297881e+26,-1.058070521500904e+26,4.386637761310558e+26,-1.5965452350125271e+27,-1.0199300021378237e+27,-9.497356936776759e+25,-7.777482644873835e+24,1.4732249921517714e+26,-2.7355744965999313e+26,1.7067784809618566e+25,-4.119963616810172e+25,-7.784361895419447e+25,-6.144956745285816e+26,-1.558264638281166e+26,-3.896361643614403e+25,4.210847013427756e+25,1.4705116811556417e+26,-1.2645948718863988e+26,5.20412044909777e+26,-3.4666036751598475e+26,-5.533526282196042e+25,-1.88599477359878e+25,6.792686143226297e+25,2.2156940802064114e+25,2.4147273041072256e+26,3.1407199916945456e+26,6.50565850232317e+26,1.8343723111412194e+27,-2.347757054207095e+27,-7.531702023193969e+26,1.3540765517590831e+26,-1.2849821858157434e+27,4.5405893196892156e+26,-7.173579093257783e+26,8.027606304096194e+26,-3.2073731477271946e+27,-1.4232531546284682e+27,9.209700177664335e+26,7.2410727024249565e+25,1.289721930238761e+27,1.6514076195592117e+26,-2.626489749977915e+26,1.6969049861441007e+27,6.506981317159537e+26,6.663073025693709e+25,5.385156755414767e+26,9.430663688744364e+25,-3.338954518032592e+27,1.6605636267656808e+27,2.6449858435424625e+27,1.0392902123548422e+27,1.3155682936778728e+27,3.726030928546053e+26,-5.063034518039983e+26,6.671487032732612e+25,-7.770806464874732e+26,2.0177604385761497e+26,-9.801650243432265e+26,5.278365789592078e+26,-1.1041325713216856e+27,4.98638647037585e+26,2.3113638867091833e+27,3.630029752428565e+27,2.3567436396619204e+27,1.1540420119673275e+27,6.903787618268993e+26,6.597417210869955e+26,8.907198286513443e+26,1.2544056896862043e+27
1.2041657555198145e+27,3.959877080661003e+27,4.499123861945408e+26,-3.4805799948059664e+26,-7.111634976438793e+25,1.0158177162685311e+27,-1.7901132547506647e+27,7.051237503431908e+26,1.3420748641597813e+27,5.242626174955901e+26,-8.249589484734475e+26,3.181415832771936e+27,2.8373284346472473e+27,-1.4499884081500836e+27,-1.2387853144689049e+27,-9.464147768422738e+26,2.2344291008039844e+27,-2.7813968788068063e+26,-7.247209131551729e+25,7.101354225433162e+25,3.659764260802191e+27,-7.598643375924378e+25,-8.781119795079699e+25,-3.8092671244293764e+26,-3.915802788185474e+26,7.32033766697081e+25,-1.1003306356947042e+27,3.754691386733134e+26,-1.1061655098536601e+27,-8.585823533239066e+25,-4.8499635207055854e+26,-1.1363624457808435e+26,-9.469251090293554e+26,-1.1259362263706181e+27,-9.540234664317774e+26,-1.5675960917562732e+27,5.878929829410022e+27,5.538480479632075e+27,-2.472323987471627e+27,4.7050113392270614e+26,-1.076202690759655e+26,5.414928330859637e+26,-4.801204443779058e+26,-3.325355793267419e+26,-4.5766960737141995e+26,-1.9866085477222483e+26,-2.361104885308404e+25,-8.760311541578104e+25,-1.7246855514128402e+26,-3.265278905278416e+26,2.532806119797867e+27,2.941998031002009e+27,2.7900871978664667e+26,-1.7390344030527232e+26,2.5782837462159354e+25,1.1739905210716157e+27,-2.2776843939088308e+25,9.153526069048412e+25,-2.532272372840367e+24,3.3874119152675076e+27,3.286604355566243e+26,-1.1132170888634522e+25,-4.0556043433858785e+25,-2.4771191743694467e+26,3.530602979888377e+26,-1.2486863141390802e+27,1.4350869146078164e+27,3.574909580159066e+26,-4.493328335081009e+25,-1.1905642442408119e+26,2.3062721733077237e+26,-3.267058805847807e+26,-1.597718203584445e+26,-1.652675478166701e+27,-3.419895371501064e+26,4.1881970383579736e+27,4.8789027053249097e+27,-5.307271082317081e+26,-2.5250809894178225e+27,-1.4488663148128777e+27,-2.812224434119996e+27,-1.3983948162447685e+27,4.66588432628462e+27,-1.7973837056823247e+26,-4.214998562751902e+27,-8.315539155458627e+26,-6.294936388315556e+27,-1.305694242920284e+27,1.0499075289133024e+28,3.707276882700041e+26,-1.2003269260257696e+27,9.89647179388037e+24,-9.812151782307946e+26,-3.443502033030526e+26,4.0472190290631436e+27,-4.21951680148125e+27,-2.691956856845304e+27,-3.034582523561362e+27,-1.9568050012041246e+27,-1.4101014051692255e+27,1.0388219471709197e+27,-3.379540111280529e+26,1.5164250026909374e+27,-9.251182036740546e+26,2.1938733737512332e+27,-1.7226942065275172e+27,1.1135705054842788e+27,-1.6490446597947873e+27,-4.767727596744693e+27,-6.048102134460652e+27,-3.8146316312038645e+27,-2.330628340972171e+27,-1.5517631022226904e+27,-1.6112321998577773e+27,-2.237609582803499e+27,-3.036983412093543e+27
8.369271242614446e+26,1.8843946193271693e+27,2.1514859961124296e+26,-3.803883642716562e+26,-5.3050962669909505e+26,5.553039225743762e+26,-1.0901282611191695e+27,7.111055141306894e+25,8.367594036719289e+26,-9.967823324977521e+25,-1.58672073351589e+26,1.9353266798351996e+27,2.0119154951513758e+27,-1.3275605791442747e+27,-2.508091142156684e+27,-1.1074214394666093e+27,3.0086041669851086e+27,-4.051823494095573e+26,-5.6670904706388685e+26,7.870913962310782e+26,6.783334391541643e+27,2.3027243081125116e+27,1.763210083628424e+27,1.452521680201181e+27,4.3523043771014544e+27,3.323026837923825e+27,5.506489641732613e+27,-5.067007027755027e+27,-3.171004811293787e+27,-1.399850793260635e+27,-1.2963933306871662e+26,-1.9605362167357275e+27,-2.06331657786637e+27,-1.8688716841737347e+27,-6.704295503218985e+27,-2.8407142123699914e+26,5.538480479632075e+27,1.2854386500692414e+28,-3.117490246611395e+27,-1.7491634760992734e+26,-3.221629887769389e+27,6.772501764674352e+26,-5.1229304471845336e+26,-4.159440777374919e+26,-6.504969168173693e+26,4.270140561154001e+26,-1.3067015891337768e+26,-4.0776197827998134e+26,-2.8305181732940273e+26,-1.4135900628932754e+26,1.3556258896628972e+27,2.2207797809096736e+27,6.675543976882853e+26,-7.719905003334236e+26,6.387437462651963e+26,9.585678733909011e+26,3.6619334367757755e+26,3.957344225424905e+26,3.2711986273471985e+26,6.633955941844935e+27,1.610423445892733e+27,4.655161112716385e+26,2.885841541135119e+26,2.528900563495023e+27,3.2013324808916377e+27,7.853446149141508e+26,2.0531779093192716e+27,1.5169598641355882e+27,-4.716584938455389e+26,6.739763413829496e+25,3.89358693185067e+26,-5.029725006994298e+26,-4.302934409595034e+26,-2.5576363164183605e+27,6.447471235341057e+26,2.370051955411554e+27,1.1439712851958025e+28,-1.352517735915828e+27,-8.203596582846442e+27,-2.882344183306247e+27,-6.11469624774754e+27,-2.5468420784436955e+27,2.3925790156075933e+27,-2.8138616874689123e+27,-4.097727782568912e+27,-2.532909541006811e+27,-6.583998059819475e+27,-4.3042197931456634e+27,1.3686697583027656e+28,8.838493735490656e+27,9.526173363614708e+26,-4.55680628188156e+25,-1.1968497176692956e+26,-4.413569181264939e+26,-4.318867900923115e+27,-4.509395612778789e+27,5.762112056998874e+27,-3.295478449946711e+27,2.7193067213932553e+27,-1.3480407789314654e+27,-6.523939004819926e+26,-4.420013423084349e+26,-8.81044296451809e+26,-9.553481257485146e+26,-1.122048916773184e+26,-1.0424263142465345e+27,-2.47326914136745e+27,-2.03807678767841e+27,-1.9037260203786392e+27,-1.3277941372749e+27,1.4121390691304672e+27,5.3578415946948826e+26,-1.674216678709981e+26,-4.310210289691526e+26,-7.148347329208682e+26,-1.1429962730878869e+27
-3.894630053119967e+26,-1.925873159783961e+27,-5.9563151973829596e+25,-3.475172464383887e+25,1.938069360814515e+26,-7.946236481703036e+26,6.794650994470974e+26,-3.7947082280187046e+26,-8.54548636467268e+26,-3.136777466724708e+26,-1.0932173463042429e+26,-1.0497283358773913e+27,-9.717729214139473e+26,9.39974444678688e+26,1.3742227771416182e+27,8.671137527278579e+26,-1.2075709453318593e+27,6.801908220942857e+26,6.311351329274825e+26,5.2544740446427466e+26,-1.777380140274001e+27,-2.3637604066609953e+26,-3.8331280237970116e+26,-3.674684902041697e+26,-3.791462584887819e+26,-3.6248588280245584e+26,-2.058064432781311e+26,-4.862725667752309e+26,1.510593150157935e+27,7.301910686279395e+26,-2.7598202974958847e+26,-1.3009060855289397e+26,9.816178987669203e+26,1.0710093110815034e+27,7.107819167239994e+26,1.387609590012048e+26,-2.472323987471627e+27,-3.117490246611395e+27,1.9599471014777213e+27,2.02465149427782e+26,8.635075781182694e+26,-1.1753635567302963e+26,-1.6226354501921214e+25,9.287536168501813e+25,1.7190631404127613e+26,-1.2647315844895849e+26,3.1540368031142135e+25,1.1217406974160209e+26,8.67132281567981e+25,-1.2035430130466072e+26,-6.591266074883248e+26,-8.928997947297843e+26,-1.459618841280556e+26,2.0145769920820637e+26,-1.2382709084954962e+26,-3.1184776565777326e+26,-1.1828549168648614e+26,-1.1894769357432942e+26,-1.3923707682565397e+26,-1.41120297968334e+27,-3.391891962346532e+26,-1.3497070681775655e+26,-1.1628563313346385e+26,-4.628783100132653e+26,-4.8665368126713865e+26,-9.45997600707748e+25,-5.3474771843889866e+26,-3.688723386057955e+26,1.14617500002894e+26,-2.776887389109053e+25,-9.360351989410075e+25,1.1930067924057184e+26,8.2982730680243e+25,7.135375901772943e+26,-4.200069497086444e+26,-1.1470506800815777e+27,-2.49636858900541e+27,3.4253904084617706e+26,1.8976638029273807e+27,7.15920329938581e+26,2.4143908306175204e+27,6.552043567218724e+26,-2.1513600961882177e+27,7.209173925292537e+26,2.7974922673972536e+27,6.301538336619819e+26,4.106081961624572e+27,1.0295185327110652e+27,-5.983150761275794e+27,-1.4344207420213463e+27,3.573096587131618e+26,-8.17043290583231e+25,1.7284985645159554e+26,1.271302791101581e+25,-2.1360855516680967e+27,1.74610347198936e+27,1.3081283477194763e+27,1.1150925447768103e+27,9.027158706389625e+26,4.1248640384364605e+26,-7.614261306684613e+26,6.051147961443104e+25,-1.1845230316669901e+27,2.883992263548635e+26,-1.41201929334319e+27,8.162987172403305e+26,-1.3685901964143244e+27,6.240665115091235e+26,2.1943205208729855e+27,2.2081260274310287e+27,8.196553113124361e+26,5.203791019649726e+26,4.339775575064759e+26,6.631068454286665e+26,1.0383169541966148e+27,1.44989306863534e+27
1.8276928499458735e+27,2.8015772035932344e+27,8.402283989091782e+26,-8.233328790344573e+26,3.431063736517731e+26,-7.563814816759738e+25,-3.035012234836205e+26,-3.0757201654221643e+26,-2.781560542364538e+26,-2.667113541101726e+26,-1.010490510068586e+27,4.553271859515793e+26,2.4207512033372164e+26,-1.457939237171008e+26,-5.45499285361086e+25,-1.7109375865662072e+26,1.3100452716172552e+26,-2.0572055179344892e+26,-8.911492368122508e+25,-2.086825874068875e+26,1.2215105430589266e+26,-3.388908766913398e+25,4.3133140598591214e+25,8.076472174483374e+25,-1.0111993433704543e+26,-5.050921304330444e+25,-2.7781523993344977e+26,3.552076277593019e+26,-1.3814193685677124e+26,-7.624723993434212e+25,6.01239239791377e+25,7.118239723420784e+25,2.8894925762866978e+26,3.174389918757226e+26,7.29720196533559e+26,-1.4920106007389048e+27,4.7050113392270614e+26,-1.7491634760992734e+26,2.02465149427782e+26,1.9469515691160452e+27,2.113430735987932e+27,8.226214247631782e+26,-1.0165274312626324e+27,-3.231996467488568e+26,-1.7324004301204654e+26,-7.575461061038579e+26,2.106925673769238e+26,3.786911292385221e+26,2.148759645782128e+26,-6.405692749502062e+26,6.993927634282507e+26,3.7441884624181393e+26,-2.1348311218261385e+26,1.984529449866917e+26,-3.341918878339877e+26,2.2727393688087757e+26,-1.2369532831429147e+26,-5.585423852198417e+25,2.6421116770085105e+25,2.5444167170609892e+26,1.3298192491915569e+26,1.1139036331424786e+26,9.678566147366011e+25,9.63152980804108e+25,7.070922246507119e+25,-1.1229152330892673e+26,6.0912081466376255e+26,-6.877273706157288e+25,3.6517576825009067e+25,-4.942519674255803e+25,1.104221864658175e+26,-2.556551764607221e+26,-2.9020013197648883e+26,-1.1706665916166239e+27,-1.586692072102761e+27,1.2502787397610979e+27,2.0148795203043546e+26,1.6498348916642466e+26,5.501913602677906e+26,-7.900267270331544e+26,5.757735628496853e+26,-9.926321546512528e+26,8.33755005422708e+26,1.6096478152422232e+27,2.0496847858168772e+26,3.9262320532081274e+26,1.655496133051808e+26,2.1623700592408506e+26,-1.0202232058968753e+27,-1.275733526070335e+27,2.3341200971014814e+25,1.3486223754971822e+25,8.097082066591406e+25,2.686296245527552e+25,1.8816883674917053e+27,-1.929979042887221e+27,-1.0996660160060745e+27,-1.1423176884363369e+27,-2.8222628246845315e+26,-2.7729975380457536e+26,4.236245331368934e+25,-6.584035808827336e+24,1.2133440799853196e+26,-1.0303054547625202e+26,3.672828804529855e+26,-3.623447436666215e+26,3.750794348019815e+26,-7.908328886154848e+26,-1.8598844320825145e+27,-2.764750705650249e+27,-1.3639616142847143e+27,-3.64964512387705e+26,-8.843842902719701e+25,-1.680958447411935e+26,-4.193711281668734e+26,-8.060776514870212e+26
7.163842417040748e+26,2.8677552481681974e+27,-1.2242883845882175e+26,2.0842953294629502e+26,7.818859147334294e+25,-2.8808396501305325e+26,-3.623725597502877e+25,-2.8829896025759376e+26,-3.523580065650987e+26,-1.3138587881466173e+26,-5.838799875487479e+26,3.707639331181273e+26,1.0447182518304054e+26,2.7318265320545123e+25,5.225642583018944e+26,-1.0033167109697479e+26,-3.4608007433497295e+26,-3.685926291243292e+26,-9.28892961752048e+25,-6.367949993560132e+26,-1.0040289122041451e+27,-4.531351541714478e+26,-3.949188942283749e+26,-5.537920673939633e+26,-1.7252286303616018e+27,-7.878648847277836e+26,-3.1579047480685616e+27,2.4422634407833695e+27,6.1716067275659644e+26,3.3627029278373794e+26,-3.3315026151030065e+25,7.427273729922411e+26,8.032105880806532e+26,7.530858043040581e+26,3.4471512839820184e+27,-1.0213705095491811e+27,-1.076202690759655e+26,-3.221629887769389e+27,8.635075781182694e+26,2.113430735987932e+27,6.449972080544841e+27,-2.466097313446136e+25,-9.640106916587085e+25,2.2889846823887076e+26,3.791786119563512e+26,-1.0718223817836977e+27,-1.673548628482408e+26,6.1484088967173356e+26,1.2774693432398415e+26,-8.600762327247049e+26,8.289515964772543e+26,3.0619608313910732e+26,-1.0415197744202925e+27,1.0361623936080192e+27,-1.2203385321821242e+27,6.565880029026326e+26,-7.417206992418923e+26,-5.358328494344535e+26,-4.673974991430304e+26,-7.64101649536538e+26,-3.850741164974588e+26,-2.733433871328091e+26,-1.3661218089967951e+26,-1.7062791696607267e+27,-9.131353064347461e+26,-2.437778777957386e+27,1.7955120385359852e+27,-1.3340593101930606e+27,5.338113902713743e+26,-3.745554899417861e+26,3.812844045985349e+26,4.982849589451076e+25,4.765481379279659e+26,-1.7875018643422226e+27,-1.904465085323405e+27,1.9856383020044194e+27,-2.651448516249925e+27,1.2945933769026615e+27,2.95984579355441e+27,-5.190723323954567e+26,2.2993135394370408e+27,-5.013519593488824e+25,7.333086738554224e+26,4.174348853888622e+27,8.729206359033682e+26,2.58886826457877e+27,9.688799678298126e+26,3.7050727236988676e+27,-3.064492034963152e+27,-8.064064682538822e+27,-9.06529271603973e+26,9.860571089234513e+25,-6.127535467757034e+26,-3.4089829441752695e+26,8.340807217672162e+27,-5.254767687783912e+27,-6.01045523012259e+27,-3.763917403035507e+27,-2.6535940328890435e+27,-1.8759058740938933e+27,6.81403787056836e+26,-4.154084378356144e+26,1.4324095461169426e+27,-1.2662992784953675e+27,2.8213950348131914e+27,-2.522141051713252e+27,2.2773996211435233e+27,-2.497861898392486e+27,-6.954997388773654e+27,-9.098907261136751e+27,-6.531675733522152e+27,-3.409184491452831e+27,-1.9374370206384627e+27,-2.0318899645982667e+27,-2.991159139239674e+27,-4.218647318673935e+27
1.0275606904674812e+27,1.1728207159728516e+27,5.4406909842958764e+26,-6.1439669321794076e+26,1.2532071774615842e+26,-4.146872423780886e+25,-3.00910013302005e+26,-1.5254426827837554e+26,-1.0499931542561234e+26,-1.784074741595409e+26,-6.686100329954907e+26,3.813711773550984e+26,2.4706678132119793e+26,-1.5687488936527432e+26,-1.9764487503194285e+26,-1.294111702989454e+26,2.0514975947470995e+26,-8.876917710881401e+25,-4.717849218957451e+25,-4.8632756978936605e+25,3.486123726278296e+26,8.15756257260787e+25,1.6140995577244353e+26,2.6110874358622162e+26,2.99716845484846e+26,1.2237683693273336e+26,5.271920945927387e+26,-3.359381630347304e+26,-3.150462607529529e+26,-1.5270525115278029e+26,7.393335362678656e+25,-1.745265162381368e+26,-3.4983565010345577e+25,6.9065405778576065e+25,-4.9307348567780944e+26,-9.127470089279131e+26,5.414928330859637e+26,6.772501764674352e+26,-1.1753635567302963e+26,8.226214247631782e+26,-2.466097313446136e+25,6.308629063430604e+26,-7.389271808982165e+26,-3.395238456178323e+26,-3.107174828860518e+26,-3.0508120076516817e+26,1.496113155760652e+26,6.2527928380208625e+25,5.441233949178896e+25,-3.4249240809713134e+26,4.380156454849075e+26,3.0210453809886845e+26,5.590730784901908e+25,-1.2876339974104539e+26,-5.894232359875172e+24,7.314673166576461e+25,4.282070963277183e+25,6.1534996649047705e+25,8.823545534936136e+25,3.6167668860000304e+26,1.5826140902775032e+26,1.1504036266295443e+26,1.2757091492043022e+26,4.2089709693598066e+26,2.128968416479551e+26,4.4745775483070415e+26,1.5956034679758835e+26,2.7442379879633378e+26,-1.1837254694421486e+26,7.255306328247355e+25,8.421505816917774e+25,-2.449061245682504e+26,-2.583986551551035e+26,-5.244326216610768e+26,-7.26404381971403e+26,6.18415433486917e+26,7.91347429051072e+26,-2.9891315630479848e+26,-4.4982578810728924e+26,-5.996478502585468e+26,-2.8271491136985505e+26,-7.9149828121128e+26,5.605193336971274e+26,8.78890400582007e+25,-1.4126016101568003e+26,-4.604752177314149e+26,-2.3243577805717994e+26,-8.57112181493316e+26,2.6682930693939827e+26,9.496961170726606e+26,2.885268415122287e+26,8.46313311805386e+25,2.6273734258298298e+26,1.4020257176206453e+26,-4.489769763174431e+26,-3.6457662695176645e+26,5.221005072766784e+26,-1.2591113465497677e+26,3.807259726910665e+26,1.2894148418215257e+26,-1.1681061872142648e+26,9.93101362868422e+25,-1.8722243229698473e+26,1.642562184939698e+26,-2.439661443393661e+26,1.6878030493948282e+26,-2.455899283174422e+26,7.559697905606339e+23,2.749716618466417e+25,-2.0006872443142104e+26,3.7753292133146066e+26,4.236120253925615e+26,3.0188221848541303e+26,2.140916027752916e+26,2.08298398130927e+26,1.9392454118107294e+26
-1.3072871189807824e+27,-1.4656037508477248e+27,-7.772375757508072e+26,8.405492070038027e+26,-2.6706283057061353e+26,5.88003572717809e+25,3.518971085618448e+26,2.1777692805439075e+26,1.849396281913047e+26,2.221769406872539e+26,9.076210541131877e+26,-3.956467472877981e+26,-2.2282210574072414e+26,1.4135144288585655e+26,1.3630694472936345e+26,1.226068345627898e+26,-1.6302620615214324e+26,9.290215110067072e+25,4.858440031787235e+25,4.196652482008028e+25,-2.8391706840218974e+26,-6.938783998418424e+25,-1.2695069775239553e+26,-1.971393938249154e+26,-2.2456575354102524e+26,-9.857307366211591e+25,-3.906178536545043e+26,2.2481613969040205e+26,2.4075186657207073e+26,1.2712360762119654e+26,-6.739965956570508e+25,1.1781481375270434e+26,-9.373752274709882e+25,-1.702060965195176e+26,2.1351273750472308e+26,1.2373921635370688e+27,-4.801204443779058e+26,-5.1229304471845336e+26,-1.6226354501921214e+25,-1.0165274312626324e+27,-9.640106916587085e+25,-7.389271808982165e+26,9.20685151903662e+26,3.878920712411085e+26,3.237029632929725e+26,3.754928511124026e+26,-2.0623128532861813e+26,-9.279738261276891e+25,-8.411235470098567e+25,3.825606949652054e+26,-4.898704593095163e+26,-2.9236513706630705e+26,-7.436942088989094e+25,1.1077865386902752e+26,3.29619414056332e+24,-4.676162901712555e+25,-4.912014698446333e+25,-6.11924309192135e+25,-9.404962867853888e+25,-3.1151212976191e+26,-1.4668834135664808e+26,-1.0520593652245558e+26,-1.0615297839147432e+26,-3.542249020318882e+26,-1.8871152040940575e+26,-3.679434746279063e+26,-1.1316682552353796e+26,-2.396764067305302e+26,9.967853919844114e+25,-6.196986572621394e+25,-5.475172749891015e+25,2.3618894829352253e+26,2.820539621677174e+26,4.648178561766118e+26,9.44020108262748e+26,-6.83432323564797e+26,-6.694798841769798e+26,2.6790957159973066e+26,1.7202608420249405e+26,5.166512736839525e+26,8.208219218111729e+23,7.618459200336324e+26,-6.482767581993295e+26,-2.4206744456000202e+26,-1.3553335923833798e+25,4.11839705768655e+26,3.2429601052894845e+24,7.808811584098647e+26,1.591246583421181e+26,-6.805237773422217e+26,-2.2926580064012825e+26,-6.426501626605121e+25,-1.9738775013039826e+26,-1.1979393610486377e+26,2.642475413809081e+26,3.2534340375143616e+26,-3.3928735210283496e+26,1.0192887172180598e+26,-2.935823033274563e+26,-1.2427166262299097e+26,1.05335463806568e+26,-9.004674148511135e+25,1.702947158070395e+26,-1.5753428937565374e+26,2.2398683447697353e+26,-1.7053731846579783e+26,1.839397863858629e+26,-2.0046655930599876e+25,5.295152393973294e+24,3.256641010182375e+26,-2.1679143248816452e+26,-3.2688189560625805e+26,-2.4197943184631455e+26,-1.817267663051807e+26,-1.8645185238171838e+26,-1.7598126902598154e+26
-4.268989313355395e+26,-4.00000750528621e+26,-2.2196314365930482e+26,2.9225497961708407e+26,-1.2683764077559816e+25,3.290232339276228e+25,1.8692288887482227e+26,6.00427736066881e+25,3.2679925492404607e+25,8.008674740268232e+25,3.754360653892131e+26,-2.4360582971752392e+26,-1.5864470473954656e+26,8.502613200584794e+25,1.084959876313325e+26,6.135522663656893e+25,-1.0597494387514009e+26,3.351368177445145e+25,1.7410773547525424e+25,1.6511891900661383e+25,-1.8653542691923148e+26,-3.8419112255339665e+25,-8.434232314987486e+25,-1.5001644782478133e+26,-1.699004576289383e+26,-5.905339391198666e+25,-3.3282162436911344e+26,2.2665475172361304e+26,1.725351832136276e+26,7.893522155626747e+25,-4.154453505273847e+25,1.1185981029751978e+26,5.411212748239394e+25,-1.5888290304574639e+25,4.0343146024206385e+26,4.842844212029792e+26,-3.325355793267419e+26,-4.159440777374919e+26,9.287536168501813e+25,-3.231996467488568e+26,2.2889846823887076e+26,-3.395238456178323e+26,3.878920712411085e+26,2.1570807126562874e+26,2.2561292258074684e+26,1.469286530104413e+26,-7.668017856140464e+25,7.867449659437255e+24,5.213615668370288e+24,2.070705915425905e+26,-2.7010988412289016e+26,-1.9223806330927034e+26,-7.309420794778671e+25,1.1575639595438355e+26,-3.118651437499802e+25,-2.0496663833500567e+25,-3.936551415266071e+25,-4.709069795613871e+25,-5.273168780083068e+25,-1.8465397822487438e+26,-7.2251346639029266e+25,-5.651701073554453e+25,-7.2352962054725655e+25,-2.4169856171966864e+26,-1.0373728178634809e+26,-2.9912286217933843e+26,-3.00468247276096e+25,-1.9315816931496676e+26,8.202710828394057e+25,-5.392325774800716e+25,-4.505577146357829e+25,1.5092182159105214e+26,1.3236087093059811e+26,2.1814327146029353e+26,3.568623716820075e+26,-3.3945477526827285e+26,-4.674215993158908e+26,2.4838907888131195e+26,3.2680951571598973e+26,3.209736598947554e+26,2.418460120693157e+26,4.352915086740456e+26,-3.1569302688517156e+26,1.0825683506216805e+26,1.1707831182940608e+26,3.863519053413607e+26,1.6616409608377543e+26,6.269717737181266e+26,-2.7796401092385163e+26,-7.574167200070758e+26,-1.8180823608889792e+26,-6.203413848858458e+25,-1.678510294197902e+26,-9.874953950483768e+25,4.860249384336813e+26,5.312018973885431e+24,-4.2640991021564366e+26,-5.834311589115163e+25,-2.5915848802093247e+26,-1.2313971475586158e+26,7.768323318284373e+25,-7.347688231847235e+25,1.3109666061475562e+26,-1.2830100639320882e+26,2.013411334700643e+26,-1.568392000573992e+26,2.0575440288531315e+26,-1.1166639025864498e+26,-2.3397879343943083e+26,-1.568181853996931e+26,-3.8023520988675725e+26,-3.075331714907036e+26,-2.0249995923433698e+26,-1.549771078480254e+26,-1.8207773512322267e+26,-2.2162472926641636e+26
-2.2505756013527615e+26,-9.160685079115896e+25,-7.2464795963389685e+25,1.825161179058161e+26,1.0387832087148775e+26,7.576362694722712e+25,2.3369349436159065e+26,9.477502083310874e+25,4.438797446239482e+25,1.0984578999423122e+26,3.3539356627257156e+26,-3.2672837551342256e+26,-2.4291868176381548e+26,1.442408092384111e+26,2.0090973228043494e+26,1.1459201844870299e+26,-1.600333416929483e+26,7.65855926307121e+25,5.896448004411785e+25,5.71143750770671e+25,-2.8153261494187477e+26,-5.654224151056415e+25,-1.354654288059946e+26,-2.6786798685971493e+26,-2.9683220077309514e+26,-9.568582542871131e+25,-5.9305061198263945e+26,3.4673891989718965e+26,3.1510139047144424e+26,1.6109144157570204e+26,-1.0931316442683429e+26,1.6364341057975765e+26,1.3125285844710402e+26,-1.3206331800541176e+25,7.141343075457356e+26,3.8672356543071354e+26,-4.5766960737141995e+26,-6.504969168173693e+26,1.7190631404127613e+26,-1.7324004301204654e+26,3.791786119563512e+26,-3.107174828860518e+26,3.237029632929725e+26,2.2561292258074684e+26,3.1608530643178384e+26,1.1708743486011371e+26,2.001068759551405e+25,1.1032819935916791e+26,1.0432616882946867e+26,2.9530368665067775e+26,-3.295365332881498e+26,-2.8338202656917737e+26,-7.100725239435338e+25,2.1849825445550245e+26,-4.127074985271137e+25,-6.825074439138297e+25,-5.099332854229942e+25,-7.403360335700381e+25,-6.942812248054132e+25,-2.9443969038849803e+26,-1.0243565019994302e+26,-8.313533606155513e+25,-1.2204023272317303e+26,-4.038012433805439e+26,-1.563939870775731e+26,-5.276406484062608e+26,-8.354917720333603e+25,-3.3973811777593056e+26,1.4735547719860153e+26,-8.689670968335283e+25,-1.0938845479592337e+26,2.192726550935072e+26,9.335078675864125e+25,3.461724849126961e+26,2.980997022964279e+26,-3.9197680278358783e+26,-7.464019896936494e+26,4.451457801858466e+26,5.481829526796129e+26,5.581506028902768e+26,4.5513332947876444e+26,6.117379458005634e+26,-2.7084622297871766e+26,3.7338962868755205e+26,1.6970078287271276e+26,6.631925052596072e+26,2.317251549548756e+26,1.002943311614103e+27,-4.713371656395083e+26,-1.4206271486715681e+27,-3.4785020146370203e+26,-1.2384690862692286e+26,-3.41098888887672e+26,-1.783818094288331e+26,8.506650016180632e+26,-3.872074967799433e+25,-7.498097598837115e+26,-1.0972598840159446e+26,-4.671991768027348e+26,-1.960507281634309e+26,1.4679120453048224e+26,-1.2429942730587915e+26,2.235823208326868e+26,-2.0216370745881268e+26,3.2483296546046265e+26,-2.3291201246340406e+26,3.118297875208112e+26,-1.9168050117026834e+26,-4.279302065892042e+26,-4.278147471520422e+26,-7.70986078214382e+26,-5.638427641271926e+26,-3.6220125620910364e+26,-2.6293873947036097e+26,-2.9790402132387085e+26,-3.657430823800982e+26
-6.999065008900111e+26,-1.4093757270802683e+27,-3.2862567095272334e+26,2.9859677868012545e+26,-2.097155940455372e+26,-9.817689775192375e+25,-7.722473951842773e+24,-1.5759260786249884e+26,-7.93040822886086e+25,-1.3114472260212399e+26,5.347142798211116e+26,-2.4272689989195426e+26,-3.225215789580226e+25,-1.6417394025921977e+26,-2.2321947825431306e+26,-1.365423535044571e+26,9.681192142299825e+25,-5.587660753693358e+25,-8.960015431321973e+25,2.6442621872863323e+25,1.4402284983670517e+26,9.095238300952267e+25,1.0694495850223773e+26,1.889117559809846e+26,3.2679208628598e+26,1.2514494146718801e+26,6.610273660649553e+26,-3.7999347531951474e+26,-2.7684248670918215e+26,-1.9051252688962202e+26,1.3620579971270517e+26,-8.053344463527443e+25,-6.896458547935247e+25,1.1907650179745378e+26,-4.259074010502489e+26,8.610085126071079e+26,-1.9866085477222483e+26,4.270140561154001e+26,-1.2647315844895849e+26,-7.575461061038579e+26,-1.0718223817836977e+27,-3.0508120076516817e+26,3.754928511124026e+26,1.469286530104413e+26,1.1708743486011371e+26,6.575579749667024e+26,-1.5978040914494398e+26,-2.4816072032978722e+26,-9.379204315301387e+25,2.0332901975521355e+26,-6.611908252394699e+26,-2.768332664602196e+26,1.8464863830140416e+26,-1.52125094909695e+26,3.5206817346229755e+26,-2.2947291511928137e+26,1.7680445822426358e+26,6.290122571079471e+25,4.6045892219503e+25,-5.596227264558751e+25,-2.3266572466533067e+25,-3.8112238046534853e+24,6.370818058171528e+25,2.0682304998061854e+26,4.678639890787847e+25,3.985085732137183e+26,-2.912456143311417e+26,1.20518689147477e+26,-4.896536480262241e+25,8.366721844429846e+25,-2.0716829460899876e+25,1.6824576958119493e+26,1.6930005030099313e+26,5.331094331209542e+26,9.119001545157834e+26,-1.0962084401054232e+27,1.2090652995428627e+26,-1.1525460270196794e+26,-3.388734759367774e+26,3.279874688615712e+26,-1.9019642440237813e+26,4.645792274259744e+26,-7.165555858917868e+26,-1.3499362792952882e+27,7.322155391539076e+25,-3.827169444988768e+26,2.5076328469902598e+26,-4.517318522440474e+26,2.633679508333636e+26,1.5951327939302415e+27,3.380968956857312e+26,1.0924418573440963e+26,2.6814748839755508e+26,8.505088492145269e+25,-1.3622224471661584e+27,1.0376626807971652e+27,1.0846341799747903e+27,6.607011934786996e+26,5.733851291125116e+26,2.049233869581887e+26,-2.1747313797880627e+26,4.877190499648901e+25,-2.798769363352315e+26,8.617212922854984e+25,-3.150894806220227e+26,1.8264655960710863e+26,-1.9831756627320674e+26,4.1387559772856113e+26,1.1295826215682677e+27,1.8684453930788414e+27,1.331935566909305e+27,5.8604512705410204e+26,2.8643353134099878e+26,2.227452900125259e+26,3.27188594619823e+26,5.31893231111058e+26
4.323457194289315e+26,6.0459136425487625e+26,3.4090149243463506e+26,-2.7813705244126494e+26,2.3398326323643832e+26,1.5996455549570665e+26,2.655329591685378e+25,1.7194727900603276e+26,1.2857861583973103e+26,1.327949239177299e+26,-1.881780197035139e+26,-3.910330832330183e+25,-9.28039353723686e+25,1.1163250653049713e+26,1.7098887823969036e+26,1.2778888443717336e+26,-6.450533649289799e+25,1.4034562398831696e+26,1.241100740176047e+26,1.4691128475637515e+26,-6.925092128448298e+25,-3.8351733087374146e+25,-1.3060241672028568e+26,-2.5397119062056693e+26,-1.8711465782473064e+26,-4.981695568302615e+25,-3.567850910669025e+26,8.3114349644878e+25,2.931405113655734e+26,1.9442057399059832e+26,-1.6858165529508083e+26,5.864578474401184e+25,6.0685690043711155e+25,-1.1385431977639609e+26,2.876064298123854e+26,-3.539804524659787e+26,-2.361104885308404e+25,-1.3067015891337768e+26,3.1540368031142135e+25,2.106925673769238e+26,-1.673548628482408e+26,1.496113155760652e+26,-2.0623128532861813e+26,-7.668017856140464e+25,2.001068759551405e+25,-1.5978040914494398e+26,2.4214463494382946e+26,1.9443884544193537e+26,1.6084836991219755e+26,1.627208401742156e+26,7.531906903657737e+25,-5.291505722684139e+25,7.699229567654057e+25,1.2263618788550312e+26,-1.0566979176312176e+25,-1.0099030050953955e+26,-2.1791844924732877e+25,-2.558579864108567e+25,-1.003282824812944e+25,-7.913272514717609e+25,-4.592448928065175e+25,-3.076345462663251e+25,-1.058348511522929e+26,-2.227672407358694e+26,-6.257136008318539e+25,-2.8798961988069008e+26,-2.077278017344839e+26,-1.608524870333299e+26,8.276380218915729e+25,-5.503473031005803e+25,-1.4122260380909676e+26,1.9629617631976798e+25,-1.7111910418548503e+26,2.3285523592010655e+26,-1.68397767116687e+26,1.3464953620601062e+26,-1.9906949161447273e+26,1.9556743302242186e+26,1.861206522866045e+26,3.314177555356223e+26,1.548328571883727e+26,1.0854719765636986e+26,3.461178337849736e+26,4.051611443644132e+26,-1.2270996113930352e+26,2.691595283975921e+26,-1.7136650127807018e+26,3.2644649426547975e+26,1.1387642955845788e+26,-7.236628136082129e+26,-3.011365801178571e+26,-1.5978755292918946e+26,-3.164117064153844e+26,-1.223548007335645e+26,5.298907062352416e+25,2.3564614221434102e+26,-2.0792297124265924e+26,1.5473846314949402e+26,-2.4032303058788528e+26,3.658453601449836e+25,9.261100466699367e+25,-4.824489504565229e+25,5.291005377576807e+25,1.169748001560505e+25,-6.7227732499092156e+25,1.4505057581325505e+26,-4.076652797495899e+25,5.2701094003148714e+25,1.7440719373458598e+26,1.3947430814832192e+25,-3.569051042565591e+26,-2.5215551657749856e+26,-1.4898928955757515e+26,-4.4426722912917127e+24,7.88273106422284e+25,1.2198226961741548e+26
3.464974199869385e+26,7.191037442085309e+26,1.8684006895059174e+26,-1.18656035494742e+26,1.6555708658376828e+26,9.399431496181164e+25,1.2301651085692561e+26,1.5530515744954586e+26,1.0760641602228984e+26,1.2062116948777762e+26,-6.304465358306494e+25,-8.994736673681821e+25,-1.2191578314420454e+26,1.4961316310283023e+26,2.3469327405832042e+26,1.504871137405142e+26,-9.248152661104839e+25,1.4273995906230571e+26,1.5030105014668982e+26,1.194084201692099e+26,-1.4611306525002443e+26,-7.714162584772025e+25,-1.6668386708180078e+26,-3.0102112572344246e+26,-3.206411895399491e+26,-1.1320090309664021e+26,-6.068975389385729e+26,2.1083442016093155e+26,3.700369407804988e+26,2.5066327208564537e+26,-2.05085339749502e+26,7.665915266688255e+25,9.24858124747284e+25,-7.3656071205641235e+25,4.814567856530177e+26,-2.113041544297881e+26,-8.760311541578104e+25,-4.0776197827998134e+26,1.1217406974160209e+26,3.786911292385221e+26,6.1484088967173356e+26,6.2527928380208625e+25,-9.279738261276891e+25,7.867449659437255e+24,1.1032819935916791e+26,-2.4816072032978722e+26,1.9443884544193537e+26,2.912740033796599e+26,1.806843379007568e+26,1.1426270871071017e+26,7.882739049750366e+25,-6.141461180324784e+25,-7.6677598612842525e+25,2.828986838251255e+26,-1.7819942063468827e+26,-2.287853896322672e+25,-1.3442772280147878e+26,-1.0721706740597401e+26,-7.87124261775039e+25,-1.2769517152962501e+26,-8.561576329102047e+25,-5.596306857752258e+25,-1.2851079833551548e+26,-3.933048979484478e+26,-1.4843093979134702e+26,-5.509185516023078e+26,4.147867325993785e+25,-3.424159721627529e+26,1.6056843614838382e+26,-1.1831935447070126e+26,-8.809508603896139e+25,2.276127968718311e+25,-1.1118371380469081e+26,-4.802699692051983e+25,-2.5096466543398728e+26,2.6996359567667435e+26,-4.411937299558723e+26,3.985362940564532e+26,3.387154451199467e+26,2.2538951439455626e+26,2.9440630191922185e+26,8.53504289996894e+25,2.359346866208408e+26,8.974861615455397e+26,-1.3797039238039492e+25,6.50568550175803e+26,-7.309934387650431e+25,8.339915711660841e+26,-9.397034450412092e+25,-1.5835763449877232e+27,-3.710488495020099e+26,-1.7571433471402592e+26,-3.6338226758935065e+26,-1.7448674920591416e+26,7.669398877045379e+26,-4.230435580968567e+26,-6.660042686199754e+26,-3.124307145953945e+26,-4.325015113007884e+26,-1.757365837806467e+26,1.3270559054737176e+26,-1.030973920300009e+26,1.445443226217972e+26,-1.28870204349645e+26,1.6505514395376017e+26,-1.0727655954698633e+26,8.33419105894605e+25,-2.963738306093245e+26,-5.5163521428614074e+26,-9.011599287448458e+26,-9.965916044608722e+26,-5.65110953089496e+26,-3.11267754040006e+26,-1.724502464963716e+26,-1.9296563660096833e+26,-2.9342276619739186e+26
2.9426927770494296e+26,4.5481240993749426e+26,2.0523204249113327e+26,-1.416232717402851e+26,1.6831613703558595e+26,8.996066394044342e+25,1.089187079538253e+26,9.830084239760364e+25,6.137517905502428e+25,8.256850325128699e+25,-1.656891577704519e+25,-1.4146860191945082e+26,-1.3567751925705097e+26,1.0480231134246914e+26,1.485286308677817e+26,9.652310075596673e+25,-6.824085464178011e+25,8.409596301650693e+25,8.113205966601255e+25,7.587493593258486e+25,-1.1302334822865226e+26,-3.917195381444546e+25,-9.261627916771481e+25,-1.8373370265932348e+26,-1.692916474110173e+26,-5.513407056895577e+25,-3.350599092769387e+26,1.2499526186238631e+26,2.3314446823111565e+26,1.4657096368768847e+26,-1.239637228794067e+26,5.7435559533222274e+25,7.363236895864916e+25,-5.972927684353738e+25,3.231704349338929e+26,-1.058070521500904e+26,-1.7246855514128402e+26,-2.8305181732940273e+26,8.67132281567981e+25,2.148759645782128e+26,1.2774693432398415e+26,5.441233949178896e+25,-8.411235470098567e+25,5.213615668370288e+24,1.0432616882946867e+26,-9.379204315301387e+25,1.6084836991219755e+26,1.806843379007568e+26,1.5840511588108458e+26,1.5084578064061359e+26,-7.6690652990116285e+25,-1.3324203208215787e+26,-7.218199802653525e+24,1.4436418808489227e+26,-3.72691979846314e+25,-6.5203740391071335e+25,-2.7426959411923714e+25,-3.683683410352577e+25,-1.8864160473315374e+25,-1.1573916130675006e+26,-3.871061174800474e+25,-2.6103745892677797e+25,-7.4138505987242696e+25,-1.9550707981573207e+26,-6.466465124191159e+25,-2.6541669855134655e+26,-1.053514430764853e+26,-1.7972055797201155e+26,7.95213387314743e+25,-4.568389849083782e+25,-9.57654206064844e+25,5.047235783506838e+25,-1.1353147014264115e+26,1.432100819665417e+26,-9.218327052498728e+25,-4.394926943143513e+25,-3.238021131505207e+26,2.5952924157546235e+26,2.3326562997519756e+26,2.7721941010742892e+26,2.1129218116900908e+26,1.4915091157516122e+26,6.758567525203008e+25,4.351205996881188e+26,2.4041059253913814e+25,3.78210582912267e+26,1.3224700891124369e+25,4.7340834617243815e+26,-1.9925229455706533e+26,-8.486756147290919e+26,-2.3960941579138863e+26,-1.130210751148118e+26,-2.3617564778569373e+26,-1.0073902986968287e+26,2.8175220664742826e+26,2.6554570672492704e+25,-3.182743444888909e+26,1.1181959456302639e+25,-2.4230992196851768e+26,-2.6126760105188435e+25,8.859641583641051e+25,-4.9958394827332985e+25,7.79530053215635e+25,-3.2543489088323764e+25,3.382020580831136e+25,2.745701686824845e+25,3.597677837863802e+25,-5.514522174963318e+25,-7.578171952228633e+25,-2.1578260962020086e+26,-4.2904606216370997e+26,-2.6092129869242903e+26,-1.4513514593239499e+26,-4.981638987093592e+25,-2.3738294304752254e+25,-3.4790516858520442e+25
-1.729325816262309e+26,-6.037298198208345e+25,1.5307024982586671e+26,5.961312428610609e+25,2.6431535446757654e+26,3.880897133310655e+26,2.3221575932402935e+26,4.003649042686491e+26,3.2066235511099745e+26,3.27387303372108e+26,4.730154546237263e+26,-3.9118430174884175e+26,-3.155226247898093e+26,1.6661788050342736e+26,1.8037712145729546e+26,1.817571148794105e+26,-1.2243787681963331e+26,2.0745426247424392e+26,1.4132325838589505e+26,2.42489943166718e+26,-1.2373147319708748e+26,-1.1313090157835678e+25,-1.653468089116911e+26,-3.705084702167483e+26,-2.03982634179718e+26,-2.070259074245935e+25,-4.2736033233418655e+26,9.139484785037193e+25,3.840936534327867e+26,2.3208532846241956e+26,-2.057064635379739e+26,1.2013165296573981e+26,-2.1085362216261294e+25,-2.8877487393979034e+26,3.9570325187609714e+26,4.386637761310558e+26,-3.265278905278416e+26,-1.4135900628932754e+26,-1.2035430130466072e+26,-6.405692749502062e+26,-8.600762327247049e+26,-3.4249240809713134e+26,3.825606949652054e+26,2.070705915425905e+26,2.9530368665067775e+26,2.0332901975521355e+26,1.627208401742156e+26,1.1426270871071017e+26,1.5084578064061359e+26,7.384111436792635e+26,-3.870549850656072e+26,-3.469903681588136e+26,2.528993586904001e+25,1.5374278312920326e+26,2.2162946843609186e+25,-1.1129710573630119e+26,-2.537176806608298e+25,-4.041679273174315e+25,-4.552268741269805e+25,-1.7263847472795244e+26,-7.72765834692547e+25,-7.206999668493975e+25,-1.8175743817589297e+26,-3.449227736490921e+26,-8.294648554092439e+25,-4.392091894668721e+26,-3.740157697974658e+26,-2.5600048041185832e+26,1.049819320110193e+26,-7.2545516649413325e+25,-2.002058370229237e+26,2.224232858860751e+26,-2.8870589248091243e+25,7.061873322856676e+26,7.480483397071562e+26,-5.109610088676342e+26,-4.114086387707328e+26,3.7294424505261554e+26,1.5852469800274443e+26,7.671955480316969e+26,3.7961079560785137e+25,7.051311879930382e+26,1.3739350297808424e+26,-1.2367708768343252e+25,-3.5909579887399864e+26,4.894798963365355e+26,-4.507757808245427e+26,7.423104300285513e+26,6.340207882058316e+26,-8.481985849398552e+26,-4.5655233716322244e+26,-2.3975897217320836e+26,-5.103129392638184e+26,-2.2369170200636114e+26,-1.3228427949453505e+26,7.257937136666985e+26,-1.4813338009245974e+26,3.985760166011484e+26,-3.2876683791566046e+26,2.2975940928740574e+25,1.5152210667689495e+26,-1.1251797489411334e+26,1.3253289899016512e+26,-5.012952540395322e+25,-2.0795668626239686e+25,1.5349056731571808e+26,7.001549968253023e+25,1.642131989653632e+26,5.043356933293101e+26,6.965761925416942e+26,-2.1257993483836007e+26,-3.5324012653258484e+26,-2.6545212253797225e+26,-5.652972571359924e+25,8.051296240358238e+25,1.9094721189590943e+26
9.329142527272127e+26,2.535928588451018e+27,4.190300943847228e+26,-3.6503428330507366e+26,1.4827061077260403e+26,4.5109144415445644e+26,-8.552726954009307e+26,5.189933715181208e+26,5.7457679992906e+26,3.650709162864622e+26,-1.0044522614246067e+27,1.806235413941701e+27,1.3170851011442314e+27,-2.1985258411579407e+26,-2.590775922333018e+25,1.7542902425304108e+25,3.775019707653786e+26,1.8762853651383628e+26,2.159431558245637e+26,1.8026754404747646e+26,8.669396576296133e+26,-1.4601580298821337e+26,-2.177522267414032e+26,-4.310054310276342e+26,-5.357602094792237e+26,-1.626535383615182e+26,-1.0947219019209491e+27,3.872976601600696e+26,1.3277437439634355e+26,2.82364130214263e+26,-3.541993236569531e+26,2.2194822902350462e+25,-2.0343884410036594e+26,-4.2519107554765546e+26,1.2942846495072626e+26,-1.5965452350125271e+27,2.532806119797867e+27,1.3556258896628972e+27,-6.591266074883248e+26,6.993927634282507e+26,8.289515964772543e+26,4.380156454849075e+26,-4.898704593095163e+26,-2.7010988412289016e+26,-3.295365332881498e+26,-6.611908252394699e+26,7.531906903657737e+25,7.882739049750366e+25,-7.6690652990116285e+25,-3.870549850656072e+26,2.085900985394282e+27,1.80715110885019e+27,3.390545970158098e+25,2.227923815571302e+24,-2.830180654995436e+26,8.643983662597169e+26,-1.7638515110800643e+26,5.493309954098607e+24,-6.280875827070283e+25,1.1849171921587081e+27,1.0030461590376171e+26,-3.324020650020065e+25,-1.2561176601204951e+26,-3.9732692661983297e+26,1.2922021465388453e+24,-9.371858945291872e+26,7.399007667604792e+26,5.676192235805692e+25,2.523978789196203e+25,-1.4126064745970354e+26,8.090850729397812e+25,-2.587903361118026e+26,-1.5191671374993179e+26,-9.687074437510959e+26,-9.568498680950037e+26,3.110421979204395e+27,1.5896519607622275e+27,-2.0986642171850543e+26,-4.1428028026943015e+26,-7.660486556501743e+26,-6.461145707967282e+26,-8.58447835067464e+26,2.7011765615608604e+27,1.0156283224634065e+27,-1.5676516382893954e+27,-1.3097840188634456e+26,-2.4137104982789955e+27,-1.800780236955176e+26,3.5957650563097505e+27,-1.3256754579318124e+27,-7.411052788807876e+26,-1.337695653607591e+26,-6.627279221062864e+26,-2.5481764675268786e+26,2.4535094945497203e+27,-2.2850481719294484e+27,-1.7995751711714396e+27,-1.6227941285262072e+27,-1.1415444853220177e+27,-7.14160528485312e+26,4.633248230738247e+26,-1.9936857277601324e+26,6.53729216643875e+26,-4.388532124783974e+26,9.405986775879536e+26,-7.391648118665828e+26,4.30499125723654e+26,-9.058051891115057e+26,-2.524064342926362e+27,-3.670865726200347e+27,-2.601818224364128e+27,-1.4284283771703953e+27,-8.59548820930053e+26,-7.692777735204681e+26,-1.0391805036646815e+27,-1.4607366223953257e+27
5.7014541055648384e+26,1.8702122797370134e+27,1.7565187493962216e+26,-1.619288555232118e+26,-4.240101419818067e+25,3.752955639956647e+26,-8.946689811396612e+26,3.88485337248272e+26,5.736956685563452e+26,2.5613144125492742e+26,-6.339428270693407e+26,1.8736726283975604e+27,1.5907820728481357e+27,-4.2426708182846926e+26,-2.7400551578147914e+26,-1.1966167647410833e+26,6.969726638199442e+26,1.9978081722086e+26,1.9559856632254756e+26,2.79520161152503e+26,1.4196072951715023e+27,-1.598663936694992e+26,-1.9079277630282247e+26,-3.339600250826546e+26,-3.660365484085509e+26,-1.4113431385940296e+26,-6.808472157456151e+26,4.546828776021916e+25,-1.413098331168724e+26,1.5718355386968194e+26,-3.2906575544261284e+26,-9.972748779172398e+25,-3.3999466233572305e+26,-4.302304209057727e+26,-4.0561964235275964e+26,-1.0199300021378237e+27,2.941998031002009e+27,2.2207797809096736e+27,-8.928997947297843e+26,3.7441884624181393e+26,3.0619608313910732e+26,3.0210453809886845e+26,-2.9236513706630705e+26,-1.9223806330927034e+26,-2.8338202656917737e+26,-2.768332664602196e+26,-5.291505722684139e+25,-6.141461180324784e+25,-1.3324203208215787e+26,-3.469903681588136e+26,1.80715110885019e+27,1.9233430489558414e+27,1.3677305740473212e+26,-1.105976981006293e+26,-6.184359199847888e+25,8.928636325677495e+26,-5.872406422175097e+25,6.017619631572296e+25,-2.465977542521404e+25,1.6278892259153505e+27,1.2559252020013548e+26,-1.5722622944889657e+25,-7.542264630300742e+25,-2.3732600103100577e+26,4.132823422111417e+25,-7.227521149916254e+26,7.391820066013521e+26,2.0732945488128786e+26,-2.7539647875217635e+25,-9.57980289919954e+25,1.094987031358497e+26,-2.1275865880684026e+26,-8.696465604568617e+25,-9.156519516056697e+26,-4.6975379566134214e+26,2.746529844713757e+27,2.261133861162807e+27,-3.275605896129977e+26,-9.675350149252131e+26,-8.187389593032948e+26,-1.0414053548401956e+27,-8.080482289705894e+26,2.3255368065392628e+27,2.06817621774326e+26,-1.728476190609149e+27,-4.330571574937103e+26,-2.6260146021877434e+27,-6.23113840245697e+26,4.5506416667567693e+27,-9.320032794129249e+25,-5.5721196090667096e+26,-7.503976599463574e+25,-4.88924642185794e+26,-2.192623237971538e+26,1.6591372592950635e+27,-2.0711190612593452e+27,-1.0922499481391949e+27,-1.4974385655622412e+27,-7.928845935600327e+26,-6.71064201189874e+26,3.474795904451247e+26,-1.8666035811551237e+26,4.7667223276517866e+26,-4.1870380358060644e+26,7.538164765367698e+26,-6.755473051324043e+26,2.1470743751657596e+26,-8.322173267765549e+26,-2.1120439664558272e+27,-2.922488218741859e+27,-1.9545590209661462e+27,-1.1111070693062159e+27,-6.76803086034377e+26,-6.30704802243686e+26,-8.809010457441329e+26,-1.2463515283112617e+27
3.3449435905007846e+25,-2.2502158264547962e+26,1.250840475986663e+26,-1.2114981341159926e+26,6.898297771190283e+25,1.0349624868615167e+26,-1.6305199272009383e+26,3.6355949369694903e+25,8.16635521937853e+25,4.237251867410365e+25,-1.1980559057391309e+26,1.623281446246985e+26,1.6750195332021406e+26,-7.547991859277216e+25,-7.23896325179803e+25,-2.432389976019802e+25,1.3772632986850458e+26,6.141561804028333e+25,1.889549690775171e+25,1.4919724226291304e+26,2.8992356103113955e+26,1.7066974237576767e+25,-5.267292170191107e+25,-1.0379043378987564e+26,1.1822696829012901e+26,7.046493605148828e+25,2.3257078463556003e+26,-1.8051111019403295e+26,-2.127008591729839e+25,-2.8002610877992048e+23,-5.721335014857191e+25,-1.8824212765254447e+24,-4.311080624041086e+25,-1.002739855135953e+26,-1.6787464406990173e+26,-9.497356936776759e+25,2.7900871978664667e+26,6.675543976882853e+26,-1.459618841280556e+26,-2.1348311218261385e+26,-1.0415197744202925e+27,5.590730784901908e+25,-7.436942088989094e+25,-7.309420794778671e+25,-7.100725239435338e+25,1.8464863830140416e+26,7.699229567654057e+25,-7.6677598612842525e+25,-7.218199802653525e+24,2.528993586904001e+25,3.390545970158098e+25,1.3677305740473212e+26,4.240697518072013e+26,-1.6770241309555968e+26,4.2722328582411794e+26,-2.8833359394365205e+26,2.5353994962291423e+26,1.475147297637692e+26,1.4421756240824347e+26,1.9708578784360946e+26,-7.066734956509984e+24,8.696388978040846e+24,-6.627609931718964e+25,1.1661014180045974e+26,8.14215870121331e+25,2.40681985180946e+26,-5.724947436326473e+26,1.685536171511713e+26,1.5709188424385599e+25,-1.895346786332939e+25,-2.4599062028168564e+26,3.888591384115627e+25,-1.2082679483825967e+26,5.482944884137813e+26,1.6460016940735924e+26,-1.703853595983562e+26,5.089942741129467e+26,-1.794118496436528e+26,-2.184121837080984e+26,4.2262272684629586e+26,-1.5947522600201944e+26,1.5206460542099566e+26,1.29357847716936e+26,-7.281321441630859e+26,-2.238741789140817e+26,-4.5849020919779914e+26,-2.295549261247601e+26,-6.191495460863326e+26,6.761600964424746e+26,1.3278890143848733e+27,-6.954038921833655e+25,-1.2035325362643289e+26,-9.067105091607839e+25,-1.4455899455777408e+25,-1.150586283987322e+27,1.1703567904564634e+27,7.043453530866007e+26,8.596754623534796e+26,1.9744373397430617e+26,3.756351103705715e+26,-1.8363981109116477e+25,4.2522901866470145e+25,-1.2247484358824392e+26,1.9528697874070385e+26,-3.7944283785162906e+26,4.3482341910894035e+26,-2.0525240427325525e+26,4.699750912775974e+26,1.2602629798459028e+27,1.6633752836701654e+27,9.698421191564356e+26,4.021438560356002e+26,1.9667477570586357e+26,2.863411735610564e+26,4.833644466042113e+26,7.165249587299165e+26
2.898138320823256e+25,4.009908882177082e+26,3.934263107509067e+24,6.7688741388009936e+25,9.459575885185823e+25,2.8944132203925486e+25,1.46517179209087e+26,1.4158132006023703e+26,8.309764750310554e+25,1.0539098078689094e+26,8.063038509705383e+25,-1.3887638788762122e+26,-1.5272842481125008e+26,1.6227673191066125e+26,3.175198466474007e+26,1.700235790501745e+26,-1.5884147377680448e+26,1.6426450756998065e+26,1.903378569424246e+26,1.3169766951655429e+26,-2.8234709809702844e+26,-9.548980763757907e+25,-2.2054014695200793e+26,-3.994247156949423e+26,-5.521597003666905e+26,-1.9965777223101335e+26,-9.920178796704236e+26,3.665228999729714e+26,4.902149723339589e+26,3.263239639728479e+26,-2.3529236238462315e+26,1.2278762705615576e+26,1.7198413402133917e+26,5.553195212150825e+25,7.890245935889265e+26,-7.777482644873835e+24,-1.7390344030527232e+26,-7.719905003334236e+26,2.0145769920820637e+26,1.984529449866917e+26,1.0361623936080192e+27,-1.2876339974104539e+26,1.1077865386902752e+26,1.1575639595438355e+26,2.1849825445550245e+26,-1.52125094909695e+26,1.2263618788550312e+26,2.828986838251255e+26,1.4436418808489227e+26,1.5374278312920326e+26,2.227923815571302e+24,-1.105976981006293e+26,-1.6770241309555968e+26,4.563357983330497e+26,-2.845145431753727e+26,-5.645357947528701e+24,-2.679054546808868e+26,-2.3410552172405608e+26,-2.3377507346663865e+26,-3.300794473801294e+26,-2.2900559196814127e+26,-1.8301527897447528e+26,-2.026153833514571e+26,-8.21796652812539e+26,-3.607585117135161e+26,-1.0920988366893086e+27,2.6358421353780042e+26,-6.629588254693989e+26,2.91391536790011e+26,-1.899349524267539e+26,-1.478787270218651e+25,1.2664847982146912e+26,8.8797006560108e+25,6.285883937016754e+24,-8.471664203552118e+25,2.3820584278308986e+26,-9.473794897103998e+26,6.084182860259735e+26,6.068553760946983e+26,4.175254089294752e+26,5.4208288722578497e+26,4.300452052825821e+26,1.3509773890479179e+26,1.0507400559747293e+27,1.0192187291258001e+26,1.0071387239718356e+27,1.0095377920158515e+26,1.4528385078165401e+27,-1.8306608340576397e+26,-2.7290064995575624e+27,-4.676823863873134e+26,-1.3649382868938657e+26,-4.9599184192497995e+26,-2.8376405534519653e+26,1.58868478598388e+27,-8.890847642433013e+26,-1.2459091365475354e+27,-7.828707910066829e+26,-7.155052619598119e+26,-5.61667557516748e+26,1.6207187745165867e+26,-2.213221017538303e+26,2.9158265456438033e+26,-4.248994199212305e+26,5.9320901848210686e+26,-5.738236038263844e+26,3.0928521938441247e+26,-5.6518266730244456e+26,-1.3310552489934453e+27,-1.7766098528894332e+27,-1.8513061165938035e+27,-1.1681770007626982e+27,-7.18317126633434e+26,-5.773373264790072e+26,-7.103186685068361e+26,-9.184337764542755e+26
-1.0773523571193279e+26,-5.734790600258804e+26,4.293609756380656e+25,-5.26608615558528e+25,1.8105834059241648e+25,3.5876279759237027e+25,-1.1163734379951512e+26,-9.9635950218682e+25,-3.660620568202426e+25,-4.588048395476091e+25,1.8560965891264803e+25,2.9400872615754403e+22,8.88300090944121e+25,-1.3624571610268575e+26,-1.9987378425457935e+26,-1.3040178389476427e+26,1.6943516363511308e+26,-8.802207933269655e+25,-1.1951710484708614e+26,-6.382411245195471e+24,2.8090870797854535e+26,5.48734979187883e+25,7.822198526181983e+25,1.1009227146437998e+26,2.993682032498045e+26,1.2404683308833839e+26,5.4617754271775385e+26,-1.9382973471686515e+26,-2.512241906046274e+26,-1.7363401101883206e+26,8.322043446436965e+25,-1.6233711426547302e+25,-5.420054668840299e+25,-4.250175392976825e+25,-2.9465872600908086e+26,1.4732249921517714e+26,2.5782837462159354e+25,6.387437462651963e+26,-1.2382709084954962e+26,-3.341918878339877e+26,-1.2203385321821242e+27,-5.894232359875172e+24,3.29619414056332e+24,-3.118651437499802e+25,-4.127074985271137e+25,3.5206817346229755e+26,-1.0566979176312176e+25,-1.7819942063468827e+26,-3.72691979846314e+25,2.2162946843609186e+25,-2.830180654995436e+26,-6.184359199847888e+25,4.2722328582411794e+26,-2.845145431753727e+26,5.618099008815415e+26,-3.921377962350641e+26,3.9306643327478776e+26,2.1958595206608542e+26,2.493395108724237e+26,1.573972860745601e+26,7.153039699836673e+25,7.655011776608277e+25,2.9373967559834054e+25,4.114726754799618e+26,1.842163277243618e+26,6.465467372621755e+26,-6.627842818102632e+26,3.347529639153781e+26,-5.662898475506706e+25,4.594433729806513e+25,-2.310876627661101e+26,6.5762446731431195e+25,-7.904401634366285e+25,6.169165096322475e+26,3.152564172146269e+26,-6.834222888302254e+26,5.181882217427305e+26,-2.7773222590691015e+26,-2.7755898820803407e+26,3.911733519212773e+26,-2.0413312396112667e+26,1.8504329572330735e+26,-2.5445118121423018e+26,-1.1145214377069219e+27,-5.169396418114404e+25,-6.558168195237075e+26,2.7018735629706444e+25,-8.987641105868863e+26,2.0151998680656824e+26,2.0620603131764875e+27,1.2436177361720554e+26,-2.329443711843421e+25,1.3143580043504053e+26,1.0906227132678073e+26,-1.4113771116966318e+27,1.4600362255940013e+27,9.307440700826345e+26,1.1135866593658953e+27,3.748759228656126e+26,5.356148843310395e+26,-4.2121361144817545e+25,1.1969404787792272e+26,-1.3502375999342346e+26,2.9558236647939756e+26,-4.141933371867789e+26,4.959800779259146e+26,-1.5190470819736889e+26,6.321360894053118e+26,1.54205495981272e+27,2.183654265261974e+27,1.5658489269016136e+27,7.706631970021e+26,4.1088518009196356e+26,3.982383691522523e+26,5.923026099933596e+26,8.687325149878241e+26
1.8743978585634074e+26,8.577564655996283e+26,-1.74835580677285e+25,2.1032868928348945e+25,-8.021441898113012e+25,8.942832354057655e+25,-2.1191982161891466e+26,1.4424356206581652e+26,1.8345634048293837e+26,6.5550577691201575e+25,-1.1643285898330425e+26,6.846015174457468e+26,5.722200447063797e+26,-7.150393543778336e+25,-8.807193423266219e+25,3.3367081910978322e+25,1.8597379327652816e+26,1.5557651495576806e+26,1.1520627447623665e+26,2.010417064292803e+26,6.020477908731072e+26,-1.6282655699397272e+25,-5.657354421533517e+25,-8.092186571056906e+25,-5.69698334265285e+25,4.905896747101163e+24,-1.4113693935092697e+26,-1.7758875097122743e+26,-5.5675447690206575e+25,4.141928815221687e+25,-8.949524357766223e+25,-1.1079518185021115e+26,-1.7335299264686293e+26,-1.621190015788048e+26,-2.9816404962203526e+26,-2.7355744965999313e+26,1.1739905210716157e+27,9.585678733909011e+26,-3.1184776565777326e+26,2.2727393688087757e+26,6.565880029026326e+26,7.314673166576461e+25,-4.676162901712555e+25,-2.0496663833500567e+25,-6.825074439138297e+25,-2.2947291511928137e+26,-1.0099030050953955e+26,-2.287853896322672e+25,-6.5203740391071335e+25,-1.1129710573630119e+26,8.643983662597169e+26,8.928636325677495e+26,-2.8833359394365205e+26,-5.645357947528701e+24,-3.921377962350641e+26,9.803306562243477e+26,-2.524458856397758e+26,-4.7363843978564475e+25,-1.578483435651488e+26,9.63463750408268e+26,6.651372418828079e+25,-4.455255095416392e+25,-2.0976210073008364e+25,-1.9417930344072136e+26,3.936525072704281e+25,-5.5855963396717146e+26,8.321349247119299e+26,8.347201415745099e+25,-1.0894594273509609e+26,1.2092670374568712e+25,2.5887619478766595e+26,-1.2286768870160453e+26,3.4379361021314737e+25,-8.355622119015984e+26,-2.1473881694965597e+26,1.4997711570633032e+27,1.1512590382067751e+27,-8.943603902677634e+25,-5.026378706266992e+26,-7.804779103124249e+26,-4.705673344855374e+26,-5.1304183864053635e+26,8.330613740359006e+26,4.7841955518415675e+26,-6.001400999399941e+26,3.359598197760555e+25,-1.0061980489015647e+27,2.1139796097310926e+25,1.8019078020800957e+27,-6.580457527896959e+26,-6.554436615513924e+25,1.4895131350713237e+25,-1.0732942128715597e+26,-1.612834567764487e+26,9.21307976282778e+26,-1.7578891587405267e+27,-3.7993774872161426e+26,-1.337657899216614e+27,-1.3548477475356513e+26,-6.194554786364675e+26,-2.7785586135758397e+24,-1.5967504243988844e+26,3.989442907659486e+25,-3.3590324803552596e+26,3.101932731685566e+26,-4.8240954531169525e+26,-8.473537515398067e+24,-7.167457988347196e+26,-1.548205503437123e+27,-2.1441577384069857e+27,-1.3157060019153764e+27,-6.348660458848729e+26,-3.340287028832214e+26,-3.291943231734303e+26,-5.340543090268059e+26,-8.331489969762502e+26
4.147286961584604e+25,-1.674131341502528e+26,7.454612683849854e+25,-7.801073355432368e+25,2.751975601052346e+25,4.405858727800566e+25,-6.993533849842171e+25,-9.052736926075641e+25,-4.681017833293959e+25,-4.122701780101869e+25,-3.829817409865257e+25,3.330736634469764e+24,4.574783901069567e+25,-1.055472171257956e+26,-2.1583979440302683e+26,-1.3332178818755294e+26,1.1717645737878025e+26,-1.5050670424550214e+26,-1.686007468318842e+26,-1.2612875918062108e+26,1.5692091924031275e+26,3.7143984954468417e+25,1.277763500671663e+26,1.8662458394728864e+26,2.439075873406369e+26,8.654559616916373e+25,4.127452542860172e+26,-8.901469038351262e+24,-3.1053625632663005e+26,-2.2038139931075887e+26,1.3137036002519565e+26,6.565000464826809e+24,-7.092435876408302e+25,-7.187962967783524e+25,-1.865720799987594e+26,1.7067784809618566e+25,-2.2776843939088308e+25,3.6619334367757755e+26,-1.1828549168648614e+26,-1.2369532831429147e+26,-7.417206992418923e+26,4.282070963277183e+25,-4.912014698446333e+25,-3.936551415266071e+25,-5.099332854229942e+25,1.7680445822426358e+26,-2.1791844924732877e+25,-1.3442772280147878e+26,-2.7426959411923714e+25,-2.537176806608298e+25,-1.7638515110800643e+26,-5.872406422175097e+25,2.5353994962291423e+26,-2.679054546808868e+26,3.9306643327478776e+26,-2.524458856397758e+26,3.54261665031661e+26,2.1653325078065902e+26,2.8724075428794037e+26,9.998849308275599e+25,1.3871959814461874e+26,1.3341644027062471e+26,8.57195138877628e+25,4.824056102340366e+26,2.0134253814117416e+26,6.766079660898156e+26,-4.746414473480961e+26,3.6844720934838155e+26,-9.280186358901939e+25,5.722035583204827e+25,-1.6594823910056172e+26,1.3527551114933146e+25,-8.152747048546583e+25,3.25358086168055e+26,1.043476179079803e+26,-4.657797820951251e+26,3.836532304286705e+26,-2.5855260473170886e+26,-2.0822902306291897e+26,1.4542596928484472e+26,-2.172315153162571e+26,-3.5313161400406416e+24,-1.3086804504915635e+26,-7.132195620247947e+26,-5.8883041570547e+25,-5.367122487557907e+26,-4.346537610939308e+25,-7.658531912155802e+26,-2.6830336529305714e+25,1.6143248575814657e+27,1.0755198403215797e+26,1.9429303758832223e+25,1.6301196749445775e+26,1.53300881766603e+26,-7.132928140482936e+26,9.399553333826983e+26,4.51325703409169e+26,7.992797689668841e+26,1.812986256450294e+26,4.5900708897352e+26,5.711757983754115e+25,1.3630128177788472e+26,3.8303383272281123e+25,2.67088627104379e+26,-1.6984936481318255e+26,3.326934878172526e+26,6.79226889480113e+25,4.489998759332573e+26,9.302015325432661e+26,1.3686312510155439e+27,1.1656776962588938e+27,6.409730893770296e+26,3.542354321267208e+26,2.831630874608733e+26,3.820745285141654e+26,5.426872383213821e+26
7.1075082842620445e+25,-2.3070852317677744e+25,6.309588641123129e+25,-6.899192050750304e+25,1.3654486888664046e+25,4.706682809657667e+25,-6.506189944070389e+25,-3.7621664873233168e+25,-7.736567064297452e+24,-1.3541521217208856e+25,-5.7935550646500774e+25,7.003453578753706e+25,7.488531613712413e+25,-6.887976108504899e+25,-1.5721762609109785e+26,-7.843170219720046e+25,8.907232077663895e+25,-8.009919966187802e+25,-1.0289868742466019e+26,-5.994815259541995e+25,1.574524180703044e+26,2.842009038658668e+25,8.33851724047065e+25,1.3741929993155968e+26,2.2555191175073614e+26,8.46520881006e+25,3.8212706847870424e+26,-7.316475746942479e+25,-2.222716637852443e+26,-1.5420660742961786e+26,9.327174442207896e+25,-1.3746392857712632e+25,-8.329423339459754e+25,-9.053482578722004e+25,-2.3499259567366225e+26,-4.119963616810172e+25,9.153526069048412e+25,3.957344225424905e+26,-1.1894769357432942e+26,-5.585423852198417e+25,-5.358328494344535e+26,6.1534996649047705e+25,-6.11924309192135e+25,-4.709069795613871e+25,-7.403360335700381e+25,6.290122571079471e+25,-2.558579864108567e+25,-1.0721706740597401e+26,-3.683683410352577e+25,-4.041679273174315e+25,5.493309954098607e+24,6.017619631572296e+25,1.475147297637692e+26,-2.3410552172405608e+26,2.1958595206608542e+26,-4.7363843978564475e+25,2.1653325078065902e+26,1.6822659510680987e+26,1.9489404139203915e+26,1.8749670509675292e+26,1.267679594753234e+26,1.0960441315913009e+26,6.908488674806137e+25,4.101038952401339e+26,1.922108841310408e+26,5.435280136952914e+26,-2.8556156698755926e+26,3.4662170457926504e+26,-1.186478218523501e+26,6.2167769509787144e+25,-9.481768010343301e+25,-3.5094317980974013e+25,-8.76758926888806e+25,1.1032209271635237e+26,2.3995049649525818e+25,-1.332458880859612e+26,4.835322648962591e+26,-2.5767457056286496e+26,-2.3502405114315032e+26,-5.5904886333861865e+25,-2.4060795601873005e+26,-1.492781060678282e+26,-1.8608610916893582e+23,-4.743508124919715e+26,-1.0822573592813057e+26,-4.6335458632350236e+26,-1.3714888791249138e+26,-6.784951667200851e+26,1.3704043169275484e+26,1.3421362385586945e+27,1.120522853204519e+26,1.0599818608791213e+24,1.5012064775457492e+26,1.1661160881868344e+26,-6.6805448349276e+26,6.010603078487821e+26,4.69141073473433e+26,5.3995160292264615e+26,2.210283595221673e+26,3.569185224136369e+26,5.951338011937476e+24,1.0926114199984414e+26,-4.322747823891092e+25,2.3565449544055358e+26,-2.4103746951225996e+26,3.262384637719881e+26,-3.9048410629425725e+25,3.11631124378016e+26,7.304869832830674e+26,1.0002892963939168e+27,9.24175072267827e+26,5.5679432413589346e+26,3.348430261925262e+26,2.9229053824531943e+26,3.767717819606635e+26,4.9034287578269995e+26
1.551234294593784e+26,1.239367009382909e+26,9.850025460623493e+25,-1.0239702644016758e+26,2.7827708719328076e+25,5.573355410519642e+25,-5.192699126678572e+25,-5.918576083602282e+25,-2.585090631335126e+25,-2.5026697191121925e+25,-8.034275622584386e+25,2.364140987784548e+25,3.01685268834905e+25,-7.195733504912475e+25,-2.1502058932603224e+26,-1.0657696552415831e+26,8.233183467264689e+25,-1.4281537771641932e+26,-1.6410650497413365e+26,-1.508536079148165e+26,1.0247285969565749e+26,3.4347806992230104e+25,1.5142313022379614e+26,2.304573263461924e+26,2.9872574318291685e+26,9.521979358161878e+25,4.7958703105500654e+26,-3.2473628851992752e+25,-3.216426073422687e+26,-2.250505807427129e+26,1.3091311592189929e+26,-1.7920749432418796e+25,-1.0912369581078983e+26,-1.2931491928979236e+26,-2.5777566549492275e+26,-7.784361895419447e+25,-2.532272372840367e+24,3.2711986273471985e+26,-1.3923707682565397e+26,2.6421116770085105e+25,-4.673974991430304e+26,8.823545534936136e+25,-9.404962867853888e+25,-5.273168780083068e+25,-6.942812248054132e+25,4.6045892219503e+25,-1.003282824812944e+25,-7.87124261775039e+25,-1.8864160473315374e+25,-4.552268741269805e+25,-6.280875827070283e+25,-2.465977542521404e+25,1.4421756240824347e+26,-2.3377507346663865e+26,2.493395108724237e+26,-1.578483435651488e+26,2.8724075428794037e+26,1.9489404139203915e+26,3.15589876550688e+26,1.0070763551753278e+26,2.4080735088059715e+26,2.350425274451773e+26,1.3419557242925526e+26,6.60579026626074e+26,2.749317499260917e+26,8.233414016587017e+26,-3.134098843002174e+26,4.0636897257791624e+26,-1.199733662824545e+26,4.667479254120148e+25,-1.1622137263698204e+26,-4.354313205941984e+25,-1.0697523575919698e+26,1.961738717759656e+25,-2.2110037091897097e+25,-2.5942618332317216e+26,4.592485882180855e+26,-2.433158385097866e+26,-2.8567501682111147e+26,-1.2736975332388051e+26,-3.0194820780701793e+26,-2.2858070625662462e+26,-1.1074815415795096e+25,-4.390812347924971e+26,-1.1239192567614845e+26,-4.609656334426595e+26,-1.624783804379398e+26,-7.289984617919668e+26,3.011876229776791e+24,1.595238524147315e+27,1.3078374934331855e+26,-2.2487743686277606e+25,2.1023501257850482e+26,1.7080253741202036e+26,-6.395255518413628e+26,5.940000370977483e+26,4.607088481864408e+26,6.164406968870551e+26,2.2409353656466476e+26,4.8619351829955335e+26,5.976317505172792e+25,1.482664553805999e+26,1.2553885526873136e+25,3.1832346907783735e+26,-2.4545270521175567e+26,3.955799072371923e+26,2.1788462943361033e+25,2.8861105778200298e+26,7.613058554397062e+26,1.0906076249138234e+27,1.1531128480338888e+27,7.609208666641979e+26,4.781196427229102e+26,3.926660266969115e+26,4.6467247856455896e+26,5.6025899933184946e+26
7.013451534834094e+26,1.8284816480697361e+27,2.5857997144513275e+26,-2.6244303966561705e+26,-6.8995250731559415e+25,4.094519264049184e+26,-6.996295830628412e+26,1.7671202601174993e+26,5.40662410334505e+26,1.3274089627480628e+26,-3.508277510233803e+26,1.432730337310574e+27,1.4007762785083653e+27,-6.963578029091506e+26,-9.63165285524888e+26,-5.356993982626467e+26,1.6078747349928666e+27,-1.6016206407065085e+26,-1.6986176121890685e+26,4.313709035791379e+26,3.7838007813960134e+27,9.263423895922304e+26,4.7577010795956685e+26,2.566571034572876e+26,1.836258508026747e+27,1.5375100772159027e+27,2.1199515259630379e+27,-2.0250705793986113e+27,-1.11748967109275e+27,-3.752023474683951e+26,-2.2552417337842638e+26,-6.90118287701161e+26,-8.234243007910162e+26,-9.199152283586921e+26,-2.592679625243935e+27,-6.144956745285816e+26,3.3874119152675076e+27,6.633955941844935e+27,-1.41120297968334e+27,2.5444167170609892e+26,-7.64101649536538e+26,3.6167668860000304e+26,-3.1151212976191e+26,-1.8465397822487438e+26,-2.9443969038849803e+26,-5.596227264558751e+25,-7.913272514717609e+25,-1.2769517152962501e+26,-1.1573916130675006e+26,-1.7263847472795244e+26,1.1849171921587081e+27,1.6278892259153505e+27,1.9708578784360946e+26,-3.300794473801294e+26,1.573972860745601e+26,9.63463750408268e+26,9.998849308275599e+25,1.8749670509675292e+26,1.0070763551753278e+26,4.2401224413444616e+27,8.818045474055123e+26,1.5488103333637085e+26,-4.871179059725772e+25,9.810864391181051e+26,1.6839946169030681e+27,-1.7408900059629447e+26,1.3671659105189934e+27,7.444673280512302e+26,-2.2986738121913926e+26,-4.49417525628395e+25,2.327226168361669e+26,-2.943680418737128e+26,-2.4712029551072884e+26,-1.6250578619213807e+27,-1.4387037527469076e+26,2.131414520556912e+27,6.486457128889258e+27,-5.9295692410921635e+26,-3.330855029387031e+27,-1.6877467037233773e+27,-2.550440823809442e+27,-1.4543611156911026e+27,1.8055263073662116e+27,-6.345041746109664e+26,-2.143395055676883e+27,-1.0108040865548359e+27,-3.4762478606836186e+27,-1.7898778427333972e+27,6.829324167006771e+27,3.4190262578204395e+27,1.8425985481271276e+26,-2.2108622602342105e+26,-2.2568086215848017e+26,-4.6564565639794916e+26,-1.3919053864169996e+27,-2.9945507762333726e+27,2.1944305154505427e+27,-2.2279960460600055e+27,1.0678604807782473e+27,-9.489864049008867e+26,-3.442337409623234e+26,-3.74659093814239e+26,-5.611918399885762e+26,-5.912956927115465e+26,-2.3966188216823088e+26,-4.7059732171417584e+26,-1.2320854884052315e+27,-1.3866144703777117e+27,-1.5098730495663553e+27,-1.8338364187188522e+27,-2.5910657639617146e+26,-1.1704489907047443e+26,-1.6926113386532767e+26,-1.2826466612757457e+26,-3.0784857177739987e+26,-6.773379298436049e+26
2.6753559860292186e+26,4.711878979930368e+26,8.851795091411644e+25,-1.2106462223738347e+26,-3.5880405706630903e+25,5.095931829244134e+25,-8.916030341331472e+25,-2.6583539628718385e+25,3.0914505958512774e+25,-1.3126554255782328e+25,-1.220219609025808e+26,1.5707757312331763e+26,1.2791130916629141e+26,-1.2577896814538707e+26,-3.7358559675001705e+26,-1.847792296364002e+26,2.202759508033656e+26,-2.676529819005028e+26,-2.4480221915051197e+26,-2.5227018269407213e+26,5.6624927852784915e+26,4.729730281699625e+26,5.609798371509515e+26,6.564526329741238e+26,1.4871693228386548e+27,8.312757469423394e+26,1.8485356685689523e+27,-1.0263276127534575e+27,-6.273066167642052e+26,-3.362188381253774e+26,1.0249928690727571e+26,-3.7727132703377506e+26,-3.345790250869105e+26,-3.532195296163729e+26,-1.4185135863400226e+27,-1.558264638281166e+26,3.286604355566243e+26,1.610423445892733e+27,-3.391891962346532e+26,1.3298192491915569e+26,-3.850741164974588e+26,1.5826140902775032e+26,-1.4668834135664808e+26,-7.2251346639029266e+25,-1.0243565019994302e+26,-2.3266572466533067e+25,-4.592448928065175e+25,-8.561576329102047e+25,-3.871061174800474e+25,-7.72765834692547e+25,1.0030461590376171e+26,1.2559252020013548e+26,-7.066734956509984e+24,-2.2900559196814127e+26,7.153039699836673e+25,6.651372418828079e+25,1.3871959814461874e+26,1.267679594753234e+26,2.4080735088059715e+26,8.818045474055123e+26,1.000335923474445e+27,4.425313109713475e+26,2.083113308290421e+26,1.707294616226007e+27,1.3861963912151797e+27,1.2349652824851322e+27,6.101848547294907e+26,5.5663606651280535e+26,-2.197992490950156e+26,6.206794784877616e+25,1.626701220714434e+26,-1.1906283582069053e+26,-1.090879880893133e+26,-8.487897312629069e+26,-1.0273065379124602e+26,5.8799498217489284e+25,2.091143928522369e+27,-3.146400334426187e+26,-1.4095332253818662e+27,-9.849678624884897e+26,-1.0389006781559439e+27,-7.431276659080229e+26,1.763458951812443e+26,-3.7497412445005264e+26,-3.957317847085557e+26,-5.484736350114583e+26,-7.461323117071891e+26,-1.0237340757435793e+27,9.930708260092579e+26,2.603446003358117e+27,5.5020459243210144e+26,-1.0433631215620271e+26,4.7372837845279364e+26,-7.548995216696184e+25,-1.6520498203893e+27,-9.432106198062997e+26,1.819900289488572e+27,-5.5905547912187064e+26,1.1515264050203092e+27,2.443913080954094e+25,-3.0488172365866356e+26,-9.990880268455935e+25,-5.781866299072345e+26,3.8486699741389173e+25,-7.28338899493861e+26,2.8338117187641966e+26,-8.58108222079026e+26,-5.222962143188832e+26,2.376690645774647e+26,4.15784068775598e+26,1.481518834611135e+27,1.343039385013669e+27,9.471563114574827e+26,7.142968453253678e+26,6.27795604817696e+26,4.989987947987564e+26
1.642368170251418e+26,1.6964965098262736e+26,4.529065028916616e+25,-7.346029186833392e+25,-3.291087999450526e+25,-9.191638475839687e+23,-2.2049201741341197e+25,-6.924740633578391e+25,-4.8273689412173004e+25,-5.125305009385423e+25,-4.876406464285274e+25,9.199700936804133e+24,1.5787596718669071e+25,-4.564294534235588e+25,-2.1806079953913253e+26,-7.915357828051377e+25,5.3621040770122505e+25,-1.2266587032880891e+26,-1.45450202021895e+26,-1.4775421855999278e+26,9.422330742517864e+25,1.0780006040292448e+26,2.5766674672488303e+26,3.9188154149996616e+26,6.1649920436901017e+26,2.1673735453257538e+26,9.511209924225354e+26,-4.054944179223422e+26,-3.7175368446578594e+26,-2.447193256051491e+26,1.350155409923196e+26,-1.6318958264117044e+26,-1.622341946766837e+26,-1.428428920285809e+26,-6.890855767077973e+26,-3.896361643614403e+25,-1.1132170888634522e+25,4.655161112716385e+26,-1.3497070681775655e+26,1.1139036331424786e+26,-2.733433871328091e+26,1.1504036266295443e+26,-1.0520593652245558e+26,-5.651701073554453e+25,-8.313533606155513e+25,-3.8112238046534853e+24,-3.076345462663251e+25,-5.596306857752258e+25,-2.6103745892677797e+25,-7.206999668493975e+25,-3.324020650020065e+25,-1.5722622944889657e+25,8.696388978040846e+24,-1.8301527897447528e+26,7.655011776608277e+25,-4.455255095416392e+25,1.3341644027062471e+26,1.0960441315913009e+26,2.350425274451773e+26,1.5488103333637085e+26,4.425313109713475e+26,3.735793838475279e+26,2.4428008363072962e+26,1.0607219034771531e+27,4.941939952507993e+26,1.1196876015967807e+27,9.387425733576645e+25,4.328912127774343e+26,-1.766029008049274e+26,7.435310699609207e+25,5.621988245181948e+25,-9.857017281156695e+25,-9.745399462409908e+25,-4.4635378997461394e+26,-5.664656425940193e+25,-1.628893324186097e+26,7.35081251753641e+26,-2.4372314779613154e+26,-6.091024318826039e+26,-5.933144209509327e+26,-4.8313712593949295e+26,-5.086228872590153e+26,-6.4424987581864e+25,-3.195242987045826e+26,-8.43687622454017e+25,-4.2389319185111075e+26,-1.740797035947279e+26,-7.7424433748452e+26,3.6629523972620845e+25,1.9408165587256757e+27,3.5754802399679275e+26,-4.3313949793562094e+25,4.041317334014779e+26,1.6056411380138565e+26,-1.1479854166355165e+27,2.1170736814131447e+25,1.0553552402748987e+27,2.185906642691346e+26,6.544902337171725e+26,4.2520477362484906e+26,-1.231338578201065e+26,1.1223820478461124e+26,-3.0085461084824926e+26,3.3537068806349156e+26,-6.022130679582632e+26,5.096354142202984e+26,-3.886728753276827e+26,-2.590736401429272e+24,7.028234353102448e+26,9.376052964716416e+26,1.4104198446646567e+27,1.1400449943080899e+27,8.059426886781033e+26,6.673021983518286e+26,6.997367693615666e+26,7.149184331543049e+26
5.565532395462932e+25,-7.005287876743675e+25,-6.3480006895423905e+25,-1.0959851971633112e+25,-1.4509261623245961e+26,-1.1235404018753661e+26,-6.533858989791802e+25,-1.9352958933077904e+26,-1.6005731865920486e+26,-1.6658183060415854e+26,-2.1987934917887656e+25,8.231422697877174e+24,3.1120489243775203e+25,-1.192909124137354e+26,-2.9873988913392502e+26,-1.5143741240550021e+26,7.271383474543181e+25,-1.918640440767797e+26,-1.9598954278576044e+26,-2.1434984888486786e+26,6.4922837587780635e+25,1.7801206569495843e+26,3.5747191715003246e+26,5.56896652488637e+26,5.8742200651825555e+26,2.3597900950311193e+26,9.289846128544494e+26,-4.0521466105646195e+26,-5.3059534376410814e+26,-3.571587156915721e+26,2.6217204769585524e+26,-1.994651284397369e+26,-1.5238300442944893e+26,9.699191103443888e+24,-7.448044967969971e+26,4.210847013427756e+25,-4.0556043433858785e+25,2.885841541135119e+26,-1.1628563313346385e+26,9.678566147366011e+25,-1.3661218089967951e+26,1.2757091492043022e+26,-1.0615297839147432e+26,-7.2352962054725655e+25,-1.2204023272317303e+26,6.370818058171528e+25,-1.058348511522929e+26,-1.2851079833551548e+26,-7.4138505987242696e+25,-1.8175743817589297e+26,-1.2561176601204951e+26,-7.542264630300742e+25,-6.627609931718964e+25,-2.026153833514571e+26,2.9373967559834054e+25,-2.0976210073008364e+25,8.57195138877628e+25,6.908488674806137e+25,1.3419557242925526e+26,-4.871179059725772e+25,2.083113308290421e+26,2.4428008363072962e+26,3.754114388399719e+26,7.636622181854112e+26,2.726538249468505e+26,8.990762507747094e+26,2.1593878304564437e+26,3.8176259965507055e+26,-2.139900471521436e+26,1.8830477208386532e+26,1.7677697257614326e+26,-1.105207885541165e+26,-1.019116462680281e+25,-4.596535503768388e+26,-4.574686811829113e+25,-2.6205012033602797e+26,3.4296070155866415e+26,-3.0537497980145158e+26,-6.0408221418923747e+26,-6.401979803205603e+26,-4.710044133753398e+26,-4.810613907770356e+26,-2.064029357823244e+26,-4.5289842768023864e+26,4.125579115367725e+25,-4.8459446000886926e+26,2.21733459316576e+25,-7.965482929961707e+26,-1.9463244787642383e+26,1.573228961105957e+27,5.497932404053499e+26,2.7026850311080533e+26,5.347521587621066e+26,3.0269370986032972e+26,-5.639702155218231e+26,-2.8865187687272748e+26,7.323978386555212e+26,-6.618716151529608e+25,6.054078841359262e+26,1.734509097306318e+26,-1.8380891645496994e+26,1.679293391028374e+26,-2.1452743507232825e+26,1.605278095945812e+26,-1.7595465744470276e+26,5.2670435305548205e+25,-2.0108954672654192e+26,9.99436067832349e+24,2.862597204127604e+25,1.9403636546922567e+26,9.148345786587846e+26,7.301568618163619e+26,4.58814120416194e+26,2.2224408139185614e+26,1.5389181022353206e+26,1.2410745427792266e+26
2.7454907723649764e+26,-3.540823180676184e+26,-1.2377106735364893e+25,-1.857498825451421e+26,-2.9175991862166223e+26,-2.0776500702656478e+26,-6.868639476908947e+25,-4.2800905942513955e+26,-3.311323671877948e+26,-3.439762116883984e+26,-7.217100202242448e+25,-1.4896574869336516e+26,-7.066575719252275e+25,-2.6225175757254332e+26,-9.058998096139167e+26,-4.226056087706083e+26,2.4342000910461014e+26,-6.155567522604222e+26,-6.145927389528005e+26,-6.350158171577024e+26,5.4831625009743406e+26,8.625883559173078e+26,1.3272015100683154e+27,1.8828663928932258e+27,3.2459475263981456e+27,1.4759868502604386e+27,4.7523150940612555e+27,-2.425527632359582e+27,-1.625296666027869e+27,-1.0335253854458324e+27,6.1429825567980656e+26,-8.967766985977166e+26,-6.746809171291235e+26,-4.05448894845882e+26,-3.519256075688711e+27,1.4705116811556417e+26,-2.4771191743694467e+26,2.528900563495023e+27,-4.628783100132653e+26,9.63152980804108e+25,-1.7062791696607267e+27,4.2089709693598066e+26,-3.542249020318882e+26,-2.4169856171966864e+26,-4.038012433805439e+26,2.0682304998061854e+26,-2.227672407358694e+26,-3.933048979484478e+26,-1.9550707981573207e+26,-3.449227736490921e+26,-3.9732692661983297e+26,-2.3732600103100577e+26,1.1661014180045974e+26,-8.21796652812539e+26,4.114726754799618e+26,-1.9417930344072136e+26,4.824056102340366e+26,4.101038952401339e+26,6.60579026626074e+26,9.810864391181051e+26,1.707294616226007e+27,1.0607219034771531e+27,7.636622181854112e+26,4.0390737187196425e+27,2.4208679815340346e+27,4.0574181009796895e+27,4.809738263898779e+26,1.659505501140785e+27,-7.091197656869522e+26,3.6504097329161194e+26,3.2390681021741286e+26,-3.936943078671245e+26,-3.0408888450224787e+26,-1.5121090946527262e+27,1.3842284568489688e+25,-1.0531730812989587e+27,3.5216197511968645e+27,-1.1572628586949399e+27,-2.934469294618318e+27,-2.2300539172738452e+27,-2.1054292707208033e+27,-1.8650928631441694e+27,-7.853346201935888e+26,-1.920750254209625e+27,-6.278107953194185e+25,-2.000850699919541e+27,-2.614240025714606e+26,-3.41907124782511e+27,6.911761686152269e+25,8.186428834417284e+27,1.9371519757614127e+27,4.740302063333689e+25,1.8277731488912609e+27,5.081549190583062e+26,-5.767062376235557e+27,2.015250585596623e+26,5.407510190511611e+27,6.859786288954283e+26,3.388543837797086e+27,1.257341239200846e+27,-9.409312977411241e+26,3.268870144406649e+26,-1.6680211898815113e+27,9.865387356709815e+26,-2.493973896856938e+27,1.6698652472859058e+27,-2.1255139862795116e+27,1.0472002158774279e+26,3.051521719051445e+27,4.2483412836032077e+27,5.956964489027092e+27,4.5262353697173887e+27,3.049558193834313e+27,2.4111439949163208e+27,2.54634498716549e+27,2.7277586433536866e+27
2.987494156668956e+26,3.7658993329940956e+26,1.0377322472988235e+26,-1.646385241122021e+26,-6.791859232627074e+25,4.71788657999196e+25,-1.055174332859313e+26,-6.923221282019698e+25,1.5142566697202445e+25,-3.814015063602702e+25,-1.3403697735017156e+26,7.67150401214957e+25,4.22234456789669e+25,-1.9212955486694654e+26,-5.712470516214979e+26,-3.056685929900774e+26,3.3222796889505104e+26,-4.467822218341242e+26,-3.9604607667672195e+26,-3.261003253809749e+26,1.1184272490396321e+27,1.1923238015018028e+27,1.0318542290155069e+27,1.1063936541834438e+27,2.9281783721313394e+27,1.913933645382387e+27,3.5079576459369635e+27,-2.1441047165248467e+27,-9.806608209603738e+26,-5.393861310956635e+26,1.897454222890422e+26,-6.703877113223147e+26,-5.2020405872033095e+26,-5.3797182880945505e+26,-2.4915630651488057e+27,-1.2645948718863988e+26,3.530602979888377e+26,3.2013324808916377e+27,-4.8665368126713865e+26,7.070922246507119e+25,-9.131353064347461e+26,2.128968416479551e+26,-1.8871152040940575e+26,-1.0373728178634809e+26,-1.563939870775731e+26,4.678639890787847e+25,-6.257136008318539e+25,-1.4843093979134702e+26,-6.466465124191159e+25,-8.294648554092439e+25,1.2922021465388453e+24,4.132823422111417e+25,8.14215870121331e+25,-3.607585117135161e+26,1.842163277243618e+26,3.936525072704281e+25,2.0134253814117416e+26,1.922108841310408e+26,2.749317499260917e+26,1.6839946169030681e+27,1.3861963912151797e+27,4.941939952507993e+26,2.726538249468505e+26,2.4208679815340346e+27,2.3934264258051193e+27,1.5734633691233584e+27,8.800601363330273e+26,8.071305906262996e+26,-3.1724362670069284e+26,1.1382533841226458e+26,2.0922407599256936e+26,-1.6462318844107025e+26,-1.8005426445044267e+26,-1.1323124286315155e+27,-3.1087061796075826e+25,-1.339946596370521e+26,3.7468994575009345e+27,-4.985651499158164e+26,-2.4190688800865392e+27,-1.3564012800855567e+27,-1.6484369094035198e+27,-1.0382913259887064e+27,6.628093069836964e+25,-7.983331238151684e+26,-5.142994384859836e+26,-9.055937501384736e+26,-9.920656353810134e+26,-1.6461906946009917e+27,1.6117620803219466e+27,4.2725836975560575e+27,1.1038571183800263e+27,-8.753511823540279e+25,7.166486918621798e+26,-1.7507284097364714e+26,-3.2898746451792494e+27,-1.3683315883567563e+27,3.6091762687039726e+27,-9.166355034655936e+26,2.296579937469618e+27,-1.6692896129127236e+26,-8.22961743257834e+26,-1.909456458520183e+26,-1.2726217121364803e+27,-1.329261056631266e+26,-1.2628023028500616e+27,2.830308883415441e+26,-1.7299541311629883e+27,-7.770615807790864e+26,5.394907344178884e+26,9.852719299450436e+26,2.4046636623579705e+27,1.89830690821174e+27,1.1945916312755894e+27,9.001705216376896e+26,8.437232081288572e+26,7.33878290775041e+26
1.0171540775910733e+24,-1.569660067658403e+27,-1.277130083176398e+26,-1.4820279563486788e+26,-3.835977623730322e+26,-4.371945755991926e+26,8.038648596956494e+25,-6.916922020857004e+26,-6.430221627165624e+26,-5.5678850059181984e+26,7.522369306914551e+25,-6.0244430097010975e+26,-4.060521304003675e+26,-1.8344026507273102e+26,-8.17412366404958e+26,-3.6301759275670825e+26,-6.6685620482129606e+25,-5.67040821589768e+26,-6.130056300928717e+26,-7.084077351063029e+26,-3.981633742990203e+26,2.6460098366561507e+26,1.0144416121699518e+27,1.8883908910915052e+27,2.4898914069414404e+27,6.360699151790023e+26,4.484185898552638e+27,-1.7708446563423143e+27,-1.5432102325580457e+27,-1.1262903621629498e+27,8.98215229485405e+26,-6.571248340428345e+26,-4.845725818824029e+26,-1.0445013107281706e+25,-3.0726782182836107e+27,5.20412044909777e+26,-1.2486863141390802e+27,7.853446149141508e+26,-9.45997600707748e+25,-1.1229152330892673e+26,-2.437778777957386e+27,4.4745775483070415e+26,-3.679434746279063e+26,-2.9912286217933843e+26,-5.276406484062608e+26,3.985085732137183e+26,-2.8798961988069008e+26,-5.509185516023078e+26,-2.6541669855134655e+26,-4.392091894668721e+26,-9.371858945291872e+26,-7.227521149916254e+26,2.40681985180946e+26,-1.0920988366893086e+27,6.465467372621755e+26,-5.5855963396717146e+26,6.766079660898156e+26,5.435280136952914e+26,8.233414016587017e+26,-1.7408900059629447e+26,1.2349652824851322e+27,1.1196876015967807e+27,8.990762507747094e+26,4.0574181009796895e+27,1.5734633691233584e+27,5.184435502888676e+27,-6.1299838396874184e+26,2.0006882059108207e+27,-8.84603288568896e+26,5.3743759058307174e+26,1.940552475681723e+26,-4.717048651146517e+26,-3.7162798951105796e+26,-8.537406522245407e+26,1.9611782225888884e+26,-2.1256234802660905e+27,1.8941912804426623e+27,-1.5071325138808475e+27,-1.9832393895750384e+27,-1.9695207100719728e+27,-1.4857611253962257e+27,-1.847688271424683e+27,-1.779450337993709e+27,-2.7367162202628037e+27,7.403774999521507e+26,-2.589703434722496e+27,1.165430579039165e+27,-4.217150714412601e+27,-2.3850105488526942e+27,9.78044623521278e+27,2.2263739139195243e+27,1.6337744895390468e+26,2.427330127392948e+27,1.0922869919127267e+27,-7.221546671324705e+27,2.982514490709448e+27,5.870949233099749e+27,2.959627954286225e+27,3.608918451681715e+27,2.6134470935397077e+27,-9.073569772500224e+26,8.516604637863017e+26,-1.7561681040906206e+27,2.0243509375054432e+27,-3.3552542885573664e+27,2.962752964463177e+27,-1.8825385594589113e+27,1.5682852318222969e+27,5.822387015718031e+27,7.666124522316249e+27,8.341703204990968e+27,5.948001811465017e+27,4.029864093998513e+27,3.388887762974789e+27,3.8926929133743773e+27,4.5622578502906507e+27
2.6685167092109757e+26,1.3523397826982547e+27,-2.0271826058620646e+26,1.1360951037981001e+26,-3.207678231108049e+26,-9.905595827982878e+25,-3.167082617621052e+26,-5.630498597378274e+25,6.08927642512468e+25,-1.1603203680312634e+26,-1.7649163746758446e+26,7.364593889119193e+26,6.148855078878665e+26,-3.116892179672159e+26,-4.6982539524818236e+26,-2.8190282108271597e+26,5.023479540432167e+26,-2.6356459369575647e+26,-1.5003614195179802e+26,-1.9326847352880852e+26,1.1682668292132373e+27,6.500512847300938e+26,6.973875941551979e+26,7.15820071541922e+26,1.0990960843994745e+27,8.391670690130764e+26,1.0412428039891747e+27,-1.0947711894457322e+27,-7.817125456099582e+26,-3.1311657575929775e+26,4.626439723435743e+25,-5.9246726105244284e+26,-4.2376601254708736e+26,-2.2427270336222856e+26,-1.4712801800606552e+27,-3.4666036751598475e+26,1.4350869146078164e+27,2.0531779093192716e+27,-5.3474771843889866e+26,6.0912081466376255e+26,1.7955120385359852e+27,1.5956034679758835e+26,-1.1316682552353796e+26,-3.00468247276096e+25,-8.354917720333603e+25,-2.912456143311417e+26,-2.077278017344839e+26,4.147867325993785e+25,-1.053514430764853e+26,-3.740157697974658e+26,7.399007667604792e+26,7.391820066013521e+26,-5.724947436326473e+26,2.6358421353780042e+26,-6.627842818102632e+26,8.321349247119299e+26,-4.746414473480961e+26,-2.8556156698755926e+26,-3.134098843002174e+26,1.3671659105189934e+27,6.101848547294907e+26,9.387425733576645e+25,2.1593878304564437e+26,4.809738263898779e+26,8.800601363330273e+26,-6.1299838396874184e+26,2.2471743579470355e+27,-1.8467254213356304e+26,-3.580514088235149e+24,-3.4411381652718606e+25,7.102240534133861e+26,-1.73835542562057e+26,2.5685135249247534e+26,-2.0790939547372196e+27,-4.777141041836193e+26,1.5749688522234063e+27,2.0927135076730954e+27,8.637709898422528e+25,-1.7924150907988212e+27,-1.7031791738388817e+27,-1.2846923994025343e+27,-9.620903611928247e+26,9.239680971960054e+26,8.989649161785474e+26,-7.70973080486706e+26,3.5854917263561086e+26,-1.5149207928514692e+27,3.1805080346034514e+26,2.628833091525249e+27,-1.029022880996504e+27,4.679078291179049e+26,2.7480013540348237e+26,1.6950930319323894e+26,-2.9929950874964315e+26,1.9795846599391684e+27,-4.79985439399123e+27,-2.2145520247495804e+26,-3.6255968066796904e+27,3.0612993142432854e+26,-1.7296665913055398e+27,-2.2195105942858282e+26,-4.4592341054014084e+26,-1.0440310905889141e+25,-1.1313604435207786e+27,1.131323543007667e+27,-1.8146225853789056e+27,-2.731300469211732e+26,-2.1589273245863434e+27,-4.3344105004832565e+27,-5.274370074150378e+27,-2.517888281479096e+27,-1.080034972882622e+27,-6.594073000513165e+26,-1.0361274116819993e+27,-1.757436201630102e+27,-2.594755403159579e+27
1.4424261995894588e+26,-2.2388914743744217e+26,3.350298047340181e+25,-1.4362618310362e+26,-1.4519051495226274e+26,-3.2023741849719303e+25,-2.0035193633833276e+26,-2.020196460103879e+26,-1.0540518979404825e+26,-1.5351059233264014e+26,-1.4406284288019779e+26,2.299862202177144e+26,2.490931849015734e+26,-2.409057738409976e+26,-5.323203708872374e+26,-2.625679138812752e+26,2.9402668583306365e+26,-2.6300747588980916e+26,-3.0157189408567247e+26,-2.1538199347901082e+26,5.71951919439708e+26,2.0967327575790232e+26,4.250378812387046e+26,7.212952743129256e+26,1.1214714537239978e+27,4.387445235528897e+26,1.88513981874498e+27,-8.088506668133891e+26,-8.332547857711318e+26,-5.3246082983834407e+26,3.429607078722131e+26,-2.8880808958026585e+26,-3.431198526381929e+26,-1.9475453460110618e+26,-1.5247464208862779e+27,-5.533526282196042e+25,3.574909580159066e+26,1.5169598641355882e+27,-3.688723386057955e+26,-6.877273706157288e+25,-1.3340593101930606e+27,2.7442379879633378e+26,-2.396764067305302e+26,-1.9315816931496676e+26,-3.3973811777593056e+26,1.20518689147477e+26,-1.608524870333299e+26,-3.424159721627529e+26,-1.7972055797201155e+26,-2.5600048041185832e+26,5.676192235805692e+25,2.0732945488128786e+26,1.685536171511713e+26,-6.629588254693989e+26,3.347529639153781e+26,8.347201415745099e+25,3.6844720934838155e+26,3.4662170457926504e+26,4.0636897257791624e+26,7.444673280512302e+26,5.5663606651280535e+26,4.328912127774343e+26,3.8176259965507055e+26,1.659505501140785e+27,8.071305906262996e+26,2.0006882059108207e+27,-1.8467254213356304e+26,1.1158057188116425e+27,-4.9309460822394865e+26,2.8783951588532134e+26,7.87717847673973e+25,-2.706288010995449e+26,-2.1820074906804495e+26,-4.678771043481995e+26,-3.420625805531473e+24,-2.1382621945104812e+26,1.9420577288584268e+27,-9.063893069444094e+26,-1.2530761649601563e+27,-1.0561968328800831e+27,-1.0595927214297988e+27,-1.0227143448067582e+27,-1.302518825130492e+26,-1.3662413390896532e+27,-2.4737794582424044e+26,-1.4898734358238358e+27,-3.597341950985632e+26,-2.309073794301409e+27,4.9209823443193706e+26,4.6307151102643313e+27,8.107229704905703e+26,1.2570670555822919e+26,8.578298665298512e+26,4.470998115882025e+26,-2.77310743630492e+27,9.215785410116447e+26,2.3183459184217443e+27,9.877191849586914e+26,1.358869156735765e+27,9.433934064917119e+26,-3.128974924443084e+26,3.538413611486627e+26,-6.14576463698042e+26,7.531725961026833e+26,-1.1923245046002562e+27,1.070063397244917e+27,-7.403305503528512e+26,6.309769263176169e+26,2.029342586139805e+27,2.6431163984371886e+27,3.121709216593136e+27,2.1531073914672495e+27,1.3987848852277432e+27,1.1621985422430002e+27,1.3559606020283985e+27,1.606747416979909e+27
-3.5964207140374973e+25,1.6622038128400927e+26,6.472354938114421e+24,4.985673145073758e+25,7.928061713599056e+25,4.3033048105727925e+25,5.5040971195832426e+25,1.03790876501568e+26,7.610338148970231e+25,8.337546808054227e+25,3.059306843805811e+25,-4.23580897182343e+25,-5.57025431068957e+25,8.659592888770709e+25,2.1014138420051503e+26,1.0206608760975725e+26,-7.493967846495081e+25,1.1634946672008683e+26,1.3280019267148902e+26,1.1431613361684381e+26,-1.460830187550957e+26,-8.367833415972149e+25,-1.911789095485307e+26,-3.49804242223604e+26,-4.801723673129725e+26,-1.745278316297438e+26,-8.322020070510335e+26,3.4303468560350234e+26,3.533220194714816e+26,2.3852477269280734e+26,-1.831340926219952e+26,1.2357109252525777e+26,1.3162019266476857e+26,4.137655215949109e+25,6.686725572961715e+26,-1.88599477359878e+25,-4.493328335081009e+25,-4.716584938455389e+26,1.14617500002894e+26,3.6517576825009067e+25,5.338113902713743e+26,-1.1837254694421486e+26,9.967853919844114e+25,8.202710828394057e+25,1.4735547719860153e+26,-4.896536480262241e+25,8.276380218915729e+25,1.6056843614838382e+26,7.95213387314743e+25,1.049819320110193e+26,2.523978789196203e+25,-2.7539647875217635e+25,1.5709188424385599e+25,2.91391536790011e+26,-5.662898475506706e+25,-1.0894594273509609e+26,-9.280186358901939e+25,-1.186478218523501e+26,-1.199733662824545e+26,-2.2986738121913926e+26,-2.197992490950156e+26,-1.766029008049274e+26,-2.139900471521436e+26,-7.091197656869522e+26,-3.1724362670069284e+26,-8.84603288568896e+26,-3.580514088235149e+24,-4.9309460822394865e+26,2.677221648257948e+26,-1.8758820318614125e+26,-1.0923117528105123e+26,1.288899329941037e+26,8.12871586162574e+25,2.6029280268334536e+26,-5.532629039224329e+24,1.3933401637717624e+26,-6.864200836912437e+26,4.064094157990981e+26,4.8206686843625295e+26,5.577625496971701e+26,4.150342727157352e+26,4.731363388657193e+26,1.3779988323496431e+26,5.665002127632889e+26,2.402607357224898e+25,6.33642627656686e+26,3.3271650419891317e+25,9.818557674250745e+26,3.63769356002087e+25,-1.9027119679834863e+27,-4.248061844152226e+26,-1.2605358600325912e+26,-4.456630800023197e+26,-2.3869459926835347e+26,1.1778753645284727e+27,-3.287837647415554e+26,-9.98156022000547e+26,-3.6310066348872706e+26,-6.377747647838636e+26,-3.8267371068364895e+26,1.779023345879846e+26,-1.7734240283804243e+26,3.1350312123420135e+26,-3.396822024095253e+26,5.480706818840729e+26,-4.607785476591e+26,3.430363105466478e+26,-2.948052214818413e+26,-8.244458462404503e+26,-1.0274657392857213e+27,-1.317295380966417e+27,-9.43537528280082e+26,-6.243236116758567e+26,-5.0381172984901405e+26,-5.7798208552868806e+26,-6.80531915257164e+26
-1.703997942993831e+25,-2.5042204715555056e+26,-2.347680045835018e+25,-2.282388048461312e+25,-6.691642702194479e+25,-6.2174809904202035e+25,-2.274538441197075e+25,-1.1293652695432542e+26,-9.963130647820067e+25,-9.014617175984464e+25,6.840199189393105e+24,-4.79703825845064e+25,-2.1214539132995184e+25,-6.12311801351214e+25,-1.3893966685031844e+26,-7.84002474391804e+25,9.277647429519524e+24,-9.865873601769048e+25,-1.073129395900129e+26,-1.0797164118625e+26,-1.892337209761497e+25,5.239146103199108e+25,1.3951377541386803e+26,2.6571974891775677e+26,2.683192253938917e+26,8.781071357594039e+25,4.9597435606564076e+26,-1.6097636973586536e+26,-2.4949167476261174e+26,-1.8586346785735516e+26,1.6891783390750427e+26,-5.959102592875601e+25,-5.4104484443484275e+25,3.9742120197229755e+25,-3.6069806782074296e+26,6.792686143226297e+25,-1.1905642442408119e+26,6.739763413829496e+25,-2.776887389109053e+25,-4.942519674255803e+25,-3.745554899417861e+26,7.255306328247355e+25,-6.196986572621394e+25,-5.392325774800716e+25,-8.689670968335283e+25,8.366721844429846e+25,-5.503473031005803e+25,-1.1831935447070126e+26,-4.568389849083782e+25,-7.2545516649413325e+25,-1.4126064745970354e+26,-9.57980289919954e+25,-1.895346786332939e+25,-1.899349524267539e+26,4.594433729806513e+25,1.2092670374568712e+25,5.722035583204827e+25,6.2167769509787144e+25,4.667479254120148e+25,-4.49417525628395e+25,6.206794784877616e+25,7.435310699609207e+25,1.8830477208386532e+26,3.6504097329161194e+26,1.1382533841226458e+26,5.3743759058307174e+26,-3.4411381652718606e+25,2.8783951588532134e+26,-1.8758820318614125e+26,1.7801436059566733e+26,9.16917497693152e+25,-6.32803216664243e+25,-3.309197028393173e+25,-6.604337351442345e+25,3.879489110198849e+25,-2.8068972697063477e+26,1.3267904202129088e+26,-2.5451320496409972e+26,-2.0098766413580542e+26,-2.8083905767822644e+26,-1.8131223688533676e+26,-2.1689541138092466e+26,-2.1480440930394854e+26,-4.428472182757596e+26,9.061280892223947e+25,-4.0488784626090595e+26,1.557487263586358e+26,-6.0276137103470425e+26,-3.328684464110246e+26,1.085545299506694e+27,3.2809671165163924e+26,1.8609549624846028e+26,3.371214917536858e+26,2.0949510247809577e+26,-6.255594311672256e+26,2.9919199621674912e+26,5.304348995378238e+26,2.7438134237488964e+26,3.8828647896240854e+26,2.2012066215134038e+26,-1.2762453083436312e+26,1.4359807839809293e+26,-1.780784390069572e+26,2.0009046009548647e+26,-2.6197601023411526e+26,2.154713731281018e+26,-1.3932931833577309e+26,2.769103814359977e+26,4.722143613522342e+26,6.1417453873735746e+26,7.843866093313963e+26,5.316352404295695e+26,3.323488973042976e+26,2.2897749162753515e+26,2.6465474966946443e+26,3.437600893275989e+26
-5.170398756107194e+25,-3.5043587460227705e+25,-1.6093868685590208e+26,7.07011137625972e+25,-2.056726918898057e+26,-1.6645318384843685e+26,-8.425037606379132e+25,-1.441293224103889e+26,-1.1112222611335854e+26,-1.510937592537637e+26,-1.0191967539949484e+25,1.3370426244402252e+26,1.2644591291284937e+26,-1.2316091143472331e+26,-1.9126335919877035e+26,-1.2749681386947168e+26,1.0788229792828612e+26,-1.3959531461139515e+26,-9.18972529448552e+25,-1.4936804711011385e+26,1.985314983773563e+26,1.585499648883473e+26,2.6688867581463363e+26,4.068186180717794e+26,3.971062966531384e+26,1.915280262862517e+26,5.988465170450919e+26,-4.145477011972815e+26,-3.649317686364325e+26,-1.9459596643550655e+26,1.4316580083412087e+26,-2.3045371762521105e+26,-1.2485373348997774e+26,7.895957398697095e+25,-7.13267172130342e+26,2.2156940802064114e+25,2.3062721733077237e+26,3.89358693185067e+26,-9.360351989410075e+25,1.104221864658175e+26,3.812844045985349e+26,8.421505816917774e+25,-5.475172749891015e+25,-4.505577146357829e+25,-1.0938845479592337e+26,-2.0716829460899876e+25,-1.4122260380909676e+26,-8.809508603896139e+25,-9.57654206064844e+25,-2.002058370229237e+26,8.090850729397812e+25,1.094987031358497e+26,-2.4599062028168564e+26,-1.478787270218651e+25,-2.310876627661101e+26,2.5887619478766595e+26,-1.6594823910056172e+26,-9.481768010343301e+25,-1.1622137263698204e+26,2.327226168361669e+26,1.626701220714434e+26,5.621988245181948e+25,1.7677697257614326e+26,3.2390681021741286e+26,2.0922407599256936e+26,1.940552475681723e+26,7.102240534133861e+26,7.87717847673973e+25,-1.0923117528105123e+26,9.16917497693152e+25,3.474732026760429e+26,-1.2195918436986761e+26,1.1062260650121885e+26,-7.19410192244054e+26,-1.014991855139778e+26,2.3078507371950295e+26,4.693222292641265e+26,-1.580502474682305e+26,-5.7663939054464225e+26,-7.687647188333711e+26,-4.115675403543125e+26,-4.5484171075821337e+26,-3.102770043411999e+25,-3.3678815442507043e+25,-7.198700261325869e+24,-1.5094003987491368e+26,-9.253467035471698e+25,-2.742289161592586e+26,2.4061660997615092e+26,3.0552647396066013e+26,4.411788640017427e+26,2.3242759538590923e+26,3.799229735116093e+26,8.888095717554134e+25,6.3612755749256446e+25,-1.18230484193274e+27,3.406117117176051e+26,-8.792042022511145e+26,4.06853139632403e+26,-3.486707372963818e+26,-1.923132624365659e+26,-1.6342105501942073e+25,-1.7395377528615972e+26,-1.6171285058909088e+26,9.48413412035201e+25,-3.6065468190013546e+26,-2.1688423916147016e+26,-4.1156915951037686e+26,-8.742677836597676e+26,-1.0723224995811945e+27,-1.4529261474297848e+26,1.0921265166559738e+26,9.628853159196014e+25,-1.027708535236478e+26,-2.9135839180354368e+26,-4.7018753078823205e+26
-2.2164020697653616e+26,-2.184530594059596e+26,-3.2239768442827728e+25,1.0881948316684773e+26,8.917385330951327e+25,6.661748812314582e+25,1.0619635963309186e+26,5.764364306199059e+25,2.4865949293767547e+25,7.325621285157527e+25,1.937926980295709e+26,-2.07886082670471e+26,-1.5886347628112297e+26,8.15026023275129e+25,1.3404615573999982e+26,7.017400871170883e+25,-1.2824400520985654e+26,5.225913675628921e+25,3.1202289571672254e+25,4.8989391214738435e+25,-2.2904550182806028e+26,-3.686380566648549e+25,-1.102127691141137e+26,-2.2343822853238283e+26,-2.68412703842663e+26,-8.217851577965126e+25,-5.091927220265634e+26,3.231382478963479e+26,2.2612353638198834e+26,1.0355323260350153e+26,-6.0215006986217685e+25,1.597158328917038e+26,1.2151010531760191e+26,2.5428295528457282e+25,6.456753110042317e+26,2.4147273041072256e+26,-3.267058805847807e+26,-5.029725006994298e+26,1.1930067924057184e+26,-2.556551764607221e+26,4.982849589451076e+25,-2.449061245682504e+26,2.3618894829352253e+26,1.5092182159105214e+26,2.192726550935072e+26,1.6824576958119493e+26,1.9629617631976798e+25,2.276127968718311e+25,5.047235783506838e+25,2.224232858860751e+26,-2.587903361118026e+26,-2.1275865880684026e+26,3.888591384115627e+25,1.2664847982146912e+26,6.5762446731431195e+25,-1.2286768870160453e+26,1.3527551114933146e+25,-3.5094317980974013e+25,-4.354313205941984e+25,-2.943680418737128e+26,-1.1906283582069053e+26,-9.857017281156695e+25,-1.105207885541165e+26,-3.936943078671245e+26,-1.6462318844107025e+26,-4.717048651146517e+26,-1.73835542562057e+26,-2.706288010995449e+26,1.288899329941037e+26,-6.32803216664243e+25,-1.2195918436986761e+26,2.1495636087211495e+26,1.1596168204522286e+26,4.9067693346669806e+26,2.891809847161617e+26,-3.7651126007109744e+26,-6.567908826800948e+26,2.9606140525627365e+26,4.9421485537545185e+26,6.20458999076808e+26,4.0122725469132654e+26,6.388211972602515e+26,-1.5784252025430348e+26,5.557689358586833e+25,1.1493619658214975e+26,4.015050976887099e+26,1.988891472962111e+26,6.942227560156005e+26,-3.112113583746307e+26,-1.0276771184274368e+27,-2.847879333272694e+26,-6.973050568492099e+25,-2.96108209311173e+26,-1.478200642078532e+26,6.979126495228031e+26,1.988149269400276e+26,-6.466193159050708e+26,3.7115022021555235e+25,-4.160484458257389e+26,-1.6935948532848897e+26,1.2895745592557158e+26,-1.0838312712383736e+26,2.2833667342216425e+26,-1.9862479925256916e+26,3.530077103370056e+26,-2.4947958478666922e+26,3.484341244246736e+26,-4.504465751809214e+25,-2.6045662547344242e+26,-1.6832002342495185e+26,-5.839098435042732e+26,-5.193002357751648e+26,-3.709356177882622e+26,-2.9495089695780072e+26,-3.14640386118641e+26,-3.316336662673506e+26
-4.95265399940292e+26,-5.668275249435015e+26,-3.0372749132139045e+26,2.819610452856775e+26,-1.5430863730806286e+26,-1.2232396312282991e+26,5.515766554275261e+24,-1.0421582600632578e+26,-1.0053855711357859e+26,-7.8818340938803e+25,1.9244858894688105e+26,-6.351846256646955e+25,-2.9869748915080844e+25,-3.7375701649813224e+25,-1.2803750131663175e+25,-5.005469095100081e+25,-7.021700188338821e+25,-7.348651483045109e+25,-5.274543188527176e+25,-9.793790317939971e+25,-1.7789576163106587e+26,-1.2566759024141672e+24,2.1246312772285765e+25,3.797659154359159e+25,-1.6117128959550217e+26,-7.0527258856837145e+25,-2.5909954798028067e+26,2.221561921872791e+26,-4.371886050017839e+25,-5.2457789292952985e+25,9.050265938201256e+25,6.254752956838575e+25,6.358599579932257e+25,1.834374547347491e+26,3.065000078806226e+26,3.1407199916945456e+26,-1.597718203584445e+26,-4.302934409595034e+26,8.2982730680243e+25,-2.9020013197648883e+26,4.765481379279659e+26,-2.583986551551035e+26,2.820539621677174e+26,1.3236087093059811e+26,9.335078675864125e+25,1.6930005030099313e+26,-1.7111910418548503e+26,-1.1118371380469081e+26,-1.1353147014264115e+26,-2.8870589248091243e+25,-1.5191671374993179e+26,-8.696465604568617e+25,-1.2082679483825967e+26,8.8797006560108e+25,-7.904401634366285e+25,3.4379361021314737e+25,-8.152747048546583e+25,-8.76758926888806e+25,-1.0697523575919698e+26,-2.4712029551072884e+26,-1.090879880893133e+26,-9.745399462409908e+25,-1.019116462680281e+25,-3.0408888450224787e+26,-1.8005426445044267e+26,-3.7162798951105796e+26,2.5685135249247534e+26,-2.1820074906804495e+26,8.12871586162574e+25,-3.309197028393173e+25,1.1062260650121885e+26,1.1596168204522286e+26,2.9521026918350854e+26,2.4016864142577294e+25,2.2968276064885976e+26,-1.7611437467551705e+26,-5.286674540687862e+26,1.0756728944859448e+26,2.8363558673424034e+26,1.0703543133602667e+26,2.2873836451460092e+26,3.5522942808147504e+26,-2.429547576315267e+26,-5.5216103348625426e+25,1.8969072304546726e+26,2.094392135421091e+26,2.904225674513614e+26,4.6042457060518106e+26,-3.056440270549295e+26,-8.121942513070414e+26,3.3115074410403503e+25,1.2646008525513465e+26,1.431797886607565e+25,-3.8121828113306075e+25,9.73313641179113e+26,-5.000209062502883e+26,-6.305114598027324e+26,-4.763668538585516e+26,-2.3910607912627747e+26,-3.7968580638209045e+26,2.512280682884382e+25,-8.72992896900138e+25,1.978750631668825e+26,-3.0025529834777074e+26,5.494157413170909e+26,-5.661037184207701e+26,3.864912203970566e+26,-2.569615247267947e+26,-8.956958546712621e+26,-8.791197408106059e+26,-6.846751716792769e+26,-4.975215125134846e+26,-3.56486371755255e+26,-4.367405393455822e+26,-5.98103758633746e+26,-7.279310147902516e+26
-7.828007318923338e+26,-1.975548841164206e+27,7.85708123299604e+25,7.646618026985083e+25,3.905554821262331e+26,1.4077868229692858e+26,4.217632180781859e+26,2.029424507974694e+26,3.3112208219205694e+25,2.4728592471616982e+26,4.232474826607247e+26,-9.119312439864204e+26,-7.572676032501556e+26,4.221052622024484e+26,7.58216157803983e+26,4.05419547616904e+26,-6.6403846745494e+26,3.86487800114031e+26,2.754126395879092e+26,3.441383044391266e+26,-1.3313245311373413e+27,-5.760316960924836e+26,-8.549940496214905e+26,-1.1224078525205443e+27,-1.486846038184535e+27,-8.261262698361756e+26,-1.9328960506138362e+27,1.342712567801025e+27,1.24033583854732e+27,6.083173664662622e+26,-2.5483831653375373e+26,7.326231683518956e+26,6.268550565943104e+26,3.429159817930648e+26,2.1776922346877947e+27,6.50565850232317e+26,-1.652675478166701e+27,-2.5576363164183605e+27,7.135375901772943e+26,-1.1706665916166239e+27,-1.7875018643422226e+27,-5.244326216610768e+26,4.648178561766118e+26,2.1814327146029353e+26,3.461724849126961e+26,5.331094331209542e+26,2.3285523592010655e+26,-4.802699692051983e+25,1.432100819665417e+26,7.061873322856676e+26,-9.687074437510959e+26,-9.156519516056697e+26,5.482944884137813e+26,6.285883937016754e+24,6.169165096322475e+26,-8.355622119015984e+26,3.25358086168055e+26,1.1032209271635237e+26,1.961738717759656e+25,-1.6250578619213807e+27,-8.487897312629069e+26,-4.4635378997461394e+26,-4.596535503768388e+26,-1.5121090946527262e+27,-1.1323124286315155e+27,-8.537406522245407e+26,-2.0790939547372196e+27,-4.678771043481995e+26,2.6029280268334536e+26,-6.604337351442345e+25,-7.19410192244054e+26,4.9067693346669806e+26,2.4016864142577294e+25,2.8499300736707454e+27,9.230166374903574e+26,-1.7987201136938014e+27,-2.9891724565612716e+27,3.629854588342329e+26,2.3639177077467544e+27,2.670158519645268e+27,1.8342529495379615e+27,2.0748817192670632e+27,-9.912313465833638e+26,-7.478915999090775e+26,8.715221782081358e+26,3.2870075674701337e+26,1.6910502966486527e+27,9.74540303984777e+26,-2.524124015692023e+27,-1.6390220636036769e+27,-9.117063935759797e+26,-2.3490951274612634e+26,-7.686443883796051e+26,-1.1686131491949786e+26,-6.0860124137812814e+26,4.389916044402462e+27,-9.131429288616322e+26,2.875943259319324e+27,-9.96571725114809e+26,7.966454498753808e+26,2.9153190912934093e+26,7.772932482422783e+25,2.7771730222892392e+26,3.604473748660006e+26,-2.9338931455208355e+26,8.50982079291087e+26,5.545481544323931e+26,1.844154927130168e+27,3.089824491116316e+27,3.7843953738394337e+27,5.009232730682108e+26,-4.937813672190845e+26,-4.5543125241225685e+26,4.676496945203664e+25,6.30572560738547e+26,1.3672370212481536e+27
-1.4323486604951685e+27,-2.3131044718218776e+27,-7.086843172396736e+26,7.49867913818582e+26,-3.8293550809075146e+26,6.966797769732704e+25,3.0017025402393414e+26,1.884305545983691e+26,2.4411526886785822e+26,7.765826697711633e+25,1.32437249921856e+27,-5.809418670788628e+26,-2.529838849619089e+26,-5.57521280023723e+24,-1.877469078056021e+26,6.703314820629308e+25,2.349267642456896e+25,2.2528225255814937e+26,1.0162500885810118e+26,3.175907715869728e+26,1.1644529186048074e+26,9.41948923263599e+25,3.774506911375881e+24,3.717071285139941e+24,3.066599398244737e+26,1.3100515636290623e+26,6.838487858556456e+26,-6.93429416940263e+26,-9.31238670324699e+25,-3.8563957356353367e+25,-2.6585996962854486e+25,-1.6055175608401605e+26,-3.190346247430274e+26,-1.6336391305982834e+26,-7.847120653261107e+26,1.8343723111412194e+27,-3.419895371501064e+26,6.447471235341057e+26,-4.200069497086444e+26,-1.586692072102761e+27,-1.904465085323405e+27,-7.26404381971403e+26,9.44020108262748e+26,3.568623716820075e+26,2.980997022964279e+26,9.119001545157834e+26,-1.68397767116687e+26,-2.5096466543398728e+26,-9.218327052498728e+25,7.480483397071562e+26,-9.568498680950037e+26,-4.6975379566134214e+26,1.6460016940735924e+26,-8.471664203552118e+25,3.152564172146269e+26,-2.1473881694965597e+26,1.043476179079803e+26,2.3995049649525818e+25,-2.2110037091897097e+25,-1.4387037527469076e+26,-1.0273065379124602e+26,-5.664656425940193e+25,-4.574686811829113e+25,1.3842284568489688e+25,-3.1087061796075826e+25,1.9611782225888884e+26,-4.777141041836193e+26,-3.420625805531473e+24,-5.532629039224329e+24,3.879489110198849e+25,-1.014991855139778e+26,2.891809847161617e+26,2.2968276064885976e+26,9.230166374903574e+26,1.869399256326832e+27,-1.4961532712802385e+27,2.887854930463288e+25,3.7471614324521556e+25,-8.141769144747898e+26,6.945607497141956e+26,-6.48856556867219e+26,8.892091180609269e+26,-9.457380973687836e+26,-1.7111522234918124e+27,-3.446008891497252e+26,-1.883181338800732e+26,-2.9267196912632497e+26,-1.2729349612192476e+26,1.5667746634171886e+27,1.6226824568489975e+27,1.9640448220024095e+26,-3.285743950431801e+25,5.352182452651261e+25,-4.269039969453335e+25,-2.185814433112e+27,1.6038885611573351e+27,1.6445267096200628e+27,9.614928607383618e+26,6.737773764739747e+26,2.4335166632237995e+26,-2.364281685227689e+26,-1.511480421909356e+25,-3.62030664334686e+26,7.6637377748192545e+25,-5.1863175863448715e+26,3.5442372053639516e+26,-4.125173233435396e+26,5.389845756424289e+26,1.7925787823191413e+27,2.903838152266527e+27,1.6420856807263953e+27,5.705388769875751e+26,2.3827102017750487e+26,3.0185534211356518e+26,5.26317322860663e+26,8.484574435600713e+26
1.5180210314777504e+27,4.392159661127497e+27,6.33411413965656e+26,-5.04714968472409e+26,2.4041081520300472e+26,7.516494816302752e+26,-1.2496803866365366e+27,8.11435626846582e+26,9.757296230631024e+26,5.9004417529008864e+26,-1.3773002013961872e+27,2.7215152285007893e+27,2.0531888650764386e+27,-4.6871921552664425e+26,-1.1332548951856436e+26,-1.0325585098033839e+26,8.693890861301283e+26,2.2160007486308923e+26,3.209988527225869e+26,2.808398139305576e+26,1.7453507597800216e+27,-2.4865121545428242e+26,-4.06439060562169e+26,-8.060471789826981e+26,-1.0667524122587621e+27,-2.934397455262468e+26,-2.1648352258952405e+27,8.040269988680601e+26,1.791358338309804e+26,4.816305732173377e+26,-6.286581251871956e+26,8.181173039649891e+25,-3.2808067188552956e+26,-7.06377123770105e+26,4.389224414692962e+26,-2.347757054207095e+27,4.1881970383579736e+27,2.370051955411554e+27,-1.1470506800815777e+27,1.2502787397610979e+27,1.9856383020044194e+27,6.18415433486917e+26,-6.83432323564797e+26,-3.3945477526827285e+26,-3.9197680278358783e+26,-1.0962084401054232e+27,1.3464953620601062e+26,2.6996359567667435e+26,-4.394926943143513e+25,-5.109610088676342e+26,3.110421979204395e+27,2.746529844713757e+27,-1.703853595983562e+26,2.3820584278308986e+26,-6.834222888302254e+26,1.4997711570633032e+27,-4.657797820951251e+26,-1.332458880859612e+26,-2.5942618332317216e+26,2.131414520556912e+27,5.8799498217489284e+25,-1.628893324186097e+26,-2.6205012033602797e+26,-1.0531730812989587e+27,-1.339946596370521e+26,-2.1256234802660905e+27,1.5749688522234063e+27,-2.1382621945104812e+26,1.3933401637717624e+26,-2.8068972697063477e+26,2.3078507371950295e+26,-3.7651126007109744e+26,-1.7611437467551705e+26,-1.7987201136938014e+27,-1.4961532712802385e+27,4.992459194190462e+27,2.5192557040232735e+27,-2.7591487412332875e+25,-6.319587737261679e+26,-1.2622192918973473e+27,-1.0267946123157178e+27,-1.289612001356655e+27,4.302167309907643e+27,2.1536982075799333e+27,-2.637708359893555e+27,3.298330227645949e+26,-4.1204186960120893e+27,4.2817390384096564e+26,6.203066748253566e+27,-3.459023216493973e+27,-1.3819868392090696e+27,-1.99299469447027e+26,-1.250615160565212e+27,-5.370785165065087e+26,5.084784164540688e+27,-4.6402968730447364e+27,-3.655727013145868e+27,-3.386819628896188e+27,-2.2342173004859773e+27,-1.6086327075373407e+27,8.632644809764976e+26,-4.441987465882e+26,1.2845660230158316e+27,-1.010524875202794e+27,2.0054231298461494e+27,-1.6830789948358267e+27,9.620167525564137e+26,-1.921769070824609e+27,-5.254307821761226e+27,-7.399237100750295e+27,-5.369517483200368e+27,-3.0170190223946e+27,-1.8296138036554614e+27,-1.6639069836807854e+27,-2.2550909232455067e+27,-3.134759175139951e+27
1.0483108353998767e+27,2.0936376180813137e+27,3.229890621932674e+26,-4.852526352471072e+26,-3.694820987350305e+26,4.728328966606642e+26,-1.1257940569333353e+27,5.345517494779766e+25,6.569756053775598e+26,-3.4035969862705615e+25,-5.355444439397703e+26,2.0200136411505257e+27,1.9648365763292e+27,-1.1556284270945815e+27,-2.0178342968380531e+27,-9.752961286104585e+26,2.427339599326503e+27,-4.8344467362509964e+26,-5.515961300959852e+26,4.161752534610532e+26,5.798920366434378e+27,2.05528669627546e+27,1.565324468306902e+27,1.5015704512610633e+27,4.6833922561825584e+27,3.264456352322921e+27,6.025114057791111e+27,-4.7219558894643966e+27,-2.6492835273678515e+27,-1.1817459875662423e+27,8.349493745488379e+24,-1.6577093703301165e+27,-1.7027080669871614e+27,-1.6030764625467402e+27,-6.165561187692502e+27,-7.531702023193969e+26,4.8789027053249097e+27,1.1439712851958025e+28,-2.49636858900541e+27,2.0148795203043546e+26,-2.651448516249925e+27,7.91347429051072e+26,-6.694798841769798e+26,-4.674215993158908e+26,-7.464019896936494e+26,1.2090652995428627e+26,-1.9906949161447273e+26,-4.411937299558723e+26,-3.238021131505207e+26,-4.114086387707328e+26,1.5896519607622275e+27,2.261133861162807e+27,5.089942741129467e+26,-9.473794897103998e+26,5.181882217427305e+26,1.1512590382067751e+27,3.836532304286705e+26,4.835322648962591e+26,4.592485882180855e+26,6.486457128889258e+27,2.091143928522369e+27,7.35081251753641e+26,3.4296070155866415e+26,3.5216197511968645e+27,3.7468994575009345e+27,1.8941912804426623e+27,2.0927135076730954e+27,1.9420577288584268e+27,-6.864200836912437e+26,1.3267904202129088e+26,4.693222292641265e+26,-6.567908826800948e+26,-5.286674540687862e+26,-2.9891724565612716e+27,2.887854930463288e+25,2.5192557040232735e+27,1.1382382279971643e+28,-1.591746800751801e+27,-6.972510612156759e+27,-3.51699634225265e+27,-5.210726588715973e+27,-3.082245040854044e+27,2.2774748409014682e+27,-2.3954899318136227e+27,-3.359646695241202e+27,-2.7709669511540985e+27,-5.436687721116916e+27,-4.728504320465241e+27,1.0799089184295119e+28,9.886036120580734e+27,1.4328081618843133e+27,-2.397420289143949e+26,5.993480885509822e+26,-3.730511334078424e+26,-5.768393627757064e+27,-3.9354406883626486e+27,6.695940598144634e+27,-2.693950084165517e+27,3.625313709618677e+27,-7.003063242243053e+26,-1.1134838072961068e+27,-3.446908209584621e+26,-1.7906593916600186e+27,-3.709151335079605e+26,-1.6664249226521432e+27,1.4527095211765147e+26,-3.119447383275085e+27,-1.8023788815220376e+27,-2.5494771147352027e+26,1.7128298791376666e+26,3.122310889618448e+27,2.2202254477001406e+27,1.2319809961706547e+27,9.554260159776826e+26,8.367719968994186e+26,5.069484423792418e+26
7.882336804818382e+24,5.334297794680229e+26,5.297196509705221e+25,1.1161467372622382e+26,2.363718680597729e+26,1.2356759072209692e+26,3.0897470339384962e+26,2.3168970679197924e+26,1.2762307579618931e+26,2.0803814837262202e+26,2.3454446587815506e+26,-3.7078486757155605e+26,-3.457332584025612e+26,2.8712179588825216e+26,4.871561608268234e+26,2.6856649657999003e+26,-2.9650843289050236e+26,2.243391328878143e+26,2.3305371508012143e+26,1.7015544292693423e+26,-5.3363459120980966e+26,-1.6303176976603148e+26,-3.488242075650031e+26,-6.458131226055987e+26,-8.478619259400614e+26,-3.040061812766142e+26,-1.5638011661551024e+27,7.420309001241964e+26,7.595034242099e+26,4.599893328151778e+26,-3.2683849595232934e+26,2.8979282922495685e+26,2.9242774211644225e+26,2.390920209499141e+25,1.4739692099750167e+27,1.3540765517590831e+26,-5.307271082317081e+26,-1.352517735915828e+27,3.4253904084617706e+26,1.6498348916642466e+26,1.2945933769026615e+27,-2.9891315630479848e+26,2.6790957159973066e+26,2.4838907888131195e+26,4.451457801858466e+26,-1.1525460270196794e+26,1.9556743302242186e+26,3.985362940564532e+26,2.5952924157546235e+26,3.7294424505261554e+26,-2.0986642171850543e+26,-3.275605896129977e+26,-1.794118496436528e+26,6.084182860259735e+26,-2.7773222590691015e+26,-8.943603902677634e+25,-2.5855260473170886e+26,-2.5767457056286496e+26,-2.433158385097866e+26,-5.9295692410921635e+26,-3.146400334426187e+26,-2.4372314779613154e+26,-3.0537497980145158e+26,-1.1572628586949399e+27,-4.985651499158164e+26,-1.5071325138808475e+27,8.637709898422528e+25,-9.063893069444094e+26,4.064094157990981e+26,-2.5451320496409972e+26,-1.580502474682305e+26,2.9606140525627365e+26,1.0756728944859448e+26,3.629854588342329e+26,3.7471614324521556e+25,-2.7591487412332875e+25,-1.591746800751801e+27,9.554100453701091e+26,1.1269432573658414e+27,9.444668202637963e+26,9.485313493716449e+26,9.135547786332935e+26,3.108486475237028e+25,1.4073904766344674e+27,2.1448712320911185e+26,1.511262950699484e+27,2.577680388515013e+26,2.2121149230281048e+27,-6.263868490431865e+26,-3.9086037719838505e+27,-8.1004187825499e+26,-2.484708060929356e+26,-8.132272642827103e+26,-4.1954886619818136e+26,2.3723079938856012e+27,-7.890644824954276e+26,-1.9829626703729348e+27,-7.529165888657429e+26,-1.1869266752565598e+27,-6.589814079731707e+26,3.352733821878474e+26,-3.0520463296140507e+26,5.388827315164658e+26,-5.5330983736234794e+26,8.867989472367497e+26,-7.2295241757958e+26,6.412165435003095e+26,-6.471090844222733e+26,-1.6218739188631522e+27,-2.091869341530071e+27,-2.494084959418251e+27,-1.6429076577666806e+27,-1.0265580282318845e+27,-7.920980562833839e+26,-9.373902935065715e+26,-1.1836011353012004e+27
7.570850919963538e+26,1.7369479092117994e+27,1.0468749403167764e+27,-3.552467655833895e+26,1.4353878232827807e+27,7.700278466219269e+26,-3.780338499821057e+26,2.3202562820322752e+25,-2.4658758119022458e+26,5.0242149039473224e+26,-6.741284695171885e+26,-4.876834353733884e+26,-7.563782827934309e+26,-1.3081478632291604e+26,1.5971167435981198e+27,-2.2483420785717957e+26,-1.549283932539439e+27,-4.820222550843309e+26,-2.069413471494026e+26,-7.66167131975076e+26,-3.677044773674621e+27,-1.8427801654905636e+27,-2.4796592244332547e+27,-2.657415757841686e+27,-3.9531084617006574e+27,-2.3564708560227273e+27,-5.58594648185763e+27,6.107787155122948e+27,2.7228609587063085e+27,1.1417211020819233e+27,3.7727920241766395e+26,3.2962484922136407e+27,2.4894202509729106e+27,1.891742766976495e+27,9.269841680476786e+27,-1.2849821858157434e+27,-2.5250809894178225e+27,-8.203596582846442e+27,1.8976638029273807e+27,5.501913602677906e+26,2.95984579355441e+27,-4.4982578810728924e+26,1.7202608420249405e+26,3.2680951571598973e+26,5.481829526796129e+26,-3.388734759367774e+26,1.861206522866045e+26,3.387154451199467e+26,2.3326562997519756e+26,1.5852469800274443e+26,-4.1428028026943015e+26,-9.675350149252131e+26,-2.184121837080984e+26,6.068553760946983e+26,-2.7755898820803407e+26,-5.026378706266992e+26,-2.0822902306291897e+26,-2.3502405114315032e+26,-2.8567501682111147e+26,-3.330855029387031e+27,-1.4095332253818662e+27,-6.091024318826039e+26,-6.0408221418923747e+26,-2.934469294618318e+27,-2.4190688800865392e+27,-1.9832393895750384e+27,-1.7924150907988212e+27,-1.2530761649601563e+27,4.8206686843625295e+26,-2.0098766413580542e+26,-5.7663939054464225e+26,4.9421485537545185e+26,2.8363558673424034e+26,2.3639177077467544e+27,-8.141769144747898e+26,-6.319587737261679e+26,-6.972510612156759e+27,1.1269432573658414e+27,9.78293365430189e+27,2.7104043403475327e+27,6.790738700098105e+27,2.236937511309542e+27,8.571781973749695e+26,2.4103833261702664e+27,1.8759266518738192e+27,2.0254882766958946e+27,3.9037791630877664e+27,3.5597908425511257e+27,-9.883174898069745e+27,-7.69888552581649e+27,-1.3583821803741037e+27,-3.336008363353931e+26,-5.15691076375489e+26,-1.2211358927752195e+26,5.418907408849128e+27,3.58292409390616e+27,-6.357380520387224e+27,2.4563762296554265e+27,-2.733818549478142e+27,7.247044946858747e+26,8.582022537787113e+25,9.842954724387944e+25,1.9364284057119153e+26,5.528315337141008e+26,-3.8159496016756614e+26,1.0954450000789045e+27,3.1361091131461097e+27,1.5995331206202393e+27,1.2108312121691919e+27,3.107487468243385e+25,-2.5230969943989086e+27,-1.5263464881596401e+27,-5.477386800673632e+26,2.9553171555497888e+26,7.221637422528053e+26,1.0003804389112371e+27
-5.4042057939889455e+26,-9.972693535788845e+26,1.5196341850821102e+26,9.865902618088259e+25,4.998164559758841e+26,2.5561945715411795e+26,4.4081259455424276e+26,3.406420029379871e+26,1.5675686759790602e+26,3.580837613854793e+26,3.8646559799410456e+26,-8.200613364173506e+26,-7.198671836795561e+26,4.745302476524833e+26,8.892512322980505e+26,4.68294096088361e+26,-6.605275057756203e+26,4.463715578229882e+26,3.693499540196053e+26,3.9188533255530254e+26,-1.336457311161142e+27,-5.851338185933445e+26,-9.395269938177782e+26,-1.397698254986247e+27,-1.9294387050308442e+27,-9.18956939224878e+26,-2.8917110556397385e+27,1.7624846623526557e+27,1.473615376976969e+27,7.87138884248484e+26,-4.315431129255699e+26,8.33239367342534e+26,6.867203457495621e+26,2.5635534529535885e+26,2.9546217206619535e+27,4.5405893196892156e+26,-1.4488663148128777e+27,-2.882344183306247e+27,7.15920329938581e+26,-7.900267270331544e+26,-5.190723323954567e+26,-5.996478502585468e+26,5.166512736839525e+26,3.209736598947554e+26,5.581506028902768e+26,3.279874688615712e+26,3.314177555356223e+26,2.2538951439455626e+26,2.7721941010742892e+26,7.671955480316969e+26,-7.660486556501743e+26,-8.187389593032948e+26,4.2262272684629586e+26,4.175254089294752e+26,3.911733519212773e+26,-7.804779103124249e+26,1.4542596928484472e+26,-5.5904886333861865e+25,-1.2736975332388051e+26,-1.6877467037233773e+27,-9.849678624884897e+26,-5.933144209509327e+26,-6.401979803205603e+26,-2.2300539172738452e+27,-1.3564012800855567e+27,-1.9695207100719728e+27,-1.7031791738388817e+27,-1.0561968328800831e+27,5.577625496971701e+26,-2.8083905767822644e+26,-7.687647188333711e+26,6.20458999076808e+26,1.0703543133602667e+26,2.670158519645268e+27,6.945607497141956e+26,-1.2622192918973473e+27,-3.51699634225265e+27,9.444668202637963e+26,2.7104043403475327e+27,2.9904103312943743e+27,2.101757139706252e+27,2.3914591089091078e+27,-5.13177972405052e+26,3.679228382543424e+26,6.775440301364057e+26,1.2810165129301093e+27,1.296925031949202e+27,2.3299100634095145e+27,-2.0783079132368874e+27,-4.291672509754077e+27,-1.4331006202842968e+27,-3.563392695729257e+26,-1.320522951614221e+27,-4.204364322082582e+26,1.7495356148219508e+27,2.915392842967515e+27,-2.5767895331929604e+27,1.7352218000998527e+27,-1.9266682468437837e+27,8.287490325572883e+25,6.035632704413246e+26,-1.7825695947524366e+26,8.542440947714092e+26,-2.126702926958746e+26,7.6567934913314e+26,-6.966919288980731e+25,1.2012253525405209e+27,9.973746679906989e+26,9.713455418590377e+26,1.2041778570428521e+27,-1.732923208497335e+27,-1.8847770718922103e+27,-1.350383351188934e+27,-7.863472517617353e+26,-4.664990314659117e+26,-8.073846302307807e+25
4.202368103514479e+26,-9.4384229997241e+25,7.731188617947831e+26,-3.716761670052134e+26,1.070228389610607e+27,-7.164634912044082e+25,9.371617149077625e+25,-3.398088220056921e+26,-7.7771572796896e+26,-2.798780218113313e+25,-4.85647648738437e+26,-9.111801128979752e+26,-9.966636479482831e+26,4.302792585465871e+26,1.8029819377535096e+27,3.807404276146318e+26,-1.5777741808887076e+27,2.380287850002031e+26,3.41727724757621e+26,1.7156460685687766e+26,-2.929460218297831e+27,-1.0530981182650589e+27,-1.6008481201607705e+27,-1.8823198528652107e+27,-2.3668325082681252e+27,-1.4292778301031545e+27,-3.1758316075068606e+27,2.605845724976519e+27,2.607050862168583e+27,1.2104384204243115e+27,-1.575304575111406e+26,1.6448671072037566e+27,2.331829203243504e+27,2.150951330963764e+27,5.763830916483136e+27,-7.173579093257783e+26,-2.812224434119996e+27,-6.11469624774754e+27,2.4143908306175204e+27,5.757735628496853e+26,2.2993135394370408e+27,-2.8271491136985505e+26,8.208219218111729e+23,2.418460120693157e+26,4.5513332947876444e+26,-1.9019642440237813e+26,1.548328571883727e+26,2.9440630191922185e+26,2.1129218116900908e+26,3.7961079560785137e+25,-6.461145707967282e+26,-1.0414053548401956e+27,-1.5947522600201944e+26,5.4208288722578497e+26,-2.0413312396112667e+26,-4.705673344855374e+26,-2.172315153162571e+26,-2.4060795601873005e+26,-3.0194820780701793e+26,-2.550440823809442e+27,-1.0389006781559439e+27,-4.8313712593949295e+26,-4.710044133753398e+26,-2.1054292707208033e+27,-1.6484369094035198e+27,-1.4857611253962257e+27,-1.2846923994025343e+27,-1.0595927214297988e+27,4.150342727157352e+26,-1.8131223688533676e+26,-4.115675403543125e+26,4.0122725469132654e+26,2.2873836451460092e+26,1.8342529495379615e+27,-6.48856556867219e+26,-1.0267946123157178e+27,-5.210726588715973e+27,9.485313493716449e+26,6.790738700098105e+27,2.101757139706252e+27,5.835562495968525e+27,1.7836504866037962e+27,-7.909303648950646e+26,1.7503076630559742e+27,2.952790235131186e+27,1.6360292503069142e+27,5.090823905472483e+27,2.786246666035975e+27,-9.164498074633767e+27,-5.339423663187109e+27,-6.0425264146379006e+26,-2.8949427531683917e+26,-4.8165518447735325e+26,-1.877615640260573e+26,1.2336155479929786e+27,2.992638281722985e+27,-2.2715219374193276e+27,1.8842983368131093e+27,-7.70368879432922e+26,4.632840452420392e+26,-6.661124577799584e+26,-4.196491030450249e+24,-9.64818028061448e+26,3.134803582934788e+26,-1.2646064681499067e+27,1.0212339263618216e+27,3.842227002306594e+26,1.1510847198544854e+27,2.080912582528313e+27,1.3652267007154742e+27,-1.160554120916852e+27,-8.231422540331363e+26,-2.877783790108843e+26,4.165588864312423e+26,9.538416483642477e+26,1.4179548290253663e+27
-9.694372191961061e+26,-1.3877438919070836e+27,-1.9427644060489385e+26,3.90215295593084e+26,2.6730343281440873e+26,1.1282632948447738e+26,4.4736923946797904e+26,2.2772716951528e+26,6.693838233806384e+25,2.6479940270860753e+26,6.118327461847882e+26,-8.113127396672988e+26,-6.678371699025512e+26,3.9691729774313396e+26,7.284747373990436e+26,3.6535478610431374e+26,-6.16921326061298e+26,3.022519840509293e+26,2.465931889833762e+26,2.3682795553992443e+26,-1.1875395998496153e+27,-3.745830061367261e+26,-6.604773935692392e+26,-1.037357965765176e+27,-1.4615796604121194e+27,-6.4293333039161e+26,-2.318370919169794e+27,1.402012680293878e+27,1.1577099637475637e+27,5.967289771176952e+26,-2.999081324236851e+26,6.577770918724828e+26,5.754851765007093e+26,2.8827500108292304e+26,2.432075225919089e+27,8.027606304096194e+26,-1.3983948162447685e+27,-2.5468420784436955e+27,6.552043567218724e+26,-9.926321546512528e+26,-5.013519593488824e+25,-7.9149828121128e+26,7.618459200336324e+26,4.352915086740456e+26,6.117379458005634e+26,4.645792274259744e+26,1.0854719765636986e+26,8.53504289996894e+25,1.4915091157516122e+26,7.051311879930382e+26,-8.58447835067464e+26,-8.080482289705894e+26,1.5206460542099566e+26,4.300452052825821e+26,1.8504329572330735e+26,-5.1304183864053635e+26,-3.5313161400406416e+24,-1.492781060678282e+26,-2.2858070625662462e+26,-1.4543611156911026e+27,-7.431276659080229e+26,-5.086228872590153e+26,-4.810613907770356e+26,-1.8650928631441694e+27,-1.0382913259887064e+27,-1.847688271424683e+27,-9.620903611928247e+26,-1.0227143448067582e+27,4.731363388657193e+26,-2.1689541138092466e+26,-4.5484171075821337e+26,6.388211972602515e+26,3.5522942808147504e+26,2.0748817192670632e+27,8.892091180609269e+26,-1.289612001356655e+27,-3.082245040854044e+27,9.135547786332935e+26,2.236937511309542e+27,2.3914591089091078e+27,1.7836504866037962e+27,2.2629970296436515e+27,-7.383768001079577e+26,2.5842775777542447e+26,7.089995217057008e+26,1.3039561867306244e+27,1.2430139098236106e+27,2.3785342363139524e+27,-1.8571097896077947e+27,-4.108007295772434e+27,-1.0858484604335055e+27,-1.907793953299259e+26,-1.0497103715217074e+27,-4.2448514653337904e+26,2.0249763518215964e+27,1.6519701218001535e+27,-2.3611786747182322e+27,7.559348079731865e+26,-1.5977735804582689e+27,-3.6519750623608454e+26,4.385086270394248e+26,-2.718799569542846e+26,7.287941326961216e+26,-4.905824251751838e+26,9.670996851073662e+26,-5.489341847952815e+26,1.0703765199032714e+27,4.2680842280391166e+26,-6.860154902166509e+25,1.0358292505300342e+26,-1.9744587049304934e+27,-1.8772760839450252e+27,-1.3315830052253464e+27,-9.557862009156794e+26,-8.56518187001393e+26,-6.953243522743638e+26
2.482564929089383e+27,6.885707869421336e+27,1.6250012768393195e+27,-9.641884178731043e+26,1.0539580220072067e+27,2.1091174862919537e+27,-2.2627683410905887e+27,1.2315096973197045e+27,1.5831563011062233e+27,1.2251414939547936e+27,-1.657173005544034e+27,3.0515857544312737e+27,2.1872420186654967e+27,-1.5377747422345674e+27,-8.36173170002e+26,-1.2122968246948749e+27,1.280732358937219e+27,-9.796756526353309e+26,-6.40099433523984e+26,-7.774594073606013e+26,1.826975228959936e+27,-1.5584367639454403e+26,-2.46767079500145e+26,-8.025693754405362e+26,-1.164816176171355e+27,-1.7868149100994844e+26,-2.824968540438268e+27,2.763731877591875e+27,-5.1398789290323645e+26,-4.018024837734124e+25,-9.012038636482127e+25,1.1296948919951488e+27,-1.6501079075671853e+26,-1.0337733127213161e+27,2.71150779940441e+27,-3.2073731477271946e+27,4.66588432628462e+27,2.3925790156075933e+27,-2.1513600961882177e+27,8.33755005422708e+26,7.333086738554224e+26,5.605193336971274e+26,-6.482767581993295e+26,-3.1569302688517156e+26,-2.7084622297871766e+26,-7.165555858917868e+26,3.461178337849736e+26,2.359346866208408e+26,6.758567525203008e+25,1.3739350297808424e+26,2.7011765615608604e+27,2.3255368065392628e+27,1.29357847716936e+26,1.3509773890479179e+26,-2.5445118121423018e+26,8.330613740359006e+26,-1.3086804504915635e+26,-1.8608610916893582e+23,-1.1074815415795096e+25,1.8055263073662116e+27,1.763458951812443e+26,-6.4424987581864e+25,-2.064029357823244e+26,-7.853346201935888e+26,6.628093069836964e+25,-1.779450337993709e+27,9.239680971960054e+26,-1.302518825130492e+26,1.3779988323496431e+26,-2.1480440930394854e+26,-3.102770043411999e+25,-1.5784252025430348e+26,-2.429547576315267e+26,-9.912313465833638e+26,-9.457380973687836e+26,4.302167309907643e+27,2.2774748409014682e+27,3.108486475237028e+25,8.571781973749695e+26,-5.13177972405052e+26,-7.909303648950646e+26,-7.383768001079577e+26,6.772567556243627e+27,1.4621864692884803e+27,-4.469469723838187e+27,1.7247408033716348e+26,-6.250872729868259e+27,2.6977643360393695e+26,7.1268062335946e+27,-3.2823289405697827e+27,-1.945975031835034e+27,-1.9435480607756132e+26,-1.5708211271038422e+27,-4.465086757127657e+26,7.664232473214119e+27,-3.8576787000888273e+27,-6.058082049593741e+27,-2.680555254723611e+27,-3.5253006829991256e+27,-1.295816547163166e+27,1.5611314423140775e+27,-3.581182788254498e+26,2.376137829681818e+27,-8.869240941177627e+26,2.9966342589744844e+27,-1.797748225204274e+27,2.964335953751666e+27,-1.460861778895537e+27,-5.719132595617335e+27,-7.661287938947395e+27,-5.493955351069667e+27,-3.225633097403662e+27,-2.0758992330134669e+27,-1.99338832827967e+27,-2.6528357625068756e+27,-3.5777733989331675e+27
1.1434765747083592e+27,3.3132909683029207e+27,5.331544306389763e+26,-2.697891279700432e+26,6.413971816321216e+26,3.121019752150007e+26,2.9206723056970196e+26,5.390233381127743e+26,2.8187417720067318e+26,5.196288634616202e+26,-6.920331939351022e+26,1.4812923458021738e+26,-2.1781023774006137e+26,5.460105516365717e+26,1.0366794111313149e+27,4.668474877009761e+26,-5.231244290165214e+26,2.2336463152912426e+26,3.616377962558481e+26,-4.1398153721365295e+25,-9.861217743781157e+26,-4.559438990562216e+26,-6.595510144149474e+26,-1.1565061284636018e+27,-1.8594420149546078e+27,-7.259687107481672e+26,-3.522653004924992e+27,2.0339458233678946e+27,1.451971526189777e+27,9.224796620861467e+26,-6.0647852164903164e+26,6.371403319741917e+26,5.893146519029505e+26,-8.618604311087745e+25,2.964617428736089e+27,-1.4232531546284682e+27,-1.7973837056823247e+26,-2.8138616874689123e+27,7.209173925292537e+26,1.6096478152422232e+27,4.174348853888622e+27,8.78890400582007e+25,-2.4206744456000202e+26,1.0825683506216805e+26,3.7338962868755205e+26,-1.3499362792952882e+27,4.051611443644132e+26,8.974861615455397e+26,4.351205996881188e+26,-1.2367708768343252e+25,1.0156283224634065e+27,2.06817621774326e+26,-7.281321441630859e+26,1.0507400559747293e+27,-1.1145214377069219e+27,4.7841955518415675e+26,-7.132195620247947e+26,-4.743508124919715e+26,-4.390812347924971e+26,-6.345041746109664e+26,-3.7497412445005264e+26,-3.195242987045826e+26,-4.5289842768023864e+26,-1.920750254209625e+27,-7.983331238151684e+26,-2.7367162202628037e+27,8.989649161785474e+26,-1.3662413390896532e+27,5.665002127632889e+26,-4.428472182757596e+26,-3.3678815442507043e+25,5.557689358586833e+25,-5.5216103348625426e+25,-7.478915999090775e+26,-1.7111522234918124e+27,2.1536982075799333e+27,-2.3954899318136227e+27,1.4073904766344674e+27,2.4103833261702664e+27,3.679228382543424e+26,1.7503076630559742e+27,2.5842775777542447e+26,1.4621864692884803e+27,4.4263297471784855e+27,1.6991237017447617e+26,2.682715174567662e+27,-1.0099290422412486e+26,3.780918370347343e+27,-1.5827409585332313e+27,-8.378262172608057e+27,-1.692660956316132e+27,-4.014750062613216e+26,-1.4727423881174562e+27,-6.354660415423022e+26,6.456469218938044e+27,-3.4388271761949055e+27,-5.250592786086616e+27,-2.555887271756979e+27,-2.870965758676326e+27,-1.3866696263775894e+27,9.196189621756771e+26,-4.6956608028731624e+26,1.3820635051102033e+27,-9.488396151623636e+26,2.0204882875389629e+27,-1.5197534211651844e+27,1.4499597969898363e+27,-1.743703802854033e+27,-4.876296411704019e+27,-7.075477034039552e+27,-6.183715392076872e+27,-3.427684157404347e+27,-1.972631715492603e+27,-1.6271506568891335e+27,-2.1242994726622915e+27,-2.935073039332009e+27
-8.92475085878734e+26,-3.964476501106696e+27,-4.0312592242352565e+26,9.103826734370167e+25,-8.99427182153036e+25,-1.5759740397201392e+27,1.3261513370728786e+27,-1.0393744812564677e+27,-1.6460031184935158e+27,-9.295317965604341e+26,2.0257412182126992e+26,-2.0922954867658734e+27,-1.7645541844040903e+27,1.389891522497054e+27,1.518920953725159e+27,1.1746236719997926e+27,-1.7085490898065932e+27,8.89265824520834e+26,7.09491401353786e+26,6.991845993729219e+26,-2.509996865100546e+27,-1.4214049621918798e+26,-2.0812102870826914e+26,1.0315307076724013e+26,1.388109766214643e+26,-2.7996321070362447e+26,1.0486190821346136e+27,-1.4033898366572343e+27,1.4445720976424957e+27,5.1258368418123366e+26,-8.75462884601239e+24,-4.6661319535402575e+26,1.1666159052996985e+27,1.6961134570308093e+27,-4.914218035762486e+24,9.209700177664335e+26,-4.214998562751902e+27,-4.097727782568912e+27,2.7974922673972536e+27,2.0496847858168772e+26,8.729206359033682e+26,-1.4126016101568003e+26,-1.3553335923833798e+25,1.1707831182940608e+26,1.6970078287271276e+26,7.322155391539076e+25,-1.2270996113930352e+26,-1.3797039238039492e+25,2.4041059253913814e+25,-3.5909579887399864e+26,-1.5676516382893954e+27,-1.728476190609149e+27,-2.238741789140817e+26,1.0192187291258001e+26,-5.169396418114404e+25,-6.001400999399941e+26,-5.8883041570547e+25,-1.0822573592813057e+26,-1.1239192567614845e+26,-2.143395055676883e+27,-3.957317847085557e+26,-8.43687622454017e+25,4.125579115367725e+25,-6.278107953194185e+25,-5.142994384859836e+26,7.403774999521507e+26,-7.70973080486706e+26,-2.4737794582424044e+26,2.402607357224898e+25,9.061280892223947e+25,-7.198700261325869e+24,1.1493619658214975e+26,1.8969072304546726e+26,8.715221782081358e+26,-3.446008891497252e+26,-2.637708359893555e+27,-3.359646695241202e+27,2.1448712320911185e+26,1.8759266518738192e+27,6.775440301364057e+26,2.952790235131186e+27,7.089995217057008e+26,-4.469469723838187e+27,1.6991237017447617e+26,4.5945158773959865e+27,4.051422718083907e+26,6.699670773378243e+27,6.79903392542817e+26,-9.295998306279508e+27,2.366396833557801e+24,1.342697120260008e+27,1.0491411799970392e+26,9.934464086597891e+26,2.7934574577252248e+26,-4.7044357497752626e+27,2.9729036788538923e+27,3.503070687656052e+27,2.0155039573010647e+27,2.3811220743603967e+27,8.965259400907176e+26,-1.4493598859747038e+27,2.4460737512954077e+26,-2.1241380573710286e+27,6.442016026040422e+26,-2.476135167515152e+27,1.412108706142769e+27,-2.2214656896095296e+27,1.158509913165206e+27,4.099990204666083e+27,4.7976440837652395e+27,2.9791006410696306e+27,1.8634125777099097e+27,1.299125524065748e+27,1.4129275658889992e+27,1.9802045474875471e+27,2.6910814071123007e+27
1.426493720440331e+25,1.0298733787743254e+27,3.5220488321985214e+25,2.136941782432239e+26,3.582316565380826e+26,1.649563584879838e+26,5.121104153642449e+26,3.907666316230404e+26,1.9810563200277603e+26,3.5410451910572524e+26,2.8776708658413675e+26,-5.186043650700645e+26,-5.385212181915298e+26,4.970141367192566e+26,8.635575842120392e+26,4.528580366783216e+26,-5.3745180595812854e+26,3.398739480362743e+26,3.818618273391929e+26,1.9685598454192084e+26,-9.962882648638962e+26,-3.31450367751628e+26,-6.0460917006382914e+26,-1.0660258245408744e+27,-1.5534388560214418e+27,-5.969396849026585e+26,-2.813222581043036e+27,1.4192704130155293e+27,1.2996634103089144e+27,7.90531284786458e+26,-5.232317490400779e+26,5.139022552102104e+26,5.0963044154157205e+26,7.830753763682602e+25,2.5223771000980115e+27,7.2410727024249565e+25,-8.315539155458627e+26,-2.532909541006811e+27,6.301538336619819e+26,3.9262320532081274e+26,2.58886826457877e+27,-4.604752177314149e+26,4.11839705768655e+26,3.863519053413607e+26,6.631925052596072e+26,-3.827169444988768e+26,2.691595283975921e+26,6.50568550175803e+26,3.78210582912267e+26,4.894798963365355e+26,-1.3097840188634456e+26,-4.330571574937103e+26,-4.5849020919779914e+26,1.0071387239718356e+27,-6.558168195237075e+26,3.359598197760555e+25,-5.367122487557907e+26,-4.6335458632350236e+26,-4.609656334426595e+26,-1.0108040865548359e+27,-5.484736350114583e+26,-4.2389319185111075e+26,-4.8459446000886926e+26,-2.000850699919541e+27,-9.055937501384736e+26,-2.589703434722496e+27,3.5854917263561086e+26,-1.4898734358238358e+27,6.33642627656686e+26,-4.0488784626090595e+26,-1.5094003987491368e+26,4.015050976887099e+26,2.094392135421091e+26,3.2870075674701337e+26,-1.883181338800732e+26,3.298330227645949e+26,-2.7709669511540985e+27,1.511262950699484e+27,2.0254882766958946e+27,1.2810165129301093e+27,1.6360292503069142e+27,1.3039561867306244e+27,1.7247408033716348e+26,2.682715174567662e+27,4.051422718083907e+26,2.525794208380021e+27,4.599213215865371e+26,3.719089194274053e+27,-1.29380220755592e+27,-6.965693573255208e+27,-1.3504768470709334e+27,-3.43017227242525e+26,-1.3071829533514373e+27,-6.526556219144657e+26,4.4823290981590373e+27,-1.7468227737588e+27,-3.717878310443442e+27,-1.5555265545729096e+27,-2.1376391702011454e+27,-1.2025444580735127e+27,5.999451179494975e+26,-4.890866324252105e+26,9.830431004746781e+26,-9.459210043321963e+26,1.620520918733555e+27,-1.328625742733039e+27,1.1583425772038605e+27,-1.175720119546625e+27,-3.1821564533582587e+27,-4.244178792834497e+27,-4.587422816251375e+27,-2.907425706642183e+27,-1.7884172320445733e+27,-1.430553316223074e+27,-1.7386871195383376e+27,-2.2248074563737733e+27
-1.2014469707032507e+27,-5.719070447008784e+27,-4.082086792524664e+26,7.1246599283484136e+25,3.127519506159349e+25,-2.085461645066413e+27,1.693554757202894e+27,-1.5289638831252835e+27,-2.389504602193972e+27,-1.3124809380619708e+27,2.9870419806934473e+26,-3.051330871842089e+27,-2.5942077580825455e+27,1.8009106897022914e+27,2.2337866127035068e+27,1.5241375558860346e+27,-2.624398590703105e+27,1.1648660928525647e+27,9.247313486896182e+26,9.428403109034694e+26,-4.001786447336363e+27,-3.8915030010377535e+26,-5.90017843430245e+26,-1.1192861804685245e+26,-6.483622761174119e+25,-6.234772629476063e+26,1.3100458361101032e+27,-1.5106118369591528e+27,2.284795793177797e+27,7.776447129089136e+26,1.5200556858781972e+26,-2.354025449041671e+26,2.0227586172724345e+27,2.824723570676691e+27,1.0292103135392614e+27,1.289721930238761e+27,-6.294936388315556e+27,-6.583998059819475e+27,4.106081961624572e+27,1.655496133051808e+26,9.688799678298126e+26,-2.3243577805717994e+26,3.2429601052894845e+24,1.6616409608377543e+26,2.317251549548756e+26,2.5076328469902598e+26,-1.7136650127807018e+26,-7.309934387650431e+25,1.3224700891124369e+25,-4.507757808245427e+26,-2.4137104982789955e+27,-2.6260146021877434e+27,-2.295549261247601e+26,1.0095377920158515e+26,2.7018735629706444e+25,-1.0061980489015647e+27,-4.346537610939308e+25,-1.3714888791249138e+26,-1.624783804379398e+26,-3.4762478606836186e+27,-7.461323117071891e+26,-1.740797035947279e+26,2.21733459316576e+25,-2.614240025714606e+26,-9.920656353810134e+26,1.165430579039165e+27,-1.5149207928514692e+27,-3.597341950985632e+26,3.3271650419891317e+25,1.557487263586358e+26,-9.253467035471698e+25,1.988891472962111e+26,2.904225674513614e+26,1.6910502966486527e+27,-2.9267196912632497e+26,-4.1204186960120893e+27,-5.436687721116916e+27,2.577680388515013e+26,3.9037791630877664e+27,1.296925031949202e+27,5.090823905472483e+27,1.2430139098236106e+27,-6.250872729868259e+27,-1.0099290422412486e+26,6.699670773378243e+27,4.599213215865371e+26,1.0112833308789408e+28,8.78372589887506e+26,-1.4420179813404714e+28,2.207544670627308e+26,2.0518602375516018e+27,1.3789391152333423e+26,1.5755218143701092e+27,4.622942723229325e+26,-7.225084974523214e+27,5.394497260489866e+27,5.142206404731392e+27,3.6882386641819403e+27,3.627513509974187e+27,1.6255037843138634e+27,-2.345674066120186e+27,4.3179916644529024e+26,-3.422336564596629e+27,1.1750309157339916e+27,-4.122695569349126e+27,2.5254476847695973e+27,-3.074196299067637e+27,2.1951911968957747e+27,7.017469461095677e+27,8.171769043318953e+27,4.969324986136648e+27,3.043182312220186e+27,2.1336438046329153e+27,2.406424078459944e+27,3.407420787131792e+27,4.6277452350157486e+27
-3.468102278987109e+26,1.017137295245545e+27,-7.485826518422023e+25,4.4603281903041616e+26,5.203799369494444e+26,2.5027214454694813e+26,7.024323206556607e+26,6.0802392163820124e+26,3.059010446102145e+26,5.761568770105556e+26,4.3779668705201e+26,-7.144124309721177e+26,-7.706177178081943e+26,7.361488097871979e+26,1.3878324346367485e+27,6.801098306676295e+26,-8.942762178166075e+26,5.003617819969225e+26,5.664033777156801e+26,2.6059559538822068e+26,-1.7129782207642928e+27,-6.227748359400664e+26,-1.0537081638442237e+27,-1.7831848565435037e+27,-2.729611811174856e+27,-1.0999174064994355e+27,-4.790294387974891e+27,2.5845423263704856e+27,2.1008434404558826e+27,1.2570422036658808e+27,-7.798661712502538e+26,9.530701046284019e+26,8.824428655017437e+26,2.35479318479817e+26,4.2792651831963066e+27,1.6514076195592117e+26,-1.305694242920284e+27,-4.3042197931456634e+27,1.0295185327110652e+27,2.1623700592408506e+26,3.7050727236988676e+27,-8.57112181493316e+26,7.808811584098647e+26,6.269717737181266e+26,1.002943311614103e+27,-4.517318522440474e+26,3.2644649426547975e+26,8.339915711660841e+26,4.7340834617243815e+26,7.423104300285513e+26,-1.800780236955176e+26,-6.23113840245697e+26,-6.191495460863326e+26,1.4528385078165401e+27,-8.987641105868863e+26,2.1139796097310926e+25,-7.658531912155802e+26,-6.784951667200851e+26,-7.289984617919668e+26,-1.7898778427333972e+27,-1.0237340757435793e+27,-7.7424433748452e+26,-7.965482929961707e+26,-3.41907124782511e+27,-1.6461906946009917e+27,-4.217150714412601e+27,3.1805080346034514e+26,-2.309073794301409e+27,9.818557674250745e+26,-6.0276137103470425e+26,-2.742289161592586e+26,6.942227560156005e+26,4.6042457060518106e+26,9.74540303984777e+26,-1.2729349612192476e+26,4.2817390384096564e+26,-4.728504320465241e+27,2.2121149230281048e+27,3.5597908425511257e+27,2.3299100634095145e+27,2.786246666035975e+27,2.3785342363139524e+27,2.6977643360393695e+26,3.780918370347343e+27,6.79903392542817e+26,3.719089194274053e+27,8.78372589887506e+26,5.703475673860076e+27,-2.1960852000954874e+27,-1.099168349430754e+28,-2.2199167276696282e+27,-4.397833672059218e+26,-2.104130963861348e+27,-9.840488463531305e+26,7.303096710287013e+27,-2.1488394262059759e+27,-6.263707464145953e+27,-2.1038019147154807e+27,-3.638391660057658e+27,-1.8715938006397563e+27,1.0332811419394009e+27,-7.417415211025886e+26,1.7237171647830844e+27,-1.5049116157637029e+27,2.761164197127938e+27,-2.1752127804093587e+27,2.0954189736728944e+27,-1.5059487696069916e+27,-4.8110565338895037e+27,-6.384126676948912e+27,-7.269400345392545e+27,-4.784926789370681e+27,-3.009836494543396e+27,-2.4422771035796508e+27,-2.8973640468175284e+27,-3.5640356961396234e+27
3.337340498929854e+26,4.5752552126458597e+27,-3.812213923277873e+26,3.3610796160170994e+26,-1.061658518540073e+27,1.8060018365082392e+27,-1.9500693614895837e+27,1.962543278985174e+27,3.277139822553529e+27,1.1948535078427349e+27,3.974666771822827e+26,4.500761201421312e+27,4.245926730624571e+27,-2.064594268258727e+27,-3.072993749315638e+27,-1.3230564257097278e+27,4.547375614689273e+27,-1.5793782639610792e+26,-5.28027702251489e+25,5.7115240300614935e+26,7.926273558609362e+27,9.829432486154984e+26,9.715278221859619e+26,6.129739467501666e+25,9.28191475134672e+26,1.4636968104598923e+27,-1.6563095823912732e+26,-1.890936373372824e+27,-3.0915377695486135e+27,-5.1279824556753816e+26,-1.4241689671243894e+27,-1.6157719473611227e+27,-3.4896261492181304e+27,-3.858160707993661e+27,-5.999421635935759e+27,-2.626489749977915e+26,1.0499075289133024e+28,1.3686697583027656e+28,-5.983150761275794e+27,-1.0202232058968753e+27,-3.064492034963152e+27,2.6682930693939827e+26,1.591246583421181e+26,-2.7796401092385163e+26,-4.713371656395083e+26,2.633679508333636e+26,1.1387642955845788e+26,-9.397034450412092e+25,-1.9925229455706533e+26,6.340207882058316e+26,3.5957650563097505e+27,4.5506416667567693e+27,6.761600964424746e+26,-1.8306608340576397e+26,2.0151998680656824e+26,1.8019078020800957e+27,-2.6830336529305714e+25,1.3704043169275484e+26,3.011876229776791e+24,6.829324167006771e+27,9.930708260092579e+26,3.6629523972620845e+25,-1.9463244787642383e+26,6.911761686152269e+25,1.6117620803219466e+27,-2.3850105488526942e+27,2.628833091525249e+27,4.9209823443193706e+26,3.63769356002087e+25,-3.328684464110246e+26,2.4061660997615092e+26,-3.112113583746307e+26,-3.056440270549295e+26,-2.524124015692023e+27,1.5667746634171886e+27,6.203066748253566e+27,1.0799089184295119e+28,-6.263868490431865e+26,-9.883174898069745e+27,-2.0783079132368874e+27,-9.164498074633767e+27,-1.8571097896077947e+27,7.1268062335946e+27,-1.5827409585332313e+27,-9.295998306279508e+27,-1.29380220755592e+27,-1.4420179813404714e+28,-2.1960852000954874e+27,2.59385163578826e+28,2.3381956311500108e+27,-2.6379332861939757e+27,-2.4887155433918643e+26,-2.6731045056932894e+27,-1.014190154264731e+27,5.098452052358882e+27,-7.947221576764142e+27,-2.6235155859375796e+27,-5.936063966106108e+27,-3.3858129469776395e+27,-2.997759861207219e+27,2.561703413041853e+27,-9.047933712561789e+26,3.59540939396966e+27,-2.2231942442780124e+27,4.931464215348257e+27,-3.826793918600745e+27,1.2023348545287692e+27,-3.51851119715068e+27,-8.742577945277083e+27,-9.708646759980785e+27,-6.303844826766442e+27,-4.557816767038206e+27,-3.450690090688539e+27,-3.640521368656483e+27,-4.8235074989527007e+27,-6.236422262244366e+27
-5.51932949455675e+26,-4.6259499908351227e+27,-5.220771830349513e+26,-2.164575737487328e+26,-1.269990397245565e+27,-8.929206038685115e+26,-3.6801754164097025e+26,-1.434155679158773e+27,-9.735226774840063e+26,-1.3412218714313455e+27,4.601915995985536e+26,-2.6345306880821466e+26,3.431092631328866e+26,-8.45157438976201e+26,-2.4814321181273035e+27,-8.750411894192237e+26,1.1871324910121436e+27,-5.811422512182293e+26,-9.423174540975295e+26,-8.85429223520509e+24,2.9591941755536564e+27,1.7376013895293518e+27,2.3096616432795784e+27,3.792933070719983e+27,7.095132341445867e+27,3.038496611127095e+27,1.2068208365216348e+28,-7.065626402847068e+27,-3.884285753157165e+27,-2.49920570741087e+27,1.5452487280736662e+27,-2.2820299555901383e+27,-1.774934265086327e+27,-4.514266627556909e+26,-9.542967922255487e+27,1.6969049861441007e+27,3.707276882700041e+26,8.838493735490656e+27,-1.4344207420213463e+27,-1.275733526070335e+27,-8.064064682538822e+27,9.496961170726606e+26,-6.805237773422217e+26,-7.574167200070758e+26,-1.4206271486715681e+27,1.5951327939302415e+27,-7.236628136082129e+26,-1.5835763449877232e+27,-8.486756147290919e+26,-8.481985849398552e+26,-1.3256754579318124e+27,-9.320032794129249e+25,1.3278890143848733e+27,-2.7290064995575624e+27,2.0620603131764875e+27,-6.580457527896959e+26,1.6143248575814657e+27,1.3421362385586945e+27,1.595238524147315e+27,3.4190262578204395e+27,2.603446003358117e+27,1.9408165587256757e+27,1.573228961105957e+27,8.186428834417284e+27,4.2725836975560575e+27,9.78044623521278e+27,-1.029022880996504e+27,4.6307151102643313e+27,-1.9027119679834863e+27,1.085545299506694e+27,3.0552647396066013e+26,-1.0276771184274368e+27,-8.121942513070414e+26,-1.6390220636036769e+27,1.6226824568489975e+27,-3.459023216493973e+27,9.886036120580734e+27,-3.9086037719838505e+27,-7.69888552581649e+27,-4.291672509754077e+27,-5.339423663187109e+27,-4.108007295772434e+27,-3.2823289405697827e+27,-8.378262172608057e+27,2.366396833557801e+24,-6.965693573255208e+27,2.207544670627308e+26,-1.099168349430754e+28,2.3381956311500108e+27,2.5072791038368647e+28,5.327892077153042e+27,2.649741714667648e+26,4.71086529826281e+27,1.739448118476019e+27,-1.9775105645589225e+28,6.023742346137441e+27,1.6990676530549477e+28,5.518474024246172e+27,9.835346992995906e+27,4.587294677918608e+27,-3.168597196931133e+27,1.3993142244674203e+27,-5.290679083733706e+27,3.4974642020645265e+27,-8.027508434903521e+27,5.920051849870716e+27,-6.130191395318692e+27,3.0358552035421175e+27,1.3320951019080896e+28,1.8058791535142024e+28,1.8541997224208763e+28,1.2097444749562011e+28,7.73631626609235e+27,6.7713460781708e+27,8.147875484041634e+27,9.856264066273124e+27
-2.0536415268220512e+26,-1.780351028535742e+27,-2.969689728692989e+26,1.9662967441743365e+25,-4.885778224406546e+26,-7.063104983559979e+26,1.7414991046665664e+26,-7.755859323016976e+26,-8.537060308678567e+26,-7.480804734553248e+26,1.8756059165487138e+26,-6.464004559680926e+26,-4.61147024817067e+26,7.454939729431761e+25,-3.63589377539561e+26,1.4369916208769965e+25,-4.474493257700978e+26,-2.2713567693278247e+25,-1.6213454847605666e+26,9.856015153912527e+23,-1.5842887432497955e+26,8.49643435092908e+26,8.064033703898903e+26,1.5522628481698864e+27,2.558997266111695e+27,1.2013110528055288e+27,4.2960419624153224e+27,-2.5542481947895004e+27,-8.771460613711947e+26,-8.046579349660068e+26,9.45107337038697e+26,-6.650261704188662e+26,-2.1636546343302687e+26,4.908504645550141e+26,-2.459948122333586e+27,6.506981317159537e+26,-1.2003269260257696e+27,9.526173363614708e+26,3.573096587131618e+26,2.3341200971014814e+25,-9.06529271603973e+26,2.885268415122287e+26,-2.2926580064012825e+26,-1.8180823608889792e+26,-3.4785020146370203e+26,3.380968956857312e+26,-3.011365801178571e+26,-3.710488495020099e+26,-2.3960941579138863e+26,-4.5655233716322244e+26,-7.411052788807876e+26,-5.5721196090667096e+26,-6.954038921833655e+25,-4.676823863873134e+26,1.2436177361720554e+26,-6.554436615513924e+25,1.0755198403215797e+26,1.120522853204519e+26,1.3078374934331855e+26,1.8425985481271276e+26,5.5020459243210144e+26,3.5754802399679275e+26,5.497932404053499e+26,1.9371519757614127e+27,1.1038571183800263e+27,2.2263739139195243e+27,4.679078291179049e+26,8.107229704905703e+26,-4.248061844152226e+26,3.2809671165163924e+26,4.411788640017427e+26,-2.847879333272694e+26,3.3115074410403503e+25,-9.117063935759797e+26,1.9640448220024095e+26,-1.3819868392090696e+27,1.4328081618843133e+27,-8.1004187825499e+26,-1.3583821803741037e+27,-1.4331006202842968e+27,-6.0425264146379006e+26,-1.0858484604335055e+27,-1.945975031835034e+27,-1.692660956316132e+27,1.342697120260008e+27,-1.3504768470709334e+27,2.0518602375516018e+27,-2.2199167276696282e+27,-2.6379332861939757e+27,5.327892077153042e+27,2.749766065880294e+27,4.503883395371409e+26,2.157467889408223e+27,4.636804387009129e+26,-5.552554257528373e+27,4.60524575052558e+26,5.567694636279982e+27,4.5082764507120004e+26,4.0720586851191185e+27,5.230257802283212e+26,-1.9361850525293661e+27,2.47742464708232e+26,-2.499749538599122e+27,4.5420380827048524e+26,-2.4223552260251445e+27,9.445693742973012e+26,-2.0400869627063973e+27,2.849197453472259e+26,2.730093369688496e+27,3.913572760383587e+27,4.6655077694721086e+27,3.211393292083432e+27,2.059910943901923e+27,1.65337556998088e+27,1.8436152644701835e+27,2.1345156798356418e+27
-9.971705041797988e+25,-2.803750988394365e+26,-1.5609723114212543e+26,5.8218767963933844e+25,-2.1143823436267162e+26,-1.8340402862568506e+26,-1.1750254618919061e+26,-2.471481211445616e+26,-2.0218692349933028e+26,-2.2071119852117546e+26,-1.6857475190372542e+25,5.181448164649231e+25,6.597899263645559e+25,-1.8513584102518224e+26,-2.9173203591109235e+26,-2.1003559162494587e+26,9.176181190329447e+25,-2.457702216625067e+26,-2.016911013279881e+26,-2.6844298191341602e+26,1.7599081359684306e+25,1.581922907523069e+26,3.314885830428515e+26,5.0713419154921536e+26,2.084114539375407e+26,1.0550234910016985e+26,3.556042234584812e+26,-1.0199322217676132e+26,-5.250860658833766e+26,-3.425026169887226e+26,2.9360646917880798e+26,-1.3941122927017418e+26,-9.007990353536394e+25,1.677192150936622e+26,-4.3521287819944964e+26,6.663073025693709e+25,9.89647179388037e+24,-4.55680628188156e+25,-8.17043290583231e+25,1.3486223754971822e+25,9.860571089234513e+25,8.46313311805386e+25,-6.426501626605121e+25,-6.203413848858458e+25,-1.2384690862692286e+26,1.0924418573440963e+26,-1.5978755292918946e+26,-1.7571433471402592e+26,-1.130210751148118e+26,-2.3975897217320836e+26,-1.337695653607591e+26,-7.503976599463574e+25,-1.2035325362643289e+26,-1.3649382868938657e+26,-2.329443711843421e+25,1.4895131350713237e+25,1.9429303758832223e+25,1.0599818608791213e+24,-2.2487743686277606e+25,-2.2108622602342105e+26,-1.0433631215620271e+26,-4.3313949793562094e+25,2.7026850311080533e+26,4.740302063333689e+25,-8.753511823540279e+25,1.6337744895390468e+26,2.7480013540348237e+26,1.2570670555822919e+26,-1.2605358600325912e+26,1.8609549624846028e+26,2.3242759538590923e+26,-6.973050568492099e+25,1.2646008525513465e+26,-2.3490951274612634e+26,-3.285743950431801e+25,-1.99299469447027e+26,-2.397420289143949e+26,-2.484708060929356e+26,-3.336008363353931e+26,-3.563392695729257e+26,-2.8949427531683917e+26,-1.907793953299259e+26,-1.9435480607756132e+26,-4.014750062613216e+26,1.0491411799970392e+26,-3.43017227242525e+26,1.3789391152333423e+26,-4.397833672059218e+26,-2.4887155433918643e+26,2.649741714667648e+26,4.503883395371409e+26,4.848428420944603e+26,3.967491363991846e+26,2.8798257284593588e+26,6.609731931431902e+26,-5.734661053223563e+26,-2.3308531300129202e+26,-4.224652126429397e+26,9.390046528501256e+25,-2.532006389246429e+26,-6.023990242644086e+25,1.2213335690129798e+26,1.5896781357741764e+26,-1.666559919154082e+26,6.084819359430665e+26,-6.225627544339041e+26,2.7706954286931677e+26,-6.427781525230537e+24,-9.507377691460734e+26,-9.505907520297641e+26,-2.308658747860412e+26,-1.8456979809648742e+26,-2.3004144980551912e+26,-4.997346834449193e+26,-6.937970559038045e+26,-7.858101283265543e+26
-1.9149297833094496e+26,-1.3882138183731255e+27,-3.2183008649002075e+26,6.987445132470791e+25,-4.690114552576884e+26,-5.868581891316133e+26,7.826898560668834e+25,-6.841788804146252e+26,-6.674864655086289e+26,-6.257638952952961e+26,1.4377855817411547e+26,-4.481782097309775e+26,-2.8247144295261052e+26,-1.1171443748567304e+26,-4.43352250233336e+26,-1.9451487011760122e+26,-2.228681876842155e+26,-2.873965187928291e+26,-2.8558906552335316e+26,-5.1112634500904346e+26,-4.782105451999357e+26,1.1198534936320595e+26,3.157891861328209e+26,1.269775226355159e+27,1.5671508542484764e+27,4.301485550410696e+26,2.9654936155922614e+27,-8.058272286905784e+26,-8.896195757088103e+26,-7.447039375076318e+26,9.317150538825598e+26,-1.757514069926719e+26,-2.359204793382567e+26,3.72791845839936e+26,-1.442726687852398e+27,5.385156755414767e+26,-9.812151782307946e+26,-1.1968497176692956e+26,1.7284985645159554e+26,8.097082066591406e+25,-6.127535467757034e+26,2.6273734258298298e+26,-1.9738775013039826e+26,-1.678510294197902e+26,-3.41098888887672e+26,2.6814748839755508e+26,-3.164117064153844e+26,-3.6338226758935065e+26,-2.3617564778569373e+26,-5.103129392638184e+26,-6.627279221062864e+26,-4.88924642185794e+26,-9.067105091607839e+25,-4.9599184192497995e+26,1.3143580043504053e+26,-1.0732942128715597e+26,1.6301196749445775e+26,1.5012064775457492e+26,2.1023501257850482e+26,-2.2568086215848017e+26,4.7372837845279364e+26,4.041317334014779e+26,5.347521587621066e+26,1.8277731488912609e+27,7.166486918621798e+26,2.427330127392948e+27,1.6950930319323894e+26,8.578298665298512e+26,-4.456630800023197e+26,3.371214917536858e+26,3.799229735116093e+26,-2.96108209311173e+26,1.431797886607565e+25,-7.686443883796051e+26,5.352182452651261e+25,-1.250615160565212e+27,5.993480885509822e+26,-8.132272642827103e+26,-5.15691076375489e+26,-1.320522951614221e+27,-4.8165518447735325e+26,-1.0497103715217074e+27,-1.5708211271038422e+27,-1.4727423881174562e+27,9.934464086597891e+26,-1.3071829533514373e+27,1.5755218143701092e+27,-2.104130963861348e+27,-2.6731045056932894e+27,4.71086529826281e+27,2.157467889408223e+27,3.967491363991846e+26,2.3065322989333242e+27,5.850893054351821e+26,-3.945201933093387e+27,1.0260089345591951e+27,3.636781855835779e+27,1.0181012707478533e+27,2.881323700908251e+27,9.431893464593251e+26,-1.1419153739168447e+27,3.7669386215331175e+26,-1.6324246768738627e+27,8.214710449330115e+26,-2.1022965910557195e+27,1.2990592768456027e+27,-8.350768208575377e+26,6.337809653467155e+26,2.7872146917610975e+27,3.7939600981801054e+27,4.5378266656321746e+27,3.380438523745424e+27,2.3914538746284403e+27,1.9694912360125822e+27,2.089628133203878e+27,2.317156911763207e+27
-3.0926650588632874e+25,-4.3171606878850045e+26,-8.727754379167208e+25,-9.453182233473066e+24,-1.528024042646761e+26,-1.6800418249693946e+26,-3.365800782705086e+25,-2.565037264713911e+26,-2.3537206331837658e+26,-2.0641113711719155e+26,-1.8077892273926335e+25,-1.1281370857471775e+26,-7.202181640874168e+25,-1.0882887849390497e+26,-2.410225131631038e+26,-1.5106953400943028e+26,-1.1964934432011508e+25,-2.0542324812358436e+26,-1.9816060295087914e+26,-2.759482725944202e+26,-2.811112007642312e+26,-8.415165272944813e+25,2.0371432377891853e+26,4.659585745692599e+26,6.1568849131066075e+25,-1.7360106747028273e+26,4.5791368243136604e+26,6.211067042828552e+25,-4.532676016234059e+26,-3.4579121282968285e+26,3.2708371733403584e+26,-5.976409849611711e+25,-6.26449049044351e+25,1.4193595466067312e+26,-3.9521898605263104e+26,9.430663688744364e+25,-3.443502033030526e+26,-4.413569181264939e+26,1.271302791101581e+25,2.686296245527552e+25,-3.4089829441752695e+26,1.4020257176206453e+26,-1.1979393610486377e+26,-9.874953950483768e+25,-1.783818094288331e+26,8.505088492145269e+25,-1.223548007335645e+26,-1.7448674920591416e+26,-1.0073902986968287e+26,-2.2369170200636114e+26,-2.5481764675268786e+26,-2.192623237971538e+26,-1.4455899455777408e+25,-2.8376405534519653e+26,1.0906227132678073e+26,-1.612834567764487e+26,1.53300881766603e+26,1.1661160881868344e+26,1.7080253741202036e+26,-4.6564565639794916e+26,-7.548995216696184e+25,1.6056411380138565e+26,3.0269370986032972e+26,5.081549190583062e+26,-1.7507284097364714e+26,1.0922869919127267e+27,-2.9929950874964315e+26,4.470998115882025e+26,-2.3869459926835347e+26,2.0949510247809577e+26,8.888095717554134e+25,-1.478200642078532e+26,-3.8121828113306075e+25,-1.1686131491949786e+26,-4.269039969453335e+25,-5.370785165065087e+26,-3.730511334078424e+26,-4.1954886619818136e+26,-1.2211358927752195e+26,-4.204364322082582e+26,-1.877615640260573e+26,-4.2448514653337904e+26,-4.465086757127657e+26,-6.354660415423022e+26,2.7934574577252248e+26,-6.526556219144657e+26,4.622942723229325e+26,-9.840488463531305e+26,-1.014190154264731e+27,1.739448118476019e+27,4.636804387009129e+26,2.8798257284593588e+26,5.850893054351821e+26,5.196968693839025e+26,-6.256076320015002e+26,8.340669021578206e+26,4.0909580423119006e+26,8.469577407644031e+26,3.210193613511398e+26,6.81050473110871e+26,-3.767349943034191e+23,3.8409024981501004e+26,2.132415753211155e+25,5.4563052341090606e+26,-2.0945032548878815e+26,4.3442435868167625e+26,1.1788437128332819e+26,6.30129523313666e+26,8.807721192547165e+26,1.2197816342104115e+27,1.451646376881907e+27,9.539620367035494e+26,5.87314802154468e+26,3.774143394807755e+26,4.4921769322224866e+26,6.127308832023968e+26
2.1557847762236878e+27,1.0071304051438227e+28,1.0000095575269422e+27,-6.630122527746825e+25,1.1181741759975986e+27,2.32104002044777e+27,-1.8098378781077733e+27,1.0915591472633702e+27,1.6501220245468276e+27,1.4158836515790286e+27,-1.4423437340199806e+27,2.819173030290275e+27,1.8938060435209595e+27,-1.8076955652119743e+27,-1.1622369975838379e+27,-1.9275904598084928e+27,1.4675057559803978e+27,-2.308798995776345e+27,-1.5893349536952988e+27,-2.7290684013328e+27,5.507132659391135e+25,-1.4193620421266215e+27,-7.280422283306489e+26,-1.7224803915069875e+27,-6.490884858423453e+27,-2.69700146153249e+27,-1.1779514630282144e+28,1.0322011803765383e+28,-9.098936681671565e+26,-3.872692619802839e+26,2.7063119250900964e+26,3.0713343638256485e+27,1.3968566355921898e+26,-1.2076830387022901e+27,9.830838234954882e+27,-3.338954518032592e+27,4.0472190290631436e+27,-4.318867900923115e+27,-2.1360855516680967e+27,1.8816883674917053e+27,8.340807217672162e+27,-4.489769763174431e+26,2.642475413809081e+26,4.860249384336813e+26,8.506650016180632e+26,-1.3622224471661584e+27,5.298907062352416e+25,7.669398877045379e+26,2.8175220664742826e+26,-1.3228427949453505e+26,2.4535094945497203e+27,1.6591372592950635e+27,-1.150586283987322e+27,1.58868478598388e+27,-1.4113771116966318e+27,9.21307976282778e+26,-7.132928140482936e+26,-6.6805448349276e+26,-6.395255518413628e+26,-1.3919053864169996e+27,-1.6520498203893e+27,-1.1479854166355165e+27,-5.639702155218231e+26,-5.767062376235557e+27,-3.2898746451792494e+27,-7.221546671324705e+27,1.9795846599391684e+27,-2.77310743630492e+27,1.1778753645284727e+27,-6.255594311672256e+26,6.3612755749256446e+25,6.979126495228031e+26,9.73313641179113e+26,-6.0860124137812814e+26,-2.185814433112e+27,5.084784164540688e+27,-5.768393627757064e+27,2.3723079938856012e+27,5.418907408849128e+27,1.7495356148219508e+27,1.2336155479929786e+27,2.0249763518215964e+27,7.664232473214119e+27,6.456469218938044e+27,-4.7044357497752626e+27,4.4823290981590373e+27,-7.225084974523214e+27,7.303096710287013e+27,5.098452052358882e+27,-1.9775105645589225e+28,-5.552554257528373e+27,6.609731931431902e+26,-3.945201933093387e+27,-6.256076320015002e+26,2.862632831763393e+28,-1.0084037281721325e+28,-2.2968800756458905e+28,-7.332110768675007e+27,-1.2880967527478138e+28,-4.515223552349369e+27,5.698345255277515e+27,-7.967898745595337e+26,9.485804762988083e+27,-3.418380763971522e+27,1.2893731738932723e+28,-8.187097584125363e+27,1.1892435681280338e+28,-4.004589022622009e+27,-1.987287547833229e+28,-2.4366288850009354e+28,-1.9348619061213e+28,-1.218002829789817e+28,-8.045538065485485e+27,-8.425503113209758e+27,-1.1108641340162165e+28,-1.403969069837402e+28
-1.4091628697982282e+27,-5.635586151180336e+27,-2.897435192324331e+24,-4.7436365838551565e+25,3.101889123163136e+26,-4.2736730928948e+26,1.0010603212221607e+27,-2.801740867167436e+26,-6.286210337608658e+26,-1.7092394275713178e+26,8.023640149895478e+26,-2.2453084173902457e+27,-1.767650105209833e+27,8.980257520882659e+26,1.2509335569474012e+27,8.322030201998462e+26,-1.4970204382320465e+27,8.258034040053595e+26,5.268021398208997e+26,6.547549182891797e+26,-2.990201289308262e+27,-1.4419144753686936e+27,-1.6024744280997757e+27,-1.1892357381143723e+27,-1.3128954065730506e+27,-1.603698752998908e+27,3.764256047576832e+25,8.78502414224678e+26,1.8648787353435708e+27,7.158241641003785e+26,7.474401345264443e+25,9.372535589264648e+26,1.0582296565464969e+27,1.1338768557029887e+27,1.6208999750469504e+27,1.6605636267656808e+27,-4.21951680148125e+27,-4.509395612778789e+27,1.74610347198936e+27,-1.929979042887221e+27,-5.254767687783912e+27,-3.6457662695176645e+26,3.2534340375143616e+26,5.312018973885431e+24,-3.872074967799433e+25,1.0376626807971652e+27,2.3564614221434102e+26,-4.230435580968567e+26,2.6554570672492704e+25,7.257937136666985e+26,-2.2850481719294484e+27,-2.0711190612593452e+27,1.1703567904564634e+27,-8.890847642433013e+26,1.4600362255940013e+27,-1.7578891587405267e+27,9.399553333826983e+26,6.010603078487821e+26,5.940000370977483e+26,-2.9945507762333726e+27,-9.432106198062997e+26,2.1170736814131447e+25,-2.8865187687272748e+26,2.015250585596623e+26,-1.3683315883567563e+27,2.982514490709448e+27,-4.79985439399123e+27,9.215785410116447e+26,-3.287837647415554e+26,2.9919199621674912e+26,-1.18230484193274e+27,1.988149269400276e+26,-5.000209062502883e+26,4.389916044402462e+27,1.6038885611573351e+27,-4.6402968730447364e+27,-3.9354406883626486e+27,-7.890644824954276e+26,3.58292409390616e+27,2.915392842967515e+27,2.992638281722985e+27,1.6519701218001535e+27,-3.8576787000888273e+27,-3.4388271761949055e+27,2.9729036788538923e+27,-1.7468227737588e+27,5.394497260489866e+27,-2.1488394262059759e+27,-7.947221576764142e+27,6.023742346137441e+27,4.60524575052558e+26,-5.734661053223563e+26,1.0260089345591951e+27,8.340669021578206e+26,-1.0084037281721325e+28,1.2370383569803986e+28,5.02057480518373e+27,9.166710430745145e+27,2.1864732486102457e+27,4.589240127771341e+27,-8.521893607619617e+26,1.1151503155599923e+27,-2.1828576483219067e+27,3.245618542531439e+27,-5.479226334033762e+27,5.794121629881532e+27,-1.6516066827697887e+27,5.581894442210262e+27,1.3621665646622764e+28,1.639310373568813e+28,9.70612069275849e+27,5.305481110872181e+27,3.5772098457359165e+27,4.379578517088805e+27,6.415602750018976e+27,8.782240110310001e+27
-1.392436335715235e+27,-7.324551662491773e+27,-8.46365862648894e+26,4.437540675562353e+25,-1.1400735877002731e+27,-1.9800154970002688e+27,1.3140066570458607e+27,-1.162084885787324e+27,-1.569670616493592e+27,-1.4552850469398934e+27,1.1214694870521172e+27,-2.0833015454835816e+27,-1.3543616409050795e+27,1.2999534880305094e+27,3.101989143403219e+26,1.3871869610596258e+27,-9.585757278725782e+26,1.725099715143668e+27,1.0700506025869165e+27,2.2709261105704162e+27,9.595096959496423e+26,2.154276484088531e+27,1.5617811442609812e+27,2.4610481475278473e+27,6.979262951979488e+27,3.390863511748067e+27,1.1715895300790444e+28,-1.0150986867671729e+28,-3.243661501641547e+26,-3.837564437149351e+26,2.0119676255224744e+26,-3.1723239057903057e+27,-5.895010235397481e+26,7.693976753450046e+26,-9.606686429853964e+27,2.6449858435424625e+27,-2.691956856845304e+27,5.762112056998874e+27,1.3081283477194763e+27,-1.0996660160060745e+27,-6.01045523012259e+27,5.221005072766784e+26,-3.3928735210283496e+26,-4.2640991021564366e+26,-7.498097598837115e+26,1.0846341799747903e+27,-2.0792297124265924e+26,-6.660042686199754e+26,-3.182743444888909e+26,-1.4813338009245974e+26,-1.7995751711714396e+27,-1.0922499481391949e+27,7.043453530866007e+26,-1.2459091365475354e+27,9.307440700826345e+26,-3.7993774872161426e+26,4.51325703409169e+26,4.69141073473433e+26,4.607088481864408e+26,2.1944305154505427e+27,1.819900289488572e+27,1.0553552402748987e+27,7.323978386555212e+26,5.407510190511611e+27,3.6091762687039726e+27,5.870949233099749e+27,-2.2145520247495804e+26,2.3183459184217443e+27,-9.98156022000547e+26,5.304348995378238e+26,3.406117117176051e+26,-6.466193159050708e+26,-6.305114598027324e+26,-9.131429288616322e+26,1.6445267096200628e+27,-3.655727013145868e+27,6.695940598144634e+27,-1.9829626703729348e+27,-6.357380520387224e+27,-2.5767895331929604e+27,-2.2715219374193276e+27,-2.3611786747182322e+27,-6.058082049593741e+27,-5.250592786086616e+27,3.503070687656052e+27,-3.717878310443442e+27,5.142206404731392e+27,-6.263707464145953e+27,-2.6235155859375796e+27,1.6990676530549477e+28,5.567694636279982e+27,-2.3308531300129202e+26,3.636781855835779e+27,4.0909580423119006e+26,-2.2968800756458905e+28,5.02057480518373e+27,1.998854975226463e+28,3.646113441378064e+27,1.1717512815530468e+28,2.560989794303998e+27,-5.240136732465459e+27,4.0211774527329114e+26,-8.100851293385585e+27,1.9517318107459582e+27,-9.762344651969179e+27,5.261731033899587e+27,-9.97896862325885e+27,1.7614945561909116e+27,1.347019963457316e+28,1.7186778050059278e+28,1.5109399697279382e+28,9.638316137872621e+27,6.201856790740149e+27,6.131032780545048e+27,7.839495156387868e+27,9.702417918234748e+27
-7.327263982839525e+26,-3.579599533735147e+27,9.04023100554248e+25,-1.2354626136857451e+26,2.345967527620462e+26,-2.466684835326132e+26,6.571559833593714e+26,-2.6591564184282282e+26,-4.836558512509547e+26,-1.5150723534831511e+26,4.6707620563999174e+26,-1.5668882095969013e+27,-1.2394484054479932e+27,5.5028999319394916e+26,6.848344317508146e+26,4.712223922476662e+26,-1.0039342093734919e+27,4.249482900686811e+26,2.172411659815456e+26,2.5224642748144213e+26,-2.2110638943376288e+27,-1.1326312767308816e+27,-1.0414647141557756e+27,-6.05881572837339e+26,-8.804178262975132e+26,-1.2596468368171934e+27,2.647330314522514e+26,8.500005721507356e+26,1.0091517506812082e+27,2.7476569511329418e+26,2.4246916804822083e+26,7.071171432352743e+26,6.39289838598492e+26,6.822611562184063e+26,1.0947154488187332e+27,1.0392902123548422e+27,-3.034582523561362e+27,-3.295478449946711e+27,1.1150925447768103e+27,-1.1423176884363369e+27,-3.763917403035507e+27,-1.2591113465497677e+26,1.0192887172180598e+26,-5.834311589115163e+25,-1.0972598840159446e+26,6.607011934786996e+26,1.5473846314949402e+26,-3.124307145953945e+26,1.1181959456302639e+25,3.985760166011484e+26,-1.6227941285262072e+27,-1.4974385655622412e+27,8.596754623534796e+26,-7.828707910066829e+26,1.1135866593658953e+27,-1.337657899216614e+27,7.992797689668841e+26,5.3995160292264615e+26,6.164406968870551e+26,-2.2279960460600055e+27,-5.5905547912187064e+26,2.185906642691346e+26,-6.618716151529608e+25,6.859786288954283e+26,-9.166355034655936e+26,2.959627954286225e+27,-3.6255968066796904e+27,9.877191849586914e+26,-3.6310066348872706e+26,2.7438134237488964e+26,-8.792042022511145e+26,3.7115022021555235e+25,-4.763668538585516e+26,2.875943259319324e+27,9.614928607383618e+26,-3.386819628896188e+27,-2.693950084165517e+27,-7.529165888657429e+26,2.4563762296554265e+27,1.7352218000998527e+27,1.8842983368131093e+27,7.559348079731865e+26,-2.680555254723611e+27,-2.555887271756979e+27,2.0155039573010647e+27,-1.5555265545729096e+27,3.6882386641819403e+27,-2.1038019147154807e+27,-5.936063966106108e+27,5.518474024246172e+27,4.5082764507120004e+26,-4.224652126429397e+26,1.0181012707478533e+27,8.469577407644031e+26,-7.332110768675007e+27,9.166710430745145e+27,3.646113441378064e+27,7.062301744247513e+27,1.615012511821475e+27,3.830562995195622e+27,-4.462696847061983e+26,1.0116818597114323e+27,-1.399041001086977e+27,2.746968645547322e+27,-4.0669502090408857e+27,4.5720248869498354e+27,-9.085038525225644e+26,4.2027872016274415e+27,1.0210198276089155e+28,1.2386248023596792e+28,7.908648449720809e+27,4.5629693995927213e+27,3.105104651995601e+27,3.5698943364660575e+27,5.052089290106119e+27,6.765338276993817e+27
-5.1321007325065115e+26,-3.711493902421398e+27,-3.886379335092401e+26,-3.282574325906048e+25,-6.1775461940051666e+26,-1.151382047073879e+27,6.042283125887379e+26,-9.349030199849054e+26,-1.1768757678271844e+27,-1.0043940482939745e+27,4.9065394334068854e+26,-1.253910084868919e+27,-8.766980179357066e+26,5.796770476838229e+26,4.869336239474702e+25,5.7538569063532554e+26,-8.045257690417665e+26,6.815712532490214e+26,3.419649579187687e+26,9.334812693731597e+26,1.6423104532250482e+26,1.423716398631214e+27,9.433580985541062e+26,1.7511292089471853e+27,4.536635939827896e+27,2.2424582451643517e+27,7.471996339649106e+27,-5.560470633399488e+27,-4.1051379412025656e+26,-5.372946936014763e+26,6.968859827372124e+26,-1.4506930713737585e+27,-1.7813651279847858e+26,7.44811854914694e+26,-4.8112552632448817e+27,1.3155682936778728e+27,-1.9568050012041246e+27,2.7193067213932553e+27,9.027158706389625e+26,-2.8222628246845315e+26,-2.6535940328890435e+27,3.807259726910665e+26,-2.935823033274563e+26,-2.5915848802093247e+26,-4.671991768027348e+26,5.733851291125116e+26,-2.4032303058788528e+26,-4.325015113007884e+26,-2.4230992196851768e+26,-3.2876683791566046e+26,-1.1415444853220177e+27,-7.928845935600327e+26,1.9744373397430617e+26,-7.155052619598119e+26,3.748759228656126e+26,-1.3548477475356513e+26,1.812986256450294e+26,2.210283595221673e+26,2.2409353656466476e+26,1.0678604807782473e+27,1.1515264050203092e+27,6.544902337171725e+26,6.054078841359262e+26,3.388543837797086e+27,2.296579937469618e+27,3.608918451681715e+27,3.0612993142432854e+26,1.358869156735765e+27,-6.377747647838636e+26,3.8828647896240854e+26,4.06853139632403e+26,-4.160484458257389e+26,-2.3910607912627747e+26,-9.96571725114809e+26,6.737773764739747e+26,-2.2342173004859773e+27,3.625313709618677e+27,-1.1869266752565598e+27,-2.733818549478142e+27,-1.9266682468437837e+27,-7.70368879432922e+26,-1.5977735804582689e+27,-3.5253006829991256e+27,-2.870965758676326e+27,2.3811220743603967e+27,-2.1376391702011454e+27,3.627513509974187e+27,-3.638391660057658e+27,-3.3858129469776395e+27,9.835346992995906e+27,4.0720586851191185e+27,9.390046528501256e+25,2.881323700908251e+27,3.210193613511398e+26,-1.2880967527478138e+28,2.1864732486102457e+27,1.1717512815530468e+28,1.615012511821475e+27,7.578946619045645e+27,1.2623586691450117e+27,-3.6474327391499857e+27,2.2450565396470737e+26,-5.290054185539463e+27,1.0119252619253802e+27,-5.907263542143476e+27,2.8712302444521055e+27,-5.458744406026912e+27,7.488138245479076e+26,7.274423723864585e+27,9.369606039391606e+27,8.960482134795632e+27,5.96553457153845e+27,3.906753793580603e+27,3.732758397931481e+27,4.583074175436766e+27,5.490972353036911e+27
-9.660524953744538e+25,-1.3924579839456304e+27,8.833293990903459e+25,-1.4618009530108734e+26,6.190172050958771e+25,-1.350848126692196e+26,2.6931918200217798e+26,-2.1145360912700084e+26,-2.8737286075782208e+26,-1.3288098125127656e+26,1.1700706268833567e+26,-6.861265211833089e+26,-5.370476863496953e+26,1.9061525885751755e+26,1.2361975081441581e+26,1.2797373843005314e+26,-3.991488583342323e+26,7.186945460643762e+25,-2.4452629502105675e+25,-6.025142581917422e+25,-1.0366484471282013e+27,-6.0874867279739856e+26,-3.324957251271968e+26,6.082976001575235e+25,-9.633636514371956e+25,-6.255765456701916e+26,8.164245814838688e+26,2.436744062339055e+26,1.3117159804757373e+26,-9.77643980594267e+25,2.708953547550557e+26,2.2397177092954644e+26,1.5002032793131627e+26,2.0475431363404452e+26,-4.911932371193425e+25,3.726030928546053e+26,-1.4101014051692255e+27,-1.3480407789314654e+27,4.1248640384364605e+26,-2.7729975380457536e+26,-1.8759058740938933e+27,1.2894148418215257e+26,-1.2427166262299097e+26,-1.2313971475586158e+26,-1.960507281634309e+26,2.049233869581887e+26,3.658453601449836e+25,-1.757365837806467e+26,-2.6126760105188435e+25,2.2975940928740574e+25,-7.14160528485312e+26,-6.71064201189874e+26,3.756351103705715e+26,-5.61667557516748e+26,5.356148843310395e+26,-6.194554786364675e+26,4.5900708897352e+26,3.569185224136369e+26,4.8619351829955335e+26,-9.489864049008867e+26,2.443913080954094e+25,4.2520477362484906e+26,1.734509097306318e+26,1.257341239200846e+27,-1.6692896129127236e+26,2.6134470935397077e+27,-1.7296665913055398e+27,9.433934064917119e+26,-3.8267371068364895e+26,2.2012066215134038e+26,-3.486707372963818e+26,-1.6935948532848897e+26,-3.7968580638209045e+26,7.966454498753808e+26,2.4335166632237995e+26,-1.6086327075373407e+27,-7.003063242243053e+26,-6.589814079731707e+26,7.247044946858747e+26,8.287490325572883e+25,4.632840452420392e+26,-3.6519750623608454e+26,-1.295816547163166e+27,-1.3866696263775894e+27,8.965259400907176e+26,-1.2025444580735127e+27,1.6255037843138634e+27,-1.8715938006397563e+27,-2.997759861207219e+27,4.587294677918608e+27,5.230257802283212e+26,-2.532006389246429e+26,9.431893464593251e+26,6.81050473110871e+26,-4.515223552349369e+27,4.589240127771341e+27,2.560989794303998e+27,3.830562995195622e+27,1.2623586691450117e+27,2.4867997290211213e+27,-2.160440522751191e+26,7.149545329046544e+26,-8.359060721011229e+26,1.8718883419390158e+27,-2.57859537640694e+27,2.9070023253260035e+27,-6.661510022610166e+26,2.1696596365290814e+27,5.765244057510312e+27,6.980102949142807e+27,5.314993004285771e+27,3.44934193766006e+27,2.4136964151720323e+27,2.5056214236731336e+27,3.282142472767562e+27,4.14465588841627e+27
2.2132855858585247e+26,1.6786014858980754e+27,1.217018606607814e+26,1.597000256061618e+25,1.7300173591457287e+26,5.281134726611119e+26,-2.339743098429977e+26,4.162988752898367e+26,5.797780845899857e+26,4.336451722106662e+26,-1.7697200077213977e+26,5.586149040304873e+26,4.139466507591598e+26,-3.133683574146104e+26,-3.980799117693432e+26,-3.5827627908170396e+26,5.912546878184617e+26,-4.6063757421521555e+26,-3.3141234924686786e+26,-6.504910542569385e+26,1.5798333786757626e+26,-6.847774375517856e+26,-8.396809241549257e+25,-2.908007786115151e+26,-1.8496101049893848e+27,-1.0305178951200514e+27,-3.002079342562841e+27,2.457556074105632e+27,-4.4285029275380545e+26,-1.1372014917902276e+26,-2.353427904743163e+26,3.470513430736466e+26,-3.128072583147751e+26,-7.420219656804599e+26,1.2620599478989562e+27,-5.063034518039983e+26,1.0388219471709197e+27,-6.523939004819926e+26,-7.614261306684613e+26,4.236245331368934e+25,6.81403787056836e+26,-1.1681061872142648e+26,1.05335463806568e+26,7.768323318284373e+25,1.4679120453048224e+26,-2.1747313797880627e+26,9.261100466699367e+25,1.3270559054737176e+26,8.859641583641051e+25,1.5152210667689495e+26,4.633248230738247e+26,3.474795904451247e+26,-1.8363981109116477e+25,1.6207187745165867e+26,-4.2121361144817545e+25,-2.7785586135758397e+24,5.711757983754115e+25,5.951338011937476e+24,5.976317505172792e+25,-3.442337409623234e+26,-3.0488172365866356e+26,-1.231338578201065e+26,-1.8380891645496994e+26,-9.409312977411241e+26,-8.22961743257834e+26,-9.073569772500224e+26,-2.2195105942858282e+26,-3.128974924443084e+26,1.779023345879846e+26,-1.2762453083436312e+26,-1.923132624365659e+26,1.2895745592557158e+26,2.512280682884382e+25,2.9153190912934093e+26,-2.364281685227689e+26,8.632644809764976e+26,-1.1134838072961068e+27,3.352733821878474e+26,8.582022537787113e+25,6.035632704413246e+26,-6.661124577799584e+26,4.385086270394248e+26,1.5611314423140775e+27,9.196189621756771e+26,-1.4493598859747038e+27,5.999451179494975e+26,-2.345674066120186e+27,1.0332811419394009e+27,2.561703413041853e+27,-3.168597196931133e+27,-1.9361850525293661e+27,-6.023990242644086e+25,-1.1419153739168447e+27,-3.767349943034191e+23,5.698345255277515e+27,-8.521893607619617e+26,-5.240136732465459e+27,-4.462696847061983e+26,-3.6474327391499857e+27,-2.160440522751191e+26,2.2405226103756e+27,1.5237819529901775e+25,3.0536280219756274e+27,-1.9137577820010026e+26,2.9882429235366663e+27,-1.140646773618387e+27,2.81241966143045e+27,-2.3224769504231072e+26,-3.112390258656548e+27,-3.7379269461862744e+27,-3.2159167555948763e+27,-2.0651902991389164e+27,-1.333846937880494e+27,-1.4542479038146883e+27,-1.9179770465011782e+27,-2.3527538028055368e+27
-6.584378983437913e+24,-3.608954736811392e+26,-1.8060113923458048e+25,-3.5955226195346175e+25,-5.736720369280806e+25,-8.997974303903032e+25,1.345138731806127e+25,-1.4614799839941329e+26,-1.4488264262860433e+26,-1.1009915875416842e+26,-1.0618842698301829e+25,-1.3279162856595603e+26,-9.851775054072445e+25,-2.970231362635667e+25,-9.474594167626031e+25,-5.632311510682048e+25,-5.185367328831949e+25,-8.685433444159745e+25,-9.691680636377879e+25,-1.3826287721173804e+26,-2.766905255207951e+26,-1.4930105099741665e+26,2.661195156943929e+25,1.99807143639345e+26,-8.131308513149036e+25,-2.1639470042173106e+26,2.0935593456603435e+26,1.4523098725480247e+26,-1.8744307515416246e+26,-1.726537901079649e+26,1.9230539424095633e+26,2.5492851362480474e+25,-2.1440765231252018e+24,9.666331466114145e+25,-1.3277758175572362e+26,6.671487032732612e+25,-3.379540111280529e+26,-4.420013423084349e+26,6.051147961443104e+25,-6.584035808827336e+24,-4.154084378356144e+26,9.93101362868422e+25,-9.004674148511135e+25,-7.347688231847235e+25,-1.2429942730587915e+26,4.877190499648901e+25,-4.824489504565229e+25,-1.030973920300009e+26,-4.9958394827332985e+25,-1.1251797489411334e+26,-1.9936857277601324e+26,-1.8666035811551237e+26,4.2522901866470145e+25,-2.213221017538303e+26,1.1969404787792272e+26,-1.5967504243988844e+26,1.3630128177788472e+26,1.0926114199984414e+26,1.482664553805999e+26,-3.74659093814239e+26,-9.990880268455935e+25,1.1223820478461124e+26,1.679293391028374e+26,3.268870144406649e+26,-1.909456458520183e+26,8.516604637863017e+26,-4.4592341054014084e+26,3.538413611486627e+26,-1.7734240283804243e+26,1.4359807839809293e+26,-1.6342105501942073e+25,-1.0838312712383736e+26,-8.72992896900138e+25,7.772932482422783e+25,-1.511480421909356e+25,-4.441987465882e+26,-3.446908209584621e+26,-3.0520463296140507e+26,9.842954724387944e+25,-1.7825695947524366e+26,-4.196491030450249e+24,-2.718799569542846e+26,-3.581182788254498e+26,-4.6956608028731624e+26,2.4460737512954077e+26,-4.890866324252105e+26,4.3179916644529024e+26,-7.417415211025886e+26,-9.047933712561789e+26,1.3993142244674203e+27,2.47742464708232e+26,1.2213335690129798e+26,3.7669386215331175e+26,3.8409024981501004e+26,-7.967898745595337e+26,1.1151503155599923e+27,4.0211774527329114e+26,1.0116818597114323e+27,2.2450565396470737e+26,7.149545329046544e+26,1.5237819529901775e+25,3.224825531071523e+26,-3.5026368519038585e+25,5.595301506499492e+26,-3.984956159103485e+26,6.20027431929962e+26,3.511944176263179e+25,6.74513218913101e+26,1.214177268262142e+27,1.5190500234751762e+27,1.3616873351820822e+27,8.592821398511983e+26,5.527704478967745e+26,4.785286042776107e+26,6.349851101979648e+26,8.488761959505163e+26
3.670042473875201e+26,2.694824358262988e+27,1.5753869816307063e+26,5.454435562640457e+25,2.0222790324280013e+26,7.807932554389778e+26,-4.423125430896814e+26,4.842833728827975e+26,7.373899480448718e+26,5.3527350236514125e+26,-2.815953189027396e+26,8.426208753192673e+26,6.054933972817215e+26,-5.6741045736550606e+26,-7.64801699146461e+26,-6.465027423459301e+26,8.172040352510842e+26,-8.07899884745895e+26,-6.304933142203264e+26,-1.0184086687249848e+27,2.7738642499108117e+26,-6.663002677037694e+26,1.2374303423016275e+26,-1.915275864502215e+26,-2.495186170640738e+27,-1.2432643764570316e+27,-4.199566014807729e+27,3.4854817631708387e+27,-9.232657956234981e+26,-4.161942313449786e+26,-4.792164129961876e+25,5.558284111736352e+26,-4.859192352924231e+26,-1.0097610914665272e+27,2.0424208397986667e+27,-7.770806464874732e+26,1.5164250026909374e+27,-8.81044296451809e+26,-1.1845230316669901e+27,1.2133440799853196e+26,1.4324095461169426e+27,-1.8722243229698473e+26,1.702947158070395e+26,1.3109666061475562e+26,2.235823208326868e+26,-2.798769363352315e+26,5.291005377576807e+25,1.445443226217972e+26,7.79530053215635e+25,1.3253289899016512e+26,6.53729216643875e+26,4.7667223276517866e+26,-1.2247484358824392e+26,2.9158265456438033e+26,-1.3502375999342346e+26,3.989442907659486e+25,3.8303383272281123e+25,-4.322747823891092e+25,1.2553885526873136e+25,-5.611918399885762e+26,-5.781866299072345e+26,-3.0085461084824926e+26,-2.1452743507232825e+26,-1.6680211898815113e+27,-1.2726217121364803e+27,-1.7561681040906206e+27,-1.0440310905889141e+25,-6.14576463698042e+26,3.1350312123420135e+26,-1.780784390069572e+26,-1.7395377528615972e+26,2.2833667342216425e+26,1.978750631668825e+26,2.7771730222892392e+26,-3.62030664334686e+26,1.2845660230158316e+27,-1.7906593916600186e+27,5.388827315164658e+26,1.9364284057119153e+26,8.542440947714092e+26,-9.64818028061448e+26,7.287941326961216e+26,2.376137829681818e+27,1.3820635051102033e+27,-2.1241380573710286e+27,9.830431004746781e+26,-3.422336564596629e+27,1.7237171647830844e+27,3.59540939396966e+27,-5.290679083733706e+27,-2.499749538599122e+27,1.5896781357741764e+26,-1.6324246768738627e+27,2.132415753211155e+25,9.485804762988083e+27,-2.1828576483219067e+27,-8.100851293385585e+27,-1.399041001086977e+27,-5.290054185539463e+27,-8.359060721011229e+26,3.0536280219756274e+27,-3.5026368519038585e+25,4.533259542476888e+27,-7.001736959120165e+26,5.110987882720903e+27,-2.513909414428136e+27,4.536794020593537e+27,-7.045886178696379e+26,-5.960893504367992e+27,-6.909830872611185e+27,-5.615803465036279e+27,-3.7398520701616174e+27,-2.5703912738209016e+27,-2.8601965279296166e+27,-3.727342760180915e+27,-4.536246416966448e+27
8.410498162788544e+23,-9.137507162036848e+26,7.206149995591221e+25,-1.3318897562705061e+26,2.1551959375880276e+25,-1.203353482719414e+26,1.628121555018835e+26,-1.740622018560299e+26,-2.197901530987633e+26,-1.1877657062286898e+26,3.798771419636577e+25,-4.329674499803954e+26,-3.359818672603162e+26,1.0662831942548372e+26,7.436385249881839e+25,6.859394436292217e+25,-2.54735635000222e+26,3.8349904517891505e+25,-1.7683467869424902e+25,-6.564497849370165e+25,-7.109614713852608e+26,-5.2127235781879916e+26,-3.0364644748786646e+26,4.094944924154262e+25,-1.17176026026263e+26,-5.256608915523633e+26,6.18764803979582e+26,2.2989383964232756e+26,7.563807050225147e+25,-7.56294162351618e+25,2.2266874313291392e+26,1.7990336706349724e+26,1.0425830096882821e+26,1.8106220942849256e+26,-8.835121063130275e+25,2.0177604385761497e+26,-9.251182036740546e+26,-9.553481257485146e+26,2.883992263548635e+26,-1.0303054547625202e+26,-1.2662992784953675e+27,1.642562184939698e+26,-1.5753428937565374e+26,-1.2830100639320882e+26,-2.0216370745881268e+26,8.617212922854984e+25,1.169748001560505e+25,-1.28870204349645e+26,-3.2543489088323764e+25,-5.012952540395322e+25,-4.388532124783974e+26,-4.1870380358060644e+26,1.9528697874070385e+26,-4.248994199212305e+26,2.9558236647939756e+26,-3.3590324803552596e+26,2.67088627104379e+26,2.3565449544055358e+26,3.1832346907783735e+26,-5.912956927115465e+26,3.8486699741389173e+25,3.3537068806349156e+26,1.605278095945812e+26,9.865387356709815e+26,-1.329261056631266e+26,2.0243509375054432e+27,-1.1313604435207786e+27,7.531725961026833e+26,-3.396822024095253e+26,2.0009046009548647e+26,-1.6171285058909088e+26,-1.9862479925256916e+26,-3.0025529834777074e+26,3.604473748660006e+26,7.6637377748192545e+25,-1.010524875202794e+27,-3.709151335079605e+26,-5.5330983736234794e+26,5.528315337141008e+26,-2.126702926958746e+26,3.134803582934788e+26,-4.905824251751838e+26,-8.869240941177627e+26,-9.488396151623636e+26,6.442016026040422e+26,-9.459210043321963e+26,1.1750309157339916e+27,-1.5049116157637029e+27,-2.2231942442780124e+27,3.4974642020645265e+27,4.5420380827048524e+26,-1.666559919154082e+26,8.214710449330115e+26,5.4563052341090606e+26,-3.418380763971522e+27,3.245618542531439e+27,1.9517318107459582e+27,2.746968645547322e+27,1.0119252619253802e+27,1.8718883419390158e+27,-1.9137577820010026e+26,5.595301506499492e+26,-7.001736959120165e+26,1.4741396707047956e+27,-2.0751171086922285e+27,2.2815450095088393e+27,-5.419383964860865e+26,1.599955879812276e+27,4.2979525977817666e+27,5.06673037234319e+27,4.0089443173323923e+27,2.7041938682716115e+27,1.9417252805868783e+27,2.0068641444637837e+27,2.5794236751356027e+27,3.198712653335126e+27
4.547093696096298e+26,3.529068143188996e+27,6.722609918269097e+25,1.6031580881743073e+26,8.597059656536092e+25,7.752446322736841e+26,-6.796910716869832e+26,4.080890856155113e+26,7.009850426941569e+26,4.428659557317947e+26,-3.7327265295418695e+26,1.2124248920254055e+27,8.876300045870186e+26,-7.62731106504422e+26,-1.0161425556160757e+27,-8.220369552322821e+26,9.946819744559651e+26,-9.735077642446238e+26,-7.482817549128798e+26,-1.0514428612731671e+27,8.478692448394715e+26,3.499236175832837e+25,7.021209379249547e+26,1.5933391976308055e+26,-2.162995520194527e+27,-6.374367382135781e+26,-4.321457466598362e+27,3.005722604767921e+27,-1.3405895805967122e+27,-6.388350468880754e+26,5.256283588544886e+25,3.0504944488927163e+26,-5.828444986610588e+26,-9.823973750256046e+26,1.9617747681087063e+27,-9.801650243432265e+26,2.1938733737512332e+27,-1.122048916773184e+26,-1.41201929334319e+27,3.672828804529855e+26,2.8213950348131914e+27,-2.439661443393661e+26,2.2398683447697353e+26,2.013411334700643e+26,3.2483296546046265e+26,-3.150894806220227e+26,-6.7227732499092156e+25,1.6505514395376017e+26,3.382020580831136e+25,-2.0795668626239686e+25,9.405986775879536e+26,7.538164765367698e+26,-3.7944283785162906e+26,5.9320901848210686e+26,-4.141933371867789e+26,3.101932731685566e+26,-1.6984936481318255e+26,-2.4103746951225996e+26,-2.4545270521175567e+26,-2.3966188216823088e+26,-7.28338899493861e+26,-6.022130679582632e+26,-1.7595465744470276e+26,-2.493973896856938e+27,-1.2628023028500616e+27,-3.3552542885573664e+27,1.131323543007667e+27,-1.1923245046002562e+27,5.480706818840729e+26,-2.6197601023411526e+26,9.48413412035201e+25,3.530077103370056e+26,5.494157413170909e+26,-2.9338931455208355e+26,-5.1863175863448715e+26,2.0054231298461494e+27,-1.6664249226521432e+27,8.867989472367497e+26,-3.8159496016756614e+26,7.6567934913314e+26,-1.2646064681499067e+27,9.670996851073662e+26,2.9966342589744844e+27,2.0204882875389629e+27,-2.476135167515152e+27,1.620520918733555e+27,-4.122695569349126e+27,2.761164197127938e+27,4.931464215348257e+27,-8.027508434903521e+27,-2.4223552260251445e+27,6.084819359430665e+26,-2.1022965910557195e+27,-2.0945032548878815e+26,1.2893731738932723e+28,-5.479226334033762e+27,-9.762344651969179e+27,-4.0669502090408857e+27,-5.907263542143476e+27,-2.57859537640694e+27,2.9882429235366663e+27,-3.984956159103485e+26,5.110987882720903e+27,-2.0751171086922285e+27,7.33146610204851e+27,-4.963860430191614e+27,5.174557661715603e+27,-2.1717896561159705e+27,-1.041696792452247e+28,-1.1943178912862877e+28,-9.183368310969155e+27,-6.227246387041655e+27,-4.483457189059785e+27,-5.008367826279507e+27,-6.480093417832834e+27,-7.889433668462849e+27
-1.5641490435686724e+26,-2.0974699071585966e+27,1.565898116802419e+26,-2.2602249557085313e+26,1.466491211982391e+26,-2.4248981231561588e+26,4.653040927304346e+26,-1.4256342199145466e+26,-3.0838880083071678e+26,-1.1025618633373515e+26,1.97484325534603e+26,-9.059404110711803e+26,-6.987398815833082e+26,4.640643372994602e+26,6.113728889781894e+26,4.591616461951243e+26,-6.506096341044155e+26,5.041573985109831e+26,3.4708685467081616e+26,4.312443171474767e+26,-1.0661685535533865e+27,-7.012306505566346e+26,-8.494965786626234e+26,-4.140866066277113e+26,3.814845062936199e+26,-4.282013676471731e+26,1.7067637915653893e+27,-5.126646097239067e+26,9.024670806944285e+26,3.775223113069684e+26,3.051913911224475e+25,2.6712722859967807e+26,3.910757419524536e+26,4.3421807542897984e+26,-2.9711749865802276e+26,5.278365789592078e+26,-1.7226942065275172e+27,-1.0424263142465345e+27,8.162987172403305e+26,-3.623447436666215e+26,-2.522141051713252e+27,1.6878030493948282e+26,-1.7053731846579783e+26,-1.568392000573992e+26,-2.3291201246340406e+26,1.8264655960710863e+26,1.4505057581325505e+26,-1.0727655954698633e+26,2.745701686824845e+25,1.5349056731571808e+26,-7.391648118665828e+26,-6.755473051324043e+26,4.3482341910894035e+26,-5.738236038263844e+26,4.959800779259146e+26,-4.8240954531169525e+26,3.326934878172526e+26,3.262384637719881e+26,3.955799072371923e+26,-4.7059732171417584e+26,2.8338117187641966e+26,5.096354142202984e+26,5.2670435305548205e+25,1.6698652472859058e+27,2.830308883415441e+26,2.962752964463177e+27,-1.8146225853789056e+27,1.070063397244917e+27,-4.607785476591e+26,2.154713731281018e+26,-3.6065468190013546e+26,-2.4947958478666922e+26,-5.661037184207701e+26,8.50982079291087e+26,3.5442372053639516e+26,-1.6830789948358267e+27,1.4527095211765147e+26,-7.2295241757958e+26,1.0954450000789045e+27,-6.966919288980731e+25,1.0212339263618216e+27,-5.489341847952815e+26,-1.797748225204274e+27,-1.5197534211651844e+27,1.412108706142769e+27,-1.328625742733039e+27,2.5254476847695973e+27,-2.1752127804093587e+27,-3.826793918600745e+27,5.920051849870716e+27,9.445693742973012e+26,-6.225627544339041e+26,1.2990592768456027e+27,4.3442435868167625e+26,-8.187097584125363e+27,5.794121629881532e+27,5.261731033899587e+27,4.5720248869498354e+27,2.8712302444521055e+27,2.9070023253260035e+27,-1.140646773618387e+27,6.20027431929962e+26,-2.513909414428136e+27,2.2815450095088393e+27,-4.963860430191614e+27,4.395692034659931e+27,-2.3667645655362717e+27,2.533755545745204e+27,8.625170661719551e+27,9.912485964742657e+27,7.25725108893466e+27,4.875509789403562e+27,3.5712231140054573e+27,4.0113981324054554e+27,5.232643146279188e+27,6.439841137198085e+27
9.792473623538478e+26,4.135074622120961e+27,5.949224025414678e+26,-1.0077523770245904e+26,5.335688920626591e+26,1.263088924500063e+27,-8.036785947827987e+26,2.326319952436697e+26,5.9305137878525525e+26,4.589357543467734e+26,-4.129809160639359e+26,7.884831995053525e+26,4.9324116962320086e+26,-1.0471277159724854e+27,-1.1985443082100412e+27,-1.1997652737038776e+27,6.637840145769369e+26,-1.3879834815885795e+27,-1.1747400043328352e+27,-1.6197242332066547e+27,-3.948245029341541e+26,-1.0716563674964746e+27,-5.913272443564522e+26,-5.404293734734897e+26,-3.1198619306052335e+27,-1.641767993451125e+27,-4.909710029525332e+27,5.941169333823978e+27,-1.2076672349824579e+27,-9.226348120945572e+26,9.434454423529889e+26,2.0271896966282634e+27,-1.9938960465841415e+26,-6.827729600753307e+26,5.332554535224352e+27,-1.1041325713216856e+27,1.1135705054842788e+27,-2.47326914136745e+27,-1.3685901964143244e+27,3.750794348019815e+26,2.2773996211435233e+27,-2.455899283174422e+26,1.839397863858629e+26,2.0575440288531315e+26,3.118297875208112e+26,-1.9831756627320674e+26,-4.076652797495899e+25,8.33419105894605e+25,3.597677837863802e+25,7.001549968253023e+25,4.30499125723654e+26,2.1470743751657596e+26,-2.0525240427325525e+26,3.0928521938441247e+26,-1.5190470819736889e+26,-8.473537515398067e+24,6.79226889480113e+25,-3.9048410629425725e+25,2.1788462943361033e+25,-1.2320854884052315e+27,-8.58108222079026e+26,-3.886728753276827e+26,-2.0108954672654192e+26,-2.1255139862795116e+27,-1.7299541311629883e+27,-1.8825385594589113e+27,-2.731300469211732e+26,-7.403305503528512e+26,3.430363105466478e+26,-1.3932931833577309e+26,-2.1688423916147016e+26,3.484341244246736e+26,3.864912203970566e+26,5.545481544323931e+26,-4.125173233435396e+26,9.620167525564137e+26,-3.119447383275085e+27,6.412165435003095e+26,3.1361091131461097e+27,1.2012253525405209e+27,3.842227002306594e+26,1.0703765199032714e+27,2.964335953751666e+27,1.4499597969898363e+27,-2.2214656896095296e+27,1.1583425772038605e+27,-3.074196299067637e+27,2.0954189736728944e+27,1.2023348545287692e+27,-6.130191395318692e+27,-2.0400869627063973e+27,2.7706954286931677e+26,-8.350768208575377e+26,1.1788437128332819e+26,1.1892435681280338e+28,-1.6516066827697887e+27,-9.97896862325885e+27,-9.085038525225644e+26,-5.458744406026912e+27,-6.661510022610166e+26,2.81241966143045e+27,3.511944176263179e+25,4.536794020593537e+27,-5.419383964860865e+26,5.174557661715603e+27,-2.3667645655362717e+27,6.894862704697965e+27,-3.8237360195780035e+26,-6.143305232128019e+27,-6.930152870080327e+27,-5.488640315186195e+27,-3.5338836002836965e+27,-2.2801399449426888e+27,-2.511289793291737e+27,-3.4578455283988703e+27,-4.4155594549317417e+27
-4.742921653907557e+26,-2.311548487967108e+27,6.710520232319146e+25,-1.2325561224913656e+26,1.13246035470206e+26,-1.640381896393528e+26,2.703200298697283e+26,-1.989911742983698e+26,-3.0470345810147294e+26,-1.2203380749363924e+26,1.763735074208175e+26,-8.107130318161072e+26,-6.47311719080227e+26,2.141526380009152e+26,3.460343378608979e+26,1.740893865828733e+26,-5.2969829293925675e+26,1.563614281087973e+26,6.311223410647717e+25,6.910281264163708e+25,-1.2659669245541172e+27,-7.051942285846689e+26,-6.464454972847118e+26,-3.663110513080422e+26,-7.446763345335026e+26,-8.440969483358777e+26,-1.0262846211692646e+26,7.14373220963245e+26,5.196244554849895e+26,1.2581258842724983e+26,2.054958496107695e+26,4.806178507328641e+26,4.236202103206368e+26,5.3701498756988444e+26,6.813374319361696e+26,4.98638647037585e+26,-1.6490446597947873e+27,-2.03807678767841e+27,6.240665115091235e+26,-7.908328886154848e+26,-2.497861898392486e+27,7.559697905606339e+23,-2.0046655930599876e+25,-1.1166639025864498e+26,-1.9168050117026834e+26,4.1387559772856113e+26,5.2701094003148714e+25,-2.963738306093245e+26,-5.514522174963318e+25,1.642131989653632e+26,-9.058051891115057e+26,-8.322173267765549e+26,4.699750912775974e+26,-5.6518266730244456e+26,6.321360894053118e+26,-7.167457988347196e+26,4.489998759332573e+26,3.11631124378016e+26,2.8861105778200298e+26,-1.3866144703777117e+27,-5.222962143188832e+26,-2.590736401429272e+24,9.99436067832349e+24,1.0472002158774279e+26,-7.770615807790864e+26,1.5682852318222969e+27,-2.1589273245863434e+27,6.309769263176169e+26,-2.948052214818413e+26,2.769103814359977e+26,-4.1156915951037686e+26,-4.504465751809214e+25,-2.569615247267947e+26,1.844154927130168e+27,5.389845756424289e+26,-1.921769070824609e+27,-1.8023788815220376e+27,-6.471090844222733e+26,1.5995331206202393e+27,9.973746679906989e+26,1.1510847198544854e+27,4.2680842280391166e+26,-1.460861778895537e+27,-1.743703802854033e+27,1.158509913165206e+27,-1.175720119546625e+27,2.1951911968957747e+27,-1.5059487696069916e+27,-3.51851119715068e+27,3.0358552035421175e+27,2.849197453472259e+26,-6.427781525230537e+24,6.337809653467155e+26,6.30129523313666e+26,-4.004589022622009e+27,5.581894442210262e+27,1.7614945561909116e+27,4.2027872016274415e+27,7.488138245479076e+26,2.1696596365290814e+27,-2.3224769504231072e+26,6.74513218913101e+26,-7.045886178696379e+26,1.599955879812276e+27,-2.1717896561159705e+27,2.533755545745204e+27,-3.8237360195780035e+26,2.790374335339357e+27,5.878717843526546e+27,6.981350934488881e+27,4.331016681752427e+27,2.367216927589403e+27,1.5592068689318224e+27,1.8086422956732991e+27,2.682815330347038e+27,3.7574358792941524e+27
-1.5608818999638095e+27,-7.609951900632295e+27,-2.2490248005587228e+26,-1.3140992592722224e+26,-8.897961066097403e+25,-1.1360029035129619e+27,1.3939472440701535e+27,-6.379850292079742e+26,-1.1045754602828033e+27,-6.438052996617287e+26,1.024060237324817e+27,-2.7200001974196297e+27,-2.034008803177727e+27,1.3236916180335597e+27,1.442722490807064e+27,1.3140033986992382e+27,-1.7423023791970623e+27,1.4513472188412923e+27,9.788401705941535e+26,1.42882945602979e+27,-2.4269130648412089e+27,-8.161779899920188e+26,-1.2548097438772663e+27,-3.810061890890766e+26,1.6389769570754835e+27,-2.8513632047346045e+26,4.929441781432586e+27,-2.9957894173271827e+27,1.9005872896013145e+27,7.440817310073187e+26,4.509582407572168e+25,-1.8301072077030613e+26,8.432646464300897e+26,1.371950085292839e+27,-2.1880133518865427e+27,2.3113638867091833e+27,-4.767727596744693e+27,-1.9037260203786392e+27,2.1943205208729855e+27,-1.8598844320825145e+27,-6.954997388773654e+27,2.749716618466417e+25,5.295152393973294e+24,-2.3397879343943083e+26,-4.279302065892042e+26,1.1295826215682677e+27,1.7440719373458598e+26,-5.5163521428614074e+26,-7.578171952228633e+25,5.043356933293101e+26,-2.524064342926362e+27,-2.1120439664558272e+27,1.2602629798459028e+27,-1.3310552489934453e+27,1.54205495981272e+27,-1.548205503437123e+27,9.302015325432661e+26,7.304869832830674e+26,7.613058554397062e+26,-1.5098730495663553e+27,2.376690645774647e+26,7.028234353102448e+26,2.862597204127604e+25,3.051521719051445e+27,5.394907344178884e+26,5.822387015718031e+27,-4.3344105004832565e+27,2.029342586139805e+27,-8.244458462404503e+26,4.722143613522342e+26,-8.742677836597676e+26,-2.6045662547344242e+26,-8.956958546712621e+26,3.089824491116316e+27,1.7925787823191413e+27,-5.254307821761226e+27,-2.5494771147352027e+26,-1.6218739188631522e+27,1.2108312121691919e+27,9.713455418590377e+26,2.080912582528313e+27,-6.860154902166509e+25,-5.719132595617335e+27,-4.876296411704019e+27,4.099990204666083e+27,-3.1821564533582587e+27,7.017469461095677e+27,-4.8110565338895037e+27,-8.742577945277083e+27,1.3320951019080896e+28,2.730093369688496e+27,-9.507377691460734e+26,2.7872146917610975e+27,8.807721192547165e+26,-1.987287547833229e+28,1.3621665646622764e+28,1.347019963457316e+28,1.0210198276089155e+28,7.274423723864585e+27,5.765244057510312e+27,-3.112390258656548e+27,1.214177268262142e+27,-5.960893504367992e+27,4.2979525977817666e+27,-1.041696792452247e+28,8.625170661719551e+27,-6.143305232128019e+27,5.878717843526546e+27,1.933720636307548e+28,2.311977266677507e+28,1.6216590563022068e+28,1.0035918984415685e+28,6.939784142048238e+27,7.78049229484504e+27,1.0511828976966073e+28,1.3482147608466523e+28
-2.3842607239563038e+27,-1.0031360783258804e+28,-6.374137228220837e+26,1.4728405206300464e+26,-4.537973022764694e+26,-1.4805933242920229e+27,1.8113394856166136e+27,-1.0189627841266145e+27,-1.5006927390093746e+27,-1.034059003744169e+27,1.7524218818623498e+27,-3.6587040875437517e+27,-2.6596140896012655e+27,1.4906531498871444e+27,1.0835908461367485e+27,1.4154670415629852e+27,-1.9637428984336184e+27,1.5623051608962771e+27,9.010979832340046e+26,1.593597582012394e+27,-2.6532655835263526e+27,-5.276619827263057e+26,-8.367696650046397e+26,4.088097671659536e+26,2.8781704385970543e+27,1.5625710212762898e+26,7.325469070741274e+27,-4.3574146790017753e+27,1.272740932907148e+27,1.8394980670245145e+26,5.11259374606168e+26,-6.004094166458044e+26,4.8155777551765055e+26,1.3571962105249665e+27,-3.7175957744758413e+27,3.630029752428565e+27,-6.048102134460652e+27,-1.3277941372749e+27,2.2081260274310287e+27,-2.764750705650249e+27,-9.098907261136751e+27,-2.0006872443142104e+26,3.256641010182375e+26,-1.568181853996931e+26,-4.278147471520422e+26,1.8684453930788414e+27,1.3947430814832192e+25,-9.011599287448458e+26,-2.1578260962020086e+26,6.965761925416942e+26,-3.670865726200347e+27,-2.922488218741859e+27,1.6633752836701654e+27,-1.7766098528894332e+27,2.183654265261974e+27,-2.1441577384069857e+27,1.3686312510155439e+27,1.0002892963939168e+27,1.0906076249138234e+27,-1.8338364187188522e+27,4.15784068775598e+26,9.376052964716416e+26,1.9403636546922567e+26,4.2483412836032077e+27,9.852719299450436e+26,7.666124522316249e+27,-5.274370074150378e+27,2.6431163984371886e+27,-1.0274657392857213e+27,6.1417453873735746e+26,-1.0723224995811945e+27,-1.6832002342495185e+26,-8.791197408106059e+26,3.7843953738394337e+27,2.903838152266527e+27,-7.399237100750295e+27,1.7128298791376666e+26,-2.091869341530071e+27,3.107487468243385e+25,1.2041778570428521e+27,1.3652267007154742e+27,1.0358292505300342e+26,-7.661287938947395e+27,-7.075477034039552e+27,4.7976440837652395e+27,-4.244178792834497e+27,8.171769043318953e+27,-6.384126676948912e+27,-9.708646759980785e+27,1.8058791535142024e+28,3.913572760383587e+27,-9.505907520297641e+26,3.7939600981801054e+27,1.2197816342104115e+27,-2.4366288850009354e+28,1.639310373568813e+28,1.7186778050059278e+28,1.2386248023596792e+28,9.369606039391606e+27,6.980102949142807e+27,-3.7379269461862744e+27,1.5190500234751762e+27,-6.909830872611185e+27,5.06673037234319e+27,-1.1943178912862877e+28,9.912485964742657e+27,-6.930152870080327e+27,6.981350934488881e+27,2.311977266677507e+28,2.875532964521432e+28,2.079850693345673e+28,1.2652107278416162e+28,8.523060381389433e+27,9.205996081696094e+27,1.2334355602858232e+28,1.5861254153528047e+28
-1.1475603596594334e+27,-6.374958995226292e+27,-5.213497568475013e+26,-2.52053035997887e+25,-7.490755545432456e+26,-1.2448644981922933e+27,8.864743535868044e+26,-1.3169576218165993e+27,-1.4542288564026004e+27,-1.2169313256113922e+27,9.665222772181722e+26,-2.2969735444285643e+27,-1.605800848360579e+27,4.446223636063994e+26,-4.961593943893078e+26,2.4984038176326388e+26,-8.998185147155505e+26,1.9301370126143227e+26,-1.926406580199127e+26,1.9763458467309166e+26,-1.0636839636404244e+27,4.1167609217799656e+26,7.48736886619415e+26,2.301616819669703e+27,4.593971398606811e+27,1.3004520485311774e+27,8.954932022466351e+27,-4.589955018502966e+27,-1.1974000480192521e+27,-1.216042125337679e+27,1.3173022723922903e+27,-1.0977422004667975e+27,-4.0265976435588954e+26,6.689461181802268e+26,-5.351592448311559e+27,2.3567436396619204e+27,-3.8146316312038645e+27,1.4121390691304672e+27,8.196553113124361e+26,-1.3639616142847143e+27,-6.531675733522152e+27,3.7753292133146066e+26,-2.1679143248816452e+26,-3.8023520988675725e+26,-7.70986078214382e+26,1.331935566909305e+27,-3.569051042565591e+26,-9.965916044608722e+26,-4.2904606216370997e+26,-2.1257993483836007e+26,-2.601818224364128e+27,-1.9545590209661462e+27,9.698421191564356e+26,-1.8513061165938035e+27,1.5658489269016136e+27,-1.3157060019153764e+27,1.1656776962588938e+27,9.24175072267827e+26,1.1531128480338888e+27,-2.5910657639617146e+26,1.481518834611135e+27,1.4104198446646567e+27,9.148345786587846e+26,5.956964489027092e+27,2.4046636623579705e+27,8.341703204990968e+27,-2.517888281479096e+27,3.121709216593136e+27,-1.317295380966417e+27,7.843866093313963e+26,-1.4529261474297848e+26,-5.839098435042732e+26,-6.846751716792769e+26,5.009232730682108e+26,1.6420856807263953e+27,-5.369517483200368e+27,3.122310889618448e+27,-2.494084959418251e+27,-2.5230969943989086e+27,-1.732923208497335e+27,-1.160554120916852e+27,-1.9744587049304934e+27,-5.493955351069667e+27,-6.183715392076872e+27,2.9791006410696306e+27,-4.587422816251375e+27,4.969324986136648e+27,-7.269400345392545e+27,-6.303844826766442e+27,1.8541997224208763e+28,4.6655077694721086e+27,-2.308658747860412e+26,4.5378266656321746e+27,1.451646376881907e+27,-1.9348619061213e+28,9.70612069275849e+27,1.5109399697279382e+28,7.908648449720809e+27,8.960482134795632e+27,5.314993004285771e+27,-3.2159167555948763e+27,1.3616873351820822e+27,-5.615803465036279e+27,4.0089443173323923e+27,-9.183368310969155e+27,7.25725108893466e+27,-5.488640315186195e+27,4.331016681752427e+27,1.6216590563022068e+28,2.079850693345673e+28,1.8101490291734303e+28,1.186473803031343e+28,7.992206367530086e+27,7.669097401971491e+27,9.547417900637861e+27,1.1745325204308385e+28
-3.484327890051293e+26,-3.2445409034778595e+27,-2.45170865325171e+26,-1.0742140074952207e+26,-4.5965318063886136e+26,-7.92560953783067e+26,4.7266718099488e+26,-8.70402437752757e+26,-9.51917930010759e+26,-7.77680436694766e+26,3.954536653496936e+26,-1.2736838356318376e+27,-9.00951800558587e+26,1.9968840321526078e+26,-3.5660322467982174e+26,5.094713073284004e+25,-5.7153229898962145e+26,-6.513525028696584e+25,-2.2150528784538817e+26,-2.1573877743353473e+26,-8.933632787602193e+26,8.123272267320276e+25,5.058804581427225e+26,1.7134357391220923e+27,3.1445187796905385e+27,7.528953643644646e+26,6.012724720262174e+27,-2.6825293239320856e+27,-8.931103940624181e+26,-8.451957724236479e+26,9.559515909985915e+26,-6.509216311416286e+26,-2.82302201055975e+26,3.8883457560220494e+26,-3.4513516181237645e+27,1.1540420119673275e+27,-2.330628340972171e+27,5.3578415946948826e+26,5.203791019649726e+26,-3.64964512387705e+26,-3.409184491452831e+27,4.236120253925615e+26,-3.2688189560625805e+26,-3.075331714907036e+26,-5.638427641271926e+26,5.8604512705410204e+26,-2.5215551657749856e+26,-5.65110953089496e+26,-2.6092129869242903e+26,-3.5324012653258484e+26,-1.4284283771703953e+27,-1.1111070693062159e+27,4.021438560356002e+26,-1.1681770007626982e+27,7.706631970021e+26,-6.348660458848729e+26,6.409730893770296e+26,5.5679432413589346e+26,7.609208666641979e+26,-1.1704489907047443e+26,1.343039385013669e+27,1.1400449943080899e+27,7.301568618163619e+26,4.5262353697173887e+27,1.89830690821174e+27,5.948001811465017e+27,-1.080034972882622e+27,2.1531073914672495e+27,-9.43537528280082e+26,5.316352404295695e+26,1.0921265166559738e+26,-5.193002357751648e+26,-4.975215125134846e+26,-4.937813672190845e+26,5.705388769875751e+26,-3.0170190223946e+27,2.2202254477001406e+27,-1.6429076577666806e+27,-1.5263464881596401e+27,-1.8847770718922103e+27,-8.231422540331363e+26,-1.8772760839450252e+27,-3.225633097403662e+27,-3.427684157404347e+27,1.8634125777099097e+27,-2.907425706642183e+27,3.043182312220186e+27,-4.784926789370681e+27,-4.557816767038206e+27,1.2097444749562011e+28,3.211393292083432e+27,-1.8456979809648742e+26,3.380438523745424e+27,9.539620367035494e+26,-1.218002829789817e+28,5.305481110872181e+27,9.638316137872621e+27,4.5629693995927213e+27,5.96553457153845e+27,3.44934193766006e+27,-2.0651902991389164e+27,8.592821398511983e+26,-3.7398520701616174e+27,2.7041938682716115e+27,-6.227246387041655e+27,4.875509789403562e+27,-3.5338836002836965e+27,2.367216927589403e+27,1.0035918984415685e+28,1.2652107278416162e+28,1.186473803031343e+28,8.326771001527665e+27,5.832342683806096e+27,5.470273663338669e+27,6.520001268594569e+27,7.711118847064376e+27
-1.4664810668520485e+26,-1.9470577680267206e+27,-1.3985080396677066e+26,-7.901812202623067e+25,-2.705763385121684e+26,-5.211474867681212e+26,3.223953279177396e+26,-5.403335655519419e+26,-6.0519305551248864e+26,-4.804140525497962e+26,2.277364604869828e+26,-7.952146944806975e+26,-5.5631784984617296e+26,1.563087278240864e+26,-1.044587115840247e+26,7.35688800024178e+25,-4.158506233449079e+26,2.6228408979284924e+24,-6.904412374381157e+25,-1.7835307766749587e+26,-8.08177509126782e+26,-2.6672439018058597e+26,5.488008097237624e+25,9.486682145918408e+26,1.7937855584492886e+27,2.002359083078736e+26,3.6740158544159186e+27,-1.3592936684956296e+27,-3.759852082264661e+26,-4.192790230730729e+26,5.949993731143354e+26,-2.6452999073157978e+26,-1.121267811341526e+26,3.011946706846913e+26,-1.9053340040645641e+27,6.903787618268993e+26,-1.5517631022226904e+27,-1.674216678709981e+26,4.339775575064759e+26,-8.843842902719701e+25,-1.9374370206384627e+27,3.0188221848541303e+26,-2.4197943184631455e+26,-2.0249995923433698e+26,-3.6220125620910364e+26,2.8643353134099878e+26,-1.4898928955757515e+26,-3.11267754040006e+26,-1.4513514593239499e+26,-2.6545212253797225e+26,-8.59548820930053e+26,-6.76803086034377e+26,1.9667477570586357e+26,-7.18317126633434e+26,4.1088518009196356e+26,-3.340287028832214e+26,3.542354321267208e+26,3.348430261925262e+26,4.781196427229102e+26,-1.6926113386532767e+26,9.471563114574827e+26,8.059426886781033e+26,4.58814120416194e+26,3.049558193834313e+27,1.1945916312755894e+27,4.029864093998513e+27,-6.594073000513165e+26,1.3987848852277432e+27,-6.243236116758567e+26,3.323488973042976e+26,9.628853159196014e+25,-3.709356177882622e+26,-3.56486371755255e+26,-4.5543125241225685e+26,2.3827102017750487e+26,-1.8296138036554614e+27,1.2319809961706547e+27,-1.0265580282318845e+27,-5.477386800673632e+26,-1.350383351188934e+27,-2.877783790108843e+26,-1.3315830052253464e+27,-2.0758992330134669e+27,-1.972631715492603e+27,1.299125524065748e+27,-1.7884172320445733e+27,2.1336438046329153e+27,-3.009836494543396e+27,-3.450690090688539e+27,7.73631626609235e+27,2.059910943901923e+27,-2.3004144980551912e+26,2.3914538746284403e+27,5.87314802154468e+26,-8.045538065485485e+27,3.5772098457359165e+27,6.201856790740149e+27,3.105104651995601e+27,3.906753793580603e+27,2.4136964151720323e+27,-1.333846937880494e+27,5.527704478967745e+26,-2.5703912738209016e+27,1.9417252805868783e+27,-4.483457189059785e+27,3.5712231140054573e+27,-2.2801399449426888e+27,1.5592068689318224e+27,6.939784142048238e+27,8.523060381389433e+27,7.992206367530086e+27,5.832342683806096e+27,4.2409394856498665e+27,4.044836653599682e+27,4.749018906672523e+27,5.506279180425209e+27
-1.504449778644547e+26,-1.9921752766488325e+27,-1.5437946627397735e+25,-1.245765287046486e+26,-7.922364934533705e+25,-4.128423604479958e+26,4.233802703127325e+26,-3.454895308598661e+26,-4.701054925725149e+26,-3.1620477561275144e+26,2.5094014652987567e+26,-8.554728557552056e+26,-6.20323310647451e+26,3.507440861481321e+26,3.0630465163753338e+26,3.224114405317652e+26,-5.5518262443365096e+26,3.358264532343731e+26,2.1383920574161506e+26,2.1595024348492843e+26,-8.64597401920183e+26,-4.5854946654798176e+26,-4.86424436043251e+26,2.178659236581163e+26,1.2697774608769333e+27,2.4779095572252626e+24,2.930093153530252e+27,-1.0888622179135221e+27,3.546424382310825e+26,3.19905382586335e+25,3.100069534173321e+26,1.0404155845225083e+25,1.3731734049427464e+26,3.8168782806025876e+26,-1.1015672230304045e+27,6.597417210869955e+26,-1.6112321998577773e+27,-4.310210289691526e+26,6.631068454286665e+26,-1.680958447411935e+26,-2.0318899645982667e+27,2.140916027752916e+26,-1.817267663051807e+26,-1.549771078480254e+26,-2.6293873947036097e+26,2.227452900125259e+26,-4.4426722912917127e+24,-1.724502464963716e+26,-4.981638987093592e+25,-5.652972571359924e+25,-7.692777735204681e+26,-6.30704802243686e+26,2.863411735610564e+26,-5.773373264790072e+26,3.982383691522523e+26,-3.291943231734303e+26,2.831630874608733e+26,2.9229053824531943e+26,3.926660266969115e+26,-1.2826466612757457e+26,7.142968453253678e+26,6.673021983518286e+26,2.2224408139185614e+26,2.4111439949163208e+27,9.001705216376896e+26,3.388887762974789e+27,-1.0361274116819993e+27,1.1621985422430002e+27,-5.0381172984901405e+26,2.2897749162753515e+26,-1.027708535236478e+26,-2.9495089695780072e+26,-4.367405393455822e+26,4.676496945203664e+25,3.0185534211356518e+26,-1.6639069836807854e+27,9.554260159776826e+26,-7.920980562833839e+26,2.9553171555497888e+26,-7.863472517617353e+26,4.165588864312423e+26,-9.557862009156794e+26,-1.99338832827967e+27,-1.6271506568891335e+27,1.4129275658889992e+27,-1.430553316223074e+27,2.406424078459944e+27,-2.4422771035796508e+27,-3.640521368656483e+27,6.7713460781708e+27,1.65337556998088e+27,-4.997346834449193e+26,1.9694912360125822e+27,3.774143394807755e+26,-8.425503113209758e+27,4.379578517088805e+27,6.131032780545048e+27,3.5698943364660575e+27,3.732758397931481e+27,2.5056214236731336e+27,-1.4542479038146883e+27,4.785286042776107e+26,-2.8601965279296166e+27,2.0068641444637837e+27,-5.008367826279507e+27,4.0113981324054554e+27,-2.511289793291737e+27,1.8086422956732991e+27,7.78049229484504e+27,9.205996081696094e+27,7.669097401971491e+27,5.470273663338669e+27,4.044836653599682e+27,4.2063995714715373e+27,5.151474554687925e+27,6.075119174919725e+27
-3.1227777578295155e+26,-2.942227087464482e+27,3.351104550399691e+25,-1.8742022693392628e+26,6.701548208375573e+23,-5.061570218569476e+26,6.224606696403877e+26,-3.538516836143094e+26,-5.6576894855853016e+26,-3.3209604997301376e+26,3.547559329111788e+26,-1.2149126372758383e+27,-9.061368947799738e+26,5.894976987144367e+26,6.462726082849162e+26,5.7869568799370664e+26,-8.395333542161954e+26,6.378383334497619e+26,4.32173389059472e+26,5.6222182464829886e+26,-1.1751403517320345e+27,-5.5943805829449346e+26,-7.814088574502177e+26,-8.528294698153648e+25,1.3153831306952417e+27,-5.86864908974013e+25,3.3028712542561686e+27,-1.4763853167747954e+27,8.649906712024743e+26,2.9163828711672234e+26,1.9730338480264764e+26,5.516382576105946e+25,3.6035282079075076e+26,6.0362466140087936e+26,-1.1361949135914135e+27,8.907198286513443e+26,-2.237609582803499e+27,-7.148347329208682e+26,1.0383169541966148e+27,-4.193711281668734e+26,-2.991159139239674e+27,2.08298398130927e+26,-1.8645185238171838e+26,-1.8207773512322267e+26,-2.9790402132387085e+26,3.27188594619823e+26,7.88273106422284e+25,-1.9296563660096833e+26,-2.3738294304752254e+25,8.051296240358238e+25,-1.0391805036646815e+27,-8.809010457441329e+26,4.833644466042113e+26,-7.103186685068361e+26,5.923026099933596e+26,-5.340543090268059e+26,3.820745285141654e+26,3.767717819606635e+26,4.6467247856455896e+26,-3.0784857177739987e+26,6.27795604817696e+26,6.997367693615666e+26,1.5389181022353206e+26,2.54634498716549e+27,8.437232081288572e+26,3.8926929133743773e+27,-1.757436201630102e+27,1.3559606020283985e+27,-5.7798208552868806e+26,2.6465474966946443e+26,-2.9135839180354368e+26,-3.14640386118641e+26,-5.98103758633746e+26,6.30572560738547e+26,5.26317322860663e+26,-2.2550909232455067e+27,8.367719968994186e+26,-9.373902935065715e+26,7.221637422528053e+26,-4.664990314659117e+26,9.538416483642477e+26,-8.56518187001393e+26,-2.6528357625068756e+27,-2.1242994726622915e+27,1.9802045474875471e+27,-1.7386871195383376e+27,3.407420787131792e+27,-2.8973640468175284e+27,-4.8235074989527007e+27,8.147875484041634e+27,1.8436152644701835e+27,-6.937970559038045e+26,2.089628133203878e+27,4.4921769322224866e+26,-1.1108641340162165e+28,6.415602750018976e+27,7.839495156387868e+27,5.052089290106119e+27,4.583074175436766e+27,3.282142472767562e+27,-1.9179770465011782e+27,6.349851101979648e+26,-3.727342760180915e+27,2.5794236751356027e+27,-6.480093417832834e+27,5.232643146279188e+27,-3.4578455283988703e+27,2.682815330347038e+27,1.0511828976966073e+28,1.2334355602858232e+28,9.547417900637861e+27,6.520001268594569e+27,4.749018906672523e+27,5.151474554687925e+27,6.55302707958407e+27,7.939910994070161e+27
-6.29842321404259e+26,-4.334176353010966e+27,1.0044660248672526e+24,-2.1428400892673483e+26,6.301748609077932e+24,-6.974702780810193e+26,8.48789834792936e+26,-4.4153179370447905e+26,-7.424583831776185e+26,-4.229302231699542e+26,5.0922722351238494e+26,-1.6670413065582096e+27,-1.2539316874284607e+27,8.253073039427798e+26,9.433119309778934e+26,8.187168920229583e+26,-1.1463969608994454e+27,9.053655687799721e+26,6.183338834150749e+26,8.524415088862604e+26,-1.594522233255056e+27,-6.608265950342931e+26,-9.737535294088333e+26,-2.301879831197805e+26,1.3913892323261667e+27,-1.5252931649993354e+26,3.802388189594435e+27,-1.9511301887840778e+27,1.2618384794004986e+27,4.753035035680471e+26,1.3431055907373048e+26,9.102528594162041e+24,5.667844858003455e+26,8.917411643744072e+26,-1.4096281563125417e+27,1.2544056896862043e+27,-3.036983412093543e+27,-1.1429962730878869e+27,1.44989306863534e+27,-8.060776514870212e+26,-4.218647318673935e+27,1.9392454118107294e+26,-1.7598126902598154e+26,-2.2162472926641636e+26,-3.657430823800982e+26,5.31893231111058e+26,1.2198226961741548e+26,-2.9342276619739186e+26,-3.4790516858520442e+25,1.9094721189590943e+26,-1.4607366223953257e+27,-1.2463515283112617e+27,7.165249587299165e+26,-9.184337764542755e+26,8.687325149878241e+26,-8.331489969762502e+26,5.426872383213821e+26,4.9034287578269995e+26,5.6025899933184946e+26,-6.773379298436049e+26,4.989987947987564e+26,7.149184331543049e+26,1.2410745427792266e+26,2.7277586433536866e+27,7.33878290775041e+26,4.5622578502906507e+27,-2.594755403159579e+27,1.606747416979909e+27,-6.80531915257164e+26,3.437600893275989e+26,-4.7018753078823205e+26,-3.316336662673506e+26,-7.279310147902516e+26,1.3672370212481536e+27,8.484574435600713e+26,-3.134759175139951e+27,5.069484423792418e+26,-1.1836011353012004e+27,1.0003804389112371e+27,-8.073846302307807e+25,1.4179548290253663e+27,-6.953243522743638e+26,-3.5777733989331675e+27,-2.935073039332009e+27,2.6910814071123007e+27,-2.2248074563737733e+27,4.6277452350157486e+27,-3.5640356961396234e+27,-6.236422262244366e+27,9.856264066273124e+27,2.1345156798356418e+27,-7.858101283265543e+26,2.317156911763207e+27,6.127308832023968e+26,-1.403969069837402e+28,8.782240110310001e+27,9.702417918234748e+27,6.765338276993817e+27,5.490972353036911e+27,4.14465588841627e+27,-2.3527538028055368e+27,8.488761959505163e+26,-4.536246416966448e+27,3.198712653335126e+27,-7.889433668462849e+27,6.439841137198085e+27,-4.4155594549317417e+27,3.7574358792941524e+27,1.3482147608466523e+28,1.5861254153528047e+28,1.1745325204308385e+28,7.711118847064376e+27,5.506279180425209e+27,6.075119174919725e+27,7.939910994070161e+27,9.858470230592699e+27
