0,1,2,3,4,5,6,7,8,9,10,11,12,13,14,15,16,17,18,19,20,21,22,23,24,25,26,27,28,29,30,31,32,33,34,35,36,37,38,39,40,41,42,43,44,45,46,47,48,49,50,51,52,53,54,55,56,57,58,59,60,61,62,63,64,65,66,67,68,69,70,71,72,73,74,75,76,77,78,79,80,81,82,83,84,85,86,87,88,89,90,91,92,93,94,95,96,97,98,99,100,101,102,103,104,105,106,107,108,109,110,111,112,113,114,115
7.015014182070926e+27,-9.333504658344483e+27,5.155840320058955e+27,5.010744347437059e+27,2.948533070554425e+27,2.2668097173907652e+27,4.317131809352471e+26,1.3833289558651065e+26,-9.581031980813318e+25,-8.458786874601592e+26,-9.534373428308448e+26,-5.0546103036393724e+26,-1.9120668933269304e+26,6.893639123695254e+26,3.1968546041352405e+26,6.020864627845242e+26,4.108788549633812e+25,2.117308993651431e+26,2.9377208265437393e+26,-1.7794018507234805e+25,3.374880846081401e+26,-4.789279091748202e+25,-9.036296523780177e+25,-1.8117561970999017e+26,-1.7084235079176934e+25,2.696308158433934e+25,6.5797075457939085e+25,-3.6118649871899564e+26,6.168643737862448e+26,7.291030230470128e+25,2.0664254230024348e+25,-7.674624620108658e+26,1.1681102911057859e+27,2.323098511346199e+27,-2.905441916114656e+27,-5.266025800962015e+27,-1.1173457109141859e+27,2.1766282507537612e+27,-3.538334510184193e+26,-4.457083305048536e+27,-3.935467555427264e+27,-2.812227992815046e+27,-4.1671939740115155e+27,-1.378672124608671e+27,3.238912147232058e+26,-5.284528914361765e+26,4.949154513954671e+26,7.462347329073965e+26,8.491781611243413e+26,-5.218763058268554e+26,-8.46276450632361e+26,-5.1427322370267335e+26,-3.37161006818493e+26,6.137795505889216e+26,-2.8551404994771525e+26,1.8680588807379186e+26,1.7819169868747358e+25,-9.869506385890324e+25,-8.155861517981945e+24,6.452374046419821e+26,5.690903160339326e+25,-1.002631943002586e+26,-1.4794788123550473e+26,2.487361379391768e+26,1.9017713024435533e+26,3.605958687457837e+26,4.221670092865677e+26,-7.004820948355903e+26,2.9270742204444944e+26,-8.30718442928641e+25,2.398347886408777e+26,8.776252084166397e+26,1.0593072192608497e+27,8.995837376855975e+26,-2.870214190305595e+27,-2.0134787280048275e+27,2.5196516846799166e+27,1.0425610639989823e+27,-1.2351596014841442e+26,7.984259162770194e+26,2.764025624670555e+27,1.0456637258330068e+27,-5.283279762315621e+27,-3.146488196410046e+26,-5.871768004179399e+26,1.1159448620440927e+27,-8.557795144671361e+26,9.040271012802354e+26,4.028525951619402e+27,-1.7100268935674895e+27,7.205475600073519e+25,1.9444764715921018e+26,-2.238340621632988e+26,2.1803714559608687e+26,3.964779354531802e+27,2.2251796236889013e+27,1.7472112415797567e+27,1.2593513309542455e+27,5.306446989252855e+26,5.148057357777867e+26,-4.10291401816999e+26,-3.963394572070326e+26,-9.671102281208275e+26,9.10989754557245e+26,2.0202115544260466e+27,1.8491457524881605e+27,-2.6847335489603734e+27,1.1592755480176017e+27,3.679223839176618e+27,3.734764652846393e+27,1.8919481531247468e+27,8.669274555380772e+26,7.233122692023491e+26,1.0493932389938029e+27,1.6913876766850813e+27,2.4694408957310084e+27
-9.333504658344483e+27,1.4509672357828179e+28,-6.316186425102159e+27,-5.684167024234586e+27,-3.752003950920431e+27,-4.218844400110601e+27,-2.606415949197922e+26,-9.024558300944904e+24,8.727511722673467e+26,1.720028724547604e+27,1.0855351458617155e+27,8.900751604745506e+26,4.3126761632256484e+26,-6.777700723249772e+26,3.776918458972368e+26,-8.533382564234482e+26,-1.592995279559462e+26,-5.128576874925237e+26,-3.862602217820953e+26,1.0170069548463447e+26,-6.722307675252423e+26,-2.432679147703283e+23,3.322741511109131e+25,-8.0743994017249e+25,-4.155216425154645e+26,-1.7172585460211596e+26,-1.210458206420425e+27,2.4397562953902457e+27,1.4905111386752405e+24,5.1282520798793284e+26,6.0346318091996574e+26,1.92506343625981e+27,-3.354092692787824e+27,-5.027940277708943e+27,7.456393745832236e+27,6.530831236152485e+27,2.204883701980768e+27,-4.3135567701958317e+27,1.9806449604189234e+27,5.975025066980385e+27,6.063529871155991e+27,3.651267490873628e+27,4.937422958185026e+27,1.9808316861265237e+27,2.254421103840879e+25,6.922876446312335e+26,-4.4727877290792124e+26,-9.692346959406643e+26,-1.0781669332318537e+27,7.121950450146829e+26,1.2022856606101244e+27,8.95618990534172e+26,4.797364821382015e+26,-8.927068168205722e+26,4.33581037749886e+26,-4.33865497561774e+26,-1.7006199556730537e+26,9.946222136330188e+25,-1.0260084289836405e+26,-1.3226787755657e+27,-2.2296736567728152e+26,3.608483071727916e+25,7.387903430539796e+25,-9.658195499618054e+26,-4.850618595693814e+26,-1.514369356296789e+27,-9.963094752995011e+26,8.064758158262789e+26,-5.3948193519668895e+26,1.8014597830954755e+26,-3.832688773809859e+26,-8.676233611054974e+26,-9.541088539887461e+26,-1.2005448384037594e+27,3.70021445485774e+27,3.1229643259452044e+27,-5.421457551074297e+27,-1.0529987816943496e+27,2.4851357607262155e+27,-1.0061973540848613e+27,-6.940072562787566e+27,-8.706847464576259e+26,9.820936104399965e+27,1.2756596299132604e+27,3.19144115370794e+27,-9.173056919998079e+26,4.802625280343802e+27,-3.5276892946534406e+26,-2.714293298508964e+27,1.5121355149051344e+27,-1.1206009931748431e+27,-6.302814959834829e+26,1.103520542316137e+27,-6.845544125002337e+26,-1.0316415034346675e+28,-4.710580344489815e+27,-5.877043079846799e+27,-2.9933847117796423e+27,-2.549508592466755e+27,-1.4972927506417857e+27,1.835959404661859e+27,9.849861708996233e+26,3.2523028215777634e+27,-2.084384783574945e+27,-5.226292814568341e+27,-4.1277108276565316e+27,6.919682138589996e+27,-2.2581237108718687e+27,-8.51134256024295e+27,-9.27644006833369e+27,-5.632404675392993e+27,-2.837357862409715e+27,-2.0710227813836276e+27,-2.747622666373144e+27,-4.253157081217201e+27,-5.972654769379317e+27
5.155840320058955e+27,-6.316186425102159e+27,4.967394272925042e+27,4.1559953194268477e+27,3.5171212752033205e+27,2.6481431361844635e+27,3.7855477195142953e+25,-1.315865965273388e+26,-3.4052544641114574e+26,-1.189605964501226e+27,-1.1586211467601396e+27,-6.31010038311425e+26,-8.460177946432387e+25,5.376689363950975e+26,4.198780731031075e+25,4.599334491496072e+26,-3.298961378213888e+25,1.192838890380787e+26,2.0804870515354568e+26,4.928587027409569e+25,3.927710994335925e+25,3.977359486485262e+25,4.050908213924018e+25,-4.221499368564087e+25,1.0154765925017111e+26,6.461485150481689e+25,8.485086299105633e+25,-4.467192318181183e+26,2.3637618245655093e+26,-1.4383485870197822e+26,-1.024730659975418e+26,-8.183870138136468e+26,1.3894083940333983e+27,2.3472413292267963e+27,-2.4632387461151596e+27,-4.0409919541501135e+27,-7.589771009803124e+26,6.283603238509026e+26,-7.707183312875047e+26,-2.1364363389155502e+27,-1.2860860319446185e+27,-1.0231256309719947e+27,-2.450440852394326e+27,-7.847865447988474e+25,6.579169270404358e+26,-5.187524134940495e+26,2.5732365385881997e+26,1.9417953454144166e+26,3.0730096891823607e+26,-2.1330180075069888e+26,-7.233087664746026e+26,-1.9406716399028243e+26,-2.1262235533520228e+26,6.529377666747359e+25,-1.540742096564503e+26,1.119497466926166e+25,-3.9370112688128104e+25,-4.010751092990494e+25,-2.586893592326812e+25,1.037822752861526e+26,4.742715666585397e+25,-1.4887892975797964e+24,-5.75268093317174e+25,8.776593295620092e+25,8.793513468482268e+25,3.8128061863487055e+25,-9.937108155784019e+24,-3.8119316268137874e+26,-9.438563565022949e+25,8.839057842166542e+25,7.078770331381306e+25,6.446624036428334e+26,9.28801714509528e+26,5.085648014308536e+26,-1.344567227848953e+27,-1.324581149624032e+27,6.0120989461329187e+26,6.895405150073871e+26,-7.350329548528814e+26,5.2162872216065184e+26,2.616082371884543e+27,9.884027387787489e+26,-4.726506511458821e+27,4.5300298562266144e+26,-1.055943106441908e+27,9.193815298657758e+26,-1.1806667920616578e+27,1.0730749276804399e+27,2.246765945831082e+27,-1.881421090413778e+27,-8.470227663071196e+23,-1.1236169793518372e+26,-3.828025000595284e+25,-9.143650514805133e+25,1.5897658362151852e+27,3.165781113854399e+26,8.45676811483433e+26,6.553294342965929e+25,1.6745187530540732e+26,-8.57245871478437e+25,-1.0577375996706892e+26,1.125862573318613e+26,-2.7214453016809863e+26,-7.25309459728392e+25,4.524081124730162e+26,1.5278630974311808e+26,-1.4514157374901196e+27,8.540798893234766e+25,7.951263103187248e+26,9.105848836089347e+26,4.312008762083374e+26,1.3581630432032831e+26,8.018380929347827e+25,1.0429659780427138e+26,2.0928654599561497e+26,4.050711823874598e+26
5.010744347437059e+27,-5.684167024234586e+27,4.1559953194268477e+27,4.30035967058972e+27,2.28240919257419e+27,1.0752603013256598e+27,3.5747313080922934e+26,2.196218317125962e+25,1.4234846086542875e+26,-3.9966261458228514e+26,-1.1169397630485842e+27,-3.537648618853083e+26,-3.2307414335611967e+25,5.146519847378142e+26,3.771979736625305e+26,3.262493368343492e+26,2.498813501155202e+25,5.300753017967365e+25,1.2764499795612867e+26,4.522418729317554e+25,1.9707523078100985e+26,-3.848360898010324e+24,-4.547423983320717e+25,-1.560477595300994e+26,-5.355588145832169e+25,3.8562034664402515e+25,-1.3675081695298665e+26,8.585613201478394e+25,5.211103485979403e+26,1.2373173026386172e+26,1.4243027315489052e+26,-3.6938588654735394e+26,4.6476927843620835e+25,7.458864014961054e+26,-1.1142713904352355e+27,-4.3222449325226545e+27,-4.6739588457714585e+26,1.1138111716882788e+27,1.8350686570193736e+26,-3.00393991142941e+27,-2.3250379821695575e+27,-1.9108211914235819e+27,-3.2965427180463875e+27,-7.527916996593425e+26,4.8462949673126455e+26,-5.396675747627427e+26,3.506289365932701e+26,3.94051596294612e+26,5.163810399572771e+26,-5.8805448644764515e+26,-6.485452428911021e+26,-2.2474604760067844e+26,-2.3581031838930907e+26,2.560744046991497e+26,-1.4656829572899008e+26,7.631781098154168e+25,-2.028528996684107e+25,-4.286695717517188e+25,-3.1111533403280737e+25,3.000954479915743e+26,2.00307067225675e+25,-7.973770254611614e+25,-1.6053173196932708e+26,9.741900406387469e+23,9.098521222031647e+25,-1.202600414609406e+26,-8.986010111877618e+25,-4.006762018193551e+26,5.619082024992905e+25,-4.224997474698778e+25,6.649681531201182e+24,6.630374411322065e+26,8.217537118671237e+26,3.0164221035456265e+26,-2.2198227765742992e+27,-1.3236987206113627e+27,1.0350182094365866e+27,7.485217132087512e+26,3.0834095972244297e+26,3.1810963540371264e+26,8.861168420392892e+26,6.980533073004084e+26,-2.8297558211458973e+27,-1.7744666513271415e+25,3.302805783944436e+26,8.66445337771821e+26,5.434861764142707e+26,7.833865381987872e+26,3.4889239771883164e+27,-1.1477045683337385e+27,-1.643378533644369e+26,-9.519799190300146e+25,5.56996652090949e+25,-7.7258286007498125e+25,1.1358461805438803e+27,4.0466161962296714e+26,3.5080043021691895e+26,5.169247919154973e+25,-7.453380984600377e+25,-1.0215391369182362e+26,4.927847740171992e+25,6.600871469461042e+24,-7.840044393424772e+25,1.2233248145760162e+26,4.405538303726447e+26,4.364341025957869e+26,-8.295769398878444e+26,1.8337885073567597e+26,9.056100498194136e+26,8.245283838706318e+26,2.8447923163986747e+26,9.87482909932227e+24,6.403778750993276e+25,1.683825264187416e+26,3.1900282540043836e+26,5.339104485005136e+26
2.948533070554425e+27,-3.752003950920431e+27,3.5171212752033205e+27,2.28240919257419e+27,3.0590659658785764e+27,2.732213712756674e+27,-1.9164393610968963e+26,-1.48015608618072e+26,-5.12415563338636e+26,-1.268648735417535e+27,-6.394846979945472e+26,-5.752459352705456e+26,-1.0182473511650355e+26,3.449139222793038e+26,-1.7226408961133993e+26,3.617773537428866e+26,-8.492120335191091e+25,8.80524846205596e+25,1.7639907820597127e+26,3.5242132971117073e+25,-1.458298968328135e+26,4.6562760883910495e+25,9.72863960046401e+25,5.55920711358131e+25,1.4360704430395002e+26,3.101696513070224e+25,1.2182140441366842e+26,-4.4531998537229134e+26,-2.6961471132907784e+25,-2.2956454906523696e+26,-1.8112597627274912e+26,-6.701109923827578e+26,1.783109335066658e+27,2.5429098081798463e+27,-2.059223355976269e+27,-2.0013002708924153e+27,-6.521863133095439e+26,-2.8125866390345366e+26,-1.0808110690070899e+27,-3.493673330602119e+26,4.229063972650901e+26,2.540743633506245e+26,-6.614633717705436e+26,6.244569838805535e+26,6.135944284275479e+26,-2.480555679466173e+26,1.0924764461414835e+26,-6.389486328302249e+25,-1.0612816680196906e+25,2.8289277489851652e+26,-4.522666752207413e+26,-7.838313062517222e+25,-7.676482468133862e+25,-1.3700342841396319e+26,-7.15578300003069e+25,-6.80105852369349e+25,-6.033016868023939e+25,-2.354487857810342e+25,-2.3606505838954196e+25,-1.5772547015565487e+26,2.7840747427985095e+25,5.28609472272504e+25,6.2145188447126106e+25,6.359570353549725e+25,1.4307642517713214e+25,8.599212300548241e+25,6.583563291267926e+25,-2.081216666945787e+26,-1.9343908531275726e+26,1.6026386583484277e+26,9.843828412508333e+25,3.91352720985057e+26,6.986247302194073e+26,5.3082368671239296e+26,8.41734698093833e+25,-6.659194878141569e+26,-2.861473945930421e+26,3.9282460502561234e+26,-1.0323392606768094e+27,5.1179900647747634e+26,2.598705612618434e+27,9.383711987010746e+26,-3.968707029265408e+27,8.887831542490741e+26,-1.5314868146139203e+27,6.747500867903627e+26,-1.7775230863805835e+27,1.0343138044731394e+27,3.01446638734447e+26,-1.860538489646081e+27,2.5251140953339075e+25,-7.875986970067835e+25,-1.3829313859157893e+25,-6.649657571167932e+25,7.10593552966315e+26,3.3720055708644857e+25,4.693790506670125e+26,5.734643216271713e+24,9.979041714031532e+25,-5.551617688340824e+25,-3.7261769120754457e+25,1.6469188816779073e+26,-9.307676000587696e+25,-2.519965288107383e+26,-1.5429036004634708e+23,-2.9189632704214203e+26,-9.142003276431251e+26,-4.126808928842501e+25,5.19240811204407e+25,2.1528759412543665e+26,7.5673900836033076e+25,5.472708293158761e+25,-2.1702739651179302e+25,-1.048903710662408e+26,-1.4270905181920367e+26,-1.0878137375251564e+26
2.2668097173907652e+27,-4.218844400110601e+27,2.6481431361844635e+27,1.0752603013256598e+27,2.732213712756674e+27,3.8704447941156437e+27,-3.1389650952730505e+26,-8.751567578195663e+25,-1.097900516762862e+27,-1.6736040788659234e+27,-6.336494296634815e+25,-7.682149711625091e+26,-2.8932957023440292e+26,1.0959315418874007e+26,-8.303399380886814e+26,4.1847395360446846e+26,-7.197123586064331e+25,2.8271185838468634e+26,2.3567776925392265e+26,-7.738459656658054e+25,-1.770430280582242e+26,4.1525089197493825e+25,1.3746495645652372e+26,2.711695466903218e+26,3.4832574471374106e+26,3.1014723835120874e+25,7.054506981510288e+26,-1.6770041647322562e+27,-6.860095939727397e+26,-6.650927477409384e+26,-6.990655114649181e+26,-1.2240583635131512e+27,3.6501522107514113e+27,4.5673238498337517e+27,-4.304136950216432e+27,-8.819080708076302e+26,-1.3034349755893416e+27,-1.9806062389550677e+26,-2.3837357043642667e+27,3.789912438165743e+26,1.1948461277279261e+27,7.433810240584242e+26,1.7868361496050632e+26,8.350212578135854e+26,6.887744646559425e+26,-1.2838630894980242e+26,8.913468302449245e+25,-1.1102334626038646e+26,-6.235529917765054e+25,6.413106595956256e+26,-4.7874605638742834e+26,-1.7723358565422585e+26,-9.163380885679292e+25,-1.902715507728984e+26,-1.1558138254477861e+26,-7.227275504200706e+25,-5.921168881103988e+25,-2.6985417550012028e+25,-2.5140824315344506e+24,-1.2976206779731526e+26,7.155380266373309e+25,1.0818090001697969e+26,1.9347195823967777e+26,3.390866039319124e+26,6.941263781405352e+25,6.287694062943198e+26,4.0243640104241786e+26,-2.7485695556100148e+26,-2.5108456026223936e+26,2.2446161855713563e+26,2.1569373068130334e+26,4.588533506405578e+26,8.993727115500339e+26,1.014134905265786e+27,7.802518442315521e+26,-7.323235248816044e+26,6.513193386274178e+25,4.4646754352957165e+26,-2.7479953518864705e+27,8.824385848560578e+26,5.213189264881403e+27,1.3837854080524307e+27,-5.669593612594465e+27,1.248465430645313e+27,-3.601442684857494e+27,8.124166635151181e+26,-4.833158381753634e+27,1.3685088014108258e+27,-2.6544986189450647e+27,-2.6355348619905557e+27,6.645984078215662e+26,1.2762316642081362e+26,-4.9053572251638855e+26,1.6501067223442995e+26,3.2383982117528253e+27,1.0478392851974048e+27,2.3223523796880717e+27,7.861799076480261e+26,1.1536255172063479e+27,4.147530768852709e+26,-8.091380209405986e+26,-2.2772295681088646e+25,-1.237995017284938e+27,1.1264290547949884e+26,1.304870860932211e+27,4.0647042248759715e+26,-2.833444665659252e+27,4.091397270894294e+26,1.824572601113088e+27,2.3084384628570227e+27,1.5047383707763268e+27,9.605193796196822e+26,5.83059464527751e+26,5.780892521698578e+26,8.428038331055793e+26,1.2039509067567793e+27
4.317131809352471e+26,-2.606415949197922e+26,3.7855477195142953e+25,3.5747313080922934e+26,-1.9164393610968963e+26,-3.1389650952730505e+26,7.114196195690506e+26,6.799239224572027e+26,5.572700630345261e+26,5.017067590137199e+26,7.298278713133087e+26,2.8756467870517414e+26,-1.3514749476411212e+26,2.7650317041961893e+26,5.2796249163706474e+26,1.6189120930146707e+26,-4.257993700080095e+23,2.0468819774531037e+25,1.0980024675224213e+26,-1.1489634352480498e+26,5.258646054477103e+25,-1.5514424651496056e+26,-1.2350718702524553e+26,-1.0921560551359053e+26,-2.9409634416594234e+26,-1.597387516499882e+26,-3.9285095633981836e+26,6.822965935059268e+26,5.829180941587947e+26,4.24138112919298e+26,2.414488254001065e+26,4.105870648567685e+26,-2.365385950835269e+26,-9.971744367811766e+25,1.0465638028930883e+27,-2.6895209041152235e+24,-7.882591061961984e+25,9.57597027466778e+25,7.503138992242202e+26,-5.1996680237216444e+26,-2.3612302795133822e+26,-4.192810144840407e+26,-5.449382045277444e+26,-2.0644638377799453e+26,8.233031553527553e+25,4.13884738171072e+26,3.497864350735551e+26,2.716837164023415e+26,1.9185361370656558e+26,4.745578447959028e+26,2.2712669072690396e+26,-1.2441476777033998e+26,1.2014161493434033e+26,2.4180445182302038e+26,5.871332931065419e+25,-2.0939426520147986e+25,-8.098061227266815e+25,-4.444033457739077e+25,-5.68629948504325e+25,8.12230883749235e+25,-9.479343789906816e+25,-1.2813512953162708e+26,-6.0960057136736766e+25,-1.83209805514727e+26,-7.658296164790087e+25,-1.620819676398049e+26,1.1433464679487003e+26,-1.2564214974997095e+26,1.6066980340342617e+26,-1.3076981641101363e+26,1.7813488104530597e+25,1.5505416817273007e+26,1.9193778008248845e+26,2.485140548619591e+26,-5.829783284057623e+25,3.393420163907625e+26,-7.890258180591168e+25,2.8088800036259143e+26,1.2110233660088372e+27,1.0347563801696317e+26,-7.801640717576127e+26,3.2693790283302606e+26,1.04357024304621e+27,6.45491528054555e+26,1.0453895400672585e+27,4.2039188581831384e+26,1.2810075660347224e+27,4.9141343542446185e+26,1.4039758304819713e+27,-4.88475312951731e+25,-1.2896204261625117e+26,1.4571509210981377e+26,-4.434753368505119e+24,1.5695804571415853e+26,-2.6896703574324567e+26,6.912839623974205e+26,-6.724685378225678e+26,3.771332313582664e+26,-2.1798644773724697e+26,2.1253410177042992e+26,3.787725045969521e+25,-2.4182541214412917e+26,-4.228903764179924e+25,4.32886213956661e+26,3.836472182444214e+26,6.445711847483107e+26,1.902092590492755e+26,4.6495503643114835e+26,7.093142048443755e+26,2.3118754972958488e+26,-2.644417977945513e+26,2.8516019130908375e+25,2.050164708011258e+26,3.318340957545112e+26,4.747102979877454e+26,5.966536743379238e+26
1.3833289558651065e+26,-9.024558300944904e+24,-1.315865965273388e+26,2.196218317125962e+25,-1.48015608618072e+26,-8.751567578195663e+25,6.799239224572027e+26,7.735788972220209e+26,5.6048650108192786e+26,5.017777827355725e+26,9.3013747719763e+26,2.569045683616181e+26,-1.795986576570938e+26,2.1207973569513517e+26,5.122584690112542e+26,1.2585813709312977e+26,-3.1777251882668344e+25,-1.5794201501521076e+24,1.2089663246039079e+26,-1.3142053545109962e+26,-9.162460560685821e+23,-1.5850769623852135e+26,-1.0607643668841732e+26,-6.225673008489463e+25,-2.6666230530315865e+26,-1.6470547398162142e+26,-3.325780718982268e+26,6.609698188873619e+26,5.533284570752131e+26,4.535835124522366e+26,2.327349736827709e+26,4.833365565183497e+26,8.600399774422216e+25,2.9438956908852968e+26,1.014781545146625e+27,4.5683067954670996e+26,-1.8361070930187304e+26,-1.19909876876993e+26,6.618165887697876e+26,-1.6837873249721607e+26,1.9683833602821793e+26,-1.3355642138084079e+26,-1.7888814145647596e+26,-1.2140760213527324e+25,1.3205093937270556e+26,4.349314934852504e+26,3.256309949543322e+26,2.3580120549740196e+26,1.538843916887021e+26,7.02566104958421e+26,2.4812910683136268e+26,-1.2815471679126557e+26,1.2202926453420797e+26,2.2387629000006363e+26,5.230567040802158e+25,-3.299498136871637e+25,-7.79673545553641e+25,-4.382958105538137e+25,-5.100747268707055e+25,3.7034617851686907e+25,-9.58797881617986e+25,-1.1192426589616856e+26,-2.30315337343943e+25,-1.5498355161929902e+26,-8.392273804860902e+25,-7.200187689403991e+25,2.4987892011520997e+26,-1.4500021084826542e+26,1.5864007379948356e+26,-1.0188446355693498e+26,8.676685954125359e+25,1.6647240607800586e+26,2.5896182121803743e+26,4.495890781814945e+26,3.542332627853398e+26,4.08391005101561e+26,-1.7657867330828845e+26,2.936945866156899e+26,1.1349463549492902e+27,2.5775022993276125e+26,-5.340074166476985e+26,5.121970637804372e+26,9.402194345643889e+26,8.976400205343839e+26,8.266708905420237e+26,4.84307410823687e+26,9.188639152854358e+26,6.553479984924962e+26,6.726795995582229e+26,-3.891060644468459e+26,-5.316855445071136e+25,2.0138432429129584e+26,-7.639261266498646e+25,2.0874269773700206e+26,-1.5202353755613286e+26,9.474615894576615e+26,-6.149821647424928e+26,5.8471048446581446e+26,-1.2156247891419936e+26,3.264516291871037e+26,-5.429403274689527e+25,-2.8865924764034753e+26,-1.687419749275427e+26,5.1063835333034146e+26,5.3037170136448765e+26,7.551304451075679e+26,8.764276873489383e+25,6.300744353097387e+26,9.36616304680493e+26,4.72457508659273e+26,-1.286631482528208e+26,1.5094625112372176e+26,2.9040422066821926e+26,4.2482893596118616e+26,6.0605689177664545e+26,7.673075588454861e+26
-9.581031980813318e+25,8.727511722673467e+26,-3.4052544641114574e+26,1.4234846086542875e+26,-5.12415563338636e+26,-1.097900516762862e+27,5.572700630345261e+26,5.6048650108192786e+26,8.551651261034015e+26,8.203366604523202e+26,4.8563659221039515e+26,4.518528470635844e+26,4.852895509034476e+25,2.534529715192531e+26,8.240809112003336e+26,3.10808386141299e+25,-5.739669641539265e+25,-1.2806051623098423e+26,7.110894476423936e+25,-7.590940397216665e+25,-1.0174869666875463e+25,-1.3477211255056657e+26,-1.2827899924847069e+26,-1.5308669868165239e+26,-3.225198881037552e+26,-1.3067624179507563e+26,-5.463382619210956e+26,1.2055967296368585e+27,8.413184036409916e+26,6.834151021965986e+26,5.054340554680786e+26,7.898043119292366e+26,-1.1351813227771638e+27,-1.1571864831932369e+27,2.209429379544954e+27,1.981989704891091e+26,4.4273638126239065e+26,-1.6440802075887393e+26,1.3888969656213407e+27,-4.549357547489845e+26,-3.715250337049917e+26,-4.14506600768886e+26,-4.0767993597045993e+26,-2.677101760850724e+26,-8.763788575096167e+25,2.6149387376090286e+26,1.876533189725473e+26,2.0331491722730894e+26,1.4568065975651975e+26,2.4016960353040938e+26,3.0760367375480467e+26,2.47159500146527e+25,8.770018268190064e+25,2.20143956362417e+26,5.6935405352657595e+25,-1.4197342618976568e+25,-3.4923477614171162e+25,-2.3958662326863326e+25,-3.704150539105961e+25,9.409845016874772e+24,-9.092778503544719e+25,-1.1204936166822944e+26,-8.92209407703682e+25,-2.4282472327606548e+26,-8.559009500169893e+25,-2.9891488961028155e+26,5.132005257491828e+25,-4.794391618957756e+25,1.8741420704887718e+26,-1.229681122982914e+26,1.592500862441378e+25,1.2520973664002953e+25,-4.3767355480041205e+25,4.096659341963735e+25,-1.1337454471598504e+26,4.986586691706468e+26,-2.7128779655142996e+26,1.0601096997550838e+26,1.9504007963315106e+27,-4.412673250900483e+25,-2.1347758736928264e+27,-1.0815104499149709e+25,2.3781856917066847e+27,2.4686392910791268e+26,1.9913317819184734e+27,1.3617178754578391e+26,2.6001157101801e+27,9.484648192929008e+25,2.030571878715817e+27,3.744385568450815e+26,-3.1103477254986764e+26,7.980231767404118e+25,1.151041872077146e+26,7.183689364387479e+25,-1.387694464181903e+27,3.0183444068171282e+26,-1.4283544638233437e+27,1.251836649278311e+26,-5.732315778257524e+26,6.2797602207578335e+25,2.556500360997114e+26,-1.7555223884285858e+26,3.311437326039938e+26,3.0275478787076428e+26,-9.472270970043726e+25,3.827456294143954e+26,1.0397591636004289e+27,3.2025205394228805e+26,-4.495792948564079e+25,-5.935229670348945e+26,-7.428272715848452e+26,-2.7808299896397873e+26,-1.3813348480870778e+25,8.233714451898144e+25,1.0025014967206304e+26,7.09190850464562e+25
-8.458786874601592e+26,1.720028724547604e+27,-1.189605964501226e+27,-3.9966261458228514e+26,-1.268648735417535e+27,-1.6736040788659234e+27,5.017067590137199e+26,5.017777827355725e+26,8.203366604523202e+26,1.0753597339140107e+27,5.3306680983430736e+26,4.384206245643807e+26,1.3475882922258091e+25,1.0378844307940244e+25,6.238978378270573e+26,-1.593331914879533e+26,7.305703746870072e+24,-1.2826838247960015e+26,-4.034792607252136e+25,-5.693692950995325e+25,6.525471304852345e+25,-1.1144098377864388e+26,-1.185478459461464e+26,-1.2049314520168609e+26,-2.8099420642684408e+26,-1.0470033773051765e+26,-4.226399326210713e+26,9.990272798808203e+26,5.573645844579553e+26,5.464771020422268e+26,4.0620353114167616e+26,8.19330970188546e+26,-1.3830925753175138e+27,-1.602339593766866e+27,2.2794311412517988e+27,6.193076997591079e+26,3.896741698651923e+26,-1.3224370196405962e+25,1.3674615597008446e+27,-2.6073869934939594e+26,-3.214422183933616e+26,-3.997447994982373e+26,-2.1897947510326955e+26,-3.456091404267478e+26,-1.6495200792334945e+26,2.2402651700258836e+26,1.3223342426646841e+26,1.7765940578344354e+26,1.3047633770954433e+26,1.2323300718164203e+26,2.9678885609950132e+26,1.9255300346003807e+24,7.340398854883879e+25,2.051482633059581e+26,5.663264554420794e+25,1.0816807676071227e+25,-1.2273359080556822e+25,-1.2315939892125965e+25,-2.5027325125350434e+25,7.032812135860233e+25,-8.401640121732169e+25,-1.0416017218792864e+26,-8.45626385530147e+25,-2.120566744322562e+26,-7.544311929909185e+25,-2.5463702738526268e+26,4.888246743467043e+25,-5.597805928580845e+24,1.91912705103868e+26,-1.305830647750299e+26,4.919911570271587e+24,-4.606908853815496e+25,-1.3839671658154934e+26,-3.1293372684966742e+25,-1.2205966454498792e+26,4.6689104683170136e+26,-8.82861632127921e+25,2.850997152982798e+25,1.701342569176146e+27,-1.0591794619418115e+26,-2.3367285279135967e+27,-1.4898304616928564e+26,2.856395549026047e+27,4.284641120573652e+25,1.899381409832332e+27,3.732642119210073e+24,2.3494145791556864e+27,-9.31229706172463e+25,1.0966453959966869e+27,6.14709324587122e+26,-2.2954543399921556e+26,8.332442687069325e+25,9.595478111359754e+25,7.0775318500967275e+25,-1.2231072512150007e+27,2.709330674421505e+26,-1.1705758587928105e+27,1.2735184678305759e+26,-4.398893832340393e+26,6.842384061318644e+25,2.0964940828566544e+26,-1.762398348937113e+26,2.8907270190441036e+26,2.9214269157407666e+26,-9.335769179456034e+25,3.5510936523039354e+26,1.0857508179985694e+27,2.9204837395671228e+26,-1.8895614377641285e+25,-4.5516597475751984e+26,-5.517508125726464e+26,-2.2456595097925017e+26,-1.6940067776094192e+25,7.633003658492364e+25,1.0663420080435508e+26,8.704097735899787e+25
-9.534373428308448e+26,1.0855351458617155e+27,-1.1586211467601396e+27,-1.1169397630485842e+27,-6.394846979945472e+26,-6.336494296634815e+25,7.298278713133087e+26,9.3013747719763e+26,4.8563659221039515e+26,5.3306680983430736e+26,1.6429595245778938e+27,2.0882986931098376e+26,-3.4614351525101804e+26,9.498688640910693e+25,4.2631935382013325e+26,9.603547736251659e+25,-1.0861140899865167e+25,1.963523437152108e+25,1.1355797917948664e+26,-1.6617863987989874e+26,1.138098662158316e+25,-2.107618071815723e+26,-1.2141151101719076e+26,-5.995556046299406e+25,-3.501945933322423e+26,-2.403486062254904e+26,-4.2765575190714516e+26,8.450569994728537e+26,4.773686848301962e+26,4.580633976385753e+26,2.315249161026222e+26,6.987392573794181e+26,3.73067606301994e+26,5.060202412163823e+26,1.4992162351545215e+27,1.681614953018691e+27,-5.001926527577685e+26,-2.9543216838895e+26,5.599827115926907e+26,5.6857991392449407e+26,9.827545652769422e+26,3.501811956139335e+26,6.338133351914178e+26,2.1910972676133234e+26,1.6833770319003315e+26,7.964823445266074e+26,4.852477186496929e+26,3.060170641138886e+26,1.3866931856666107e+26,1.2698527414731677e+27,3.317479206744986e+26,-2.5772296848921373e+26,2.3382471957149557e+26,2.9107826442776278e+26,9.129710213689066e+25,-4.610184150529308e+25,-1.2659703714371331e+26,-7.428120625265416e+25,-7.822634790459755e+25,4.5425224444970155e+25,-1.4343852036803613e+26,-1.5056094107295443e+26,5.13002472484579e+24,-2.177999087870834e+26,-1.3794467819734403e+26,-7.434204500600763e+25,3.693449473118001e+26,-1.7340383020472486e+26,2.0360065610727e+26,-1.354592402049036e+26,1.2003886384339857e+26,1.7457115281625748e+26,3.2046026618240045e+26,6.643241900578703e+26,1.1327881709359014e+27,6.047964115913261e+26,-3.794182483823846e+26,3.528490106511812e+26,1.2746614921509838e+27,3.699571368524412e+26,-6.1628584300547256e+26,7.539982408352155e+26,1.1722880377992427e+27,1.4561229740248502e+27,5.9291225732327356e+26,6.453172560373281e+26,5.8189197621716436e+26,9.545788543045341e+26,-2.9436259109711184e+26,-5.014034389448095e+26,-9.273203633199486e+25,2.9328506939457487e+26,-4.886724835514799e+25,3.0193473872479428e+26,-4.247478130210738e+26,1.260900318996723e+27,-8.962661642395553e+26,8.157137781866335e+26,-1.9325606954123696e+26,4.7211898651133925e+26,1.6582245397572013e+25,-3.8264911226047416e+26,-9.556912253078429e+25,6.401414421215732e+26,5.1186470025160165e+26,8.644647865785705e+26,3.895063997541794e+26,8.375515195385053e+26,1.102035229119084e+27,5.2747885975177366e+26,-2.2277688589000038e+26,1.9707497430862832e+26,3.6000552267815694e+26,4.986179297253247e+26,7.068247895389532e+26,8.949351228131681e+26
-5.0546103036393724e+26,8.900751604745506e+26,-6.31010038311425e+26,-3.537648618853083e+26,-5.752459352705456e+26,-7.682149711625091e+26,2.8756467870517414e+26,2.569045683616181e+26,4.518528470635844e+26,4.384206245643807e+26,2.0882986931098376e+26,5.984817310418636e+26,2.448993289064681e+26,2.9352878106355135e+26,4.71736654829594e+26,1.9020878235750114e+26,-1.1651915975666062e+25,4.6056039286758276e+25,1.0912924765136798e+26,-1.2603562893264166e+26,-3.4611262878374104e+25,-1.4552696925407448e+26,-1.6082521942843155e+26,-1.3581803773861442e+26,-3.0802975290897556e+26,-1.4672869752154045e+26,-4.340280209820557e+26,6.016564161060857e+26,5.327280978329734e+26,3.7026710745241106e+26,2.3320229527084363e+26,2.993308839515132e+26,-6.947574093349287e+26,-8.152696078988893e+26,1.1039140218059467e+27,4.6868692814162175e+26,8.092471745461868e+26,-1.004338677468834e+26,7.50664479081171e+26,-1.212344251724079e+26,-3.543193896009475e+26,-1.8343824350132847e+26,4.291571401279861e+25,-2.3756490266291272e+26,-2.8401532626428313e+26,1.7419101222198074e+26,-8.930512607998982e+25,-5.298132027416483e+24,-3.6777467928507824e+25,-1.0406996446951227e+26,5.1638515548033566e+26,2.4968116346198176e+26,1.1451112251695806e+26,5.349054487468226e+25,1.2456949243393364e+26,-6.902605541030372e+25,-3.959810407601863e+25,4.8125198737655954e+24,-3.974164273235778e+25,-9.957011605171746e+25,-8.407040727891735e+25,-8.864929363941434e+25,-6.410918028906527e+25,-2.3140954042663875e+26,-9.936759561962238e+25,-2.844759133305016e+26,-6.940631373036888e+25,1.1199993415060232e+26,9.44088535022321e+25,-8.17612300765907e+25,-4.247045744768529e+25,-2.0499372922071053e+26,-3.433010605225362e+26,-2.5945654045743208e+26,-7.925422440632805e+25,8.249726520472462e+26,-4.401829421561986e+26,-1.969746701417211e+26,1.093087040191044e+27,-2.7383190565546055e+26,-1.2362831290805364e+27,-4.346544942256854e+26,1.9665906495766096e+27,-2.7241417781085255e+26,1.2203514813758681e+27,-2.944683696513065e+26,1.6755309890321099e+27,-4.226126491077723e+26,1.8370304175684931e+27,1.0300852455903564e+27,-1.5302657191468759e+26,4.161639294644781e+25,4.245185417157322e+25,4.493227907366013e+25,-7.778293282907683e+26,-5.198569900955158e+25,-7.913909124681063e+26,-9.08093995753775e+25,-3.219286582545098e+26,-1.461099213095409e+25,8.051049851316694e+25,-1.0814797170878944e+26,9.918906475838289e+25,1.817436396747547e+26,2.032309340652974e+25,2.344837357391085e+26,4.056275598762718e+26,6.079452829565764e+25,-1.5935041747035496e+26,-5.831078220289731e+26,-6.32674163800084e+26,-2.479219551290585e+26,-2.1269119705955674e+25,5.635132793626967e+25,5.577418743310558e+25,4.5554107429191795e+24
-1.9120668933269304e+26,4.3126761632256484e+26,-8.460177946432387e+25,-3.2307414335611967e+25,-1.0182473511650355e+26,-2.8932957023440292e+26,-1.3514749476411212e+26,-1.795986576570938e+26,4.852895509034476e+25,1.3475882922258091e+25,-3.4614351525101804e+26,2.448993289064681e+26,3.686719808287674e+26,1.4039211671268399e+26,1.3405762711918165e+26,1.4731516448502875e+26,-6.450049021714789e+24,9.790804348331865e+25,9.991225773163503e+25,-7.94988597758859e+25,-6.794855657944835e+25,-9.006642611774784e+25,-1.5083589675404008e+26,-1.5306014066814849e+26,-2.1083129305784265e+26,-8.656096076584916e+25,-3.287572778993785e+26,2.0301506140119356e+26,2.1296691932433117e+26,9.118763774099905e+25,5.842842414152738e+25,-7.962756035054068e+25,-3.785257006623458e+26,-4.797136080151931e+26,2.7464120550458187e+26,-4.763212870535959e+25,7.611209109887907e+26,-1.2505330304634973e+26,1.8369078969271712e+26,-5.092943010048726e+24,-2.3527884464775395e+26,-2.996288191392756e+25,3.371116263576267e+25,-7.76113966262431e+25,-1.734683399396174e+26,-1.607378983434735e+26,-2.181844637134865e+26,-1.5323320079689966e+26,-1.0696909475771476e+26,-3.695869431263251e+26,1.9267457128651028e+26,3.604785904160585e+26,-1.4288589695732446e+25,-1.1913677398013306e+26,7.177977844913058e+25,-7.146880697371812e+25,4.36792772534125e+24,4.405466302019265e+25,-1.7880000993326898e+25,-1.7537488705602494e+26,-3.954235394803989e+25,-3.559609775353511e+25,-5.787243192903573e+25,-1.751441565201658e+26,-6.858731708392346e+25,-2.8226283387924096e+26,-2.31442948286146e+26,1.63721355141728e+26,-4.586117070211414e+25,-5.467227991002766e+24,-9.703843926763618e+25,-1.9110845776944967e+26,-3.0628778830629106e+26,-4.197519028240202e+26,-1.984609462207651e+26,3.743817887495851e+26,-4.774546270045608e+26,-2.5249102778673054e+26,3.362940693884078e+26,-3.412342814260974e+26,-5.1390535671216995e+26,-4.9702739163214445e+26,7.500947836351769e+26,-5.050371147854609e+26,4.400619934394676e+26,-3.812088183112209e+26,7.792954702155196e+26,-5.1988615225524435e+26,1.3364423023439138e+27,8.50812705564829e+26,-1.5331550288684233e+26,-8.439715050698428e+25,9.891450809420478e+25,-7.5265605747470965e+25,-6.975727100284976e+26,-6.294867694086238e+26,-4.7655797002514306e+26,-4.647686110304774e+26,-2.9643235708336627e+26,-2.237001538242807e+26,1.123824321802497e+26,6.690601094255132e+25,1.770074538895364e+26,-1.1970844286552765e+26,-2.627770229138825e+26,-2.0931381594378656e+26,2.1713604437571705e+26,-3.042249427794633e+26,-7.490440628471851e+26,-9.59337729251767e+26,-6.738635027734687e+26,-3.773630250603993e+26,-1.9328830356020267e+26,-1.9067630809869167e+26,-3.0757588948207737e+26,-4.64663788573554e+26
6.893639123695254e+26,-6.777700723249772e+26,5.376689363950975e+26,5.146519847378142e+26,3.449139222793038e+26,1.0959315418874007e+26,2.7650317041961893e+26,2.1207973569513517e+26,2.534529715192531e+26,1.0378844307940244e+25,9.498688640910693e+25,2.9352878106355135e+26,1.4039211671268399e+26,4.037643794430767e+26,4.236230758443483e+26,3.246619052099468e+26,-4.967870414508158e+25,7.398310230724856e+25,1.7944212242604976e+26,-1.068002678723817e+26,-4.512916338857763e+25,-1.217565055138512e+26,-1.2796092291267874e+26,-1.3730184458382962e+26,-2.4238414471380234e+26,-1.212464350752996e+26,-3.8587394777091155e+26,5.105736239368708e+26,5.603309893278254e+26,3.111338283968061e+26,2.0464384074880635e+26,1.0472405628569846e+26,-1.3028842047034707e+26,2.755769540497846e+24,4.5994550912157844e+26,-3.882163502810428e+26,3.7409828038831985e+26,5.139813222511804e+24,4.0824595935010976e+26,-4.892686208462412e+26,-4.40910068983168e+26,-3.0490883812512216e+26,-4.1628346086922344e+26,-1.6206322355218948e+26,-4.049652317971299e+25,1.554466240072301e+26,9.842564554276981e+25,1.0353117529739675e+26,6.851682962804243e+25,5.380597112191132e+25,2.2601449355821255e+26,1.0011791788095981e+26,7.314949894742244e+25,1.0179425925023347e+26,6.23432435427264e+25,-4.108268668450289e+25,-5.222094482532204e+25,-1.836359760979275e+25,-4.08332410810315e+25,-4.161776052973222e+25,-5.4775530885341626e+25,-8.083005295139367e+25,-6.356417844872026e+25,-1.5547312196671934e+26,-5.366684623324061e+25,-2.0354715168133316e+26,-6.14749326748076e+25,-1.7847443114337407e+25,7.165101964904703e+25,-7.414860572615634e+25,-4.05195723614496e+25,1.3842089816035305e+25,-2.0238842061144442e+25,-6.548060410958344e+25,-2.242786766041112e+26,3.4296821174569204e+26,-2.451699251675475e+26,5.965360095692972e+25,8.545329674479264e+26,-9.87461661621772e+25,-4.122284275727445e+26,-4.397817827066819e+25,4.128228780788772e+26,8.737273110511085e+25,7.216586007046095e+26,7.517069341788227e+25,1.1035904411982549e+27,3.908410564046574e+25,2.098562613318081e+27,3.51491023937072e+26,-1.650646377769552e+26,3.0212041609678772e+25,3.56707249812961e+25,4.4753289438158135e+25,-3.680722863289805e+26,1.0461598445751882e+26,-5.92253154636116e+26,-1.226183922087409e+25,-2.790730406351024e+26,8.273648175626147e+24,7.0255311839314945e+25,-9.179201791004327e+25,3.911333291135031e+25,1.8251096084579218e+26,1.4143664224255968e+26,2.896037008169465e+26,5.970278877435993e+25,1.0173298785428796e+26,1.118647336349537e+26,-2.6295771492843296e+26,-4.485191095054869e+26,-1.3864279560250146e+26,5.006287298163835e+25,1.2247723523207348e+26,1.5078589993234124e+26,1.5579419179259464e+26
3.1968546041352405e+26,3.776918458972368e+26,4.198780731031075e+25,3.771979736625305e+26,-1.7226408961133993e+26,-8.303399380886814e+26,5.2796249163706474e+26,5.122584690112542e+26,8.240809112003336e+26,6.238978378270573e+26,4.2631935382013325e+26,4.71736654829594e+26,1.3405762711918165e+26,4.236230758443483e+26,9.768779348179003e+26,2.0223951749870536e+26,-1.1351581532757674e+26,-1.1403748586218507e+26,1.9183155886636335e+26,-7.7076890847457514e+25,-5.608753781008033e+25,-1.6151666874446465e+26,-1.601394279131688e+26,-2.5241052189228773e+26,-3.91683968714357e+26,-1.6061993828374223e+26,-7.526733434994678e+26,1.5483868279595915e+27,1.1144347337004454e+27,8.034183189998639e+26,6.26567453730095e+26,7.8838814036288e+26,-1.1056408648826821e+27,-1.052326789989889e+27,2.3899458250826644e+27,-5.214807962054773e+25,5.7951802586680474e+26,-1.9569635142316165e+26,1.437985509086173e+27,-6.61635201633089e+26,-5.97985133510426e+26,-5.006703918421704e+26,-5.3735686791597084e+26,-3.0327543269552053e+26,-1.0599240235274796e+26,2.7009663721388297e+26,2.0931795125298292e+26,2.387143174507242e+26,1.7172914145376633e+26,2.458838093199047e+26,3.1583826031827246e+26,6.34824460969855e+25,9.590979822289196e+25,2.5719170733831502e+26,6.643822787859744e+25,-1.094436159534324e+25,-3.912873734469862e+25,-2.8151140691795814e+25,-4.232606693907363e+25,1.36850202136939e+24,-9.27472282260184e+25,-1.3005257254653047e+26,-1.1015378989719817e+26,-2.650644352437801e+26,-8.412226232305915e+25,-3.482011303428146e+26,1.6974417535969384e+25,-4.993202392287226e+25,2.1527529779671225e+26,-1.5068232772891808e+26,-6.685869804625956e+24,1.3225753177182398e+25,-6.195522814015913e+25,-1.4091939403329895e+25,-1.9646812829845285e+26,5.0206352766472404e+26,-3.150961631193439e+26,1.1884276607810133e+26,2.338509673139303e+27,-9.919828000068385e+25,-2.2488495878652092e+27,-6.013215304025275e+25,2.155393897446088e+27,2.1635085757115945e+26,2.152849630671786e+27,1.4070290069450904e+26,2.9965243184555885e+27,6.441214811707609e+25,3.0956635443924156e+27,5.097689794575496e+26,-5.0861118226415214e+26,8.56435507641766e+25,2.1872966751490226e+26,8.368134811590577e+25,-1.730196354188592e+27,2.8207860562589026e+26,-1.8506118994494676e+27,9.070631423531946e+25,-8.445641774782161e+26,5.575356986305839e+25,4.248191509120357e+26,-2.039328610325758e+26,5.143081906062104e+26,3.53198661633039e+26,-1.891482008423455e+26,4.318941479577456e+26,1.2041256043637075e+27,3.29208628698307e+26,-1.404928852599476e+26,-8.10110648151563e+26,-9.720145280201255e+26,-3.764060832441636e+26,-3.3057401773989105e+25,6.974386403808215e+25,6.399720666491528e+25,9.955428506578475e+24
6.020864627845242e+26,-8.533382564234482e+26,4.599334491496072e+26,3.262493368343492e+26,3.617773537428866e+26,4.1847395360446846e+26,1.6189120930146707e+26,1.2585813709312977e+26,3.10808386141299e+25,-1.593331914879533e+26,9.603547736251659e+25,1.9020878235750114e+26,1.4731516448502875e+26,3.246619052099468e+26,2.0223951749870536e+26,3.531622644742499e+26,-3.1475248291256543e+25,1.7284757063777063e+26,2.072264130513158e+26,-1.3500332242649983e+26,-5.554061153708479e+25,-1.3563617535394657e+26,-1.6225028107552563e+26,-1.6101791393401222e+26,-2.5289801553781824e+26,-1.415380827319329e+26,-3.678310106498314e+26,2.4485851996627053e+26,3.670291804660991e+26,1.4688566612753795e+26,4.718312479574375e+25,-1.1815827973838826e+26,2.8773959475424565e+26,4.4006793181498386e+26,-8.68297156423253e+25,-2.6348693192547822e+26,2.6110016357887894e+26,3.882749033891836e+25,1.999875637491039e+25,-3.150150825432418e+26,-2.8131419366575394e+26,-1.656442377962437e+26,-2.364845131513051e+26,-7.978617832795504e+25,-1.353726596597522e+25,1.2142654833274392e+26,6.603608314033856e+25,6.447250215709149e+25,3.8039385655805907e+25,7.307941717856029e+25,1.73777448068473e+26,1.1446476540227036e+26,6.228119227491685e+25,6.354401702766638e+25,6.236387304230632e+25,-4.511886254298275e+25,-4.892531295732465e+25,-1.223505169380082e+25,-3.786731503626639e+25,-6.34653594625353e+25,-5.147441262723576e+25,-7.16277496991211e+25,-4.118154033211679e+25,-1.3629239241820464e+26,-6.076528983165695e+25,-1.541959877589894e+26,-4.267654746463171e+25,-5.347050156671052e+24,4.379644701116136e+25,-6.123695148509002e+25,-3.899284857360361e+25,1.4324028757476835e+25,2.584397229049971e+24,-3.524816273092849e+25,-1.025007896354917e+26,2.6678846924980205e+26,-2.320393765445981e+26,4.513062217929207e+25,4.226199244606586e+26,-7.648996978163302e+25,2.0549583519657104e+26,-5.886237246918275e+24,-1.80896880486521e+26,1.0169723559597436e+26,1.4969623616747234e+26,6.58737315216803e+25,3.486415394766339e+26,5.2429356222941515e+25,1.5929006690742823e+27,2.9576010802345927e+26,-1.1825240705447729e+26,4.850416745048786e+25,2.083533376015111e+25,6.803994938228062e+25,-2.1623853370920646e+24,1.4750933541977306e+26,-3.028394538754836e+26,3.1458298098405996e+25,-1.8159663983465424e+26,4.345099186312107e+25,7.182436093799439e+24,-1.0138794765963924e+26,-7.102360011953471e+25,1.9214502276511284e+26,2.4896043861254436e+26,3.0680849439807727e+26,-2.7075574777758555e+26,1.0822623342001484e+26,2.483880940564137e+26,-6.761707518365492e+25,-3.242857372210496e+26,-8.308802729553547e+25,7.846835391494537e+25,1.520117959622035e+26,2.0369240305764864e+26,2.410672336259635e+26
4.108788549633812e+25,-1.592995279559462e+26,-3.298961378213888e+25,2.498813501155202e+25,-8.492120335191091e+25,-7.197123586064331e+25,-4.257993700080095e+23,-3.1777251882668344e+25,-5.739669641539265e+25,7.305703746870072e+24,-1.0861140899865167e+25,-1.1651915975666062e+25,-6.450049021714789e+24,-4.967870414508158e+25,-1.1351581532757674e+26,-3.1475248291256543e+25,1.8681360093438256e+26,8.662270870162492e+25,-6.763432728770719e+25,-3.6978718663380606e+25,2.5300206719967973e+26,-7.375930119914252e+25,-9.016270799078985e+25,-1.2286239054257763e+25,-1.7097206544288478e+26,-5.410343123596438e+25,-4.3960812853730175e+25,-2.7384841495853038e+26,-1.3728277297978701e+26,-1.1747918123548251e+26,-1.0431181777249747e+26,-1.334493365988715e+26,-4.6520083134263545e+25,-9.320458704970117e+25,-1.878012877301979e+26,-8.963541164524207e+25,-5.324527340134893e+25,6.277936845834499e+26,-7.235109229006901e+25,-8.263546097699466e+25,-1.5887940813255937e+26,-5.917818285897062e+25,-6.560078873161988e+25,-3.7501943496394305e+25,-1.1949641872653258e+25,2.0331334709705065e+25,1.6753573353926803e+25,1.9773400968739977e+25,8.755393488293886e+24,-2.7170446197999206e+25,1.9973853187476088e+25,-1.6337772664608215e+24,4.789318112072809e+25,2.456936590499983e+25,7.547780887511012e+25,-1.952551704264745e+25,-4.386197800488513e+25,-5.31145867179122e+24,-5.521148636301802e+25,1.1308801269476021e+26,-8.514573292619226e+25,-1.033109632907744e+26,-1.0807743097068007e+26,-2.1970659345007334e+26,-7.0641615987037466e+25,-3.140596016213709e+26,-1.8486621162016145e+26,3.962180791059393e+25,2.385728587356301e+25,-5.8574522343718575e+25,-7.779135708848052e+25,-1.6206904931852866e+25,-4.307494296619817e+25,-1.8886330922586406e+26,-8.405587093006634e+25,3.882933384921394e+24,1.3400631334202499e+26,-1.1006107192361176e+25,-1.3723433656441297e+26,-1.936563577557572e+26,6.614798517110863e+25,-1.3096549944987118e+26,-2.0007601021273468e+26,-5.517405626795453e+25,-1.161301447223626e+26,-2.9928029862127676e+25,-1.756537216847806e+26,-1.0045078698257528e+26,1.4944388056476426e+26,6.456705254539191e+26,1.1497649219719507e+26,-8.099959727255364e+25,-4.990553330207546e+25,-7.983604560905646e+25,3.5893784796804185e+26,-2.1392005650626042e+26,3.4012675555664224e+26,-2.5970731899404334e+26,1.5162336507967759e+26,-1.8122164269649513e+26,-1.1126915211103044e+26,4.704922943773726e+25,-1.2710089744725285e+26,-5.242883897221125e+25,1.1001743585232982e+26,8.599399598275419e+24,-2.2605374370783984e+26,-1.251187732899356e+26,3.131336770664636e+25,-9.939088679994393e+25,-1.5318224814923821e+26,-1.6439566034114033e+26,-8.352827947368838e+25,-2.833724639406015e+25,8.575263213497455e+24,3.634371379550215e+25
2.117308993651431e+26,-5.128576874925237e+26,1.192838890380787e+26,5.300753017967365e+25,8.80524846205596e+25,2.8271185838468634e+26,2.0468819774531037e+25,-1.5794201501521076e+24,-1.2806051623098423e+26,-1.2826838247960015e+26,1.963523437152108e+25,4.6056039286758276e+25,9.790804348331865e+25,7.398310230724856e+25,-1.1403748586218507e+26,1.7284757063777063e+26,8.662270870162492e+25,2.544603842715939e+26,8.666259224735508e+25,-1.3765376826474425e+26,3.0225407023337853e+25,-1.3012844838471725e+26,-2.2389743276736204e+26,-1.995776345846519e+26,-3.0331711822393724e+26,-1.505531831921233e+26,-3.549520051324063e+26,-1.832689792664418e+26,-3.6024555544803586e+25,-1.1804450928809975e+26,-1.9147861648923456e+26,-3.392623467307793e+26,3.3710549649957666e+26,3.7940267036462855e+26,-4.4622325159141906e+26,-9.279945172023461e+25,8.733303226814568e+25,2.2722400903256127e+26,-2.5602215486676905e+26,-8.082533820439435e+25,-1.1957368035081564e+26,-3.3313397760169756e+25,-4.57958871434906e+25,-2.151263797061197e+25,-5.866997569498087e+24,4.119776811995682e+25,1.1308390231512411e+25,9.464311036181546e+24,-1.611778753327813e+24,-3.046423985370494e+24,7.417240800657629e+25,8.821556364224387e+25,4.4650371820470985e+25,1.2376516642000193e+25,6.3419177571434375e+25,-3.936454750049951e+25,-3.667751876833008e+25,-2.2533572769814662e+24,-3.50223010423981e+25,-6.4733009510154645e+25,-6.727608945445297e+25,-6.434092421580777e+25,-3.3159242076375633e+25,-2.0062781538968946e+26,-1.0486626828065096e+26,-2.3678894928243067e+26,-8.204942919864151e+25,3.0961375070900277e+25,1.2856855313413762e+25,-4.554665669313863e+25,-4.838842428602984e+25,-1.0288123481506255e+25,-2.0631205188872925e+25,-9.333571165245905e+25,-4.485474518316921e+25,1.121436816494553e+26,-1.804679372269043e+26,-5.774670147595122e+24,-1.2854113561102895e+26,-1.1281885644382978e+26,4.767299495825892e+26,-6.165296637207059e+25,-4.290978813544075e+26,-1.736714140392053e+24,-3.114731858137654e+26,-8.40133105475545e+24,-3.446393411490301e+26,-3.8001397248901647e+25,6.268126210537606e+26,4.0033501903378264e+26,-6.435068184710179e+25,4.979979122805115e+24,8.450158282560833e+25,1.2621565542220635e+25,1.6983562590466782e+26,-7.486256830213778e+25,3.2593469133938514e+25,-1.1481566391839691e+26,-1.0887111096104036e+26,-5.634891425492773e+25,1.017893213720668e+25,-3.1675118224150247e+25,-2.90135844014936e+25,3.460547559794681e+25,6.438142739533184e+25,4.851503903017183e+25,-3.638967644543008e+26,-2.2537367302028393e+25,1.4423851783538223e+25,-1.8489750026258915e+26,-3.68015332067194e+26,-2.4561142657547304e+26,-1.0579503080296555e+26,-5.478802412937572e+25,-2.5733570578468504e+25,4.213576789537176e+24
2.9377208265437393e+26,-3.862602217820953e+26,2.0804870515354568e+26,1.2764499795612867e+26,1.7639907820597127e+26,2.3567776925392265e+26,1.0980024675224213e+26,1.2089663246039079e+26,7.110894476423936e+25,-4.034792607252136e+25,1.1355797917948664e+26,1.0912924765136798e+26,9.991225773163503e+25,1.7944212242604976e+26,1.9183155886636335e+26,2.072264130513158e+26,-6.763432728770719e+25,8.666259224735508e+25,1.9470377748769116e+26,-5.887117093944588e+25,-9.041263037414103e+25,-6.692556771569046e+25,-1.1108167427051246e+26,-1.7770728339488522e+26,-1.7028161802669363e+26,-7.723835491721486e+25,-3.486416456836863e+26,3.0282769881893402e+26,3.333153693773431e+26,1.531814795602953e+26,3.7325752782973072e+25,-1.2426192573048073e+26,1.7212979123334544e+26,2.6312471615946238e+26,1.239439806331954e+26,-5.1451070465006505e+25,2.0034593893957154e+26,-1.2168885957645408e+26,7.824351759792707e+25,-1.6221180172459443e+26,-1.5401348631962642e+26,-7.868112371967174e+25,-9.76770953223114e+25,-3.9174566589124915e+25,-1.7880287613127824e+25,7.030782515572069e+25,4.065023285376005e+25,3.909880525795067e+25,2.5625542063148824e+25,8.684908174557662e+25,8.825909867789593e+25,7.88809504040731e+25,2.108319553311126e+25,4.038973759466768e+25,1.915617717878629e+25,-1.7505545042464686e+25,-8.593868116633967e+24,-1.017608811494253e+24,-7.584283723977069e+24,-7.07688473654709e+25,-1.7790319711194794e+25,-2.6087278747579977e+25,-2.198272600692794e+25,-7.981522528324248e+25,-3.1090918624868367e+25,-1.1233454850404236e+26,-3.2390787571317572e+25,5.680520354966625e+24,3.402730684609028e+25,-3.7659925382232796e+25,-2.6650850822037003e+25,-4.996011116721856e+24,-2.4167113996115014e+25,-5.40186818990086e+25,-5.454281334229713e+24,1.5681528986091407e+26,-2.0965908721639477e+26,1.5643202433245973e+25,4.560724490692211e+26,-6.564693944788882e+25,-2.5482736782198344e+25,-4.075042103951208e+25,6.814690819839541e+25,6.723166408679874e+25,1.9762292273350032e+26,2.31892230379123e+25,3.9721851105704604e+26,6.747231002831454e+24,1.1627078538409863e+27,1.621395584338858e+26,-1.95884158097866e+26,1.9187527868457052e+25,1.0094167560400214e+26,2.520628518275497e+25,-3.548003872498868e+26,-5.454570879552436e+24,-4.770185406945177e+26,-3.739025750043404e+25,-3.002628246950697e+26,-3.823525662737272e+24,1.1382581072307598e+26,-5.01416047755593e+25,9.724870861350474e+25,8.49696821649042e+25,-1.5322226160835927e+24,1.0763049342779877e+26,-3.5829434178226163e+25,3.5759121099349134e+25,-8.287964912430584e+25,-3.212512670798583e+26,-3.918126716657908e+26,-1.7398700867719198e+26,-3.8267484616985025e+25,-4.931567144946573e+24,-1.1639491784289548e+25,-2.8348743062140433e+25
-1.7794018507234805e+25,1.0170069548463447e+26,4.928587027409569e+25,4.522418729317554e+25,3.5242132971117073e+25,-7.738459656658054e+25,-1.1489634352480498e+26,-1.3142053545109962e+26,-7.590940397216665e+25,-5.693692950995325e+25,-1.6617863987989874e+26,-1.2603562893264166e+26,-7.94988597758859e+25,-1.068002678723817e+26,-7.7076890847457514e+25,-1.3500332242649983e+26,-3.6978718663380606e+25,-1.3765376826474425e+26,-5.887117093944588e+25,1.5335687920589485e+26,5.496031601309684e+24,1.359704917960822e+26,1.6368135808206927e+26,6.471697824689613e+25,2.3897745293231255e+26,1.3823822354335987e+26,2.1323516270069243e+26,-7.255895283368293e+24,-1.075776573446415e+26,-7.6332260570886295e+25,7.25457160961432e+24,-2.7726072923010267e+25,-1.7208065425570877e+26,-2.3830462404032677e+26,3.5271727902265573e+24,-1.185957038623461e+26,-1.245172702908043e+26,-3.4026292274478986e+25,-4.45147281406868e+25,5.486093724255987e+24,-5.423344209365803e+25,6.985821557012711e+24,-2.9880996725384183e+24,9.857258923600361e+23,-1.6687727132960757e+25,-8.671439405392774e+25,-3.956583515722027e+25,-3.2575551572228477e+25,-1.468720873738719e+25,-1.0460741406186075e+26,-1.2825737265795685e+26,-8.149556463408872e+25,-4.731317396555107e+25,-3.7712107059274563e+25,-5.0689044414367645e+25,4.775476437280994e+25,4.143597560912071e+25,9.85864887067434e+24,3.576253038111552e+25,7.235359019084395e+25,6.970328026901221e+25,6.456566713274822e+25,2.2300159502473298e+25,1.6599154987945063e+26,9.387445749123974e+25,1.5306823494888553e+26,-2.406644842441969e+25,1.357939011406821e+25,-2.986545997161009e+25,3.322842492063079e+25,-6.516927295645296e+24,-2.3050318086574906e+25,-4.394715278218597e+25,-7.74349502913486e+25,-7.392980470655936e+25,-2.1994980003837788e+26,2.3731003915727923e+26,-4.3187855211741245e+25,-1.5686676483250756e+26,-1.8912871574835357e+25,-1.1983355012956485e+26,-9.323956205190965e+25,-1.1692746727076697e+26,-1.6826947945996326e+26,-5.890985992785214e+25,-7.864636069213285e+25,-4.867794535826381e+25,-1.1383422826108458e+26,-4.051066807331163e+26,-1.1687335267700926e+26,-6.362354545750642e+25,-5.082316692661361e+25,6.9219944485628125e+25,-5.935583509700309e+25,-1.5332516963497866e+26,-2.0033437747814978e+26,2.1622294614878576e+25,-8.86150411131564e+25,-3.652537716118432e+25,-5.324659993491665e+25,1.3015023395027473e+26,8.274361358757984e+25,1.9120477802666984e+26,-1.47138273498216e+26,-2.698073744142022e+26,-2.4142833466672807e+26,2.3697879233646436e+26,-1.4609049916315178e+26,-2.8773561991485034e+26,-6.959649327658229e+25,1.876640487666397e+26,4.472935563015482e+25,-6.058842752361034e+25,-1.3047497440659026e+26,-1.9968983153325338e+26,-2.5386714629062385e+26
3.374880846081401e+26,-6.722307675252423e+26,3.927710994335925e+25,1.9707523078100985e+26,-1.458298968328135e+26,-1.770430280582242e+26,5.258646054477103e+25,-9.162460560685821e+23,-1.0174869666875463e+25,6.525471304852345e+25,1.138098662158316e+25,-3.4611262878374104e+25,-6.794855657944835e+25,-4.512916338857763e+25,-5.608753781008033e+25,-5.554061153708479e+25,2.5300206719967973e+26,3.0225407023337853e+25,-9.041263037414103e+25,5.496031601309684e+24,5.4543472434052124e+26,-3.5901505391902873e+25,-9.182373832156187e+24,1.1711515295643159e+26,-2.3618676607074713e+25,6.47573498149303e+25,3.1422020414006344e+26,-5.177469869247242e+26,-8.129616349795486e+25,-7.941981653706524e+25,-6.264167476948135e+25,-1.5484315917736337e+26,-1.8675163944618946e+26,-2.391138829414768e+26,-4.321745669470235e+26,-3.457627037172483e+26,-1.8214357878385954e+26,1.562395539616944e+27,3.7990760914144657e+25,-4.365674256500875e+26,-6.866857478026578e+26,-2.9218440068421192e+26,-3.147205692579287e+26,-1.8336608414864048e+26,-7.282850975160865e+25,3.6663815713845834e+25,7.236107224019994e+25,1.0621635863712974e+26,7.924756742163873e+25,-3.438154298951211e+25,-2.5006165068377654e+25,-1.1028885340831408e+26,6.829200811439379e+25,1.1279205208368011e+26,1.217998490923844e+26,8.471196839627994e+25,-3.1815773096241315e+25,-1.980889628102418e+24,-6.829975877257183e+25,5.0706026013217124e+26,-5.616052169654555e+25,-1.8348104407612916e+26,-2.6725681337883134e+26,-1.1662972866518517e+26,7.509571029947982e+25,-3.0394670485842705e+26,-4.629536568592117e+26,1.0875265204438723e+26,9.971310162740254e+25,-1.968316128297174e+26,-2.6233331091299256e+26,-4.931716779528509e+25,-1.6566524508399558e+26,-5.810975083149244e+26,-3.050975334462904e+26,-1.5966522379613906e+26,9.919888688188677e+26,-2.2132259660165134e+25,-8.924092359698404e+25,-5.7703028741394e+26,1.0220214769860647e+25,-4.527370236474677e+26,-4.125846347021241e+26,-2.3547190371069695e+26,-3.7184499766407014e+24,-1.0335530190588049e+26,-1.0430548411676473e+26,-3.558922690097222e+26,4.587204267243673e+26,1.633554438974998e+27,4.1581232476303706e+26,-1.5226837848314877e+26,-3.617544599768381e+26,-1.2603077482308816e+26,1.4749743448358345e+27,-2.1144720741142588e+26,1.143961734636963e+27,-3.859560659810243e+26,6.756743452391959e+26,-2.5549373409796503e+26,-5.1869563369376004e+26,2.9017604922026846e+25,-7.03021905469126e+26,1.166893670569651e+26,8.768770329984234e+26,5.183032352376422e+26,-8.871683847136972e+26,-2.3393317977692432e+26,7.867386903551924e+26,6.0382814846021714e+26,4.9744593128544956e+26,2.2109235037494106e+26,2.470512059269443e+26,4.1531804706418544e+26,5.989277953523778e+26,7.334933847218744e+26
-4.789279091748202e+25,-2.432679147703283e+23,3.977359486485262e+25,-3.848360898010324e+24,4.6562760883910495e+25,4.1525089197493825e+25,-1.5514424651496056e+26,-1.5850769623852135e+26,-1.3477211255056657e+26,-1.1144098377864388e+26,-2.107618071815723e+26,-1.4552696925407448e+26,-9.006642611774784e+25,-1.217565055138512e+26,-1.6151666874446465e+26,-1.3563617535394657e+26,-7.375930119914252e+25,-1.3012844838471725e+26,-6.692556771569046e+25,1.359704917960822e+26,-3.5901505391902873e+25,2.0196200941324432e+26,1.997757906544379e+26,1.5855474737037844e+26,3.8176788891060964e+26,2.2462361846316165e+26,4.660591011703701e+26,-4.373887169390242e+26,-2.2556661382922725e+26,-1.503271373267505e+26,-9.987186703021658e+25,-2.1120138035159202e+26,1.707774218624243e+25,-4.76535550309008e+25,-5.56098294912532e+26,-1.0328424208026968e+26,-1.5473713543629083e+26,-8.803057512398535e+24,-2.1481632874071957e+26,6.174849162739808e+25,-4.061872461698236e+25,4.571622792914321e+25,5.542382653814103e+25,1.0538136556760723e+25,-2.491430642386561e+25,-1.2169038037693008e+26,-7.2400912212233415e+25,-6.114844557820665e+25,-3.315061224290743e+25,-1.5130735579692053e+26,-1.569683024936262e+26,-9.043017002002773e+25,-7.5336764483157545e+25,-7.539823421034131e+25,-8.632180299622997e+25,7.10824660438141e+25,6.917774086562695e+25,1.6851674929546108e+25,6.648349477758594e+25,7.2869790252938825e+25,1.3184807522338198e+26,1.2147538142549692e+26,2.681016805876752e+25,2.8197731849076726e+26,1.6244856579205427e+26,2.4945318951096975e+26,-9.908674516646281e+25,3.0637263489678465e+25,-6.884747636376336e+25,5.188141750036972e+25,-4.729605886172242e+25,-3.8416377575686764e+25,-7.5398149809969694e+25,-1.8486499591656156e+26,-7.17377658291174e+25,-2.7256891671918112e+26,3.565973543777995e+26,-7.498924239358831e+25,-5.6016366549609575e+26,-7.798278369248937e+25,2.8296490231237614e+26,-1.694931434421516e+26,-3.318031655343084e+26,-2.4949415099562306e+26,-3.221450051457141e+26,-1.3066809265113564e+26,-4.633804222010741e+26,-1.823846871401002e+26,-8.240501210051847e+26,-1.218144928030589e+26,1.9957664818878393e+26,-1.1108068807742192e+26,-1.2108743919438855e+26,-1.1937192736008008e+26,4.254990223802356e+26,-3.399902240771712e+26,6.062259403774297e+26,-1.860734652397909e+26,3.2193761071008114e+26,-1.1570092101167779e+26,-1.832929869892904e+26,1.6109330043028345e+26,-1.7763093855477065e+26,-2.3794859303614067e+26,4.427298043695377e+24,-2.5499264408213776e+26,-3.1008629319746676e+26,-2.9604761659008696e+26,-1.853714282587762e+26,1.3930489989172845e+26,4.8388029480600996e+26,1.8594790196478903e+26,-2.5485236239877033e+24,-6.518551531693393e+25,-1.0898215448447032e+26,-1.4808637397312711e+26
-9.036296523780177e+25,3.322741511109131e+25,4.050908213924018e+25,-4.547423983320717e+25,9.72863960046401e+25,1.3746495645652372e+26,-1.2350718702524553e+26,-1.0607643668841732e+26,-1.2827899924847069e+26,-1.185478459461464e+26,-1.2141151101719076e+26,-1.6082521942843155e+26,-1.5083589675404008e+26,-1.2796092291267874e+26,-1.601394279131688e+26,-1.6225028107552563e+26,-9.016270799078985e+25,-2.2389743276736204e+26,-1.1108167427051246e+26,1.6368135808206927e+26,-9.182373832156187e+24,1.997757906544379e+26,3.5334393761605056e+26,3.85132483554447e+26,5.700825468800964e+26,2.554150668876571e+26,8.222462401256795e+26,-3.883399018319624e+26,-2.6181537503914245e+26,-1.087915173841366e+26,2.167154456048048e+25,9.15039856577096e+25,1.5002924119245457e+26,1.4970042824974179e+26,-5.954494065783441e+26,-8.720414015068802e+23,-2.942176267028431e+26,-6.1679505082722805e+25,-2.3205063395532377e+26,1.835802219130628e+26,2.0716826659429774e+26,1.36642700014394e+26,1.3053486549538701e+26,9.383083616808448e+25,3.8349701475201548e+25,-8.952349454441741e+25,-5.514978116683742e+25,-7.009706738113354e+25,-4.171684777486163e+25,-4.639184849142202e+25,-1.4468753215914648e+26,-1.1880202208305237e+26,-6.965799533173576e+25,-8.791118616503774e+25,-8.57189145974898e+25,5.311710537741344e+25,4.9828098108538626e+25,1.2581013252236816e+25,5.501926624844807e+25,1.3709356958949172e+26,1.3711900459314125e+26,1.1195962055898713e+26,4.878829070570206e+25,4.19700024793192e+26,2.1683095834531996e+26,5.002908842848749e+26,3.8845465025918776e+25,-8.576948529587815e+24,-8.37502502467173e+25,7.46970495616969e+25,7.216325557331467e+24,8.085370994755376e+24,3.109343210688017e+25,4.2999963952834325e+25,6.881215935026932e+25,-2.4646636363477954e+26,4.786124396611235e+26,-2.312307987001806e+25,-6.807917501780817e+26,8.890407003379718e+25,4.731833986651592e+26,5.062023556456042e+25,-4.301389047804735e+26,-4.950634461135233e+25,-4.167602583085079e+26,-2.5100135397064955e+25,-6.997485188287996e+26,1.6147232200300548e+25,-1.5483251745876607e+27,-4.838564698596463e+26,3.8766745447437666e+26,-2.2124243981464896e+25,-3.558163015449387e+26,-9.778932423910896e+24,9.445039223869451e+26,1.3140737873109988e+26,9.169664395618326e+26,1.7352131901089298e+26,6.624666766270886e+26,1.0864362088160763e+26,-3.803019530371962e+26,6.406353237945586e+25,-4.854991815773051e+26,-1.990684941041132e+25,4.5444926804034544e+26,1.1400504713969622e+26,-4.248569286082558e+26,-6.036426537405006e+25,4.950762700207799e+26,9.190648065385486e+26,1.0945620198224291e+27,7.028874279416591e+26,3.9303297267406004e+26,3.449326427088174e+26,3.839558801001709e+26,4.192888653725766e+26
-1.8117561970999017e+26,-8.0743994017249e+25,-4.221499368564087e+25,-1.560477595300994e+26,5.55920711358131e+25,2.711695466903218e+26,-1.0921560551359053e+26,-6.225673008489463e+25,-1.5308669868165239e+26,-1.2049314520168609e+26,-5.995556046299406e+25,-1.3581803773861442e+26,-1.5306014066814849e+26,-1.3730184458382962e+26,-2.5241052189228773e+26,-1.6101791393401222e+26,-1.2286239054257763e+25,-1.995776345846519e+26,-1.7770728339488522e+26,6.471697824689613e+25,1.1711515295643159e+26,1.5855474737037844e+26,3.85132483554447e+26,6.723183680497853e+26,6.677260266763963e+26,2.8787137956751395e+26,1.306577879800341e+27,-1.0131181178739408e+27,-4.346794139963874e+26,-1.5965146952821436e+26,-3.2754560841175513e+25,1.052132091678152e+26,4.470455143788389e+26,4.908005567789674e+26,-1.3216422375717125e+27,1.1749468964478286e+26,-3.586618826989242e+26,3.105266423035129e+26,-3.9939569732532646e+26,3.0747655694852964e+26,3.5056690775429316e+26,2.2004836722100316e+26,2.32775130407928e+26,1.4690485511221209e+26,6.933554799226335e+25,-7.83130137755091e+25,-6.910073306005041e+25,-9.451199798432428e+25,-6.295184145646111e+25,-1.0519104073917258e+25,-1.0089115392066926e+26,-8.845182143045544e+25,-5.9055390942203125e+25,-1.18230390271603e+26,-6.5580997242232345e+25,2.4890425186349934e+25,2.9052599672461423e+25,1.3420720817466248e+25,3.4222378028679723e+25,2.0161971862481825e+26,1.2311705257567939e+26,7.845459597297853e+25,-1.587315473101968e+25,4.278208070290744e+26,2.4355652530288035e+26,5.115173541098826e+26,-5.83579878579347e+25,4.4806179559748644e+24,-1.1649752302478881e+26,7.034923978010516e+25,-4.210479448460103e+25,1.7079837441222215e+25,5.4708729130773e+25,-4.6316863092573026e+24,1.622577373894359e+26,-1.7810798483323403e+26,6.481413902738836e+26,-2.158140264829402e+25,-1.2133480932778447e+27,2.9710765077587258e+25,1.0790772944888974e+27,7.091391629808067e+25,-6.916347724845628e+26,2.194865447389751e+25,-7.499784852812163e+26,-9.378757171487222e+24,-1.3415395397737594e+27,5.1739817219886555e+25,-2.328456823718215e+27,-3.0490721123715783e+26,9.987339870777991e+26,-6.846190019126614e+25,-8.789212583061e+26,-3.7443143582415226e+25,2.2975041341553775e+27,2.4476961180400163e+26,2.0614168981054453e+27,1.7904762364886215e+26,1.5105553219531118e+27,9.148718766528737e+25,-1.0911791689746691e+27,8.997208742180331e+25,-1.3794158175358526e+27,5.714050021935761e+25,1.3454546635752794e+27,4.921923850874186e+26,-1.3921764176694783e+27,-8.623537780928558e+25,1.2528171728111047e+27,1.686969712025988e+27,1.7176654915777894e+27,1.1403286089257334e+27,7.432914098173503e+26,7.873496132333442e+26,9.706436839863699e+26,1.1102802581078957e+27
-1.7084235079176934e+25,-4.155216425154645e+26,1.0154765925017111e+26,-5.355588145832169e+25,1.4360704430395002e+26,3.4832574471374106e+26,-2.9409634416594234e+26,-2.6666230530315865e+26,-3.225198881037552e+26,-2.8099420642684408e+26,-3.501945933322423e+26,-3.0802975290897556e+26,-2.1083129305784265e+26,-2.4238414471380234e+26,-3.91683968714357e+26,-2.5289801553781824e+26,-1.7097206544288478e+26,-3.0331711822393724e+26,-1.7028161802669363e+26,2.3897745293231255e+26,-2.3618676607074713e+25,3.8176788891060964e+26,5.700825468800964e+26,6.677260266763963e+26,1.0980747966643076e+27,5.096886802180226e+26,1.646437920210914e+27,-1.1983971263489221e+27,-5.684656357543267e+26,-2.9810364626007366e+26,-1.2381180030221764e+26,-1.750986502457509e+26,4.4374557064781426e+26,4.368801469469545e+26,-1.8743632769908532e+27,-1.665111642333399e+26,-4.84569558331836e+26,2.3364585322770763e+26,-6.204162291461412e+26,1.6415421670015203e+26,-2.2323818160835742e+25,1.3762939119393245e+26,1.610403768926099e+26,6.456658156912903e+25,-3.4414090104938754e+25,-2.50792353873948e+26,-1.677966933257205e+26,-1.5279150900539619e+26,-8.13813721596858e+25,-2.4311442780247074e+26,-3.0639856222822958e+26,-1.8340595940298026e+26,-1.6862332542472675e+26,-1.815860970009731e+26,-1.7309556643611926e+26,1.6527284165623445e+26,1.6059465998421724e+26,5.72900738715261e+25,1.576264907875244e+26,3.272755372002568e+26,3.351566788953121e+26,2.5401736704695582e+26,7.76783823577845e+25,9.376461160133678e+26,4.8856592193843604e+26,1.0776576036792764e+27,-7.774599012944712e+25,9.458511569665801e+25,-1.4921630308951254e+26,7.189813501152361e+25,-1.2570460806737332e+26,-8.408622697737113e+25,-1.4242444356917048e+26,-2.822046528702431e+26,-6.8739978965300205e+25,-5.695628174264637e+26,1.3171455193601304e+27,-1.632952664487723e+26,-1.6261704291172272e+27,-1.4082631739886846e+26,1.333034006495182e+27,-2.9276980430705955e+26,-1.1690922870270665e+27,-4.5905144178429887e+26,-1.0429887697027961e+27,-2.6590889717901453e+26,-1.6987684554648352e+27,-3.516693155817594e+26,-2.759599399410278e+27,-2.715344006437368e+26,9.196716409561501e+26,-4.142389083836221e+25,-8.151681812739452e+26,-1.9704722209901878e+23,2.701517063253533e+27,1.651242669157112e+26,2.4323409018843415e+27,2.5647646590546598e+26,1.566937031177253e+27,2.1223045003041495e+26,-1.0268166509440687e+27,7.917640882960154e+25,-1.3634655384532416e+27,7.0602368172797975e+25,1.3815073899403735e+27,4.9583362043706434e+26,-1.6368567647997277e+27,-2.5008206195251943e+26,1.3412031653797535e+27,2.1842961122135115e+27,2.482465869372333e+27,1.512645302673382e+27,8.858498066478326e+26,8.662028718172942e+26,1.032001071049808e+27,1.166915729311731e+27
2.696308158433934e+25,-1.7172585460211596e+26,6.461485150481689e+25,3.8562034664402515e+25,3.101696513070224e+25,3.1014723835120874e+25,-1.597387516499882e+26,-1.6470547398162142e+26,-1.3067624179507563e+26,-1.0470033773051765e+26,-2.403486062254904e+26,-1.4672869752154045e+26,-8.656096076584916e+25,-1.212464350752996e+26,-1.6061993828374223e+26,-1.415380827319329e+26,-5.410343123596438e+25,-1.505531831921233e+26,-7.723835491721486e+25,1.3823822354335987e+26,6.47573498149303e+25,2.2462361846316165e+26,2.554150668876571e+26,2.8787137956751395e+26,5.096886802180226e+26,3.076832448060885e+26,7.589331732995644e+26,-7.010108551488177e+26,-2.3790112412565386e+26,-1.5050682523111176e+26,-9.899264945617233e+25,-2.5570424886235377e+26,1.4096121527663933e+25,-5.469089376488388e+25,-8.718646343564231e+26,-1.829268877152897e+26,-1.5973289709758706e+26,3.4870687630042297e+26,-2.2119304617685833e+26,-2.6157412275036643e+25,-2.0919887555488483e+26,-1.1960802404580674e+25,-2.7224651307443655e+23,-3.1877844191238805e+25,-5.244633687255761e+25,-1.4179470823546739e+26,-7.901338811024936e+25,-5.854066226338246e+25,-2.5263783962181365e+25,-1.8883148683537722e+26,-1.7118448299792254e+26,-9.044389690259761e+25,-8.652982407574402e+25,-7.935136248946379e+25,-8.536739147238448e+25,9.25311632370277e+25,8.175533854568567e+25,2.604436114315703e+25,6.906543822076843e+25,1.9535799411022466e+26,1.6321982276564194e+26,1.0858310269745227e+26,-5.521135562903414e+25,3.5502807940782586e+26,2.4866674482082525e+26,2.6275562543613734e+26,-2.8024519256743574e+26,7.331430709059423e+25,-7.443733064465558e+25,1.7950065490044516e+25,-1.477367836621008e+26,-6.640839494999678e+25,-1.4862231824320786e+26,-4.174968665147837e+26,-1.4779903611855748e+26,-3.170272917985965e+26,6.602227669421084e+26,-1.0710622926358006e+26,-6.974391135774624e+26,-2.7592965062873315e+26,3.964995256787654e+26,-3.4781127573454785e+26,-4.33628287451828e+26,-3.6159313778589474e+26,-3.5247250678645294e+26,-1.9746465262557467e+26,-5.5883784274744514e+26,-3.2393198982566104e+26,-8.632589876607416e+26,2.928494114479318e+26,4.785429643331304e+26,-1.9154709114325216e+26,-3.949572193552481e+26,-1.8418312027853346e+26,1.1181324852724062e+27,-4.717455438093068e+26,1.1956526910400464e+27,-3.414844659634295e+26,7.43239414063013e+26,-2.088468115399688e+26,-5.4399162230597724e+26,2.1077780202988582e+26,-6.443088207695465e+26,-2.188346991130364e+26,4.998679858613967e+26,-3.6840124516927776e+25,-8.293830126146889e+26,-4.4447640979264335e+26,1.2621554017381767e+26,4.4103726322224647e+26,8.500161062387287e+26,4.29300013609801e+26,2.0004463833764468e+26,1.9215013589052722e+26,2.0657303433413812e+26,1.9226889646148726e+26
6.5797075457939085e+25,-1.210458206420425e+27,8.485086299105633e+25,-1.3675081695298665e+26,1.2182140441366842e+26,7.054506981510288e+26,-3.9285095633981836e+26,-3.325780718982268e+26,-5.463382619210956e+26,-4.226399326210713e+26,-4.2765575190714516e+26,-4.340280209820557e+26,-3.287572778993785e+26,-3.8587394777091155e+26,-7.526733434994678e+26,-3.678310106498314e+26,-4.3960812853730175e+25,-3.549520051324063e+26,-3.486416456836863e+26,2.1323516270069243e+26,3.1422020414006344e+26,4.660591011703701e+26,8.222462401256795e+26,1.306577879800341e+27,1.646437920210914e+27,7.589331732995644e+26,3.0202148602747754e+27,-2.728549960763388e+27,-1.105852836376487e+27,-5.6795356824429044e+26,-3.267180603816982e+26,-3.711528957736322e+26,1.0774696817914888e+27,1.1298143271156323e+27,-3.94529166551776e+27,-2.4921642474513603e+26,-8.743851156545217e+26,1.3923031676285372e+27,-1.192018359178671e+27,1.819118829731248e+26,-1.855147473918994e+26,1.7025715270115992e+26,2.267455377525369e+26,7.253188189969353e+25,-6.229770589301007e+25,-3.4879816820507036e+26,-2.528914342915062e+26,-2.1977131276001376e+26,-1.171947183897374e+26,-3.3447742598090796e+26,-3.961965806729101e+26,-2.6100428164092516e+26,-2.107590103235435e+26,-2.55900494509842e+26,-1.783868651347219e+26,2.3522652445646962e+26,2.0454753894445834e+26,9.115451259325387e+25,1.846599402144557e+26,7.288439034529447e+26,4.361294796771327e+26,2.6113813071476563e+26,-2.6132264718744185e+25,1.3282627979361662e+27,7.399112207996351e+26,1.5270580447543237e+27,-2.978928977103642e+26,2.0105120044281112e+26,-2.022119461983648e+26,2.221579957244199e+25,-3.0400445298945116e+26,-1.4536685945692819e+26,-2.559258812475778e+26,-6.109413875904112e+26,-1.2121563301852504e+26,-8.140322680390766e+26,2.5397773274274034e+27,-2.6139120018308738e+26,-3.141128759300248e+27,-4.416352204783598e+26,2.9007908506711243e+27,-5.643754128757468e+26,-2.362452729674974e+27,-7.143970794419863e+26,-2.0730759996693991e+27,-4.326607507814886e+26,-3.501632290714654e+27,-6.334054705498067e+26,-4.828321322350306e+27,3.872258674778869e+26,2.1776153957484196e+27,-9.350827118079474e+25,-1.890639396037723e+27,-2.7744110076086195e+24,6.270645543048886e+27,5.165164215782482e+26,5.382936588913374e+27,4.165395789330733e+26,3.5097526869494994e+27,3.109130229476105e+26,-2.4896708223690933e+27,7.080591706451941e+25,-3.293936855982776e+27,3.453052229488514e+26,3.451427189164865e+27,1.472801752745151e+27,-3.974125113563529e+27,-3.425494399671901e+26,3.374719321334382e+27,4.576018212480733e+27,4.6344196622613766e+27,2.8375628727751395e+27,1.818726821141771e+27,1.9750642705797428e+27,2.500179168949537e+27,2.92772681860652e+27
-3.6118649871899564e+26,2.4397562953902457e+27,-4.467192318181183e+26,8.585613201478394e+25,-4.4531998537229134e+26,-1.6770041647322562e+27,6.822965935059268e+26,6.609698188873619e+26,1.2055967296368585e+27,9.990272798808203e+26,8.450569994728537e+26,6.016564161060857e+26,2.0301506140119356e+26,5.105736239368708e+26,1.5483868279595915e+27,2.4485851996627053e+26,-2.7384841495853038e+26,-1.832689792664418e+26,3.0282769881893402e+26,-7.255895283368293e+24,-5.177469869247242e+26,-4.373887169390242e+26,-3.883399018319624e+26,-1.0131181178739408e+27,-1.1983971263489221e+27,-7.010108551488177e+26,-2.728549960763388e+27,4.852245959405328e+27,1.8951110361441036e+27,1.3686702933806443e+27,1.3732616748415333e+27,2.2252179152237304e+27,-2.282930542760625e+27,-2.2848599746021436e+27,6.834502378965158e+27,5.88658770443924e+26,8.642274861723403e+26,-2.2850341413248914e+27,2.5644249926006314e+27,-3.1964058595205515e+26,3.148211991505045e+26,-3.28295539120829e+26,-3.618462342862233e+26,-1.3343626282456374e+26,7.000755818920787e+25,5.1715280513195274e+26,4.169168343576584e+26,3.8483512131874766e+26,2.4516630081809674e+26,6.909368655659184e+26,4.839505015072819e+26,9.768769626197242e+25,2.23974163228628e+26,4.446507779638376e+26,1.3486492971764918e+26,-1.5774065904368152e+26,-1.7465792753484087e+26,-1.0504631067235089e+26,-1.3883843869321753e+26,-5.244588191184719e+26,-3.488893344443738e+26,-2.3401484974464543e+26,1.704665485128506e+26,-7.843693804275997e+26,-5.3309079188951166e+26,-6.015184547460355e+26,9.615865353927132e+26,-3.3759186570049725e+26,3.7754735463142605e+26,-6.9663034661480385e+25,5.2176031610410824e+26,2.3071599828955586e+26,4.073604175832248e+26,1.3288681726324066e+27,2.87479909850843e+26,9.364400376616449e+26,-2.150447196954736e+27,4.340896585760948e+26,5.118246075113466e+27,9.408208949664151e+26,-5.200962306543154e+27,1.034380072288953e+27,4.2742153462338295e+27,1.1545796939539636e+27,3.915971590441816e+27,7.047593622060512e+26,5.855651237560145e+27,1.0419715091026268e+27,4.891762918144674e+27,-1.3997038670738073e+27,-2.633761845211505e+27,5.692018703001787e+26,1.8762512945421038e+27,5.189685136407496e+26,-7.425390002328642e+27,1.2425142940702264e+27,-6.998274877449852e+27,1.0246896942035991e+27,-3.94245266882632e+27,6.421045178579404e+26,3.002315153305993e+27,-6.317396124874827e+26,3.744332796324203e+27,6.227334409872175e+26,-3.1637905104729967e+27,-3.128435898170126e+26,5.931042398270122e+27,1.4224361232400525e+27,-2.002224864580624e+27,-3.1150974539503493e+27,-3.554255820158015e+27,-1.6623516005347284e+27,-8.405168783909972e+26,-1.0076224297462638e+27,-1.4270120170437237e+27,-1.7689300836623514e+27
6.168643737862448e+26,1.4905111386752405e+24,2.3637618245655093e+26,5.211103485979403e+26,-2.6961471132907784e+25,-6.860095939727397e+26,5.829180941587947e+26,5.533284570752131e+26,8.413184036409916e+26,5.573645844579553e+26,4.773686848301962e+26,5.327280978329734e+26,2.1296691932433117e+26,5.603309893278254e+26,1.1144347337004454e+27,3.670291804660991e+26,-1.3728277297978701e+26,-3.6024555544803586e+25,3.333153693773431e+26,-1.075776573446415e+26,-8.129616349795486e+25,-2.2556661382922725e+26,-2.6181537503914245e+26,-4.346794139963874e+26,-5.684656357543267e+26,-2.3790112412565386e+26,-1.105852836376487e+27,1.8951110361441036e+27,1.3807687207331663e+27,9.078029434540783e+26,6.800170774797124e+26,7.144664875467967e+26,-1.0752730176714387e+27,-9.718381822680312e+26,2.629749304237136e+27,-1.8285307870530628e+26,7.192555691624399e+26,-1.7221734924898545e+26,1.5150918596183558e+27,-8.671669626020937e+26,-8.324764220183125e+26,-6.123666061924952e+26,-6.689735405379133e+26,-3.654035900765405e+26,-1.3362285861205401e+26,3.2247227542396844e+26,2.5253960220333665e+26,2.90152530769251e+26,2.0673779039660245e+26,2.902004279401312e+26,3.667775431690542e+26,1.067477895557534e+26,1.2343621325110067e+26,3.133337033635399e+26,9.657722781124263e+25,-1.4869737152221276e+25,-5.12560560661469e+25,-3.2341154548073495e+25,-5.657115044679564e+25,-1.441221067941418e+25,-1.2069020447242548e+26,-1.7123393725887396e+26,-1.4140757767531434e+26,-3.6057824129992975e+26,-1.2024967132352935e+26,-4.814263182771704e+26,-2.341277480447892e+25,-4.136561986550919e+25,2.6422484512700318e+26,-2.0187444976172565e+26,-3.777503249407873e+25,6.279307462224211e+24,-9.555338857492493e+25,-8.684818521202487e+25,-2.6550573839845387e+26,5.756838011328715e+26,-4.099386821144646e+26,1.332240318302511e+26,2.7960517986071923e+27,-1.8631539179806696e+26,-2.4082614012384375e+27,-1.2972584740442515e+26,2.1306761107508748e+27,2.2072744497456584e+26,2.3473472199978288e+27,1.4952622778369167e+26,3.4097212385511416e+27,2.9051323527209285e+25,4.229923828444769e+27,7.828684574468424e+26,-7.613777017564954e+26,1.0410648950724274e+26,3.796318704937581e+26,1.0612653719563699e+26,-2.1494202881751648e+27,2.6685910223060573e+26,-2.3673506656929803e+27,4.333991877136148e+25,-1.2031838852860856e+27,4.26447049735292e+25,6.371990083520609e+26,-2.570478966632974e+26,7.389355206600596e+26,4.3058144787430076e+26,-3.065107999221922e+26,5.004642802553876e+26,1.3571726588107465e+27,3.625526500662657e+26,-2.572430998098155e+26,-1.1328039071550107e+27,-1.3611860490325813e+27,-5.8161580732914164e+26,-1.0653391910114312e+26,2.071567114974583e+25,3.826566721749547e+23,-6.998577140174465e+25
7.291030230470128e+25,5.1282520798793284e+26,-1.4383485870197822e+26,1.2373173026386172e+26,-2.2956454906523696e+26,-6.650927477409384e+26,4.24138112919298e+26,4.535835124522366e+26,6.834151021965986e+26,5.464771020422268e+26,4.580633976385753e+26,3.7026710745241106e+26,9.118763774099905e+25,3.111338283968061e+26,8.034183189998639e+26,1.4688566612753795e+26,-1.1747918123548251e+26,-1.1804450928809975e+26,1.531814795602953e+26,-7.6332260570886295e+25,-7.941981653706524e+25,-1.503271373267505e+26,-1.087915173841366e+26,-1.5965146952821436e+26,-2.9810364626007366e+26,-1.5050682523111176e+26,-5.6795356824429044e+26,1.3686702933806443e+27,9.078029434540783e+26,7.009271468443011e+26,5.679775264882238e+26,8.170137307913709e+26,-8.081282628993191e+26,-7.37272566064495e+26,2.082326560168469e+27,1.8047232751673283e+26,4.106867666964978e+26,-3.0515680748317294e+26,1.1789412888485262e+27,-3.944591312684394e+26,-2.7253274808113113e+26,-3.148235064433534e+26,-3.0517791930148374e+26,-1.859294602592711e+26,-5.153425512199904e+25,2.3560977341547286e+26,1.8010608673288378e+26,1.977682229927971e+26,1.4092891736033282e+26,2.991286156683803e+26,2.593570034171965e+26,4.1875966221841605e+25,7.803546212204172e+25,2.179762483293389e+26,4.8934469816840305e+25,-1.4676897599329547e+25,-3.5832156778153308e+25,-2.6636986020135996e+25,-3.534434774297695e+25,-1.003470325426946e+25,-8.10059310806292e+25,-1.0587629875531875e+26,-5.759304606878718e+25,-1.794060856410343e+26,-7.1815098673161144e+25,-1.7582710808346474e+26,1.4494871120875857e+26,-7.32257944715121e+25,1.842915897929363e+26,-1.1031824913003637e+26,5.271031997316222e+25,4.161042725006789e+25,2.2638689089966125e+25,1.776147165644046e+26,-2.5672667302931857e+24,4.263112205210537e+26,-2.8352018502130832e+26,1.3448835819429024e+26,1.941031122027274e+27,6.004921443386545e+25,-1.8071490595086944e+27,1.1583404086139022e+26,1.8018591760456814e+27,3.23089541282925e+26,1.7121357061822416e+27,1.8770433703304403e+26,2.3346410875143958e+27,1.9065014385715446e+26,2.1032347933689175e+27,1.3583632848266624e+26,-3.939789434540713e+26,1.4392164517032786e+26,1.3418599209333721e+26,1.4571277447493259e+26,-1.3618352210612727e+27,5.3347541549336825e+26,-1.5472086970127723e+27,3.148846232107388e+26,-6.474452654627757e+26,1.9051759997256904e+26,3.248555319639691e+26,-2.4192514386114216e+26,3.6821746799669075e+26,4.136034253075339e+26,-3.413576726493379e+25,5.111456261969808e+26,1.0454150941840185e+27,4.560897094055957e+26,1.6189783529582213e+26,-3.6337692247662175e+26,-6.240126436628523e+26,-1.4446189856033512e+26,1.022542552330231e+26,1.922137092753214e+26,2.2449597753409334e+26,2.1876865819360962e+26
2.0664254230024348e+25,6.0346318091996574e+26,-1.024730659975418e+26,1.4243027315489052e+26,-1.8112597627274912e+26,-6.990655114649181e+26,2.414488254001065e+26,2.327349736827709e+26,5.054340554680786e+26,4.0620353114167616e+26,2.315249161026222e+26,2.3320229527084363e+26,5.842842414152738e+25,2.0464384074880635e+26,6.26567453730095e+26,4.718312479574375e+25,-1.0431181777249747e+26,-1.9147861648923456e+26,3.7325752782973072e+25,7.25457160961432e+24,-6.264167476948135e+25,-9.987186703021658e+25,2.167154456048048e+25,-3.2754560841175513e+25,-1.2381180030221764e+26,-9.899264945617233e+25,-3.267180603816982e+26,1.3732616748415333e+27,6.800170774797124e+26,5.679775264882238e+26,6.159181700901804e+26,9.777862303063968e+26,-9.230876308208246e+26,-9.036652930193512e+26,2.0440519557918516e+27,4.206327821424996e+25,2.7988686220154587e+26,-3.517804435962037e+26,1.0266383216697954e+27,-3.159750793050358e+26,-1.980276328028451e+26,-2.6075879433918004e+26,-2.6875368242916892e+26,-1.4933279005610044e+26,-3.7477210030027206e+25,1.3222101577011293e+26,1.2401263145109869e+26,1.505011606198998e+26,1.1233947758464897e+26,1.6216091730527833e+26,1.4951069485362207e+26,4.1481668828659643e+24,4.755901091791269e+25,1.71313435681389e+26,2.6235974019440317e+25,-4.933552852978733e+24,-2.6630685633154754e+25,-2.4580077885062382e+25,-2.585710061373656e+25,2.250999739637032e+25,-5.632895930580154e+25,-7.390144543752986e+25,-7.885510496033918e+24,-5.659489138987167e+25,-3.4502509505824257e+25,1.841370915542293e+25,2.3817172693984424e+26,-8.638063813991774e+25,1.4698333897067299e+26,-6.178600496695507e+25,1.0323300108225918e+26,4.864933991061164e+25,5.514673204911754e+25,2.8861319012134017e+26,-6.189234950201359e+25,2.3519847972235325e+26,-1.4268147786488825e+26,1.1643269499940379e+26,1.6255006809503197e+27,1.7447172882673095e+26,-1.7558767503655417e+27,1.797979918244825e+26,1.4667741119738782e+27,2.065077912415543e+26,1.480008139552579e+27,1.5811883289292154e+26,2.0287299147550873e+27,1.811414547583685e+26,1.3907233019951272e+27,-1.4225488235922697e+26,-4.025320445731555e+26,1.7444869986909232e+26,1.457715172397076e+26,1.78634984831063e+26,-1.308052728626402e+27,6.355131019868071e+26,-1.4329542602492952e+27,4.545641757224991e+26,-5.9003985897265824e+26,2.80620153078546e+26,4.246860106901778e+26,-2.4242537586864774e+26,4.957809924813923e+26,3.9801876933063406e+26,-1.7219577268534224e+26,4.283034818295612e+26,1.3340174188657607e+27,4.935299181414643e+26,2.0697440710097824e+26,-7.367980044754985e+25,-2.8437265644906074e+26,5.685003226206992e+25,1.8343832679556923e+26,2.1409772888665637e+26,2.202461600323104e+26,2.0838228919211187e+26
-7.674624620108658e+26,1.92506343625981e+27,-8.183870138136468e+26,-3.6938588654735394e+26,-6.701109923827578e+26,-1.2240583635131512e+27,4.105870648567685e+26,4.833365565183497e+26,7.898043119292366e+26,8.19330970188546e+26,6.987392573794181e+26,2.993308839515132e+26,-7.962756035054068e+25,1.0472405628569846e+26,7.8838814036288e+26,-1.1815827973838826e+26,-1.334493365988715e+26,-3.392623467307793e+26,-1.2426192573048073e+26,-2.7726072923010267e+25,-1.5484315917736337e+26,-2.1120138035159202e+26,9.15039856577096e+25,1.052132091678152e+26,-1.750986502457509e+26,-2.5570424886235377e+26,-3.711528957736322e+26,2.2252179152237304e+27,7.144664875467967e+26,8.170137307913709e+26,9.777862303063968e+26,2.0444898755615725e+27,-1.2244975529339934e+27,-1.1829373000594083e+27,3.531650570497751e+27,7.994830450801121e+26,6.9067079554074935e+25,-1.0627191263636355e+27,1.5140764287050715e+27,1.3842695459096548e+26,6.499760762440153e+26,-3.068615682522472e+25,3.851691930526252e+25,2.0262239436954886e+25,1.1838348209539321e+26,2.965584059756872e+26,2.381537770218556e+26,2.176624354005671e+26,1.4620780654722361e+26,5.45972427791502e+26,2.5525838997563064e+26,-8.40235807424369e+25,1.0573610420138465e+26,2.5471284113329825e+26,4.302366053013497e+25,-6.205704923046999e+25,-9.501128839792676e+25,-6.395037587389928e+25,-6.7008042660988666e+25,-5.459437828051587e+25,-1.4667327819682854e+26,-1.1669301460727027e+26,1.3874006585199133e+26,-6.580165043627747e+25,-1.4347347075901968e+26,2.9971502650806357e+26,8.492421810463613e+26,-2.6988906030702632e+26,2.117609906402304e+26,-9.505255142902982e+24,4.019368669205892e+26,2.1346616827822326e+26,4.125059011394796e+26,1.2001316245509189e+27,4.319034485796679e+26,4.5697062719291375e+26,-5.125032933485333e+26,3.337351613070841e+26,2.229461536478691e+27,8.5897505529787e+26,-2.555388164155925e+27,9.751775193294483e+26,2.479837119115768e+27,9.157031760822317e+26,1.9849066420684843e+27,5.552477896656801e+26,2.472425289429688e+27,8.8419933633088e+26,3.653450374760806e+25,-1.4196924947270384e+27,-5.685488670476779e+26,5.0235563833791995e+26,2.1322420484645626e+26,5.067492845954118e+26,-2.030341002972011e+27,1.8755260486341888e+27,-2.284724950392005e+27,1.4489227151255148e+27,-8.194869355132403e+26,8.656736689356594e+26,7.257915559476048e+26,-5.6239615724289175e+26,8.309216094952263e+26,8.540119479348629e+26,-2.6602129046683515e+26,8.2990878606528e+26,2.524592628546935e+27,1.3340568658837175e+27,9.09037385343788e+26,6.540735165620154e+26,-6.326708697955096e+25,4.3671808450472917e+26,5.011290887448441e+26,5.0782016560912275e+26,5.868437890657909e+26,6.730652471300808e+26
1.1681102911057859e+27,-3.354092692787824e+27,1.3894083940333983e+27,4.6476927843620835e+25,1.783109335066658e+27,3.6501522107514113e+27,-2.365385950835269e+26,8.600399774422216e+25,-1.1351813227771638e+27,-1.3830925753175138e+27,3.73067606301994e+26,-6.947574093349287e+26,-3.785257006623458e+26,-1.3028842047034707e+26,-1.1056408648826821e+27,2.8773959475424565e+26,-4.6520083134263545e+25,3.3710549649957666e+26,1.7212979123334544e+26,-1.7208065425570877e+26,-1.8675163944618946e+26,1.707774218624243e+25,1.5002924119245457e+26,4.470455143788389e+26,4.4374557064781426e+26,1.4096121527663933e+25,1.0774696817914888e+27,-2.282930542760625e+27,-1.0752730176714387e+27,-8.081282628993191e+26,-9.230876308208246e+26,-1.2244975529339934e+27,4.147207196314788e+27,4.990150129805899e+27,-4.9456157392985536e+27,1.4280665933620651e+26,-1.487401693234827e+27,-2.4772162898902014e+26,-2.688298900392518e+27,8.996426103108506e+26,1.6924001841037083e+27,9.597631661754426e+26,7.017101022676218e+26,8.535626403422253e+26,6.506564445041497e+26,-4.102605209434196e+25,4.449309752577765e+25,-1.5060696764065879e+26,-1.0105550008819938e+26,7.602101178765781e+26,-3.667312592249969e+26,-1.9027931450500257e+26,-9.136631452137606e+25,-2.1732026411807147e+26,-1.2526652631319562e+26,-8.29115955527026e+25,-5.231367998262703e+25,-2.05971288006098e+25,1.074969105191239e+25,-1.2736538416229178e+26,7.817087015518944e+25,1.310612503719962e+26,2.7428508736854714e+26,4.7147602505935895e+26,7.823735932629513e+25,9.404062931323017e+26,6.453158289360867e+26,-2.849339156223455e+26,-2.605459241017322e+26,2.52909230229748e+26,3.0290425002162633e+26,4.394064819554957e+26,9.228234592357745e+26,1.2903591307480248e+27,1.138013131679082e+27,-5.479949386925871e+26,1.921597483771921e+26,4.157911419156903e+26,-3.475374416311772e+27,1.0815671321067807e+27,5.949364087971517e+27,1.550173651488884e+27,-5.31924422931856e+27,1.358516321231249e+27,-4.209317255174728e+27,7.988298792818924e+26,-6.000004893234938e+27,1.4463356977272007e+27,-4.734220542193115e+27,-2.928098260705751e+27,1.1096465849989214e+27,2.8245119723583297e+26,-8.247109900906756e+26,3.299116110248732e+26,4.4825601182922876e+27,1.707121663987868e+27,3.288036314191697e+27,1.3098116602249693e+27,1.8207915716589214e+27,7.367015132223387e+26,-1.315785443595129e+27,-1.747485059215107e+26,-1.9415206174713718e+27,3.878110457675716e+26,2.0864856218320986e+27,8.793478482043007e+26,-3.6509791042857425e+27,7.407603227232748e+26,2.86086978707234e+27,3.507061398618663e+27,2.3411617618794246e+27,1.522032253092728e+27,9.70917142766786e+26,1.0261287655549129e+27,1.4768481938544756e+27,2.016120365201762e+27
2.323098511346199e+27,-5.027940277708943e+27,2.3472413292267963e+27,7.458864014961054e+26,2.5429098081798463e+27,4.5673238498337517e+27,-9.971744367811766e+25,2.9438956908852968e+26,-1.1571864831932369e+27,-1.602339593766866e+27,5.060202412163823e+26,-8.152696078988893e+26,-4.797136080151931e+26,2.755769540497846e+24,-1.052326789989889e+27,4.4006793181498386e+26,-9.320458704970117e+25,3.7940267036462855e+26,2.6312471615946238e+26,-2.3830462404032677e+26,-2.391138829414768e+26,-4.76535550309008e+25,1.4970042824974179e+26,4.908005567789674e+26,4.368801469469545e+26,-5.469089376488388e+25,1.1298143271156323e+27,-2.2848599746021436e+27,-9.718381822680312e+26,-7.37272566064495e+26,-9.036652930193512e+26,-1.1829373000594083e+27,4.990150129805899e+27,6.23369414758401e+27,-5.589695814196989e+27,-3.837337545166945e+26,-1.8832876357384836e+27,-3.0099127649316157e+26,-2.9293846579067385e+27,4.942865785157818e+26,1.6814655151815388e+27,7.845768358271547e+26,2.70467546055122e+26,8.81273879237248e+26,8.760979631432113e+26,-5.819781960165268e+25,1.7125648520984225e+26,-4.107927007448094e+25,2.2665440263385554e+25,1.020520463468081e+27,-4.766692253021523e+26,-2.84159089606615e+26,-1.3545325373090342e+26,-1.2948840366728724e+26,-1.7634537428533468e+26,-1.0609218587514654e+26,-8.860223066744549e+25,-4.98726895490572e+25,-9.954729562294073e+24,-1.1941348846766332e+26,5.8890606888701255e+25,1.112201412334472e+26,3.307819723186081e+26,5.395337668809142e+26,6.997794032971006e+25,1.179642055480152e+27,1.0167292877534794e+27,-5.050718263218677e+26,-2.3139226981275882e+26,2.9994358957434116e+26,4.9682043074288774e+26,7.059935232023597e+26,1.369782940255105e+27,1.962936339293109e+27,1.1297180408425394e+27,-7.764692995072678e+26,3.393690356320182e+26,7.289705354884613e+26,-3.6229584694597315e+27,1.619651132513117e+27,7.039708230229245e+27,2.2643760403191473e+27,-6.600443056994608e+27,1.875014996898392e+27,-4.680374589597464e+27,1.266886394343896e+27,-6.743460069476127e+27,2.1138418169369515e+27,-4.9329812015849997e+27,-4.1358635731446826e+27,1.1993494353710914e+27,4.6470456625211796e+26,-9.611904967306619e+26,5.238574515410351e+26,5.40240477140238e+27,2.739673631225335e+27,3.5999241451579353e+27,2.028308456578697e+27,2.0279141557985934e+27,1.1157077063167164e+27,-1.48365532297336e+27,-3.783600104335693e+26,-2.2893183578694027e+27,7.659364451566879e+26,2.724657917894087e+27,1.482678295191894e+27,-4.2724356922270873e+27,1.3480306330877964e+27,4.0757619628043594e+27,4.72844175292122e+27,2.904929873010908e+27,1.9561807073925942e+27,1.3298110772868156e+27,1.4520563037166504e+27,2.0954780423672164e+27,2.863313229865674e+27
-2.905441916114656e+27,7.456393745832236e+27,-2.4632387461151596e+27,-1.1142713904352355e+27,-2.059223355976269e+27,-4.304136950216432e+27,1.0465638028930883e+27,1.014781545146625e+27,2.209429379544954e+27,2.2794311412517988e+27,1.4992162351545215e+27,1.1039140218059467e+27,2.7464120550458187e+26,4.5994550912157844e+26,2.3899458250826644e+27,-8.68297156423253e+25,-1.878012877301979e+26,-4.4622325159141906e+26,1.239439806331954e+26,3.5271727902265573e+24,-4.321745669470235e+26,-5.56098294912532e+26,-5.954494065783441e+26,-1.3216422375717125e+27,-1.8743632769908532e+27,-8.718646343564231e+26,-3.94529166551776e+27,6.834502378965158e+27,2.629749304237136e+27,2.082326560168469e+27,2.0440519557918516e+27,3.531650570497751e+27,-4.9456157392985536e+27,-5.589695814196989e+27,1.185497624950006e+28,2.231017658344513e+27,1.6945016893921084e+27,-3.0723245175941004e+27,4.644043651075721e+27,6.697559214203859e+26,1.4626619212972562e+27,9.73266874208034e+25,3.299251520479944e+26,6.967346282006373e+25,1.0790326332020864e+26,9.568349611122716e+26,6.362920117801308e+26,4.746286957334075e+26,2.1323066779240067e+26,1.1006997708175432e+27,9.32826449982882e+26,1.9947338063418186e+26,4.801952998932169e+26,5.399544422307043e+26,3.37779255895681e+26,-2.7210132113156306e+26,-3.245600435181045e+26,-1.5832970484959136e+26,-2.801543154253579e+26,-7.61224365229063e+26,-5.986276297430462e+26,-4.446280526214071e+26,-7.369340176156859e+25,-1.7030013443698543e+27,-8.569829889477414e+26,-2.0286342993385085e+27,3.8844503806369516e+26,-2.6086151256621617e+26,4.520359913910991e+26,-1.8288089105774956e+26,3.556849127338956e+26,1.592999537722947e+26,2.7860985709206565e+26,8.7086466455649e+26,9.80673076218921e+26,1.9570149727982122e+27,-3.972173472327662e+27,4.4170025321995825e+26,8.087515681081316e+27,4.9978103427378786e+26,-1.007956184537772e+28,8.68307656738886e+26,9.218089484787717e+27,1.8547992573654396e+27,7.018709417368442e+27,8.116684461624746e+26,1.026426955398774e+28,1.2190480159789951e+27,6.807706335029019e+27,-2.641858292294168e+26,-3.4678124551081643e+27,1.7189686053013635e+26,2.593065185720392e+27,5.97159127278233e+25,-1.275418302443232e+28,-6.477757404562829e+26,-1.060101172342106e+28,-4.782544690127953e+26,-5.657907984126983e+27,-3.059942994097599e+26,4.132356485322741e+27,-2.1185601407238803e+26,5.626554384971545e+27,-2.0459941279823303e+26,-5.672515750352573e+27,-1.8776577278899886e+27,9.754980160608999e+27,6.684123356131955e+26,-5.667863148114086e+27,-7.737535552249602e+27,-6.957723588090669e+27,-3.619457886516654e+27,-2.1132354399185088e+27,-2.4200426399287028e+27,-3.416993395261781e+27,-4.4200842033057223e+27
-5.266025800962015e+27,6.530831236152485e+27,-4.0409919541501135e+27,-4.3222449325226545e+27,-2.0013002708924153e+27,-8.819080708076302e+26,-2.6895209041152235e+24,4.5683067954670996e+26,1.981989704891091e+26,6.193076997591079e+26,1.681614953018691e+27,4.6868692814162175e+26,-4.763212870535959e+25,-3.882163502810428e+26,-5.214807962054773e+25,-2.6348693192547822e+26,-8.963541164524207e+25,-9.279945172023461e+25,-5.1451070465006505e+25,-1.185957038623461e+26,-3.457627037172483e+26,-1.0328424208026968e+26,-8.720414015068802e+23,1.1749468964478286e+26,-1.665111642333399e+26,-1.829268877152897e+26,-2.4921642474513603e+26,5.88658770443924e+26,-1.8285307870530628e+26,1.8047232751673283e+26,4.206327821424996e+25,7.994830450801121e+26,1.4280665933620651e+26,-3.837337545166945e+26,2.231017658344513e+27,4.9003501474905465e+27,4.4863773642465164e+26,-1.9693167851883053e+27,1.90122568262081e+26,3.5900881762656245e+27,3.515927756412539e+27,2.361877147078302e+27,3.580089872273941e+27,1.1986114485431126e+27,-1.41559371932071e+26,7.860287912643367e+26,-1.7934042263095653e+26,-4.014878387911275e+26,-5.523686322142397e+26,1.218671520036197e+27,8.355276761263433e+26,2.6637373682353978e+26,3.3730794664311756e+26,-2.8761591975820584e+26,2.15090005443416e+26,-2.091551405879622e+26,-9.282094718755344e+25,1.7152355038374953e+25,-4.128866230412061e+25,-5.4867698729081435e+26,-1.2510285100446397e+26,1.4714346612255764e+25,1.7401328471956055e+26,-2.6143646053087226e+26,-2.3341533462096184e+26,-1.502508419156434e+26,1.8476579630567195e+26,3.014242029801915e+26,-1.0620131500255193e+26,8.355830749668943e+25,7.868153606244094e+25,-4.833535396326491e+26,-4.4605130363754386e+26,1.4301827044545706e+26,2.9726713074146167e+27,1.8251202846929336e+27,-2.123347333913386e+27,-5.145323558332358e+26,4.6621001572833434e+26,2.5091060376541046e+24,-1.3546923179948176e+27,-1.2975951073340057e+25,3.604151057847838e+27,1.1520056868411088e+27,1.5437361374112461e+26,-3.680508383070989e+26,1.1421867803606023e+26,7.742716629496372e+25,-3.489475878849198e+27,2.2761613025250707e+26,-3.1503988262416085e+25,1.1456690379259873e+26,5.440997646202164e+25,9.698419831770384e+25,-2.5392243129941054e+27,-3.639785244476064e+26,-1.507855141905827e+27,-4.5829409024602485e+25,-3.610115224504217e+26,9.296411354204294e+25,1.7847935470975567e+26,-8.818524919422143e+23,4.18612819703678e+26,-1.6173675135807973e+26,-8.540065610988151e+26,-6.237501656336136e+26,1.6271628457997722e+27,-2.9135121209504653e+25,-1.4755787582585261e+27,-1.7797011478101443e+27,-1.2121167953832252e+27,-3.228961972949184e+26,-1.857691690695651e+26,-3.251077641988095e+26,-5.831009414748435e+26,-9.210938138897102e+26
-1.1173457109141859e+27,2.204883701980768e+27,-7.589771009803124e+26,-4.6739588457714585e+26,-6.521863133095439e+26,-1.3034349755893416e+27,-7.882591061961984e+25,-1.8361070930187304e+26,4.4273638126239065e+26,3.896741698651923e+26,-5.001926527577685e+26,8.092471745461868e+26,7.611209109887907e+26,3.7409828038831985e+26,5.7951802586680474e+26,2.6110016357887894e+26,-5.324527340134893e+25,8.733303226814568e+25,2.0034593893957154e+26,-1.245172702908043e+26,-1.8214357878385954e+26,-1.5473713543629083e+26,-2.942176267028431e+26,-3.586618826989242e+26,-4.84569558331836e+26,-1.5973289709758706e+26,-8.743851156545217e+26,8.642274861723403e+26,7.192555691624399e+26,4.106867666964978e+26,2.7988686220154587e+26,6.9067079554074935e+25,-1.487401693234827e+27,-1.8832876357384836e+27,1.6945016893921084e+27,4.4863773642465164e+26,1.9305226492397013e+27,-5.563227988446723e+26,9.765817602857541e+26,2.1683086157571686e+26,-3.647158223773186e+26,2.8946794764674983e+25,3.172950292815785e+26,-1.69971346893498e+26,-4.9503375128568554e+26,-1.4187511770100643e+26,-4.6324426795795646e+26,-3.3795678029506254e+26,-2.8183803146181506e+26,-7.10266019172688e+26,6.732007446286822e+26,7.738136254115649e+26,6.456476714978575e+25,-2.4414780292871968e+26,2.0075391450920134e+26,-1.6531587883388315e+26,-6.169319884364263e+24,8.80958932270245e+25,-4.1375411108427585e+25,-4.2672171777747305e+26,-9.423767102669425e+25,-7.415684021055183e+25,-1.4869409925217227e+26,-4.6998148401584005e+26,-1.6603051638779107e+26,-7.989514132796464e+26,-6.080090369296878e+26,4.209385706890158e+26,-7.007565195840997e+25,-3.468826472694582e+25,-2.5103011599625453e+26,-5.399790824853058e+26,-8.652828902703261e+26,-1.1152081154206184e+27,-2.436994706490584e+26,1.2622347016921525e+27,-1.3804899009967592e+27,-6.583814988606917e+26,1.450977307126723e+27,-9.105164475737619e+26,-2.306480218779841e+27,-1.3149920580071392e+27,3.186613243030622e+27,-1.063799627521954e+27,1.852008522118488e+27,-9.580883870875673e+26,2.920391627525767e+27,-1.2853470497349602e+27,3.469785532814023e+27,2.2649925087776964e+27,-4.844633773922519e+26,-2.5648473037319075e+26,3.39046549874274e+26,-2.5608609435740346e+26,-2.6356846343909863e+27,-1.7760780130915055e+27,-1.775497312844262e+27,-1.2989861321629745e+27,-9.669829029056954e+26,-6.537304511948849e+26,4.463907235318741e+26,2.307513002355081e+26,7.380365376915854e+26,-4.31466209357026e+26,-1.0618715256863102e+27,-7.712381376142595e+26,1.2175638623263142e+27,-8.48456057987228e+26,-2.3944825204453641e+27,-3.0114848944152285e+27,-2.0605992548149315e+27,-1.1526207537850095e+27,-6.559717982242678e+26,-6.894311937524218e+26,-1.0643841892553987e+27,-1.5487528696058295e+27
2.1766282507537612e+27,-4.3135567701958317e+27,6.283603238509026e+26,1.1138111716882788e+27,-2.8125866390345366e+26,-1.9806062389550677e+26,9.57597027466778e+25,-1.19909876876993e+26,-1.6440802075887393e+26,-1.3224370196405962e+25,-2.9543216838895e+26,-1.004338677468834e+26,-1.2505330304634973e+26,5.139813222511804e+24,-1.9569635142316165e+26,3.882749033891836e+25,6.277936845834499e+26,2.2722400903256127e+26,-1.2168885957645408e+26,-3.4026292274478986e+25,1.562395539616944e+27,-8.803057512398535e+24,-6.1679505082722805e+25,3.105266423035129e+26,2.3364585322770763e+26,3.4870687630042297e+26,1.3923031676285372e+27,-2.2850341413248914e+27,-1.7221734924898545e+26,-3.0515680748317294e+26,-3.517804435962037e+26,-1.0627191263636355e+27,-2.4772162898902014e+26,-3.0099127649316157e+26,-3.0723245175941004e+27,-1.9693167851883053e+27,-5.563227988446723e+26,5.607088065521961e+27,-1.6438984756629695e+26,-2.4457622824326818e+27,-3.8742013018924383e+27,-1.6073507345121711e+27,-1.619705473062295e+27,-1.1087195641072197e+27,-6.2170029891692e+26,-7.082360746577741e+25,1.123408780506927e+26,4.163792707405562e+26,3.5347477305371986e+26,-5.4079943926787516e+26,-2.071840523722593e+26,-4.2548540461399834e+26,9.38482395038391e+25,4.787288769256326e+26,2.602986832902476e+26,5.177684085225858e+26,1.3396513463623366e+26,5.567733738716423e+25,-7.322250279360802e+24,1.85811166146885e+27,8.7808333736821e+25,-3.7660027958328576e+26,-7.215400205967681e+26,3.1827719730958616e+26,5.239209773685124e+26,-5.457098692176608e+25,-1.3154352480781663e+27,5.0123204135182316e+26,4.7840293838068495e+26,-7.835736006450778e+26,-9.624316808250626e+26,-3.798956238570157e+26,-1.0097564078413396e+27,-2.2986334334367917e+27,-1.7930974170885234e+27,-9.989719483831468e+26,4.760240487718141e+27,-3.0689845667983266e+26,-7.955282780359232e+26,-2.2119193791097946e+27,1.0961927286852237e+27,-2.2536845078446275e+27,-2.4775537753674386e+27,-1.854448501999585e+27,-4.053226526955278e+26,-8.414298676272416e+26,-9.596306104625388e+26,-2.0834423409724622e+27,2.2471482940987167e+27,6.060934938008188e+27,1.5992992145065736e+27,-2.040153943288553e+26,-1.4466939716134766e+27,-9.820094893241704e+25,7.228145171283863e+27,2.4469388712006185e+26,5.164276891878866e+27,-4.682578694110867e+26,2.8021501500141484e+27,-2.472066065701137e+26,-2.205266014336244e+27,-2.9316566134549754e+26,-3.1870690985274303e+27,1.0501487038255474e+27,4.2564907065495384e+27,2.830914104975741e+27,-4.6793555931534256e+27,-4.391439548938181e+26,4.5197750371238053e+27,4.3359019892358965e+27,3.447044904845241e+27,1.677032960828613e+27,1.4493078235441375e+27,2.1504561053258055e+27,3.0967700939450195e+27,3.8847444248697116e+27
-3.538334510184193e+26,1.9806449604189234e+27,-7.707183312875047e+26,1.8350686570193736e+26,-1.0808110690070899e+27,-2.3837357043642667e+27,7.503138992242202e+26,6.618165887697876e+26,1.3888969656213407e+27,1.3674615597008446e+27,5.599827115926907e+26,7.50664479081171e+26,1.8369078969271712e+26,4.0824595935010976e+26,1.437985509086173e+27,1.999875637491039e+25,-7.235109229006901e+25,-2.5602215486676905e+26,7.824351759792707e+25,-4.45147281406868e+25,3.7990760914144657e+25,-2.1481632874071957e+26,-2.3205063395532377e+26,-3.9939569732532646e+26,-6.204162291461412e+26,-2.2119304617685833e+26,-1.192018359178671e+27,2.5644249926006314e+27,1.5150918596183558e+27,1.1789412888485262e+27,1.0266383216697954e+27,1.5140764287050715e+27,-2.688298900392518e+27,-2.9293846579067385e+27,4.644043651075721e+27,1.90122568262081e+26,9.765817602857541e+26,-1.6438984756629695e+26,2.6137487213815293e+27,-8.960430918743198e+26,-9.851009612161478e+26,-8.233003166707284e+26,-7.419844570800122e+26,-5.8446318536106604e+26,-2.7863416744540982e+26,3.752873581495784e+26,2.7424872721740974e+26,3.531830336064084e+26,2.5003110635590267e+26,1.676268392018146e+26,4.858671989868477e+26,6.775666271154686e+25,1.570515693538466e+26,3.972676208308632e+26,1.2415473093801707e+26,9.799463366678168e+24,-4.56515133185285e+25,-3.6154581681051167e+25,-6.507166996824621e+25,6.7468395443207195e+25,-1.6127925938210846e+26,-2.1215197591426995e+26,-1.9613264640525003e+26,-4.840435419230728e+26,-1.5357640630850196e+26,-6.768124402524616e+26,-6.598797773392544e+25,-1.0241927590161395e+25,3.549321687660808e+26,-2.5514806154578768e+26,-4.6122536761548015e+25,-7.500740617268978e+25,-2.6785615474627444e+26,-2.274501594536327e+26,-4.4076568561623724e+26,7.6535502139952e+26,-4.210991989878521e+26,7.18147844666762e+25,3.8362676574995245e+27,-3.171581749148603e+26,-4.669122373184335e+27,-3.686329113928591e+26,4.465872041400162e+27,2.140361258084902e+25,3.8680935797353054e+27,2.2914414936607464e+25,5.297358671887756e+27,-2.034089531781511e+26,4.3774145783789637e+27,1.2885501580935156e+27,-9.180472145746174e+26,6.973554838074863e+25,5.113900676114758e+26,4.8666874358516825e+25,-3.4414733429082316e+27,5.405706022527479e+25,-3.213699040147185e+27,-1.1039867382377953e+26,-1.523549641024161e+27,-6.439180460613653e+25,9.243793104957509e+26,-2.4221172088119215e+26,1.2292094679119468e+27,3.7302815727946054e+26,-8.643217136698585e+26,3.0830563949050477e+26,2.7500568586292895e+27,3.258140860454259e+26,-8.663131825003061e+26,-1.8353423907357414e+27,-1.7811572482036165e+27,-8.495991651111223e+26,-2.9898721732533525e+26,-1.911011928873531e+26,-3.049023421975085e+26,-4.9674316027612987e+26
-4.457083305048536e+27,5.975025066980385e+27,-2.1364363389155502e+27,-3.00393991142941e+27,-3.493673330602119e+26,3.789912438165743e+26,-5.1996680237216444e+26,-1.6837873249721607e+26,-4.549357547489845e+26,-2.6073869934939594e+26,5.6857991392449407e+26,-1.212344251724079e+26,-5.092943010048726e+24,-4.892686208462412e+26,-6.61635201633089e+26,-3.150150825432418e+26,-8.263546097699466e+25,-8.082533820439435e+25,-1.6221180172459443e+26,5.486093724255987e+24,-4.365674256500875e+26,6.174849162739808e+25,1.835802219130628e+26,3.0747655694852964e+26,1.6415421670015203e+26,-2.6157412275036643e+25,1.819118829731248e+26,-3.1964058595205515e+26,-8.671669626020937e+26,-3.944591312684394e+26,-3.159750793050358e+26,1.3842695459096548e+26,8.996426103108506e+26,4.942865785157818e+26,6.697559214203859e+26,3.5900881762656245e+27,2.1683086157571686e+26,-2.4457622824326818e+27,-8.960430918743198e+26,4.347378039697865e+27,4.82986771064232e+27,3.12862793728414e+27,3.5518500262378536e+27,2.0607405533035463e+27,4.7352536548870125e+26,3.1650389241154106e+26,-2.9587445467861177e+26,-7.878749427294046e+26,-8.295007502657377e+26,9.281946525236579e+26,3.649405897440197e+26,3.8623511308035775e+26,2.6563411318409985e+26,-7.639390723662493e+26,2.2660500151620266e+26,-2.707218454220908e+26,-1.1491484302991239e+26,6.833418276481433e+25,-3.991034368394055e+25,-7.715488291512496e+26,-4.853047262739408e+25,1.2165165362110505e+26,2.103658446344235e+26,-1.835930610234641e+26,-1.823207018307435e+26,-2.3344991710281237e+26,-3.414154032497675e+26,4.404554026307083e+26,-5.2557959182801516e+26,2.3691225318572278e+26,-1.510415378036809e+26,-3.492514984932549e+26,-1.2526589015583033e+26,-1.848501762312571e+26,3.0890444140921684e+27,1.341105150261377e+27,-2.8555107924550575e+27,-4.9927597131109275e+26,-1.2225497155024325e+27,-1.677581636588661e+26,1.842716980682972e+26,2.23307850621486e+26,1.354017944125098e+27,1.5888472858960226e+27,-1.2838892143100266e+27,-1.9092223341703344e+26,-1.5347778810572422e+27,5.092955411112318e+26,-4.819678656004964e+27,-4.9812250779306456e+26,1.3071485235872862e+26,-2.4359175178076425e+26,7.980698982684798e+25,-2.3710177247255902e+26,-2.848585055772398e+27,-1.9990204304371427e+27,-9.397736879394655e+26,-1.1354811270621289e+27,-1.6581374869845805e+26,-4.9676527303519575e+26,1.8372070215262435e+26,5.300457799988364e+26,6.0867061623905435e+26,-1.0855337979597572e+27,-1.738313957324252e+27,-1.9928147105283945e+27,1.5225132154960494e+27,-1.1151612581482572e+27,-3.2859424443860215e+27,-3.183613604161771e+27,-1.601738420186389e+27,-6.120271484651603e+26,-5.817687477126726e+26,-9.710055750499693e+26,-1.5941934249152268e+27,-2.289471700506698e+27
-3.935467555427264e+27,6.063529871155991e+27,-1.2860860319446185e+27,-2.3250379821695575e+27,4.229063972650901e+26,1.1948461277279261e+27,-2.3612302795133822e+26,1.9683833602821793e+26,-3.715250337049917e+26,-3.214422183933616e+26,9.827545652769422e+26,-3.543193896009475e+26,-2.3527884464775395e+26,-4.40910068983168e+26,-5.97985133510426e+26,-2.8131419366575394e+26,-1.5887940813255937e+26,-1.1957368035081564e+26,-1.5401348631962642e+26,-5.423344209365803e+25,-6.866857478026578e+26,-4.061872461698236e+25,2.0716826659429774e+26,3.5056690775429316e+26,-2.2323818160835742e+25,-2.0919887555488483e+26,-1.855147473918994e+26,3.148211991505045e+26,-8.324764220183125e+26,-2.7253274808113113e+26,-1.980276328028451e+26,6.499760762440153e+26,1.6924001841037083e+27,1.6814655151815388e+27,1.4626619212972562e+27,3.515927756412539e+27,-3.647158223773186e+26,-3.8742013018924383e+27,-9.851009612161478e+26,4.82986771064232e+27,6.728451456755352e+27,3.4372598339310647e+27,3.315868484107573e+27,2.5503806582133536e+27,1.3833058202552797e+27,4.053430892516682e+26,8.828156742953784e+25,-6.786042893122987e+26,-6.928937149308577e+26,1.58955396669739e+27,1.9528135696769424e+26,2.915342839798111e+26,2.5255861718935396e+26,-8.10078767221639e+26,1.760770485549921e+26,-4.939751666325968e+26,-3.3621336625372716e+26,-2.822642537151679e+25,-1.767460942601201e+26,-1.2022403315365673e+27,-1.9350440790522433e+26,5.7866699156019145e+25,2.8548630156193364e+26,-5.306205464795373e+26,-3.9786406434272336e+26,-5.596972592155935e+26,-7.096476396080256e+25,-5.879133193918953e+25,-7.508611595797803e+26,4.6115111990520324e+26,1.2954935961963153e+26,4.14298847006702e+26,1.196648843000627e+27,1.1408461516184197e+27,3.687105972055154e+27,1.326829518597347e+27,-4.547321352036567e+27,3.361791832382925e+26,-1.0176568757709032e+27,9.638412646830532e+26,6.085516821304082e+26,2.2044341831558778e+27,9.188886505097245e+26,3.566235973896407e+27,-1.5369611101049871e+27,1.1941186840119596e+27,-1.870519944429361e+27,2.6827638884591935e+27,-5.98639576293271e+27,-3.7128691053489955e+27,-1.2707505281959617e+26,-2.9358287209538904e+26,3.0184248448512055e+26,-2.8278377352365643e+26,-4.671344858862808e+27,-1.8459862083628703e+27,-2.316644576832274e+27,-1.055677330738771e+27,-7.251432555090639e+26,-5.598356146423026e+26,6.110427712475254e+26,7.161598247651049e+26,1.2575036224492458e+27,-1.4351096357595378e+27,-2.6814041542622484e+27,-2.7119166408558955e+27,2.687033916556463e+27,-8.6596693136578e+26,-4.2438335270970696e+27,-4.393850136025482e+27,-2.8310975570645983e+27,-1.0516578255248777e+27,-8.597806222916585e+26,-1.4140644982405413e+27,-2.263830247932062e+27,-3.135293576229008e+27
-2.812227992815046e+27,3.651267490873628e+27,-1.0231256309719947e+27,-1.9108211914235819e+27,2.540743633506245e+26,7.433810240584242e+26,-4.192810144840407e+26,-1.3355642138084079e+26,-4.14506600768886e+26,-3.997447994982373e+26,3.501811956139335e+26,-1.8343824350132847e+26,-2.996288191392756e+25,-3.0490883812512216e+26,-5.006703918421704e+26,-1.656442377962437e+26,-5.917818285897062e+25,-3.3313397760169756e+25,-7.868112371967174e+25,6.985821557012711e+24,-2.9218440068421192e+26,4.571622792914321e+25,1.36642700014394e+26,2.2004836722100316e+26,1.3762939119393245e+26,-1.1960802404580674e+25,1.7025715270115992e+26,-3.28295539120829e+26,-6.123666061924952e+26,-3.148235064433534e+26,-2.6075879433918004e+26,-3.068615682522472e+25,9.597631661754426e+26,7.845768358271547e+26,9.73266874208034e+25,2.361877147078302e+27,2.8946794764674983e+25,-1.6073507345121711e+27,-8.233003166707284e+26,3.12862793728414e+27,3.4372598339310647e+27,2.3962946997128908e+27,2.602291208969232e+27,1.6548687183004074e+27,3.381584506535357e+26,2.3429465777508555e+26,-2.1241750513885194e+26,-5.8459174419015846e+26,-6.3417767623809e+26,7.862684571249568e+26,2.13110116105799e+26,2.4288582418683695e+26,2.1341634458013325e+26,-5.431016478979062e+26,1.736068704074795e+26,-1.7430265090283003e+26,-7.0460611723371214e+25,5.2583245566330085e+25,-2.169793346109043e+25,-5.047372882874691e+26,-2.763803826090408e+25,8.897648887371616e+25,1.5685486765714624e+26,-9.114306678413577e+25,-1.1415968772693556e+26,-9.77467531024486e+25,-2.0303320660676944e+26,3.508181325333073e+26,-3.4845661332860364e+26,1.559143449795756e+26,-1.0218776971673649e+26,-3.051551140149212e+26,-1.5382790768133887e+26,-1.4562254928545611e+26,2.3472033247373085e+27,8.713098870605855e+26,-1.857030100717453e+27,-4.048338713674532e+26,-1.0165690310040432e+27,-1.4796599278079057e+26,5.654781015910361e+26,1.0587708533017004e+26,2.3117825132689533e+26,1.1837953288621067e+27,-1.1964742725137615e+27,-1.8026418824693835e+26,-1.4389054784378428e+27,3.0760181904972053e+26,-3.3815120827307314e+27,-2.5568364701166733e+26,1.2179653539099836e+26,-1.3862529381374186e+26,2.3248807844742097e+25,-1.3461397683586818e+26,-1.649879647090488e+27,-1.271779054879325e+27,-4.550075261675405e+26,-6.981214936458932e+26,-3.6518018144100272e+25,-2.85795939970933e+26,7.5325272133065416e+25,3.317411101628581e+26,3.2494771430279585e+26,-6.94010978824991e+26,-1.0577698715336991e+27,-1.278345772865366e+27,7.945145785422391e+26,-7.246979192659178e+26,-2.0493592436608161e+27,-1.9458630635255213e+27,-9.377953554455557e+26,-3.3008476857973645e+26,-3.3989657222092734e+26,-5.968825762738543e+26,-9.888263412268535e+26,-1.4245101995365983e+27
-4.1671939740115155e+27,4.937422958185026e+27,-2.450440852394326e+27,-3.2965427180463875e+27,-6.614633717705436e+26,1.7868361496050632e+26,-5.449382045277444e+26,-1.7888814145647596e+26,-4.0767993597045993e+26,-2.1897947510326955e+26,6.338133351914178e+26,4.291571401279861e+25,3.371116263576267e+25,-4.1628346086922344e+26,-5.3735686791597084e+26,-2.364845131513051e+26,-6.560078873161988e+25,-4.57958871434906e+25,-9.76770953223114e+25,-2.9880996725384183e+24,-3.147205692579287e+26,5.542382653814103e+25,1.3053486549538701e+26,2.32775130407928e+26,1.610403768926099e+26,-2.7224651307443655e+23,2.267455377525369e+26,-3.618462342862233e+26,-6.689735405379133e+26,-3.0517791930148374e+26,-2.6875368242916892e+26,3.851691930526252e+25,7.017101022676218e+26,2.70467546055122e+26,3.299251520479944e+26,3.580089872273941e+27,3.172950292815785e+26,-1.619705473062295e+27,-7.419844570800122e+26,3.5518500262378536e+27,3.315868484107573e+27,2.602291208969232e+27,3.433098387590577e+27,1.5099688444085962e+27,-9.422114566312491e+25,3.881417871850525e+26,-3.886278747619613e+26,-6.282695012139131e+26,-7.209088141256357e+26,7.586273743785643e+26,4.647225927077306e+26,3.0573744506397286e+26,2.4810971388172634e+26,-5.145129077759039e+26,1.755148137758646e+26,-1.5736435914547283e+26,-2.2946003710619337e+25,6.031940367970636e+25,1.0335137894461073e+25,-5.0982202461212076e+26,-1.1833080957252928e+25,1.2258797943719291e+26,1.913851615931997e+26,-3.3183504161391787e+25,-1.074584895477081e+26,1.825234841110045e+25,-8.892365933613558e+25,4.532004391676499e+26,-2.698123010288299e+26,1.5603026791924056e+26,-5.2806472172716036e+25,-5.999941867673227e+26,-6.085839742785855e+26,-3.011108362943601e+26,2.668311896952646e+27,1.2252208699062046e+27,-1.7206985602765274e+27,-7.268461070399512e+26,-9.760928723704385e+26,-2.7558644804621316e+26,1.4674683797267213e+26,-3.989430692916043e+26,1.2514705964329343e+27,6.213962845154853e+26,-1.0791678356141321e+27,-6.789056151795792e+26,-1.3425533308760142e+27,-3.490246517709816e+26,-3.826968615653309e+27,4.6574535524330045e+26,1.80539635316468e+26,-6.705124068511803e+25,-2.2537576499868895e+25,-7.811871415629013e+25,-1.536040513391739e+27,-1.1219608570636775e+27,-3.540433363692759e+26,-5.3000036770550966e+26,4.501257343464881e+25,-1.68358062035764e+26,1.1305955897351081e+24,2.5144364090286638e+26,2.2855544130253787e+26,-5.754246237728173e+26,-9.264496815267481e+26,-1.1255265167687293e+27,7.916477978829341e+26,-6.237040019923878e+26,-1.8610422199252266e+27,-1.6931049598869874e+27,-7.172521593164339e+26,-2.3011897487777723e+26,-2.846835636096329e+26,-5.177332183574236e+26,-8.630382473005021e+26,-1.2633298679258775e+27
-1.378672124608671e+27,1.9808316861265237e+27,-7.847865447988474e+25,-7.527916996593425e+26,6.244569838805535e+26,8.350212578135854e+26,-2.0644638377799453e+26,-1.2140760213527324e+25,-2.677101760850724e+26,-3.456091404267478e+26,2.1910972676133234e+26,-2.3756490266291272e+26,-7.76113966262431e+25,-1.6206322355218948e+26,-3.0327543269552053e+26,-7.978617832795504e+25,-3.7501943496394305e+25,-2.151263797061197e+25,-3.9174566589124915e+25,9.857258923600361e+23,-1.8336608414864048e+26,1.0538136556760723e+25,9.383083616808448e+25,1.4690485511221209e+26,6.456658156912903e+25,-3.1877844191238805e+25,7.253188189969353e+25,-1.3343626282456374e+26,-3.654035900765405e+26,-1.859294602592711e+26,-1.4933279005610044e+26,2.0262239436954886e+25,8.535626403422253e+26,8.81273879237248e+26,6.967346282006373e+25,1.1986114485431126e+27,-1.69971346893498e+26,-1.1087195641072197e+27,-5.8446318536106604e+26,2.0607405533035463e+27,2.5503806582133536e+27,1.6548687183004074e+27,1.5099688444085962e+27,1.2965939194857452e+27,4.499880473275647e+26,1.3088807781599094e+26,-4.689630466789678e+25,-3.83570184073579e+26,-4.094946375640939e+26,6.810033115583525e+26,5.0870980572661154e+25,1.2047791237531136e+26,1.562329155080074e+26,-3.754723602424796e+26,1.3810722034972336e+26,-1.2660392959168801e+26,-7.536803447019608e+25,3.3161166841818592e+25,-3.3452359736225987e+25,-3.283083389882577e+26,-3.7399288912490603e+25,3.4014369825635785e+25,9.862231253542345e+25,-9.277300874453261e+25,-8.976486599571365e+25,-9.602983596068484e+25,-1.3618540122730135e+26,2.034528665481649e+26,-2.520519785809806e+26,9.278593070752666e+25,-7.61804571464875e+25,-8.628157205104442e+25,1.0308018009433954e+26,2.927953024465004e+25,1.6238820688580476e+27,4.784560637039544e+26,-1.3277700074882543e+27,-1.303007445610421e+26,-6.289191949143834e+26,-1.9697952882836835e+25,5.746472997802515e+26,3.472067111914286e+26,-3.3916361749702066e+26,1.2045791786398757e+27,-8.818323706399028e+26,1.2973747564785024e+26,-1.0565332753407427e+27,5.6324615848224505e+26,-2.2323165867404377e+27,-5.1022321134582284e+26,4.873199736652949e+25,-8.408984907561465e+25,2.9655116637074214e+25,-7.451494798920328e+25,-1.1686018290879607e+27,-7.795584301584187e+26,-4.095762389099641e+26,-4.387620554321503e+26,-6.73621746660988e+25,-1.772433678882168e+26,8.850466178739025e+25,2.09414655547801e+26,2.5300623452402826e+26,-4.4331243396904044e+26,-7.140315352412669e+26,-8.33110973709188e+26,5.7395767435929854e+26,-4.381859138565042e+26,-1.3288847897842817e+27,-1.3181949570288677e+27,-6.984925894749457e+26,-2.1826319472562456e+26,-2.0405807360562666e+26,-3.766161676488863e+26,-6.374357048079227e+26,-9.241126150767672e+26
3.238912147232058e+26,2.254421103840879e+25,6.579169270404358e+26,4.8462949673126455e+26,6.135944284275479e+26,6.887744646559425e+26,8.233031553527553e+25,1.3205093937270556e+26,-8.763788575096167e+25,-1.6495200792334945e+26,1.6833770319003315e+26,-2.8401532626428313e+26,-1.734683399396174e+26,-4.049652317971299e+25,-1.0599240235274796e+26,-1.353726596597522e+25,-1.1949641872653258e+25,-5.866997569498087e+24,-1.7880287613127824e+25,-1.6687727132960757e+25,-7.282850975160865e+25,-2.491430642386561e+25,3.8349701475201548e+25,6.933554799226335e+25,-3.4414090104938754e+25,-5.244633687255761e+25,-6.229770589301007e+25,7.000755818920787e+25,-1.3362285861205401e+26,-5.153425512199904e+25,-3.7477210030027206e+25,1.1838348209539321e+26,6.506564445041497e+26,8.760979631432113e+26,1.0790326332020864e+26,-1.41559371932071e+26,-4.9503375128568554e+26,-6.2170029891692e+26,-2.7863416744540982e+26,4.7352536548870125e+26,1.3833058202552797e+27,3.381584506535357e+26,-9.422114566312491e+25,4.499880473275647e+26,6.910796839705664e+26,-1.3800346099465555e+24,2.5433736729052943e+26,2.6815012739100616e+25,5.4659504569082e+25,4.2117796445475136e+26,-2.1239300517761762e+26,-8.949331342095396e+25,2.2239276605083916e+23,-9.104712935566911e+25,8.350940815568165e+23,-9.188646980899656e+25,-1.2011180570237074e+26,-3.975933421522794e+25,-7.020653319513599e+25,-1.65521123225008e+26,-5.538952298060794e+25,-3.660783521336985e+25,4.3154739434773064e+24,-1.5821757360775873e+26,-7.527611213542743e+25,-2.1558231694057122e+26,-9.10938606245217e+25,-2.106286016784995e+26,-1.8861548579351998e+26,7.06100844501512e+25,-6.696013130908015e+24,4.8183277761083345e+26,8.212009518368026e+26,5.107496846131669e+26,4.34522479607498e+26,-1.5020228315504518e+26,-8.69808202763843e+26,5.141536156316372e+26,-2.0350321476479134e+26,4.188363967159934e+26,5.4303853686120623e+26,1.1030001389769761e+27,-7.377311292665143e+26,1.313614444595132e+27,-4.8492139887082056e+26,8.694590114872894e+26,-6.197098308484362e+26,1.3306508708402726e+27,-1.0419344740016782e+27,-1.5865205679015113e+27,-1.868088057933436e+25,-1.1658883041861809e+26,4.415793397040191e+25,-9.838332347745607e+25,-7.922270967468163e+26,-2.9562655827058755e+26,-4.3481819307488026e+26,-2.5698551762377e+26,-1.2531576467697706e+26,-1.8490834894001937e+26,1.0603753396675587e+26,1.9447713551910036e+26,2.1454226119231714e+26,-3.256802768253344e+26,-4.702319536123517e+26,-5.263074009972124e+26,4.167816674838172e+26,-1.5629596235425043e+26,-7.142851006158706e+26,-8.359541203240502e+26,-6.391816488871449e+26,-2.227969396891509e+26,-1.5073147874183076e+26,-2.512326724753928e+26,-4.068278880699495e+26,-5.526720647513707e+26
-5.284528914361765e+26,6.922876446312335e+26,-5.187524134940495e+26,-5.396675747627427e+26,-2.480555679466173e+26,-1.2838630894980242e+26,4.13884738171072e+26,4.349314934852504e+26,2.6149387376090286e+26,2.2402651700258836e+26,7.964823445266074e+26,1.7419101222198074e+26,-1.607378983434735e+26,1.554466240072301e+26,2.7009663721388297e+26,1.2142654833274392e+26,2.0331334709705065e+25,4.119776811995682e+25,7.030782515572069e+25,-8.671439405392774e+25,3.6663815713845834e+25,-1.2169038037693008e+26,-8.952349454441741e+25,-7.83130137755091e+25,-2.50792353873948e+26,-1.4179470823546739e+26,-3.4879816820507036e+26,5.1715280513195274e+26,3.2247227542396844e+26,2.3560977341547286e+26,1.3222101577011293e+26,2.965584059756872e+26,-4.102605209434196e+25,-5.819781960165268e+25,9.568349611122716e+26,7.860287912643367e+26,-1.4187511770100643e+26,-7.082360746577741e+25,3.752873581495784e+26,3.1650389241154106e+26,4.053430892516682e+26,2.3429465777508555e+26,3.881417871850525e+26,1.3088807781599094e+26,-1.3800346099465555e+24,5.665606906469778e+26,3.058910673879982e+26,1.8713628876128646e+26,4.17734185796532e+25,6.424234270118028e+26,2.4038599896582118e+26,-1.4812776450673621e+26,1.9999708092056494e+26,1.768813276310944e+26,8.073993206250153e+25,-2.930525955348809e+25,-9.202169720421137e+25,-5.744826630636064e+25,-5.9726934101989744e+25,2.0907479594803473e+25,-9.36273374052544e+25,-1.024483550040706e+26,-3.5638226100906835e+25,-2.059622640826994e+26,-9.555416986400575e+25,-2.135264983919924e+26,3.2456072883601566e+25,-4.394392283196604e+25,1.1717909773153673e+26,-1.0017063991430104e+26,-1.242232597477242e+25,2.790111562805963e+24,1.120244201222657e+25,1.0753629628319283e+26,5.577613898010927e+26,4.297488319492625e+26,-3.243086949960893e+26,1.0801410940448081e+26,8.225305382858416e+26,-4.389499269531695e+24,-6.244987177489489e+26,1.6295659137946567e+26,8.163657093546641e+26,6.692792091726149e+26,5.366295960145678e+26,2.2845871971403437e+26,7.223919064611943e+26,3.243267506683169e+26,5.956997318920939e+26,2.3660967574279775e+26,-1.3630619131775175e+26,7.623955953490805e+25,5.664026416429625e+25,8.007002956788419e+25,-6.164062884635789e+26,2.840767817046987e+26,-7.00652765795574e+26,1.3351402150598052e+26,-2.5908253130363928e+26,8.420233810781414e+25,1.2218877549438957e+26,-1.1699328011930965e+26,1.3207790558656936e+26,1.872995710009579e+26,-1.3753307208684764e+24,2.234017695791321e+26,4.233404662461825e+26,2.1062771938153207e+26,1.2524188534181408e+26,-2.61611996633321e+26,-4.827278090767914e+26,-1.2293030589292638e+26,4.0111944173439035e+25,9.03202552151641e+25,1.2374448964752015e+26,1.4080308408278092e+26
4.949154513954671e+26,-4.4727877290792124e+26,2.5732365385881997e+26,3.506289365932701e+26,1.0924764461414835e+26,8.913468302449245e+25,3.497864350735551e+26,3.256309949543322e+26,1.876533189725473e+26,1.3223342426646841e+26,4.852477186496929e+26,-8.930512607998982e+25,-2.181844637134865e+26,9.842564554276981e+25,2.0931795125298292e+26,6.603608314033856e+25,1.6753573353926803e+25,1.1308390231512411e+25,4.065023285376005e+25,-3.956583515722027e+25,7.236107224019994e+25,-7.2400912212233415e+25,-5.514978116683742e+25,-6.910073306005041e+25,-1.677966933257205e+26,-7.901338811024936e+25,-2.528914342915062e+26,4.169168343576584e+26,2.5253960220333665e+26,1.8010608673288378e+26,1.2401263145109869e+26,2.381537770218556e+26,4.449309752577765e+25,1.7125648520984225e+26,6.362920117801308e+26,-1.7934042263095653e+26,-4.6324426795795646e+26,1.123408780506927e+26,2.7424872721740974e+26,-2.9587445467861177e+26,8.828156742953784e+25,-2.1241750513885194e+26,-3.886278747619613e+26,-4.689630466789678e+25,2.5433736729052943e+26,3.058910673879982e+26,4.18722269221463e+26,3.059270959143067e+26,2.2117817673487624e+26,4.708423420653332e+26,-1.0817767677376096e+26,-2.568447897889458e+26,6.1610506304282195e+25,2.254520854638144e+26,-2.105902219985959e+25,1.052808939006017e+25,-7.78402528557895e+25,-7.047126223835663e+25,-5.1679867655715765e+25,9.845826185036904e+25,-5.937519632154705e+25,-8.993930690553578e+25,-6.280068491798564e+25,-1.4631987654706243e+26,-4.322791756905623e+25,-1.8747001386248464e+26,1.0938500286399552e+25,-2.167158260297995e+26,8.382637831815494e+25,-7.652609374657958e+25,-8.282667285349075e+22,3.0296377835918796e+26,4.227687727122591e+26,3.137707250295703e+26,2.9505114958335224e+25,-1.8455392976096937e+26,-2.7656050494558496e+25,4.213784219985212e+26,6.412481053874015e+26,2.105370664716875e+26,-2.8904417678707894e+26,5.814812519364252e+26,-9.782053712963468e+25,7.781943356386569e+26,3.301370429339314e+26,6.1232756678518884e+26,4.257133672756355e+26,7.560066471247606e+26,5.4551137024669535e+26,-5.450868953263843e+26,-1.2652142872017375e+26,1.1141770883315238e+25,5.750909958712218e+25,1.783612972731427e+25,-3.4495805425261034e+26,3.159986279406062e+26,-4.9726847933585146e+26,1.1158747227084557e+26,-2.0703027129237803e+26,1.6851588391573199e+25,1.1648662722633624e+26,-4.579901233300139e+25,1.227276363778085e+26,1.0712556291209742e+26,5.602562368184562e+24,1.7308307084890236e+26,2.9127630073669467e+26,2.024207981858976e+26,2.16647717938738e+26,-6.9942676844798345e+25,-3.20293873504407e+26,-9.872244807501166e+25,2.0629135627560195e+25,6.207723904018965e+25,1.0105080024953935e+26,1.4756858654613556e+26
7.462347329073965e+26,-9.692346959406643e+26,1.9417953454144166e+26,3.94051596294612e+26,-6.389486328302249e+25,-1.1102334626038646e+26,2.716837164023415e+26,2.3580120549740196e+26,2.0331491722730894e+26,1.7765940578344354e+26,3.060170641138886e+26,-5.298132027416483e+24,-1.5323320079689966e+26,1.0353117529739675e+26,2.387143174507242e+26,6.447250215709149e+25,1.9773400968739977e+25,9.464311036181546e+24,3.909880525795067e+25,-3.2575551572228477e+25,1.0621635863712974e+26,-6.114844557820665e+25,-7.009706738113354e+25,-9.451199798432428e+25,-1.5279150900539619e+26,-5.854066226338246e+25,-2.1977131276001376e+26,3.8483512131874766e+26,2.90152530769251e+26,1.977682229927971e+26,1.505011606198998e+26,2.176624354005671e+26,-1.5060696764065879e+26,-4.107927007448094e+25,4.746286957334075e+26,-4.014878387911275e+26,-3.3795678029506254e+26,4.163792707405562e+26,3.531830336064084e+26,-7.878749427294046e+26,-6.786042893122987e+26,-5.8459174419015846e+26,-6.282695012139131e+26,-3.83570184073579e+26,2.6815012739100616e+25,1.8713628876128646e+26,3.059270959143067e+26,3.654640335336119e+26,2.891713959504486e+26,1.850404888463537e+26,-9.308237563875225e+25,-2.6050674679933778e+26,9.430555422150371e+24,3.27171352386558e+26,-6.494179616267308e+25,6.2026108633175975e+25,-3.21953049212895e+25,-8.136471961629515e+25,-2.827337006087179e+25,1.8621218913487263e+26,-3.980586241864903e+25,-7.739998469213098e+25,-6.08726562116149e+25,-8.169350062147516e+25,-1.5858356017414583e+25,-7.913493374959763e+25,1.4580894957438593e+26,-2.589205047039649e+26,1.759373334745405e+26,-7.929651650209044e+25,7.808326591982168e+25,2.549784324125719e+26,3.0257728904676505e+26,3.471041970050101e+26,-3.7006969656870834e+26,-3.0648377729543824e+26,4.4608894358438874e+26,3.6178877348317756e+26,6.698889949953363e+26,2.5949626512929504e+26,-3.266083968730426e+26,3.982041264376876e+26,-9.855353225846025e+25,2.225786127039372e+26,4.40605353220017e+26,4.242763186724253e+26,5.23363191960154e+26,4.122227707399377e+26,9.235984480839079e+26,-3.412426260796849e+26,-1.2079505978575856e+26,6.7044676181809645e+25,4.425226227656023e+25,6.1467891197157235e+25,1.4575694586317987e+26,6.649367740750018e+26,-2.6061122166136816e+26,3.608363953535831e+26,-1.4656177773467811e+26,1.325435752012648e+26,8.03724071123718e+25,-1.2672410582313822e+26,3.4675214719051445e+25,2.5576494944504584e+26,2.2850804675390093e+26,4.290122287876582e+26,7.471195983919716e+25,4.046960628961775e+26,7.174080184725911e+26,5.286933778372811e+26,4.188866811229068e+25,1.9918183672401638e+25,8.75503486717147e+25,1.7329473764605042e+26,3.0688043127631917e+26,4.670706488319827e+26
8.491781611243413e+26,-1.0781669332318537e+27,3.0730096891823607e+26,5.163810399572771e+26,-1.0612816680196906e+25,-6.235529917765054e+25,1.9185361370656558e+26,1.538843916887021e+26,1.4568065975651975e+26,1.3047633770954433e+26,1.3866931856666107e+26,-3.6777467928507824e+25,-1.0696909475771476e+26,6.851682962804243e+25,1.7172914145376633e+26,3.8039385655805907e+25,8.755393488293886e+24,-1.611778753327813e+24,2.5625542063148824e+25,-1.468720873738719e+25,7.924756742163873e+25,-3.315061224290743e+25,-4.171684777486163e+25,-6.295184145646111e+25,-8.13813721596858e+25,-2.5263783962181365e+25,-1.171947183897374e+26,2.4516630081809674e+26,2.0673779039660245e+26,1.4092891736033282e+26,1.1233947758464897e+26,1.4620780654722361e+26,-1.0105550008819938e+26,2.2665440263385554e+25,2.1323066779240067e+26,-5.523686322142397e+26,-2.8183803146181506e+26,3.5347477305371986e+26,2.5003110635590267e+26,-8.295007502657377e+26,-6.928937149308577e+26,-6.3417767623809e+26,-7.209088141256357e+26,-4.094946375640939e+26,5.4659504569082e+25,4.17734185796532e+25,2.2117817673487624e+26,2.891713959504486e+26,2.687386991591665e+26,3.9992208418831835e+25,-1.355925962364821e+26,-1.9028770304755696e+26,-5.147665653886159e+25,2.4308712299367956e+26,-8.046110413361124e+25,4.715700196230281e+25,-1.515101727527653e+25,-5.4075739127598e+25,-1.5259408175479951e+25,1.488758060782372e+26,-1.6131638100113666e+25,-4.881974123226591e+25,-4.690329638437264e+25,-2.5590861734903055e+25,7.581565159260253e+24,-1.6977239627599255e+25,1.3144766549761643e+26,-2.3855840618362115e+26,1.1674101187528668e+26,-4.12006779810844e+25,7.869083078896987e+25,2.6248883292261332e+26,3.192399738088827e+26,3.278893085674182e+26,-4.813362729080185e+26,-3.601905186453691e+26,4.3159496215757316e+26,3.362292267464054e+26,4.391017194520012e+26,2.6914342939538778e+26,-1.3226196183995288e+26,3.8558896481186916e+26,-2.4366071653690375e+26,1.0631759787583343e+26,2.9377264749784436e+26,3.828661601861757e+26,3.1992377782196495e+26,3.7380504900115715e+26,6.942201472524274e+26,-4.8844621584720625e+26,-7.021407751346167e+25,4.938986980106645e+25,1.2846787254013045e+25,4.718572097781696e+25,2.8530641515396188e+26,5.669393285761025e+26,-8.242798933799195e+25,3.1382307054092835e+26,-6.155506661170513e+25,1.1290828828929833e+26,2.83596836102475e+25,-9.769473912568973e+25,-2.759408177840792e+25,2.1119327552049095e+26,2.5163185639437724e+26,3.746838963412523e+26,-5.658367553694033e+25,3.415204740747851e+26,6.581135061075437e+26,5.558613907702024e+26,1.5196340925311345e+26,6.9448069805465994e+25,9.693390369596779e+25,1.678681159030907e+26,2.8644817095156926e+26,4.2984170811195216e+26
-5.218763058268554e+26,7.121950450146829e+26,-2.1330180075069888e+26,-5.8805448644764515e+26,2.8289277489851652e+26,6.413106595956256e+26,4.745578447959028e+26,7.02566104958421e+26,2.4016960353040938e+26,1.2323300718164203e+26,1.2698527414731677e+27,-1.0406996446951227e+26,-3.695869431263251e+26,5.380597112191132e+25,2.458838093199047e+26,7.307941717856029e+25,-2.7170446197999206e+25,-3.046423985370494e+24,8.684908174557662e+25,-1.0460741406186075e+26,-3.438154298951211e+25,-1.5130735579692053e+26,-4.639184849142202e+25,-1.0519104073917258e+25,-2.4311442780247074e+26,-1.8883148683537722e+26,-3.3447742598090796e+26,6.909368655659184e+26,2.902004279401312e+26,2.991286156683803e+26,1.6216091730527833e+26,5.45972427791502e+26,7.602101178765781e+26,1.020520463468081e+27,1.1006997708175432e+27,1.218671520036197e+27,-7.10266019172688e+26,-5.4079943926787516e+26,1.676268392018146e+26,9.281946525236579e+26,1.58955396669739e+27,7.862684571249568e+26,7.586273743785643e+26,6.810033115583525e+26,4.2117796445475136e+26,6.424234270118028e+26,4.708423420653332e+26,1.850404888463537e+26,3.9992208418831835e+25,1.3524746321015873e+27,9.905472342297817e+25,-2.6020411646200683e+26,2.103688074445969e+26,1.503809262661528e+26,8.155172255138232e+25,-6.7012622748471425e+25,-1.3816196406698007e+26,-6.662601958391571e+25,-8.289809379531684e+25,-3.5896419981185274e+25,-1.2483608544947673e+26,-1.1521717443769152e+26,2.469702192084501e+25,-2.049716018585005e+26,-1.293060041171338e+26,-1.0472440260944596e+26,2.752210882391306e+26,-1.6678525766767228e+26,7.966022229561859e+25,-6.1044345015939885e+25,1.0413655066499177e+26,2.429893012131789e+26,4.9007511834034834e+26,7.008496490075826e+26,1.3990481688123828e+27,3.3684295194175464e+26,-6.495301733198027e+26,3.9539397955805375e+26,8.070131214195807e+26,4.350043395194186e+26,-5.272279250704997e+25,9.772232139559325e+26,-2.262569387531191e+24,1.7830132537184144e+27,2.590091519915779e+25,7.828524939006381e+26,-4.481520839483209e+25,1.2328533079618626e+27,-8.205367387109804e+26,-1.0112397629556097e+27,-1.1888491247208026e+26,1.8521589037372134e+26,1.3493009535999004e+25,1.9400009356938443e+26,-7.161729482115866e+26,8.270567317443832e+26,-9.030767822908941e+26,5.351993713170791e+26,-2.4346624609301675e+26,3.012162888693336e+26,1.1584568356066289e+26,-2.1073468957493542e+26,9.266210360599336e+25,3.345834249136694e+26,1.078485078466528e+26,3.834424912051972e+26,5.237470135725253e+26,5.7078397418116404e+26,4.7799066127920466e+26,3.3152042468144527e+25,-4.201561370493155e+26,6.005732431372924e+25,1.9377436325571495e+26,2.3729503611001873e+26,3.14831588836257e+26,3.8790863084623606e+26
-8.46276450632361e+26,1.2022856606101244e+27,-7.233087664746026e+26,-6.485452428911021e+26,-4.522666752207413e+26,-4.7874605638742834e+26,2.2712669072690396e+26,2.4812910683136268e+26,3.0760367375480467e+26,2.9678885609950132e+26,3.317479206744986e+26,5.1638515548033566e+26,1.9267457128651028e+26,2.2601449355821255e+26,3.1583826031827246e+26,1.73777448068473e+26,1.9973853187476088e+25,7.417240800657629e+25,8.825909867789593e+25,-1.2825737265795685e+26,-2.5006165068377654e+25,-1.569683024936262e+26,-1.4468753215914648e+26,-1.0089115392066926e+26,-3.0639856222822958e+26,-1.7118448299792254e+26,-3.961965806729101e+26,4.839505015072819e+26,3.667775431690542e+26,2.593570034171965e+26,1.4951069485362207e+26,2.5525838997563064e+26,-3.667312592249969e+26,-4.766692253021523e+26,9.32826449982882e+26,8.355276761263433e+26,6.732007446286822e+26,-2.071840523722593e+26,4.858671989868477e+26,3.649405897440197e+26,1.9528135696769424e+26,2.13110116105799e+26,4.647225927077306e+26,5.0870980572661154e+25,-2.1239300517761762e+26,2.4038599896582118e+26,-1.0817767677376096e+26,-9.308237563875225e+25,-1.355925962364821e+26,9.905472342297817e+25,5.4003089007632485e+26,2.4924981676865464e+26,1.6754138152645653e+26,-2.2249173531104023e+25,1.746348606364778e+26,-9.649072317615005e+25,-6.4901226026755075e+25,1.1698087538357113e+25,-5.4582386652911675e+25,-1.3157945674559987e+26,-1.0503667699158274e+26,-9.47526482933671e+25,-3.5003720882862365e+25,-2.5108700344194596e+26,-1.2818134410754959e+26,-2.7209259301567193e+26,-5.046385719793163e+25,1.6375793505652974e+26,5.3996619913718145e+25,-6.869431083711123e+25,-4.152232155565456e+25,-2.4317886211520146e+26,-3.4059190739487204e+26,-2.1633157513248127e+26,3.455662493954718e+26,9.292145289151855e+26,-6.211092715205741e+26,-2.441661375201042e+26,8.080383724718986e+26,-2.6303344108235938e+26,-8.884868533590613e+26,-3.624072564266501e+26,1.6392228384940713e+27,-1.5089556907669503e+25,8.121496994626704e+26,-2.8918587783468997e+26,1.1414836562192916e+27,-3.26912784905019e+26,1.1328993363205036e+27,9.886487320816901e+26,-1.2476381845086693e+26,6.3025831752242315e+25,4.384091077408253e+25,6.942245288077828e+25,-7.6843197832845e+26,-6.587333980455584e+25,-7.210840662553205e+26,-7.436076597787357e+25,-2.769333157399499e+26,1.4358944250181974e+25,8.666217023715047e+25,-1.1022547655057073e+26,1.0770532421223215e+26,1.5889084464123798e+26,-3.2684629727461425e+25,1.5667232239079513e+26,4.0600764615839654e+26,5.198701564048245e+25,-2.118566812521107e+26,-6.075126939089775e+26,-6.411155572568051e+26,-2.204833021704465e+26,-1.3280806105171694e+25,4.026719255611699e+25,2.541193454546151e+25,-3.7375735282568664e+25
-5.1427322370267335e+26,8.95618990534172e+26,-1.9406716399028243e+26,-2.2474604760067844e+26,-7.838313062517222e+25,-1.7723358565422585e+26,-1.2441476777033998e+26,-1.2815471679126557e+26,2.47159500146527e+25,1.9255300346003807e+24,-2.5772296848921373e+26,2.4968116346198176e+26,3.604785904160585e+26,1.0011791788095981e+26,6.34824460969855e+25,1.1446476540227036e+26,-1.6337772664608215e+24,8.821556364224387e+25,7.88809504040731e+25,-8.149556463408872e+25,-1.1028885340831408e+26,-9.043017002002773e+25,-1.1880202208305237e+26,-8.845182143045544e+25,-1.8340595940298026e+26,-9.044389690259761e+25,-2.6100428164092516e+26,9.768769626197242e+25,1.067477895557534e+26,4.1875966221841605e+25,4.1481668828659643e+24,-8.40235807424369e+25,-1.9027931450500257e+26,-2.84159089606615e+26,1.9947338063418186e+26,2.6637373682353978e+26,7.738136254115649e+26,-4.2548540461399834e+26,6.775666271154686e+25,3.8623511308035775e+26,2.915342839798111e+26,2.4288582418683695e+26,3.0573744506397286e+26,1.2047791237531136e+26,-8.949331342095396e+25,-1.4812776450673621e+26,-2.568447897889458e+26,-2.6050674679933778e+26,-1.9028770304755696e+26,-2.6020411646200683e+26,2.4924981676865464e+26,4.4460843197126846e+26,-1.782703603937806e+25,-2.3805155460141125e+26,8.354667579320256e+25,-1.4972391769559704e+26,-2.09744717126633e+25,6.374954636244191e+25,-3.2761724562630097e+25,-3.0068444040015176e+26,-5.552728861538828e+25,-2.6337015351197757e+25,-3.9231350176466805e+25,-2.0945161890466088e+26,-9.559846607535658e+25,-3.1549007161672986e+26,-2.4412562874577715e+26,1.8716936433626887e+26,-1.3668583774335736e+26,5.811051610866974e+25,-8.054042231787866e+25,-1.962370507014512e+26,-2.632401541071951e+26,-3.6306373936419714e+26,1.0148832214930668e+26,5.591951063032023e+26,-8.758716092893812e+26,-2.7849622368613723e+26,1.2423187498973048e+26,-2.80956711104206e+26,-3.3280483776800345e+26,-3.835789849739214e+26,8.541781576640336e+26,-2.7463140668916093e+26,2.586239905067467e+26,-3.521861316540831e+26,5.161950921467627e+26,-3.743286162026758e+26,7.13597971055072e+26,5.560122813268248e+26,-8.116299944798445e+25,-1.1429880056614753e+26,5.606707193457926e+25,-1.0162667077777436e+26,-8.611616175186578e+26,-8.069497844527205e+26,-4.667831898006874e+26,-5.685382469298837e+26,-2.301876685777819e+26,-2.7622976889614328e+26,6.165609295509475e+25,1.271965139535136e+26,1.437896351829338e+26,-2.2360250641519708e+26,-3.4401730215839295e+26,-3.782187662379496e+26,2.344956604706341e+26,-3.8801364710465495e+26,-1.0258087172815229e+27,-1.2381625036684243e+27,-8.107658519265552e+26,-4.0283831700070924e+26,-2.1922860570585012e+26,-2.4974524464438878e+26,-4.204236046579856e+26,-6.414491877358385e+26
-3.37161006818493e+26,4.797364821382015e+26,-2.1262235533520228e+26,-2.3581031838930907e+26,-7.676482468133862e+25,-9.163380885679292e+25,1.2014161493434033e+26,1.2202926453420797e+26,8.770018268190064e+25,7.340398854883879e+25,2.3382471957149557e+26,1.1451112251695806e+26,-1.4288589695732446e+25,7.314949894742244e+25,9.590979822289196e+25,6.228119227491685e+25,4.789318112072809e+25,4.4650371820470985e+25,2.108319553311126e+25,-4.731317396555107e+25,6.829200811439379e+25,-7.5336764483157545e+25,-6.965799533173576e+25,-5.9055390942203125e+25,-1.6862332542472675e+26,-8.652982407574402e+25,-2.107590103235435e+26,2.23974163228628e+26,1.2343621325110067e+26,7.803546212204172e+25,4.755901091791269e+25,1.0573610420138465e+26,-9.136631452137606e+25,-1.3545325373090342e+26,4.801952998932169e+26,3.3730794664311756e+26,6.456476714978575e+25,9.38482395038391e+25,1.570515693538466e+26,2.6563411318409985e+26,2.5255861718935396e+26,2.1341634458013325e+26,2.4810971388172634e+26,1.562329155080074e+26,2.2239276605083916e+23,1.9999708092056494e+26,6.1610506304282195e+25,9.430555422150371e+24,-5.147665653886159e+25,2.103688074445969e+26,1.6754138152645653e+26,-1.782703603937806e+25,1.4268330002542816e+26,3.7621072714218545e+25,1.151001778981524e+26,1.8981910732339474e+24,-4.56651979068324e+25,-1.5130565993323546e+25,-3.6007925213404476e+25,4.141546738846822e+25,-6.2151168659301596e+25,-7.264351699247815e+25,-3.414382627852162e+25,-1.454887054187629e+26,-6.389404897386014e+25,-1.7459265413786448e+26,-7.82472488921181e+25,8.14159609158327e+25,5.704598026845091e+25,-9.114501985379844e+25,-7.298428428843114e+25,-7.5285176597673415e+25,-9.666186674733276e+25,-1.285556138315636e+26,2.7931984069886945e+26,3.0140376854956078e+26,-1.552125029511164e+26,-4.638991004379921e+25,3.7270091117278216e+26,-1.8364791196442534e+26,-3.716223137802714e+26,-1.0072549229883061e+26,4.1103024892029235e+26,2.3260966538859075e+26,2.556953893279231e+26,-1.5486555327948518e+25,3.896139300651995e+26,-1.4955334673082069e+25,4.354873242722099e+26,5.9897550842447704e+26,-8.626750818707012e+25,2.245602230000537e+25,5.922406627240875e+25,2.5696010267690195e+25,-3.679568061302658e+26,-4.147201668356267e+25,-3.460795263902775e+26,-6.706575967902342e+25,-1.572131090782344e+26,-1.3307776496609418e+25,9.477557064579204e+25,-4.889176354970776e+25,1.2105647666792886e+26,5.736585374692737e+25,-8.32710909383718e+25,4.0594743114519545e+25,2.7079037084609e+26,-7.764659860694594e+24,-8.839927269829879e+25,-2.9231869210668655e+26,-3.293297943426109e+26,-1.3553166075869058e+26,-3.163225714703131e+25,-8.627517934794277e+24,-1.152681227790129e+25,-2.9831786740091147e+25
6.137795505889216e+26,-8.927068168205722e+26,6.529377666747359e+25,2.560744046991497e+26,-1.3700342841396319e+26,-1.902715507728984e+26,2.4180445182302038e+26,2.2387629000006363e+26,2.20143956362417e+26,2.051482633059581e+26,2.9107826442776278e+26,5.349054487468226e+25,-1.1913677398013306e+26,1.0179425925023347e+26,2.5719170733831502e+26,6.354401702766638e+25,2.456936590499983e+25,1.2376516642000193e+25,4.038973759466768e+25,-3.7712107059274563e+25,1.1279205208368011e+26,-7.539823421034131e+25,-8.791118616503774e+25,-1.18230390271603e+26,-1.815860970009731e+26,-7.935136248946379e+25,-2.55900494509842e+26,4.446507779638376e+26,3.133337033635399e+26,2.179762483293389e+26,1.71313435681389e+26,2.5471284113329825e+26,-2.1732026411807147e+26,-1.2948840366728724e+26,5.399544422307043e+26,-2.8761591975820584e+26,-2.4414780292871968e+26,4.787288769256326e+26,3.972676208308632e+26,-7.639390723662493e+26,-8.10078767221639e+26,-5.431016478979062e+26,-5.145129077759039e+26,-3.754723602424796e+26,-9.104712935566911e+25,1.768813276310944e+26,2.254520854638144e+26,3.27171352386558e+26,2.4308712299367956e+26,1.503809262661528e+26,-2.2249173531104023e+25,-2.3805155460141125e+26,3.7621072714218545e+25,3.395309397465396e+26,-3.5076015806317356e+25,8.281904634036294e+25,-1.0959183098932888e+25,-7.437600185560544e+25,-1.816766395278481e+25,2.1052926154087097e+26,-4.7716881877361e+25,-7.818834312963419e+25,-3.6945681154382463e+25,-7.012376904233185e+25,-2.8836015552190367e+25,-1.518750195575595e+25,2.501767478552265e+26,-2.0008625197434056e+26,2.3300812198556463e+26,-9.738805522979545e+25,1.1602545573952165e+26,1.3955284880280903e+26,1.393941986469339e+26,3.306591673388687e+26,-3.3648113038673965e+26,-2.2137014122938594e+26,5.806185755613989e+26,2.386887402058386e+26,7.379370752093094e+26,2.2489014297151042e+26,-4.1382268212552835e+26,2.2378880008978253e+26,1.8732905370537873e+25,3.5582849946953954e+25,5.01808214526167e+26,2.4606712770942575e+26,5.926717455696264e+26,1.7043340694952726e+26,9.938353876586519e+26,-5.006938236516271e+25,-1.5910649129787818e+26,1.4231669208986756e+26,7.2728330401653315e+25,1.283093935743823e+26,2.337952735707326e+26,8.791231633787281e+26,-2.7425788868140605e+26,5.423283203322843e+26,-1.802261351791879e+26,2.48839277140158e+26,1.1897151740847547e+26,-2.158817378928325e+26,5.964517675326532e+25,3.7692828763683925e+26,2.828476000087524e+26,5.678025902823105e+26,9.777152154891507e+25,5.457792624559413e+26,9.409888671380789e+26,7.817672100199938e+26,1.6854965350125782e+26,7.130349327396502e+25,1.2206814078808751e+26,2.2583361839313135e+26,4.0393934741571476e+26,6.144249045019982e+26
-2.8551404994771525e+26,4.33581037749886e+26,-1.540742096564503e+26,-1.4656829572899008e+26,-7.15578300003069e+25,-1.1558138254477861e+26,5.871332931065419e+25,5.230567040802158e+25,5.6935405352657595e+25,5.663264554420794e+25,9.129710213689066e+25,1.2456949243393364e+26,7.177977844913058e+25,6.23432435427264e+25,6.643822787859744e+25,6.236387304230632e+25,7.547780887511012e+25,6.3419177571434375e+25,1.915617717878629e+25,-5.0689044414367645e+25,1.217998490923844e+26,-8.632180299622997e+25,-8.57189145974898e+25,-6.5580997242232345e+25,-1.7309556643611926e+26,-8.536739147238448e+25,-1.783868651347219e+26,1.3486492971764918e+26,9.657722781124263e+25,4.8934469816840305e+25,2.6235974019440317e+25,4.302366053013497e+25,-1.2526652631319562e+26,-1.7634537428533468e+26,3.37779255895681e+26,2.15090005443416e+26,2.0075391450920134e+26,2.602986832902476e+26,1.2415473093801707e+26,2.2660500151620266e+26,1.760770485549921e+26,1.736068704074795e+26,1.755148137758646e+26,1.3810722034972336e+26,8.350940815568165e+23,8.073993206250153e+25,-2.105902219985959e+25,-6.494179616267308e+25,-8.046110413361124e+25,8.155172255138232e+25,1.746348606364778e+26,8.354667579320256e+25,1.151001778981524e+26,-3.5076015806317356e+25,1.5949521578624952e+26,4.960606620765455e+24,-3.846987210293036e+25,1.9682161073173206e+25,-4.025120546346181e+25,8.479719108727179e+25,-6.123554775151477e+25,-9.48619399311447e+25,-6.474649937038217e+25,-1.3734485150388874e+26,-4.667337145317437e+25,-1.895287200681274e+26,-1.9473172195366226e+26,1.6392339878158393e+26,2.324492330611097e+25,-1.188641114130972e+26,-1.4923986718607038e+26,-1.1269177548138206e+26,-1.598767276905677e+26,-3.1149538216133376e+26,1.7835709670833356e+26,3.2911828220507975e+26,-8.10117465204418e+25,-1.1296584439015516e+26,2.926928127886615e+26,-3.522143191457477e+26,-3.36148693602979e+26,-2.6147881626501133e+26,3.7869488603708935e+26,8.55390702184234e+25,2.2520166189424687e+26,-1.1737234765026637e+26,3.647314788252223e+26,-1.6936515018548413e+26,5.436473500907463e+26,9.476796945845593e+26,-5.2769245775826745e+25,8.220646600548482e+24,2.809037004771876e+25,2.5370715314996067e+25,-1.900651415195663e+26,-1.93242041251166e+26,-1.844463026813104e+26,-1.8855835829262536e+26,-8.401883023016562e+25,-5.273127530138537e+25,4.030195327669103e+25,-5.797858583874684e+25,3.3990143663148825e+25,8.395879762237384e+25,3.059344452359512e+25,1.0334936860263526e+26,1.2686929535818132e+26,-1.073935919905089e+26,-7.619529000603538e+25,-2.9167620859649496e+26,-2.6408141861232912e+26,-9.616515980277944e+25,1.4283824662545086e+25,5.561024855115954e+25,5.949149495693624e+25,3.0421509610947223e+25
1.8680588807379186e+26,-4.33865497561774e+26,1.119497466926166e+25,7.631781098154168e+25,-6.80105852369349e+25,-7.227275504200706e+25,-2.0939426520147986e+25,-3.299498136871637e+25,-1.4197342618976568e+25,1.0816807676071227e+25,-4.610184150529308e+25,-6.902605541030372e+25,-7.146880697371812e+25,-4.108268668450289e+25,-1.094436159534324e+25,-4.511886254298275e+25,-1.952551704264745e+25,-3.936454750049951e+25,-1.7505545042464686e+25,4.775476437280994e+25,8.471196839627994e+25,7.10824660438141e+25,5.311710537741344e+25,2.4890425186349934e+25,1.6527284165623445e+26,9.25311632370277e+25,2.3522652445646962e+26,-1.5774065904368152e+26,-1.4869737152221276e+25,-1.4676897599329547e+25,-4.933552852978733e+24,-6.205704923046999e+25,-8.29115955527026e+25,-1.0609218587514654e+26,-2.7210132113156306e+26,-2.091551405879622e+26,-1.6531587883388315e+26,5.177684085225858e+26,9.799463366678168e+24,-2.707218454220908e+26,-4.939751666325968e+26,-1.7430265090283003e+26,-1.5736435914547283e+26,-1.2660392959168801e+26,-9.188646980899656e+25,-2.930525955348809e+25,1.052808939006017e+25,6.2026108633175975e+25,4.715700196230281e+25,-6.7012622748471425e+25,-9.649072317615005e+25,-1.4972391769559704e+26,1.8981910732339474e+24,8.281904634036294e+25,4.960606620765455e+24,1.683223042783792e+26,7.985308042220223e+25,1.1850742114656266e+25,6.354429036228372e+25,2.9053771880600662e+26,9.201938073392406e+25,3.082044825667566e+25,5.516014721307094e+24,2.6636168593546055e+26,1.3906915051893585e+26,3.1874548459398355e+26,-3.323119225494093e+25,8.528230651063669e+25,9.480878979963444e+25,-1.3196358160151334e+26,-1.1967215810968185e+26,-6.774879368435702e+25,-1.5887981756146986e+26,-2.5499574339399927e+26,-2.09962380397417e+26,-2.6462872960704898e+26,8.7771639737699e+26,-5.771237766058928e+25,-7.1767644307217135e+25,-2.5883574382328227e+26,4.496808125381513e+25,-3.1639040077332696e+26,-2.9865466066579762e+26,-2.894714901348079e+26,-2.653929425009797e+25,-1.420015918866353e+26,-1.0236665110726344e+26,-3.214963227742647e+26,-4.5622279640039233e+24,6.461978571365535e+26,9.326687270909974e+25,8.766503119621286e+25,-9.384902347789128e+25,9.920045021934338e+25,8.767609796032868e+26,3.002309710167165e+26,5.56193533163717e+26,2.274050342899959e+26,2.5825006983914623e+26,1.818167272073153e+26,-1.4655344057859283e+26,-1.420813650834311e+26,-2.6639663318863483e+26,2.5073361452819294e+26,4.7590664974427996e+26,4.34437526270107e+26,-4.209086525821772e+26,6.3482847696811514e+25,7.660082400296501e+26,9.288989580862187e+26,7.856646053364933e+26,4.057678670155288e+26,2.6605392117741807e+26,3.234060801939936e+26,4.6071449961340024e+26,5.943201538771093e+26
1.7819169868747358e+25,-1.7006199556730537e+26,-3.9370112688128104e+25,-2.028528996684107e+25,-6.033016868023939e+25,-5.921168881103988e+25,-8.098061227266815e+25,-7.79673545553641e+25,-3.4923477614171162e+25,-1.2273359080556822e+25,-1.2659703714371331e+26,-3.959810407601863e+25,4.36792772534125e+24,-5.222094482532204e+25,-3.912873734469862e+25,-4.892531295732465e+25,-4.386197800488513e+25,-3.667751876833008e+25,-8.593868116633967e+24,4.143597560912071e+25,-3.1815773096241315e+25,6.917774086562695e+25,4.9828098108538626e+25,2.9052599672461423e+25,1.6059465998421724e+26,8.175533854568567e+25,2.0454753894445834e+26,-1.7465792753484087e+26,-5.12560560661469e+25,-3.5832156778153308e+25,-2.6630685633154754e+25,-9.501128839792676e+25,-5.231367998262703e+25,-8.860223066744549e+25,-3.245600435181045e+26,-9.282094718755344e+25,-6.169319884364263e+24,1.3396513463623366e+26,-4.56515133185285e+25,-1.1491484302991239e+26,-3.3621336625372716e+26,-7.0460611723371214e+25,-2.2946003710619337e+25,-7.536803447019608e+25,-1.2011180570237074e+26,-9.202169720421137e+25,-7.78402528557895e+25,-3.21953049212895e+25,-1.515101727527653e+25,-1.3816196406698007e+26,-6.4901226026755075e+25,-2.09744717126633e+25,-4.56651979068324e+25,-1.0959183098932888e+25,-3.846987210293036e+25,7.985308042220223e+25,9.322071815528642e+25,3.5705881294048003e+25,7.722233443870217e+25,7.938784969643065e+25,8.469510639813493e+25,7.954931977337954e+25,5.313151378448866e+25,2.300786670319993e+26,9.245886130550534e+25,3.0210999276619717e+26,4.224057127978817e+25,9.95298135873422e+25,3.2625219446722985e+25,-4.148333402855307e+25,-4.829200096837027e+25,-1.1754409684376124e+26,-2.0962099442392355e+26,-1.953472480850368e+26,-1.4282231825355607e+26,-1.603540505752622e+26,4.8870389148116374e+26,-1.3703396184958303e+26,-1.9029884322360684e+26,-1.5959284923230313e+26,1.030244452114995e+26,-3.263816248654308e+26,-1.4348329903756213e+26,-3.6678381976632476e+26,-8.044813695576785e+25,-2.3366152691676853e+26,-1.5078017551237134e+26,-3.710710704591587e+26,-1.84146721212813e+26,3.126107551888344e+26,7.633516972305496e+25,7.646919077802896e+25,-6.7450145005859305e+25,7.5998541639064476e+25,5.687969547939716e+26,1.567755904495138e+26,4.1623808322106495e+26,1.7951591211844326e+26,1.853736926710222e+26,1.5014141909825035e+26,-1.1335586171926315e+26,-9.4363548031213e+25,-1.8689832657061476e+26,1.428562248205957e+26,2.80928342715704e+26,2.255023153817573e+26,-3.291706532115446e+26,2.6666076635388806e+25,4.031517953044978e+26,6.029270403606335e+26,5.790279961400869e+26,2.8106732253754488e+26,1.5341942029836997e+26,1.735894559311198e+26,2.4465126748287375e+26,3.1263222937092115e+26
-9.869506385890324e+25,9.946222136330188e+25,-4.010751092990494e+25,-4.286695717517188e+25,-2.354487857810342e+25,-2.6985417550012028e+25,-4.444033457739077e+25,-4.382958105538137e+25,-2.3958662326863326e+25,-1.2315939892125965e+25,-7.428120625265416e+25,4.8125198737655954e+24,4.405466302019265e+25,-1.836359760979275e+25,-2.8151140691795814e+25,-1.223505169380082e+25,-5.31145867179122e+24,-2.2533572769814662e+24,-1.017608811494253e+24,9.85864887067434e+24,-1.980889628102418e+24,1.6851674929546108e+25,1.2581013252236816e+25,1.3420720817466248e+25,5.72900738715261e+25,2.604436114315703e+25,9.115451259325387e+25,-1.0504631067235089e+26,-3.2341154548073495e+25,-2.6636986020135996e+25,-2.4580077885062382e+25,-6.395037587389928e+25,-2.05971288006098e+25,-4.98726895490572e+25,-1.5832970484959136e+26,1.7152355038374953e+25,8.80958932270245e+25,5.567733738716423e+25,-3.6154581681051167e+25,6.833418276481433e+25,-2.822642537151679e+25,5.2583245566330085e+25,6.031940367970636e+25,3.3161166841818592e+25,-3.975933421522794e+25,-5.744826630636064e+25,-7.047126223835663e+25,-8.136471961629515e+25,-5.4075739127598e+25,-6.662601958391571e+25,1.1698087538357113e+25,6.374954636244191e+25,-1.5130565993323546e+25,-7.437600185560544e+25,1.9682161073173206e+25,1.1850742114656266e+25,3.5705881294048003e+25,4.2775738957315165e+25,2.8598944656979634e+25,1.832838591821575e+25,3.061143738661351e+25,2.4086737067758693e+25,1.3071331409470322e+25,8.809673342068651e+25,3.7356847953870564e+25,1.0680192082861459e+26,-5.745020737358516e+25,1.1773655748573294e+26,-2.09758088653414e+25,-2.9902232699629413e+25,-7.402384829093887e+25,-9.926909892941698e+25,-1.5593274728695205e+26,-2.1231657064616177e+26,-7.065626088084973e+23,3.596344861361962e+25,1.1959152475950847e+26,-1.2295334956030505e+26,-1.0874486585945838e+26,-1.8924135565945426e+26,3.35592795288706e+25,-2.478536867454368e+26,2.068802602791107e+25,-1.5649561795053595e+26,-4.0708758684838065e+25,-1.6904684728737277e+26,-5.284724555145906e+25,-2.34440037084804e+26,-6.594597079373475e+25,3.442365951607566e+26,4.965697741336061e+25,2.6876152502024302e+25,-4.591418807427158e+25,3.538423562740221e+25,2.246311483338838e+26,-7.586464221837667e+25,2.0184610074578204e+26,-2.2818332549580746e+25,1.0384485983172346e+26,3.601518277701448e+25,-7.397595954307651e+25,-4.414154162589884e+25,-1.1555842084466084e+26,6.5193228461190145e+25,1.4974027432289114e+26,9.883188089660067e+25,-1.735663458469984e+26,-7.175501128690872e+25,8.205941527051406e+25,1.3498781042825837e+26,2.0603083026692394e+26,1.2129819300908394e+26,8.317765274337244e+25,9.59383205599109e+25,1.1321508859624233e+26,1.1266716881106123e+26
-8.155861517981945e+24,-1.0260084289836405e+26,-2.586893592326812e+25,-3.1111533403280737e+25,-2.3606505838954196e+25,-2.5140824315344506e+24,-5.68629948504325e+25,-5.100747268707055e+25,-3.704150539105961e+25,-2.5027325125350434e+25,-7.822634790459755e+25,-3.974164273235778e+25,-1.7880000993326898e+25,-4.08332410810315e+25,-4.232606693907363e+25,-3.786731503626639e+25,-5.521148636301802e+25,-3.50223010423981e+25,-7.584283723977069e+24,3.576253038111552e+25,-6.829975877257183e+25,6.648349477758594e+25,5.501926624844807e+25,3.4222378028679723e+25,1.576264907875244e+26,6.906543822076843e+25,1.846599402144557e+26,-1.3883843869321753e+26,-5.657115044679564e+25,-3.534434774297695e+25,-2.585710061373656e+25,-6.7008042660988666e+25,1.074969105191239e+25,-9.954729562294073e+24,-2.801543154253579e+26,-4.128866230412061e+25,-4.1375411108427585e+25,-7.322250279360802e+24,-6.507166996824621e+25,-3.991034368394055e+25,-1.767460942601201e+26,-2.169793346109043e+25,1.0335137894461073e+25,-3.3452359736225987e+25,-7.020653319513599e+25,-5.9726934101989744e+25,-5.1679867655715765e+25,-2.827337006087179e+25,-1.5259408175479951e+25,-8.289809379531684e+25,-5.4582386652911675e+25,-3.2761724562630097e+25,-3.6007925213404476e+25,-1.816766395278481e+25,-4.025120546346181e+25,6.354429036228372e+25,7.722233443870217e+25,2.8598944656979634e+25,7.422189779852716e+25,3.611042607470682e+25,8.329748337312202e+25,8.815884575552638e+25,7.312902397983001e+25,2.2581461538512417e+26,7.999920444723976e+25,3.0876375981524845e+26,6.4254880895891315e+25,7.183585704302262e+25,1.3050443441198034e+25,-2.6605215028892657e+25,-3.4867809683199785e+25,-7.828489930411046e+25,-1.3740497714865646e+26,-1.154194941220683e+26,-7.1266370700767865e+25,-1.2622949215346125e+26,3.504944107427634e+26,-9.301139480770487e+25,-1.9471283519953775e+26,-9.049126475181096e+25,1.4037741997662464e+26,-2.0722447480825167e+26,-1.4069761535576876e+26,-2.2972493306291084e+26,-1.0895603410110346e+26,-1.5339650365132521e+26,-1.8519490327067296e+26,-2.346347221723127e+26,-2.8848643760384217e+26,1.0123494428592723e+26,5.80021123712729e+25,8.254516399199245e+25,-4.895229525135906e+25,8.344188774920655e+25,4.3539355301032696e+26,1.672668244202467e+26,3.207793839440479e+26,1.9596892352959744e+26,1.4662150606364116e+26,1.6161761198914468e+26,-8.092991379792581e+25,-8.786810221912952e+25,-1.3903003481506234e+26,1.2225841287501462e+26,2.0923900142669556e+26,1.7060259622639754e+26,-2.4751724549155317e+26,3.6819108848057594e+25,3.30678283691373e+26,5.247130056901804e+26,5.0801636099312826e+26,2.6503258408260543e+26,1.4056214367555647e+26,1.446151156654467e+26,1.9749136939864195e+26,2.5053843697934687e+26
6.452374046419821e+26,-1.3226787755657e+27,1.037822752861526e+26,3.000954479915743e+26,-1.5772547015565487e+26,-1.2976206779731526e+26,8.12230883749235e+25,3.7034617851686907e+25,9.409845016874772e+24,7.032812135860233e+25,4.5425224444970155e+25,-9.957011605171746e+25,-1.7537488705602494e+26,-4.161776052973222e+25,1.36850202136939e+24,-6.34653594625353e+25,1.1308801269476021e+26,-6.4733009510154645e+25,-7.07688473654709e+25,7.235359019084395e+25,5.0706026013217124e+26,7.2869790252938825e+25,1.3709356958949172e+26,2.0161971862481825e+26,3.272755372002568e+26,1.9535799411022466e+26,7.288439034529447e+26,-5.244588191184719e+26,-1.441221067941418e+25,-1.003470325426946e+25,2.250999739637032e+25,-5.459437828051587e+25,-1.2736538416229178e+26,-1.1941348846766332e+26,-7.61224365229063e+26,-5.4867698729081435e+26,-4.2672171777747305e+26,1.85811166146885e+27,6.7468395443207195e+25,-7.715488291512496e+26,-1.2022403315365673e+27,-5.047372882874691e+26,-5.0982202461212076e+26,-3.283083389882577e+26,-1.65521123225008e+26,2.0907479594803473e+25,9.845826185036904e+25,1.8621218913487263e+26,1.488758060782372e+26,-3.5896419981185274e+25,-1.3157945674559987e+26,-3.0068444040015176e+26,4.141546738846822e+25,2.1052926154087097e+26,8.479719108727179e+25,2.9053771880600662e+26,7.938784969643065e+25,1.832838591821575e+25,3.611042607470682e+25,8.398292528816667e+26,1.1466606823403485e+26,-9.535778176747269e+25,-1.8222184941588887e+26,4.2670630755964324e+26,3.184723850258903e+26,4.3337447182858526e+26,-3.0508185980548867e+26,1.6781063795521967e+26,2.0807568655011107e+26,-3.2719805833795315e+26,-3.39188801753718e+26,-9.853477110254013e+25,-2.9018345564076335e+26,-6.650126612136257e+26,-4.941564243617623e+26,-4.645611630670554e+26,2.1108041906295668e+27,-5.222792727344628e+25,-1.2913151487013348e+26,-7.037734327074283e+26,2.141232489072409e+26,-6.662786627010671e+26,-7.967925675025833e+26,-4.738735175260027e+26,-3.927185996303039e+25,-2.03244748449633e+26,-2.8197693689322667e+26,-6.0422933263530996e+26,1.8008555015313076e+26,1.9026704925237132e+27,5.149400531595316e+26,8.842555729566257e+25,-5.334319058669494e+26,1.4637585779903816e+26,2.736576405787095e+27,6.427431863068036e+26,1.7969762675925542e+27,3.09232964426691e+26,1.0426590855873066e+27,2.5021360928073025e+26,-7.170472582189678e+26,-2.8302313396686102e+26,-1.1344745612771957e+27,6.681625786877743e+26,1.7330870076670258e+27,1.3754897289727372e+27,-1.453821487601433e+27,1.1009335005720886e+26,2.2368875595432757e+27,2.3456398877178768e+27,1.9071233246976065e+27,1.1108633923195894e+27,8.69592522960043e+26,1.1065657925892321e+27,1.5141682225861483e+27,1.870008592582832e+27
5.690903160339326e+25,-2.2296736567728152e+26,4.742715666585397e+25,2.00307067225675e+25,2.7840747427985095e+25,7.155380266373309e+25,-9.479343789906816e+25,-9.58797881617986e+25,-9.092778503544719e+25,-8.401640121732169e+25,-1.4343852036803613e+26,-8.407040727891735e+25,-3.954235394803989e+25,-5.4775530885341626e+25,-9.27472282260184e+25,-5.147441262723576e+25,-8.514573292619226e+25,-6.727608945445297e+25,-1.7790319711194794e+25,6.970328026901221e+25,-5.616052169654555e+25,1.3184807522338198e+26,1.3711900459314125e+26,1.2311705257567939e+26,3.351566788953121e+26,1.6321982276564194e+26,4.361294796771327e+26,-3.488893344443738e+26,-1.2069020447242548e+26,-8.10059310806292e+25,-5.632895930580154e+25,-1.4667327819682854e+26,7.817087015518944e+25,5.8890606888701255e+25,-5.986276297430462e+26,-1.2510285100446397e+26,-9.423767102669425e+25,8.7808333736821e+25,-1.6127925938210846e+26,-4.853047262739408e+25,-1.9350440790522433e+26,-2.763803826090408e+25,-1.1833080957252928e+25,-3.7399288912490603e+25,-5.538952298060794e+25,-9.36273374052544e+25,-5.937519632154705e+25,-3.980586241864903e+25,-1.6131638100113666e+25,-1.2483608544947673e+26,-1.0503667699158274e+26,-5.552728861538828e+25,-6.2151168659301596e+25,-4.7716881877361e+25,-6.123554775151477e+25,9.201938073392406e+25,8.469510639813493e+25,3.061143738661351e+25,8.329748337312202e+25,1.1466606823403485e+26,1.4775073804478502e+26,1.1193301127607025e+26,4.012844158345505e+25,3.6865764318072636e+26,1.8457012942441305e+26,4.105336226256404e+26,-7.088047641592833e+25,7.5228320596005294e+25,-3.0311560342410137e+25,-1.8495554170797754e+25,-1.010854655132149e+26,-6.614928064334332e+25,-1.3219652256262936e+26,-2.4181203297499427e+26,-1.1173490558802067e+26,-2.1145207097229057e+26,5.330147615949575e+26,-9.208712847424147e+25,-4.233809771776077e+26,-1.756528118410082e+26,3.363445345929679e+26,-2.5815338678434703e+26,-3.344625839461202e+26,-2.758133453060392e+26,-2.5182000156180843e+26,-1.62247148740029e+26,-3.960587607514194e+26,-2.595749797125803e+26,-5.3363097170840284e+26,1.5418853007094309e+26,2.110461796392691e+26,8.153042741020559e+24,-1.9228691720994925e+26,2.6470069110552006e+25,8.296127903135386e+26,-3.688131593055326e+21,7.096442212161132e+26,5.971205315634297e+25,4.01683201248969e+26,8.932256596990962e+25,-2.715688121903642e+26,-1.2423613683274861e+25,-3.867951634131838e+26,6.885188206519778e+25,4.368741396020068e+26,2.0371840083857517e+26,-5.614077537020433e+26,-1.2791043957676954e+26,4.0768879917489e+26,6.730081524583043e+26,7.987962691382792e+26,4.6316549049529544e+26,2.7179566055308883e+26,2.7396898684285116e+26,3.282201212568919e+26,3.679429776506721e+26
-1.002631943002586e+26,3.608483071727916e+25,-1.4887892975797964e+24,-7.973770254611614e+25,5.28609472272504e+25,1.0818090001697969e+26,-1.2813512953162708e+26,-1.1192426589616856e+26,-1.1204936166822944e+26,-1.0416017218792864e+26,-1.5056094107295443e+26,-8.864929363941434e+25,-3.559609775353511e+25,-8.083005295139367e+25,-1.3005257254653047e+26,-7.16277496991211e+25,-1.033109632907744e+26,-6.434092421580777e+25,-2.6087278747579977e+25,6.456566713274822e+25,-1.8348104407612916e+26,1.2147538142549692e+26,1.1195962055898713e+26,7.845459597297853e+25,2.5401736704695582e+26,1.0858310269745227e+26,2.6113813071476563e+26,-2.3401484974464543e+26,-1.7123393725887396e+26,-1.0587629875531875e+26,-7.390144543752986e+25,-1.1669301460727027e+26,1.310612503719962e+26,1.112201412334472e+26,-4.446280526214071e+26,1.4714346612255764e+25,-7.415684021055183e+25,-3.7660027958328576e+26,-2.1215197591426995e+26,1.2165165362110505e+26,5.7866699156019145e+25,8.897648887371616e+25,1.2258797943719291e+26,3.4014369825635785e+25,-3.660783521336985e+25,-1.024483550040706e+26,-8.993930690553578e+25,-7.739998469213098e+25,-4.881974123226591e+25,-1.1521717443769152e+26,-9.47526482933671e+25,-2.6337015351197757e+25,-7.264351699247815e+25,-7.818834312963419e+25,-9.48619399311447e+25,3.082044825667566e+25,7.954931977337954e+25,2.4086737067758693e+25,8.815884575552638e+25,-9.535778176747269e+25,1.1193301127607025e+26,1.5323932154405876e+26,1.304204662715788e+26,2.7211985168484747e+26,8.23573392114982e+25,3.71277730575819e+26,1.402252180806674e+26,2.1167662876528435e+25,-5.261640807692358e+25,6.958290841413517e+25,4.387655711381874e+25,-4.981186612960257e+25,-6.48801595956655e+25,3.6489802734761666e+25,5.591171095896037e+24,-1.5958245246713073e+26,1.0304819947737628e+26,-8.425290810771401e+25,-4.63009261609696e+26,9.349069980849412e+25,3.5288485734228094e+26,-5.8270698586096195e+25,-2.4533678639929033e+26,-1.9381687642591615e+26,-3.169866564672176e+26,-1.2303950515799601e+26,-4.588911429497936e+26,-1.2106619729541484e+26,-7.96697915087789e+26,-4.5926617634275964e+26,6.43251313768563e+25,4.794382456136867e+25,-2.1244364293167117e+25,3.771435383368625e+25,2.2716274110905035e+26,5.753523620815128e+25,2.9175795325440543e+26,1.716255322025768e+26,1.2593674915128386e+26,1.2752496972860252e+26,-4.4571557032981645e+25,4.8087700833987997e+24,-4.5677281858021964e+25,-5.0136969579429235e+25,-3.3822637374162703e+25,-1.1690983085417696e+26,-1.5913934691463408e+26,-1.8515111057566575e+25,4.967977300848793e+24,3.267528754985707e+26,4.423094440936018e+26,2.0956846346028875e+26,3.6826058116951354e+25,-2.4763122911413486e+25,-4.248236056475487e+25,-4.276849913056555e+25
-1.4794788123550473e+26,7.387903430539796e+25,-5.75268093317174e+25,-1.6053173196932708e+26,6.2145188447126106e+25,1.9347195823967777e+26,-6.0960057136736766e+25,-2.30315337343943e+25,-8.92209407703682e+25,-8.45626385530147e+25,5.13002472484579e+24,-6.410918028906527e+25,-5.787243192903573e+25,-6.356417844872026e+25,-1.1015378989719817e+26,-4.118154033211679e+25,-1.0807743097068007e+26,-3.3159242076375633e+25,-2.198272600692794e+25,2.2300159502473298e+25,-2.6725681337883134e+26,2.681016805876752e+25,4.878829070570206e+25,-1.587315473101968e+25,7.76783823577845e+25,-5.521135562903414e+25,-2.6132264718744185e+25,1.704665485128506e+26,-1.4140757767531434e+26,-5.759304606878718e+25,-7.885510496033918e+24,1.3874006585199133e+26,2.7428508736854714e+26,3.307819723186081e+26,-7.369340176156859e+25,1.7401328471956055e+26,-1.4869409925217227e+26,-7.215400205967681e+26,-1.9613264640525003e+26,2.103658446344235e+26,2.8548630156193364e+26,1.5685486765714624e+26,1.913851615931997e+26,9.862231253542345e+25,4.3154739434773064e+24,-3.5638226100906835e+25,-6.280068491798564e+25,-6.08726562116149e+25,-4.690329638437264e+25,2.469702192084501e+25,-3.5003720882862365e+25,-3.9231350176466805e+25,-3.414382627852162e+25,-3.6945681154382463e+25,-6.474649937038217e+25,5.516014721307094e+24,5.313151378448866e+25,1.3071331409470322e+25,7.312902397983001e+25,-1.8222184941588887e+26,4.012844158345505e+25,1.304204662715788e+26,2.6275093186204045e+26,2.156455082222132e+26,-4.048797284505587e+25,5.175271350557445e+26,5.5451168266057854e+26,-4.219254733769841e+25,2.413816054858485e+24,8.167370636635574e+25,2.25846201901108e+26,-4.1967482788092776e+24,6.480888948577512e+25,5.274280369705042e+26,1.607403298087998e+26,-6.025966006082614e+25,-9.690067477598541e+25,-1.799720026324226e+25,-2.7594312607574498e+26,4.5300990740124565e+26,3.8457554130519085e+26,2.8663813080345336e+26,-2.307664984740472e+26,5.046749195994503e+25,-3.2846017254862294e+26,1.1216019673432384e+25,-5.008122393177521e+26,1.3683075984213586e+26,-9.988388740667401e+26,-1.0511272526638612e+27,-2.1236153435853167e+26,3.051896751534667e+26,2.151853657496512e+26,2.8694990688992508e+26,-1.3549176408012199e+26,8.2994761883885e+26,-2.650049262383028e+26,8.12508169918102e+26,-2.365146952817726e+26,5.256368275414068e+26,3.1223409130296085e+26,-2.4883730721377417e+26,3.3621404548210616e+26,2.4586701084751222e+26,-2.3811039655710323e+26,6.85443142531727e+25,3.391863205198101e+26,5.171009531385421e+26,4.012751379164891e+26,7.482789702277517e+26,4.2502418759991694e+26,2.5088872497128922e+26,7.59076483907359e+25,-1.4838828872456913e+24,3.559544401162273e+25,1.3317298021736546e+26
2.487361379391768e+26,-9.658195499618054e+26,8.776593295620092e+25,9.741900406387469e+23,6.359570353549725e+25,3.390866039319124e+26,-1.83209805514727e+26,-1.5498355161929902e+26,-2.4282472327606548e+26,-2.120566744322562e+26,-2.177999087870834e+26,-2.3140954042663875e+26,-1.751441565201658e+26,-1.5547312196671934e+26,-2.650644352437801e+26,-1.3629239241820464e+26,-2.1970659345007334e+26,-2.0062781538968946e+26,-7.981522528324248e+25,1.6599154987945063e+26,-1.1662972866518517e+26,2.8197731849076726e+26,4.19700024793192e+26,4.278208070290744e+26,9.376461160133678e+26,3.5502807940782586e+26,1.3282627979361662e+27,-7.843693804275997e+26,-3.6057824129992975e+26,-1.794060856410343e+26,-5.659489138987167e+25,-6.580165043627747e+25,4.7147602505935895e+26,5.395337668809142e+26,-1.7030013443698543e+27,-2.6143646053087226e+26,-4.6998148401584005e+26,3.1827719730958616e+26,-4.840435419230728e+26,-1.835930610234641e+26,-5.306205464795373e+26,-9.114306678413577e+25,-3.3183504161391787e+25,-9.277300874453261e+25,-1.5821757360775873e+26,-2.059622640826994e+26,-1.4631987654706243e+26,-8.169350062147516e+25,-2.5590861734903055e+25,-2.049716018585005e+26,-2.5108700344194596e+26,-2.0945161890466088e+26,-1.454887054187629e+26,-7.012376904233185e+25,-1.3734485150388874e+26,2.6636168593546055e+26,2.300786670319993e+26,8.809673342068651e+25,2.2581461538512417e+26,4.2670630755964324e+26,3.6865764318072636e+26,2.7211985168484747e+26,2.156455082222132e+26,1.1448735001858306e+27,4.910999946381764e+26,1.538033111572615e+27,2.4599572932763068e+26,1.773013870822527e+26,4.5406289337527466e+24,-8.242388035277473e+25,-1.2914662956538961e+26,-1.6900086683019335e+26,-2.9820639952700465e+26,-2.222512719698834e+26,-2.2187028356964065e+26,-5.784660791341832e+26,1.847856455126631e+27,-2.173678253279206e+26,-1.2094931571162367e+27,-1.9730143829795293e+26,1.2787345354861867e+27,-4.675168304703805e+26,-1.2207315459593487e+27,-6.282064409651714e+26,-8.617930571958053e+26,-3.747870215042015e+26,-1.481015635239939e+27,-5.838328973142972e+26,-2.1097586030063275e+27,8.190068696745706e+25,6.0086201389313005e+26,3.512281685137576e+26,-6.057214956695451e+26,4.161361677825195e+26,3.081515433230159e+27,1.2026808257311564e+27,2.1797597402915568e+27,1.0966124936745912e+27,1.2793771859095884e+27,8.344495431673799e+26,-7.666607849034224e+26,-4.103796785763671e+26,-1.2506376222815963e+27,7.774844991410217e+26,1.7848999350415302e+27,1.3256415528711258e+27,-1.6715905282812456e+27,3.50149564547246e+26,2.51577545230735e+27,3.3766548171402696e+27,3.063043446506351e+27,1.9038945308421147e+27,1.2364348102051948e+27,1.3048912765875094e+27,1.671936775126204e+27,2.022122254822378e+27
1.9017713024435533e+26,-4.850618595693814e+26,8.793513468482268e+25,9.098521222031647e+25,1.4307642517713214e+25,6.941263781405352e+25,-7.658296164790087e+25,-8.392273804860902e+25,-8.559009500169893e+25,-7.544311929909185e+25,-1.3794467819734403e+26,-9.936759561962238e+25,-6.858731708392346e+25,-5.366684623324061e+25,-8.412226232305915e+25,-6.076528983165695e+25,-7.0641615987037466e+25,-1.0486626828065096e+26,-3.1090918624868367e+25,9.387445749123974e+25,7.509571029947982e+25,1.6244856579205427e+26,2.1683095834531996e+26,2.4355652530288035e+26,4.8856592193843604e+26,2.4866674482082525e+26,7.399112207996351e+26,-5.3309079188951166e+26,-1.2024967132352935e+26,-7.1815098673161144e+25,-3.4502509505824257e+25,-1.4347347075901968e+26,7.823735932629513e+25,6.997794032971006e+25,-8.569829889477414e+26,-2.3341533462096184e+26,-1.6603051638779107e+26,5.239209773685124e+26,-1.5357640630850196e+26,-1.823207018307435e+26,-3.9786406434272336e+26,-1.1415968772693556e+26,-1.074584895477081e+26,-8.976486599571365e+25,-7.527611213542743e+25,-9.555416986400575e+25,-4.322791756905623e+25,-1.5858356017414583e+25,7.581565159260253e+24,-1.293060041171338e+26,-1.2818134410754959e+26,-9.559846607535658e+25,-6.389404897386014e+25,-2.8836015552190367e+25,-4.667337145317437e+25,1.3906915051893585e+26,9.245886130550534e+25,3.7356847953870564e+25,7.999920444723976e+25,3.184723850258903e+26,1.8457012942441305e+26,8.23573392114982e+25,-4.048797284505587e+25,4.910999946381764e+26,2.9694822064044672e+26,4.993083422209737e+26,-2.2173066405429985e+26,1.128826276648697e+26,-1.6105654032808914e+25,-7.502623212592022e+25,-2.0262228826473646e+26,-8.154425598102138e+25,-1.8666341470651523e+26,-4.4106351030399585e+26,-1.9670114937538656e+26,-2.8616779245719228e+26,9.885982829498372e+26,-1.0295580997298016e+26,-5.077923246083675e+26,-3.658218737574465e+26,4.3530526384751714e+26,-4.08683718217049e+26,-4.9647960998190826e+26,-3.544132183900886e+26,-2.7320324185039957e+26,-2.0037507465085564e+26,-4.8824088589418616e+26,-3.7461586134701035e+26,-5.8568926137710544e+26,5.9013330961365064e+26,4.392410680107152e+26,-2.9273872610300916e+25,-4.355029794077893e+26,1.1976224485894945e+25,1.5956874556526073e+27,2.8288377326628335e+25,1.278985879555227e+27,2.1439256866318417e+25,7.979951599671822e+26,7.752114895165751e+25,-5.756453446867653e+26,-2.024765678876584e+25,-8.196206752131887e+26,1.838245692497108e+26,9.856753302920759e+26,5.427975337013577e+26,-1.0376699450638726e+27,-1.908764927729501e+26,9.205561887572059e+26,1.1928182814191261e+27,1.3086733137038989e+27,8.110758210140261e+26,5.556314686019148e+26,6.171845985730049e+26,7.574444424208654e+26,8.547537689464839e+26
3.605958687457837e+26,-1.514369356296789e+27,3.8128061863487055e+25,-1.202600414609406e+26,8.599212300548241e+25,6.287694062943198e+26,-1.620819676398049e+26,-7.200187689403991e+25,-2.9891488961028155e+26,-2.5463702738526268e+26,-7.434204500600763e+25,-2.844759133305016e+26,-2.8226283387924096e+26,-2.0354715168133316e+26,-3.482011303428146e+26,-1.541959877589894e+26,-3.140596016213709e+26,-2.3678894928243067e+26,-1.1233454850404236e+26,1.5306823494888553e+26,-3.0394670485842705e+26,2.4945318951096975e+26,5.002908842848749e+26,5.115173541098826e+26,1.0776576036792764e+27,2.6275562543613734e+26,1.5270580447543237e+27,-6.015184547460355e+26,-4.814263182771704e+26,-1.7582710808346474e+26,1.841370915542293e+25,2.9971502650806357e+26,9.404062931323017e+26,1.179642055480152e+27,-2.0286342993385085e+27,-1.502508419156434e+26,-7.989514132796464e+26,-5.457098692176608e+25,-6.768124402524616e+26,-2.3344991710281237e+26,-5.596972592155935e+26,-9.77467531024486e+25,1.825234841110045e+25,-9.602983596068484e+25,-2.1558231694057122e+26,-2.135264983919924e+26,-1.8747001386248464e+26,-7.913493374959763e+25,-1.6977239627599255e+25,-1.0472440260944596e+26,-2.7209259301567193e+26,-3.1549007161672986e+26,-1.7459265413786448e+26,-1.518750195575595e+25,-1.895287200681274e+26,3.1874548459398355e+26,3.0210999276619717e+26,1.0680192082861459e+26,3.0876375981524845e+26,4.3337447182858526e+26,4.105336226256404e+26,3.71277730575819e+26,5.175271350557445e+26,1.538033111572615e+27,4.993083422209737e+26,2.436426491651989e+27,1.0871253999106404e+27,1.2141970077538744e+26,1.1173138337433879e+26,-6.341720104469668e+25,1.674698192541078e+26,-1.7919014648554945e+26,-2.413592736322924e+26,5.3540378726194406e+26,-1.3294386053498363e+26,-7.131717632895354e+26,2.3808384470395598e+27,-2.1567522102113906e+26,-1.5196979267835356e+27,3.744763553915103e+26,2.0112390710369134e+27,-1.2005676393810921e+26,-1.7988545379858272e+27,-6.152062127338764e+26,-1.2946730079331915e+27,-3.549052384737799e+26,-2.2987041479135874e+27,-4.737490044887228e+26,-3.435569687396164e+27,-9.54817855193664e+26,5.409315263999386e+26,9.065540609465423e+26,-5.976089194434416e+26,9.746550239158243e+26,4.132313493222234e+27,3.0705207856013465e+27,2.4608848295834833e+27,2.668360591915285e+27,1.409898958726567e+27,1.8376940043121545e+27,-6.804894966689422e+26,-9.829931603815234e+26,-1.365266067706399e+27,1.5957507322236185e+27,2.4095585375748983e+27,2.2736175672642542e+27,-1.8332083719463169e+27,1.429798657521801e+27,4.4242846518496466e+27,5.721120770186983e+27,4.4863434113740735e+27,2.839363622754363e+27,1.859854663143989e+27,1.9574739442011517e+27,2.610625380075324e+27,3.310086609427811e+27
4.221670092865677e+26,-9.963094752995011e+26,-9.937108155784019e+24,-8.986010111877618e+25,6.583563291267926e+25,4.0243640104241786e+26,1.1433464679487003e+26,2.4987892011520997e+26,5.132005257491828e+25,4.888246743467043e+25,3.693449473118001e+26,-6.940631373036888e+25,-2.31442948286146e+26,-6.14749326748076e+25,1.6974417535969384e+25,-4.267654746463171e+25,-1.8486621162016145e+26,-8.204942919864151e+25,-3.2390787571317572e+25,-2.406644842441969e+25,-4.629536568592117e+26,-9.908674516646281e+25,3.8845465025918776e+25,-5.83579878579347e+25,-7.774599012944712e+25,-2.8024519256743574e+26,-2.978928977103642e+26,9.615865353927132e+26,-2.341277480447892e+25,1.4494871120875857e+26,2.3817172693984424e+26,8.492421810463613e+26,6.453158289360867e+26,1.0167292877534794e+27,3.8844503806369516e+26,1.8476579630567195e+26,-6.080090369296878e+26,-1.3154352480781663e+27,-6.598797773392544e+25,-3.414154032497675e+26,-7.096476396080256e+25,-2.0303320660676944e+26,-8.892365933613558e+25,-1.3618540122730135e+26,-9.10938606245217e+25,3.2456072883601566e+25,1.0938500286399552e+25,1.4580894957438593e+26,1.3144766549761643e+26,2.752210882391306e+26,-5.046385719793163e+25,-2.4412562874577715e+26,-7.82472488921181e+25,2.501767478552265e+26,-1.9473172195366226e+26,-3.323119225494093e+25,4.224057127978817e+25,-5.745020737358516e+25,6.4254880895891315e+25,-3.0508185980548867e+26,-7.088047641592833e+25,1.402252180806674e+26,5.5451168266057854e+26,2.4599572932763068e+26,-2.2173066405429985e+26,1.0871253999106404e+27,1.9209640344756768e+27,-4.528281444107559e+26,2.5461750147969042e+26,2.5378387314523586e+26,9.7023196034756e+26,1.837518173307706e+26,4.525527829117912e+26,2.1880371566067874e+27,1.2841933284200829e+26,-2.6913395465912672e+26,1.0647698146075697e+26,2.500032912932969e+26,8.245223448982617e+25,1.8242430710782707e+27,7.673114655382185e+26,1.3257299985417533e+27,-6.546281281704262e+26,2.7593738053089323e+26,-3.7257735389427135e+26,3.778006364396176e+26,-8.44154943465986e+26,7.438856144804194e+26,-1.8170289303821192e+27,-3.3488946679344295e+27,-5.780781803498916e+26,9.116608385730529e+26,4.716215010323944e+26,8.344833630889593e+26,1.0494615447741997e+26,3.4522055622888284e+27,-9.073234218968777e+26,2.866035912255498e+27,-6.407770752545049e+26,1.6141573899564998e+27,7.780032679589469e+26,-8.440013611939564e+26,7.356658342461502e+26,1.0798529681696945e+27,-7.9944835881322e+25,9.438982470414484e+26,8.900745481717133e+26,2.2584060215707262e+27,2.373104364703195e+27,2.9758501939526895e+27,1.2071408700582954e+27,7.413099266846122e+26,3.950252325795565e+26,3.475970680943821e+26,6.905206981858198e+26,1.2338314941281464e+27
-7.004820948355903e+26,8.064758158262789e+26,-3.8119316268137874e+26,-4.006762018193551e+26,-2.081216666945787e+26,-2.7485695556100148e+26,-1.2564214974997095e+26,-1.4500021084826542e+26,-4.794391618957756e+25,-5.597805928580845e+24,-1.7340383020472486e+26,1.1199993415060232e+26,1.63721355141728e+26,-1.7847443114337407e+25,-4.993202392287226e+25,-5.347050156671052e+24,3.962180791059393e+25,3.0961375070900277e+25,5.680520354966625e+24,1.357939011406821e+25,1.0875265204438723e+26,3.0637263489678465e+25,-8.576948529587815e+24,4.4806179559748644e+24,9.458511569665801e+25,7.331430709059423e+25,2.0105120044281112e+26,-3.3759186570049725e+26,-4.136561986550919e+25,-7.32257944715121e+25,-8.638063813991774e+25,-2.6988906030702632e+26,-2.849339156223455e+26,-5.050718263218677e+26,-2.6086151256621617e+26,3.014242029801915e+26,4.209385706890158e+26,5.0123204135182316e+26,-1.0241927590161395e+25,4.404554026307083e+26,-5.879133193918953e+25,3.508181325333073e+26,4.532004391676499e+26,2.034528665481649e+26,-2.106286016784995e+26,-4.394392283196604e+25,-2.167158260297995e+26,-2.589205047039649e+26,-2.3855840618362115e+26,-1.6678525766767228e+26,1.6375793505652974e+26,1.8716936433626887e+26,8.14159609158327e+25,-2.0008625197434056e+26,1.6392339878158393e+26,8.528230651063669e+25,9.95298135873422e+25,1.1773655748573294e+26,7.183585704302262e+25,1.6781063795521967e+26,7.5228320596005294e+25,2.1167662876528435e+25,-4.219254733769841e+25,1.773013870822527e+26,1.128826276648697e+26,1.2141970077538744e+26,-4.528281444107559e+26,5.047283315463766e+26,-1.3780934406751115e+25,-2.047475635917681e+26,-4.0061376166365214e+26,-4.559651715609638e+26,-7.253722244681988e+26,-1.0910713309284438e+27,1.4196345468939672e+26,3.225227712410459e+26,4.297925186262933e+26,-5.221036293913512e+26,-1.413130062725187e+26,-1.0002363176114568e+27,-2.8458920365821028e+26,-1.1623055600153509e+27,4.433196357015451e+26,-5.6075051467493325e+26,8.743629718054683e+25,-7.148179321693653e+26,1.9906464723974564e+26,-1.0342103142474756e+27,3.3955726051748243e+26,2.1632843817067478e+27,1.646885435774382e+26,-4.999641691601877e+24,-1.477253832687756e+26,2.5885624460963273e+25,5.3195718689338516e+26,-6.645809360421811e+26,5.829508768749992e+26,-4.366331184017975e+26,3.049712373697099e+26,-7.733694978978911e+25,-2.522210960561986e+26,-7.196856904058305e+25,-3.536581210743075e+26,1.0747973623383567e+26,4.051905961727277e+26,2.1463406681994053e+26,-4.7950244199784144e+26,-5.1159914597231936e+26,-4.31854188578525e+25,-2.6848555378082094e+25,3.715815373632814e+26,2.0966690356791314e+26,1.7679445328060347e+26,2.360068192471882e+26,2.5676511096610247e+26,1.9443857281424027e+26
2.9270742204444944e+26,-5.3948193519668895e+26,-9.438563565022949e+25,5.619082024992905e+25,-1.9343908531275726e+26,-2.5108456026223936e+26,1.6066980340342617e+26,1.5864007379948356e+26,1.8741420704887718e+26,1.91912705103868e+26,2.0360065610727e+26,9.44088535022321e+25,-4.586117070211414e+25,7.165101964904703e+25,2.1527529779671225e+26,4.379644701116136e+25,2.385728587356301e+25,1.2856855313413762e+25,3.402730684609028e+25,-2.986545997161009e+25,9.971310162740254e+25,-6.884747636376336e+25,-8.37502502467173e+25,-1.1649752302478881e+26,-1.4921630308951254e+26,-7.443733064465558e+25,-2.022119461983648e+26,3.7754735463142605e+26,2.6422484512700318e+26,1.842915897929363e+26,1.4698333897067299e+26,2.117609906402304e+26,-2.605459241017322e+26,-2.3139226981275882e+26,4.520359913910991e+26,-1.0620131500255193e+26,-7.007565195840997e+25,4.7840293838068495e+26,3.549321687660808e+26,-5.2557959182801516e+26,-7.508611595797803e+26,-3.4845661332860364e+26,-2.698123010288299e+26,-2.520519785809806e+26,-1.8861548579351998e+26,1.1717909773153673e+26,8.382637831815494e+25,1.759373334745405e+26,1.1674101187528668e+26,7.966022229561859e+25,5.3996619913718145e+25,-1.3668583774335736e+26,5.704598026845091e+25,2.3300812198556463e+26,2.324492330611097e+25,9.480878979963444e+25,3.2625219446722985e+25,-2.09758088653414e+25,1.3050443441198034e+25,2.0807568655011107e+26,-3.0311560342410137e+25,-5.261640807692358e+25,2.413816054858485e+24,4.5406289337527466e+24,-1.6105654032808914e+25,1.1173138337433879e+26,2.5461750147969042e+26,-1.3780934406751115e+25,2.2891495225191396e+26,-1.2866037377397537e+26,6.609078945125867e+25,-6.109384764348202e+25,-1.4324567697793766e+26,9.453909069330195e+25,-2.183046290217708e+26,-6.7271939343094345e+25,6.579163309040357e+26,1.1458206284001173e+24,6.282515920573162e+26,2.8761900770963252e+23,-4.354965636126036e+26,-1.4763709969335186e+26,1.617719668424727e+26,-1.950747477257063e+26,4.6105512265405626e+26,-6.344114008519333e+25,5.4891137376303075e+26,-2.2225719742510058e+26,8.514584475694923e+26,4.898376569562104e+26,-1.4895437527348157e+26,2.118323836708505e+26,6.839395253154141e+25,1.9898113134741046e+26,3.636294336457056e+26,8.558474022384892e+26,-1.4998792627115699e+26,5.910889749452755e+26,-1.3383318383292992e+26,3.4044871433350194e+26,1.0403291253144167e+26,-2.9891884103253186e+26,1.9815065282699243e+25,4.7231767151103166e+26,3.601559860814947e+26,6.573826288343374e+26,2.94894723809039e+25,5.2375310190941605e+26,1.0073142999977807e+27,9.247877851956815e+26,3.615726461712697e+26,1.7640630851530016e+26,1.8440475498751224e+26,2.9391861092692045e+26,4.888208537356923e+26,7.014440554752322e+26
-8.30718442928641e+25,1.8014597830954755e+26,8.839057842166542e+25,-4.224997474698778e+25,1.6026386583484277e+26,2.2446161855713563e+26,-1.3076981641101363e+26,-1.0188446355693498e+26,-1.229681122982914e+26,-1.305830647750299e+26,-1.354592402049036e+26,-8.17612300765907e+25,-5.467227991002766e+24,-7.414860572615634e+25,-1.5068232772891808e+26,-6.123695148509002e+25,-5.8574522343718575e+25,-4.554665669313863e+25,-3.7659925382232796e+25,3.322842492063079e+25,-1.968316128297174e+26,5.188141750036972e+25,7.46970495616969e+25,7.034923978010516e+25,7.189813501152361e+25,1.7950065490044516e+25,2.221579957244199e+25,-6.9663034661480385e+25,-2.0187444976172565e+26,-1.1031824913003637e+26,-6.178600496695507e+25,-9.505255142902982e+24,2.52909230229748e+26,2.9994358957434116e+26,-1.8288089105774956e+26,8.355830749668943e+25,-3.468826472694582e+25,-7.835736006450778e+26,-2.5514806154578768e+26,2.3691225318572278e+26,4.6115111990520324e+26,1.559143449795756e+26,1.5603026791924056e+26,9.278593070752666e+25,7.06100844501512e+25,-1.0017063991430104e+26,-7.652609374657958e+25,-7.929651650209044e+25,-4.12006779810844e+25,-6.1044345015939885e+25,-6.869431083711123e+25,5.811051610866974e+25,-9.114501985379844e+25,-9.738805522979545e+25,-1.188641114130972e+26,-1.3196358160151334e+26,-4.148333402855307e+25,-2.9902232699629413e+25,-2.6605215028892657e+25,-3.2719805833795315e+26,-1.8495554170797754e+25,6.958290841413517e+25,8.167370636635574e+25,-8.242388035277473e+25,-7.502623212592022e+25,-6.341720104469668e+25,2.5378387314523586e+26,-2.047475635917681e+26,-1.2866037377397537e+26,2.6374003281827907e+26,2.8969487376612976e+26,1.186345865964405e+26,2.6150702215422174e+26,5.667858139816104e+26,1.2905249193213377e+26,-3.996154926662775e+25,-7.310154272033207e+26,8.417715490449827e+25,-4.372444702970655e+26,6.053896090257844e+26,4.1010291035764815e+26,5.23724031567372e+26,-1.7917636224285606e+26,1.3156646035161796e+26,-3.740677476618362e+26,1.5480007706951678e+26,-4.99330232866563e+26,3.878743436940501e+26,-9.337602618755576e+26,-1.4897138095294786e+27,-3.8509540563752547e+25,-9.025594415283466e+25,9.634935701598762e+25,-1.2281133175833676e+26,-6.4639934506333e+26,-1.1702766031491834e+26,-2.782243621685927e+26,-1.3487583106957915e+25,-1.5285601245951256e+26,-1.0929863469727983e+26,1.4665843095803733e+26,2.158128383414764e+26,2.9581172112492356e+26,-3.8311280350832885e+26,-6.139737507489307e+26,-6.408521318636441e+26,3.487022449205039e+26,2.901699544509153e+25,-7.285873052546807e+26,-5.6283006297404736e+26,-4.115379316494725e+26,-2.7306509718339032e+26,-3.0011523564247482e+26,-4.31272223153227e+26,-5.847781787506797e+26,-6.887980821182812e+26
2.398347886408777e+26,-3.832688773809859e+26,7.078770331381306e+25,6.649681531201182e+24,9.843828412508333e+25,2.1569373068130334e+26,1.7813488104530597e+25,8.676685954125359e+25,1.592500862441378e+25,4.919911570271587e+24,1.2003886384339857e+26,-4.247045744768529e+25,-9.703843926763618e+25,-4.05195723614496e+25,-6.685869804625956e+24,-3.899284857360361e+25,-7.779135708848052e+25,-4.838842428602984e+25,-2.6650850822037003e+25,-6.516927295645296e+24,-2.6233331091299256e+26,-4.729605886172242e+25,7.216325557331467e+24,-4.210479448460103e+25,-1.2570460806737332e+26,-1.477367836621008e+26,-3.0400445298945116e+26,5.2176031610410824e+26,-3.777503249407873e+25,5.271031997316222e+25,1.0323300108225918e+26,4.019368669205892e+26,3.0290425002162633e+26,4.9682043074288774e+26,3.556849127338956e+26,7.868153606244094e+25,-2.5103011599625453e+26,-9.624316808250626e+26,-4.6122536761548015e+25,-1.510415378036809e+26,1.2954935961963153e+26,-1.0218776971673649e+26,-5.2806472172716036e+25,-7.61804571464875e+25,-6.696013130908015e+24,-1.242232597477242e+25,-8.282667285349075e+22,7.808326591982168e+25,7.869083078896987e+25,1.0413655066499177e+26,-4.152232155565456e+25,-8.054042231787866e+25,-7.298428428843114e+25,1.1602545573952165e+26,-1.4923986718607038e+26,-1.1967215810968185e+26,-4.829200096837027e+25,-7.402384829093887e+25,-3.4867809683199785e+25,-3.39188801753718e+26,-1.010854655132149e+26,4.387655711381874e+25,2.25846201901108e+26,-1.2914662956538961e+26,-2.0262228826473646e+26,1.674698192541078e+26,9.7023196034756e+26,-4.0061376166365214e+26,6.609078945125867e+25,2.8969487376612976e+26,6.545228694555277e+26,2.015785792567795e+26,4.244833024265332e+26,1.3871401078160476e+27,7.206268901598535e+25,-1.179458810692198e+26,-5.430655364838682e+26,2.2854778390795882e+26,4.003103218114175e+25,1.2467376096739994e+27,3.2867708243937485e+26,9.992852339126256e+26,-2.3237611116474963e+26,2.450996293292677e+26,-1.8110575752582776e+26,3.412940002586322e+26,-3.616607749614067e+26,6.534108694238195e+26,-8.930626460157998e+26,-2.3947663036246602e+27,-3.541260631104372e+26,2.6680646325021943e+26,3.3518160637327924e+26,1.9903508810825857e+26,-7.183606122945117e+26,1.331431427588762e+27,-8.622346042872709e+26,1.0992974873698116e+27,-5.4401738863183125e+26,4.907372826539049e+26,5.220249192793767e+26,-1.5962184463973486e+26,6.597701042437082e+26,1.2663166824457629e+26,-6.194930821096816e+26,-1.2338348465480155e+26,8.225559191249819e+26,1.0022114586821704e+27,3.29347092204055e+26,5.439772770753092e+26,-1.4958722930132494e+26,-1.2685301069845761e+26,-1.9008653613239674e+26,-2.8556121321341124e+26,-2.6219810502352998e+26,-1.1285102508338519e+26
8.776252084166397e+26,-8.676233611054974e+26,6.446624036428334e+26,6.630374411322065e+26,3.91352720985057e+26,4.588533506405578e+26,1.5505416817273007e+26,1.6647240607800586e+26,1.2520973664002953e+25,-4.606908853815496e+25,1.7457115281625748e+26,-2.0499372922071053e+26,-1.9110845776944967e+26,1.3842089816035305e+25,1.3225753177182398e+25,1.4324028757476835e+25,-1.6206904931852866e+25,-1.0288123481506255e+25,-4.996011116721856e+24,-2.3050318086574906e+25,-4.931716779528509e+25,-3.8416377575686764e+25,8.085370994755376e+24,1.7079837441222215e+25,-8.408622697737113e+25,-6.640839494999678e+25,-1.4536685945692819e+26,2.3071599828955586e+26,6.279307462224211e+24,4.161042725006789e+25,4.864933991061164e+25,2.1346616827822326e+26,4.394064819554957e+26,7.059935232023597e+26,1.592999537722947e+26,-4.833535396326491e+26,-5.399790824853058e+26,-3.798956238570157e+26,-7.500740617268978e+25,-3.492514984932549e+26,4.14298847006702e+26,-3.051551140149212e+26,-5.999941867673227e+26,-8.628157205104442e+25,4.8183277761083345e+26,2.790111562805963e+24,3.0296377835918796e+26,2.549784324125719e+26,2.6248883292261332e+26,2.429893012131789e+26,-2.4317886211520146e+26,-1.962370507014512e+26,-7.5285176597673415e+25,1.3955284880280903e+26,-1.1269177548138206e+26,-6.774879368435702e+25,-1.1754409684376124e+26,-9.926909892941698e+25,-7.828489930411046e+25,-9.853477110254013e+25,-6.614928064334332e+25,-4.981186612960257e+25,-4.1967482788092776e+24,-1.6900086683019335e+26,-8.154425598102138e+25,-1.7919014648554945e+26,1.837518173307706e+26,-4.559651715609638e+26,-6.109384764348202e+25,1.186345865964405e+26,2.015785792567795e+26,5.9749083916876577e+26,9.286950244455196e+26,8.964172970511179e+26,-1.1028527075077055e+26,-3.881300739068086e+26,-4.651786637319701e+26,6.660573710096016e+26,6.027668122279831e+25,7.914069512686552e+26,4.310740003642625e+26,1.286684497879531e+27,-7.175293272194633e+26,9.33104415513161e+26,-2.1802472323389615e+26,9.512770048484847e+26,-3.466175151692867e+26,1.3320476061651274e+27,-4.2350902830844136e+26,-2.041682444133222e+27,-8.823308744943692e+25,-5.62354515179592e+25,7.890803361994368e+25,-5.773387941139096e+25,-4.612939763230138e+26,3.378743160375631e+26,-4.4731754256816756e+26,1.5459690365777032e+26,-1.9029641827135817e+26,-3.959933270437244e+25,1.539495554519203e+26,1.1494591162850063e+26,2.270147311477467e+26,-1.568030477744885e+26,-3.062169726933314e+26,-2.372642358700722e+26,3.475218023822308e+26,2.5600722329572925e+26,-8.989181844407198e+25,-1.8904792792722493e+26,-4.194269053086122e+26,-1.7360898310009443e+26,-1.1466894006471488e+26,-1.6688815922162196e+26,-2.1199165085092774e+26,-2.0394194196724368e+26
1.0593072192608497e+27,-9.541088539887461e+26,9.28801714509528e+26,8.217537118671237e+26,6.986247302194073e+26,8.993727115500339e+26,1.9193778008248845e+26,2.5896182121803743e+26,-4.3767355480041205e+25,-1.3839671658154934e+26,3.2046026618240045e+26,-3.433010605225362e+26,-3.0628778830629106e+26,-2.0238842061144442e+25,-6.195522814015913e+25,2.584397229049971e+24,-4.307494296619817e+25,-2.0631205188872925e+25,-2.4167113996115014e+25,-4.394715278218597e+25,-1.6566524508399558e+26,-7.5398149809969694e+25,3.109343210688017e+25,5.4708729130773e+25,-1.4242444356917048e+26,-1.4862231824320786e+26,-2.559258812475778e+26,4.073604175832248e+26,-9.555338857492493e+25,2.2638689089966125e+25,5.514673204911754e+25,4.125059011394796e+26,9.228234592357745e+26,1.369782940255105e+27,2.7860985709206565e+26,-4.4605130363754386e+26,-8.652828902703261e+26,-1.0097564078413396e+27,-2.6785615474627444e+26,-1.2526589015583033e+26,1.196648843000627e+27,-1.5382790768133887e+26,-6.085839742785855e+26,1.0308018009433954e+26,8.212009518368026e+26,1.120244201222657e+25,4.227687727122591e+26,3.0257728904676505e+26,3.192399738088827e+26,4.9007511834034834e+26,-3.4059190739487204e+26,-2.632401541071951e+26,-9.666186674733276e+25,1.393941986469339e+26,-1.598767276905677e+26,-1.5887981756146986e+26,-2.0962099442392355e+26,-1.5593274728695205e+26,-1.3740497714865646e+26,-2.9018345564076335e+26,-1.3219652256262936e+26,-6.48801595956655e+25,6.480888948577512e+25,-2.9820639952700465e+26,-1.8666341470651523e+26,-2.413592736322924e+26,4.525527829117912e+26,-7.253722244681988e+26,-1.4324567697793766e+26,2.6150702215422174e+26,4.244833024265332e+26,9.286950244455196e+26,1.5216005401307467e+27,1.658857887927205e+27,1.6365326841288602e+26,-4.695118586241815e+26,-1.1133753660805525e+27,1.0202207643981902e+27,-8.234380771667073e+25,1.4552266211677986e+27,8.902923409427187e+26,2.2323005682915577e+27,-1.1645873461112457e+27,1.6896208774301493e+27,-5.79063102227353e+26,1.5263142954118106e+27,-8.664406457740098e+26,2.262724371313274e+27,-1.3410038850244662e+27,-3.681469455634985e+27,-1.8475542321169545e+26,-3.6398093083472532e+25,1.850197014612552e+26,-4.5760098306271505e+25,-1.0322421107700007e+27,6.46894133720819e+26,-9.007116469000159e+26,3.890266092435508e+26,-3.89713787425185e+26,2.4123062376539346e+25,3.471496932039963e+26,1.7251426037255323e+26,5.0807169103607294e+26,-2.8287099661659912e+26,-7.048114041708413e+26,-5.316646261837472e+26,7.842560603442118e+26,5.1476697706979576e+26,-2.9762481065318482e+26,-3.945281789819824e+26,-7.748696057127645e+26,-2.9843040526773602e+26,-2.2457829448133293e+26,-3.584173511510294e+26,-4.70549849007719e+26,-4.827566363030863e+26
8.995837376855975e+26,-1.2005448384037594e+27,5.085648014308536e+26,3.0164221035456265e+26,5.3082368671239296e+26,1.014134905265786e+27,2.485140548619591e+26,4.495890781814945e+26,4.096659341963735e+25,-3.1293372684966742e+25,6.643241900578703e+26,-2.5945654045743208e+26,-4.197519028240202e+26,-6.548060410958344e+25,-1.4091939403329895e+25,-3.524816273092849e+25,-1.8886330922586406e+26,-9.333571165245905e+25,-5.40186818990086e+25,-7.74349502913486e+25,-5.810975083149244e+26,-1.8486499591656156e+26,4.2999963952834325e+25,-4.6316863092573026e+24,-2.822046528702431e+26,-4.174968665147837e+26,-6.109413875904112e+26,1.3288681726324066e+27,-8.684818521202487e+25,1.776147165644046e+26,2.8861319012134017e+26,1.2001316245509189e+27,1.2903591307480248e+27,1.962936339293109e+27,8.7086466455649e+26,1.4301827044545706e+26,-1.1152081154206184e+27,-2.2986334334367917e+27,-2.274501594536327e+26,-1.848501762312571e+26,1.1408461516184197e+27,-1.4562254928545611e+26,-3.011108362943601e+26,2.927953024465004e+25,5.107496846131669e+26,1.0753629628319283e+26,3.137707250295703e+26,3.471041970050101e+26,3.278893085674182e+26,7.008496490075826e+26,-2.1633157513248127e+26,-3.6306373936419714e+26,-1.285556138315636e+26,3.306591673388687e+26,-3.1149538216133376e+26,-2.5499574339399927e+26,-1.953472480850368e+26,-2.1231657064616177e+26,-1.154194941220683e+26,-6.650126612136257e+26,-2.4181203297499427e+26,3.6489802734761666e+25,5.274280369705042e+26,-2.222512719698834e+26,-4.4106351030399585e+26,5.3540378726194406e+26,2.1880371566067874e+27,-1.0910713309284438e+27,9.453909069330195e+25,5.667858139816104e+26,1.3871401078160476e+27,8.964172970511179e+26,1.658857887927205e+27,3.567428494453831e+27,4.5672474243058906e+26,-4.069681464544742e+26,-1.3229117452196065e+27,1.0267352820302775e+27,1.0502542150746112e+26,3.079028265919513e+27,1.251476872106593e+27,3.1694104857890867e+27,-1.1570674734846132e+27,1.6760881177630634e+27,-7.191978718996966e+26,1.56951238008547e+27,-1.3290100402085937e+27,2.5912663084979855e+27,-2.796288727775365e+27,-6.368998665993441e+27,-7.219936093085463e+26,7.119619674241311e+26,6.305477547753383e+26,6.1506448087276004e+26,-1.3375899919373905e+27,3.520638831936244e+27,-1.9299586504607675e+27,2.795770192183575e+27,-1.0604636404261463e+27,1.338576725545773e+27,1.0817218724088345e+27,-4.9562785793356e+26,1.2717694124264744e+27,5.4888814591765696e+26,-9.928400412479057e+26,1.1222843639112978e+26,1.791814473519971e+27,2.484771972246095e+27,1.4259156598435792e+27,1.794943155059622e+27,-5.5388404196317495e+25,1.3538070053055716e+26,-3.0977070885417037e+25,-2.2227635035703938e+26,-8.777928952072107e+25,3.219762842545974e+26
-2.870214190305595e+27,3.70021445485774e+27,-1.344567227848953e+27,-2.2198227765742992e+27,8.41734698093833e+25,7.802518442315521e+26,-5.829783284057623e+25,3.542332627853398e+26,-1.1337454471598504e+26,-1.2205966454498792e+26,1.1327881709359014e+27,-7.925422440632805e+25,-1.984609462207651e+26,-2.242786766041112e+26,-1.9646812829845285e+26,-1.025007896354917e+26,-8.405587093006634e+25,-4.485474518316921e+25,-5.454281334229713e+24,-7.392980470655936e+25,-3.050975334462904e+26,-7.17377658291174e+25,6.881215935026932e+25,1.622577373894359e+26,-6.8739978965300205e+25,-1.4779903611855748e+26,-1.2121563301852504e+26,2.87479909850843e+26,-2.6550573839845387e+26,-2.5672667302931857e+24,-6.189234950201359e+25,4.319034485796679e+26,1.138013131679082e+27,1.1297180408425394e+27,9.80673076218921e+26,2.9726713074146167e+27,-2.436994706490584e+26,-1.7930974170885234e+27,-4.4076568561623724e+26,3.0890444140921684e+27,3.687105972055154e+27,2.3472033247373085e+27,2.668311896952646e+27,1.6238820688580476e+27,4.34522479607498e+26,5.577613898010927e+26,2.9505114958335224e+25,-3.7006969656870834e+26,-4.813362729080185e+26,1.3990481688123828e+27,3.455662493954718e+26,1.0148832214930668e+26,2.7931984069886945e+26,-3.3648113038673965e+26,1.7835709670833356e+26,-2.09962380397417e+26,-1.4282231825355607e+26,-7.065626088084973e+23,-7.1266370700767865e+25,-4.941564243617623e+26,-1.1173490558802067e+26,5.591171095896037e+24,1.607403298087998e+26,-2.2187028356964065e+26,-1.9670114937538656e+26,-1.3294386053498363e+26,1.2841933284200829e+26,1.4196345468939672e+26,-2.183046290217708e+26,1.2905249193213377e+26,7.206268901598535e+25,-1.1028527075077055e+26,1.6365326841288602e+26,4.5672474243058906e+26,2.764734990741429e+27,1.0690103665672863e+27,-2.0118778824799047e+27,-1.1065313085473627e+26,-1.779008479080772e+26,2.8143420702137675e+26,2.2895051219630872e+26,7.194989000374539e+26,6.674878408537129e+26,1.9158119830284342e+27,-7.888116613211725e+26,2.7677166109289372e+26,-1.0141690568562642e+27,9.531073278563575e+26,-3.289631359234875e+27,-9.747268572968352e+26,-4.3625346446695473e+24,3.8467861193958777e+25,4.044046924599075e+25,3.91277437044549e+25,-1.915150437163833e+27,-3.469588446392515e+26,-1.08339230378588e+27,-9.683595379794729e+25,-2.4180870599607265e+26,1.8347926717477085e+25,1.597998085683971e+26,1.0405773009181951e+26,3.54387161575056e+26,-3.0050952813106376e+26,-7.984866774537942e+26,-7.42954138238017e+26,1.08429485178464e+27,-8.691156730451918e+25,-1.30594038915773e+27,-1.5112678869270142e+27,-1.0540834968408297e+27,-2.4163153223198563e+26,-1.578364698772298e+26,-3.332550287391804e+26,-5.917272158697921e+26,-8.848045915583969e+26
-2.0134787280048275e+27,3.1229643259452044e+27,-1.324581149624032e+27,-1.3236987206113627e+27,-6.659194878141569e+26,-7.323235248816044e+26,3.393420163907625e+26,4.08391005101561e+26,4.986586691706468e+26,4.6689104683170136e+26,6.047964115913261e+26,8.249726520472462e+26,3.743817887495851e+26,3.4296821174569204e+26,5.0206352766472404e+26,2.6678846924980205e+26,3.882933384921394e+24,1.121436816494553e+26,1.5681528986091407e+26,-2.1994980003837788e+26,-1.5966522379613906e+26,-2.7256891671918112e+26,-2.4646636363477954e+26,-1.7810798483323403e+26,-5.695628174264637e+26,-3.170272917985965e+26,-8.140322680390766e+26,9.364400376616449e+26,5.756838011328715e+26,4.263112205210537e+26,2.3519847972235325e+26,4.5697062719291375e+26,-5.479949386925871e+26,-7.764692995072678e+26,1.9570149727982122e+27,1.8251202846929336e+27,1.2622347016921525e+27,-9.989719483831468e+26,7.6535502139952e+26,1.341105150261377e+27,1.326829518597347e+27,8.713098870605855e+26,1.2252208699062046e+27,4.784560637039544e+26,-1.5020228315504518e+26,4.297488319492625e+26,-1.8455392976096937e+26,-3.0648377729543824e+26,-3.601905186453691e+26,3.3684295194175464e+26,9.292145289151855e+26,5.591951063032023e+26,3.0140376854956078e+26,-2.2137014122938594e+26,3.2911828220507975e+26,-2.6462872960704898e+26,-1.603540505752622e+26,3.596344861361962e+25,-1.2622949215346125e+26,-4.645611630670554e+26,-2.1145207097229057e+26,-1.5958245246713073e+26,-6.025966006082614e+25,-5.784660791341832e+26,-2.8616779245719228e+26,-7.131717632895354e+26,-2.6913395465912672e+26,3.225227712410459e+26,-6.7271939343094345e+25,-3.996154926662775e+25,-1.179458810692198e+26,-3.881300739068086e+26,-4.695118586241815e+26,-4.069681464544742e+26,1.0690103665672863e+27,1.8108234009363827e+27,-1.9579137062668405e+27,-4.1607437304566185e+26,1.3608064797311142e+27,-4.569538884935919e+26,-1.6828660813966e+27,-4.3869386555263125e+26,3.15047661292406e+27,4.3745509059885006e+26,1.3402230269894195e+27,-3.821688493718502e+26,2.006782037228607e+27,-2.5477075857562344e+26,1.5080550659443555e+27,1.3319107350124224e+27,-3.0596470174087615e+26,-3.540109801561172e+25,1.8206525493661205e+26,-2.104524539889133e+25,-2.4638155839722027e+27,-8.573235815749937e+26,-1.8169669847051147e+27,-6.375186880969611e+26,-7.310712557849566e+26,-2.5764474438177404e+26,3.113800348151403e+26,2.2383651141683753e+25,5.0615636514070185e+26,-1.1149652713203167e+26,-6.999415051922561e+26,-3.8446612505793e+26,1.2532913167547457e+27,-2.9187973555106848e+26,-1.56538975471809e+27,-2.350629815801947e+27,-1.908972993952979e+27,-7.75139152126902e+26,-3.116624678977331e+26,-3.24282520304836e+26,-5.700960165060819e+26,-9.184729366291136e+26
2.5196516846799166e+27,-5.421457551074297e+27,6.0120989461329187e+26,1.0350182094365866e+27,-2.861473945930421e+26,6.513193386274178e+25,-7.890258180591168e+25,-1.7657867330828845e+26,-2.7128779655142996e+26,-8.82861632127921e+25,-3.794182483823846e+26,-4.401829421561986e+26,-4.774546270045608e+26,-2.451699251675475e+26,-3.150961631193439e+26,-2.320393765445981e+26,1.3400631334202499e+26,-1.804679372269043e+26,-2.0965908721639477e+26,2.3731003915727923e+26,9.919888688188677e+26,3.565973543777995e+26,4.786124396611235e+26,6.481413902738836e+26,1.3171455193601304e+27,6.602227669421084e+26,2.5397773274274034e+27,-2.150447196954736e+27,-4.099386821144646e+26,-2.8352018502130832e+26,-1.4268147786488825e+26,-5.125032933485333e+26,1.921597483771921e+26,3.393690356320182e+26,-3.972173472327662e+27,-2.123347333913386e+27,-1.3804899009967592e+27,4.760240487718141e+27,-4.210991989878521e+26,-2.8555107924550575e+27,-4.547321352036567e+27,-1.857030100717453e+27,-1.7206985602765274e+27,-1.3277700074882543e+27,-8.69808202763843e+26,-3.243086949960893e+26,-2.7656050494558496e+25,4.4608894358438874e+26,4.3159496215757316e+26,-6.495301733198027e+26,-6.211092715205741e+26,-8.758716092893812e+26,-1.552125029511164e+26,5.806185755613989e+26,-8.10117465204418e+25,8.7771639737699e+26,4.8870389148116374e+26,1.1959152475950847e+26,3.504944107427634e+26,2.1108041906295668e+27,5.330147615949575e+26,1.0304819947737628e+26,-9.690067477598541e+25,1.847856455126631e+27,9.885982829498372e+26,2.3808384470395598e+27,1.0647698146075697e+26,4.297925186262933e+26,6.579163309040357e+26,-7.310154272033207e+26,-5.430655364838682e+26,-4.651786637319701e+26,-1.1133753660805525e+27,-1.3229117452196065e+27,-2.0118778824799047e+27,-1.9579137062668405e+27,6.855228254938428e+27,-4.030831027692115e+26,-1.6085013465388232e+27,-1.3719244304211753e+27,2.1652201276315556e+27,-2.0737959505134292e+27,-3.6300050623323006e+27,-2.483270074374806e+27,-1.0877764244031932e+27,-1.064332287338007e+27,-2.34432240249644e+27,-2.3621283466429856e+27,-8.677535371281934e+26,4.002712211489106e+27,1.6196386336133712e+27,7.034632012651666e+26,-1.584020653441592e+27,8.121220696934432e+26,9.649202833280722e+27,3.366419504964475e+27,6.296385396476739e+27,2.3408892051059843e+27,3.371787227409814e+27,1.5826364071844203e+27,-2.2310634021997585e+27,-1.1925701676416495e+27,-3.610758554792078e+27,2.38801663909024e+27,5.552316632171563e+27,4.485260856236603e+27,-5.252044338769163e+27,1.1598373552221292e+27,7.999483444897109e+27,9.208153694878007e+27,7.241853148863741e+27,3.971338886983703e+27,2.7991707538867705e+27,3.466032069729159e+27,4.890072043124711e+27,6.267180334931481e+27
1.0425610639989823e+27,-1.0529987816943496e+27,6.895405150073871e+26,7.485217132087512e+26,3.9282460502561234e+26,4.4646754352957165e+26,2.8088800036259143e+26,2.936945866156899e+26,1.0601096997550838e+26,2.850997152982798e+25,3.528490106511812e+26,-1.969746701417211e+26,-2.5249102778673054e+26,5.965360095692972e+25,1.1884276607810133e+26,4.513062217929207e+25,-1.1006107192361176e+25,-5.774670147595122e+24,1.5643202433245973e+25,-4.3187855211741245e+25,-2.2132259660165134e+25,-7.498924239358831e+25,-2.312307987001806e+25,-2.158140264829402e+25,-1.632952664487723e+26,-1.0710622926358006e+26,-2.6139120018308738e+26,4.340896585760948e+26,1.332240318302511e+26,1.3448835819429024e+26,1.1643269499940379e+26,3.337351613070841e+26,4.157911419156903e+26,7.289705354884613e+26,4.4170025321995825e+26,-5.145323558332358e+26,-6.583814988606917e+26,-3.0689845667983266e+26,7.18147844666762e+25,-4.9927597131109275e+26,3.361791832382925e+26,-4.048338713674532e+26,-7.268461070399512e+26,-1.303007445610421e+26,5.141536156316372e+26,1.0801410940448081e+26,4.213784219985212e+26,3.6178877348317756e+26,3.362292267464054e+26,3.9539397955805375e+26,-2.441661375201042e+26,-2.7849622368613723e+26,-4.638991004379921e+25,2.386887402058386e+26,-1.1296584439015516e+26,-5.771237766058928e+25,-1.3703396184958303e+26,-1.2295334956030505e+26,-9.301139480770487e+25,-5.222792727344628e+25,-9.208712847424147e+25,-8.425290810771401e+25,-1.799720026324226e+25,-2.173678253279206e+26,-1.0295580997298016e+26,-2.1567522102113906e+26,2.500032912932969e+26,-5.221036293913512e+26,1.1458206284001173e+24,8.417715490449827e+25,2.2854778390795882e+26,6.660573710096016e+26,1.0202207643981902e+27,1.0267352820302775e+27,-1.1065313085473627e+26,-4.1607437304566185e+26,-4.030831027692115e+26,7.769167482083715e+26,3.6654847111736226e+26,8.733917567671745e+26,2.68880702729614e+26,1.4365338804371752e+27,-6.799030516369902e+26,1.1243335747341661e+27,-3.456360634552697e+25,1.1058327683053385e+27,-1.1865138986171187e+26,1.5090181091136295e+27,-1.3090958906706312e+26,-2.1435884614200083e+27,-1.53470831578721e+26,-1.1899345759511914e+25,1.0754334813571299e+26,-1.4788382428286847e+25,-5.292428364374036e+26,5.950502030129569e+26,-6.453864935689204e+26,3.0534712040198544e+26,-2.8246116933436616e+26,3.178945224405291e+25,2.0875390774481914e+26,4.751765215401571e+25,2.7092589445785836e+26,-4.06874083825101e+25,-2.4835351471547162e+26,-7.352040765445818e+25,4.5319117451390056e+26,4.240799587019642e+26,1.413288393803627e+26,-5.981092634920715e+25,-4.670644830757711e+26,-1.7581471150484684e+26,-7.811074487004958e+25,-1.0038323572302996e+26,-1.0194727603938688e+26,-4.489442768094425e+25
-1.2351596014841442e+26,2.4851357607262155e+27,-7.350329548528814e+26,3.0834095972244297e+26,-1.0323392606768094e+27,-2.7479953518864705e+27,1.2110233660088372e+27,1.1349463549492902e+27,1.9504007963315106e+27,1.701342569176146e+27,1.2746614921509838e+27,1.093087040191044e+27,3.362940693884078e+26,8.545329674479264e+26,2.338509673139303e+27,4.226199244606586e+26,-1.3723433656441297e+26,-1.2854113561102895e+26,4.560724490692211e+26,-1.5686676483250756e+26,-8.924092359698404e+25,-5.6016366549609575e+26,-6.807917501780817e+26,-1.2133480932778447e+27,-1.6261704291172272e+27,-6.974391135774624e+26,-3.141128759300248e+27,5.118246075113466e+27,2.7960517986071923e+27,1.941031122027274e+27,1.6255006809503197e+27,2.229461536478691e+27,-3.475374416311772e+27,-3.6229584694597315e+27,8.087515681081316e+27,4.6621001572833434e+26,1.450977307126723e+27,-7.955282780359232e+26,3.8362676574995245e+27,-1.2225497155024325e+27,-1.0176568757709032e+27,-1.0165690310040432e+27,-9.760928723704385e+26,-6.289191949143834e+26,-2.0350321476479134e+26,8.225305382858416e+26,6.412481053874015e+26,6.698889949953363e+26,4.391017194520012e+26,8.070131214195807e+26,8.080383724718986e+26,1.2423187498973048e+26,3.7270091117278216e+26,7.379370752093094e+26,2.926928127886615e+26,-7.1767644307217135e+25,-1.9029884322360684e+26,-1.0874486585945838e+26,-1.9471283519953775e+26,-1.2913151487013348e+26,-4.233809771776077e+26,-4.63009261609696e+26,-2.7594312607574498e+26,-1.2094931571162367e+27,-5.077923246083675e+26,-1.5196979267835356e+27,8.245223448982617e+25,-1.413130062725187e+26,6.282515920573162e+26,-4.372444702970655e+26,4.003103218114175e+25,6.027668122279831e+25,-8.234380771667073e+25,1.0502542150746112e+26,-1.779008479080772e+26,1.3608064797311142e+27,-1.6085013465388232e+27,3.6654847111736226e+26,6.947745183230648e+27,-1.9823207947948164e+26,-7.198111507944511e+27,1.2521760912053811e+25,6.168988364435203e+27,8.632964430910539e+26,5.833108819129852e+27,4.872919274711594e+26,8.469694450022337e+27,3.558050412573914e+26,8.576322000584642e+27,1.5095231031579146e+27,-2.421499845775204e+27,2.3882548127793058e+26,1.58285394147053e+27,1.9678598875194174e+26,-7.428478930006897e+27,2.751327008013839e+26,-7.104673085377779e+27,-7.108793213443709e+25,-3.8247824529552384e+27,-3.8438082500023123e+25,2.4980542439056705e+27,-5.178026032900031e+26,3.168950903454864e+27,6.498065898965067e+26,-2.44992452146719e+27,1.878749028407635e+26,5.45607398096867e+27,8.411959811550078e+26,-2.1523299218874104e+27,-4.193979762535543e+27,-4.419264781431106e+27,-2.2211924084854489e+27,-9.644693232936221e+26,-8.435235612873969e+26,-1.1635179683908436e+27,-1.544918998467656e+27
7.984259162770194e+26,-1.0061973540848613e+27,5.2162872216065184e+26,3.1810963540371264e+26,5.1179900647747634e+26,8.824385848560578e+26,1.0347563801696317e+26,2.5775022993276125e+26,-4.412673250900483e+25,-1.0591794619418115e+26,3.699571368524412e+26,-2.7383190565546055e+26,-3.412342814260974e+26,-9.87461661621772e+25,-9.919828000068385e+25,-7.648996978163302e+25,-1.936563577557572e+26,-1.1281885644382978e+26,-6.564693944788882e+25,-1.8912871574835357e+25,-5.7703028741394e+26,-7.798278369248937e+25,8.890407003379718e+25,2.9710765077587258e+25,-1.4082631739886846e+26,-2.7592965062873315e+26,-4.416352204783598e+26,9.408208949664151e+26,-1.8631539179806696e+26,6.004921443386545e+25,1.7447172882673095e+26,8.5897505529787e+26,1.0815671321067807e+27,1.619651132513117e+27,4.9978103427378786e+26,2.5091060376541046e+24,-9.105164475737619e+26,-2.2119193791097946e+27,-3.171581749148603e+26,-1.677581636588661e+26,9.638412646830532e+26,-1.4796599278079057e+26,-2.7558644804621316e+26,-1.9697952882836835e+25,4.188363967159934e+26,-4.389499269531695e+24,2.105370664716875e+26,2.5949626512929504e+26,2.6914342939538778e+26,4.350043395194186e+26,-2.6303344108235938e+26,-2.80956711104206e+26,-1.8364791196442534e+26,2.2489014297151042e+26,-3.522143191457477e+26,-2.5883574382328227e+26,-1.5959284923230313e+26,-1.8924135565945426e+26,-9.049126475181096e+25,-7.037734327074283e+26,-1.756528118410082e+26,9.349069980849412e+25,4.5300990740124565e+26,-1.9730143829795293e+26,-3.658218737574465e+26,3.744763553915103e+26,1.8242430710782707e+27,-1.0002363176114568e+27,2.8761900770963252e+23,6.053896090257844e+26,1.2467376096739994e+27,7.914069512686552e+26,1.4552266211677986e+27,3.079028265919513e+27,2.8143420702137675e+26,-4.569538884935919e+26,-1.3719244304211753e+27,8.733917567671745e+26,-1.9823207947948164e+26,2.755062357544994e+27,1.1936556610298453e+27,2.7521488151040524e+27,-1.0618646445753141e+27,1.2749012782957015e+27,-7.547803186508117e+26,1.3166512205484987e+27,-1.2856847949165634e+27,2.2160198276884858e+27,-2.5993466717575324e+27,-5.88981382359489e+27,-5.846036701008255e+26,4.597562893825782e+26,5.594136094923409e+26,3.585969483360387e+26,-1.415729248294766e+27,2.57323694309369e+27,-1.6228352018619376e+27,2.0928394561989345e+27,-9.208204127941996e+26,9.156638867902398e+26,9.279879643565375e+26,-2.089020402141861e+26,1.182312332714863e+27,1.2522268396646358e+26,-1.194426327251718e+27,-3.7770700323542755e+26,1.5658130999082697e+27,1.882553757564334e+27,5.7641248759858114e+26,9.981276353472496e+26,-2.937805158752729e+26,-1.1037534500915606e+26,-2.6568441216017563e+26,-5.005405062296575e+26,-5.018868648434785e+26,-2.540000980268414e+26
2.764025624670555e+27,-6.940072562787566e+27,2.616082371884543e+27,8.861168420392892e+26,2.598705612618434e+27,5.213189264881403e+27,-7.801640717576127e+26,-5.340074166476985e+26,-2.1347758736928264e+27,-2.3367285279135967e+27,-6.1628584300547256e+26,-1.2362831290805364e+27,-5.1390535671216995e+26,-4.122284275727445e+26,-2.2488495878652092e+27,2.0549583519657104e+26,6.614798517110863e+25,4.767299495825892e+26,-2.5482736782198344e+25,-1.1983355012956485e+26,1.0220214769860647e+25,2.8296490231237614e+26,4.731833986651592e+26,1.0790772944888974e+27,1.333034006495182e+27,3.964995256787654e+26,2.9007908506711243e+27,-5.200962306543154e+27,-2.4082614012384375e+27,-1.8071490595086944e+27,-1.7558767503655417e+27,-2.555388164155925e+27,5.949364087971517e+27,7.039708230229245e+27,-1.007956184537772e+28,-1.3546923179948176e+27,-2.306480218779841e+27,1.0961927286852237e+27,-4.669122373184335e+27,1.842716980682972e+26,6.085516821304082e+26,5.654781015910361e+26,1.4674683797267213e+26,5.746472997802515e+26,5.4303853686120623e+26,-6.244987177489489e+26,-2.8904417678707894e+26,-3.266083968730426e+26,-1.3226196183995288e+26,-5.272279250704997e+25,-8.884868533590613e+26,-3.3280483776800345e+26,-3.716223137802714e+26,-4.1382268212552835e+26,-3.36148693602979e+26,4.496808125381513e+25,1.030244452114995e+26,3.35592795288706e+25,1.4037741997662464e+26,2.141232489072409e+26,3.363445345929679e+26,3.5288485734228094e+26,3.8457554130519085e+26,1.2787345354861867e+27,4.3530526384751714e+26,2.0112390710369134e+27,7.673114655382185e+26,-2.8458920365821028e+26,-4.354965636126036e+26,4.1010291035764815e+26,3.2867708243937485e+26,4.310740003642625e+26,8.902923409427187e+26,1.251476872106593e+27,2.2895051219630872e+26,-1.6828660813966e+27,2.1652201276315556e+27,2.68880702729614e+26,-7.198111507944511e+27,1.1936556610298453e+27,1.0257207074643373e+28,1.333616016132589e+27,-9.45944661321105e+27,2.1255591221782968e+26,-7.234158254617052e+27,4.463559297354872e+26,-1.0514466894772047e+28,9.01190880932439e+26,-8.05150731562936e+27,-3.3904730728460876e+27,2.538784834530537e+27,3.0344404350352167e+26,-1.852534471505839e+27,3.8337404720492346e+26,1.0133632085252175e+28,2.4321233687806367e+27,7.938168355818154e+27,1.906776544510402e+27,4.231344921426661e+27,1.0622928872063905e+27,-2.9269606114658017e+27,-1.48973750629252e+26,-4.1606076215314787e+27,5.3826273670337694e+26,4.3699008545979645e+27,1.6842626961000714e+27,-7.557257270650724e+27,7.329058645149465e+26,5.598967519745738e+27,7.421356243932436e+27,5.714728584207201e+27,3.2225817350124523e+27,1.8999754447932936e+27,2.0454373286871294e+27,2.9536086908777893e+27,4.0026712109011385e+27
1.0456637258330068e+27,-8.706847464576259e+26,9.884027387787489e+26,6.980533073004084e+26,9.383711987010746e+26,1.3837854080524307e+27,3.2693790283302606e+26,5.121970637804372e+26,-1.0815104499149709e+25,-1.4898304616928564e+26,7.539982408352155e+26,-4.346544942256854e+26,-4.9702739163214445e+26,-4.397817827066819e+25,-6.013215304025275e+25,-5.886237246918275e+24,-1.3096549944987118e+26,-6.165296637207059e+25,-4.075042103951208e+25,-9.323956205190965e+25,-4.527370236474677e+26,-1.694931434421516e+26,5.062023556456042e+25,7.091391629808067e+25,-2.9276980430705955e+26,-3.4781127573454785e+26,-5.643754128757468e+26,1.034380072288953e+27,-1.2972584740442515e+26,1.1583404086139022e+26,1.797979918244825e+26,9.751775193294483e+26,1.550173651488884e+27,2.2643760403191473e+27,8.68307656738886e+26,-1.2975951073340057e+25,-1.3149920580071392e+27,-2.2536845078446275e+27,-3.686329113928591e+26,2.23307850621486e+26,2.2044341831558778e+27,1.0587708533017004e+26,-3.989430692916043e+26,3.472067111914286e+26,1.1030001389769761e+27,1.6295659137946567e+26,5.814812519364252e+26,3.982041264376876e+26,3.8558896481186916e+26,9.772232139559325e+26,-3.624072564266501e+26,-3.835789849739214e+26,-1.0072549229883061e+26,2.2378880008978253e+26,-2.6147881626501133e+26,-3.1639040077332696e+26,-3.263816248654308e+26,-2.478536867454368e+26,-2.0722447480825167e+26,-6.662786627010671e+26,-2.5815338678434703e+26,-5.8270698586096195e+25,2.8663813080345336e+26,-4.675168304703805e+26,-4.08683718217049e+26,-1.2005676393810921e+26,1.3257299985417533e+27,-1.1623055600153509e+27,-1.4763709969335186e+26,5.23724031567372e+26,9.992852339126256e+26,1.286684497879531e+27,2.2323005682915577e+27,3.1694104857890867e+27,7.194989000374539e+26,-4.3869386555263125e+26,-2.0737959505134292e+27,1.4365338804371752e+27,1.2521760912053811e+25,2.7521488151040524e+27,1.333616016132589e+27,3.6446194138104046e+27,-1.41699767337243e+27,2.689719978092315e+27,-8.827810001660558e+26,2.2316707892352683e+27,-1.3964761426278444e+27,3.4955914338925936e+27,-2.7596481064591717e+27,-6.446836020313613e+27,-4.937174534137448e+26,2.2418569184414102e+26,4.5702757496110296e+26,1.7512877173257112e+26,-2.029926640022693e+27,1.9179008888095163e+27,-1.9532522266702923e+27,1.4184091524511986e+27,-9.02395543902845e+26,5.0767221707910505e+26,8.283040525377283e+26,2.5942994432484726e+25,1.1180359771243209e+27,-1.619218367116302e+26,-1.3049686072990995e+27,-6.745660492949481e+26,1.7489605542254055e+27,1.4601571614111508e+27,-7.57040852761559e+25,-1.0270294801247802e+26,-1.1146688105287537e+27,-3.6271633704472374e+26,-3.095831159851181e+26,-5.537518848076751e+26,-6.779317267690669e+26,-5.9856530202523485e+26
-5.283279762315621e+27,9.820936104399965e+27,-4.726506511458821e+27,-2.8297558211458973e+27,-3.968707029265408e+27,-5.669593612594465e+27,1.04357024304621e+27,9.402194345643889e+26,2.3781856917066847e+27,2.856395549026047e+27,1.1722880377992427e+27,1.9665906495766096e+27,7.500947836351769e+26,4.128228780788772e+26,2.155393897446088e+27,-1.80896880486521e+26,-2.0007601021273468e+26,-4.290978813544075e+26,6.814690819839541e+25,-1.1692746727076697e+26,-4.125846347021241e+26,-3.318031655343084e+26,-4.301389047804735e+26,-6.916347724845628e+26,-1.1690922870270665e+27,-4.33628287451828e+26,-2.362452729674974e+27,4.2742153462338295e+27,2.1306761107508748e+27,1.8018591760456814e+27,1.4667741119738782e+27,2.479837119115768e+27,-5.31924422931856e+27,-6.600443056994608e+27,9.218089484787717e+27,3.604151057847838e+27,3.186613243030622e+27,-2.4775537753674386e+27,4.465872041400162e+27,1.354017944125098e+27,9.188886505097245e+26,2.3117825132689533e+26,1.2514705964329343e+27,-3.3916361749702066e+26,-7.377311292665143e+26,8.163657093546641e+26,-9.782053712963468e+25,-9.855353225846025e+25,-2.4366071653690375e+26,-2.262569387531191e+24,1.6392228384940713e+27,8.541781576640336e+26,4.1103024892029235e+26,1.8732905370537873e+25,3.7869488603708935e+26,-2.9865466066579762e+26,-1.4348329903756213e+26,2.068802602791107e+25,-1.4069761535576876e+26,-7.967925675025833e+26,-3.344625839461202e+26,-2.4533678639929033e+26,-2.307664984740472e+26,-1.2207315459593487e+27,-4.9647960998190826e+26,-1.7988545379858272e+27,-6.546281281704262e+26,4.433196357015451e+26,1.617719668424727e+26,-1.7917636224285606e+26,-2.3237611116474963e+26,-7.175293272194633e+26,-1.1645873461112457e+27,-1.1570674734846132e+27,6.674878408537129e+26,3.15047661292406e+27,-3.6300050623323006e+27,-6.799030516369902e+26,6.168988364435203e+27,-1.0618646445753141e+27,-9.45944661321105e+27,-1.41699767337243e+27,1.1962015872947442e+28,-1.6918990772589817e+26,6.958594461986476e+27,-8.705159378900223e+26,9.73575225471893e+27,-1.0603196957280217e+27,5.653158962544222e+27,2.994724121277749e+27,-1.7032523497298558e+27,-2.785583593627147e+26,1.1935271339149121e+27,-3.364084311411218e+26,-9.479711927413566e+27,-2.5980419341827633e+27,-6.983363163778258e+27,-1.8740835727837274e+27,-3.250451141215455e+27,-9.622369474258909e+26,1.9605060824901178e+27,2.350580875258343e+26,3.01892120777642e+27,-6.372101052926746e+26,-3.6097395544004394e+27,-1.7172405006826937e+27,6.425102815832695e+27,-8.584542170050872e+26,-5.614865696901909e+27,-7.381821903800445e+27,-5.461508108530989e+27,-2.753299678717677e+27,-1.551697767283362e+27,-1.716311811166423e+27,-2.6293462162587713e+27,-3.7671343596737426e+27
-3.146488196410046e+26,1.2756596299132604e+27,4.5300298562266144e+26,-1.7744666513271415e+25,8.887831542490741e+26,1.248465430645313e+27,6.45491528054555e+26,8.976400205343839e+26,2.4686392910791268e+26,4.284641120573652e+25,1.4561229740248502e+27,-2.7241417781085255e+26,-5.050371147854609e+26,8.737273110511085e+25,2.1635085757115945e+26,1.0169723559597436e+26,-5.517405626795453e+25,-1.736714140392053e+24,6.723166408679874e+25,-1.6826947945996326e+26,-2.3547190371069695e+26,-2.4949415099562306e+26,-4.950634461135233e+25,2.194865447389751e+25,-4.5905144178429887e+26,-3.6159313778589474e+26,-7.143970794419863e+26,1.1545796939539636e+27,2.2072744497456584e+26,3.23089541282925e+26,2.065077912415543e+26,9.157031760822317e+26,1.358516321231249e+27,1.875014996898392e+27,1.8547992573654396e+27,1.1520056868411088e+27,-1.063799627521954e+27,-1.854448501999585e+27,2.140361258084902e+25,1.5888472858960226e+27,3.566235973896407e+27,1.1837953288621067e+27,6.213962845154853e+26,1.2045791786398757e+27,1.313614444595132e+27,6.692792091726149e+26,7.781943356386569e+26,2.225786127039372e+26,1.0631759787583343e+26,1.7830132537184144e+27,-1.5089556907669503e+25,-2.7463140668916093e+26,2.3260966538859075e+26,3.5582849946953954e+25,8.55390702184234e+25,-2.894714901348079e+26,-3.6678381976632476e+26,-1.5649561795053595e+26,-2.2972493306291084e+26,-4.738735175260027e+26,-2.758133453060392e+26,-1.9381687642591615e+26,5.046749195994503e+25,-6.282064409651714e+26,-3.544132183900886e+26,-6.152062127338764e+26,2.7593738053089323e+26,-5.6075051467493325e+26,-1.950747477257063e+26,1.3156646035161796e+26,2.450996293292677e+26,9.33104415513161e+26,1.6896208774301493e+27,1.6760881177630634e+27,1.9158119830284342e+27,4.3745509059885006e+26,-2.483270074374806e+27,1.1243335747341661e+27,8.632964430910539e+26,1.2749012782957015e+27,2.1255591221782968e+26,2.689719978092315e+27,-1.6918990772589817e+26,3.5692657606209854e+27,-2.2195716670489977e+26,2.0116567191834466e+27,-2.9499792676518782e+26,3.181750948106079e+27,-1.8029673470844184e+27,-3.60448831826031e+27,-3.4733019296876434e+26,9.115400247291299e+24,2.5127542788439742e+26,2.7351296290117126e+25,-2.76832023768093e+27,3.690320408615412e+26,-2.2363596373713814e+27,1.5547992420364974e+26,-8.027937541162761e+26,-9.138209502439049e+24,5.3707744818423664e+26,1.1572252071202754e+26,7.975006404833149e+26,-2.505553887451607e+26,-1.0663131675512758e+27,-6.622039499093272e+26,1.7590249658980706e+27,4.332719782200941e+26,-1.0685113068426214e+27,-1.7914779194651269e+27,-1.953758971212415e+27,-5.947307397791151e+26,-2.4660990443487036e+26,-3.96381550128034e+26,-6.396298590071491e+26,-8.565925558040169e+26
-5.871768004179399e+26,3.19144115370794e+27,-1.055943106441908e+27,3.302805783944436e+26,-1.5314868146139203e+27,-3.601442684857494e+27,1.0453895400672585e+27,8.266708905420237e+26,1.9913317819184734e+27,1.899381409832332e+27,5.9291225732327356e+26,1.2203514813758681e+27,4.400619934394676e+26,7.216586007046095e+26,2.152849630671786e+27,1.4969623616747234e+26,-1.161301447223626e+26,-3.114731858137654e+26,1.9762292273350032e+26,-5.890985992785214e+25,-3.7184499766407014e+24,-3.221450051457141e+26,-4.167602583085079e+26,-7.499784852812163e+26,-1.0429887697027961e+27,-3.5247250678645294e+26,-2.0730759996693991e+27,3.915971590441816e+27,2.3473472199978288e+27,1.7121357061822416e+27,1.480008139552579e+27,1.9849066420684843e+27,-4.209317255174728e+27,-4.680374589597464e+27,7.018709417368442e+27,1.5437361374112461e+26,1.852008522118488e+27,-4.053226526955278e+26,3.8680935797353054e+27,-1.2838892143100266e+27,-1.5369611101049871e+27,-1.1964742725137615e+27,-1.0791678356141321e+27,-8.818323706399028e+26,-4.8492139887082056e+26,5.366295960145678e+26,3.301370429339314e+26,4.40605353220017e+26,2.9377264749784436e+26,2.590091519915779e+25,8.121496994626704e+26,2.586239905067467e+26,2.556953893279231e+26,5.01808214526167e+26,2.2520166189424687e+26,-2.653929425009797e+25,-8.044813695576785e+25,-4.0708758684838065e+25,-1.0895603410110346e+26,-3.927185996303039e+25,-2.5182000156180843e+26,-3.169866564672176e+26,-3.2846017254862294e+26,-8.617930571958053e+26,-2.7320324185039957e+26,-1.2946730079331915e+27,-3.7257735389427135e+26,8.743629718054683e+25,4.6105512265405626e+26,-3.740677476618362e+26,-1.8110575752582776e+26,-2.1802472323389615e+26,-5.79063102227353e+26,-7.191978718996966e+26,-7.888116613211725e+26,1.3402230269894195e+27,-1.0877764244031932e+27,-3.456360634552697e+25,5.833108819129852e+27,-7.547803186508117e+26,-7.234158254617052e+27,-8.827810001660558e+26,6.958594461986476e+27,-2.2195716670489977e+26,5.924513007170804e+27,-1.704854475078489e+26,8.35465358387844e+27,-5.826072078409088e+26,7.593653768159979e+27,2.4478604735901109e+27,-1.599529041489276e+27,-4.58152429242504e+25,9.83593920829388e+26,-7.924632633526419e+25,-6.029609430986567e+27,-7.489082601090118e+26,-5.306882997309551e+27,-7.634405658602314e+26,-2.66912324043398e+27,-4.1999504770727854e+26,1.640781179094347e+27,-1.8279787007365174e+26,2.236130019205409e+27,2.2102494310559205e+26,-1.908364862726824e+27,-9.726929776091349e+25,4.4433095551673693e+27,2.916285830476202e+25,-2.3955505383175362e+27,-3.9570274280802305e+27,-3.448961179656431e+27,-1.7780132187817152e+27,-8.102526537630983e+26,-7.15706007416491e+26,-1.0718300574083966e+27,-1.5542979244652023e+27
1.1159448620440927e+27,-9.173056919998079e+26,9.193815298657758e+26,8.66445337771821e+26,6.747500867903627e+26,8.124166635151181e+26,4.2039188581831384e+26,4.84307410823687e+26,1.3617178754578391e+26,3.732642119210073e+24,6.453172560373281e+26,-2.944683696513065e+26,-3.812088183112209e+26,7.517069341788227e+25,1.4070290069450904e+26,6.58737315216803e+25,-2.9928029862127676e+25,-8.40133105475545e+24,2.31892230379123e+25,-7.864636069213285e+25,-1.0335530190588049e+26,-1.3066809265113564e+26,-2.5100135397064955e+25,-9.378757171487222e+24,-2.6590889717901453e+26,-1.9746465262557467e+26,-4.326607507814886e+26,7.047593622060512e+26,1.4952622778369167e+26,1.8770433703304403e+26,1.5811883289292154e+26,5.552477896656801e+26,7.988298792818924e+26,1.266886394343896e+27,8.116684461624746e+26,-3.680508383070989e+26,-9.580883870875673e+26,-8.414298676272416e+26,2.2914414936607464e+25,-1.9092223341703344e+26,1.1941186840119596e+27,-1.8026418824693835e+26,-6.789056151795792e+26,1.2973747564785024e+26,8.694590114872894e+26,2.2845871971403437e+26,6.1232756678518884e+26,4.242763186724253e+26,3.828661601861757e+26,7.828524939006381e+26,-2.8918587783468997e+26,-3.521861316540831e+26,-1.5486555327948518e+25,2.4606712770942575e+26,-1.1737234765026637e+26,-1.420015918866353e+26,-2.3366152691676853e+26,-1.6904684728737277e+26,-1.5339650365132521e+26,-2.03244748449633e+26,-1.62247148740029e+26,-1.2303950515799601e+26,1.1216019673432384e+25,-3.747870215042015e+26,-2.0037507465085564e+26,-3.549052384737799e+26,3.778006364396176e+26,-7.148179321693653e+26,-6.344114008519333e+25,1.5480007706951678e+26,3.412940002586322e+26,9.512770048484847e+26,1.5263142954118106e+27,1.56951238008547e+27,2.7677166109289372e+26,-3.821688493718502e+26,-1.064332287338007e+27,1.1058327683053385e+27,4.872919274711594e+26,1.3166512205484987e+27,4.463559297354872e+26,2.2316707892352683e+27,-8.705159378900223e+26,2.0116567191834466e+27,-1.704854475078489e+26,1.6683344493701384e+27,-3.0545813216447134e+26,2.3955999034517087e+27,-6.738229904981276e+26,-3.3448974702441557e+27,-2.5451504475625693e+26,-1.0112474930538386e+25,1.9286979977950455e+26,-1.2212908002677549e+25,-1.2309858192134074e+27,7.398809251625854e+26,-1.2077059052033152e+27,3.9121145752900804e+26,-5.028590347043688e+26,3.9175700503485605e+25,3.7539016892289166e+26,9.34273502329562e+25,5.163818668361128e+26,-1.3674098235485038e+26,-5.838885407431792e+26,-3.0139210172700078e+26,9.16336111476512e+26,5.728837906411131e+26,-1.4454512877760875e+26,-4.78871788726595e+26,-9.54144941126353e+26,-3.375575052790566e+26,-1.6802559278565528e+26,-2.44956408937418e+26,-3.167646474500609e+26,-3.098355139738768e+26
-8.557795144671361e+26,4.802625280343802e+27,-1.1806667920616578e+27,5.434861764142707e+26,-1.7775230863805835e+27,-4.833158381753634e+27,1.2810075660347224e+27,9.188639152854358e+26,2.6001157101801e+27,2.3494145791556864e+27,5.8189197621716436e+26,1.6755309890321099e+27,7.792954702155196e+26,1.1035904411982549e+27,2.9965243184555885e+27,3.486415394766339e+26,-1.756537216847806e+26,-3.446393411490301e+26,3.9721851105704604e+26,-4.867794535826381e+25,-1.0430548411676473e+26,-4.633804222010741e+26,-6.997485188287996e+26,-1.3415395397737594e+27,-1.6987684554648352e+27,-5.5883784274744514e+26,-3.501632290714654e+27,5.855651237560145e+27,3.4097212385511416e+27,2.3346410875143958e+27,2.0287299147550873e+27,2.472425289429688e+27,-6.000004893234938e+27,-6.743460069476127e+27,1.026426955398774e+28,1.1421867803606023e+26,2.920391627525767e+27,-9.596306104625388e+26,5.297358671887756e+27,-1.5347778810572422e+27,-1.870519944429361e+27,-1.4389054784378428e+27,-1.3425533308760142e+27,-1.0565332753407427e+27,-6.197098308484362e+26,7.223919064611943e+26,4.257133672756355e+26,5.23363191960154e+26,3.1992377782196495e+26,-4.481520839483209e+25,1.1414836562192916e+27,5.161950921467627e+26,3.896139300651995e+26,5.926717455696264e+26,3.647314788252223e+26,-1.0236665110726344e+26,-1.5078017551237134e+26,-5.284724555145906e+25,-1.8519490327067296e+26,-2.8197693689322667e+26,-3.960587607514194e+26,-4.588911429497936e+26,-5.008122393177521e+26,-1.481015635239939e+27,-4.8824088589418616e+26,-2.2987041479135874e+27,-8.44154943465986e+26,1.9906464723974564e+26,5.4891137376303075e+26,-4.99330232866563e+26,-3.616607749614067e+26,-3.466175151692867e+26,-8.664406457740098e+26,-1.3290100402085937e+27,-1.0141690568562642e+27,2.006782037228607e+27,-2.34432240249644e+27,-1.1865138986171187e+26,8.469694450022337e+27,-1.2856847949165634e+27,-1.0514466894772047e+28,-1.3964761426278444e+27,9.73575225471893e+27,-2.9499792676518782e+26,8.35465358387844e+27,-3.0545813216447134e+26,1.2198476169757793e+28,-8.731542199028655e+26,1.190192456783929e+28,3.7206043972127506e+27,-2.7566076041459824e+27,-2.732468755630507e+26,1.854570853035902e+27,-3.3170625235049445e+26,-1.0252074342369597e+28,-2.187729362415592e+27,-8.609105578659681e+27,-1.8935813089004996e+27,-4.586598737202196e+27,-1.0578008631152494e+27,2.912046316014714e+27,8.307323078450374e+24,4.0232882437149773e+27,-2.1869013547622906e+26,-3.891359859761107e+27,-1.0907246823886618e+27,7.123761704539432e+27,-5.319711350678726e+26,-5.177602384835918e+27,-7.57806340855815e+27,-6.265319228636109e+27,-3.4032605931560186e+27,-1.7916656081964325e+27,-1.786736686803749e+27,-2.600097738021075e+27,-3.5844746338631536e+27
9.040271012802354e+26,-3.5276892946534406e+26,1.0730749276804399e+27,7.833865381987872e+26,1.0343138044731394e+27,1.3685088014108258e+27,4.9141343542446185e+26,6.553479984924962e+26,9.484648192929008e+25,-9.31229706172463e+25,9.545788543045341e+26,-4.226126491077723e+26,-5.1988615225524435e+26,3.908410564046574e+25,6.441214811707609e+25,5.2429356222941515e+25,-1.0045078698257528e+26,-3.8001397248901647e+25,6.747231002831454e+24,-1.1383422826108458e+26,-3.558922690097222e+26,-1.823846871401002e+26,1.6147232200300548e+25,5.1739817219886555e+25,-3.516693155817594e+26,-3.2393198982566104e+26,-6.334054705498067e+26,1.0419715091026268e+27,2.9051323527209285e+25,1.9065014385715446e+26,1.811414547583685e+26,8.8419933633088e+26,1.4463356977272007e+27,2.1138418169369515e+27,1.2190480159789951e+27,7.742716629496372e+25,-1.2853470497349602e+27,-2.0834423409724622e+27,-2.034089531781511e+26,5.092955411112318e+26,2.6827638884591935e+27,3.0760181904972053e+26,-3.490246517709816e+26,5.6324615848224505e+26,1.3306508708402726e+27,3.243267506683169e+26,7.560066471247606e+26,4.122227707399377e+26,3.7380504900115715e+26,1.2328533079618626e+27,-3.26912784905019e+26,-3.743286162026758e+26,-1.4955334673082069e+25,1.7043340694952726e+26,-1.6936515018548413e+26,-3.214963227742647e+26,-3.710710704591587e+26,-2.34440037084804e+26,-2.346347221723127e+26,-6.0422933263530996e+26,-2.595749797125803e+26,-1.2106619729541484e+26,1.3683075984213586e+26,-5.838328973142972e+26,-3.7461586134701035e+26,-4.737490044887228e+26,7.438856144804194e+26,-1.0342103142474756e+27,-2.2225719742510058e+26,3.878743436940501e+26,6.534108694238195e+26,1.3320476061651274e+27,2.262724371313274e+27,2.5912663084979855e+27,9.531073278563575e+26,-2.5477075857562344e+26,-2.3621283466429856e+27,1.5090181091136295e+27,3.558050412573914e+26,2.2160198276884858e+27,9.01190880932439e+26,3.4955914338925936e+27,-1.0603196957280217e+27,3.181750948106079e+27,-5.826072078409088e+26,2.3955999034517087e+27,-8.731542199028655e+26,3.672988433773947e+27,-2.1068340843273274e+27,-5.661252948100674e+27,-4.220373521505362e+26,4.997381138288858e+24,3.702867944044816e+26,-1.1129455836375472e+25,-2.5067550741111725e+27,9.659140701565774e+26,-2.1120045294886592e+27,6.122435119861635e+26,-8.813559137884774e+26,8.823552990304608e+25,6.987697920659514e+26,2.118796393334838e+26,1.0164318496095922e+27,-4.025422522502392e+26,-1.3509965625217467e+27,-9.018020001881546e+26,1.764470406852175e+27,8.409494768189024e+26,-8.403936851940489e+26,-1.2071852348565329e+27,-1.7158976904521637e+27,-6.178025781944197e+26,-3.9793388752967124e+26,-6.255860048976986e+26,-8.649971925391818e+26,-9.730247296199574e+26
4.028525951619402e+27,-2.714293298508964e+27,2.246765945831082e+27,3.4889239771883164e+27,3.01446638734447e+26,-2.6544986189450647e+27,1.4039758304819713e+27,6.726795995582229e+26,2.030571878715817e+27,1.0966453959966869e+27,-2.9436259109711184e+26,1.8370304175684931e+27,1.3364423023439138e+27,2.098562613318081e+27,3.0956635443924156e+27,1.5929006690742823e+27,1.4944388056476426e+26,6.268126210537606e+26,1.1627078538409863e+27,-4.051066807331163e+26,4.587204267243673e+26,-8.240501210051847e+26,-1.5483251745876607e+27,-2.328456823718215e+27,-2.759599399410278e+27,-8.632589876607416e+26,-4.828321322350306e+27,4.891762918144674e+27,4.229923828444769e+27,2.1032347933689175e+27,1.3907233019951272e+27,3.653450374760806e+25,-4.734220542193115e+27,-4.9329812015849997e+27,6.807706335029019e+27,-3.489475878849198e+27,3.469785532814023e+27,2.2471482940987167e+27,4.3774145783789637e+27,-4.819678656004964e+27,-5.98639576293271e+27,-3.3815120827307314e+27,-3.826968615653309e+27,-2.2323165867404377e+27,-1.0419344740016782e+27,5.956997318920939e+26,5.4551137024669535e+26,9.235984480839079e+26,6.942201472524274e+26,-8.205367387109804e+26,1.1328993363205036e+27,7.13597971055072e+26,4.354873242722099e+26,9.938353876586519e+26,5.436473500907463e+26,-4.5622279640039233e+24,-1.84146721212813e+26,-6.594597079373475e+25,-2.8848643760384217e+26,1.8008555015313076e+26,-5.3363097170840284e+26,-7.96697915087789e+26,-9.988388740667401e+26,-2.1097586030063275e+27,-5.8568926137710544e+26,-3.435569687396164e+27,-1.8170289303821192e+27,3.3955726051748243e+26,8.514584475694923e+26,-9.337602618755576e+26,-8.930626460157998e+26,-4.2350902830844136e+26,-1.3410038850244662e+27,-2.796288727775365e+27,-3.289631359234875e+27,1.5080550659443555e+27,-8.677535371281934e+26,-1.3090958906706312e+26,8.576322000584642e+27,-2.5993466717575324e+27,-8.05150731562936e+27,-2.7596481064591717e+27,5.653158962544222e+27,-1.8029673470844184e+27,7.593653768159979e+27,-6.738229904981276e+26,1.190192456783929e+28,-2.1068340843273274e+27,1.993237337525337e+28,7.425477958589185e+27,-2.9995489730091335e+27,-5.347428685123191e+26,2.0217672642429964e+27,-5.533780308813858e+26,-7.475396958134288e+27,-2.861119545471894e+27,-7.369144750618216e+27,-2.9539007343610584e+27,-4.765718120752927e+27,-1.71956292728027e+27,2.607361238034844e+27,-3.66648208511564e+25,3.294863073355429e+27,4.0730341405501984e+25,-2.547623072350498e+27,-1.3799608504360569e+26,3.763231242754442e+27,-1.0305598087469677e+27,-4.0893302392173797e+27,-7.466410444433616e+27,-7.051474506281717e+27,-4.323557636612107e+27,-2.095407534228303e+27,-1.6522961473985745e+27,-2.11416307863586e+27,-2.7483106053169744e+27
-1.7100268935674895e+27,1.5121355149051344e+27,-1.881421090413778e+27,-1.1477045683337385e+27,-1.860538489646081e+27,-2.6355348619905557e+27,-4.88475312951731e+25,-3.891060644468459e+26,3.744385568450815e+26,6.14709324587122e+26,-5.014034389448095e+26,1.0300852455903564e+27,8.50812705564829e+26,3.51491023937072e+26,5.097689794575496e+26,2.9576010802345927e+26,6.456705254539191e+26,4.0033501903378264e+26,1.621395584338858e+26,-1.1687335267700926e+26,1.633554438974998e+27,-1.218144928030589e+26,-4.838564698596463e+26,-3.0490721123715783e+26,-2.715344006437368e+26,2.928494114479318e+26,3.872258674778869e+26,-1.3997038670738073e+27,7.828684574468424e+26,1.3583632848266624e+26,-1.4225488235922697e+26,-1.4196924947270384e+27,-2.928098260705751e+27,-4.1358635731446826e+27,-2.641858292294168e+26,2.2761613025250707e+26,2.2649925087776964e+27,6.060934938008188e+27,1.2885501580935156e+27,-4.9812250779306456e+26,-3.7128691053489955e+27,-2.5568364701166733e+26,4.6574535524330045e+26,-5.1022321134582284e+26,-1.5865205679015113e+27,2.3660967574279775e+26,-5.450868953263843e+26,-3.412426260796849e+26,-4.8844621584720625e+26,-1.0112397629556097e+27,9.886487320816901e+26,5.560122813268248e+26,5.9897550842447704e+26,-5.006938236516271e+25,9.476796945845593e+26,6.461978571365535e+26,3.126107551888344e+26,3.442365951607566e+26,1.0123494428592723e+26,1.9026704925237132e+27,1.5418853007094309e+26,-4.5926617634275964e+26,-1.0511272526638612e+27,8.190068696745706e+25,5.9013330961365064e+26,-9.54817855193664e+26,-3.3488946679344295e+27,2.1632843817067478e+27,4.898376569562104e+26,-1.4897138095294786e+27,-2.3947663036246602e+27,-2.041682444133222e+27,-3.681469455634985e+27,-6.368998665993441e+27,-9.747268572968352e+26,1.3319107350124224e+27,4.002712211489106e+27,-2.1435884614200083e+27,1.5095231031579146e+27,-5.88981382359489e+27,-3.3904730728460876e+27,-6.446836020313613e+27,2.994724121277749e+27,-3.60448831826031e+27,2.4478604735901109e+27,-3.3448974702441557e+27,3.7206043972127506e+27,-5.661252948100674e+27,7.425477958589185e+27,1.4370527249662836e+28,1.015064985878658e+27,-5.865691490946075e+26,-1.0771092051239442e+27,-4.0524574892431176e+26,3.9040543433454673e+27,-3.777651069964729e+27,3.290723019797525e+27,-3.351920705971106e+27,1.7506042143509573e+27,-1.3656764623787963e+27,-1.8078619994631933e+27,-1.3202732478654541e+26,-2.514897439001669e+27,6.629172865160291e+26,3.278652309734393e+27,2.1169991632141836e+27,-3.314445007714343e+27,-2.869529685261657e+27,8.221799886630851e+26,-3.790957466560294e+26,1.0484277608157595e+27,3.835805147736738e+26,8.438213924312516e+26,1.6029057591404366e+27,2.0235259614277614e+27,1.952413991699921e+27
7.205475600073519e+25,-1.1206009931748431e+27,-8.470227663071196e+23,-1.643378533644369e+26,2.5251140953339075e+25,6.645984078215662e+26,-1.2896204261625117e+26,-5.316855445071136e+25,-3.1103477254986764e+26,-2.2954543399921556e+26,-9.273203633199486e+25,-1.5302657191468759e+26,-1.5331550288684233e+26,-1.650646377769552e+26,-5.0861118226415214e+26,-1.1825240705447729e+26,1.1497649219719507e+26,-6.435068184710179e+25,-1.95884158097866e+26,-6.362354545750642e+25,4.1581232476303706e+26,1.9957664818878393e+26,3.8766745447437666e+26,9.987339870777991e+26,9.196716409561501e+26,4.785429643331304e+26,2.1776153957484196e+27,-2.633761845211505e+27,-7.613777017564954e+26,-3.939789434540713e+26,-4.025320445731555e+26,-5.685488670476779e+26,1.1096465849989214e+27,1.1993494353710914e+27,-3.4678124551081643e+27,-3.1503988262416085e+25,-4.844633773922519e+26,1.5992992145065736e+27,-9.180472145746174e+26,1.3071485235872862e+26,-1.2707505281959617e+26,1.2179653539099836e+26,1.80539635316468e+26,4.873199736652949e+25,-1.868088057933436e+25,-1.3630619131775175e+26,-1.2652142872017375e+26,-1.2079505978575856e+26,-7.021407751346167e+25,-1.1888491247208026e+26,-1.2476381845086693e+26,-8.116299944798445e+25,-8.626750818707012e+25,-1.5910649129787818e+26,-5.2769245775826745e+25,9.326687270909974e+25,7.633516972305496e+25,4.965697741336061e+25,5.80021123712729e+25,5.149400531595316e+26,2.110461796392691e+26,6.43251313768563e+25,-2.1236153435853167e+26,6.0086201389313005e+26,4.392410680107152e+26,5.409315263999386e+26,-5.780781803498916e+26,1.646885435774382e+26,-1.4895437527348157e+26,-3.8509540563752547e+25,-3.541260631104372e+26,-8.823308744943692e+25,-1.8475542321169545e+26,-7.219936093085463e+26,-4.3625346446695473e+24,-3.0596470174087615e+26,1.6196386336133712e+27,-1.53470831578721e+26,-2.421499845775204e+27,-5.846036701008255e+26,2.538784834530537e+27,-4.937174534137448e+26,-1.7032523497298558e+27,-3.4733019296876434e+26,-1.599529041489276e+27,-2.5451504475625693e+26,-2.7566076041459824e+27,-4.220373521505362e+26,-2.9995489730091335e+27,1.015064985878658e+27,2.112678927543362e+27,-2.7812839752093405e+26,-1.7898911879736857e+27,-2.0847327649012406e+26,5.407967730835614e+27,-7.578508702470319e+25,4.699103465424013e+27,-2.3941151677860396e+26,3.1341926779296595e+27,-1.6375319932303978e+26,-2.5046844999266396e+27,2.1875059137808327e+26,-3.201742069269483e+27,1.0331762046149174e+26,3.175813034823458e+27,1.187531501848537e+27,-3.970341141286403e+27,-5.346184214440285e+26,2.5537916985392373e+27,3.023255257952359e+27,3.0033123104618524e+27,1.8365125860866487e+27,1.2763689551882347e+27,1.5340212227105715e+27,2.0031633737666372e+27,2.3434345890049314e+27
1.9444764715921018e+26,-6.302814959834829e+26,-1.1236169793518372e+26,-9.519799190300146e+25,-7.875986970067835e+25,1.2762316642081362e+26,1.4571509210981377e+26,2.0138432429129584e+26,7.980231767404118e+25,8.332442687069325e+25,2.9328506939457487e+26,4.161639294644781e+25,-8.439715050698428e+25,3.0212041609678772e+25,8.56435507641766e+25,4.850416745048786e+25,-8.099959727255364e+25,4.979979122805115e+24,1.9187527868457052e+25,-5.082316692661361e+25,-1.5226837848314877e+26,-1.1108068807742192e+26,-2.2124243981464896e+25,-6.846190019126614e+25,-4.142389083836221e+25,-1.9154709114325216e+26,-9.350827118079474e+25,5.692018703001787e+26,1.0410648950724274e+26,1.4392164517032786e+26,1.7444869986909232e+26,5.0235563833791995e+26,2.8245119723583297e+26,4.6470456625211796e+26,1.7189686053013635e+26,1.1456690379259873e+26,-2.5648473037319075e+26,-2.040153943288553e+26,6.973554838074863e+25,-2.4359175178076425e+26,-2.9358287209538904e+26,-1.3862529381374186e+26,-6.705124068511803e+25,-8.408984907561465e+25,-1.1658883041861809e+26,7.623955953490805e+25,1.1141770883315238e+25,6.7044676181809645e+25,4.938986980106645e+25,1.8521589037372134e+26,6.3025831752242315e+25,-1.1429880056614753e+26,2.245602230000537e+25,1.4231669208986756e+26,8.220646600548482e+24,8.766503119621286e+25,7.646919077802896e+25,2.6876152502024302e+25,8.254516399199245e+25,8.842555729566257e+25,8.153042741020559e+24,4.794382456136867e+25,3.051896751534667e+26,3.512281685137576e+26,-2.9273872610300916e+25,9.065540609465423e+26,9.116608385730529e+26,-4.999641691601877e+24,2.118323836708505e+26,-9.025594415283466e+25,2.6680646325021943e+26,-5.62354515179592e+25,-3.6398093083472532e+25,7.119619674241311e+26,3.8467861193958777e+25,-3.540109801561172e+25,7.034632012651666e+26,-1.1899345759511914e+25,2.3882548127793058e+26,4.597562893825782e+26,3.0344404350352167e+26,2.2418569184414102e+26,-2.785583593627147e+26,9.115400247291299e+24,-4.58152429242504e+25,-1.0112474930538386e+25,-2.732468755630507e+26,4.997381138288858e+24,-5.347428685123191e+26,-5.865691490946075e+26,-2.7812839752093405e+26,6.976974822380299e+26,1.5097635191686789e+26,7.063383153035413e+26,8.77619822766655e+26,2.2203950118475033e+27,-1.2363873746682913e+26,1.8160933575509621e+27,-1.413875169768802e+26,1.1902019734891313e+27,2.8322446218900895e+26,-7.799096243004593e+26,5.722482093615459e+25,1.1171275734695885e+27,6.905390112487026e+26,1.2933458314469385e+27,6.381678533075581e+25,1.3196261620293186e+27,2.2588431844731782e+27,2.543848201289054e+27,1.371388764355752e+27,9.295589752754343e+26,6.904244006156094e+26,7.776007287676434e+26,1.1368712408300123e+27,1.5559208648685418e+27
-2.238340621632988e+26,1.103520542316137e+27,-3.828025000595284e+25,5.56996652090949e+25,-1.3829313859157893e+25,-4.9053572251638855e+26,-4.434753368505119e+24,-7.639261266498646e+25,1.151041872077146e+26,9.595478111359754e+25,-4.886724835514799e+25,4.245185417157322e+25,9.891450809420478e+25,3.56707249812961e+25,2.1872966751490226e+26,2.083533376015111e+25,-4.990553330207546e+25,8.450158282560833e+25,1.0094167560400214e+26,6.9219944485628125e+25,-3.617544599768381e+26,-1.2108743919438855e+26,-3.558163015449387e+26,-8.789212583061e+26,-8.151681812739452e+26,-3.949572193552481e+26,-1.890639396037723e+27,1.8762512945421038e+27,3.796318704937581e+26,1.3418599209333721e+26,1.457715172397076e+26,2.1322420484645626e+26,-8.247109900906756e+26,-9.611904967306619e+26,2.593065185720392e+27,5.440997646202164e+25,3.39046549874274e+26,-1.4466939716134766e+27,5.113900676114758e+26,7.980698982684798e+25,3.0184248448512055e+26,2.3248807844742097e+25,-2.2537576499868895e+25,2.9655116637074214e+25,4.415793397040191e+25,5.664026416429625e+25,5.750909958712218e+25,4.425226227656023e+25,1.2846787254013045e+25,1.3493009535999004e+25,4.384091077408253e+25,5.606707193457926e+25,5.922406627240875e+25,7.2728330401653315e+25,2.809037004771876e+25,-9.384902347789128e+25,-6.7450145005859305e+25,-4.591418807427158e+25,-4.895229525135906e+25,-5.334319058669494e+26,-1.9228691720994925e+26,-2.1244364293167117e+25,2.151853657496512e+26,-6.057214956695451e+26,-4.355029794077893e+26,-5.976089194434416e+26,4.716215010323944e+26,-1.477253832687756e+26,6.839395253154141e+25,9.634935701598762e+25,3.3518160637327924e+26,7.890803361994368e+25,1.850197014612552e+26,6.305477547753383e+26,4.044046924599075e+25,1.8206525493661205e+26,-1.584020653441592e+27,1.0754334813571299e+26,1.58285394147053e+27,5.594136094923409e+26,-1.852534471505839e+27,4.5702757496110296e+26,1.1935271339149121e+27,2.5127542788439742e+26,9.83593920829388e+26,1.9286979977950455e+26,1.854570853035902e+27,3.702867944044816e+26,2.0217672642429964e+27,-1.0771092051239442e+27,-1.7898911879736857e+27,1.5097635191686789e+26,1.6489619814225753e+27,6.544788661105501e+25,-4.7949335520283223e+27,-3.0449026042934667e+26,-3.891454599487221e+27,-3.453046903538298e+25,-2.7229777529572903e+27,-3.7319976850823105e+25,2.211149077507526e+27,-3.546744316387514e+25,2.9213292436640834e+27,-4.087238582498053e+26,-3.1648945352575596e+27,-1.5357096217597176e+27,3.4135909371529116e+27,2.544651360649573e+26,-2.772154611325388e+27,-3.0498913267556546e+27,-2.863606955405925e+27,-1.9014043761703523e+27,-1.4341545520223096e+27,-1.7215016479465e+27,-2.2068904169473653e+27,-2.553380613132032e+27
2.1803714559608687e+26,-6.845544125002337e+26,-9.143650514805133e+25,-7.7258286007498125e+25,-6.649657571167932e+25,1.6501067223442995e+26,1.5695804571415853e+26,2.0874269773700206e+26,7.183689364387479e+25,7.0775318500967275e+25,3.0193473872479428e+26,4.493227907366013e+25,-7.5265605747470965e+25,4.4753289438158135e+25,8.368134811590577e+25,6.803994938228062e+25,-7.983604560905646e+25,1.2621565542220635e+25,2.520628518275497e+25,-5.935583509700309e+25,-1.2603077482308816e+26,-1.1937192736008008e+26,-9.778932423910896e+24,-3.7443143582415226e+25,-1.9704722209901878e+23,-1.8418312027853346e+26,-2.7744110076086195e+24,5.189685136407496e+26,1.0612653719563699e+26,1.4571277447493259e+26,1.78634984831063e+26,5.067492845954118e+26,3.299116110248732e+26,5.238574515410351e+26,5.97159127278233e+25,9.698419831770384e+25,-2.5608609435740346e+26,-9.820094893241704e+25,4.8666874358516825e+25,-2.3710177247255902e+26,-2.8278377352365643e+26,-1.3461397683586818e+26,-7.811871415629013e+25,-7.451494798920328e+25,-9.838332347745607e+25,8.007002956788419e+25,1.783612972731427e+25,6.1467891197157235e+25,4.718572097781696e+25,1.9400009356938443e+26,6.942245288077828e+25,-1.0162667077777436e+26,2.5696010267690195e+25,1.283093935743823e+26,2.5370715314996067e+25,9.920045021934338e+25,7.5998541639064476e+25,3.538423562740221e+25,8.344188774920655e+25,1.4637585779903816e+26,2.6470069110552006e+25,3.771435383368625e+25,2.8694990688992508e+26,4.161361677825195e+26,1.1976224485894945e+25,9.746550239158243e+26,8.344833630889593e+26,2.5885624460963273e+25,1.9898113134741046e+26,-1.2281133175833676e+26,1.9903508810825857e+26,-5.773387941139096e+25,-4.5760098306271505e+25,6.1506448087276004e+26,3.91277437044549e+25,-2.104524539889133e+25,8.121220696934432e+26,-1.4788382428286847e+25,1.9678598875194174e+26,3.585969483360387e+26,3.8337404720492346e+26,1.7512877173257112e+26,-3.364084311411218e+26,2.7351296290117126e+25,-7.924632633526419e+25,-1.2212908002677549e+25,-3.3170625235049445e+26,-1.1129455836375472e+25,-5.533780308813858e+26,-4.0524574892431176e+26,-2.0847327649012406e+26,7.063383153035413e+26,6.544788661105501e+25,7.354108941441165e+26,1.1567420050267144e+27,2.2319568856827311e+27,6.449570406721174e+25,1.8110145546615238e+27,-4.296501585826797e+24,1.219147300011733e+27,1.7776611013019562e+26,-8.114479685147662e+26,-1.133182892138392e+26,1.2035173481731218e+27,9.305507168662511e+26,1.4643748698913778e+27,-1.2444371411295739e+26,1.2878590660993173e+27,2.4729573821968548e+27,2.745257207641488e+27,1.5701344889233978e+27,1.1022882477029959e+27,8.451791587055147e+26,9.555184992470105e+26,1.3457537419186337e+27,1.7785288045154824e+27
3.964779354531802e+27,-1.0316415034346675e+28,1.5897658362151852e+27,1.1358461805438803e+27,7.10593552966315e+26,3.2383982117528253e+27,-2.6896703574324567e+26,-1.5202353755613286e+26,-1.387694464181903e+27,-1.2231072512150007e+27,-4.247478130210738e+26,-7.778293282907683e+26,-6.975727100284976e+26,-3.680722863289805e+26,-1.730196354188592e+27,-2.1623853370920646e+24,3.5893784796804185e+26,1.6983562590466782e+26,-3.548003872498868e+26,-1.5332516963497866e+26,1.4749743448358345e+27,4.254990223802356e+26,9.445039223869451e+26,2.2975041341553775e+27,2.701517063253533e+27,1.1181324852724062e+27,6.270645543048886e+27,-7.425390002328642e+27,-2.1494202881751648e+27,-1.3618352210612727e+27,-1.308052728626402e+27,-2.030341002972011e+27,4.4825601182922876e+27,5.40240477140238e+27,-1.275418302443232e+28,-2.5392243129941054e+27,-2.6356846343909863e+27,7.228145171283863e+27,-3.4414733429082316e+27,-2.848585055772398e+27,-4.671344858862808e+27,-1.649879647090488e+27,-1.536040513391739e+27,-1.1686018290879607e+27,-7.922270967468163e+26,-6.164062884635789e+26,-3.4495805425261034e+26,1.4575694586317987e+26,2.8530641515396188e+26,-7.161729482115866e+26,-7.6843197832845e+26,-8.611616175186578e+26,-3.679568061302658e+26,2.337952735707326e+26,-1.900651415195663e+26,8.767609796032868e+26,5.687969547939716e+26,2.246311483338838e+26,4.3539355301032696e+26,2.736576405787095e+27,8.296127903135386e+26,2.2716274110905035e+26,-1.3549176408012199e+26,3.081515433230159e+27,1.5956874556526073e+27,4.132313493222234e+27,1.0494615447741997e+26,5.3195718689338516e+26,3.636294336457056e+26,-6.4639934506333e+26,-7.183606122945117e+26,-4.612939763230138e+26,-1.0322421107700007e+27,-1.3375899919373905e+27,-1.915150437163833e+27,-2.4638155839722027e+27,9.649202833280722e+27,-5.292428364374036e+26,-7.428478930006897e+27,-1.415729248294766e+27,1.0133632085252175e+28,-2.029926640022693e+27,-9.479711927413566e+27,-2.76832023768093e+27,-6.029609430986567e+27,-1.2309858192134074e+27,-1.0252074342369597e+28,-2.5067550741111725e+27,-7.475396958134288e+27,3.9040543433454673e+27,5.407967730835614e+27,8.77619822766655e+26,-4.7949335520283223e+27,1.1567420050267144e+27,2.172726477806858e+28,5.620253396724905e+27,1.5699876585696646e+28,3.795062465956655e+27,9.283384676074538e+27,2.474655027683495e+27,-6.832022238421709e+27,-1.4924739791026638e+27,-9.91818529647536e+27,3.610435179992465e+27,1.2491758682276645e+28,7.91157514891384e+27,-1.4063432298115048e+28,1.6268347699666498e+27,1.5298170191778116e+28,1.7610234437841725e+28,1.3970584688200103e+28,8.241096972978332e+27,5.861052618585449e+27,7.091693060555467e+27,9.784376955037059e+27,1.2303668197400571e+28
2.2251796236889013e+27,-4.710580344489815e+27,3.165781113854399e+26,4.0466161962296714e+26,3.3720055708644857e+25,1.0478392851974048e+27,6.912839623974205e+26,9.474615894576615e+26,3.0183444068171282e+26,2.709330674421505e+26,1.260900318996723e+27,-5.198569900955158e+25,-6.294867694086238e+26,1.0461598445751882e+26,2.8207860562589026e+26,1.4750933541977306e+26,-2.1392005650626042e+26,-7.486256830213778e+25,-5.454570879552436e+24,-2.0033437747814978e+26,-2.1144720741142588e+26,-3.399902240771712e+26,1.3140737873109988e+26,2.4476961180400163e+26,1.651242669157112e+26,-4.717455438093068e+26,5.165164215782482e+26,1.2425142940702264e+27,2.6685910223060573e+26,5.3347541549336825e+26,6.355131019868071e+26,1.8755260486341888e+27,1.707121663987868e+27,2.739673631225335e+27,-6.477757404562829e+26,-3.639785244476064e+26,-1.7760780130915055e+27,2.4469388712006185e+26,5.405706022527479e+25,-1.9990204304371427e+27,-1.8459862083628703e+27,-1.271779054879325e+27,-1.1219608570636775e+27,-7.795584301584187e+26,-2.9562655827058755e+26,2.840767817046987e+26,3.159986279406062e+26,6.649367740750018e+26,5.669393285761025e+26,8.270567317443832e+26,-6.587333980455584e+25,-8.069497844527205e+26,-4.147201668356267e+25,8.791231633787281e+26,-1.93242041251166e+26,3.002309710167165e+26,1.567755904495138e+26,-7.586464221837667e+25,1.672668244202467e+26,6.427431863068036e+26,-3.688131593055326e+21,5.753523620815128e+25,8.2994761883885e+26,1.2026808257311564e+27,2.8288377326628335e+25,3.0705207856013465e+27,3.4522055622888284e+27,-6.645809360421811e+26,8.558474022384892e+26,-1.1702766031491834e+26,1.331431427588762e+27,3.378743160375631e+26,6.46894133720819e+26,3.520638831936244e+27,-3.469588446392515e+26,-8.573235815749937e+26,3.366419504964475e+27,5.950502030129569e+26,2.751327008013839e+26,2.57323694309369e+27,2.4321233687806367e+27,1.9179008888095163e+27,-2.5980419341827633e+27,3.690320408615412e+26,-7.489082601090118e+26,7.398809251625854e+26,-2.187729362415592e+27,9.659140701565774e+26,-2.861119545471894e+27,-3.777651069964729e+27,-7.578508702470319e+25,2.2203950118475033e+27,-3.0449026042934667e+26,2.2319568856827311e+27,5.620253396724905e+27,8.847865216167501e+27,1.34844914222713e+27,6.820003995193733e+27,7.998174264324687e+26,4.081631508066081e+27,-8.005357056829044e+25,-2.510783413907145e+27,-1.1714901088212031e+27,3.9423301270699517e+27,3.913224257200064e+27,5.245145358496849e+27,-1.414282004826334e+27,5.183559371087603e+27,9.837953260080355e+27,1.086213618258134e+28,5.973617580249138e+27,3.939547177938518e+27,2.92679526881799e+27,3.393595180617655e+27,4.982291622005358e+27,6.824449831032815e+27
1.7472112415797567e+27,-5.877043079846799e+27,8.45676811483433e+26,3.5080043021691895e+26,4.693790506670125e+26,2.3223523796880717e+27,-6.724685378225678e+26,-6.149821647424928e+26,-1.4283544638233437e+27,-1.1705758587928105e+27,-8.962661642395553e+26,-7.913909124681063e+26,-4.7655797002514306e+26,-5.92253154636116e+26,-1.8506118994494676e+27,-3.028394538754836e+26,3.4012675555664224e+26,3.2593469133938514e+25,-4.770185406945177e+26,2.1622294614878576e+25,1.143961734636963e+27,6.062259403774297e+26,9.169664395618326e+26,2.0614168981054453e+27,2.4323409018843415e+27,1.1956526910400464e+27,5.382936588913374e+27,-6.998274877449852e+27,-2.3673506656929803e+27,-1.5472086970127723e+27,-1.4329542602492952e+27,-2.284724950392005e+27,3.288036314191697e+27,3.5999241451579353e+27,-1.060101172342106e+28,-1.507855141905827e+27,-1.775497312844262e+27,5.164276891878866e+27,-3.213699040147185e+27,-9.397736879394655e+26,-2.316644576832274e+27,-4.550075261675405e+26,-3.540433363692759e+26,-4.095762389099641e+26,-4.3481819307488026e+26,-7.00652765795574e+26,-4.9726847933585146e+26,-2.6061122166136816e+26,-8.242798933799195e+25,-9.030767822908941e+26,-7.210840662553205e+26,-4.667831898006874e+26,-3.460795263902775e+26,-2.7425788868140605e+26,-1.844463026813104e+26,5.56193533163717e+26,4.1623808322106495e+26,2.0184610074578204e+26,3.207793839440479e+26,1.7969762675925542e+27,7.096442212161132e+26,2.9175795325440543e+26,-2.650049262383028e+26,2.1797597402915568e+27,1.278985879555227e+27,2.4608848295834833e+27,-9.073234218968777e+26,5.829508768749992e+26,-1.4998792627115699e+26,-2.782243621685927e+26,-8.622346042872709e+26,-4.4731754256816756e+26,-9.007116469000159e+26,-1.9299586504607675e+27,-1.08339230378588e+27,-1.8169669847051147e+27,6.296385396476739e+27,-6.453864935689204e+26,-7.104673085377779e+27,-1.6228352018619376e+27,7.938168355818154e+27,-1.9532522266702923e+27,-6.983363163778258e+27,-2.2363596373713814e+27,-5.306882997309551e+27,-1.2077059052033152e+27,-8.609105578659681e+27,-2.1120045294886592e+27,-7.369144750618216e+27,3.290723019797525e+27,4.699103465424013e+27,-1.2363873746682913e+26,-3.891454599487221e+27,6.449570406721174e+25,1.5699876585696646e+28,1.34844914222713e+27,1.2738794973583633e+28,7.421909846311232e+26,7.584918157146935e+27,5.4787155182204566e+26,-5.653266819506434e+27,-1.3185126748515722e+26,-7.665275730296316e+27,1.1640039885724082e+27,8.398480059931739e+27,3.9742773501036784e+27,-1.0835908839039305e+28,-5.746495275706463e+26,8.532389798235148e+27,1.0483137522854472e+28,9.480629799510567e+27,5.370343626950214e+27,3.578471253909908e+27,4.273958784541555e+27,5.804907419970145e+27,7.144844741939158e+27
1.2593513309542455e+27,-2.9933847117796423e+27,6.553294342965929e+25,5.169247919154973e+25,5.734643216271713e+24,7.861799076480261e+26,3.771332313582664e+26,5.8471048446581446e+26,1.251836649278311e+26,1.2735184678305759e+26,8.157137781866335e+26,-9.08093995753775e+25,-4.647686110304774e+26,-1.226183922087409e+25,9.070631423531946e+25,3.1458298098405996e+25,-2.5970731899404334e+26,-1.1481566391839691e+26,-3.739025750043404e+25,-8.86150411131564e+25,-3.859560659810243e+26,-1.860734652397909e+26,1.7352131901089298e+26,1.7904762364886215e+26,2.5647646590546598e+26,-3.414844659634295e+26,4.165395789330733e+26,1.0246896942035991e+27,4.333991877136148e+25,3.148846232107388e+26,4.545641757224991e+26,1.4489227151255148e+27,1.3098116602249693e+27,2.028308456578697e+27,-4.782544690127953e+26,-4.5829409024602485e+25,-1.2989861321629745e+27,-4.682578694110867e+26,-1.1039867382377953e+26,-1.1354811270621289e+27,-1.055677330738771e+27,-6.981214936458932e+26,-5.3000036770550966e+26,-4.387620554321503e+26,-2.5698551762377e+26,1.3351402150598052e+26,1.1158747227084557e+26,3.608363953535831e+26,3.1382307054092835e+26,5.351993713170791e+26,-7.436076597787357e+25,-5.685382469298837e+26,-6.706575967902342e+25,5.423283203322843e+26,-1.8855835829262536e+26,2.274050342899959e+26,1.7951591211844326e+26,-2.2818332549580746e+25,1.9596892352959744e+26,3.09232964426691e+26,5.971205315634297e+25,1.716255322025768e+26,8.12508169918102e+26,1.0966124936745912e+27,2.1439256866318417e+25,2.668360591915285e+27,2.866035912255498e+27,-4.366331184017975e+26,5.910889749452755e+26,-1.3487583106957915e+25,1.0992974873698116e+27,1.5459690365777032e+26,3.890266092435508e+26,2.795770192183575e+27,-9.683595379794729e+25,-6.375186880969611e+26,2.3408892051059843e+27,3.0534712040198544e+26,-7.108793213443709e+25,2.0928394561989345e+27,1.906776544510402e+27,1.4184091524511986e+27,-1.8740835727837274e+27,1.5547992420364974e+26,-7.634405658602314e+26,3.9121145752900804e+26,-1.8935813089004996e+27,6.122435119861635e+26,-2.9539007343610584e+27,-3.351920705971106e+27,-2.3941151677860396e+26,1.8160933575509621e+27,-3.453046903538298e+25,1.8110145546615238e+27,3.795062465956655e+27,6.820003995193733e+27,7.421909846311232e+26,5.440149238576302e+27,3.734928726627343e+26,3.313421709820749e+27,2.2000268769072176e+26,-1.9710805373786306e+27,-5.231146321527345e+26,2.9702854132972277e+27,2.524118796000806e+27,3.7205320199115313e+27,-6.457708698671831e+26,4.0105566638093183e+27,7.169666111752005e+27,8.245205267170271e+27,4.6506537755524976e+27,3.037934791680875e+27,2.1476128903574133e+27,2.3957285809802593e+27,3.522635935502039e+27,4.870853831769305e+27
5.306446989252855e+26,-2.549508592466755e+27,1.6745187530540732e+26,-7.453380984600377e+25,9.979041714031532e+25,1.1536255172063479e+27,-2.1798644773724697e+26,-1.2156247891419936e+26,-5.732315778257524e+26,-4.398893832340393e+26,-1.9325606954123696e+26,-3.219286582545098e+26,-2.9643235708336627e+26,-2.790730406351024e+26,-8.445641774782161e+26,-1.8159663983465424e+26,1.5162336507967759e+26,-1.0887111096104036e+26,-3.002628246950697e+26,-3.652537716118432e+25,6.756743452391959e+26,3.2193761071008114e+26,6.624666766270886e+26,1.5105553219531118e+27,1.566937031177253e+27,7.43239414063013e+26,3.5097526869494994e+27,-3.94245266882632e+27,-1.2031838852860856e+27,-6.474452654627757e+26,-5.9003985897265824e+26,-8.194869355132403e+26,1.8207915716589214e+27,2.0279141557985934e+27,-5.657907984126983e+27,-3.610115224504217e+26,-9.669829029056954e+26,2.8021501500141484e+27,-1.523549641024161e+27,-1.6581374869845805e+26,-7.251432555090639e+26,-3.6518018144100272e+25,4.501257343464881e+25,-6.73621746660988e+25,-1.2531576467697706e+26,-2.5908253130363928e+26,-2.0703027129237803e+26,-1.4656177773467811e+26,-6.155506661170513e+25,-2.4346624609301675e+26,-2.769333157399499e+26,-2.301876685777819e+26,-1.572131090782344e+26,-1.802261351791879e+26,-8.401883023016562e+25,2.5825006983914623e+26,1.853736926710222e+26,1.0384485983172346e+26,1.4662150606364116e+26,1.0426590855873066e+27,4.01683201248969e+26,1.2593674915128386e+26,-2.365146952817726e+26,1.2793771859095884e+27,7.979951599671822e+26,1.409898958726567e+27,-6.407770752545049e+26,3.049712373697099e+26,-1.3383318383292992e+26,-1.5285601245951256e+26,-5.4401738863183125e+26,-1.9029641827135817e+26,-3.89713787425185e+26,-1.0604636404261463e+27,-2.4180870599607265e+26,-7.310712557849566e+26,3.371787227409814e+27,-2.8246116933436616e+26,-3.8247824529552384e+27,-9.208204127941996e+26,4.231344921426661e+27,-9.02395543902845e+26,-3.250451141215455e+27,-8.027937541162761e+26,-2.66912324043398e+27,-5.028590347043688e+26,-4.586598737202196e+27,-8.813559137884774e+26,-4.765718120752927e+27,1.7506042143509573e+27,3.1341926779296595e+27,-1.413875169768802e+26,-2.7229777529572903e+27,-4.296501585826797e+24,9.283384676074538e+27,7.998174264324687e+26,7.584918157146935e+27,3.734928726627343e+26,4.9091379777703093e+27,2.7695898655984272e+26,-3.770707633526613e+27,-2.30205176483423e+25,-5.034738600728685e+27,7.366520080514629e+26,5.458027631049155e+27,2.598629077577225e+27,-6.392091760206245e+27,-3.6025111597012646e+26,5.23308578199426e+27,6.192131148534218e+27,5.706644101241689e+27,3.5056689101976956e+27,2.4594406421491631e+27,2.9106763713217753e+27,3.8287563654098734e+27,4.568611323805777e+27
5.148057357777867e+26,-1.4972927506417857e+27,-8.57245871478437e+25,-1.0215391369182362e+26,-5.551617688340824e+25,4.147530768852709e+26,2.1253410177042992e+26,3.264516291871037e+26,6.2797602207578335e+25,6.842384061318644e+25,4.7211898651133925e+26,-1.461099213095409e+25,-2.237001538242807e+26,8.273648175626147e+24,5.575356986305839e+25,4.345099186312107e+25,-1.8122164269649513e+26,-5.634891425492773e+25,-3.823525662737272e+24,-5.324659993491665e+25,-2.5549373409796503e+26,-1.1570092101167779e+26,1.0864362088160763e+26,9.148718766528737e+25,2.1223045003041495e+26,-2.088468115399688e+26,3.109130229476105e+26,6.421045178579404e+26,4.26447049735292e+25,1.9051759997256904e+26,2.80620153078546e+26,8.656736689356594e+26,7.367015132223387e+26,1.1157077063167164e+27,-3.059942994097599e+26,9.296411354204294e+25,-6.537304511948849e+26,-2.472066065701137e+26,-6.439180460613653e+25,-4.9676527303519575e+26,-5.598356146423026e+26,-2.85795939970933e+26,-1.68358062035764e+26,-1.772433678882168e+26,-1.8490834894001937e+26,8.420233810781414e+25,1.6851588391573199e+25,1.325435752012648e+26,1.1290828828929833e+26,3.012162888693336e+26,1.4358944250181974e+25,-2.7622976889614328e+26,-1.3307776496609418e+25,2.48839277140158e+26,-5.273127530138537e+25,1.818167272073153e+26,1.5014141909825035e+26,3.601518277701448e+25,1.6161761198914468e+26,2.5021360928073025e+26,8.932256596990962e+25,1.2752496972860252e+26,5.256368275414068e+26,8.344495431673799e+26,7.752114895165751e+25,1.8376940043121545e+27,1.6141573899564998e+27,-7.733694978978911e+25,3.4044871433350194e+26,-1.0929863469727983e+26,4.907372826539049e+26,-3.959933270437244e+25,2.4123062376539346e+25,1.338576725545773e+27,1.8347926717477085e+25,-2.5764474438177404e+26,1.5826364071844203e+27,3.178945224405291e+25,-3.8438082500023123e+25,9.156638867902398e+26,1.0622928872063905e+27,5.0767221707910505e+26,-9.622369474258909e+26,-9.138209502439049e+24,-4.1999504770727854e+26,3.9175700503485605e+25,-1.0578008631152494e+27,8.823552990304608e+25,-1.71956292728027e+27,-1.3656764623787963e+27,-1.6375319932303978e+26,1.1902019734891313e+27,-3.7319976850823105e+25,1.219147300011733e+27,2.474655027683495e+27,4.081631508066081e+27,5.4787155182204566e+26,3.313421709820749e+27,2.7695898655984272e+26,2.1389521641531697e+27,1.1712007862591469e+26,-1.3250653007810008e+27,-4.067108913020587e+26,1.9939222773002161e+27,1.7466586469218648e+27,2.4939333158605434e+27,-4.863794232448945e+26,2.3345095521167433e+27,4.5281251434240046e+27,5.210772666651122e+27,3.1172871748698987e+27,2.0927407470554227e+27,1.5135013889081425e+27,1.6813044285324138e+27,2.388005649278891e+27,3.195346512599144e+27
-4.10291401816999e+26,1.835959404661859e+27,-1.0577375996706892e+26,4.927847740171992e+25,-3.7261769120754457e+25,-8.091380209405986e+26,3.787725045969521e+25,-5.429403274689527e+25,2.556500360997114e+26,2.0964940828566544e+26,1.6582245397572013e+25,8.051049851316694e+25,1.123824321802497e+26,7.0255311839314945e+25,4.248191509120357e+26,7.182436093799439e+24,-1.1126915211103044e+26,1.017893213720668e+25,1.1382581072307598e+26,1.3015023395027473e+26,-5.1869563369376004e+26,-1.832929869892904e+26,-3.803019530371962e+26,-1.0911791689746691e+27,-1.0268166509440687e+27,-5.4399162230597724e+26,-2.4896708223690933e+27,3.002315153305993e+27,6.371990083520609e+26,3.248555319639691e+26,4.246860106901778e+26,7.257915559476048e+26,-1.315785443595129e+27,-1.48365532297336e+27,4.132356485322741e+27,1.7847935470975567e+26,4.463907235318741e+26,-2.205266014336244e+27,9.243793104957509e+26,1.8372070215262435e+26,6.110427712475254e+26,7.5325272133065416e+25,1.1305955897351081e+24,8.850466178739025e+25,1.0603753396675587e+26,1.2218877549438957e+26,1.1648662722633624e+26,8.03724071123718e+25,2.83596836102475e+25,1.1584568356066289e+26,8.666217023715047e+25,6.165609295509475e+25,9.477557064579204e+25,1.1897151740847547e+26,4.030195327669103e+25,-1.4655344057859283e+26,-1.1335586171926315e+26,-7.397595954307651e+25,-8.092991379792581e+25,-7.170472582189678e+26,-2.715688121903642e+26,-4.4571557032981645e+25,3.1223409130296085e+26,-7.666607849034224e+26,-5.756453446867653e+26,-6.804894966689422e+26,7.780032679589469e+26,-2.522210960561986e+26,1.0403291253144167e+26,1.4665843095803733e+26,5.220249192793767e+26,1.539495554519203e+26,3.471496932039963e+26,1.0817218724088345e+27,1.597998085683971e+26,3.113800348151403e+26,-2.2310634021997585e+27,2.0875390774481914e+26,2.4980542439056705e+27,9.279879643565375e+26,-2.9269606114658017e+27,8.283040525377283e+26,1.9605060824901178e+27,5.3707744818423664e+26,1.640781179094347e+27,3.7539016892289166e+26,2.912046316014714e+27,6.987697920659514e+26,2.607361238034844e+27,-1.8078619994631933e+27,-2.5046844999266396e+27,2.8322446218900895e+26,2.211149077507526e+27,1.7776611013019562e+26,-6.832022238421709e+27,-8.005357056829044e+25,-5.653266819506434e+27,2.2000268769072176e+26,-3.770707633526613e+27,1.1712007862591469e+26,3.1065223398177805e+27,-1.318151327513264e+26,4.069098252918092e+27,-3.983171678998944e+26,-4.282620414563438e+27,-1.9077571438446442e+27,5.120576052172823e+27,5.619258470107914e+26,-3.5579689811427657e+27,-3.936260452124471e+27,-3.750049663780591e+27,-2.3513252009385925e+27,-1.742352844069413e+27,-2.14740111907815e+27,-2.8066520359381735e+27,-3.2812848286516007e+27
-3.963394572070326e+26,9.849861708996233e+26,1.125862573318613e+26,6.600871469461042e+24,1.6469188816779073e+26,-2.2772295681088646e+25,-2.4182541214412917e+26,-2.8865924764034753e+26,-1.7555223884285858e+26,-1.762398348937113e+26,-3.8264911226047416e+26,-1.0814797170878944e+26,6.690601094255132e+25,-9.179201791004327e+25,-2.039328610325758e+26,-1.0138794765963924e+26,4.704922943773726e+25,-3.1675118224150247e+25,-5.01416047755593e+25,8.274361358757984e+25,2.9017604922026846e+25,1.6109330043028345e+26,6.406353237945586e+25,8.997208742180331e+25,7.917640882960154e+25,2.1077780202988582e+26,7.080591706451941e+25,-6.317396124874827e+26,-2.570478966632974e+26,-2.4192514386114216e+26,-2.4242537586864774e+26,-5.6239615724289175e+26,-1.747485059215107e+26,-3.783600104335693e+26,-2.1185601407238803e+26,-8.818524919422143e+23,2.307513002355081e+26,-2.9316566134549754e+26,-2.4221172088119215e+26,5.300457799988364e+26,7.161598247651049e+26,3.317411101628581e+26,2.5144364090286638e+26,2.09414655547801e+26,1.9447713551910036e+26,-1.1699328011930965e+26,-4.579901233300139e+25,-1.2672410582313822e+26,-9.769473912568973e+25,-2.1073468957493542e+26,-1.1022547655057073e+26,1.271965139535136e+26,-4.889176354970776e+25,-2.158817378928325e+26,-5.797858583874684e+25,-1.420813650834311e+26,-9.4363548031213e+25,-4.414154162589884e+25,-8.786810221912952e+25,-2.8302313396686102e+26,-1.2423613683274861e+25,4.8087700833987997e+24,-2.4883730721377417e+26,-4.103796785763671e+26,-2.024765678876584e+25,-9.829931603815234e+26,-8.440013611939564e+26,-7.196856904058305e+25,-2.9891884103253186e+26,2.158128383414764e+26,-1.5962184463973486e+26,1.1494591162850063e+26,1.7251426037255323e+26,-4.9562785793356e+26,1.0405773009181951e+26,2.2383651141683753e+25,-1.1925701676416495e+27,4.751765215401571e+25,-5.178026032900031e+26,-2.089020402141861e+26,-1.48973750629252e+26,2.5942994432484726e+25,2.350580875258343e+26,1.1572252071202754e+26,-1.8279787007365174e+26,9.34273502329562e+25,8.307323078450374e+24,2.118796393334838e+26,-3.66648208511564e+25,-1.3202732478654541e+26,2.1875059137808327e+26,-7.799096243004593e+26,-3.546744316387514e+25,-8.114479685147662e+26,-1.4924739791026638e+27,-2.510783413907145e+27,-1.3185126748515722e+26,-1.9710805373786306e+27,-2.30205176483423e+25,-1.3250653007810008e+27,-1.318151327513264e+26,9.505834624407995e+26,2.3302463347741744e+26,-1.4477500587844608e+27,-1.2529010522871723e+27,-1.8577437574289865e+27,2.769508142838422e+26,-1.4481439303502296e+27,-2.9855265980346764e+27,-3.163073016289515e+27,-1.7673296774054286e+27,-1.20703211487966e+27,-9.733387037600194e+26,-1.1645664811308408e+27,-1.662237368025339e+27,-2.1915481747078986e+27
-9.671102281208275e+26,3.2523028215777634e+27,-2.7214453016809863e+26,-7.840044393424772e+25,-9.307676000587696e+25,-1.237995017284938e+27,-4.228903764179924e+25,-1.687419749275427e+26,3.311437326039938e+26,2.8907270190441036e+26,-9.556912253078429e+25,9.918906475838289e+25,1.770074538895364e+26,3.911333291135031e+25,5.143081906062104e+26,-7.102360011953471e+25,-1.2710089744725285e+26,-2.90135844014936e+25,9.724870861350474e+25,1.9120477802666984e+26,-7.03021905469126e+26,-1.7763093855477065e+26,-4.854991815773051e+26,-1.3794158175358526e+27,-1.3634655384532416e+27,-6.443088207695465e+26,-3.293936855982776e+27,3.744332796324203e+27,7.389355206600596e+26,3.6821746799669075e+26,4.957809924813923e+26,8.309216094952263e+26,-1.9415206174713718e+27,-2.2893183578694027e+27,5.626554384971545e+27,4.18612819703678e+26,7.380365376915854e+26,-3.1870690985274303e+27,1.2292094679119468e+27,6.0867061623905435e+26,1.2575036224492458e+27,3.2494771430279585e+26,2.2855544130253787e+26,2.5300623452402826e+26,2.1454226119231714e+26,1.3207790558656936e+26,1.227276363778085e+26,3.4675214719051445e+25,-2.759408177840792e+25,9.266210360599336e+25,1.0770532421223215e+26,1.437896351829338e+26,1.2105647666792886e+26,5.964517675326532e+25,3.3990143663148825e+25,-2.6639663318863483e+26,-1.8689832657061476e+26,-1.1555842084466084e+26,-1.3903003481506234e+26,-1.1344745612771957e+27,-3.867951634131838e+26,-4.5677281858021964e+25,3.3621404548210616e+26,-1.2506376222815963e+27,-8.196206752131887e+26,-1.365266067706399e+27,7.356658342461502e+26,-3.536581210743075e+26,1.9815065282699243e+25,2.9581172112492356e+26,6.597701042437082e+26,2.270147311477467e+26,5.0807169103607294e+26,1.2717694124264744e+27,3.54387161575056e+26,5.0615636514070185e+26,-3.610758554792078e+27,2.7092589445785836e+26,3.168950903454864e+27,1.182312332714863e+27,-4.1606076215314787e+27,1.1180359771243209e+27,3.01892120777642e+27,7.975006404833149e+26,2.236130019205409e+27,5.163818668361128e+26,4.0232882437149773e+27,1.0164318496095922e+27,3.294863073355429e+27,-2.514897439001669e+27,-3.201742069269483e+27,5.722482093615459e+25,2.9213292436640834e+27,-1.133182892138392e+26,-9.91818529647536e+27,-1.1714901088212031e+27,-7.665275730296316e+27,-5.231146321527345e+26,-5.034738600728685e+27,-4.067108913020587e+26,4.069098252918092e+27,2.3302463347741744e+26,5.555270166609134e+27,-1.1903221309627987e+27,-6.348097232615458e+27,-3.426852873212127e+27,7.092154765632216e+27,1.5658683041530548e+26,-6.130034688806045e+27,-6.701644284837002e+27,-5.849170869811658e+27,-3.730343453435117e+27,-2.8190719251106854e+27,-3.447959824142093e+27,-4.5475294771826764e+27,-5.41433480337698e+27
9.10989754557245e+26,-2.084384783574945e+27,-7.25309459728392e+25,1.2233248145760162e+26,-2.519965288107383e+26,1.1264290547949884e+26,4.32886213956661e+26,5.1063835333034146e+26,3.0275478787076428e+26,2.9214269157407666e+26,6.401414421215732e+26,1.817436396747547e+26,-1.1970844286552765e+26,1.8251096084579218e+26,3.53198661633039e+26,1.9214502276511284e+26,-5.242883897221125e+25,3.460547559794681e+25,8.49696821649042e+25,-1.47138273498216e+26,1.166893670569651e+26,-2.3794859303614067e+26,-1.990684941041132e+25,5.714050021935761e+25,7.0602368172797975e+25,-2.188346991130364e+26,3.453052229488514e+26,6.227334409872175e+26,4.3058144787430076e+26,4.136034253075339e+26,3.9801876933063406e+26,8.540119479348629e+26,3.878110457675716e+26,7.659364451566879e+26,-2.0459941279823303e+26,-1.6173675135807973e+26,-4.31466209357026e+26,1.0501487038255474e+27,3.7302815727946054e+26,-1.0855337979597572e+27,-1.4351096357595378e+27,-6.94010978824991e+26,-5.754246237728173e+26,-4.4331243396904044e+26,-3.256802768253344e+26,1.872995710009579e+26,1.0712556291209742e+26,2.5576494944504584e+26,2.1119327552049095e+26,3.345834249136694e+26,1.5889084464123798e+26,-2.2360250641519708e+26,5.736585374692737e+25,3.7692828763683925e+26,8.395879762237384e+25,2.5073361452819294e+26,1.428562248205957e+26,6.5193228461190145e+25,1.2225841287501462e+26,6.681625786877743e+26,6.885188206519778e+25,-5.0136969579429235e+25,2.4586701084751222e+26,7.774844991410217e+26,1.838245692497108e+26,1.5957507322236185e+27,1.0798529681696945e+27,1.0747973623383567e+26,4.7231767151103166e+26,-3.8311280350832885e+26,1.2663166824457629e+26,-1.568030477744885e+26,-2.8287099661659912e+26,5.4888814591765696e+26,-3.0050952813106376e+26,-1.1149652713203167e+26,2.38801663909024e+27,-4.06874083825101e+25,6.498065898965067e+26,1.2522268396646358e+26,5.3826273670337694e+26,-1.619218367116302e+26,-6.372101052926746e+26,-2.505553887451607e+26,2.2102494310559205e+26,-1.3674098235485038e+26,-2.1869013547622906e+26,-4.025422522502392e+26,4.0730341405501984e+25,6.629172865160291e+26,1.0331762046149174e+26,1.1171275734695885e+27,-4.087238582498053e+26,1.2035173481731218e+27,3.610435179992465e+27,3.9423301270699517e+27,1.1640039885724082e+27,2.9702854132972277e+27,7.366520080514629e+26,1.9939222773002161e+27,-3.983171678998944e+26,-1.4477500587844608e+27,-1.1903221309627987e+27,2.3998535190370474e+27,2.9270722640449597e+27,3.4356720755167534e+27,-1.3694924196838464e+27,2.1604258747624914e+27,5.459376234613471e+27,5.675230460569842e+27,3.4500278262636987e+27,2.3897034759746255e+27,1.9619844326137106e+27,2.370231608899472e+27,3.284098507670096e+27,4.197275604088442e+27
2.0202115544260466e+27,-5.226292814568341e+27,4.524081124730162e+26,4.405538303726447e+26,-1.5429036004634708e+23,1.304870860932211e+27,3.836472182444214e+26,5.3037170136448765e+26,-9.472270970043726e+25,-9.335769179456034e+25,5.1186470025160165e+26,2.032309340652974e+25,-2.627770229138825e+26,1.4143664224255968e+26,-1.891482008423455e+26,2.4896043861254436e+26,1.1001743585232982e+26,6.438142739533184e+25,-1.5322226160835927e+24,-2.698073744142022e+26,8.768770329984234e+26,4.427298043695377e+24,4.5444926804034544e+26,1.3454546635752794e+27,1.3815073899403735e+27,4.998679858613967e+26,3.451427189164865e+27,-3.1637905104729967e+27,-3.065107999221922e+26,-3.413576726493379e+25,-1.7219577268534224e+26,-2.6602129046683515e+26,2.0864856218320986e+27,2.724657917894087e+27,-5.672515750352573e+27,-8.540065610988151e+26,-1.0618715256863102e+27,4.2564907065495384e+27,-8.643217136698585e+26,-1.738313957324252e+27,-2.6814041542622484e+27,-1.0577698715336991e+27,-9.264496815267481e+26,-7.140315352412669e+26,-4.702319536123517e+26,-1.3753307208684764e+24,5.602562368184562e+24,2.2850804675390093e+26,2.5163185639437724e+26,1.078485078466528e+26,-3.2684629727461425e+25,-3.4401730215839295e+26,-8.32710909383718e+25,2.828476000087524e+26,3.059344452359512e+25,4.7590664974427996e+26,2.80928342715704e+26,1.4974027432289114e+26,2.0923900142669556e+26,1.7330870076670258e+27,4.368741396020068e+26,-3.3822637374162703e+25,-2.3811039655710323e+26,1.7848999350415302e+27,9.856753302920759e+26,2.4095585375748983e+27,-7.9944835881322e+25,4.051905961727277e+26,3.601559860814947e+26,-6.139737507489307e+26,-6.194930821096816e+26,-3.062169726933314e+26,-7.048114041708413e+26,-9.928400412479057e+26,-7.984866774537942e+26,-6.999415051922561e+26,5.552316632171563e+27,-2.4835351471547162e+26,-2.44992452146719e+27,-1.194426327251718e+27,4.3699008545979645e+27,-1.3049686072990995e+27,-3.6097395544004394e+27,-1.0663131675512758e+27,-1.908364862726824e+27,-5.838885407431792e+26,-3.891359859761107e+27,-1.3509965625217467e+27,-2.547623072350498e+27,3.278652309734393e+27,3.175813034823458e+27,6.905390112487026e+26,-3.1648945352575596e+27,9.305507168662511e+26,1.2491758682276645e+28,3.913224257200064e+27,8.398480059931739e+27,2.524118796000806e+27,5.458027631049155e+27,1.7466586469218648e+27,-4.282620414563438e+27,-1.2529010522871723e+27,-6.348097232615458e+27,2.9270722640449597e+27,8.470597252524894e+27,5.967243744594574e+27,-8.063273411748248e+27,1.3403148333882047e+27,1.0060304451610258e+28,1.068511657531619e+28,8.238975295214402e+27,5.37899383969214e+27,4.218414817528225e+27,5.166800439814368e+27,6.926414574501148e+27,8.450453540195716e+27
1.8491457524881605e+27,-4.1277108276565316e+27,1.5278630974311808e+26,4.364341025957869e+26,-2.9189632704214203e+26,4.0647042248759715e+26,6.445711847483107e+26,7.551304451075679e+26,3.827456294143954e+26,3.5510936523039354e+26,8.644647865785705e+26,2.344837357391085e+26,-2.0931381594378656e+26,2.896037008169465e+26,4.318941479577456e+26,3.0680849439807727e+26,8.599399598275419e+24,4.851503903017183e+25,1.0763049342779877e+26,-2.4142833466672807e+26,5.183032352376422e+26,-2.5499264408213776e+26,1.1400504713969622e+26,4.921923850874186e+26,4.9583362043706434e+26,-3.6840124516927776e+25,1.472801752745151e+27,-3.128435898170126e+26,5.004642802553876e+26,5.111456261969808e+26,4.283034818295612e+26,8.2990878606528e+26,8.793478482043007e+26,1.482678295191894e+27,-1.8776577278899886e+27,-6.237501656336136e+26,-7.712381376142595e+26,2.830914104975741e+27,3.0830563949050477e+26,-1.9928147105283945e+27,-2.7119166408558955e+27,-1.278345772865366e+27,-1.1255265167687293e+27,-8.33110973709188e+26,-5.263074009972124e+26,2.234017695791321e+26,1.7308307084890236e+26,4.290122287876582e+26,3.746838963412523e+26,3.834424912051972e+26,1.5667232239079513e+26,-3.782187662379496e+26,4.0594743114519545e+25,5.678025902823105e+26,1.0334936860263526e+26,4.34437526270107e+26,2.255023153817573e+26,9.883188089660067e+25,1.7060259622639754e+26,1.3754897289727372e+27,2.0371840083857517e+26,-1.1690983085417696e+26,6.85443142531727e+25,1.3256415528711258e+27,5.427975337013577e+26,2.2736175672642542e+27,9.438982470414484e+26,2.1463406681994053e+26,6.573826288343374e+26,-6.408521318636441e+26,-1.2338348465480155e+26,-2.372642358700722e+26,-5.316646261837472e+26,1.1222843639112978e+26,-7.42954138238017e+26,-3.8446612505793e+26,4.485260856236603e+27,-7.352040765445818e+25,1.878749028407635e+26,-3.7770700323542755e+26,1.6842626961000714e+27,-6.745660492949481e+26,-1.7172405006826937e+27,-6.622039499093272e+26,-9.726929776091349e+25,-3.0139210172700078e+26,-1.0907246823886618e+27,-9.018020001881546e+26,-1.3799608504360569e+26,2.1169991632141836e+27,1.187531501848537e+27,1.2933458314469385e+27,-1.5357096217597176e+27,1.4643748698913778e+27,7.91157514891384e+27,5.245145358496849e+27,3.9742773501036784e+27,3.7205320199115313e+27,2.598629077577225e+27,2.4939333158605434e+27,-1.9077571438446442e+27,-1.8577437574289865e+27,-3.426852873212127e+27,3.4356720755167534e+27,5.967243744594574e+27,5.623938367630883e+27,-4.14226959405826e+27,2.6024898740662856e+27,9.003022907641556e+27,9.278734330029521e+27,6.186532842935485e+27,4.1845403225297325e+27,3.4283564118445133e+27,4.2116839158864127e+27,5.755701333879801e+27,7.204684361133423e+27
-2.6847335489603734e+27,6.919682138589996e+27,-1.4514157374901196e+27,-8.295769398878444e+26,-9.142003276431251e+26,-2.833444665659252e+27,1.902092590492755e+26,8.764276873489383e+25,1.0397591636004289e+27,1.0857508179985694e+27,3.895063997541794e+26,4.056275598762718e+26,2.1713604437571705e+26,5.970278877435993e+25,1.2041256043637075e+27,-2.7075574777758555e+26,-2.2605374370783984e+26,-3.638967644543008e+26,-3.5829434178226163e+25,2.3697879233646436e+26,-8.871683847136972e+26,-3.1008629319746676e+26,-4.248569286082558e+26,-1.3921764176694783e+27,-1.6368567647997277e+27,-8.293830126146889e+26,-3.974125113563529e+27,5.931042398270122e+27,1.3571726588107465e+27,1.0454150941840185e+27,1.3340174188657607e+27,2.524592628546935e+27,-3.6509791042857425e+27,-4.2724356922270873e+27,9.754980160608999e+27,1.6271628457997722e+27,1.2175638623263142e+27,-4.6793555931534256e+27,2.7500568586292895e+27,1.5225132154960494e+27,2.687033916556463e+27,7.945145785422391e+26,7.916477978829341e+26,5.7395767435929854e+26,4.167816674838172e+26,4.233404662461825e+26,2.9127630073669467e+26,7.471195983919716e+25,-5.658367553694033e+25,5.237470135725253e+26,4.0600764615839654e+26,2.344956604706341e+26,2.7079037084609e+26,9.777152154891507e+25,1.2686929535818132e+26,-4.209086525821772e+26,-3.291706532115446e+26,-1.735663458469984e+26,-2.4751724549155317e+26,-1.453821487601433e+27,-5.614077537020433e+26,-1.5913934691463408e+26,3.391863205198101e+26,-1.6715905282812456e+27,-1.0376699450638726e+27,-1.8332083719463169e+27,8.900745481717133e+26,-4.7950244199784144e+26,2.94894723809039e+25,3.487022449205039e+26,8.225559191249819e+26,3.475218023822308e+26,7.842560603442118e+26,1.791814473519971e+27,1.08429485178464e+27,1.2532913167547457e+27,-5.252044338769163e+27,4.5319117451390056e+26,5.45607398096867e+27,1.5658130999082697e+27,-7.557257270650724e+27,1.7489605542254055e+27,6.425102815832695e+27,1.7590249658980706e+27,4.4433095551673693e+27,9.16336111476512e+26,7.123761704539432e+27,1.764470406852175e+27,3.763231242754442e+27,-3.314445007714343e+27,-3.970341141286403e+27,6.381678533075581e+25,3.4135909371529116e+27,-1.2444371411295739e+26,-1.4063432298115048e+28,-1.414282004826334e+27,-1.0835908839039305e+28,-6.457708698671831e+26,-6.392091760206245e+27,-4.863794232448945e+26,5.120576052172823e+27,2.769508142838422e+26,7.092154765632216e+27,-1.3694924196838464e+27,-8.063273411748248e+27,-4.14226959405826e+27,1.0557690324809537e+28,3.0868736149588567e+26,-8.014564062956038e+27,-9.066253317244874e+27,-7.703830800505311e+27,-4.456257589225217e+27,-3.208740102819269e+27,-4.009394272855205e+27,-5.495539347472636e+27,-6.77943287622776e+27
1.1592755480176017e+27,-2.2581237108718687e+27,8.540798893234766e+25,1.8337885073567597e+26,-4.126808928842501e+25,4.091397270894294e+26,4.6495503643114835e+26,6.300744353097387e+26,3.2025205394228805e+26,2.9204837395671228e+26,8.375515195385053e+26,6.079452829565764e+25,-3.042249427794633e+26,1.0173298785428796e+26,3.29208628698307e+26,1.0822623342001484e+26,-1.251187732899356e+26,-2.2537367302028393e+25,3.5759121099349134e+25,-1.4609049916315178e+26,-2.3393317977692432e+26,-2.9604761659008696e+26,-6.036426537405006e+25,-8.623537780928558e+25,-2.5008206195251943e+26,-4.4447640979264335e+26,-3.425494399671901e+26,1.4224361232400525e+27,3.625526500662657e+26,4.560897094055957e+26,4.935299181414643e+26,1.3340568658837175e+27,7.407603227232748e+26,1.3480306330877964e+27,6.684123356131955e+26,-2.9135121209504653e+25,-8.48456057987228e+26,-4.391439548938181e+26,3.258140860454259e+26,-1.1151612581482572e+27,-8.6596693136578e+26,-7.246979192659178e+26,-6.237040019923878e+26,-4.381859138565042e+26,-1.5629596235425043e+26,2.1062771938153207e+26,2.024207981858976e+26,4.046960628961775e+26,3.415204740747851e+26,5.7078397418116404e+26,5.198701564048245e+25,-3.8801364710465495e+26,-7.764659860694594e+24,5.457792624559413e+26,-1.073935919905089e+26,6.3482847696811514e+25,2.6666076635388806e+25,-7.175501128690872e+25,3.6819108848057594e+25,1.1009335005720886e+26,-1.2791043957676954e+26,-1.8515111057566575e+25,5.171009531385421e+26,3.50149564547246e+26,-1.908764927729501e+26,1.429798657521801e+27,2.2584060215707262e+27,-5.1159914597231936e+26,5.2375310190941605e+26,2.901699544509153e+25,1.0022114586821704e+27,2.5600722329572925e+26,5.1476697706979576e+26,2.484771972246095e+27,-8.691156730451918e+25,-2.9187973555106848e+26,1.1598373552221292e+27,4.240799587019642e+26,8.411959811550078e+26,1.882553757564334e+27,7.329058645149465e+26,1.4601571614111508e+27,-8.584542170050872e+26,4.332719782200941e+26,2.916285830476202e+25,5.728837906411131e+26,-5.319711350678726e+26,8.409494768189024e+26,-1.0305598087469677e+27,-2.869529685261657e+27,-5.346184214440285e+26,1.3196261620293186e+27,2.544651360649573e+26,1.2878590660993173e+27,1.6268347699666498e+27,5.183559371087603e+27,-5.746495275706463e+26,4.0105566638093183e+27,-3.6025111597012646e+26,2.3345095521167433e+27,5.619258470107914e+26,-1.4481439303502296e+27,1.5658683041530548e+26,2.1604258747624914e+27,1.3403148333882047e+27,2.6024898740662856e+27,3.0868736149588567e+26,3.2448707509651524e+27,4.8770022864083385e+27,5.255955902223757e+27,2.3631133517888704e+27,1.6158719669927034e+27,1.236623989350525e+27,1.440658449286199e+27,2.2227905161120845e+27,3.192266768373481e+27
3.679223839176618e+27,-8.51134256024295e+27,7.951263103187248e+26,9.056100498194136e+26,5.19240811204407e+25,1.824572601113088e+27,7.093142048443755e+26,9.36616304680493e+26,-4.495792948564079e+25,-1.8895614377641285e+25,1.102035229119084e+27,-1.5935041747035496e+26,-7.490440628471851e+26,1.118647336349537e+26,-1.404928852599476e+26,2.483880940564137e+26,3.131336770664636e+25,1.4423851783538223e+25,-8.287964912430584e+25,-2.8773561991485034e+26,7.867386903551924e+26,-1.853714282587762e+26,4.950762700207799e+26,1.2528171728111047e+27,1.3412031653797535e+27,1.2621554017381767e+26,3.374719321334382e+27,-2.002224864580624e+27,-2.572430998098155e+26,1.6189783529582213e+26,2.0697440710097824e+26,9.09037385343788e+26,2.86086978707234e+27,4.0757619628043594e+27,-5.667863148114086e+27,-1.4755787582585261e+27,-2.3944825204453641e+27,4.5197750371238053e+27,-8.663131825003061e+26,-3.2859424443860215e+27,-4.2438335270970696e+27,-2.0493592436608161e+27,-1.8610422199252266e+27,-1.3288847897842817e+27,-7.142851006158706e+26,1.2524188534181408e+26,2.16647717938738e+26,7.174080184725911e+26,6.581135061075437e+26,4.7799066127920466e+26,-2.118566812521107e+26,-1.0258087172815229e+27,-8.839927269829879e+25,9.409888671380789e+26,-7.619529000603538e+25,7.660082400296501e+26,4.031517953044978e+26,8.205941527051406e+25,3.30678283691373e+26,2.2368875595432757e+27,4.0768879917489e+26,4.967977300848793e+24,4.012751379164891e+26,2.51577545230735e+27,9.205561887572059e+26,4.4242846518496466e+27,2.373104364703195e+27,-4.31854188578525e+25,1.0073142999977807e+27,-7.285873052546807e+26,3.29347092204055e+26,-8.989181844407198e+25,-2.9762481065318482e+26,1.4259156598435792e+27,-1.30594038915773e+27,-1.56538975471809e+27,7.999483444897109e+27,1.413288393803627e+26,-2.1523299218874104e+27,5.7641248759858114e+26,5.598967519745738e+27,-7.57040852761559e+25,-5.614865696901909e+27,-1.0685113068426214e+27,-2.3955505383175362e+27,-1.4454512877760875e+26,-5.177602384835918e+27,-8.403936851940489e+26,-4.0893302392173797e+27,8.221799886630851e+26,2.5537916985392373e+27,2.2588431844731782e+27,-2.772154611325388e+27,2.4729573821968548e+27,1.5298170191778116e+28,9.837953260080355e+27,8.532389798235148e+27,7.169666111752005e+27,5.23308578199426e+27,4.5281251434240046e+27,-3.5579689811427657e+27,-2.9855265980346764e+27,-6.130034688806045e+27,5.459376234613471e+27,1.0060304451610258e+28,9.003022907641556e+27,-8.014564062956038e+27,4.8770022864083385e+27,1.6068775207481586e+28,1.7544821963555128e+28,1.1812910407989343e+28,7.540354777413014e+27,5.721676313807235e+27,6.880521613676092e+27,9.604918410204993e+27,1.2340093233126687e+28
3.734764652846393e+27,-9.27644006833369e+27,9.105848836089347e+26,8.245283838706318e+26,2.1528759412543665e+26,2.3084384628570227e+27,2.3118754972958488e+26,4.72457508659273e+26,-5.935229670348945e+26,-4.5516597475751984e+26,5.2747885975177366e+26,-5.831078220289731e+26,-9.59337729251767e+26,-2.6295771492843296e+26,-8.10110648151563e+26,-6.761707518365492e+25,-9.939088679994393e+25,-1.8489750026258915e+26,-3.212512670798583e+26,-6.959649327658229e+25,6.0382814846021714e+26,1.3930489989172845e+26,9.190648065385486e+26,1.686969712025988e+27,2.1842961122135115e+27,4.4103726322224647e+26,4.576018212480733e+27,-3.1150974539503493e+27,-1.1328039071550107e+27,-3.6337692247662175e+26,-7.367980044754985e+25,6.540735165620154e+26,3.507061398618663e+27,4.72844175292122e+27,-7.737535552249602e+27,-1.7797011478101443e+27,-3.0114848944152285e+27,4.3359019892358965e+27,-1.8353423907357414e+27,-3.183613604161771e+27,-4.393850136025482e+27,-1.9458630635255213e+27,-1.6931049598869874e+27,-1.3181949570288677e+27,-8.359541203240502e+26,-2.61611996633321e+26,-6.9942676844798345e+25,5.286933778372811e+26,5.558613907702024e+26,3.3152042468144527e+25,-6.075126939089775e+26,-1.2381625036684243e+27,-2.9231869210668655e+26,7.817672100199938e+26,-2.9167620859649496e+26,9.288989580862187e+26,6.029270403606335e+26,1.3498781042825837e+26,5.247130056901804e+26,2.3456398877178768e+27,6.730081524583043e+26,3.267528754985707e+26,7.482789702277517e+26,3.3766548171402696e+27,1.1928182814191261e+27,5.721120770186983e+27,2.9758501939526895e+27,-2.6848555378082094e+25,9.247877851956815e+26,-5.6283006297404736e+26,5.439772770753092e+26,-1.8904792792722493e+26,-3.945281789819824e+26,1.794943155059622e+27,-1.5112678869270142e+27,-2.350629815801947e+27,9.208153694878007e+27,-5.981092634920715e+25,-4.193979762535543e+27,9.981276353472496e+26,7.421356243932436e+27,-1.0270294801247802e+26,-7.381821903800445e+27,-1.7914779194651269e+27,-3.9570274280802305e+27,-4.78871788726595e+26,-7.57806340855815e+27,-1.2071852348565329e+27,-7.466410444433616e+27,-3.790957466560294e+26,3.023255257952359e+27,2.543848201289054e+27,-3.0498913267556546e+27,2.745257207641488e+27,1.7610234437841725e+28,1.086213618258134e+28,1.0483137522854472e+28,8.245205267170271e+27,6.192131148534218e+27,5.210772666651122e+27,-3.936260452124471e+27,-3.163073016289515e+27,-6.701644284837002e+27,5.675230460569842e+27,1.068511657531619e+28,9.278734330029521e+27,-9.066253317244874e+27,5.255955902223757e+27,1.7544821963555128e+28,2.020877352539408e+28,1.4233163770141025e+28,8.792082205688629e+27,6.271143150217832e+27,7.323025175735269e+27,1.0238176508879018e+28,1.3248538710925464e+28
1.8919481531247468e+27,-5.632404675392993e+27,4.312008762083374e+26,2.8447923163986747e+26,7.5673900836033076e+25,1.5047383707763268e+27,-2.644417977945513e+26,-1.286631482528208e+26,-7.428272715848452e+26,-5.517508125726464e+26,-2.2277688589000038e+26,-6.32674163800084e+26,-6.738635027734687e+26,-4.485191095054869e+26,-9.720145280201255e+26,-3.242857372210496e+26,-1.5318224814923821e+26,-3.68015332067194e+26,-3.918126716657908e+26,1.876640487666397e+26,4.9744593128544956e+26,4.8388029480600996e+26,1.0945620198224291e+27,1.7176654915777894e+27,2.482465869372333e+27,8.500161062387287e+26,4.6344196622613766e+27,-3.554255820158015e+27,-1.3611860490325813e+27,-6.240126436628523e+26,-2.8437265644906074e+26,-6.326708697955096e+25,2.3411617618794246e+27,2.904929873010908e+27,-6.957723588090669e+27,-1.2121167953832252e+27,-2.0605992548149315e+27,3.447044904845241e+27,-1.7811572482036165e+27,-1.601738420186389e+27,-2.8310975570645983e+27,-9.377953554455557e+26,-7.172521593164339e+26,-6.984925894749457e+26,-6.391816488871449e+26,-4.827278090767914e+26,-3.20293873504407e+26,4.188866811229068e+25,1.5196340925311345e+26,-4.201561370493155e+26,-6.411155572568051e+26,-8.107658519265552e+26,-3.293297943426109e+26,1.6854965350125782e+26,-2.6408141861232912e+26,7.856646053364933e+26,5.790279961400869e+26,2.0603083026692394e+26,5.0801636099312826e+26,1.9071233246976065e+27,7.987962691382792e+26,4.423094440936018e+26,4.2502418759991694e+26,3.063043446506351e+27,1.3086733137038989e+27,4.4863434113740735e+27,1.2071408700582954e+27,3.715815373632814e+26,3.615726461712697e+26,-4.115379316494725e+26,-1.4958722930132494e+26,-4.194269053086122e+26,-7.748696057127645e+26,-5.5388404196317495e+25,-1.0540834968408297e+27,-1.908972993952979e+27,7.241853148863741e+27,-4.670644830757711e+26,-4.419264781431106e+27,-2.937805158752729e+26,5.714728584207201e+27,-1.1146688105287537e+27,-5.461508108530989e+27,-1.953758971212415e+27,-3.448961179656431e+27,-9.54144941126353e+26,-6.265319228636109e+27,-1.7158976904521637e+27,-7.051474506281717e+27,1.0484277608157595e+27,3.0033123104618524e+27,1.371388764355752e+27,-2.863606955405925e+27,1.5701344889233978e+27,1.3970584688200103e+28,5.973617580249138e+27,9.480629799510567e+27,4.6506537755524976e+27,5.706644101241689e+27,3.1172871748698987e+27,-3.750049663780591e+27,-1.7673296774054286e+27,-5.849170869811658e+27,3.4500278262636987e+27,8.238975295214402e+27,6.186532842935485e+27,-7.703830800505311e+27,2.3631133517888704e+27,1.1812910407989343e+28,1.4233163770141025e+28,1.1305985949630262e+28,6.930914747854651e+27,4.7832245352478647e+27,5.457618921437701e+27,7.388331320040947e+27,9.273648018577028e+27
8.669274555380772e+26,-2.837357862409715e+27,1.3581630432032831e+26,9.87482909932227e+24,5.472708293158761e+25,9.605193796196822e+26,2.8516019130908375e+25,1.5094625112372176e+26,-2.7808299896397873e+26,-2.2456595097925017e+26,1.9707497430862832e+26,-2.479219551290585e+26,-3.773630250603993e+26,-1.3864279560250146e+26,-3.764060832441636e+26,-8.308802729553547e+25,-1.6439566034114033e+26,-2.4561142657547304e+26,-1.7398700867719198e+26,4.472935563015482e+25,2.2109235037494106e+26,1.8594790196478903e+26,7.028874279416591e+26,1.1403286089257334e+27,1.512645302673382e+27,4.29300013609801e+26,2.8375628727751395e+27,-1.6623516005347284e+27,-5.8161580732914164e+26,-1.4446189856033512e+26,5.685003226206992e+25,4.3671808450472917e+26,1.522032253092728e+27,1.9561807073925942e+27,-3.619457886516654e+27,-3.228961972949184e+26,-1.1526207537850095e+27,1.677032960828613e+27,-8.495991651111223e+26,-6.120271484651603e+26,-1.0516578255248777e+27,-3.3008476857973645e+26,-2.3011897487777723e+26,-2.1826319472562456e+26,-2.227969396891509e+26,-1.2293030589292638e+26,-9.872244807501166e+25,1.9918183672401638e+25,6.9448069805465994e+25,6.005732431372924e+25,-2.204833021704465e+26,-4.0283831700070924e+26,-1.3553166075869058e+26,7.130349327396502e+25,-9.616515980277944e+25,4.057678670155288e+26,2.8106732253754488e+26,1.2129819300908394e+26,2.6503258408260543e+26,1.1108633923195894e+27,4.6316549049529544e+26,2.0956846346028875e+26,2.5088872497128922e+26,1.9038945308421147e+27,8.110758210140261e+26,2.839363622754363e+27,7.413099266846122e+26,2.0966690356791314e+26,1.7640630851530016e+26,-2.7306509718339032e+26,-1.2685301069845761e+26,-1.7360898310009443e+26,-2.9843040526773602e+26,1.3538070053055716e+26,-2.4163153223198563e+26,-7.75139152126902e+26,3.971338886983703e+27,-1.7581471150484684e+26,-2.2211924084854489e+27,-1.1037534500915606e+26,3.2225817350124523e+27,-3.6271633704472374e+26,-2.753299678717677e+27,-5.947307397791151e+26,-1.7780132187817152e+27,-3.375575052790566e+26,-3.4032605931560186e+27,-6.178025781944197e+26,-4.323557636612107e+27,3.835805147736738e+26,1.8365125860866487e+27,9.295589752754343e+26,-1.9014043761703523e+27,1.1022882477029959e+27,8.241096972978332e+27,3.939547177938518e+27,5.370343626950214e+27,3.037934791680875e+27,3.5056689101976956e+27,2.0927407470554227e+27,-2.3513252009385925e+27,-1.20703211487966e+27,-3.730343453435117e+27,2.3897034759746255e+27,5.37899383969214e+27,4.1845403225297325e+27,-4.456257589225217e+27,1.6158719669927034e+27,7.540354777413014e+27,8.792082205688629e+27,6.930914747854651e+27,4.595222073148714e+27,3.337399690091591e+27,3.7743357373530347e+27,4.966869498450174e+27,6.084202513776747e+27
7.233122692023491e+26,-2.0710227813836276e+27,8.018380929347827e+25,6.403778750993276e+25,-2.1702739651179302e+25,5.83059464527751e+26,2.050164708011258e+26,2.9040422066821926e+26,-1.3813348480870778e+25,-1.6940067776094192e+25,3.6000552267815694e+26,-2.1269119705955674e+25,-1.9328830356020267e+26,5.006287298163835e+25,-3.3057401773989105e+25,7.846835391494537e+25,-8.352827947368838e+25,-1.0579503080296555e+26,-3.8267484616985025e+25,-6.058842752361034e+25,2.470512059269443e+26,-2.5485236239877033e+24,3.9303297267406004e+26,7.432914098173503e+26,8.858498066478326e+26,2.0004463833764468e+26,1.818726821141771e+27,-8.405168783909972e+26,-1.0653391910114312e+26,1.022542552330231e+26,1.8343832679556923e+26,5.011290887448441e+26,9.70917142766786e+26,1.3298110772868156e+27,-2.1132354399185088e+27,-1.857691690695651e+26,-6.559717982242678e+26,1.4493078235441375e+27,-2.9898721732533525e+26,-5.817687477126726e+26,-8.597806222916585e+26,-3.3989657222092734e+26,-2.846835636096329e+26,-2.0405807360562666e+26,-1.5073147874183076e+26,4.0111944173439035e+25,2.0629135627560195e+25,8.75503486717147e+25,9.693390369596779e+25,1.9377436325571495e+26,-1.3280806105171694e+25,-2.1922860570585012e+26,-3.163225714703131e+25,1.2206814078808751e+26,1.4283824662545086e+25,2.6605392117741807e+26,1.5341942029836997e+26,8.317765274337244e+25,1.4056214367555647e+26,8.69592522960043e+26,2.7179566055308883e+26,3.6826058116951354e+25,7.59076483907359e+25,1.2364348102051948e+27,5.556314686019148e+26,1.859854663143989e+27,3.950252325795565e+26,1.7679445328060347e+26,1.8440475498751224e+26,-3.0011523564247482e+26,-1.9008653613239674e+26,-1.1466894006471488e+26,-2.2457829448133293e+26,-3.0977070885417037e+25,-1.578364698772298e+26,-3.116624678977331e+26,2.7991707538867705e+27,-7.811074487004958e+25,-9.644693232936221e+26,-2.6568441216017563e+26,1.8999754447932936e+27,-3.095831159851181e+26,-1.551697767283362e+27,-2.4660990443487036e+26,-8.102526537630983e+26,-1.6802559278565528e+26,-1.7916656081964325e+27,-3.9793388752967124e+26,-2.095407534228303e+27,8.438213924312516e+26,1.2763689551882347e+27,6.904244006156094e+26,-1.4341545520223096e+27,8.451791587055147e+26,5.861052618585449e+27,2.92679526881799e+27,3.578471253909908e+27,2.1476128903574133e+27,2.4594406421491631e+27,1.5135013889081425e+27,-1.742352844069413e+27,-9.733387037600194e+26,-2.8190719251106854e+27,1.9619844326137106e+27,4.218414817528225e+27,3.4283564118445133e+27,-3.208740102819269e+27,1.236623989350525e+27,5.721676313807235e+27,6.271143150217832e+27,4.7832245352478647e+27,3.337399690091591e+27,2.5879553344958865e+27,2.9971779887196973e+27,3.9140649630738873e+27,4.7339013958068673e+27
1.0493932389938029e+27,-2.747622666373144e+27,1.0429659780427138e+26,1.683825264187416e+26,-1.048903710662408e+26,5.780892521698578e+26,3.318340957545112e+26,4.2482893596118616e+26,8.233714451898144e+25,7.633003658492364e+25,4.986179297253247e+26,5.635132793626967e+25,-1.9067630809869167e+26,1.2247723523207348e+26,6.974386403808215e+25,1.520117959622035e+26,-2.833724639406015e+25,-5.478802412937572e+25,-4.931567144946573e+24,-1.3047497440659026e+26,4.1531804706418544e+26,-6.518551531693393e+25,3.449326427088174e+26,7.873496132333442e+26,8.662028718172942e+26,1.9215013589052722e+26,1.9750642705797428e+27,-1.0076224297462638e+27,2.071567114974583e+25,1.922137092753214e+26,2.1409772888665637e+26,5.0782016560912275e+26,1.0261287655549129e+27,1.4520563037166504e+27,-2.4200426399287028e+27,-3.251077641988095e+26,-6.894311937524218e+26,2.1504561053258055e+27,-1.911011928873531e+26,-9.710055750499693e+26,-1.4140644982405413e+27,-5.968825762738543e+26,-5.177332183574236e+26,-3.766161676488863e+26,-2.512326724753928e+26,9.03202552151641e+25,6.207723904018965e+25,1.7329473764605042e+26,1.678681159030907e+26,2.3729503611001873e+26,4.026719255611699e+25,-2.4974524464438878e+26,-8.627517934794277e+24,2.2583361839313135e+26,5.561024855115954e+25,3.234060801939936e+26,1.735894559311198e+26,9.59383205599109e+25,1.446151156654467e+26,1.1065657925892321e+27,2.7396898684285116e+26,-2.4763122911413486e+25,-1.4838828872456913e+24,1.3048912765875094e+27,6.171845985730049e+26,1.9574739442011517e+27,3.475970680943821e+26,2.360068192471882e+26,2.9391861092692045e+26,-4.31272223153227e+26,-2.8556121321341124e+26,-1.6688815922162196e+26,-3.584173511510294e+26,-2.2227635035703938e+26,-3.332550287391804e+26,-3.24282520304836e+26,3.466032069729159e+27,-1.0038323572302996e+26,-8.435235612873969e+26,-5.005405062296575e+26,2.0454373286871294e+27,-5.537518848076751e+26,-1.716311811166423e+27,-3.96381550128034e+26,-7.15706007416491e+26,-2.44956408937418e+26,-1.786736686803749e+27,-6.255860048976986e+26,-1.6522961473985745e+27,1.6029057591404366e+27,1.5340212227105715e+27,7.776007287676434e+26,-1.7215016479465e+27,9.555184992470105e+26,7.091693060555467e+27,3.393595180617655e+27,4.273958784541555e+27,2.3957285809802593e+27,2.9106763713217753e+27,1.6813044285324138e+27,-2.14740111907815e+27,-1.1645664811308408e+27,-3.447959824142093e+27,2.370231608899472e+27,5.166800439814368e+27,4.2116839158864127e+27,-4.009394272855205e+27,1.440658449286199e+27,6.880521613676092e+27,7.323025175735269e+27,5.457618921437701e+27,3.7743357373530347e+27,2.9971779887196973e+27,3.5609175321980285e+27,4.7018277880307595e+27,5.712212149486388e+27
1.6913876766850813e+27,-4.253157081217201e+27,2.0928654599561497e+26,3.1900282540043836e+26,-1.4270905181920367e+26,8.428038331055793e+26,4.747102979877454e+26,6.0605689177664545e+26,1.0025014967206304e+26,1.0663420080435508e+26,7.068247895389532e+26,5.577418743310558e+25,-3.0757588948207737e+26,1.5078589993234124e+26,6.399720666491528e+25,2.0369240305764864e+26,8.575263213497455e+24,-2.5733570578468504e+25,-1.1639491784289548e+25,-1.9968983153325338e+26,5.989277953523778e+26,-1.0898215448447032e+26,3.839558801001709e+26,9.706436839863699e+26,1.032001071049808e+27,2.0657303433413812e+26,2.500179168949537e+27,-1.4270120170437237e+27,3.826566721749547e+23,2.2449597753409334e+26,2.202461600323104e+26,5.868437890657909e+26,1.4768481938544756e+27,2.0954780423672164e+27,-3.416993395261781e+27,-5.831009414748435e+26,-1.0643841892553987e+27,3.0967700939450195e+27,-3.049023421975085e+26,-1.5941934249152268e+27,-2.263830247932062e+27,-9.888263412268535e+26,-8.630382473005021e+26,-6.374357048079227e+26,-4.068278880699495e+26,1.2374448964752015e+26,1.0105080024953935e+26,3.0688043127631917e+26,2.8644817095156926e+26,3.14831588836257e+26,2.541193454546151e+25,-4.204236046579856e+26,-1.152681227790129e+25,4.0393934741571476e+26,5.949149495693624e+25,4.6071449961340024e+26,2.4465126748287375e+26,1.1321508859624233e+26,1.9749136939864195e+26,1.5141682225861483e+27,3.282201212568919e+26,-4.248236056475487e+25,3.559544401162273e+25,1.671936775126204e+27,7.574444424208654e+26,2.610625380075324e+27,6.905206981858198e+26,2.5676511096610247e+26,4.888208537356923e+26,-5.847781787506797e+26,-2.6219810502352998e+26,-2.1199165085092774e+26,-4.70549849007719e+26,-8.777928952072107e+25,-5.917272158697921e+26,-5.700960165060819e+26,4.890072043124711e+27,-1.0194727603938688e+26,-1.1635179683908436e+27,-5.018868648434785e+26,2.9536086908777893e+27,-6.779317267690669e+26,-2.6293462162587713e+27,-6.396298590071491e+26,-1.0718300574083966e+27,-3.167646474500609e+26,-2.600097738021075e+27,-8.649971925391818e+26,-2.11416307863586e+27,2.0235259614277614e+27,2.0031633737666372e+27,1.1368712408300123e+27,-2.2068904169473653e+27,1.3457537419186337e+27,9.784376955037059e+27,4.982291622005358e+27,5.804907419970145e+27,3.522635935502039e+27,3.8287563654098734e+27,2.388005649278891e+27,-2.8066520359381735e+27,-1.662237368025339e+27,-4.5475294771826764e+27,3.284098507670096e+27,6.926414574501148e+27,5.755701333879801e+27,-5.495539347472636e+27,2.2227905161120845e+27,9.604918410204993e+27,1.0238176508879018e+28,7.388331320040947e+27,4.966869498450174e+27,3.9140649630738873e+27,4.7018277880307595e+27,6.323646696499318e+27,7.810723600409578e+27
2.4694408957310084e+27,-5.972654769379317e+27,4.050711823874598e+26,5.339104485005136e+26,-1.0878137375251564e+26,1.2039509067567793e+27,5.966536743379238e+26,7.673075588454861e+26,7.09190850464562e+25,8.704097735899787e+25,8.949351228131681e+26,4.5554107429191795e+24,-4.64663788573554e+26,1.5579419179259464e+26,9.955428506578475e+24,2.410672336259635e+26,3.634371379550215e+25,4.213576789537176e+24,-2.8348743062140433e+25,-2.5386714629062385e+26,7.334933847218744e+26,-1.4808637397312711e+26,4.192888653725766e+26,1.1102802581078957e+27,1.166915729311731e+27,1.9226889646148726e+26,2.92772681860652e+27,-1.7689300836623514e+27,-6.998577140174465e+25,2.1876865819360962e+26,2.0838228919211187e+26,6.730652471300808e+26,2.016120365201762e+27,2.863313229865674e+27,-4.4200842033057223e+27,-9.210938138897102e+26,-1.5487528696058295e+27,3.8847444248697116e+27,-4.9674316027612987e+26,-2.289471700506698e+27,-3.135293576229008e+27,-1.4245101995365983e+27,-1.2633298679258775e+27,-9.241126150767672e+26,-5.526720647513707e+26,1.4080308408278092e+26,1.4756858654613556e+26,4.670706488319827e+26,4.2984170811195216e+26,3.8790863084623606e+26,-3.7375735282568664e+25,-6.414491877358385e+26,-2.9831786740091147e+25,6.144249045019982e+26,3.0421509610947223e+25,5.943201538771093e+26,3.1263222937092115e+26,1.1266716881106123e+26,2.5053843697934687e+26,1.870008592582832e+27,3.679429776506721e+26,-4.276849913056555e+25,1.3317298021736546e+26,2.022122254822378e+27,8.547537689464839e+26,3.310086609427811e+27,1.2338314941281464e+27,1.9443857281424027e+26,7.014440554752322e+26,-6.887980821182812e+26,-1.1285102508338519e+26,-2.0394194196724368e+26,-4.827566363030863e+26,3.219762842545974e+26,-8.848045915583969e+26,-9.184729366291136e+26,6.267180334931481e+27,-4.489442768094425e+25,-1.544918998467656e+27,-2.540000980268414e+26,4.0026712109011385e+27,-5.9856530202523485e+26,-3.7671343596737426e+27,-8.565925558040169e+26,-1.5542979244652023e+27,-3.098355139738768e+26,-3.5844746338631536e+27,-9.730247296199574e+26,-2.7483106053169744e+27,1.952413991699921e+27,2.3434345890049314e+27,1.5559208648685418e+27,-2.553380613132032e+27,1.7785288045154824e+27,1.2303668197400571e+28,6.824449831032815e+27,7.144844741939158e+27,4.870853831769305e+27,4.568611323805777e+27,3.195346512599144e+27,-3.2812848286516007e+27,-2.1915481747078986e+27,-5.41433480337698e+27,4.197275604088442e+27,8.450453540195716e+27,7.204684361133423e+27,-6.77943287622776e+27,3.192266768373481e+27,1.2340093233126687e+28,1.3248538710925464e+28,9.273648018577028e+27,6.084202513776747e+27,4.7339013958068673e+27,5.712212149486388e+27,7.810723600409578e+27,9.807829228677151e+27
